cluster	rank	gene	avg_log_normalized_expression_in	avg_log_normalized_expression_out	avg_log_expression_difference	pct_expressing_in	pct_expressing_out	cluster_cell_count	technical_gene
0	1	CXCL8	5.29502199820081	1.7827843611186	3.51223763708221	0.975053137934892	0.624872749585129	17878	FALSE
0	2	S100A9	4.7666567570212	1.29611179301655	3.47054496400465	0.971752992504755	0.494735667768342	17878	FALSE
0	3	G0S2	3.65152392798485	0.824598912908784	2.82692501507606	0.916097997538875	0.362297619545664	17878	FALSE
0	4	S100A8	3.67076087862319	0.853210353285965	2.81755052533723	0.937353171495693	0.376605447015019	17878	FALSE
0	5	HCAR2	3.46582486826477	0.707624330657148	2.75820053760762	0.868217921467726	0.317393911503438	17878	FALSE
0	6	IFITM2	4.2226637065838	1.48874288445114	2.73392082213265	0.977402394003804	0.700930148238018	17878	FALSE
0	7	HCAR3	3.27616315951393	0.635292850612006	2.64087030890192	0.840530260655554	0.290953715712114	17878	FALSE
0	8	NAMPT	3.78378079599506	1.22283385094685	2.56094694504821	0.974325987246896	0.582646529724302	17878	FALSE
0	9	FCGR3B	2.91790794728415	0.429218129775182	2.48868981750897	0.839411567289406	0.226010682062224	17878	FALSE
0	10	SOD2	3.85008644759941	1.37219281553086	2.47789363206854	0.968340977738002	0.61678450403715	17878	FALSE
0	11	CSF3R	2.96253828286914	0.558331783607	2.40420649926214	0.914140284148115	0.298832782495921	17878	FALSE
0	12	BCL2A1	3.06627298626073	0.827524909411388	2.23874807684934	0.8891374874147	0.388096333793527	17878	FALSE
0	13	PLEK	3.11102289498707	0.888719264023405	2.22230363096366	0.842711712719544	0.406671408051988	17878	FALSE
0	14	FTH1	5.49349510616004	3.37043202128212	2.12306308487792	0.998210090614163	0.938710622097645	17878	FALSE
0	15	SAT1	4.33961894915464	2.21870490934477	2.12091403980988	0.980422866092404	0.81437476467389	17878	FALSE
0	16	NAMPTP1	2.79413494001478	0.768859742871325	2.02527519714345	0.944848417048887	0.477555118604359	17878	FALSE
0	17	IL1B	3.00108380587362	0.996440562417964	2.00464324345566	0.775925718760488	0.415289573135869	17878	FALSE
0	18	SRGN	4.38556675409881	2.44987224453607	1.93569450956275	0.982716187493008	0.833884170745653	17878	FALSE
0	19	LITAF	3.03964772921345	1.11721825186659	1.92242947734686	0.889529030092852	0.552022758649542	17878	FALSE
0	20	PLAUR	2.81981618928889	0.948888407649801	1.87092778163909	0.867714509452959	0.465450640784281	17878	FALSE
0	21	FPR1	2.1556467808588	0.366635930122167	1.78901085073663	0.762053921020248	0.219400633114393	17878	FALSE
0	22	MNDA	1.94116496361228	0.324254656386612	1.61691030722567	0.684025058731402	0.202987072752374	17878	FALSE
0	23	SLC25A37	2.04013230126286	0.487801768942159	1.5523305323207	0.766249021143305	0.347864284817805	17878	FALSE
0	24	CXCR2	1.75511287548947	0.212742037747103	1.54237083774237	0.650687996420181	0.144403073533308	17878	FALSE
0	25	IFITM3	2.6489610720128	1.1134370540549	1.5355240179579	0.909497706678599	0.597986305763572	17878	FALSE
0	26	IL1RN	2.30563146614371	0.790688259785327	1.51494320635838	0.674404295782526	0.335132270705211	17878	FALSE
0	27	FCGR2A	2.02310373988702	0.535672467191224	1.4874312726958	0.75226535406645	0.299432428286547	17878	FALSE
0	28	RGS2	2.35629624191907	0.932745216437934	1.42355102548114	0.726311667971809	0.498110418496981	17878	FALSE
0	29	H3-3A	3.48336641545796	2.07251332975878	1.41085308569918	0.933605548719096	0.837412319234685	17878	FALSE
0	30	LCP2	2.04539989059445	0.66594648954245	1.379453401052	0.747399037923705	0.364598585951554	17878	FALSE
0	31	AQP9	1.74850737877736	0.372421917770334	1.37608546100702	0.68016556661819	0.206822016762192	17878	FALSE
0	32	OSM	1.64681365975768	0.318151998186484	1.3286616615712	0.587034343886341	0.183686845444784	17878	FALSE
0	33	S100A11	2.50011448910359	1.18283220558989	1.3172822835137	0.835719879181117	0.577472841623785	17878	FALSE
0	34	MXD1	1.77167826936279	0.483813788190512	1.28786448117228	0.703825931312227	0.337516908616771	17878	FALSE
0	35	GLUL	2.15475257734781	0.878051084872749	1.27670149247506	0.78778386844166	0.503758245129621	17878	FALSE
0	36	TYROBP	1.97859982278132	0.707024505540219	1.27157531724111	0.768877950553753	0.384289280285599	17878	FALSE
0	37	PPIF	1.95730180140279	0.710795024670706	1.24650677673208	0.669034567625014	0.381514175347585	17878	FALSE
0	38	FFAR2	1.51226417613148	0.269198091415142	1.24306608471633	0.572882872804564	0.161374443933119	17878	FALSE
0	39	FTL	4.01325675620808	2.77868300447239	1.23457375173569	0.968285043069695	0.901797542846784	17878	FALSE
0	40	SOCS3	2.12177898674634	0.899507220103364	1.22227176664297	0.65180668978633	0.479451672732851	17878	FALSE
0	41	RNF149	1.78712856166311	0.575026079717193	1.21210248194591	0.751314464705224	0.42984841512223	17878	FALSE
0	42	TREM1	1.47480635038629	0.29195603272141	1.18285031766488	0.618917104821568	0.181079083518108	17878	FALSE
0	43	IVNS1ABP	1.79594159216102	0.637512074500624	1.1584295176604	0.701308871238394	0.402181037247765	17878	FALSE
0	44	FAM157A	1.40187652651001	0.261108758152725	1.14076776835729	0.674068687772682	0.217601695742515	17878	FALSE
0	45	SERPINA1	1.58946045526638	0.475598036633547	1.11386241863283	0.658462915314912	0.282098481362172	17878	FALSE
0	46	ACTB	4.02596215928337	2.91310586622154	1.11285629306183	0.970186821792147	0.91439010444993	17878	FALSE
0	47	CD55	1.85142871077517	0.740639532115084	1.11078917866008	0.714621322295559	0.479200658215845	17878	FALSE
0	48	H3-3B	3.53983020510047	2.43118408849006	1.10864611661041	0.944289070365813	0.86507969710915	17878	FALSE
0	49	SELL	1.35808548414744	0.263760655458624	1.09432482868882	0.566897863295671	0.187703077716884	17878	FALSE
0	50	BASP1	1.47937108450351	0.38738359475089	1.09198748975262	0.611477793936682	0.278416935112747	17878	FALSE
1	1	TRBC2	1.38523449089386	0.460729385039362	0.9245051058545	0.534037811803609	0.275173106400973	13911	FALSE
1	2	CXCR4	1.76787234990683	0.962076363070623	0.805795986836209	0.63827187118108	0.46906548971933	13911	FALSE
1	3	EEF1A1	3.8581082661827	3.05606378264837	0.802044483534321	0.897491194019122	0.870685554204768	13911	FALSE
1	4	PTMA	2.72029587792675	1.93737785294021	0.78291802498654	0.833153619437855	0.745599661715736	13911	FALSE
1	5	BTG1	2.38945146611801	1.63977124925889	0.749680216859122	0.7720508949752	0.707886251916063	13911	FALSE
1	6	RGS1	1.81219142000919	1.13272163039099	0.679469789618196	0.601394579828912	0.51374279824515	13911	FALSE
1	7	IL32	1.24588677108646	0.570260405311174	0.67562636577529	0.499892171662713	0.359374174110682	13911	FALSE
1	8	TRAC	0.930784568985126	0.274293184069523	0.656491384915603	0.415282869671483	0.184655637190126	13911	FALSE
1	9	ZFP36L2	1.70196157583723	1.07963009661732	0.622331479219908	0.647760764862339	0.563230086156774	13911	FALSE
1	10	CD52	1.057107993267	0.461182408539603	0.5959255847274	0.490834591330602	0.280775939531688	13911	FALSE
1	11	SPOCK2	0.791330317414272	0.224665680199082	0.56666463721519	0.39659262454173	0.18087636767271	13911	FALSE
1	12	TRBC1	0.853947565265858	0.291844302853207	0.562103262412651	0.397814679030983	0.197565939003119	13911	FALSE
1	13	CD3D	0.827555575139103	0.278254237592542	0.549301337546562	0.376680324922723	0.18320207199112	13911	FALSE
1	14	TMSB4X	4.05580514734016	3.51015517162428	0.54564997571588	0.935374883185968	0.946455943760241	13911	FALSE
1	15	CALM1	1.71700750030604	1.17414334665945	0.542864153646591	0.681906405003235	0.599965643004387	13911	FALSE
1	16	SARAF	1.21838830444694	0.687841795792655	0.53054650865428	0.536697577456689	0.434193139172261	13911	FALSE
1	17	IL7R	0.743428914306584	0.21949602505423	0.523932889252353	0.314571202645389	0.160288598763148	13911	FALSE
1	18	ARL4C	1.0262086879396	0.505617843116503	0.520590844823093	0.444540291855366	0.301522279190232	13911	FALSE
1	19	MBNL1	1.14757535902376	0.628820477395937	0.518754881627823	0.538926029760621	0.418441778106665	13911	FALSE
1	20	EZR	1.31939455143352	0.807794622631733	0.511599928801786	0.583135648048307	0.482411861092024	13911	FALSE
1	21	PTPRC	1.95551926199017	1.44611128706506	0.509407974925113	0.706850693695637	0.633001215709076	13911	FALSE
1	22	HSPA8	2.00231939108033	1.50121421939724	0.501105171683089	0.7445906117461	0.686360272741688	13911	FALSE
1	23	CD2	0.713936897309505	0.221143955448381	0.492792941861125	0.361943785493494	0.159257888894762	13911	FALSE
1	24	CD3E	0.745241742563836	0.256058180871911	0.489183561691925	0.380490259506865	0.187800623711613	13911	FALSE
1	25	NAP1L1	1.22829858963796	0.743085443537347	0.485213146100609	0.572784127668751	0.467268354564195	13911	FALSE
1	26	ETS1	0.774106983785216	0.300149371650278	0.473957612134938	0.426497016749335	0.232477932237433	13911	FALSE
1	27	CREM	1.30088849262497	0.828867898986234	0.472020593638735	0.543742362159442	0.46582800359427	13911	FALSE
1	28	TSC22D3	1.36465809683352	0.900117647666441	0.464540449167077	0.569046078642801	0.48555684761351	13911	FALSE
1	29	MTCO1P12	2.11758990382346	1.65399347491299	0.463596428910464	0.846164905470491	0.765738146836514	13911	FALSE
1	30	MS4A1	0.555583781856598	0.095509686357133	0.460074095499465	0.194953633814967	0.0608515249220361	13911	FALSE
1	31	HNRNPA1	1.46897298293061	1.0189070641679	0.45006591876271	0.637840557831932	0.55770653840055	13911	FALSE
1	32	RUNX3	0.812924603184009	0.372948255116172	0.439976348067837	0.421105599884983	0.269504202124848	13911	FALSE
1	33	RACK1	1.63046106147893	1.19372109414642	0.43673996733251	0.659837538638488	0.599265288863048	13911	FALSE
1	34	MTND2P28	1.88603503476562	1.45725902593531	0.42877600883031	0.826180720293293	0.763874940535969	13911	FALSE
1	35	BIRC3	1.06826771415043	0.642134428973795	0.426133285176638	0.498023147149738	0.401197209154818	13911	FALSE
1	36	LTB	0.689303854376322	0.26525100189705	0.424052852479273	0.340953202501617	0.17347639938686	13911	FALSE
1	37	CNOT6L	0.755619648048023	0.334686298282067	0.420933349765956	0.392207605492057	0.297359797029441	13911	FALSE
1	38	RBM38	0.765824493181142	0.351507069730794	0.414317423450349	0.357055567536482	0.246524657751467	13911	FALSE
1	39	STK17B	0.929297384767952	0.524776791457938	0.404520593310014	0.450866220976206	0.358383106929542	13911	FALSE
1	40	UBA52	1.74672186454556	1.36565918742869	0.381062677116868	0.704981669182661	0.671837834980707	13911	FALSE
1	41	CDKN1B	0.661710048253373	0.28183594600634	0.379874102247033	0.355258428581698	0.243326814313653	13911	FALSE
1	42	NPM1	1.23513769893016	0.858218399018924	0.376919299911241	0.572640356552369	0.504968550134785	13911	FALSE
1	43	NR4A2	1.18455147976101	0.81040824613046	0.374143233630547	0.496872978218676	0.446693799883715	13911	FALSE
1	44	SLC38A1	0.608817885221978	0.23578095380706	0.373036931414918	0.32787003091079	0.191817749352503	13911	FALSE
1	45	SFPQ	1.21268097792891	0.840712446591484	0.371968531337427	0.585723528143196	0.541003752841059	13911	FALSE
1	46	SRSF7	0.916482826755036	0.547242657891012	0.369240168864024	0.449931708719718	0.377305882974787	13911	FALSE
1	47	AC011295.1	1.15475182460413	0.786633117740634	0.368118706863497	0.662281647616994	0.564749722501189	13911	FALSE
1	48	EEF1A1P5	0.992762056784512	0.626657757729029	0.366104299055483	0.696786715548846	0.563428299593002	13911	FALSE
1	49	EEF1A1P6	0.991313769560119	0.625842508820727	0.365471260739392	0.695349004385019	0.563362228447592	13911	FALSE
1	50	PABPC1	1.83289903238493	1.46898661370535	0.363912418679586	0.75199482423981	0.726518314921507	13911	FALSE
10	1	IGFBP7	3.56127911381653	0.175156251290344	3.38612286252619	0.928400137033231	0.163820556606821	2919	FALSE
10	2	COL3A1	3.11308773541186	0.0402105069766402	3.07287722843522	0.899623158615965	0.0765565145151613	2919	FALSE
10	3	COL1A2	2.89843667805626	0.0364456451247913	2.86199103293147	0.89140116478246	0.0706373748096183	2919	FALSE
10	4	SPARC	2.84759451463534	0.103079085799188	2.74451542883615	0.887290167865707	0.0970023538099414	2919	FALSE
10	5	RGS5	2.74058656504282	0.0626935724175043	2.67789299262532	0.648167180541281	0.0935408686020215	2919	FALSE
10	6	CALD1	2.72931958903525	0.0556016294775916	2.67371795955765	0.894141829393628	0.0678451100752296	2919	FALSE
10	7	COL1A1	2.56309484134387	0.0544673444744516	2.50862749686941	0.821514217197671	0.095894678543407	2919	FALSE
10	8	A2M	2.43761278600456	0.1710546425829	2.26655814342166	0.863994518670778	0.133728711865971	2919	FALSE
10	9	C1S	2.20051895701252	0.0479928647642213	2.15252609224829	0.78794107571086	0.0815064383624867	2919	FALSE
10	10	COL6A2	2.09373071377488	0.0571177036126513	2.03661301016223	0.75950668036999	0.0820948908478331	2919	FALSE
10	11	DCN	2.0508393139522	0.0248356866010265	2.02600362735118	0.705378554299418	0.0523838094798542	2919	FALSE
10	12	MYLK	1.87620034443247	0.0535948060972621	1.82260553833521	0.727303871188763	0.0811025984215628	2919	FALSE
10	13	SPARCL1	1.93416156091616	0.116045715211916	1.81811584570425	0.75779376498801	0.0883255642220889	2919	FALSE
10	14	LGALS1	2.3519379844743	0.542726828508717	1.80921115596558	0.854744775608085	0.353013799787696	2919	FALSE
10	15	COL4A2	1.87405720181852	0.0847941023216433	1.78926309949688	0.748886605001713	0.0832256426824203	2919	FALSE
10	16	COL6A1	1.83547628866226	0.05332010026857	1.78215618839369	0.792394655704008	0.0816333594867771	2919	FALSE
10	17	COL4A1	1.81099110465649	0.0794136262502178	1.73157747840627	0.690647482014389	0.0793718558176028	2919	FALSE
10	18	C1R	1.70524279703523	0.0342706253644236	1.67097217167081	0.753682768071257	0.0539299395393917	2919	FALSE
10	19	ITGB1	1.94666662227379	0.304185937561033	1.64248068471275	0.821514217197671	0.249896155443762	2919	FALSE
10	20	TAGLN	1.64681720859835	0.0387542596357804	1.60806294896257	0.614594039054471	0.0548068491253981	2919	FALSE
10	21	MYL9	1.63181579850228	0.0272847100376051	1.60453108846467	0.721822541966427	0.0412378271103522	2919	FALSE
10	22	SERPING1	1.71676095997034	0.140422525022796	1.57633843494755	0.789996574169236	0.119340471685051	2919	FALSE
10	23	ACTA2	1.61575427028578	0.0425332332997584	1.57322103698603	0.594724220623501	0.0626067291272442	2919	FALSE
10	24	VIM	3.1160695353003	1.543065645931	1.5730038893693	0.948955121616992	0.690243227027277	2919	FALSE
10	25	COL5A2	1.56873732965413	0.011157111066813	1.55758021858732	0.695101062007537	0.0199843079337241	2919	FALSE
10	26	FSTL1	1.57696613270688	0.0247106586530746	1.55225547405381	0.721479958890031	0.0312918262795957	2919	FALSE
10	27	LHFPL6	1.57776716132612	0.0268955103935349	1.55087165093258	0.669064748201439	0.035514838233258	2919	FALSE
10	28	CXCL14	1.5819956203155	0.0338430924741789	1.54815252784132	0.425488180883864	0.0639451700743065	2919	FALSE
10	29	DKK3	1.55919816832748	0.0303709510778171	1.52882721724967	0.690990065090785	0.0395186227904186	2919	FALSE
10	30	LUM	1.52176886112341	0.0199797760670525	1.50178908505636	0.508735868448099	0.0445031614898232	2919	FALSE
10	31	COL18A1	1.585667079546	0.0847183050985155	1.50094877444748	0.685166152792052	0.0810333687174044	2919	FALSE
10	32	NID1	1.51355307733144	0.0185296272268092	1.49502345010463	0.699897225077081	0.023561175981908	2919	FALSE
10	33	C11orf96	1.50064171686629	0.0369677863752946	1.46367393049099	0.691332648167181	0.0447454654543776	2919	FALSE
10	34	TPM1	1.57326308102693	0.123918227245276	1.44934485378166	0.726618705035971	0.162297503115337	2919	FALSE
10	35	BGN	1.44858287448853	0.0154464391268724	1.43313643536166	0.624528948269956	0.0249688466331287	2919	FALSE
10	36	CCN1	1.44600147825648	0.0521455918786623	1.39385588637782	0.629667694415896	0.0575414224396548	2919	FALSE
10	37	COL6A3	1.56883687382201	0.190134636834552	1.37870223698746	0.724905789653991	0.324595006230673	2919	FALSE
10	38	ID3	1.56933894226985	0.192212070451089	1.37712687181876	0.700924974306269	0.15135920985831	2919	FALSE
10	39	FN1	1.40600138728448	0.0517868820588868	1.3542145052256	0.602261048304214	0.073833479484931	2919	FALSE
10	40	THY1	1.32717325840288	0.0244808760252909	1.30269238237759	0.589928057553957	0.0406724511930586	2919	FALSE
10	41	IGFBP4	1.38537855621283	0.0952415272091066	1.29013702900373	0.682425488180884	0.0875409609082937	2919	FALSE
10	42	SERPINH1	1.38150438184257	0.0994377307324114	1.28206665111016	0.684138403562864	0.10210227534961	2919	FALSE
10	43	TIMP2	1.46527190356595	0.199659875277864	1.26561202828809	0.738609112709832	0.168412793649328	2919	FALSE
10	44	RARRES2	1.26424484431254	0.0160354196461519	1.24820942466639	0.591983556012333	0.0307033737942493	2919	FALSE
10	45	IFITM3	2.61831809522771	1.37950239113281	1.2388157040949	0.910243233984241	0.651728434947155	2919	FALSE
10	46	TPM2	1.25634849293545	0.0336828482314935	1.22266564470396	0.675231243576567	0.0411224442700882	2919	FALSE
10	47	PDGFRB	1.20635851659095	0.00938971967604074	1.19696879691491	0.602946214457006	0.0155882217196659	2919	FALSE
10	48	HSPB1	1.70097557349387	0.532790480100707	1.16818509339316	0.785885577252484	0.328794941616283	2919	FALSE
10	49	MMP2	1.19070659120497	0.0238377386729306	1.16686885253204	0.499486125385406	0.0423339640928601	2919	FALSE
10	50	CAVIN1	1.24560739247823	0.0843818007170046	1.16122559176123	0.6896197327852	0.0869178935708681	2919	FALSE
11	1	KRT13	5.47674433614601	0.0435957745079751	5.43314856163804	0.993469074145217	0.0226018578129311	2603	FALSE
11	2	KRT4	4.20224110655723	0.0304794873486783	4.17176161920855	0.974644640799078	0.0150832336981514	2603	FALSE
11	3	FABP5	4.49462732332897	0.333375805146293	4.16125151818268	0.970034575489819	0.24612572427113	2603	FALSE
11	4	KRT5	3.9828903364161	0.0301904083547736	3.95269992806133	0.96772954283519	0.0186126184125816	2603	FALSE
11	5	TACSTD2	3.93718228369111	0.0640283877581622	3.87315389593295	0.973876296580868	0.0460314540605169	2603	FALSE
11	6	HSPB1	4.14872552968953	0.46378529930349	3.68494023038604	0.981559738762966	0.32459992642325	2603	FALSE
11	7	SFN	3.73047973460058	0.0563061133842317	3.67417362121635	0.963119477525932	0.0537110273153683	2603	FALSE
11	8	KRT6A	3.40366827059406	0.0190390579248252	3.38462921266924	0.974644640799078	0.0137611514761335	2603	FALSE
11	9	CLDN4	3.56169596352386	0.187158650900188	3.37453731262368	0.970034575489819	0.167260645635979	2603	FALSE
11	10	S100A2	3.36829208014872	0.0269260500026548	3.34136603014606	0.967345370726085	0.0180952818909225	2603	FALSE
11	11	IFI27	3.48778719968172	0.249573101230015	3.23821409845171	0.963503649635036	0.167226156534535	2603	FALSE
11	12	PERP	3.33279838155922	0.150289113383031	3.18250926817619	0.966577026507876	0.122436310126	2603	FALSE
11	13	S100A8	4.35218412947604	1.32760035090111	3.02458377857493	0.995389934690741	0.473339924583832	2603	FALSE
11	14	CSTB	3.41282142801191	0.395588437406857	3.01723299060505	0.988474836726854	0.291869769152948	2603	FALSE
11	15	CSTA	3.09658676586058	0.11397770911239	2.98260905674819	0.9842489435267	0.0958222201784236	2603	FALSE
11	16	ANXA1	3.50565165132123	0.533203797432096	2.97244785388914	0.987706492508644	0.319667984916766	2603	FALSE
11	17	SPRR3	2.97355250938777	0.0294865946048909	2.94406591478288	0.990011525163273	0.0246367147981238	2603	FALSE
11	18	LY6D	2.948088935791	0.0172070020489985	2.93088193374201	0.949673453707261	0.0137266623746896	2603	FALSE
11	19	AQP3	3.07416514864052	0.158469495914171	2.91569565272635	0.958893584325778	0.147498390508599	2603	FALSE
11	20	S100A9	4.81432068410262	1.90413746581819	2.91018321828442	0.996158278908951	0.577772923756093	2603	FALSE
11	21	KRT15	2.81217289919073	0.0498706343506907	2.76230226484003	0.953131002689205	0.0661271038351881	2603	FALSE
11	22	FABP5P7	2.83687450538159	0.112143751906976	2.72473075347462	0.943526699961583	0.137266623746896	2603	FALSE
11	23	GSTP1	3.23077710055533	0.547707907975687	2.68306919257965	0.965424510180561	0.363308194610503	2603	FALSE
11	24	S100A14	2.67525063070455	0.0482022790607877	2.62704835164376	0.963887821744141	0.0443529844569116	2603	FALSE
11	25	RHCG	2.6256009060829	0.0135606733849435	2.61204023269796	0.961198616980407	0.0120366964039364	2603	FALSE
11	26	KRT19	2.7580472530467	0.155138412547093	2.60290884049961	0.965424510180561	0.126184125816242	2603	FALSE
11	27	FXYD3	2.68720636555465	0.132419156347549	2.5547872092071	0.957741067998463	0.11782626689966	2603	FALSE
11	28	SPINK5	2.55074182059314	0.0204552933288545	2.53028652726429	0.971955436035344	0.0174859744320795	2603	FALSE
11	29	S100A11	3.75388802530592	1.37663697848993	2.37725104681598	0.988090664617749	0.618263128851283	2603	FALSE
11	30	TXN	3.00736353884202	0.652885656734599	2.35447788210742	0.962351133307722	0.412340200496643	2603	FALSE
11	31	DSP	2.31162365249563	0.0552845338586219	2.25633911863701	0.945063388398002	0.0509404028327049	2603	FALSE
11	32	LGALS7B	2.18629832000547	0.00970305810941756	2.17659526189605	0.935843257779485	0.00969143750574818	2603	FALSE
11	33	KLF4	2.53988894149733	0.369613963161375	2.17027497833595	0.930849020361122	0.22898464085349	2603	FALSE
11	34	S100A16	2.15934573366536	0.0616003403642446	2.09774539330111	0.939300806761429	0.0610687022900763	2603	FALSE
11	35	CD9	2.29220459372624	0.205485055474719	2.08671953825152	0.931233192470227	0.149705693001012	2603	FALSE
11	36	GAPDH	3.83316837235859	1.76566605520903	2.06750231714956	0.977333845562812	0.731617308930378	2603	FALSE
11	37	FABP5P2	2.09616724935653	0.0581361714107341	2.0380310779458	0.920092201306185	0.0938333486618229	2603	FALSE
11	38	ANXA2	2.5304038087241	0.520018971190929	2.01038483753317	0.957741067998463	0.364595787731077	2603	FALSE
11	39	ATP5F1B	2.63497124948432	0.74026007580799	1.89471117367634	0.9369957741068	0.436965418927619	2603	FALSE
11	40	SPRR1B	1.89192679685259	0.0154712165338591	1.87645558031873	0.955051863234729	0.0163018486158374	2603	FALSE
11	41	FABP5P1	1.88031098778936	0.0439017106727976	1.83640927711657	0.910103726469458	0.0791294950795549	2603	FALSE
11	42	PITX1	1.86007533684623	0.0305376093643193	1.82953772748191	0.920092201306185	0.0322358134829394	2603	FALSE
11	43	PRDX1	2.35956261425838	0.543962885339204	1.81559972891917	0.93622742988859	0.371263680676906	2603	FALSE
11	44	CD24	1.98880864210576	0.176514836147436	1.81229380595833	0.945831732616212	0.14732594500138	2603	FALSE
11	45	TPI1	2.59111836300635	0.821218905407658	1.76989945759869	0.945447560507107	0.464959072932953	2603	FALSE
11	46	FOS	3.61373673497581	1.86556960816647	1.74816712680934	0.979254706108336	0.699048100800147	2603	FALSE
11	47	LGALS7	1.72566291463238	0.00619856277249356	1.71946435185989	0.909719554360353	0.00744964591189184	2603	FALSE
11	48	FABP5P3	1.76195038286693	0.0426351889317705	1.71931519393516	0.892047637341529	0.0769796744228824	2603	FALSE
11	49	TRIM29	1.70595375194602	0.0119408693718517	1.69401288257416	0.893584325777949	0.0141980134277568	2603	FALSE
11	50	SPINT2	1.87615227318892	0.210920070215691	1.66523220297323	0.893200153668844	0.169743860939943	2603	FALSE
12	1	IGFBP7	3.54700611491498	0.202840055642363	3.34416605927261	0.929539295392954	0.169960971924965	2214	FALSE
12	2	PLVAP	3.32240816088201	0.0261287197455225	3.29627944113649	0.917344173441735	0.050919620477722	2214	FALSE
12	3	SPARCL1	3.33493563446778	0.0952207220490187	3.23971491241876	0.917344173441735	0.0896844562965676	2214	FALSE
12	4	A2M	2.71469350350249	0.182322045356891	2.5323714581456	0.877597109304426	0.139276435512115	2214	FALSE
12	5	SPARC	2.38628342944226	0.136913635602296	2.24936979383996	0.806233062330623	0.105433028509952	2214	FALSE
12	6	PECAM1	2.20583545501005	0.225865877766589	1.97996957724346	0.824751580849142	0.193881405010701	2214	FALSE
12	7	VWF	1.88083689093576	0.0115860109754889	1.86925087996027	0.752032520325203	0.0252251839813215	2214	FALSE
12	8	HSPG2	1.92096973920393	0.0720391746035209	1.84893056460041	0.745257452574526	0.102457280853353	2214	FALSE
12	9	GNG11	1.85106103019039	0.0293417273761353	1.82171930281425	0.783649503161698	0.0361782243942637	2214	FALSE
12	10	IGFBP4	1.83635148026162	0.0942239651659537	1.74212751509567	0.773712737127371	0.0900278117954059	2214	FALSE
12	11	MGP	1.7819551687902	0.0621882982139396	1.71976687057626	0.719512195121951	0.056676547674911	2214	FALSE
12	12	COL4A1	1.812102750616	0.0933573037950208	1.71874544682098	0.696928635953026	0.0841449875819761	2214	FALSE
12	13	ID1	1.87917727373366	0.161114213586699	1.71806306014696	0.740289069557362	0.129147448296384	2214	FALSE
12	14	IFI27	2.01054197031912	0.301423057419072	1.70911891290004	0.778681120144535	0.175454659906378	2214	FALSE
12	15	AQP1	1.69741795852935	0.00702754987859015	1.69039040865076	0.606142728093948	0.0141119110022547	2214	FALSE
12	16	GSN	1.96702526413633	0.277317396599368	1.68970786753696	0.791327913279133	0.224531605873668	2214	FALSE
12	17	ENG	1.76217351515087	0.0874891859462348	1.67468432920463	0.751580849141825	0.100900735925286	2214	FALSE
12	18	EPAS1	1.76399767461068	0.13529841658161	1.62869925802907	0.740740740740741	0.127041534570176	2214	FALSE
12	19	ID3	1.79630369015688	0.197572702371823	1.59873098778506	0.714995483288166	0.155437034324105	2214	FALSE
12	20	TGFBR2	1.75278199444628	0.1680817637693	1.58470023067698	0.756549232158988	0.143865954013254	2214	FALSE
12	21	CAV1	1.64174260815029	0.0596779811339955	1.58206462701629	0.693315266485998	0.0515376603756309	2214	FALSE
12	22	FLT1	1.65040205741801	0.0871003980267715	1.56330165939124	0.706865401987353	0.09122955604134	2214	FALSE
12	23	CAVIN1	1.53057261284187	0.0865306458328477	1.44404196700902	0.733514001806685	0.0906687420599041	2214	FALSE
12	24	CD320	1.50367349718476	0.0728153781057958	1.43085811907896	0.593044263775971	0.0830004692525151	2214	FALSE
12	25	CD59	1.7169338904607	0.291031866283498	1.4259020241772	0.746160794941283	0.246552138532499	2214	FALSE
12	26	SPTBN1	1.55852882182849	0.140490704859516	1.41803811696898	0.72583559168925	0.135819990157142	2214	FALSE
12	27	APP	1.53903439297397	0.139592324890344	1.39944206808363	0.732610659439928	0.142572648300963	2214	FALSE
12	28	TM4SF1	1.48422991234351	0.0909508841891939	1.39327902815432	0.665311653116531	0.0976960846027949	2214	FALSE
12	29	PRSS23	1.47431992987236	0.0814583394882962	1.39286159038406	0.665311653116531	0.0850491570622504	2214	FALSE
12	30	TXNIP	2.203680446371	0.817657133413966	1.38602331295704	0.757904245709124	0.422613393153491	2214	FALSE
12	31	CRIP2	1.41582001116173	0.0420283591466464	1.37379165201509	0.688346883468835	0.047714969155231	2214	FALSE
12	32	RNASE1	1.50148926920766	0.153507764478919	1.34798150472874	0.700542005420054	0.112712165085324	2214	FALSE
12	33	COL4A2	1.4561619386541	0.109820719214635	1.34634121943946	0.637759710930443	0.0914126789740538	2214	FALSE
12	34	TIMP3	1.41798101213146	0.0732424414695778	1.34473857066189	0.623757904245709	0.0534375608025363	2214	FALSE
12	35	FABP5	1.75906161905072	0.421220669232968	1.33784094981775	0.700993676603433	0.256166092499971	2214	FALSE
12	36	FKBP1A	1.92936930710723	0.609611416925321	1.31975789018191	0.762420957542909	0.39299325878704	2214	FALSE
12	37	COL15A1	1.32897569616201	0.0208063569851064	1.30816933917691	0.603432700993677	0.026415483043961	2214	FALSE
12	38	VIM	2.84266505819266	1.56268595488596	1.2799791033067	0.909214092140921	0.693337758804207	2214	FALSE
12	39	CD93	1.38761743583136	0.114963824817515	1.27265361101384	0.649051490514905	0.0898904695958706	2214	FALSE
12	40	ITGA6	1.32847926959357	0.0760404975505186	1.25243877204305	0.652213188798555	0.0847286919300013	2214	FALSE
12	41	CLEC3B	1.26056903472724	0.0219427941019899	1.23862624062525	0.525293586269196	0.0292309981344351	2214	FALSE
12	42	PLPP3	1.27051867402412	0.0482438651102212	1.2222748089139	0.609304426377597	0.0431941217538599	2214	FALSE
12	43	SLCO2A1	1.22562346091473	0.00526606188014744	1.22035739903458	0.565040650406504	0.0104494523479794	2214	FALSE
12	44	PTPRB	1.22394914595097	0.0114211401093726	1.2125280058416	0.616982836495032	0.0174195689743971	2214	FALSE
12	45	HES1	1.35719169472875	0.151174299558246	1.20601739517051	0.630532971996387	0.131127465006352	2214	FALSE
12	46	RAMP2	1.18045248819759	0.00402110383953264	1.17643138435805	0.616982836495032	0.00800018312293271	2214	FALSE
12	47	CD34	1.17970203384471	0.0101625499520486	1.16953948389266	0.62646793134598	0.0205326588305312	2214	FALSE
12	48	STOM	1.37337772687817	0.207034296002172	1.16634343087599	0.677958446251129	0.177984045414487	2214	FALSE
12	49	IFITM3	2.54645557666862	1.39131918450692	1.15513639216169	0.884823848238482	0.654458471152416	2214	FALSE
12	50	ITGB1	1.48235941304688	0.32920425035733	1.15315516268955	0.703252032520325	0.257505178945441	2214	FALSE
13	1	IDO1	1.55485958177657	0.0809446657720997	1.47391491600447	0.644431209053008	0.093722983118715	1679	FALSE
13	2	HLA-DRA	2.370379259983	1.14214464008595	1.22823461989705	0.683740321620012	0.5324430085999	1679	FALSE
13	3	CD74	2.7992829297783	1.76363015504325	1.03565277473505	0.787373436569387	0.703872230058698	1679	FALSE
13	4	GBP1	1.46073340148809	0.622702920882435	0.838030480605656	0.541989279332936	0.332927606133685	1679	FALSE
13	5	LAMP3	0.86202572208641	0.0261267055546593	0.835899016531751	0.391304347826087	0.0372889839377531	1679	FALSE
13	6	HLA-DRB1	1.68167334475518	0.849791022500743	0.831882322254435	0.596783799880882	0.452120398598535	1679	FALSE
13	7	HLA-DPB1	1.39022939312607	0.616516763668082	0.773712629457984	0.507444907683145	0.37749692860718	1679	FALSE
13	8	HLA-DPA1	1.36571104663167	0.612829491800569	0.752881554831096	0.49434187016081	0.369204167993812	1679	FALSE
13	9	HLA-DQA1	1.43264560240717	0.711827841540764	0.720817760866406	0.579511614055986	0.495847931928835	1679	FALSE
13	10	GBP5	1.2802723130899	0.579954029253865	0.700318283836038	0.485407980941036	0.315943941393275	1679	FALSE
13	11	FSCN1	0.768461401232681	0.096542971310582	0.671918429922099	0.288266825491364	0.100411794148428	1679	FALSE
13	12	HLA-DQB1	1.10243750027515	0.437508679628432	0.664928820646717	0.460988683740322	0.289416207853665	1679	FALSE
13	13	TNFAIP2	1.14042964520163	0.493105380050016	0.647324265151612	0.495533055390113	0.310984210765801	1679	FALSE
13	14	HLA-DRB3	1.25181035621278	0.641903539117516	0.60990681709526	0.500297796307326	0.374789552714201	1679	FALSE
13	15	FTH1	4.37845753223178	3.78295018798552	0.595507344246253	0.969029184038118	0.950232060790827	1679	FALSE
13	16	LITAF	2.0617371679868	1.49014616440972	0.571591003577082	0.737939249553306	0.617111070664786	1679	FALSE
13	17	TMSB10	2.13415290783902	1.56350590112318	0.570647006715845	0.748064324002382	0.705862947627065	1679	FALSE
13	18	AL662796.1	0.900449907832426	0.335767714918928	0.564682192913498	0.519356759976176	0.283967329480821	1679	FALSE
13	19	SAT1	3.18842551583404	2.63151762611031	0.556907889723731	0.892793329362716	0.846646494061974	1679	FALSE
13	20	TAP1	1.15954501057588	0.614145987865259	0.545399022710618	0.552114353782013	0.383207444146153	1679	FALSE
13	21	TMSB4X	4.12771139912512	3.5847065196951	0.543004879430017	0.944014294222752	0.944749055831096	1679	FALSE
13	22	GBP4	0.874728341383322	0.355916690708331	0.518811650674991	0.453245979749851	0.283466806206489	1679	FALSE
13	23	IFI30	1.138728681829	0.620480314413141	0.518248367415854	0.543180464562239	0.382559038995313	1679	FALSE
13	24	SOD2	2.37258602977589	1.85701924938676	0.515566780389138	0.75461584276355	0.685648632661419	1679	FALSE
13	25	CD83	0.972042170872186	0.466136743953898	0.505905426918288	0.416319237641453	0.287038722300587	1679	FALSE
13	26	C15orf48	0.823648334412175	0.317801427298323	0.505846907113852	0.350208457415128	0.201813259316558	1679	FALSE
13	27	IRF1	1.42910713909308	0.926500456054078	0.502606683038999	0.633710541989279	0.555819720617009	1679	FALSE
13	28	TNFAIP6	1.00871730059273	0.509390907931088	0.499326392661641	0.360929124478856	0.237361787323111	1679	FALSE
13	29	ISG15	0.907758763765633	0.416334435328881	0.491424328436752	0.390113162596784	0.280349911270874	1679	FALSE
13	30	TXN	1.19371466988865	0.712273357672397	0.481441312216258	0.470518165574747	0.42751512945352	1679	FALSE
13	31	IFIT3	0.841078585207637	0.36140886436399	0.479669720843647	0.332936271590232	0.22807935569004	1679	FALSE
13	32	BIRC3	1.17032980981696	0.699479608999009	0.470850200817952	0.500893388921977	0.414615279610502	1679	FALSE
13	33	IFIT2	0.783470140667998	0.319508242862865	0.463961897805133	0.287075640262061	0.163966874459662	1679	FALSE
13	34	MARCKS	1.10986038359917	0.647261144371835	0.462599239227338	0.523525908278737	0.400600627929199	1679	FALSE
13	35	BCL2A1	1.72206110088224	1.26573772112856	0.456323379753685	0.655151876116736	0.484893297538336	1679	FALSE
13	36	ACTB	3.58165012799924	3.1266604800432	0.454989647956043	0.92078618225134	0.925615416116849	1679	FALSE
13	37	LCP1	1.70135315884159	1.2471824857261	0.454170673115493	0.667063728409768	0.570141511580289	1679	FALSE
13	38	CCL22	0.466019207728015	0.0175555253553997	0.448463682372616	0.182251340083383	0.0287800882741047	1679	FALSE
13	39	PPA1	0.959177521058117	0.511755074120107	0.44742244693801	0.408576533650983	0.351594849160486	1679	FALSE
13	40	HLA-A	3.25157799828263	2.80993674573516	0.441641252547467	0.914830256104824	0.898689539063567	1679	FALSE
13	41	LSP1	0.976166337819361	0.537151844712881	0.439014493106481	0.523525908278737	0.370034581608045	1679	FALSE
13	42	PARP14	0.756166539689828	0.322760629674135	0.433405910015693	0.425848719475879	0.25629066751604	1679	FALSE
13	43	NUB1	0.620750486132802	0.19168787813041	0.429062608002392	0.3394877903514	0.168016562770169	1679	FALSE
13	44	PLEK	1.74898173596672	1.32424235206972	0.424739383896996	0.620607504466945	0.49126359375711	1679	FALSE
13	45	AC007192.1	0.881210393816234	0.459779551556504	0.42143084225973	0.498511018463371	0.331585293716158	1679	FALSE
13	46	ISG20	1.0208448862995	0.600354098069325	0.420490788230179	0.453245979749851	0.368635391545707	1679	FALSE
13	47	COTL1	1.80320845112792	1.38485309032649	0.418355360801433	0.636092912447886	0.589479910815853	1679	FALSE
13	48	DAPP1	0.624124028299319	0.209572572959818	0.414551455339501	0.366289458010721	0.17257814988397	1679	FALSE
13	49	LYN	1.15464193131653	0.750734129221313	0.403907802095215	0.580107206670637	0.43223597397279	1679	FALSE
13	50	CCR7	0.487613671160287	0.0846027339707807	0.403010937189506	0.226920786182251	0.0628725485735087	1679	FALSE
14	1	MIR663AHG	1.29128294852511	0.0518630980950659	1.23941985043004	0.513249651324965	0.0521366260932697	1434	FALSE
14	2	LINC00632	1.40418821018056	0.24385386621227	1.16033434396829	0.689679218967922	0.31296722743412	1434	FALSE
14	3	AL162581.1	0.969204442042729	0.0349666430072231	0.934237799035506	0.552998605299861	0.04927795991061	1434	FALSE
14	4	RN7SK	0.911347575941776	0.0326240091590857	0.87872356678269	0.529986052998605	0.0464760132950665	1434	FALSE
14	5	XACT	1.76179293404327	1.00500238656497	0.7567905474783	0.874476987447699	0.774596440279968	1434	FALSE
14	6	Metazoa	1.63964012345716	0.886380218893834	0.753259904563327	0.868898186889819	0.744875387111046	1434	FALSE
14	7	ANKRD30BL	0.692486010058311	0.0169631665044262	0.675522843553885	0.364714086471409	0.0210543033135571	1434	FALSE
14	8	NEAT1	1.80776154674146	1.15885509784486	0.648906448896596	0.710599721059972	0.605504066792962	1434	FALSE
14	9	JUN	1.86999565990529	1.29056775412061	0.579427905784685	0.667364016736402	0.636166664776015	1434	FALSE
14	10	HSPA1B	1.58811562282093	1.08069458551998	0.507421037300956	0.575313807531381	0.548444182274001	1434	FALSE
14	11	OLMALINC	0.953864426723636	0.503324102045804	0.450540324677832	0.601115760111576	0.495229884405522	1434	FALSE
14	12	KCNQ1OT1	0.876683868661281	0.434211791879893	0.442472076781388	0.588563458856346	0.474935623291323	1434	FALSE
14	13	FAM153CP	0.855250880556411	0.435337800691465	0.419913079864946	0.637377963737796	0.521717922248817	1434	FALSE
14	14	AL360020.1	0.807999625545923	0.409920851244687	0.398078774301236	0.46652719665272	0.369459916281919	1434	FALSE
14	15	NPIPB5	0.585772826784417	0.211725107058203	0.374047719726214	0.370990237099024	0.225176681451567	1434	FALSE
14	16	PCSK7	0.700971982222802	0.344200007269828	0.356771974952974	0.529986052998605	0.391467108323029	1434	FALSE
14	17	ORAI2	0.71586088291158	0.369896856023418	0.345964026888163	0.535564853556485	0.404614703980579	1434	FALSE
14	18	Z82195.3	0.607351527477324	0.263325086748905	0.344026440728419	0.405857740585774	0.284981793018956	1434	FALSE
14	19	SLC35E3	0.690677497612341	0.356714468638822	0.333963028973519	0.546722454672246	0.421868796297347	1434	FALSE
14	20	HELLPAR	0.823002922569268	0.496938408858177	0.326064513711092	0.604602510460251	0.536283507084274	1434	FALSE
14	21	AL022322.2	0.600112830690715	0.276200973554301	0.323911857136413	0.51115760111576	0.376028042153982	1434	FALSE
14	22	SRRM2	0.794535433467269	0.487074399483128	0.30746103398414	0.416317991631799	0.385454834208705	1434	FALSE
14	23	MZB1	0.697882625191616	0.395074918689506	0.302807706502109	0.317991631799163	0.240400213265572	1434	FALSE
14	24	CACNA1A	0.578017409311567	0.281954951619691	0.296062457691876	0.49302649930265	0.365818520073055	1434	FALSE
14	25	MOG	0.49570513115608	0.205812623727165	0.289892507428915	0.431659693165969	0.289610109695643	1434	FALSE
14	26	FER1L4	0.358146369225879	0.069510569044303	0.288635800181576	0.188284518828452	0.0838088323709913	1434	FALSE
14	27	AC092445.1	0.563864811302708	0.280491141774254	0.283373669528454	0.398884239888424	0.299967102651073	1434	FALSE
14	28	AD000090.1	0.520373482489822	0.240219973000863	0.28015350948896	0.296373779637378	0.246060826063775	1434	FALSE
14	29	CHST12	0.564704470337009	0.284608172703284	0.280096297633725	0.472803347280335	0.346329676811907	1434	FALSE
14	30	USP8	0.643434094871602	0.365823612018993	0.277610482852609	0.516039051603905	0.396469774142684	1434	FALSE
14	31	CDK5RAP3	0.52386545516391	0.250427539366896	0.273437915797014	0.252440725244073	0.208070060009302	1434	FALSE
14	32	RRBP1	0.578316329217262	0.305206763439676	0.273109565777586	0.282426778242678	0.257540866448107	1434	FALSE
14	33	CCL5	1.09896200018711	0.829797115902712	0.269164884284394	0.603207810320781	0.514593944619015	1434	FALSE
14	34	RNF213	0.874298295453347	0.605800509253938	0.268497786199409	0.461645746164575	0.431454403139995	1434	FALSE
14	35	AC087473.1	0.487371407837599	0.219527926528394	0.267843481309205	0.382147838214784	0.268510430728393	1434	FALSE
14	36	MTND2P28	1.78351748419964	1.51961479862243	0.263902685577214	0.760111576011158	0.77376833460007	1434	FALSE
14	37	RPAP2	0.569080582893605	0.310874053907234	0.258206528986371	0.433054393305439	0.350175263462389	1434	FALSE
14	38	PIGN	0.491136554318059	0.233750116400832	0.257386437917226	0.402370990237099	0.297323970823455	1434	FALSE
14	39	LINC01551	0.382445513962419	0.128538376814305	0.253907137148114	0.325662482566248	0.186675439293047	1434	FALSE
14	40	ACADVL	0.544713365039845	0.291876848215146	0.252836516824699	0.272663877266388	0.25437591460302	1434	FALSE
14	41	IGLL5	1.02547694253609	0.772983852506201	0.252493090029888	0.51813110181311	0.514696039839824	1434	FALSE
14	42	KLF15	2.06959566082589	1.82313243453019	0.246463226295694	0.972803347280335	0.971651560355291	1434	FALSE
14	43	ACAP1	0.489414864764933	0.252495904366999	0.236918960397934	0.277545327754533	0.212721064512836	1434	FALSE
14	44	MTCO1P12	1.95901331030431	1.72218958257379	0.236823727730521	0.783821478382148	0.778135741268023	1434	FALSE
14	45	GOLGA8B	0.408565755877009	0.176210601998934	0.232355153878075	0.243375174337517	0.166993749503704	1434	FALSE
14	46	MUC20-OT1	0.473884102347844	0.2416589063951	0.232225195952744	0.392608089260809	0.301918255759872	1434	FALSE
14	47	TSIX	0.387093917383127	0.155652434579161	0.231441482803966	0.301952580195258	0.204111034224587	1434	FALSE
14	48	NMNAT3	0.432306141784132	0.20103980106904	0.231266340715092	0.360529986052999	0.276122196635395	1434	FALSE
14	49	EHMT1	0.413030717541493	0.18254106197074	0.230489655570753	0.267085076708508	0.20600546776627	1434	FALSE
14	50	AC011346.1	0.482788905369704	0.252465752299466	0.230323153070239	0.383542538354254	0.321191564665978	1434	FALSE
15	1	EPCAM	1.82477030535159	0.105754855452714	1.71901544989888	0.863013698630137	0.0965787558093958	292	FALSE
15	2	CST3	2.29014294450705	0.629430890888273	1.66071205361878	0.931506849315068	0.365070832633406	292	FALSE
15	3	KRT8	1.8594745626566	0.235516371663859	1.62395819099274	0.904109589041096	0.228568228904194	292	FALSE
15	4	GPX2	1.61419894882991	0.109000238155586	1.50519871067432	0.695205479452055	0.106120163502996	292	FALSE
15	5	SERPINA1	2.19255152459958	0.692992984859446	1.49955853974014	0.856164383561644	0.355574220281091	292	FALSE
15	6	CLDN4	1.68995945810908	0.280614082772683	1.4093453753364	0.753424657534247	0.188745170502268	292	FALSE
15	7	PERP	1.64118807454768	0.23818573837214	1.40300233617554	0.804794520547945	0.144812139537488	292	FALSE
15	8	KRT18	1.59599744440185	0.203536659564494	1.39246078483735	0.835616438356164	0.17584411221233	292	FALSE
15	9	CD24	1.60868202225956	0.22466095808668	1.38402106417288	0.726027397260274	0.168710454112772	292	FALSE
15	10	MIF	1.99108831364741	0.641765799483473	1.34932251416393	0.910958904109589	0.434346827929895	292	FALSE
15	11	MDK	1.42965815247822	0.0810148575476691	1.34864329493055	0.784246575342466	0.0891427291561678	292	FALSE
15	12	TMEM176A	1.45970969944981	0.136694254894913	1.3230154445549	0.719178082191781	0.115762360714486	292	FALSE
15	13	DSP	1.37323070986967	0.116748338578	1.25648237129166	0.753424657534247	0.0747074304272356	292	FALSE
15	14	GABBR1	1.31402910664769	0.0626505376684262	1.25137856897927	0.616438356164384	0.0592978330253654	292	FALSE
15	15	HSP90AB1	2.82854065068568	1.59432628010502	1.23421437058066	0.962328767123288	0.673038803964388	292	FALSE
15	16	UBD	1.27618615161919	0.0490066028346136	1.22717954878457	0.589041095890411	0.0468895234895571	292	FALSE
15	17	AKR1C3	1.25764995016509	0.0554118022924891	1.20223814787261	0.613013698630137	0.0578083879276555	292	FALSE
15	18	GHRL	1.21748145565672	0.0170431138257	1.20043834183102	0.229452054794521	0.025477350355563	292	FALSE
15	19	LCN2	1.3371432081945	0.16462579591295	1.17251741228155	0.503424657534247	0.15606696903522	292	FALSE
15	20	PCSK1N	1.17476127660974	0.0104360460916095	1.16432523051813	0.712328767123288	0.0145360882468223	292	FALSE
15	21	ASPSCR1	1.21306890656402	0.0625440018117886	1.15052490475223	0.647260273972603	0.0868805644213002	292	FALSE
15	22	RBP1	1.18024359180479	0.0302499093700827	1.14999368243471	0.695205479452055	0.0313007447225489	292	FALSE
15	23	RACK1	2.39235359706464	1.25783990253111	1.13451369453354	0.945205479452055	0.607570412677082	292	FALSE
15	24	TMEM176B	1.31252399153513	0.185631245695782	1.12689274583935	0.753424657534247	0.138820762640685	292	FALSE
15	25	GNAS	2.17258718195619	1.0486445988541	1.12394258310208	0.924657534246575	0.567366593874237	292	FALSE
15	26	LAMP1	1.62435759975204	0.503706581333591	1.12065101841845	0.835616438356164	0.345360882468223	292	FALSE
15	27	SSR4	1.98147334473577	0.87075931782359	1.11071402691218	0.89041095890411	0.483980066073128	292	FALSE
15	28	PCCA	1.13939630567403	0.0325077949596421	1.10688851071439	0.520547945205479	0.0451649028501036	292	FALSE
15	29	CCL20	1.35943469769757	0.259218942644691	1.10021575505288	0.517123287671233	0.167915336804972	292	FALSE
15	30	PPIA	2.43095999995873	1.33328310296357	1.09767689699516	0.948630136986301	0.658166750657932	292	FALSE
15	31	P4HB	1.58442279344805	0.507704510798415	1.07671828264964	0.835616438356164	0.367736155439834	292	FALSE
15	32	CLU	1.25344925202179	0.180287131342365	1.07316212067943	0.691780821917808	0.157925975698527	292	FALSE
15	33	CES1	1.07429126521521	0.00908112164508684	1.06521014357012	0.493150684931507	0.00911585195139705	292	FALSE
15	34	CANX	1.533152719132	0.473985177742976	1.05916754138903	0.866438356164384	0.359426619631558	292	FALSE
15	35	CHGA	1.06329332430218	0.00476441786353936	1.05852890643864	0.383561643835616	0.0102917296601153	292	FALSE
15	36	GGH	1.09682408322754	0.0478489265737069	1.04897515665383	0.541095890410959	0.0543367489781063	292	FALSE
15	37	MTATP6P1	2.58927119409102	1.54281130505643	1.04645988903459	0.958904109589041	0.748698135393919	292	FALSE
15	38	PRAP1	1.08785499209908	0.0446323470031935	1.04322264509589	0.613013698630137	0.0556134162047147	292	FALSE
15	39	SERPINA3	1.05421306483445	0.0185370205662977	1.03567604426815	0.496575342465753	0.0163167030628815	292	FALSE
15	40	IFI6	1.43901311617744	0.413898119579591	1.02511499659784	0.787671232876712	0.297183492916737	292	FALSE
15	41	CHCHD2	1.6589176043616	0.643812171486689	1.01510543287491	0.866438356164384	0.426552438546391	292	FALSE
15	42	PEBP1	1.38434087861716	0.370961679521622	1.01337919909554	0.839041095890411	0.298448961308024	292	FALSE
15	43	SNORC	1.02146983624287	0.00847507023410499	1.01299476600877	0.530821917808219	0.00946301584635198	292	FALSE
15	44	LGALS3BP	1.18438523306838	0.182716840789093	1.00166839227929	0.746575342465753	0.157097261884764	292	FALSE
15	45	AKR1C2	1.01713936982434	0.0344549451954613	0.982684424628877	0.565068493150685	0.0426451649028501	292	FALSE
15	46	APCDD1	1.01270343252916	0.0323161827749699	0.980387249754189	0.537671232876712	0.0387815667170614	292	FALSE
15	47	HSPB1	1.5453241450695	0.56766670449674	0.977657440572763	0.828767123287671	0.342102021389775	292	FALSE
15	48	SNHG29	1.46162506702661	0.491208310930015	0.970416756096597	0.811643835616438	0.361834369225601	292	FALSE
15	49	AKR1C1	0.996047608021427	0.0299306264942614	0.966116981527166	0.558219178082192	0.0376728820202699	292	FALSE
15	50	DNAJC15	1.10627564149411	0.143509549653487	0.962766091840625	0.695205479452055	0.153737611288426	292	FALSE
16	1	PGA4	1.10575318559006	0.0548154343492319	1.05093775124083	0.580808080808081	0.0469297117094945	198	FALSE
16	2	PGA3	1.06557813726668	0.0568644796601063	1.00871365760657	0.575757575757576	0.0514492834688832	198	FALSE
16	3	EEF1A1	4.17491931792298	3.17840218462694	0.996517133296043	0.954545454545455	0.874671380147446	198	FALSE
16	4	ZFP36L2	2.06511379315005	1.17429641389925	0.890817379250794	0.681818181818182	0.57612234167515	198	FALSE
16	5	BTG1	2.5434520052518	1.75443717803134	0.789014827220455	0.782828282828283	0.71770575797917	198	FALSE
16	6	MTCO1P12	2.50953380921248	1.72424476910335	0.785289040109128	0.924242424242424	0.777903321437761	198	FALSE
16	7	HSPA8	2.33034392570165	1.57736124376752	0.752982681934133	0.787878787878788	0.695197395652709	198	FALSE
16	8	NR4A2	1.58544442905682	0.866916869773359	0.718527559283464	0.595959595959596	0.454172213583327	198	FALSE
16	9	LIPF	0.837931284463432	0.12420667052118	0.713724613942253	0.439393939393939	0.113716452807392	198	FALSE
16	10	HSP90AB1	2.28200845176737	1.59683474900187	0.685173702765501	0.797979797979798	0.673707055677992	198	FALSE
16	11	CXCR4	1.76551552006789	1.08569724505602	0.679818275011867	0.646464646464647	0.495004978241171	198	FALSE
16	12	TRBC1	1.03909767599847	0.377665402938672	0.6614322730598	0.44949494949495	0.228171251496269	198	FALSE
16	13	PTMA	2.70942882572876	2.05750791987212	0.651920905856642	0.858585858585859	0.758974817930618	198	FALSE
16	14	RACK1	1.89656829210237	1.26013112155883	0.636437170543547	0.727272727272727	0.608408193401873	198	FALSE
16	15	CALM1	1.89287538363653	1.25703357138571	0.63584181225082	0.671717171717172	0.612558592220519	198	FALSE
16	16	MTND2P28	2.14040614335417	1.52247331325914	0.617932830095029	0.873737373737374	0.77332781438432	198	FALSE
16	17	IL32	1.29033862917743	0.673808525169038	0.616530104008393	0.535353535353535	0.380852230140174	198	FALSE
16	18	TPT1	3.63155120834995	3.0151859431324	0.616365265217548	0.939393939393939	0.922261128326752	198	FALSE
16	19	TRBC2	1.20921512479809	0.602945880928898	0.606269243869192	0.46969696969697	0.315027576099968	198	FALSE
16	20	DUSP2	1.16852608650033	0.563741287366351	0.604784799133978	0.429292929292929	0.324883374911902	198	FALSE
16	21	TSC22D3	1.56438798520842	0.970939523529577	0.593448461678844	0.616161616161616	0.498260412354988	198	FALSE
16	22	CCL5	1.4215298081543	0.832804414015433	0.588725394138872	0.505050505050505	0.516036648804663	198	FALSE
16	23	PABPC1	2.10542822648949	1.52421007763179	0.581218148857702	0.823232323232323	0.730268825023213	198	FALSE
16	24	MTATP6P1	2.07833130894458	1.54504349611829	0.533287812826295	0.858585858585859	0.749141393236304	198	FALSE
16	25	ARL4C	1.11246890138605	0.585289645382964	0.527179256003084	0.51010101010101	0.32331718667845	198	FALSE
16	26	HSP90AA1	2.81609647754545	2.3183350388616	0.497761438683852	0.853535353535354	0.814317197865509	198	FALSE
16	27	HEXIM1	1.37045300697537	0.891601966799263	0.478851040176108	0.575757575757576	0.514951504100057	198	FALSE
16	28	SARAF	1.24470039328789	0.769173665257417	0.475526728030471	0.540404040404041	0.449909944176577	198	FALSE
16	29	SRSF7	1.06793892728137	0.603551623510139	0.464387303771236	0.5	0.38833637248431	198	FALSE
16	30	NAP1L1	1.28078790595198	0.817404822743373	0.463383083208605	0.570707070707071	0.483459933548871	198	FALSE
16	31	LBH	0.724994462514052	0.271721230193484	0.453273232320568	0.373737373737374	0.20086364094016	198	FALSE
16	32	CD52	1.0026679161192	0.552722829381564	0.449945086737631	0.474747474747475	0.313036279631722	198	FALSE
16	33	DNAJB1	1.46933536337938	1.01950115801402	0.449834205365363	0.590909090909091	0.53935047936547	198	FALSE
16	34	TOB1	0.875494582088497	0.426254180232264	0.449240401856233	0.429292929292929	0.310731745516786	198	FALSE
16	35	MBNL1	1.15390789574474	0.708387670780935	0.445520224963808	0.53030303030303	0.43694414301536	198	FALSE
16	36	PPIA	1.77742396090539	1.33588500883622	0.441538952069172	0.757575757575758	0.658895389813064	198	FALSE
16	37	STK17B	1.02358594707479	0.586624689529552	0.436961257545241	0.46969696969697	0.37252905838526	198	FALSE
16	38	UBB	2.34704219711581	1.91282896124028	0.434213235875525	0.792929292929293	0.74688160735661	198	FALSE
16	39	IL7R	0.730551968612243	0.299900116671376	0.430651851940867	0.282828282828283	0.184027117430556	198	FALSE
16	40	EEF1B2	1.32347102471827	0.896162377705324	0.427308647012942	0.555555555555556	0.500027967647026	198	FALSE
16	41	EZR	1.31218877008224	0.8862941759142	0.425894594168043	0.570707070707071	0.497891239414246	198	FALSE
16	42	TRAC	0.796217717547793	0.375302375333909	0.420915342213884	0.404040404040404	0.220060633858752	198	FALSE
16	43	TMSB4X	4.00484813558817	3.59397518980682	0.410872945781349	0.929292929292929	0.944769490653212	198	FALSE
16	44	UBA52	1.83276857470677	1.42392670628103	0.408841868425746	0.681818181818182	0.676973676850619	198	FALSE
16	45	SLC38A1	0.691367885365053	0.292825003303804	0.39854288206125	0.348484848484849	0.212643613867478	198	FALSE
16	46	NPM1	1.3125123860138	0.915869498948896	0.396642887064902	0.590909090909091	0.515309489981989	198	FALSE
16	47	CD69	0.948151600420702	0.560143843264241	0.388007757156461	0.383838383838384	0.30446699258298	198	FALSE
16	48	CDKN1B	0.72516387641353	0.339971171885787	0.385192704527744	0.373737373737374	0.260457103222992	198	FALSE
16	49	CRIP1	0.875932266725043	0.492568361077898	0.383363905647145	0.494949494949495	0.353835483113135	198	FALSE
16	50	YPEL5	1.18899672091417	0.806468463200832	0.382528257713334	0.535353535353535	0.485842777075479	198	FALSE
17	1	JCHAIN	5.13162372171015	1.1367798340609	3.99484388764925	1	0.506029487437636	193	FALSE
17	2	IGLL5	2.30797383365252	0.773720166182082	1.53425366747044	0.948186528497409	0.51381524487102	193	FALSE
17	3	IGKV1-39	1.67956315273404	0.188605170645386	1.49095798208865	0.875647668393782	0.187473432221402	193	FALSE
17	4	IGKV3-20	1.58643765280894	0.205264953535454	1.38117269927349	0.886010362694301	0.196769358122469	193	FALSE
17	5	IGKV1-5	1.49313300632623	0.161322366899799	1.33181063942643	0.860103626943005	0.172259883213639	193	FALSE
17	6	MZB1	1.60729454971719	0.397315201732392	1.2099793479848	0.72020725388601	0.240608989417634	193	FALSE
17	7	SSR4	2.01801892797194	0.871910484469	1.14610844350294	0.808290155440415	0.484607468062734	193	FALSE
17	8	IGKV1D-39	1.2577550237444	0.139448047821426	1.11830697592298	0.797927461139896	0.142022954560709	193	FALSE
17	9	IGKV4-1	1.26171507767396	0.173586934082271	1.08812814359168	0.766839378238342	0.18426292592344	193	FALSE
17	10	IGKV3-11	1.08200446956822	0.100551524884215	0.98145294468401	0.766839378238342	0.10764704566302	193	FALSE
17	11	IGKV3-15	1.07301564050988	0.118061886008859	0.954953754501024	0.72020725388601	0.129248047967425	193	FALSE
17	12	EZR	1.75145243789444	0.885369634950411	0.866082802944033	0.751295336787565	0.497505425420051	193	FALSE
17	13	DERL3	0.987296291519733	0.176508107454709	0.810788184065023	0.544041450777202	0.136631093809428	193	FALSE
17	14	HSP90B1	1.90064620882693	1.09125704179741	0.809389167029513	0.787564766839378	0.550529118285344	193	FALSE
17	15	JUN	2.0605441069305	1.29820019232454	0.762343914605955	0.808290155440415	0.63629550081661	193	FALSE
17	16	HERPUD1	1.36267180621899	0.624030662625556	0.738641143593436	0.642487046632124	0.401492270174732	193	FALSE
17	17	TXNDC5	0.945804719849797	0.257743684946935	0.688061034902863	0.569948186528498	0.198525628118218	193	FALSE
17	18	XBP1	1.28881019748223	0.61229747488135	0.676512722600876	0.595854922279793	0.376434660044298	193	FALSE
17	19	MTCO1P12	2.39566339297259	1.72453453615187	0.671128856820721	0.896373056994819	0.777971675951406	193	FALSE
17	20	ANKRD28	0.857019696349563	0.201242622415534	0.655777073934028	0.435233160621762	0.170637850415017	193	FALSE
17	21	DUSP5	0.967213753305572	0.318987137641808	0.648226615663764	0.533678756476684	0.240396447188849	193	FALSE
17	22	IGKV3D-20	0.714942878814366	0.0961907628664393	0.618752115947927	0.616580310880829	0.0996934917332259	193	FALSE
17	23	IGHV3-23	0.707548163848493	0.0994228670323351	0.608125296816158	0.518134715025907	0.105387386178043	193	FALSE
17	24	FKBP11	0.856958950976906	0.259626766287978	0.597332184688927	0.492227979274611	0.199912745821867	193	FALSE
17	25	BIRC3	1.29089427423741	0.707046274063581	0.583848000173832	0.642487046632124	0.415743785936416	193	FALSE
17	26	CD79A	0.809577691094987	0.245850315918021	0.563727375176965	0.435233160621762	0.16117412801754	193	FALSE
17	27	IGKV1-9	0.607242632042339	0.0669540381286105	0.540288593913729	0.544041450777202	0.0808890977023066	193	FALSE
17	28	RRBP1	0.830335333435748	0.308454065309106	0.521881268126643	0.492227979274611	0.257433384790926	193	FALSE
17	29	SLAMF7	0.89700179115204	0.383017211651958	0.513984579500082	0.569948186528498	0.312213347651968	193	FALSE
17	30	IGKV1-33	0.569673362044701	0.0612117982259071	0.508461563818794	0.507772020725389	0.0765935073942323	193	FALSE
17	31	HNRNPH1	1.3314067765109	0.828942932393339	0.502463844117557	0.642487046632124	0.509933552587422	193	FALSE
17	32	TENT5C	0.850098474293509	0.36582559464285	0.48427287965066	0.497409326424871	0.266214734769671	193	FALSE
17	33	SQSTM1	1.53826049086987	1.05695372462403	0.481306766245834	0.606217616580311	0.589290108955858	193	FALSE
17	34	ACADVL	0.775355674533653	0.29488886414068	0.480466810392973	0.409326424870466	0.254334742823903	193	FALSE
17	35	RGS1	1.70813969842891	1.23721464509273	0.470925053336177	0.642487046632124	0.527104727386626	193	FALSE
17	36	GLA	1.00003350085157	0.530280351801998	0.469753149049577	0.523316062176166	0.366579412488534	193	FALSE
17	37	IGKV2D-28	0.532702386555455	0.0669047642491017	0.465797622306353	0.455958549222798	0.0831040114549075	193	FALSE
17	38	IGKV2-28	0.529532780808305	0.0653747600434592	0.464158020764845	0.461139896373057	0.0835067230462895	193	FALSE
17	39	BLOC1S5-TXNDC5	0.615149635638804	0.164138578482696	0.451011057156109	0.440414507772021	0.15927243439157	193	FALSE
17	40	JUND	1.5698731473214	1.13493920170566	0.434933945615732	0.761658031088083	0.657281249300848	193	FALSE
17	41	EHMT1	0.606383799493994	0.185323357401602	0.421060442092392	0.357512953367876	0.206658164977515	193	FALSE
17	42	IGHJ4	0.51171907240342	0.0918983350783149	0.419820737325105	0.44559585492228	0.0954873928899031	193	FALSE
17	43	OGT	0.621888778185792	0.207280747404452	0.41460803078134	0.357512953367876	0.176163948363425	193	FALSE
17	44	LINC02362	0.481131055651145	0.0693074988344669	0.411823556816678	0.321243523316062	0.0758887621093138	193	FALSE
17	45	HDLBP	0.863232746791496	0.456750215627883	0.406482531163613	0.487046632124352	0.359173993780343	193	FALSE
17	46	PRDM1	0.705636835715173	0.301934112218378	0.403702723496795	0.44559585492228	0.235004586437569	193	FALSE
17	47	IGKV1-27	0.43992373804406	0.0420124794239639	0.397911258620096	0.414507772020725	0.0512786093026378	193	FALSE
17	48	IGKV1-12	0.451663143353489	0.057600586690039	0.39406255666345	0.430051813471503	0.0756762198805289	193	FALSE
17	49	MANF	0.847755293865023	0.454323362824379	0.393431931040643	0.419689119170984	0.315222498154239	193	FALSE
17	50	CDK5RAP3	0.646916379234737	0.253957839221008	0.392958540013729	0.362694300518135	0.208447994272546	193	FALSE
18	1	JCHAIN	4.37136176741958	1.14246664537762	3.22889512204196	1	0.50664759904364	81	FALSE
18	2	IGLL5	3.78971850990769	0.774299066948287	3.0154194429594	1	0.514311889705718	81	FALSE
18	3	IGLV1-51	1.62768884002353	0.128473020740909	1.49921581928262	0.876543209876543	0.122684512770094	81	FALSE
18	4	AC245060.7	1.49559944398178	0.136101761601797	1.35949768237998	0.802469135802469	0.131600116193328	81	FALSE
18	5	IGLV2-14	1.03387573345559	0.138883086109881	0.894992647345706	0.691358024691358	0.143219448975488	81	FALSE
18	6	IGLJ2	0.892368258204164	0.0700710825289983	0.822297175675166	0.654320987654321	0.0561414877214935	81	FALSE
18	7	IGLV1-47	0.895533506677152	0.0855887414371123	0.80994476524004	0.641975308641975	0.0942394923245369	81	FALSE
18	8	IGLV1-40	0.880054106338897	0.0989728543247065	0.781081252014191	0.617283950617284	0.110785869103747	81	FALSE
18	9	IGLV2-11	0.881954881450363	0.10905891718672	0.772895964263644	0.666666666666667	0.116606707930195	81	FALSE
18	10	IGLV2-23	0.822414163837236	0.0912726104230912	0.731141553414145	0.592592592592593	0.100004468974147	81	FALSE
18	11	IGLV2-8	0.805036709969772	0.0745493914686831	0.730487318501089	0.62962962962963	0.0857484414452662	81	FALSE
18	12	EZR	1.56688147772356	0.886620406090933	0.680261071632624	0.679012345679012	0.49788840971555	81	FALSE
18	13	MZB1	1.05638536892065	0.399327819105739	0.657057549814911	0.530864197530864	0.241380466114004	81	FALSE
18	14	IGLV1-44	0.692545856008636	0.0869784075438587	0.605567448464778	0.54320987654321	0.0969097043773602	81	FALSE
18	15	MTCO1P12	2.29347152763678	1.72546680854764	0.568004719089136	0.864197530864198	0.778148950908319	81	FALSE
18	16	COTL1	1.93681858384799	1.39220130660037	0.544617277247614	0.641975308641975	0.590306795075191	81	FALSE
18	17	IGLV3-25	0.593599857986012	0.060154675312473	0.533445182673539	0.481481481481482	0.0718164145420419	81	FALSE
18	18	ZFP36L2	1.70508821426359	1.17578667941511	0.529301534848486	0.691358024691358	0.576251871382924	81	FALSE
18	19	IGLV3-1	0.591974467987086	0.10634629830009	0.485628169686996	0.530864197530864	0.109054141621791	81	FALSE
18	20	RBM38	0.885509948703876	0.415416924315079	0.470093024388797	0.345679012345679	0.263613612495252	81	FALSE
18	21	MCL1	1.99215802286341	1.52640442117001	0.465753601693406	0.740740740740741	0.709863025942395	81	FALSE
18	22	ANKRD28	0.661394755473482	0.202240238804285	0.459154516669196	0.37037037037037	0.171027640605099	81	FALSE
18	23	PTPRC	1.97187550723048	1.52480754695099	0.44706796027949	0.703703703703704	0.644414899559806	81	FALSE
18	24	DDX5	1.85826760678246	1.41931323627592	0.438954370506543	0.703703703703704	0.673317989855429	81	FALSE
18	25	HSP90B1	1.53145752921091	1.09260394446043	0.438853584750473	0.691358024691358	0.550912787969522	81	FALSE
18	26	SSR4	1.30671136621622	0.873988334648592	0.432723031567627	0.679012345679012	0.485129488525909	81	FALSE
18	27	IGLJ3	0.507194747764324	0.0775122412733929	0.429682506490931	0.432098765432099	0.0636493642884276	81	FALSE
18	28	NR4A2	1.2886992968806	0.868124655621709	0.420574641258893	0.592592592592593	0.45436060152392	81	FALSE
18	29	IGKV1-39	0.611756573118163	0.191437155394373	0.42031941772379	0.567901234567901	0.188613053873483	81	FALSE
18	30	PIM2	0.789070169757012	0.385026301855177	0.404043867901835	0.37037037037037	0.275456393984761	81	FALSE
18	31	ZNF331	0.83982661889401	0.440616345648804	0.399210273245206	0.395061728395062	0.301197685071392	81	FALSE
18	32	GPR183	0.834375608049611	0.441723668564003	0.392651939485608	0.444444444444444	0.295142225102228	81	FALSE
18	33	TXNDC5	0.643611103714569	0.258878139830586	0.384732963883984	0.333333333333333	0.199204522601837	81	FALSE
18	34	HNRNPH1	1.21023108358165	0.829681331848889	0.380549751732766	0.604938271604938	0.510133398878288	81	FALSE
18	35	JUND	1.50641892776614	1.13554086409358	0.370878063672555	0.703703703703704	0.657464304069001	81	FALSE
18	36	MTND1P23	1.12069077191037	0.765286958030508	0.355403813879859	0.716049382716049	0.64048220231046	81	FALSE
18	37	IGLV6-57	0.4285846452788	0.0734887966778136	0.355095848600987	0.358024691358025	0.0821844345630461	81	FALSE
18	38	MTATP6P1	1.89741965692129	1.54590431570485	0.351515341216442	0.777777777777778	0.749357584966371	81	FALSE
18	39	DUSP2	0.911716294492797	0.564764251353696	0.346952043139102	0.395061728395062	0.325050834580922	81	FALSE
18	40	IGKV1-5	0.502919371625583	0.163884989472883	0.339034382152699	0.395061728395062	0.173541438562778	81	FALSE
18	41	DUSP5	0.655690662780071	0.320080190077253	0.335610472702818	0.382716049382716	0.240900051393203	81	FALSE
18	42	RGS1	1.5690563471572	1.23792978550149	0.331126561655704	0.567901234567901	0.527316604473443	81	FALSE
18	43	IGLV4-69	0.352992860788579	0.0327246268263304	0.320268233962249	0.271604938271605	0.0432373248720756	81	FALSE
18	44	VPS37B	0.699528204425668	0.389940051114	0.309588153311668	0.382716049382716	0.279266194445065	81	FALSE
18	45	HLA-DRB4	0.51005627843833	0.203192739868129	0.306863538570201	0.234567901234568	0.15848099568744	81	FALSE
18	46	FLNA	0.753537446178268	0.449464506314348	0.30407293986392	0.358024691358025	0.3313073983867	81	FALSE
18	47	TENT5C	0.667136685315393	0.366597145906766	0.300539539408627	0.37037037037037	0.266618997609099	81	FALSE
18	48	ALPL	0.447750702669372	0.156482776492804	0.291267926176568	0.185185185185185	0.0924519026657431	81	FALSE
18	49	PIK3CD	0.56762123706945	0.279801292440045	0.287819944629405	0.234567901234568	0.194232788863316	81	FALSE
18	50	CD79A	0.531345689328971	0.246807506030001	0.28453818329897	0.259259259259259	0.161676312202534	81	FALSE
2	1	CCL5	2.9459958185498	0.616546043494631	2.32944977505517	0.917652683160033	0.474636788968234	8367	FALSE
2	2	NKG7	2.02990495929454	0.186024250931638	1.84388070836291	0.770407553483925	0.138709677419355	8367	FALSE
2	3	GZMB	1.6834928024245	0.0983396681026863	1.58515313432182	0.678379347436357	0.0874907658212263	8367	FALSE
2	4	TRBC2	2.03905802811499	0.456480613442812	1.58257741467217	0.803155252778774	0.26511942871214	8367	FALSE
2	5	IL32	2.04730879173414	0.533818328545589	1.51349046318855	0.828014820126688	0.335163752770254	8367	FALSE
2	6	GNLY	1.58006092408324	0.105296960847004	1.47476396323624	0.514521333811402	0.108680128047279	8367	FALSE
2	7	PTMA	3.38974883775904	1.92185439339341	1.46789444436563	0.984462770407553	0.735988672740704	8367	FALSE
2	8	EEF1A1	4.44818834022133	3.05002259374457	1.39816574647676	0.994143659615155	0.862558483132234	8367	FALSE
2	9	GZMA	1.53132395435251	0.146432247503562	1.38489170684895	0.672523007051512	0.108126077320857	8367	FALSE
2	10	RGS1	2.48738626032931	1.1095453842039	1.3778408761254	0.821082825385443	0.497094311745875	8367	FALSE
2	11	CCL4	1.84597440925689	0.533813603767012	1.31216080548987	0.689733476753914	0.317286382664368	8367	FALSE
2	12	ZFP36L2	2.35602161336966	1.05473087705023	1.30129073631942	0.885144018166607	0.544545678404334	8367	FALSE
2	13	CALM1	2.414252391516	1.13937101057305	1.27488138094295	0.92577984940839	0.580435853238119	8367	FALSE
2	14	BTG1	2.8981676646429	1.63853754683596	1.25963011780694	0.940360941795148	0.694927357793647	8367	FALSE
2	15	TMSB4X	4.72756031704156	3.47819885495939	1.24936146208217	0.996175451177244	0.939436099482886	8367	FALSE
2	16	ARL4C	1.67496018838176	0.474320771453114	1.20063941692865	0.740767300107565	0.280768283673972	8367	FALSE
2	17	PTPRC	2.58082383512598	1.41646630368114	1.16435753144485	0.9172941317079	0.616362964786998	8367	FALSE
2	18	HSPA8	2.62817430080015	1.47094580080804	1.15722849999211	0.939643838890881	0.670241319871953	8367	FALSE
2	19	CXCR4	2.11933770722191	0.980872500799811	1.1384652064221	0.808892076012908	0.463038660428466	8367	FALSE
2	20	UBB	2.91729227788687	1.81041120268723	1.10688107519964	0.953507828373372	0.725707953705984	8367	FALSE
2	21	TRBC1	1.38070282640567	0.275948454747555	1.10475437165811	0.690570096808892	0.181076089633095	8367	FALSE
2	22	CD3D	1.33028080539017	0.26396003190241	1.06632077348776	0.634038484522529	0.169896577197735	8367	FALSE
2	23	CD52	1.51796066132809	0.454384294381287	1.0635763669468	0.713397872594717	0.272186653533612	8367	FALSE
2	24	CD3E	1.27793725247947	0.234572959677081	1.04336429280239	0.670252181188	0.171103176557498	8367	FALSE
2	25	DUSP2	1.50500841088759	0.468249602654781	1.03675880823281	0.679574518943468	0.28859886727407	8367	FALSE
2	26	HNRNPA1	2.00273067977123	0.994642287070577	1.00808839270065	0.874148440301183	0.538832799803004	8367	FALSE
2	27	TRAC	1.28324015031284	0.282795922175939	1.0004442281369	0.633560415919685	0.177911844373307	8367	FALSE
2	28	CD8A	1.10232707684518	0.116158231898797	0.986168844946386	0.511055336440779	0.0827998030041862	8367	FALSE
2	29	TNFAIP3	2.33762522455619	1.35512594475899	0.982499279797204	0.883112226604518	0.628687515390298	8367	FALSE
2	30	NR4A2	1.75468437884154	0.777213812747561	0.977470566093977	0.735030476873431	0.425584831322334	8367	FALSE
2	31	RUNX3	1.31814084643045	0.350935014121899	0.967205832308546	0.705509740647783	0.250554050726422	8367	FALSE
2	32	ID2	1.92883934253982	0.963543716493585	0.965295626046238	0.789291263296283	0.485299187392268	8367	FALSE
2	33	CST7	1.18585500698993	0.235702092842645	0.950152914147287	0.630333452850484	0.160699335139128	8367	FALSE
2	34	PFN1	2.57886211050718	1.63737610084704	0.941486009660137	0.913708617186566	0.722753016498399	8367	FALSE
2	35	SARAF	1.61164538573791	0.683544428701024	0.928100957036891	0.760487629974901	0.418135927111549	8367	FALSE
2	36	MBNL1	1.54972126951499	0.622802528992398	0.926918740522592	0.767897693318991	0.403078059591234	8367	FALSE
2	37	CD2	1.11973622531494	0.21297750743381	0.906758717881131	0.625433249671328	0.145949273577936	8367	FALSE
2	38	GAPDH	2.64039051902984	1.74181588213284	0.898574636896996	0.910720688418788	0.721041615365674	8367	FALSE
2	39	CREM	1.71183862305426	0.818752932596568	0.893085690457688	0.740408748655432	0.450886481162275	8367	FALSE
2	40	UBA52	2.23276785995282	1.34159940705887	0.891168452893954	0.894346838771364	0.654592464910121	8367	FALSE
2	41	IL2RB	1.03050530033897	0.141421600828322	0.88908369951065	0.555276682203896	0.0976976114257572	8367	FALSE
2	42	PRF1	0.948388540416447	0.0654128793807622	0.882975661035685	0.48141508306442	0.0580152671755725	8367	FALSE
2	43	DUSP4	1.12531520280966	0.247935057796535	0.877380145013122	0.540217521214294	0.175326274316671	8367	FALSE
2	44	TMSB10	2.33930927623144	1.4953819105389	0.843927365692544	0.919564957571412	0.684720512189116	8367	FALSE
2	45	MTCO1P12	2.49047490973047	1.64722481888561	0.843250090844866	0.98302856459902	0.757128786013297	8367	FALSE
2	46	RACK1	2.02484871038038	1.1829041145913	0.841944595789082	0.853471973228158	0.583452351637528	8367	FALSE
2	47	NPM1	1.67601317470068	0.838529104423208	0.837484070277476	0.797657463846062	0.486407288845112	8367	FALSE
2	48	CNOT6L	1.15086189100222	0.32270233674925	0.828159554252974	0.647065853950042	0.277579413937454	8367	FALSE
2	49	ETS1	1.12073348590906	0.296793019254388	0.823940466654672	0.676347555874268	0.219982762866289	8367	FALSE
2	50	HSP90AB1	2.34500317644674	1.52143138973957	0.823571786707169	0.893749253017808	0.651342033981778	8367	FALSE
3	1	JCHAIN	4.48915899277332	0.876580914587418	3.61257807818591	0.94959495949595	0.471521086335187	6666	FALSE
3	2	SSR4	2.63652658229132	0.732720991114029	1.90380559117729	0.906540654065406	0.451441733698339	6666	FALSE
3	3	MZB1	2.13608047842485	0.260352510492888	1.87572796793196	0.83978397839784	0.193557723616454	6666	FALSE
3	4	IGKV3-20	1.516173649167	0.103096009189388	1.41307763997761	0.794329432943294	0.150335861844406	6666	FALSE
3	5	HSP90B1	2.26450685880344	0.998823627210935	1.2656832315925	0.871437143714372	0.525283100782673	6666	FALSE
3	6	IGKV1-39	1.33405303601476	0.0999931112152164	1.23405992479954	0.741824182418242	0.144511040629032	6666	FALSE
3	7	XBP1	1.73961232706135	0.523247489362966	1.21636483769839	0.788328832883288	0.343833287104594	6666	FALSE
3	8	IGKV4-1	1.2385528510476	0.0905072067420589	1.14804564430554	0.756225622562256	0.139638933442674	6666	FALSE
3	9	TXNDC5	1.30959755287736	0.174786869376838	1.13481068350052	0.720522052205221	0.157426948541383	6666	FALSE
3	10	IGKV1-5	1.15367747815076	0.0846469804694659	1.0690304976813	0.721422142214221	0.129713824001158	6666	FALSE
3	11	IGKV1D-39	1.10148924199702	0.0647126568586852	1.03677658513834	0.681668166816682	0.100167629430422	6666	FALSE
3	12	HERPUD1	1.57486057473109	0.549312865524918	1.02554770920617	0.765076507650765	0.372824736797675	6666	FALSE
3	13	FKBP11	1.16988661512114	0.187841488244095	0.982045126877043	0.701170117011701	0.160297150299683	6666	FALSE
3	14	IGKV3-15	0.979733229317223	0.0510149968025682	0.928718232514655	0.689018901890189	0.0856236658988676	6666	FALSE
3	15	DERL3	1.01794397623473	0.110752395611352	0.907191580623376	0.632013201320132	0.0977556951797494	6666	FALSE
3	16	IGKV3D-20	0.89975019532058	0.0330329618466571	0.866717233473923	0.647764776477648	0.0568372306170934	6666	FALSE
3	17	IGKV3-11	0.839592193683872	0.0434245645256267	0.796167629158246	0.613561356135614	0.0685109923903474	6666	FALSE
3	18	CD79A	0.970934069192192	0.188873085591368	0.782060983600824	0.603960396039604	0.126216519337683	6666	FALSE
3	19	BLOC1S5-TXNDC5	0.884273486909685	0.107296835552157	0.776976651357528	0.675367536753675	0.118438031379265	6666	FALSE
3	20	SEC11C	0.889553553006347	0.207215168118497	0.68233838488785	0.652265226522652	0.196186731949687	6666	FALSE
3	21	PIM2	1.01256286302464	0.334973466464195	0.677589396560442	0.654815481548155	0.245052519868308	6666	FALSE
3	22	JUN	1.91441919865235	1.25043685709388	0.663982341558477	0.818481848184818	0.622049902919646	6666	FALSE
3	23	IGLL5	1.38682209799651	0.728004044576539	0.658818053419974	0.832583258325833	0.489200564392615	6666	FALSE
3	24	DUSP5	0.888118770520201	0.274743535563393	0.613375234956807	0.545304530453045	0.216567576367868	6666	FALSE
3	25	UBE2J1	0.8834333334935	0.277085971664718	0.606347361828783	0.608310831083108	0.220149298730117	6666	FALSE
3	26	SLAMF7	0.938037944618338	0.339595530990722	0.598442413627616	0.656315631563156	0.285150926785736	6666	FALSE
3	27	SEC61B	1.07724622053737	0.483985025421059	0.593261195116306	0.659315931593159	0.324537813099215	6666	FALSE
3	28	ANKRD28	0.738470785978735	0.159581306668703	0.578889479310032	0.55010501050105	0.140748423197984	6666	FALSE
3	29	SSR3	0.843446599728844	0.265131913483762	0.578314686245082	0.626162616261626	0.241048709012192	6666	FALSE
3	30	IGKV2D-28	0.601756149292604	0.0249923368592384	0.576763812433365	0.551905190519052	0.046285018270402	6666	FALSE
3	31	LMAN1	0.794067448656304	0.22302927960466	0.571038169051644	0.545154515451545	0.191121670023275	6666	FALSE
3	32	IGKV1-9	0.595988194902011	0.0256826353425111	0.5703055595595	0.524152415241524	0.0463332569554154	6666	FALSE
3	33	ITM2C	0.807526498822119	0.243586168619873	0.563940330202246	0.577557755775578	0.185827474343049	6666	FALSE
3	34	PRDX4	0.70210448678227	0.144417141645601	0.55768734513667	0.556855685568557	0.146500886385837	6666	FALSE
3	35	IGKV2-28	0.57640165292504	0.025373761865181	0.551027891059859	0.533453345334534	0.0482145656709398	6666	FALSE
3	36	TENT5C	0.873908433418288	0.326108085959832	0.547800347458455	0.605910591059106	0.239444772735495	6666	FALSE
3	37	PRDM1	0.80283751878168	0.262606228057357	0.540231290724323	0.571257125712571	0.208463477285609	6666	FALSE
3	38	SPCS2	0.865566061964913	0.331894310609177	0.533671751355736	0.632763276327633	0.272910360463574	6666	FALSE
3	39	HSPA5	1.3316750501172	0.804302749020843	0.527372301096357	0.731473147314731	0.482555685532012	6666	FALSE
3	40	IGHJ4	0.570659408508356	0.0543879828975536	0.516271425610802	0.481698169816982	0.0652548811519398	6666	FALSE
3	41	MANF	0.918594428123959	0.417916438660462	0.500677989463497	0.608460846084609	0.291892283016365	6666	FALSE
3	42	IGHV3-23	0.556525170713302	0.0640919403183325	0.49243323039497	0.418391839183918	0.0811857068776305	6666	FALSE
3	43	IGKJ1	0.503742755994223	0.0116841082806299	0.492058647713593	0.520702070207021	0.0209838279808492	6666	FALSE
3	44	IGKV1-33	0.500146762910166	0.0271093707012964	0.47303739220887	0.466846684668467	0.0462247199141351	6666	FALSE
3	45	IGKV1-12	0.49597435873547	0.0232770077291148	0.472697351006355	0.472847284728473	0.0445725449524246	6666	FALSE
3	46	SPCS3	0.745661024566359	0.280717055365669	0.46494396920069	0.603510351035104	0.244799266771988	6666	FALSE
3	47	IGKV2-30	0.474332093220527	0.0198959401034323	0.454436153117095	0.495349534953495	0.0378432483930488	6666	FALSE
3	48	PPIB	0.979270555659355	0.533662551185578	0.445608004473777	0.648514851485149	0.36785615224129	6666	FALSE
3	49	CD38	0.611652553991511	0.167994827661028	0.443657726330483	0.46984698469847	0.146030559206956	6666	FALSE
3	50	RRBP1	0.717693732365516	0.276770070472459	0.440923661893057	0.584758475847585	0.231666284777077	6666	FALSE
4	1	CXCL8	5.78755025183166	2.2184778127197	3.56907243911196	0.963647288568424	0.673170143494513	6657	FALSE
4	2	CCL3L1	2.9644774922869	0.242643825897125	2.72183366638977	0.876520955385309	0.181779814301218	6657	FALSE
4	3	HCAR3	3.33557640719525	0.987851535603854	2.34772487159139	0.820489710079615	0.366923911732787	6657	FALSE
4	4	SOD2	3.97394610774	1.69752635813167	2.27641974960832	0.945771368484302	0.666164234896901	6657	FALSE
4	5	HCAR2	3.32972010202276	1.09175332693555	2.23796677508721	0.835811927294577	0.394525503436633	6657	FALSE
4	6	G0S2	3.4219774160644	1.22552760848364	2.19644980758075	0.86946071804116	0.44097431568793	6657	FALSE
4	7	CCL4L2	2.5361215190068	0.358254357807842	2.17786716119896	0.723449001051525	0.24888460147112	6657	FALSE
4	8	PLEK	3.32090264309552	1.17256467050942	2.1483379725861	0.846026738771218	0.465404558061015	6657	FALSE
4	9	IL1B	3.27966490826635	1.24532018904509	2.03434471922126	0.782484602673877	0.463559628602436	6657	FALSE
4	10	CCL3L3	2.13319600977748	0.141597402558462	1.99159860721902	0.838365630163738	0.126793681418063	6657	FALSE
4	11	IL1RN	2.93035633054473	0.945522267939551	1.98483406260518	0.736517951028992	0.376052092125889	6657	FALSE
4	12	NAMPT	3.48621434946328	1.59323401379441	1.89298033566887	0.935406339191828	0.638767635355119	6657	FALSE
4	13	FTH1	5.45907489496513	3.66046007170222	1.79861482326291	0.992789544840018	0.947196430724708	6657	FALSE
4	14	PPIF	2.59275445749005	0.828446588762564	1.76430786872748	0.790896800360523	0.4106354757024	6657	FALSE
4	15	BCL2A1	2.84207661888534	1.14843974587521	1.69363687301013	0.840618897401232	0.459785361147956	6657	FALSE
4	16	CSF3R	2.48429490490901	0.922027277340283	1.56226762756872	0.829652996845426	0.388870131436151	6657	FALSE
4	17	SAT1	4.08812124500429	2.52586753634628	1.56225370865801	0.957187922487607	0.838707343542747	6657	FALSE
4	18	PLAUR	2.75654105935585	1.20711707252062	1.54942398683523	0.842721946822893	0.521885927890993	6657	FALSE
4	19	LCP2	2.34409396422094	0.828619106991779	1.51547485722916	0.788042661859697	0.413131556734595	6657	FALSE
4	20	NAMPTP1	2.5186442744817	1.06500775140383	1.45363652307787	0.901757548445246	0.544242131918486	6657	FALSE
4	21	IFITM2	3.33095116352716	1.93024120766685	1.40070995586031	0.904912122577738	0.744157723381165	6657	FALSE
4	22	S100A9	3.27298429735975	1.88560127336217	1.38738302399757	0.862700916328677	0.568033281080429	6657	FALSE
4	23	NFKBIA	3.189429558971	1.81317820983777	1.37625134913323	0.902208201892745	0.743349813095382	6657	FALSE
4	24	LITAF	2.75176166946905	1.40044553590165	1.3513161335674	0.839417154874568	0.601712287471361	6657	FALSE
4	25	IER3	2.30817356273407	0.986189417089649	1.32198414564442	0.783385909568875	0.50628240684915	6657	FALSE
4	26	OSM	1.77041143570231	0.488007564447512	1.2824038712548	0.632266786840919	0.234631617026408	6657	FALSE
4	27	SRGN	4.00521278182567	2.7423170110286	1.26289577079707	0.959441189725101	0.855890510068733	6657	FALSE
4	28	AC131056.2	1.30438525655062	0.0765235011985346	1.22786175535208	0.726453357368184	0.0895212830097673	6657	FALSE
4	29	TNFAIP6	1.65019601459565	0.427924965789679	1.22227104880597	0.585248610485204	0.211937778849632	6657	FALSE
4	30	ZFP36	2.8740971759919	1.66503596225142	1.20906121374048	0.837013669821241	0.715314120342458	6657	FALSE
4	31	CCL4	1.75706683528313	0.568006931842871	1.18905990344025	0.635120925341746	0.329350054262631	6657	FALSE
4	32	IVNS1ABP	1.96013489850125	0.781075354102221	1.17905954439902	0.715487456812378	0.441516941999276	6657	FALSE
4	33	AQP9	1.71351414507909	0.561424750456807	1.15208939462228	0.63482048971008	0.274508621729169	6657	FALSE
4	34	ITGAX	1.70140582660246	0.55127061678513	1.15013520981733	0.65720294426919	0.301447003496925	6657	FALSE
4	35	FCGR2A	1.87317723648191	0.748967137926632	1.12421009855528	0.68664563617245	0.365971301097311	6657	FALSE
4	36	NEAT1	2.16698496794925	1.08915066401431	1.07783430393493	0.751539732612288	0.595598697696853	6657	FALSE
4	37	PI3	1.28441654469369	0.212913171337125	1.07150337335656	0.421060537779781	0.150307488243097	6657	FALSE
4	38	FCGR3B	1.89381955494837	0.848161152445476	1.04565840250289	0.634369836262581	0.325467261545882	6657	FALSE
4	39	ALOX5AP	1.72845843088952	0.696993467470727	1.0314649634188	0.625356767312603	0.347570239961413	6657	FALSE
4	40	CXCL1	1.50904217596428	0.491824960287093	1.01721721567719	0.527414751389515	0.262655251416858	6657	FALSE
4	41	PTGS2	1.63456806391915	0.625043147737301	1.00952491618184	0.576385759351059	0.309719040154347	6657	FALSE
4	42	GK	1.43554082652612	0.430694016843314	1.00484680968281	0.602373441490161	0.263017002291089	6657	FALSE
4	43	SLC25A37	1.72530130443671	0.723115055437303	1.00218624899941	0.679284963196635	0.411455444350657	6657	FALSE
4	44	SOCS3	2.06710652346636	1.06927770221545	0.997828821250903	0.642782033949226	0.503496925117569	6657	FALSE
4	45	PLAU	1.26247620714603	0.273774335692303	0.988701871453727	0.462520654949677	0.175690341251658	6657	FALSE
4	46	FFAR2	1.39756538455854	0.446600652516107	0.950964732042433	0.547543938711131	0.219088387796937	6657	FALSE
4	47	CCL3	1.25630633154253	0.306916370159053	0.949389961383476	0.524861048520355	0.217749909562281	6657	FALSE
4	48	TREM1	1.35872474436166	0.461321987934525	0.897402756427133	0.577287066246057	0.243663330519715	6657	FALSE
4	49	FTL	3.85274330675295	2.95861415244356	0.894129154309392	0.957939011566772	0.911624261425298	6657	FALSE
4	50	LUCAT1	1.27108346523413	0.384801516731132	0.886281948502995	0.555655700766111	0.257554564090197	6657	FALSE
5	1	AGR2	2.39536174199671	0.100952985405969	2.29440875659074	0.80542095699576	0.146632442789487	6604	FALSE
5	2	LYZ	2.76131457923523	0.82288992247082	1.93842465676441	0.812689279224712	0.478085873010135	6604	FALSE
5	3	PGC	1.96055222598516	0.128818213057278	1.83173401292788	0.539975772259237	0.120133039297205	6604	FALSE
5	4	KRT8	1.63947015953633	0.129500500662088	1.50996965887425	0.742580254391278	0.190038923634961	6604	FALSE
5	5	SPINK1	1.57868304949409	0.076189547264258	1.50249350222983	0.677619624470018	0.112456768253739	6604	FALSE
5	6	KRT18	1.52935525312539	0.102924396297275	1.42643085682812	0.682616596002423	0.137835460274996	6604	FALSE
5	7	TFF2	1.41120910335068	0.0488492471459793	1.3623598562047	0.436705027256208	0.0573972982418086	6604	FALSE
5	8	S100A6	2.38015002598653	1.18121686610739	1.19893315987914	0.831162931556632	0.603123531325693	6604	FALSE
5	9	S100P	1.39668743552078	0.274173260243688	1.12251417527709	0.595093882495457	0.207572635359049	6604	FALSE
5	10	CD24	1.2522955445486	0.147749245347251	1.10454629920135	0.587068443367656	0.137377535157803	6604	FALSE
5	11	PIGR	1.13738226352347	0.0509964829914599	1.08638578053201	0.519382192610539	0.0872829374691202	6604	FALSE
5	12	KRT19	1.2307323443924	0.151187595945067	1.07954474844733	0.578285887341006	0.116529891664558	6604	FALSE
5	13	CYSTM1	1.31282441343008	0.317725354012559	0.995099059417516	0.585554209569958	0.245725028017787	6604	FALSE
5	14	LCN2	1.08768086104394	0.0952925521673768	0.992388308876567	0.46305269533616	0.13285853729077	6604	FALSE
5	15	EPCAM	1.00073766817599	0.0405786870344343	0.960158981141558	0.535887341005451	0.0643143776436138	6604	FALSE
5	16	FXYD3	1.09512963682066	0.135942421263516	0.959187215557141	0.561175045427014	0.108889772604027	6604	FALSE
5	17	MUC6	0.975169884328887	0.0312903525248507	0.943879531804036	0.384009691096305	0.0453225359410964	6604	FALSE
5	18	CLDN4	1.1556054978169	0.215939216169236	0.939666281647662	0.539975772259237	0.162780328501018	6604	FALSE
5	19	CST3	1.50476179938371	0.565613513834573	0.939148285549133	0.695487583282859	0.340768591157225	6604	FALSE
5	20	TSPAN8	0.96004066391146	0.0268040161271676	0.933236647784292	0.50893397940642	0.0536254413554584	6604	FALSE
5	21	MUC1	0.977538218822939	0.0445308257594798	0.933007393063459	0.489854633555421	0.0682549437836665	6604	FALSE
5	22	GSTP1	1.47842223673194	0.557801441364195	0.920620795367744	0.662780133252574	0.358362556186207	6604	FALSE
5	23	TFF1	0.903069463531893	0.0288358000216994	0.874233663510194	0.430950938824955	0.050697130737621	6604	FALSE
5	24	LIPF	0.913203885260067	0.0631192172768399	0.850084667983227	0.392489400363416	0.0923080630972609	6604	FALSE
5	25	REG1A	0.932363415608557	0.0880263631974658	0.844337052411091	0.450333131435494	0.119663063519034	6604	FALSE
5	26	GOLM1	0.840138924535611	0.040301266353283	0.799837658182327	0.452907328891581	0.0558186616535917	6604	FALSE
5	27	TFF3	0.804683824203428	0.0382142434895543	0.766469580713873	0.384766807995154	0.0641577190508899	6604	FALSE
5	28	MTCO1P12	2.43280709134831	1.66972928585782	0.763077805490486	0.936402180496669	0.765638745285179	6604	FALSE
5	29	ELF3	0.835407650064136	0.07646892913064	0.758938720933497	0.487734706238643	0.107684706506152	6604	FALSE
5	30	GPX2	0.811112140353734	0.058420854684277	0.752691285669457	0.443519079345851	0.0813419616065941	6604	FALSE
5	31	EEF1A1	3.86874739323243	3.12584046276537	0.742906930467056	0.967595396729255	0.867466830555656	6604	FALSE
5	32	C6orf58	0.767971090552769	0.0263904409445342	0.741580649608234	0.313900666262871	0.0337900533844281	6604	FALSE
5	33	IFI27	1.01627761610621	0.290132669840783	0.726144946265431	0.514233797698365	0.164587927647831	6604	FALSE
5	34	LGALS4	0.761900964765311	0.035856663345155	0.726044301420156	0.438370684433677	0.0628803489871419	6604	FALSE
5	35	CLDN18	0.74625240784662	0.0242544387871308	0.721997969059489	0.375681405208964	0.0428642011014304	6604	FALSE
5	36	ATP1B1	0.838210811929781	0.1734520942553	0.664758717674482	0.49030890369473	0.188978465468831	6604	FALSE
5	37	S100A10	1.13645850121365	0.47558388384109	0.660874617372558	0.580557238037553	0.33520118578504	6604	FALSE
5	38	LGALS3	1.07137345741001	0.420224188355913	0.651149269054102	0.572228952150212	0.315305544509116	6604	FALSE
5	39	RNASE1	0.78022034525082	0.139596736534061	0.64062360871676	0.408691701998789	0.104840750515166	6604	FALSE
5	40	KLF5	0.754907231330353	0.115825394304397	0.639081837025955	0.41686856450636	0.0981646843329357	6604	FALSE
5	41	NQO1	0.674506866023638	0.0516252392922845	0.622881626731353	0.400969109630527	0.0718701420772929	6604	FALSE
5	42	CA2	0.676622133930404	0.0610540752074725	0.615568058722931	0.365233192004846	0.0801730474916549	6604	FALSE
5	43	SPINT2	0.819138098730508	0.214751307505588	0.60438679122492	0.467595396729255	0.168733355024523	6604	FALSE
5	44	PSCA	0.612601457087924	0.0149305852079557	0.597670871879969	0.243640218049667	0.0240892712965306	6604	FALSE
5	45	NDUFA4	1.13620962264868	0.540390865464176	0.595818757184504	0.575863113264688	0.38213851029729	6604	FALSE
5	46	ANXA2	1.11703412338968	0.535568465267768	0.581465658121912	0.585099939430648	0.365653206078353	6604	FALSE
5	47	UBB	2.45232802491756	1.87093028806841	0.58139773684915	0.853725015142338	0.738488606100045	6604	FALSE
5	48	ANXA10	0.562494761362725	0.00880639416875013	0.553688367193975	0.310266505148395	0.0197028307002639	6604	FALSE
5	49	COX5B	0.975342007307285	0.42297701734904	0.552364989958245	0.563749242883101	0.346131135292771	6604	FALSE
5	50	SMIM22	0.560072384486622	0.01711285024382	0.542959534242802	0.402331920048456	0.0335731414868106	6604	FALSE
6	1	HLA-DRA	3.66048630276548	1.00661951808377	2.65386678468171	0.941330343796712	0.509479432539918	5352	FALSE
6	2	CD74	4.25144700359028	1.62620586864634	2.62524113494394	0.971412556053812	0.688538018638333	5352	FALSE
6	3	C1QB	2.6443122856876	0.107920939586701	2.5363913461009	0.836136023916293	0.145022852733424	5352	FALSE
6	4	CTSB	3.10044689784549	0.676455878160426	2.42399101968506	0.89237668161435	0.450798361726123	5352	FALSE
6	5	C1QA	2.4439843082228	0.0825883167548569	2.36139599146794	0.815022421524664	0.1135157594824	5352	FALSE
6	6	HLA-DRB1	3.0700889318069	0.725302342123923	2.34478658968298	0.895926756352765	0.426805959518015	5352	FALSE
6	7	C1QC	2.33721088506628	0.082492752856616	2.25471813220967	0.808295964125561	0.123012999347065	5352	FALSE
6	8	HLA-DPA1	2.57739592026558	0.503014433991068	2.07438148627452	0.853512705530643	0.340927168041788	5352	FALSE
6	9	HLA-DRB3	2.49388623353718	0.536391841668343	1.95749439186883	0.852578475336323	0.346934172256188	5352	FALSE
6	10	HLA-DPB1	2.4577621733947	0.514952307943064	1.94280986545163	0.839686098654709	0.350721196652223	5352	FALSE
6	11	APOE	1.88936178453088	0.111344106575991	1.77801767795489	0.693011958146487	0.133175046002256	5352	FALSE
6	12	HLA-DQA1	2.38644544046819	0.619796021407033	1.76664941906116	0.837817638266069	0.475787974120021	5352	FALSE
6	13	PSAP	2.85027116403633	1.08756693072462	1.76270423331171	0.875	0.597637561583665	5352	FALSE
6	14	CST3	2.2133255427748	0.534552559348652	1.67877298342614	0.783071748878924	0.340476049148216	5352	FALSE
6	15	SELENOP	1.84134906949673	0.17061580017206	1.67073326932467	0.625747384155456	0.173348370629786	5352	FALSE
6	16	HLA-DQB1	1.92909036599923	0.35599233018235	1.57309803581688	0.756913303437967	0.263132902000356	5352	FALSE
6	17	CTSD	2.16004012230446	0.617552698488455	1.542487423816	0.797085201793722	0.425227043390515	5352	FALSE
6	18	FTL	4.41283738924896	2.93687989728662	1.47595749196234	0.985612855007474	0.910583486674185	5352	FALSE
6	19	HLA-DMA	1.71853903324211	0.344758442642176	1.37378059059993	0.678998505231689	0.24232207514691	5352	FALSE
6	20	GPX1	1.83391597595062	0.484248266623245	1.34966770932738	0.74906576980568	0.340879681842465	5352	FALSE
6	21	LGMN	1.42869995086892	0.0983149826610175	1.3303849682079	0.625	0.116875408084525	5352	FALSE
6	22	CTSC	1.69784744148139	0.398122146677188	1.29972529480421	0.716554559043348	0.303104410280762	5352	FALSE
6	23	NPC2	1.68533346205256	0.390601277836934	1.29473218421563	0.731128550074739	0.30479017035674	5352	FALSE
6	24	HLA-DMB	1.40513405620407	0.172279858699078	1.232854197505	0.618834080717489	0.141425773134683	5352	FALSE
6	25	MS4A6A	1.29930121698457	0.103894653510612	1.19540656347396	0.605007473841555	0.101347420905799	5352	FALSE
6	26	RGS1	2.35968402093991	1.16697581842638	1.19270820251353	0.754484304932736	0.512922181990859	5352	FALSE
6	27	IFI30	1.72368122278551	0.560716650227022	1.16296457255849	0.739162929745889	0.363103223125779	5352	FALSE
6	28	CTSL	1.32559376510831	0.182810932361625	1.14278283274668	0.604073243647235	0.166391642428919	5352	FALSE
6	29	TMSB4X	4.65323261903056	3.52763942773712	1.12559319129344	0.991218236173393	0.941781919629608	5352	FALSE
6	30	MS4A7	1.21914103320902	0.0955466541946003	1.12359437901442	0.592488789237668	0.105621178844898	5352	FALSE
6	31	SLC40A1	1.20354925532453	0.0884355621300497	1.11511369319448	0.545403587443946	0.0867097999643854	5352	FALSE
6	32	GRN	1.44529930612977	0.355818376102591	1.08948093002718	0.657698056801196	0.259535822401615	5352	FALSE
6	33	LYZ	1.98921214226272	0.900757791087735	1.08845435117499	0.776532137518685	0.485356443283671	5352	FALSE
6	34	FCGR3A	1.5388771889101	0.450581587287357	1.08829560162274	0.649663677130045	0.292799905027601	5352	FALSE
6	35	FCER1G	1.69256207871397	0.624092251157632	1.06846982755634	0.709828101644245	0.336344749807087	5352	FALSE
6	36	AL662796.1	1.34344507008018	0.282998820719115	1.06044624936107	0.79372197309417	0.256271146198136	5352	FALSE
6	37	CD14	1.46559973529286	0.431926001560297	1.03367373373256	0.62219730941704	0.237336024217962	5352	FALSE
6	38	APOC1	1.07779819200255	0.0446936088480132	1.03310458315454	0.517002989536622	0.0658633584614471	5352	FALSE
6	39	LAPTM5	2.31475727026433	1.30671125273728	1.00804601752705	0.852204783258595	0.593779307888645	5352	FALSE
6	40	TYROBP	1.90762393172618	0.900621174296547	1.00700275742963	0.781203288490284	0.440695672820087	5352	FALSE
6	41	CTSZ	1.21486058605025	0.208932656790552	1.0059279292597	0.637331838565022	0.212560099721019	5352	FALSE
6	42	TMSB10	2.51461728529417	1.51444990535174	1.00016737994244	0.907137518684604	0.693915830711699	5352	FALSE
6	43	ARL4C	1.52006186205032	0.527136628098995	0.992925233951325	0.663116591928251	0.302166557844127	5352	FALSE
6	44	AC007192.1	1.39545530240217	0.408730056282902	0.986725246119264	0.704596412556054	0.311212678815219	5352	FALSE
6	45	FCGRT	1.24999558355549	0.271967864683629	0.978027718871861	0.613976083707025	0.21000771650739	5352	FALSE
6	46	GPR183	1.35826401884729	0.383867443151552	0.974396575695741	0.60949177877429	0.275313112126788	5352	FALSE
6	47	TMEM176B	1.07576316263426	0.132981713581226	0.942781449053039	0.556614349775785	0.114406125719713	5352	FALSE
6	48	AIF1	1.27935738081208	0.356507378902944	0.922850001909138	0.653587443946188	0.224799667596605	5352	FALSE
6	49	CYBB	1.09356706383477	0.183631477768569	0.909935586066205	0.586883408071749	0.139882471656675	5352	FALSE
6	50	RNASE1	1.0238614519828	0.133638329160449	0.890223122822353	0.437593423019432	0.107520626817831	5352	FALSE
7	1	IL1B	3.78176704325108	1.25713350987644	2.52463353337463	0.912639029322548	0.462406370359869	4945	FALSE
7	2	HLA-DRA	3.50485839010269	1.02847278016976	2.47638560993293	0.956319514661274	0.510680276931074	4945	FALSE
7	3	TIMP1	2.87280039256132	0.459865048918085	2.41293534364324	0.906976744186047	0.332577207532903	4945	FALSE
7	4	LYZ	3.08990528393061	0.841686329347471	2.24821895458314	0.933265925176946	0.47759977316226	4945	FALSE
7	5	CXCL8	4.52866237996368	2.3642145928306	2.16444778713308	0.972497472194135	0.678528390160913	4945	FALSE
7	6	CXCL2	2.31086790108345	0.318750960431663	1.99211694065178	0.8262891809909	0.228054630089081	4945	FALSE
7	7	CD74	3.54472997693253	1.68011750635274	1.86461247057979	0.964408493427705	0.690307412395737	4945	FALSE
7	8	CTSB	2.47620322752145	0.724581504855969	1.75162172266548	0.916279069767442	0.451525247513055	4945	FALSE
7	9	HLA-DRB1	2.47924744021792	0.771095675432547	1.70815176478537	0.896663296258847	0.429018690484629	4945	FALSE
7	10	PSAP	2.71603350529107	1.10388537600537	1.6121481292857	0.935085945399393	0.595460882304293	4945	FALSE
7	11	PLAUR	2.84162989059968	1.23348518285545	1.60814470774423	0.937310414560162	0.522849176531746	4945	FALSE
7	12	FCER1G	2.20637490990466	0.599211728126246	1.60716318177841	0.88938321536906	0.327650575364476	4945	FALSE
7	13	CCL3	1.86886746369304	0.290331705517436	1.5785357581756	0.735490394337715	0.211656151792254	4945	FALSE
7	14	CXCL3	1.71987704553965	0.185051600506633	1.53482544503302	0.719716885743175	0.18001701283051	4945	FALSE
7	15	VIM	3.0391254211488	1.5099093259553	1.5292160951935	0.964206268958544	0.683159660688547	4945	FALSE
7	16	SOD2	3.30021708940801	1.78293101075072	1.51728607865729	0.966228513650152	0.670624512653293	4945	FALSE
7	17	IFI30	2.04921588357469	0.54729019153546	1.50192569203923	0.888776541961578	0.356170695399447	4945	FALSE
7	18	FTH1	5.1723993177133	3.71358782514539	1.45881149256791	0.997573306370071	0.947839134235959	4945	FALSE
7	19	HLA-DRB3	2.02242559053099	0.573348353768201	1.44907723676279	0.858847320525784	0.348999314760993	4945	FALSE
7	20	HLA-DPA1	1.92144923223927	0.5513111381947	1.37013809404457	0.812537917087968	0.345785780109166	4945	FALSE
7	21	EREG	1.39873036752023	0.0639340959230998	1.33479627159713	0.661678463094034	0.0871316840339312	4945	FALSE
7	22	CTSS	2.23069856098255	0.934429935620356	1.2962686253622	0.900707785642063	0.535620613879634	4945	FALSE
7	23	IER3	2.29053634044452	1.01395876235045	1.27657757809407	0.883316481294237	0.50604900640344	4945	FALSE
7	24	ANXA5	1.69529266283548	0.421922809014301	1.27336985382118	0.853791708796764	0.31166560336476	4945	FALSE
7	25	GAPDH	3.02005747294874	1.75596334226295	1.26409413068579	0.956117290192113	0.726057985397321	4945	FALSE
7	26	AC007192.1	1.65498030725062	0.39831260426375	1.25666770298687	0.861678463094034	0.303927128375984	4945	FALSE
7	27	TYROBP	2.14721373493694	0.891465891403853	1.25574784353309	0.911021233569262	0.434748706316013	4945	FALSE
7	28	CST3	1.79672966262119	0.566963504643116	1.22976615797808	0.816380182002022	0.340658302024999	4945	FALSE
7	29	SERPINB9	1.52842465587103	0.333498903096843	1.19492575277419	0.822244691607685	0.273091373077196	4945	FALSE
7	30	CD44	2.14716192339564	0.959048265752203	1.18811365764344	0.90535894843276	0.540051038491529	4945	FALSE
7	31	IL1RN	2.21429331659143	1.02750246121451	1.18679085537692	0.795955510616785	0.379870513456676	4945	FALSE
7	32	SRGN	3.94803839051439	2.77120107478701	1.17683731572738	0.986248736097068	0.856418799177713	4945	FALSE
7	33	VCAN	1.23284828423688	0.0578536123936177	1.17499467184326	0.626086956521739	0.0579145105266889	4945	FALSE
7	34	HLA-DPB1	1.72985515089531	0.566820456634001	1.1630346942613	0.786450960566229	0.356182509865079	4945	FALSE
7	35	FCN1	1.26638872162304	0.124264654702741	1.1421240669203	0.671183013144591	0.12759622882257	4945	FALSE
7	36	CTSL	1.32619737990847	0.188270724636631	1.13792665527184	0.699292214357937	0.162933295527043	4945	FALSE
7	37	COTL1	2.46671832219568	1.32994648461292	1.13677183758275	0.874014155712841	0.573781337870088	4945	FALSE
7	38	CDKN1A	1.73330104350859	0.622634385613145	1.11066665789544	0.86835187057634	0.418822806644456	4945	FALSE
7	39	SAT1	3.67943210063838	2.58134290517159	1.09808919546678	0.983619817997978	0.83955955672125	4945	FALSE
7	40	C15orf48	1.3626191449921	0.266794756178175	1.09582438881393	0.682912032355915	0.17664989012547	4945	FALSE
7	41	HLA-DQB1	1.48150805710462	0.389705444452586	1.09180261265204	0.758341759352882	0.26542378488221	4945	FALSE
7	42	AL662796.1	1.375450857913	0.286228104085017	1.08922275382799	0.871789686552073	0.25429455825713	4945	FALSE
7	43	NFKBIA	2.92787314904798	1.85629556005144	1.07157758899654	0.948230535894843	0.743874199569954	4945	FALSE
7	44	FTL	4.01853093009263	2.96701340239941	1.05151752769322	0.990293225480283	0.910670825358569	4945	FALSE
7	45	S100A9	2.98110165614085	1.93071551213148	1.05038614400938	0.904145601617796	0.571572032796957	4945	FALSE
7	46	BCL2A1	2.26301810378532	1.21652592866582	1.04649217511951	0.89464105156724	0.464332128257839	4945	FALSE
7	47	TMSB10	2.55614834169694	1.51683284821373	1.03931549348321	0.944186046511628	0.692776635712767	4945	FALSE
7	48	PTGS2	1.68007637803385	0.642803456369022	1.03727292166482	0.723963599595551	0.306490867418067	4945	FALSE
7	49	HSPA1A	2.36816587959827	1.3310449477743	1.03712093182396	0.853993933265925	0.581165378889913	4945	FALSE
7	50	CCL4	1.63013015817158	0.599473253798949	1.03065690437263	0.722143579373104	0.330450603719194	4945	FALSE
8	1	JCHAIN	4.68588185863435	0.962209656179017	3.72367220245534	0.964828681642841	0.483411598966894	4407	FALSE
8	2	IGLL5	3.94383754709187	0.613182524249144	3.33065502284272	0.982073973224416	0.490572904437661	4407	FALSE
8	3	SSR4	2.78045556717723	0.775763980009043	2.00469158716819	0.930111186748355	0.462291617750646	4407	FALSE
8	4	MZB1	2.30413075962215	0.301402896620169	2.00272786300198	0.869071931018834	0.209180558816624	4407	FALSE
8	5	IGLV2-14	1.5468646819145	0.0668887155032134	1.47997596641129	0.782391649648287	0.110671519135947	4407	FALSE
8	6	AC245060.7	1.52397709838658	0.0655893490995928	1.45838774928698	0.734967097798956	0.101021366517962	4407	FALSE
8	7	IGLV1-51	1.48807907838554	0.0595560517965794	1.42852302658897	0.714998865441343	0.0927565156139939	4407	FALSE
8	8	HSP90B1	2.31327186762171	1.02986695928778	1.28340490833393	0.886997957794418	0.533658135712609	4407	FALSE
8	9	IGLJ3	1.24338900931031	0.0176012922981294	1.22578771701218	0.734967097798956	0.0292674336698756	4407	FALSE
8	10	IGLV2-11	1.24535644257015	0.051004695288863	1.19435174728129	0.729294304515543	0.0854308523127495	4407	FALSE
8	11	XBP1	1.72495423239423	0.556264234978823	1.1686899974154	0.802132970274563	0.354907255224231	4407	FALSE
8	12	TXNDC5	1.3127419384463	0.204719717778169	1.10802222066813	0.730655774903562	0.171836111763325	4407	FALSE
8	13	IGLV1-44	1.12539694196922	0.0338290823749587	1.09156785959426	0.714771953710007	0.0653674571495656	4407	FALSE
8	14	IGLJ2	1.09181187503933	0.0179907162298279	1.0738211588095	0.614023144996596	0.027846912420756	4407	FALSE
8	15	FKBP11	1.264857588536	0.208972068917679	1.05588551961832	0.731563421828909	0.1730687954919	4407	FALSE
8	16	IGLV2-23	1.08474599791785	0.0405680465247248	1.04417795139312	0.679827547084184	0.0704742897393755	4407	FALSE
8	17	IGLV1-40	1.08663883394589	0.0486162402042861	1.03802259374161	0.642160199682324	0.0837755341629491	4407	FALSE
8	18	DERL3	1.14739307610768	0.128114025072353	1.01927905103532	0.680281370546857	0.109427095562339	4407	FALSE
8	19	IGLV1-47	1.0529282727596	0.0363112139828538	1.01661705877674	0.660766961651917	0.065449636064804	4407	FALSE
8	20	HERPUD1	1.5819512717563	0.576143853706494	1.00580741804981	0.779441797140912	0.382484151209204	4407	FALSE
8	21	IGLV3-1	0.986431960182221	0.0612746661074401	0.925157294074781	0.651463580667121	0.0813923456210378	4407	FALSE
8	22	IGLV2-8	0.921384077889727	0.0314309248068029	0.889953153082924	0.609484910369866	0.0591688189715896	4407	FALSE
8	23	IGLV6-57	0.868716584041092	0.0326833717520882	0.836033212289004	0.586113002042206	0.0563747358534867	4407	FALSE
8	24	CD79A	0.974066619280578	0.209451514961111	0.764615104319467	0.601089176310415	0.139034984738201	4407	FALSE
8	25	BLOC1S5-TXNDC5	0.881756524980585	0.128032718466435	0.753723806514151	0.676423871114137	0.133153322376145	4407	FALSE
8	26	IGLV3-25	0.762653309914685	0.0243164219326257	0.738336887982059	0.565917857953256	0.046642404320263	4407	FALSE
8	27	SEC11C	0.915849903522357	0.223950486206517	0.69189941731584	0.653051962786476	0.2082413712139	4407	FALSE
8	28	JUN	1.93139474323387	1.26716760239336	0.664227140840507	0.813024733378716	0.627541676449871	4407	FALSE
8	29	IGLV1-36	0.663518685217552	0.00981803880387998	0.653700646413672	0.548672566371681	0.0183611176332472	4407	FALSE
8	30	IGLV3-19	0.646360116620413	0.0178322423704105	0.628527874250002	0.539823008849558	0.033505517727166	4407	FALSE
8	31	DUSP5	0.902950647328655	0.290243072716159	0.612707574612497	0.560698888132516	0.224489316741019	4407	FALSE
8	32	PIM2	0.954418362562078	0.355951598189583	0.598466764372495	0.63784887678693	0.256797370274712	4407	FALSE
8	33	LMAN1	0.816149089306439	0.237030940012532	0.579118149293907	0.548445654640345	0.200340455505987	4407	FALSE
8	34	PRDX4	0.724626123077067	0.158041969792027	0.566584153285041	0.571590651236669	0.156621272599202	4407	FALSE
8	35	UBE2J1	0.860754845326935	0.29433981984177	0.566415025485165	0.59950079419106	0.230899272129608	4407	FALSE
8	36	SLAMF7	0.915163290069293	0.356649886649121	0.558513403420172	0.645790787383708	0.295538858887063	4407	FALSE
8	37	SSR3	0.839174487028092	0.280690026619473	0.558484460408619	0.62355343771273	0.251397041559051	4407	FALSE
8	38	ITM2C	0.81185781747806	0.258317949373691	0.553539868104369	0.57544815066939	0.196325428504344	4407	FALSE
8	39	SEC61B	1.05214675953317	0.501017079476157	0.551129680057015	0.650782845473111	0.333857713078187	4407	FALSE
8	40	IGLV3-21	0.560061412719193	0.027724313489996	0.532337099229197	0.535511685954164	0.0547076778586523	4407	FALSE
8	41	ANKRD28	0.70721203536341	0.176550884594543	0.530661150768867	0.541411390968913	0.152054472880958	4407	FALSE
8	42	MANF	0.952925555116397	0.429418367535108	0.523507187581289	0.622418879056047	0.29956562573374	4407	FALSE
8	43	IGHJ4	0.579068220515461	0.0676446102272024	0.511423610288258	0.509416836850465	0.0748649917821085	4407	FALSE
8	44	HSPA5	1.32601265508881	0.818581784041585	0.507430871047224	0.732471068754255	0.489105423808406	4407	FALSE
8	45	TENT5C	0.847609126650968	0.341996581261925	0.505612545389043	0.601769911504425	0.249377788213196	4407	FALSE
8	46	PRDM1	0.779270473322675	0.278152629267548	0.501117844055127	0.554345359655094	0.218959849729984	4407	FALSE
8	47	SPCS2	0.834503934222146	0.347654527599962	0.486849406622184	0.626730201951441	0.282765907490021	4407	FALSE
8	48	RRBP1	0.75417871008779	0.286575861214351	0.467602848873439	0.606308146131155	0.239915473115755	4407	FALSE
8	49	FKBP2	0.622169590615065	0.162245864994331	0.459923725620734	0.593374177444974	0.180230100962667	4407	FALSE
8	50	IGLV4-69	0.454811726743087	0.0111914485875162	0.44362027815557	0.43498978897209	0.02318619394224	4407	FALSE
9	1	TPSB2	4.95772389380319	0.162087369337724	4.79563652446547	0.971132726702228	0.211412037037037	3187	FALSE
9	2	TPSAB1	4.67869636297871	0.0848517777511676	4.59384458522754	0.968622529024161	0.139375	3187	FALSE
9	3	CPA3	4.32681910472439	0.0487474691286738	4.27807163559572	0.969877627863194	0.0932175925925926	3187	FALSE
9	4	GATA2	2.58908313071503	0.0303064911116661	2.55877663960337	0.887982428616254	0.0441550925925926	3187	FALSE
9	5	MS4A2	2.57242888138798	0.0235023380287542	2.54892654335922	0.887982428616254	0.0472800925925926	3187	FALSE
9	6	FOSB	3.38530642729366	1.21390656616239	2.17139986113127	0.93159711327267	0.603726851851852	3187	FALSE
9	7	KIT	2.02921339403112	0.0177675441826938	2.01144584984843	0.779416379039849	0.0239814814814815	3187	FALSE
9	8	VIM	3.49351723234755	1.52426366846757	1.96925356387998	0.963288358958268	0.688912037037037	3187	FALSE
9	9	VWA5A	1.92370093709841	0.0264865012840258	1.89721443581439	0.792594916849702	0.0380092592592593	3187	FALSE
9	10	RGS1	2.97482632761171	1.17417205369349	1.80065427391822	0.845622842798871	0.515613425925926	3187	FALSE
9	11	SLC18A2	1.70572257674911	0.00829419367469742	1.69742838307442	0.747097583934735	0.0163773148148148	3187	FALSE
9	12	CLU	1.75116908732068	0.125969568211988	1.6251995191087	0.756510825227487	0.137650462962963	3187	FALSE
9	13	NR4A1	2.23216465280454	0.630503379275457	1.60166127352908	0.813304047693756	0.39943287037037	3187	FALSE
9	14	EEF1A1	4.62731291490339	3.12724051674501	1.50007239815838	0.992469406965798	0.870509259259259	3187	FALSE
9	15	ANXA1	1.99860097400711	0.568702188195162	1.42989878581195	0.790398493881393	0.322430555555556	3187	FALSE
9	16	UBB	3.24353678027698	1.86473878070132	1.37879799957566	0.952620018826483	0.739398148148148	3187	FALSE
9	17	CD9	1.59243216899748	0.217192584494067	1.37523958450342	0.716975211797929	0.152326388888889	3187	FALSE
9	18	LMO4	1.60049926310504	0.241999350393859	1.35849991271118	0.75400062754942	0.234409722222222	3187	FALSE
9	19	HDC	1.35967565905153	0.00821458389686582	1.35146107515467	0.640727957326639	0.0164814814814815	3187	FALSE
9	20	HPGDS	1.35033512946131	0.00827048965439242	1.34206463980692	0.637590210229056	0.0138078703703704	3187	FALSE
9	21	ACSL4	1.47639683619639	0.175739231393609	1.30065760480279	0.660495764041418	0.151921296296296	3187	FALSE
9	22	PTMA	3.29207527594438	2.01346294505218	1.27861233089221	0.978663319736429	0.751099537037037	3187	FALSE
9	23	HSP90AB1	2.83085965158834	1.55288598775886	1.27797366382948	0.916222152494509	0.665046296296296	3187	FALSE
9	24	NR4A2	2.03885118510082	0.825334853497775	1.21351633160305	0.756824599937245	0.443333333333333	3187	FALSE
9	25	CD63	2.01848001614486	0.894569891658363	1.1239101244865	0.824599937245058	0.502986111111111	3187	FALSE
9	26	NFKBIZ	1.96273835345545	0.85498135790546	1.10775699554999	0.752431754000628	0.480729166666667	3187	FALSE
9	27	ID2	2.1141824277548	1.01458009300214	1.09960233475266	0.791653592720427	0.5034375	3187	FALSE
9	28	LTC4S	1.11151398795071	0.0183049147945975	1.09320907315611	0.572638845309068	0.0250578703703704	3187	FALSE
9	29	HSPA1A	2.42966018376751	1.34987916363957	1.07978102012794	0.80671477878883	0.588460648148148	3187	FALSE
9	30	LAPTM4A	1.40437881543421	0.333214548146001	1.07116426728821	0.681832444304989	0.262731481481481	3187	FALSE
9	31	HSP90AA1	3.34195858050047	2.28171777656596	1.06024080393452	0.941010354565422	0.809733796296296	3187	FALSE
9	32	HSPA1B	2.10437031716775	1.05135647453303	1.05301384263471	0.80075305930342	0.539583333333333	3187	FALSE
9	33	SIGLEC6	1.06678095771943	0.0249147068467053	1.04186625087273	0.613743332287418	0.0463425925925926	3187	FALSE
9	34	RHEX	1.0409377951266	0.00353620719338636	1.03740158793322	0.525572638845309	0.00762731481481482	3187	FALSE
9	35	CAPG	1.24780415173943	0.250555972259113	0.997248179480316	0.610291810480075	0.195787037037037	3187	FALSE
9	36	CTSD	1.65245184204951	0.674927341101119	0.977524500948391	0.747097583934735	0.436388888888889	3187	FALSE
9	37	NFKBIA	2.85602964630792	1.88074924806866	0.975280398239259	0.898964543457797	0.749849537037037	3187	FALSE
9	38	GLUL	2.07054299440123	1.09824087152555	0.972302122875679	0.815500470662065	0.551030092592593	3187	FALSE
9	39	BHLHE40	1.45280704019201	0.489561646517309	0.963245393674705	0.665202384687794	0.321759259259259	3187	FALSE
9	40	JUN	2.22838351081292	1.26559183745761	0.962791673355316	0.845936617508629	0.628946759259259	3187	FALSE
9	41	LMNA	1.37543847780523	0.42663975825095	0.948798719554284	0.616567304675243	0.32025462962963	3187	FALSE
9	42	PLIN2	1.28043005488428	0.344335028872974	0.936095026011308	0.593975525572639	0.257002314814815	3187	FALSE
9	43	AHNAK	1.42266409182784	0.487671752878154	0.934992338949682	0.711954816441795	0.339212962962963	3187	FALSE
9	44	CD69	1.4538952929537	0.528065598654944	0.925829694298754	0.584562284279887	0.29431712962963	3187	FALSE
9	45	HEXIM1	1.76974019602284	0.860307822926802	0.909432373096037	0.77533730781299	0.505486111111111	3187	FALSE
9	46	GADD45B	1.74831030949269	0.852327128276974	0.895983181215715	0.749294006903044	0.46931712962963	3187	FALSE
9	47	ARHGEF6	1.00501070200531	0.117758769226621	0.887251932778684	0.544085346721054	0.114421296296296	3187	FALSE
9	48	PTGS1	0.91531061467342	0.0333871476528034	0.881923467020616	0.505491057420772	0.0383796296296296	3187	FALSE
9	49	CTSG	0.88678169663691	0.0105625826734925	0.876219113963418	0.311578286790085	0.0248611111111111	3187	FALSE
9	50	PALM2AKAP2	1.03223569723657	0.16805943595883	0.864176261277739	0.558832758079699	0.154837962962963	3187	FALSE
