	batch	n_counts	n_genes	percent_mito	tissue	patient	stroma_cluster	stroma_subcluster	UMAP_x	UMAP_y
GC10P-R1:AAACGGGAGATGCGAC	GC10P-R1	895.0	558	0.03575419	Paratumor	P10	Endothelial cells	Endo_1	9.65880012512207	-1.86561191082001
GC10P-R1:AAACGGGCAATCCAAC	GC10P-R1	9601.0	3040	0.029996876	Paratumor	P10	Fibroblasts	Fib_4	-5.346704483032231	2.6791386604309104
GC10P-R1:AAACGGGCAATGAAAC	GC10P-R1	2369.0	1126	0.13550021	Paratumor	P10	Endothelial cells	Endo_3	9.761794090271	2.65296220779419
GC10P-R1:AAAGATGAGAACTGTA	GC10P-R1	3606.0	1593	0.056295063	Paratumor	P10	Fibroblasts	Fib_2	-4.87699508666992	10.464439392089801
GC10P-R1:AAAGATGGTGTGGCTC	GC10P-R1	2804.0	903	0.14550643	Paratumor	P10	Fibroblasts	Fib_4	-4.76411008834839	4.38224267959595
GC10P-R1:AAAGCAAAGCGGATCA	GC10P-R1	1577.0	501	0.13760304	Paratumor	P10	Fibroblasts	Fib_3	-3.42186403274536	6.39316606521606
GC10P-R1:AAAGCAAAGCGGCTTC	GC10P-R1	6283.0	2201	0.02164571	Paratumor	P10	Fibroblasts	Fib_2	-5.95790958404541	9.51648235321045
GC10P-R1:AAAGCAAAGGGATACC	GC10P-R1	3969.0	1697	0.03426556	Paratumor	P10	Fibroblasts	Fib_2	-4.636682510375981	10.796027183532699
GC10P-R1:AAAGCAATCCTAGGGC	GC10P-R1	2984.0	1315	0.037868634	Paratumor	P10	Endothelial cells	Endo_2	7.96594953536987	-3.4583566188812296
GC10P-R1:AAAGCAATCTTGCATT	GC10P-R1	9366.0	3090	0.058616273	Paratumor	P10	Endothelial cells	Endo_3	10.8310956954956	1.41351652145386
GC10P-R1:AAAGTAGAGACGCAAC	GC10P-R1	4727.0	1798	0.03744447	Paratumor	P10	Fibroblasts	Fib_2	-4.86468696594238	11.040867805481
GC10P-R1:AAATGCCCAGATCTGT	GC10P-R1	5604.0	2052	0.019985724	Paratumor	P10	Fibroblasts	Fib_2	-4.61022615432739	9.69434452056885
GC10P-R1:AAATGCCTCCACGAAT	GC10P-R1	2244.0	969	0.040552586	Paratumor	P10	Endothelial cells	Endo_1	10.5444488525391	-6.703923225402829
GC10P-R1:AACACGTCAGGGTATG	GC10P-R1	5472.0	2156	0.04111842	Paratumor	P10	Fibroblasts	Fib_2	-4.36134576797485	10.722355842590302
GC10P-R1:AACCATGCACAACTGT	GC10P-R1	13228.0	3370	0.041276082	Paratumor	P10	Fibroblasts	Fib_5	-11.6285953521729	3.0690062046051003
GC10P-R1:AACCATGCACCTCGGA	GC10P-R1	1184.0	602	0.28800675	Paratumor	P10	Fibroblasts	Fib_3	-9.93845748901367	3.32290172576904
GC10P-R1:AACCATGGTCGTTGTA	GC10P-R1	1276.0	602	0.21316615	Paratumor	P10	Fibroblasts	Fib_3	-3.5035951137542702	8.55219554901123
GC10P-R1:AACCATGTCAAGGTAA	GC10P-R1	1674.0	862	0.17383513	Paratumor	P10	Fibroblasts	Fib_4	-6.92731142044067	3.12582778930664
GC10P-R1:AACCATGTCCATGAGT	GC10P-R1	4458.0	1562	0.034993272	Paratumor	P10	Fibroblasts	Fib_2	-3.5955574512481703	9.346062660217289
GC10P-R1:AACGTTGCAGGTGCCT	GC10P-R1	2193.0	1035	0.11536708	Paratumor	P10	Fibroblasts	Fib_4	-5.83933401107788	3.6615252494812
GC10P-R1:AACGTTGTCCTCAACC	GC10P-R1	6803.0	2448	0.031309716	Paratumor	P10	Fibroblasts	Fib_4	-5.541870594024661	1.8947173357009899
GC10P-R1:AACGTTGTCCTTTCGG	GC10P-R1	5960.0	2153	0.019966442	Paratumor	P10	Fibroblasts	Fib_2	-5.72862339019775	8.852532386779789
GC10P-R1:AACTCAGGTGCACGAA	GC10P-R1	2689.0	1131	0.03421346	Paratumor	P10	Fibroblasts	Fib_3	-3.9869744777679403	6.3911657333374
GC10P-R1:AACTCCCGTGTGCGTC	GC10P-R1	3414.0	1625	0.05536028	Paratumor	P10	Endothelial cells	Endo_2	9.26716232299805	-1.0981467962265
GC10P-R1:AACTCTTGTCGAATCT	GC10P-R1	8885.0	2681	0.06404052	Paratumor	P10	Fibroblasts	Fib_5	-10.123422622680698	3.4318368434906
GC10P-R1:AACTCTTTCTTGCCGT	GC10P-R1	7758.0	2360	0.07501934	Paratumor	P10	Smooth muscle cells	SMC_2	-4.81992626190186	-12.8329753875732
GC10P-R1:AACTGGTAGTGGAGTC	GC10P-R1	4537.0	1547	0.11108662	Paratumor	P10	Smooth muscle cells	SMC_2	-3.8966388702392596	-13.631324768066401
GC10P-R1:AACTTTCAGTTAACGA	GC10P-R1	786.0	538	0.061068702	Paratumor	P10	Endothelial cells	Endo_4	10.6573705673218	-6.88683223724365
GC10P-R1:AACTTTCGTACTTCTT	GC10P-R1	1012.0	464	0.20652173	Paratumor	P10	Fibroblasts	Fib_3	-3.27609539031982	6.585556507110599
GC10P-R1:AACTTTCTCAGCTTAG	GC10P-R1	6028.0	2263	0.0353351	Paratumor	P10	Fibroblasts	Fib_2	-5.49269008636475	10.7274312973022
GC10P-R1:AACTTTCTCGCAAACT	GC10P-R1	5041.0	1960	0.044634	Paratumor	P10	Endothelial cells	Endo_2	8.10733985900879	-2.3534138202667205
GC10P-R1:AAGACCTGTAATAGCA	GC10P-R1	4132.0	1828	0.030735722	Paratumor	P10	Endothelial cells	Endo_2	8.037966728210451	-3.07321643829346
GC10P-R1:AAGCCGCTCTTATCTG	GC10P-R1	3368.0	1158	0.09115202	Paratumor	P10	Smooth muscle cells	SMC_2	-4.72954368591309	-12.0756673812866
GC10P-R1:AAGGAGCCATATGAGA	GC10P-R1	734.0	357	0.29019073	Paratumor	P10	Smooth muscle cells	SMC_2	-3.7732455730438197	-12.266838073730499
GC10P-R1:AAGGCAGTCCGTAGTA	GC10P-R1	4272.0	1758	0.043071162	Paratumor	P10	Fibroblasts	Fib_2	-4.47830677032471	11.1619787216187
GC10P-R1:AAGGTTCAGAAGGGTA	GC10P-R1	5099.0	1690	0.121396355	Paratumor	P10	Smooth muscle cells	SMC_2	-4.51064586639404	-13.211571693420401
GC10P-R1:AAGGTTCAGTTATCGC	GC10P-R1	4486.0	1886	0.042576905	Paratumor	P10	Endothelial cells	Endo_2	8.944830894470211	-1.6152528524398797
GC10P-R1:AAGGTTCCAGATGGCA	GC10P-R1	2915.0	1385	0.038421955	Paratumor	P10	Fibroblasts	Fib_2	-4.10988855361938	10.1612691879272
GC10P-R1:AAGGTTCTCGGCTTGG	GC10P-R1	560.0	328	0.28392857	Paratumor	P10	Fibroblasts	Fib_3	-6.57334423065186	3.82623028755188
GC10P-R1:AAGTCTGAGCGATTCT	GC10P-R1	4482.0	1754	0.05421687	Paratumor	P10	Fibroblasts	Fib_2	-5.15775966644287	10.1528635025024
GC10P-R1:AAGTCTGGTACGCTGC	GC10P-R1	906.0	453	0.121412806	Paratumor	P10	Fibroblasts	Fib_3	-3.19646215438843	7.20103454589844
GC10P-R1:AAGTCTGGTAGGCTGA	GC10P-R1	4549.0	1769	0.15190151	Paratumor	P10	Smooth muscle cells	SMC_2	-3.75981616973877	-13.9050378799438
GC10P-R1:AATCCAGGTGAAAGAG	GC10P-R1	2019.0	861	0.22535908	Paratumor	P10	Fibroblasts	Fib_3	-5.0012788772583	4.095037460327149
GC10P-R1:AATCGGTAGCGTTTAC	GC10P-R1	5711.0	2092	0.04815269	Paratumor	P10	Fibroblasts	Fib_4	-5.921373844146731	2.20169448852539
GC10P-R1:AATCGGTAGTAGATGT	GC10P-R1	2351.0	1184	0.07145895	Paratumor	P10	Fibroblasts	Fib_2	-4.70332956314087	9.29472541809082
GC10P-R1:AATCGGTGTAGCCTAT	GC10P-R1	7406.0	2529	0.034566566	Paratumor	P10	Fibroblasts	Fib_2	-5.75558233261108	10.266364097595199
GC10P-R1:ACACCAAAGGTTACCT	GC10P-R1	6271.0	2333	0.03906873	Paratumor	P10	Endothelial cells	Endo_2	8.02887916564941	-3.16573762893677
GC10P-R1:ACACCCTCAAGTACCT	GC10P-R1	1938.0	726	0.25799793	Paratumor	P10	Fibroblasts	Fib_3	-4.68975877761841	4.3123049736022905
GC10P-R1:ACACCCTTCAACACTG	GC10P-R1	6001.0	2049	0.04515914	Paratumor	P10	Fibroblasts	Fib_2	-3.6765761375427206	10.1718101501465
GC10P-R1:ACACCGGCAGGTCGTC	GC10P-R1	6199.0	2171	0.04113567	Paratumor	P10	Endothelial cells	Endo_3	8.66194725036621	3.32175350189209
GC10P-R1:ACACCGGGTCCATGAT	GC10P-R1	4003.0	1455	0.10242318	Paratumor	P10	Fibroblasts	Fib_4	-6.400920867919919	3.26745390892029
GC10P-R1:ACACTGATCTCTGTCG	GC10P-R1	5636.0	2045	0.042760823	Paratumor	P10	Endothelial cells	Endo_2	7.673894882202151	-3.20946335792542
GC10P-R1:ACAGCCGAGTAGCGGT	GC10P-R1	3058.0	1364	0.13178548	Paratumor	P10	Endothelial cells	Endo_3	9.621706008911131	2.5977420806884797
GC10P-R1:ACATACGAGAACAATC	GC10P-R1	5065.0	1989	0.15715696	Paratumor	P10	Endothelial cells	Endo_2	8.77791595458984	-4.17577409744263
GC10P-R1:ACATACGCAAGGACTG	GC10P-R1	2465.0	842	0.07586207	Paratumor	P10	Fibroblasts	Fib_3	-3.39954924583435	6.802550792694089
GC10P-R1:ACATACGGTACCCAAT	GC10P-R1	5024.0	1703	0.040207006	Paratumor	P10	Fibroblasts	Fib_2	-5.78938484191895	9.65298271179199
GC10P-R1:ACATACGTCAATCTCT	GC10P-R1	5017.0	1986	0.08949571	Paratumor	P10	Fibroblasts	Fib_4	-5.086147785186769	2.41861271858215
GC10P-R1:ACATCAGCAGCATGAG	GC10P-R1	5890.0	2088	0.026485568	Paratumor	P10	Fibroblasts	Fib_4	-5.5646052360534695	2.8436048030853303
GC10P-R1:ACATCAGGTTATGTGC	GC10P-R1	4104.0	1565	0.032894738	Paratumor	P10	Fibroblasts	Fib_2	-5.74267816543579	8.63109683990479
GC10P-R1:ACCCACTAGTACGTTC	GC10P-R1	1159.0	569	0.072476275	Paratumor	P10	Fibroblasts	Fib_3	-4.18339443206787	5.28021240234375
GC10P-R1:ACCCACTCAAACCCAT	GC10P-R1	7233.0	2316	0.13880824	Paratumor	P10	Smooth muscle cells	SMC_2	-4.33425331115723	-13.714093208313
GC10P-R1:ACCGTAACAGGTCTCG	GC10P-R1	1927.0	917	0.10326933	Paratumor	P10	Endothelial cells	Endo_1	9.489420890808109	-1.32733488082886
GC10P-R1:ACGAGCCTCGGCCGAT	GC10P-R1	2931.0	1096	0.2255203	Paratumor	P10	Smooth muscle cells	SMC_2	-4.58227062225342	-12.414346694946301
GC10P-R1:ACGAGGAGTGTGCGTC	GC10P-R1	1937.0	869	0.07434177	Paratumor	P10	Fibroblasts	Fib_3	-3.4365322589874303	8.95831298828125
GC10P-R1:ACGATACTCCTATGTT	GC10P-R1	8005.0	2309	0.16139913	Paratumor	P10	Fibroblasts	Fib_2	-5.6114501953125	9.71142196655273
GC10P-R1:ACGCAGCCACGGCCAT	GC10P-R1	2016.0	1113	0.055059522	Paratumor	P10	Fibroblasts	Fib_2	-3.79566740989685	9.22406578063965
GC10P-R1:ACGCAGCGTATAAACG	GC10P-R1	3847.0	1645	0.092279695	Paratumor	P10	Endothelial cells	Endo_2	8.14040946960449	-2.55467963218689
GC10P-R1:ACGCAGCTCTACTTAC	GC10P-R1	1760.0	1065	0.057386365	Paratumor	P10	Endothelial cells	Endo_2	9.33173942565918	-2.87960290908813
GC10P-R1:ACGCAGCTCTGTTGAG	GC10P-R1	986.0	503	0.18762678	Paratumor	P10	Fibroblasts	Fib_3	-2.97101330757141	8.10509490966797
GC10P-R1:ACGCCAGCACGAAAGC	GC10P-R1	1342.0	689	0.19746646	Paratumor	P10	Fibroblasts	Fib_3	-3.5330440998077406	8.08189487457275
GC10P-R1:ACGCCGAAGAGCTGCA	GC10P-R1	5357.0	1910	0.21336569	Paratumor	P10	Endothelial cells	Endo_3	8.803876876831051	-1.2899782657623302
GC10P-R1:ACGCCGACAAAGTCAA	GC10P-R1	3514.0	1437	0.078258395	Paratumor	P10	Smooth muscle cells	SMC_2	-4.2106442451477095	-12.9820547103882
GC10P-R1:ACGCCGAGTTAAGTAG	GC10P-R1	5828.0	2240	0.059368566	Paratumor	P10	Endothelial cells	Endo_1	10.931417465210002	-2.58960938453674
GC10P-R1:ACGCCGATCTGCTTGC	GC10P-R1	5231.0	2050	0.044350985	Paratumor	P10	Fibroblasts	Fib_2	-4.39261531829834	10.766993522644
GC10P-R1:ACGGAGAGTAGCGTAG	GC10P-R1	2068.0	988	0.085589945	Paratumor	P10	Fibroblasts	Fib_4	-6.8014702796936	3.29848003387451
GC10P-R1:ACGGAGAGTGTAACGG	GC10P-R1	2698.0	1312	0.06152706	Paratumor	P10	Endothelial cells	Endo_2	8.11050224304199	-3.54123163223267
GC10P-R1:ACGGAGATCTGACCTC	GC10P-R1	3625.0	1314	0.06648276	Paratumor	P10	Endothelial cells	Endo_3	8.45997428894043	2.8646998405456503
GC10P-R1:ACGGCCAAGTCAAGGC	GC10P-R1	671.0	389	0.20417288	Paratumor	P10	Fibroblasts	Fib_3	-3.16187691688538	8.24635410308838
GC10P-R1:ACGGCCAGTACAGACG	GC10P-R1	5301.0	1802	0.026221467	Paratumor	P10	Endothelial cells	Endo_3	10.168290138244599	2.13232254981995
GC10P-R1:ACGGGCTGTGATGTGG	GC10P-R1	4954.0	1990	0.026443278	Paratumor	P10	Fibroblasts	Fib_2	-4.20506429672241	11.0155649185181
GC10P-R1:ACGGGCTTCCTCAACC	GC10P-R1	6351.0	1874	0.031176193	Paratumor	P10	Endothelial cells	Endo_3	8.56488800048828	3.9981293678283705
GC10P-R1:ACGTCAAAGGTAGCTG	GC10P-R1	3359.0	1506	0.032152425	Paratumor	P10	Endothelial cells	Endo_2	8.348118782043459	-2.3312873840332
GC10P-R1:ACTATCTCAAGTTCTG	GC10P-R1	2089.0	1037	0.09573959	Paratumor	P10	Endothelial cells	Endo_4	11.7220373153687	-7.0519495010376
GC10P-R1:ACTATCTCACATGTGT	GC10P-R1	4851.0	1741	0.040816326	Paratumor	P10	Fibroblasts	Fib_2	-3.9631366729736297	10.271200180053699
GC10P-R1:ACTGAACGTGCCTGGT	GC10P-R1	5261.0	2229	0.03763543	Paratumor	P10	Endothelial cells	Endo_2	8.74016380310059	-2.05508685112
GC10P-R1:ACTGAACTCAACGAAA	GC10P-R1	4200.0	1630	0.050952382	Paratumor	P10	Endothelial cells	Endo_4	12.144186019897498	-6.366238594055179
GC10P-R1:ACTGAACTCTCGTATT	GC10P-R1	1125.0	521	0.16533333	Paratumor	P10	Fibroblasts	Fib_3	-4.22399520874023	4.92325258255005
GC10P-R1:ACTGAGTCAAGCCCAC	GC10P-R1	3085.0	1219	0.06385738	Paratumor	P10	Fibroblasts	Fib_2	-3.7590434551239	9.86780834197998
GC10P-R1:ACTGAGTGTCGAACAG	GC10P-R1	3180.0	1335	0.022327043	Paratumor	P10	Fibroblasts	Fib_2	-3.56360793113708	9.90570831298828
GC10P-R1:ACTGCTCAGATAGCAT	GC10P-R1	2079.0	1081	0.0995671	Paratumor	P10	Fibroblasts	Fib_2	-4.46199607849121	10.3201856613159
GC10P-R1:ACTGCTCGTAGGACAC	GC10P-R1	6986.0	2334	0.04809619	Paratumor	P10	Fibroblasts	Fib_2	-3.9325795173645	10.5691213607788
GC10P-R1:ACTGCTCGTCAGGACA	GC10P-R1	2559.0	1157	0.109417744	Paratumor	P10	Fibroblasts	Fib_4	-6.398845672607419	3.52036762237549
GC10P-R1:ACTGTCCTCGTTGCCT	GC10P-R1	1956.0	717	0.08384458	Paratumor	P10	Fibroblasts	Fib_3	-3.3792054653167702	6.61086177825928
GC10P-R1:ACTTACTTCGTCTGAA	GC10P-R1	5677.0	2021	0.14444248	Paratumor	P10	Smooth muscle cells	SMC_2	-4.4730935096740705	-13.617394447326697
GC10P-R1:ACTTGTTGTCGTTGTA	GC10P-R1	3906.0	1716	0.034306195	Paratumor	P10	Endothelial cells	Endo_2	8.044557571411131	-2.9803898334503196
GC10P-R1:ACTTTCAAGCCTCGTG	GC10P-R1	1938.0	860	0.12693499	Paratumor	P10	Fibroblasts	Fib_4	-6.447461128234861	3.3944671154022203
GC10P-R1:AGAATAGCAGCGATCC	GC10P-R1	5132.0	1729	0.036827747	Paratumor	P10	Fibroblasts	Fib_4	-6.4589729309082005	3.3566932678222696
GC10P-R1:AGAATAGGTCTTCAAG	GC10P-R1	637.0	331	0.25588697	Paratumor	P10	Fibroblasts	Fib_3	-3.1677782535552996	7.509545803070071
GC10P-R1:AGAATAGTCCAAACTG	GC10P-R1	5231.0	1810	0.09156949	Paratumor	P10	Smooth muscle cells	SMC_2	-3.3998425006866495	-13.6717948913574
GC10P-R1:AGACGTTCACCTCGGA	GC10P-R1	2731.0	1162	0.045038447	Paratumor	P10	Fibroblasts	Fib_4	-6.52276706695557	3.4626481533050497
GC10P-R1:AGACGTTTCATCGCTC	GC10P-R1	3033.0	1089	0.076821625	Paratumor	P10	Fibroblasts	Fib_3	-4.42382097244263	4.80957508087158
GC10P-R1:AGACGTTTCCGCGTTT	GC10P-R1	10819.0	2785	0.021258896	Paratumor	P10	Fibroblasts	Fib_5	-10.8907289505005	3.59914135932922
GC10P-R1:AGAGCGACAGCTGCTG	GC10P-R1	4368.0	1702	0.13255495	Paratumor	P10	Smooth muscle cells	SMC_2	-4.57650327682495	-13.229937553405799
GC10P-R1:AGAGCGATCAGTTAGC	GC10P-R1	2919.0	1158	0.10071942	Paratumor	P10	Smooth muscle cells	SMC_2	-3.84659075737	-12.2826833724976
GC10P-R1:AGAGCGATCGATGAGG	GC10P-R1	2724.0	1215	0.03267254	Paratumor	P10	Endothelial cells	Endo_3	8.81001377105713	3.0443253517150897
GC10P-R1:AGAGCTTCATACGCCG	GC10P-R1	1276.0	689	0.13636364	Paratumor	P10	Endothelial cells	Endo_1	9.52687740325928	-0.731910049915314
GC10P-R1:AGAGTGGAGTGGAGTC	GC10P-R1	3443.0	1597	0.062155098	Paratumor	P10	Endothelial cells	Endo_2	8.40878582000732	-3.5360562801361097
GC10P-R1:AGAGTGGGTATAAACG	GC10P-R1	4402.0	1597	0.0431622	Paratumor	P10	Fibroblasts	Fib_4	-5.84660530090332	3.17180895805359
GC10P-R1:AGAGTGGGTCTCCACT	GC10P-R1	8797.0	2877	0.08923496	Paratumor	P10	Fibroblasts	Fib_4	-5.43882417678833	2.66510796546936
GC10P-R1:AGAGTGGGTTTGACAC	GC10P-R1	3121.0	1339	0.05254726	Paratumor	P10	Fibroblasts	Fib_2	-4.10866451263428	9.81803512573242
GC10P-R1:AGAGTGGTCACGATGT	GC10P-R1	3506.0	1673	0.05419281	Paratumor	P10	Fibroblasts	Fib_2	-4.94968271255493	10.993542671203599
GC10P-R1:AGATCTGGTTACGTCA	GC10P-R1	5327.0	1935	0.052374694	Paratumor	P10	Fibroblasts	Fib_4	-7.5711874961853	2.79763865470886
GC10P-R1:AGCATACCACAACGTT	GC10P-R1	8067.0	2947	0.037808355	Paratumor	P10	Endothelial cells	Endo_4	11.154109954834	-5.77186489105225
GC10P-R1:AGCATACCACCAGATT	GC10P-R1	6305.0	2033	0.04298176	Paratumor	P10	Fibroblasts	Fib_2	-6.12022161483765	10.637855529785199
GC10P-R1:AGCCTAAAGCCTATGT	GC10P-R1	5292.0	2040	0.045729402	Paratumor	P10	Fibroblasts	Fib_2	-5.28782367706299	9.513124465942381
GC10P-R1:AGCCTAAAGGCTAGAC	GC10P-R1	5489.0	2040	0.03880488	Paratumor	P10	Fibroblasts	Fib_4	-7.38352918624878	2.52856683731079
GC10P-R1:AGCGGTCAGGGTTCCC	GC10P-R1	2534.0	1157	0.049723756	Paratumor	P10	Endothelial cells	Endo_3	8.77518653869629	2.96235156059265
GC10P-R1:AGCGGTCCAGGTCGTC	GC10P-R1	2908.0	1009	0.053988997	Paratumor	P10	Fibroblasts	Fib_3	-4.48124742507935	4.7457914352417
GC10P-R1:AGCGGTCTCCTTTACA	GC10P-R1	2705.0	930	0.23548983	Paratumor	P10	Smooth muscle cells	SMC_1	0.5523658990859991	-9.21082592010498
GC10P-R1:AGCGTATGTTTAGCTG	GC10P-R1	5743.0	2062	0.030646004	Paratumor	P10	Fibroblasts	Fib_4	-5.940905094146731	2.3620226383209197
GC10P-R1:AGCGTATTCACATGCA	GC10P-R1	2056.0	1126	0.053501945	Paratumor	P10	Endothelial cells	Endo_2	9.84470176696777	-4.65371036529541
GC10P-R1:AGCGTCGCATGGGAAC	GC10P-R1	2006.0	1069	0.03439681	Paratumor	P10	Endothelial cells	Endo_2	8.40230751037598	-2.32232260704041
GC10P-R1:AGCTCCTAGTGCGATG	GC10P-R1	900.0	476	0.19666667	Paratumor	P10	Fibroblasts	Fib_3	-4.9679846763610795	4.91296625137329
GC10P-R1:AGGCCACAGTGGTCCC	GC10P-R1	1708.0	903	0.103044495	Paratumor	P10	Endothelial cells	Endo_2	9.62561893463135	-4.302772521972661
GC10P-R1:AGGCCACGTTTGACTG	GC10P-R1	3702.0	1772	0.057806592	Paratumor	P10	Endothelial cells	Endo_2	8.20001888275146	-3.7807021141052206
GC10P-R1:AGGCCGTCAGGTCGTC	GC10P-R1	1865.0	1168	0.008579088	Paratumor	P10	Endothelial cells	Endo_4	11.2933082580566	-6.88264942169189
GC10P-R1:AGGCCGTTCGATGAGG	GC10P-R1	1028.0	518	0.105058365	Paratumor	P10	Fibroblasts	Fib_3	-6.76520013809204	4.09819030761719
GC10P-R1:AGGCCGTTCTCTAAGG	GC10P-R1	4433.0	2065	0.027295286	Paratumor	P10	Endothelial cells	Endo_4	12.307034492492699	-6.4754948616027805
GC10P-R1:AGGGAGTAGGAGTCTG	GC10P-R1	12967.0	3339	0.0384823	Paratumor	P10	Fibroblasts	Fib_5	-10.0366907119751	2.928870677948
GC10P-R1:AGGGAGTAGGATGGAA	GC10P-R1	2058.0	1128	0.07482993	Paratumor	P10	Endothelial cells	Endo_2	8.11390209197998	-2.8686676025390603
GC10P-R1:AGGGAGTTCGCGATCG	GC10P-R1	3065.0	1453	0.054812398	Paratumor	P10	Fibroblasts	Fib_2	-4.56127452850342	10.1721563339233
GC10P-R1:AGGGAGTTCTCTGTCG	GC10P-R1	4595.0	2088	0.038084876	Paratumor	P10	Endothelial cells	Endo_2	10.0400505065918	-2.13440108299255
GC10P-R1:AGGGATGCAAGCCTAT	GC10P-R1	828.0	520	0.060386475	Paratumor	P10	Endothelial cells	Endo_4	10.73317527771	-6.99644327163696
GC10P-R1:AGGGTGAAGGAATTAC	GC10P-R1	3877.0	1769	0.03482074	Paratumor	P10	Endothelial cells	Endo_4	11.2249851226807	-5.80321979522705
GC10P-R1:AGGTCATAGTGTGGCA	GC10P-R1	5625.0	1966	0.09848889	Paratumor	P10	Smooth muscle cells	SMC_2	-3.9598145484924303	-13.7784862518311
GC10P-R1:AGGTCATGTCATATCG	GC10P-R1	5363.0	1974	0.0757039	Paratumor	P10	Endothelial cells	Endo_3	8.86110591888428	3.22472357749939
GC10P-R1:AGGTCCGAGGGCTTCC	GC10P-R1	1483.0	786	0.08563722	Paratumor	P10	Fibroblasts	Fib_4	-5.91868782043457	3.71989750862122
GC10P-R1:AGGTCCGCAGTCGATT	GC10P-R1	7224.0	2524	0.023117386	Paratumor	P10	Fibroblasts	Fib_2	-5.31223964691162	10.4734992980957
GC10P-R1:AGTCTTTAGACAGACC	GC10P-R1	7333.0	2567	0.034228828	Paratumor	P10	Fibroblasts	Fib_2	-5.13926124572754	11.278438568115199
GC10P-R1:AGTCTTTGTGGTTTCA	GC10P-R1	3942.0	1819	0.03348554	Paratumor	P10	Endothelial cells	Endo_2	8.6022891998291	-1.8504952192306499
GC10P-R1:AGTGGGATCACGGTTA	GC10P-R1	4177.0	1561	0.079961695	Paratumor	P10	Fibroblasts	Fib_4	-5.331090927124019	2.7175498008727996
GC10P-R1:AGTTGGTAGGCCCTTG	GC10P-R1	2293.0	1174	0.065416485	Paratumor	P10	Endothelial cells	Endo_2	10.857041358947802	-5.432482242584231
GC10P-R1:AGTTGGTCAAACTGCT	GC10P-R1	2214.0	1138	0.018066848	Paratumor	P10	Endothelial cells	Endo_4	11.609983444213901	-7.53221797943115
GC10P-R1:ATAAGAGCAATACGCT	GC10P-R1	4209.0	1318	0.11356617	Paratumor	P10	Smooth muscle cells	SMC_2	-4.66160202026367	-12.1733751296997
GC10P-R1:ATAAGAGTCCACGAAT	GC10P-R1	6344.0	1963	0.103247166	Paratumor	P10	Fibroblasts	Fib_4	-5.94899654388428	2.28266310691833
GC10P-R1:ATAGACCGTGCCTGGT	GC10P-R1	691.0	421	0.13892908	Paratumor	P10	Smooth muscle cells	SMC_2	-3.8047347068786603	-12.239244461059599
GC10P-R1:ATCATGGGTGTAACGG	GC10P-R1	4374.0	1556	0.13625972	Paratumor	P10	Smooth muscle cells	SMC_2	-4.7719931602478	-12.8645372390747
GC10P-R1:ATCCACCGTGCTCTTC	GC10P-R1	5272.0	1789	0.08251138	Paratumor	P10	Smooth muscle cells	SMC_2	-3.5644898414611803	-13.2612838745117
GC10P-R1:ATCCACCTCGGCCGAT	GC10P-R1	9725.0	2942	0.031362467	Paratumor	P10	Fibroblasts	Fib_2	-6.216485977172849	8.857767105102539
GC10P-R1:ATCCGAATCGCAAGCC	GC10P-R1	7329.0	2060	0.23618501	Paratumor	P10	Fibroblasts	Fib_2	-4.84973287582397	10.7408390045166
GC10P-R1:ATCTACTAGAGCTATA	GC10P-R1	1841.0	976	0.09560022	Paratumor	P10	Fibroblasts	Fib_4	-6.5227575302124	3.2843656539917006
GC10P-R1:ATCTACTGTAGAGGAA	GC10P-R1	3628.0	1424	0.2362183	Paratumor	P10	Smooth muscle cells	SMC_2	-4.3795051574707005	-13.4086170196533
GC10P-R1:ATCTACTTCCAAGTAC	GC10P-R1	1756.0	848	0.16343963	Paratumor	P10	Fibroblasts	Fib_4	-6.629314422607419	3.4032013416290297
GC10P-R1:ATCTACTTCCGGGTGT	GC10P-R1	7461.0	2802	0.0676853	Paratumor	P10	Endothelial cells	Endo_2	8.58494663238525	-2.0479519367218
GC10P-R1:ATGAGGGTCTGCCCTA	GC10P-R1	997.0	396	0.28585756	Paratumor	P10	Smooth muscle cells	SMC_2	-4.40022277832031	-12.3209447860718
GC10P-R1:ATGCGATGTCAGAATA	GC10P-R1	6334.0	2322	0.03015472	Paratumor	P10	Fibroblasts	Fib_2	-5.32419013977051	9.957822799682619
GC10P-R1:ATGGGAGAGAGGTTGC	GC10P-R1	1686.0	964	0.019572955	Paratumor	P10	Endothelial cells	Endo_4	11.108428955078098	-7.292076587676999
GC10P-R1:ATTACTCCAGGATCGA	GC10P-R1	4001.0	1720	0.042989254	Paratumor	P10	Endothelial cells	Endo_2	9.57174110412598	-2.48897814750671
GC10P-R1:ATTATCCAGCAGCGTA	GC10P-R1	1693.0	883	0.14116952	Paratumor	P10	Fibroblasts	Fib_4	-6.8020515441894505	2.99077200889587
GC10P-R1:ATTCTACAGACAGAGA	GC10P-R1	2584.0	1272	0.05882353	Paratumor	P10	Endothelial cells	Endo_2	9.05558395385742	-3.04310297966003
GC10P-R1:ATTCTACAGAGCAATT	GC10P-R1	2752.0	1237	0.074127905	Paratumor	P10	Endothelial cells	Endo_2	8.41031837463379	-1.90978360176086
GC10P-R1:ATTGGACTCACTGGGC	GC10P-R1	5474.0	1976	0.0801973	Paratumor	P10	Smooth muscle cells	SMC_2	-3.8635256290435804	-13.3877487182617
GC10P-R1:ATTGGTGTCCTCTAGC	GC10P-R1	823.0	381	0.20656136	Paratumor	P10	Fibroblasts	Fib_3	-3.7780392169952406	6.5318717956542995
GC10P-R1:ATTTCTGAGCAAATCA	GC10P-R1	4119.0	1853	0.038358826	Paratumor	P10	Fibroblasts	Fib_2	-4.66534376144409	11.254781723022498
GC10P-R1:ATTTCTGAGTCTCAAC	GC10P-R1	6083.0	2130	0.03912543	Paratumor	P10	Fibroblasts	Fib_2	-6.35970211029053	8.81959819793701
GC10P-R1:ATTTCTGGTTGCCTCT	GC10P-R1	4240.0	1561	0.049056605	Paratumor	P10	Fibroblasts	Fib_4	-6.91399621963501	3.10506820678711
GC10P-R1:CAACCAAAGATATGCA	GC10P-R1	5450.0	1912	0.040733945	Paratumor	P10	Endothelial cells	Endo_4	12.278794288635302	-6.12718963623047
GC10P-R1:CAACCAAAGTGCCAGA	GC10P-R1	4863.0	1941	0.03845363	Paratumor	P10	Fibroblasts	Fib_2	-4.23152685165405	10.573153495788599
GC10P-R1:CAACCTCCAGATCGGA	GC10P-R1	1719.0	908	0.018033741	Paratumor	P10	Endothelial cells	Endo_4	11.0485124588013	-7.252079963684079
GC10P-R1:CAACTAGAGAGGGATA	GC10P-R1	4918.0	2083	0.050427005	Paratumor	P10	Fibroblasts	Fib_2	-4.49841356277466	10.9847326278687
GC10P-R1:CAAGATCGTAAGCACG	GC10P-R1	1158.0	541	0.29706392	Paratumor	P10	Endothelial cells	Endo_1	9.09078693389893	-1.77529501914978
GC10P-R1:CAAGATCGTCCTGCTT	GC10P-R1	4677.0	1733	0.18687193	Paratumor	P10	Endothelial cells	Endo_2	9.62114715576172	-4.64314889907837
GC10P-R1:CAAGATCTCATACGGT	GC10P-R1	4751.0	1899	0.049042307	Paratumor	P10	Endothelial cells	Endo_2	9.350661277771	-2.90815567970276
GC10P-R1:CAAGGCCAGGGTCTCC	GC10P-R1	5459.0	1883	0.03480491	Paratumor	P10	Fibroblasts	Fib_2	-4.76098775863647	10.109993934631301
GC10P-R1:CAAGGCCTCAGTCAGT	GC10P-R1	2496.0	1269	0.06410257	Paratumor	P10	Endothelial cells	Endo_2	8.37034606933594	-3.83726215362549
GC10P-R1:CAAGGCCTCTTGGGTA	GC10P-R1	8885.0	2937	0.025548678	Paratumor	P10	Fibroblasts	Fib_2	-6.73461675643921	9.03948402404785
GC10P-R1:CAAGTTGCAATGACCT	GC10P-R1	4746.0	1551	0.17572694	Paratumor	P10	Endothelial cells	Endo_3	8.86913776397705	3.9334874153137203
GC10P-R1:CAAGTTGTCACATGCA	GC10P-R1	3175.0	1356	0.113700785	Paratumor	P10	Endothelial cells	Endo_4	11.9316921234131	-7.040878772735599
GC10P-R1:CACACAAAGCAATCTC	GC10P-R1	5072.0	1792	0.15910883	Paratumor	P10	Smooth muscle cells	SMC_2	-3.63569307327271	-13.9088191986084
GC10P-R1:CACACAAAGCGTTCCG	GC10P-R1	5477.0	2006	0.045828007	Paratumor	P10	Fibroblasts	Fib_4	-6.7786350250244105	2.2582013607025098
GC10P-R1:CACACTCCAAATTGCC	GC10P-R1	2610.0	1350	0.04559387	Paratumor	P10	Endothelial cells	Endo_2	8.15389251708984	-2.86843466758728
GC10P-R1:CACAGGCAGCAGACTG	GC10P-R1	2016.0	897	0.12549603	Paratumor	P10	Endothelial cells	Endo_1	10.344719886779801	-1.89176726341248
GC10P-R1:CACAGGCGTAGAAAGG	GC10P-R1	6184.0	1992	0.03412031	Paratumor	P10	Endothelial cells	Endo_3	8.70109558105469	3.5285444259643595
GC10P-R1:CACAGTAGTTTGGCGC	GC10P-R1	3602.0	1533	0.104108825	Paratumor	P10	Endothelial cells	Endo_2	9.76948642730713	-4.6230525970459
GC10P-R1:CACAGTATCCGCATCT	GC10P-R1	779.0	464	0.20025674	Paratumor	P10	Fibroblasts	Fib_3	-3.21147871017456	8.49426174163818
GC10P-R1:CACATAGAGTCTCCTC	GC10P-R1	5750.0	2136	0.026608696	Paratumor	P10	Endothelial cells	Endo_3	10.2938756942749	2.49162149429321
GC10P-R1:CACATTTCAAGGACTG	GC10P-R1	5819.0	1777	0.23474824	Paratumor	P10	Fibroblasts	Fib_2	-5.90663051605225	9.20436954498291
GC10P-R1:CACCACTCACGGCGTT	GC10P-R1	968.0	462	0.2107438	Paratumor	P10	Fibroblasts	Fib_3	0.129258155822754	-11.255777359008801
GC10P-R1:CACCAGGTCAAGGCTT	GC10P-R1	6682.0	2169	0.021251122	Paratumor	P10	Fibroblasts	Fib_2	-4.352185726165771	10.3430070877075
GC10P-R1:CACCTTGCATCGATGT	GC10P-R1	1639.0	674	0.29103112	Paratumor	P10	Smooth muscle cells	SMC_2	-3.4951381683349596	-12.2438650131226
GC10P-R1:CACTCCAGTCTAGGTT	GC10P-R1	7333.0	2603	0.038183555	Paratumor	P10	Endothelial cells	Endo_3	10.558819770813	2.6941285133361803
GC10P-R1:CAGAATCTCTCAAACG	GC10P-R1	6077.0	1986	0.034227416	Paratumor	P10	Fibroblasts	Fib_4	-5.36901330947876	2.8261730670928995
GC10P-R1:CAGAGAGAGGATGTAT	GC10P-R1	2819.0	1176	0.0645619	Paratumor	P10	Endothelial cells	Endo_3	8.91619873046875	2.63787961006165
GC10P-R1:CAGAGAGCATGGTCAT	GC10P-R1	6194.0	2430	0.0398773	Paratumor	P10	Endothelial cells	Endo_1	10.5132665634155	-2.7222011089325
GC10P-R1:CAGATCAAGAAGGCCT	GC10P-R1	3402.0	1501	0.07701352	Paratumor	P10	Endothelial cells	Endo_2	9.30762672424316	-4.07412433624268
GC10P-R1:CAGATCAAGAGTCTGG	GC10P-R1	3860.0	1574	0.08704663	Paratumor	P10	Fibroblasts	Fib_2	-5.5555911064147905	10.374382019042999
GC10P-R1:CAGATCATCACTCCTG	GC10P-R1	2864.0	1211	0.055167597	Paratumor	P10	Fibroblasts	Fib_4	-5.51942539215088	3.24811697006226
GC10P-R1:CAGCCGATCAATCACG	GC10P-R1	6319.0	2160	0.06915651	Paratumor	P10	Fibroblasts	Fib_2	-4.04552221298218	11.0081968307495
GC10P-R1:CAGCTAACATTCTTAC	GC10P-R1	3088.0	1583	0.045660622	Paratumor	P10	Endothelial cells	Endo_4	12.3244714736938	-6.65875005722046
GC10P-R1:CAGCTAAGTGATGCCC	GC10P-R1	2462.0	730	0.069861904	Paratumor	P10	Fibroblasts	Fib_3	-4.1076455116272	5.11480760574341
GC10P-R1:CAGCTGGAGACCGGAT	GC10P-R1	4837.0	1892	0.034525532	Paratumor	P10	Fibroblasts	Fib_4	-7.03420352935791	2.29330658912659
GC10P-R1:CAGGTGCAGATCCGAG	GC10P-R1	1607.0	758	0.12383323	Paratumor	P10	Fibroblasts	Fib_3	-3.6527287960052504	7.080294609069821
GC10P-R1:CAGGTGCTCGCCTGAG	GC10P-R1	5816.0	2100	0.047971115	Paratumor	P10	Endothelial cells	Endo_1	8.65532875061035	-1.69120824337006
GC10P-R1:CAGTCCTAGGGATACC	GC10P-R1	3745.0	1801	0.0435247	Paratumor	P10	Endothelial cells	Endo_2	9.45388984680176	-4.37058639526367
GC10P-R1:CAGTCCTTCCGTACAA	GC10P-R1	8543.0	2958	0.07866089	Paratumor	P10	Endothelial cells	Endo_2	8.117860794067381	-2.8357183933258097
GC10P-R1:CATATGGCAATCTGCA	GC10P-R1	1459.0	725	0.20013708	Paratumor	P10	Fibroblasts	Fib_3	-5.1379098892211905	3.0715012550354
GC10P-R1:CATATGGGTAGCGTAG	GC10P-R1	1152.0	599	0.26041666	Paratumor	P10	Endothelial cells	Endo_1	8.96351528167725	-1.69120705127716
GC10P-R1:CATATGGTCTGATTCT	GC10P-R1	4047.0	1424	0.06152706	Paratumor	P10	Fibroblasts	Fib_4	-5.3893747329711905	3.8117678165435804
GC10P-R1:CATCAAGTCAACCAAC	GC10P-R1	3647.0	1691	0.027693994	Paratumor	P10	Fibroblasts	Fib_4	-6.81905078887939	2.21816849708557
GC10P-R1:CATCAGATCCGCTGTT	GC10P-R1	7190.0	2390	0.04534075	Paratumor	P10	Endothelial cells	Endo_3	10.414850234985401	2.52997303009033
GC10P-R1:CATCAGATCGTGGGAA	GC10P-R1	4838.0	1810	0.10810252	Paratumor	P10	Smooth muscle cells	SMC_2	-3.8355720043182404	-13.6352090835571
GC10P-R1:CATCGAACACGGCCAT	GC10P-R1	6057.0	2118	0.029552585	Paratumor	P10	Endothelial cells	Endo_3	10.2948808670044	2.05420351028442
GC10P-R1:CATGACAAGCGACGTA	GC10P-R1	5759.0	1945	0.021705158	Paratumor	P10	Endothelial cells	Endo_3	8.19415664672852	3.52673959732056
GC10P-R1:CATGACACAAGGACAC	GC10P-R1	8595.0	2815	0.031297266	Paratumor	P10	Fibroblasts	Fib_2	-5.2365007400512695	9.88352870941162
GC10P-R1:CATGACAGTGGCTCCA	GC10P-R1	1584.0	810	0.12373737	Paratumor	P10	Fibroblasts	Fib_3	-3.0570855140686	8.39054679870605
GC10P-R1:CATGGCGAGACTGTAA	GC10P-R1	5163.0	1867	0.12221576	Paratumor	P10	Smooth muscle cells	SMC_2	-4.267992496490479	-13.682108879089402
GC10P-R1:CATGGCGAGGCGTACA	GC10P-R1	8229.0	2656	0.0419249	Paratumor	P10	Fibroblasts	Fib_4	-7.38676404953003	2.6310243606567405
GC10P-R1:CATGGCGCACATGACT	GC10P-R1	2749.0	1426	0.07784649	Paratumor	P10	Endothelial cells	Endo_2	9.18043327331543	-3.11558723449707
GC10P-R1:CATGGCGCAGTATCTG	GC10P-R1	6571.0	2507	0.040024348	Paratumor	P10	Fibroblasts	Fib_2	-5.9588737487792995	10.3683042526245
GC10P-R1:CATGGCGGTAGCGATG	GC10P-R1	6767.0	2424	0.033692922	Paratumor	P10	Fibroblasts	Fib_4	-5.75788164138794	2.39576363563538
GC10P-R1:CATTCGCAGCAGGCTA	GC10P-R1	7242.0	2282	0.11309031	Paratumor	P10	Fibroblasts	Fib_4	-7.0374460220336905	3.02544617652893
GC10P-R1:CATTCGCGTTAAGTAG	GC10P-R1	2215.0	879	0.13634312	Paratumor	P10	Fibroblasts	Fib_3	-3.68603944778442	7.77931451797485
GC10P-R1:CCAATCCGTTATTCTC	GC10P-R1	4432.0	2069	0.029783394	Paratumor	P10	Endothelial cells	Endo_1	11.073333740234402	-2.7457334995269798
GC10P-R1:CCAATCCTCTGCGGCA	GC10P-R1	4696.0	1573	0.05217206	Paratumor	P10	Fibroblasts	Fib_2	-3.79582333564758	9.4240026473999
GC10P-R1:CCACCTAAGTGTACGG	GC10P-R1	4481.0	1798	0.031243026	Paratumor	P10	Fibroblasts	Fib_4	-9.53067207336426	3.20190858840942
GC10P-R1:CCACCTAGTTAGATGA	GC10P-R1	3698.0	1639	0.05083829	Paratumor	P10	Fibroblasts	Fib_2	-4.9331169128417995	10.39524269104
GC10P-R1:CCACTACGTCTGATCA	GC10P-R1	3988.0	1824	0.046138417	Paratumor	P10	Fibroblasts	Fib_2	-4.56203413009644	10.2959671020508
GC10P-R1:CCAGCGAGTGCACCAC	GC10P-R1	3155.0	1466	0.025039619	Paratumor	P10	Endothelial cells	Endo_4	12.0271549224854	-6.8890681266784695
GC10P-R1:CCATGTCAGTCCGGTC	GC10P-R1	2206.0	1070	0.024932005	Paratumor	P10	Fibroblasts	Fib_4	-6.62433195114136	3.17557144165039
GC10P-R1:CCATGTCCAAGCGCTC	GC10P-R1	5897.0	1918	0.059013058	Paratumor	P10	Fibroblasts	Fib_2	-4.01866769790649	9.61394309997559
GC10P-R1:CCATGTCGTCAAAGCG	GC10P-R1	6054.0	2064	0.1970598	Paratumor	P10	Endothelial cells	Endo_4	12.371422767639197	-6.1794757843017605
GC10P-R1:CCATGTCGTGGTCTCG	GC10P-R1	687.0	361	0.29694322	Paratumor	P10	Fibroblasts	Fib_3	-3.51389741897583	7.8179621696472195
GC10P-R1:CCCAATCCATACCATG	GC10P-R1	4113.0	1719	0.11646	Paratumor	P10	Smooth muscle cells	SMC_2	-3.37304186820984	-13.67662525177
GC10P-R1:CCCAATCTCTTTAGGG	GC10P-R1	6187.0	1889	0.06044933	Paratumor	P10	Fibroblasts	Fib_4	-5.2905154228210405	3.68208074569702
GC10P-R1:CCCAGTTAGGTGATTA	GC10P-R1	1221.0	594	0.17280917	Paratumor	P10	Myofibroblasts	Myofibroblasts	-8.55976390838623	0.684592306613922
GC10P-R1:CCCATACCACATTAGC	GC10P-R1	3457.0	1265	0.07347411	Paratumor	P10	Fibroblasts	Fib_5	-11.4931545257568	3.1446721553802504
GC10P-R1:CCCATACGTCTGGAGA	GC10P-R1	2447.0	1188	0.031467102	Paratumor	P10	Endothelial cells	Endo_4	11.6358280181885	-7.50539636611938
GC10P-R1:CCGGTAGGTCTCACCT	GC10P-R1	6043.0	1935	0.07330796	Paratumor	P10	Fibroblasts	Fib_4	-5.24042320251465	2.93063926696777
GC10P-R1:CCGTACTTCCCTGACT	GC10P-R1	1353.0	702	0.0036954915	Paratumor	P10	Endothelial cells	Endo_1	9.20871639251709	1.89592683315277
GC10P-R1:CCGTGGAAGTCGAGTG	GC10P-R1	4643.0	1767	0.035968125	Paratumor	P10	Fibroblasts	Fib_2	-3.9456419944763197	10.1176290512085
GC10P-R1:CCGTGGACAGCTCGCA	GC10P-R1	6694.0	2325	0.12653123	Paratumor	P10	Smooth muscle cells	SMC_2	-3.66037464141846	-14.0298919677734
GC10P-R1:CCGTGGACAGCTGCAC	GC10P-R1	2552.0	1328	0.02507837	Paratumor	P10	Endothelial cells	Endo_4	11.8636026382446	-7.41323328018188
GC10P-R1:CCTACACAGGTGCTTT	GC10P-R1	6857.0	2382	0.037188273	Paratumor	P10	Endothelial cells	Endo_3	10.574885368347198	2.37088561058044
GC10P-R1:CCTACCAGTCTTCGTC	GC10P-R1	4159.0	1781	0.08271219	Paratumor	P10	Endothelial cells	Endo_2	8.59487628936768	-2.3544533252716096
GC10P-R1:CCTAGCTCAGTCAGAG	GC10P-R1	7985.0	2315	0.10093926	Paratumor	P10	Fibroblasts	Fib_4	-4.85097646713257	3.9147956371307404
GC10P-R1:CCTAGCTTCGCGTAGC	GC10P-R1	5427.0	2096	0.03335176	Paratumor	P10	Endothelial cells	Endo_2	9.64586448669434	-2.2618968486785898
GC10P-R1:CCTATTAGTCCGAAGA	GC10P-R1	4035.0	1708	0.060223047	Paratumor	P10	Fibroblasts	Fib_2	-4.33074903488159	10.6096715927124
GC10P-R1:CCTCAGTTCAGGCAAG	GC10P-R1	4328.0	1687	0.026802218	Paratumor	P10	Endothelial cells	Endo_1	11.004180908203098	-2.68483090400696
GC10P-R1:CCTCTGACAAGCCATT	GC10P-R1	2487.0	1226	0.025733816	Paratumor	P10	Endothelial cells	Endo_4	11.7676563262939	-7.3437237739563
GC10P-R1:CCTCTGACATGATCCA	GC10P-R1	4853.0	1870	0.020193694	Paratumor	P10	Fibroblasts	Fib_2	-4.316820144653319	9.755270004272461
GC10P-R1:CCTTCCCAGTTATCGC	GC10P-R1	3165.0	1448	0.03349131	Paratumor	P10	Fibroblasts	Fib_2	-4.46937561035156	9.36439609527588
GC10P-R1:CCTTCGAGTGCGATAG	GC10P-R1	10274.0	3169	0.02783726	Paratumor	P10	Fibroblasts	Fib_4	-8.47549629211426	2.84894585609436
GC10P-R1:CCTTTCTGTCCTAGCG	GC10P-R1	5296.0	2146	0.046638973	Paratumor	P10	Fibroblasts	Fib_4	-7.14784669876099	2.40197086334229
GC10P-R1:CCTTTCTTCCTTTCGG	GC10P-R1	905.0	478	0.22762431	Paratumor	P10	Fibroblasts	Fib_3	-3.14558100700378	7.68753528594971
GC10P-R1:CGAATGTAGTCGATAA	GC10P-R1	3143.0	978	0.059497297	Paratumor	P10	Fibroblasts	Fib_3	-3.54365420341492	7.0467357635498
GC10P-R1:CGAATGTCATCGGGTC	GC10P-R1	3123.0	1262	0.09125841	Paratumor	P10	Endothelial cells	Endo_3	9.8234338760376	0.24575014412403098
GC10P-R1:CGAATGTGTCATCGGC	GC10P-R1	10264.0	2851	0.045888543	Paratumor	P10	Endothelial cells	Endo_3	8.70668983459473	3.746577501297
GC10P-R1:CGAATGTGTGCACCAC	GC10P-R1	2018.0	818	0.121902876	Paratumor	P10	Fibroblasts	Fib_3	-3.3944981098175	8.48899269104004
GC10P-R1:CGACCTTCACGTAAGG	GC10P-R1	2094.0	1070	0.045845274	Paratumor	P10	Fibroblasts	Fib_2	-3.49067425727844	9.1067476272583
GC10P-R1:CGACCTTGTCGGCACT	GC10P-R1	7485.0	2158	0.046626586	Paratumor	P10	Fibroblasts	Fib_5	-11.354966163635302	3.25734448432922
GC10P-R1:CGAGAAGCACCAACCG	GC10P-R1	1524.0	702	0.060367454	Paratumor	P10	Fibroblasts	Fib_4	-5.98856687545776	3.74681687355042
GC10P-R1:CGAGAAGGTAGCGCTC	GC10P-R1	3323.0	1365	0.05085766	Paratumor	P10	Endothelial cells	Endo_3	8.6020565032959	3.23803281784058
GC10P-R1:CGAGCACAGACGCTTT	GC10P-R1	12768.0	3123	0.036654137	Paratumor	P10	Fibroblasts	Fib_5	-11.6594839096069	3.0437221527099596
GC10P-R1:CGAGCACAGGTGACCA	GC10P-R1	3872.0	1774	0.026342975	Paratumor	P10	Endothelial cells	Endo_2	7.95896768569946	-3.2057254314422594
GC10P-R1:CGAGCACGTAACGCGA	GC10P-R1	1713.0	828	0.115002915	Paratumor	P10	Fibroblasts	Fib_3	-3.2664215564727797	8.60271739959717
GC10P-R1:CGAGCCAAGCGCCTCA	GC10P-R1	3941.0	1430	0.0469424	Paratumor	P10	Fibroblasts	Fib_2	-3.6255648136138903	9.45886516571045
GC10P-R1:CGAGCCATCGATCCCT	GC10P-R1	3702.0	1603	0.032685034	Paratumor	P10	Endothelial cells	Endo_2	7.74862813949585	-3.0083954334258998
GC10P-R1:CGAGCCATCTGCAGTA	GC10P-R1	2841.0	1432	0.06652587	Paratumor	P10	Endothelial cells	Endo_2	9.39893436431885	-1.3666318655014
GC10P-R1:CGATCGGTCCGCGGTA	GC10P-R1	5553.0	2113	0.037277147	Paratumor	P10	Fibroblasts	Fib_2	-4.77254009246826	11.0961647033691
GC10P-R1:CGATCGGTCTTGGGTA	GC10P-R1	3918.0	1316	0.04287902	Paratumor	P10	Fibroblasts	Fib_4	-5.452710628509519	3.5703985691070597
GC10P-R1:CGATGGCCAAACTGTC	GC10P-R1	2129.0	1071	0.08172851	Paratumor	P10	Endothelial cells	Endo_2	8.64238739013672	-3.34018468856812
GC10P-R1:CGATGGCCACTAAGTC	GC10P-R1	4978.0	2077	0.05524307	Paratumor	P10	Endothelial cells	Endo_2	9.39820766448975	-4.23350238800049
GC10P-R1:CGATGGCCAGCCTTGG	GC10P-R1	4314.0	1863	0.06954103	Paratumor	P10	Endothelial cells	Endo_2	9.89149475097656	-2.9453909397125204
GC10P-R1:CGATGGCGTCCAGTTA	GC10P-R1	1796.0	777	0.2650334	Paratumor	P10	Smooth muscle cells	SMC_2	-3.72081732749939	-12.257622718811
GC10P-R1:CGATGGCGTTCGGGCT	GC10P-R1	6189.0	2151	0.0344159	Paratumor	P10	Fibroblasts	Fib_2	-4.2757287025451705	10.895775794982901
GC10P-R1:CGATTGAAGTATGACA	GC10P-R1	5092.0	2036	0.05361351	Paratumor	P10	Endothelial cells	Endo_2	8.28613662719727	-2.9834375381469704
GC10P-R1:CGCCAAGAGCCAGAAC	GC10P-R1	6511.0	2387	0.039318077	Paratumor	P10	Fibroblasts	Fib_4	-5.3200535774231	2.59838080406189
GC10P-R1:CGCCAAGCAGCTGCAC	GC10P-R1	3449.0	1470	0.017976224	Paratumor	P10	Endothelial cells	Endo_2	8.02178287506104	-2.49265742301941
GC10P-R1:CGCCAAGTCAGTTGAC	GC10P-R1	4789.0	2089	0.031739403	Paratumor	P10	Endothelial cells	Endo_4	12.0191812515259	-6.521234512329099
GC10P-R1:CGCTATCGTAAGAGGA	GC10P-R1	3326.0	1253	0.06283824	Paratumor	P10	Smooth muscle cells	SMC_2	-4.02791118621826	-12.345351219177198
GC10P-R1:CGCTGGAAGACACGAC	GC10P-R1	2887.0	1277	0.048839625	Paratumor	P10	Fibroblasts	Fib_4	-5.61582326889038	3.6964118480682404
GC10P-R1:CGCTGGAAGGCGATAC	GC10P-R1	4844.0	1965	0.024979357	Paratumor	P10	Fibroblasts	Fib_2	-5.093227863311769	10.271736145019501
GC10P-R1:CGCTGGACATCTCCCA	GC10P-R1	5657.0	2007	0.050733604	Paratumor	P10	Fibroblasts	Fib_2	-3.88369536399841	10.4568309783936
GC10P-R1:CGCTGGATCAGGCAAG	GC10P-R1	747.0	429	0.20481928	Paratumor	P10	Fibroblasts	Fib_3	-3.1124079227447496	8.21773242950439
GC10P-R1:CGCTGGATCCTGTAGA	GC10P-R1	2559.0	1141	0.055490427	Paratumor	P10	Fibroblasts	Fib_2	-3.5597808361053502	9.305108070373539
GC10P-R1:CGCTGGATCGGCTTGG	GC10P-R1	4657.0	2014	0.035430536	Paratumor	P10	Fibroblasts	Fib_4	-6.71666717529297	2.24946022033691
GC10P-R1:CGCTTCACACAGCGTC	GC10P-R1	4039.0	1693	0.02871998	Paratumor	P10	Fibroblasts	Fib_2	-4.28246450424194	10.431197166442901
GC10P-R1:CGCTTCAGTGGCTCCA	GC10P-R1	2073.0	1160	0.028461168	Paratumor	P10	Endothelial cells	Endo_4	11.4444522857666	-7.2133297920227095
GC10P-R1:CGGACACCAGGACCCT	GC10P-R1	14473.0	3798	0.035238028	Paratumor	P10	Fibroblasts	Fib_2	-5.9190983772277805	8.27079296112061
GC10P-R1:CGGACGTAGTGTGAAT	GC10P-R1	5185.0	1985	0.022950819	Paratumor	P10	Fibroblasts	Fib_4	-9.58328533172607	3.2619042396545397
GC10P-R1:CGGACGTTCAGTTTGG	GC10P-R1	2459.0	1113	0.07157381	Paratumor	P10	Fibroblasts	Fib_3	-3.43172383308411	8.83381366729736
GC10P-R1:CGGACTGCAATGGACG	GC10P-R1	3087.0	828	0.08260447	Paratumor	P10	Fibroblasts	Fib_3	-4.07356882095337	5.24914216995239
GC10P-R1:CGGACTGTCGGAAATA	GC10P-R1	5326.0	1898	0.05839279	Paratumor	P10	Fibroblasts	Fib_2	-4.722100734710691	9.36468029022217
GC10P-R1:CGGAGCTTCGAGCCCA	GC10P-R1	1132.0	514	0.29858658	Paratumor	P10	Fibroblasts	Fib_4	-6.754920482635501	3.7449903488159197
GC10P-R1:CGGAGTCGTAATTGGA	GC10P-R1	7102.0	2567	0.022669671	Paratumor	P10	Fibroblasts	Fib_2	-5.78987312316895	11.028584480285598
GC10P-R1:CGGAGTCGTTGCCTCT	GC10P-R1	4479.0	1701	0.1350748	Paratumor	P10	Smooth muscle cells	SMC_2	-4.59765386581421	-13.2163257598877
GC10P-R1:CGGCTAGCACAGAGGT	GC10P-R1	904.0	588	0.061946902	Paratumor	P10	Endothelial cells	Endo_1	9.522626876831051	-1.2044552564621
GC10P-R1:CGGCTAGCACGTCTCT	GC10P-R1	4818.0	1676	0.051266085	Paratumor	P10	Fibroblasts	Fib_4	-5.491812229156491	3.37618136405945
GC10P-R1:CGGGTCACAATGGAGC	GC10P-R1	5183.0	1703	0.07794713	Paratumor	P10	Fibroblasts	Fib_4	-6.016680717468259	2.7595052719116198
GC10P-R1:CGTAGCGGTAGATTAG	GC10P-R1	4849.0	2071	0.053206846	Paratumor	P10	Endothelial cells	Endo_2	8.65999698638916	-3.87714385986328
GC10P-R1:CGTAGCGGTCATTAGC	GC10P-R1	2356.0	1230	0.025466893	Paratumor	P10	Endothelial cells	Endo_2	8.292652130126951	-2.92706704139709
GC10P-R1:CGTAGGCAGAAGGTTT	GC10P-R1	3072.0	1486	0.05436198	Paratumor	P10	Fibroblasts	Fib_4	-6.9587101936340305	3.23469114303589
GC10P-R1:CGTAGGCCATCGGAAG	GC10P-R1	2786.0	1275	0.041995693	Paratumor	P10	Endothelial cells	Endo_3	8.919121742248539	2.71336197853088
GC10P-R1:CGTAGGCGTTTGACAC	GC10P-R1	4460.0	1540	0.23295964	Paratumor	P10	Endothelial cells	Endo_3	10.0822105407715	1.37081325054169
GC10P-R1:CGTCACTGTACACCGC	GC10P-R1	4119.0	1620	0.06360767	Paratumor	P10	Fibroblasts	Fib_4	-6.61271476745605	3.18274927139282
GC10P-R1:CGTCAGGGTAAATGAC	GC10P-R1	4727.0	1808	0.08123545	Paratumor	P10	Fibroblasts	Fib_4	-5.4803147315979	2.14212989807129
GC10P-R1:CGTCCATAGCGTAATA	GC10P-R1	6891.0	2588	0.034973152	Paratumor	P10	Fibroblasts	Fib_2	-5.08994054794312	11.2882843017578
GC10P-R1:CGTCTACGTAAATGTG	GC10P-R1	8069.0	2839	0.02044863	Paratumor	P10	Fibroblasts	Fib_5	-11.294116973877001	2.84606432914734
GC10P-R1:CGTCTACGTTCAGTAC	GC10P-R1	4930.0	1913	0.04219067	Paratumor	P10	Fibroblasts	Fib_2	-4.50884866714478	10.4136362075806
GC10P-R1:CGTGAGCAGCTAGGCA	GC10P-R1	10605.0	3393	0.03903819	Paratumor	P10	Endothelial cells	Endo_1	11.421323776245101	-2.5689494609832795
GC10P-R1:CGTGAGCAGCTCCCAG	GC10P-R1	1228.0	655	0.13843648	Paratumor	P10	Fibroblasts	Fib_4	-6.97053623199463	3.2109050750732404
GC10P-R1:CGTGTAAAGCAACGGT	GC10P-R1	2729.0	1116	0.099303775	Paratumor	P10	Smooth muscle cells	SMC_2	-4.4046750068664595	-12.648724555969201
GC10P-R1:CGTGTAATCAAGATCC	GC10P-R1	1723.0	805	0.10737087	Paratumor	P10	Fibroblasts	Fib_3	-3.3089046478271498	8.61471557617188
GC10P-R1:CGTGTCTGTAAACACA	GC10P-R1	6083.0	2053	0.027453559	Paratumor	P10	Endothelial cells	Endo_3	8.67591953277588	3.9136745929718
GC10P-R1:CGTGTCTTCAACACCA	GC10P-R1	5374.0	1804	0.053963527	Paratumor	P10	Fibroblasts	Fib_2	-4.095603942871089	9.78208541870117
GC10P-R1:CGTGTCTTCACGACTA	GC10P-R1	1069.0	594	0.17492984	Paratumor	P10	Fibroblasts	Fib_3	-3.1728708744049103	8.487548828125
GC10P-R1:CGTTAGACAACACCCG	GC10P-R1	4776.0	1848	0.025335008	Paratumor	P10	Fibroblasts	Fib_2	-4.38240194320679	10.5042715072632
GC10P-R1:CGTTAGACATAACCTG	GC10P-R1	3875.0	1741	0.09961291	Paratumor	P10	Fibroblasts	Fib_4	-6.75164127349854	2.54698848724365
GC10P-R1:CGTTGGGGTAGCTCCG	GC10P-R1	3107.0	1543	0.025426457	Paratumor	P10	Endothelial cells	Endo_4	11.4869890213013	-6.731726169586179
GC10P-R1:CTAACTTAGATCGATA	GC10P-R1	4784.0	1763	0.061036788	Paratumor	P10	Fibroblasts	Fib_4	-5.326977729797361	2.58640694618225
GC10P-R1:CTAACTTAGCCGGTAA	GC10P-R1	3004.0	1313	0.085552596	Paratumor	P10	Fibroblasts	Fib_4	-5.919283866882321	2.63265824317932
GC10P-R1:CTAAGACAGGTAGCTG	GC10P-R1	8831.0	2861	0.04450232	Paratumor	P10	Fibroblasts	Fib_4	-5.83777284622192	2.02214574813843
GC10P-R1:CTAAGACCACACCGCA	GC10P-R1	6982.0	2440	0.024921225	Paratumor	P10	Fibroblasts	Fib_2	-5.84936094284058	9.32183933258057
GC10P-R1:CTAAGACCAGGGAGAG	GC10P-R1	3877.0	1480	0.150374	Paratumor	P10	Smooth muscle cells	SMC_2	-4.25307369232178	-13.101137161254899
GC10P-R1:CTAAGACGTCTAGTGT	GC10P-R1	4172.0	1755	0.07358581	Paratumor	P10	Fibroblasts	Fib_2	-5.64901161193848	10.799457550048801
GC10P-R1:CTAAGACTCAGTCCCT	GC10P-R1	2644.0	1334	0.045385778	Paratumor	P10	Endothelial cells	Endo_2	8.98335075378418	-3.8516268730163596
GC10P-R1:CTAATGGGTAAGGGCT	GC10P-R1	6548.0	2348	0.025962126	Paratumor	P10	Endothelial cells	Endo_3	9.06315994262695	3.81655740737915
GC10P-R1:CTACACCGTACCGAGA	GC10P-R1	1245.0	565	0.091566265	Paratumor	P10	Fibroblasts	Fib_3	-3.20070910453796	7.66324281692505
GC10P-R1:CTACATTAGAGACTTA	GC10P-R1	5630.0	2061	0.13801065	Paratumor	P10	Smooth muscle cells	SMC_2	-3.84901571273804	-13.946126937866199
GC10P-R1:CTACCCAGTCTTTCAT	GC10P-R1	2886.0	1197	0.07484408	Paratumor	P10	Fibroblasts	Fib_3	-3.7485818862915	8.27051258087158
GC10P-R1:CTAGCCTGTACCATCA	GC10P-R1	961.0	560	0.23100936	Paratumor	P10	Endothelial cells	Endo_1	10.0822792053223	-0.71803081035614
GC10P-R1:CTAGCCTGTTCAGGCC	GC10P-R1	711.0	463	0.087201126	Paratumor	P10	Endothelial cells	Endo_1	9.56318950653076	-1.14138448238373
GC10P-R1:CTAGCCTTCACTTACT	GC10P-R1	1006.0	454	0.26838967	Paratumor	P10	Fibroblasts	Fib_3	-4.95186233520508	4.75415086746216
GC10P-R1:CTAGTGAAGCTAGCCC	GC10P-R1	6039.0	1959	0.10382514	Paratumor	P10	Smooth muscle cells	SMC_2	-4.433550357818599	-13.2893705368042
GC10P-R1:CTAGTGAGTCGAACAG	GC10P-R1	1559.0	765	0.08146247	Paratumor	P10	Fibroblasts	Fib_3	-3.92408084869385	8.60470581054688
GC10P-R1:CTCAGAACAGGGCATA	GC10P-R1	1644.0	975	0.10218978	Paratumor	P10	Endothelial cells	Endo_2	9.47776412963867	-2.9640998840332
GC10P-R1:CTCAGAATCAACGCTA	GC10P-R1	7928.0	2892	0.077699296	Paratumor	P10	Endothelial cells	Endo_2	8.94569206237793	-2.87785673141479
GC10P-R1:CTCATTAGTGAGGCTA	GC10P-R1	6266.0	2161	0.018512608	Paratumor	P10	Fibroblasts	Fib_4	-4.98656511306763	2.39308762550354
GC10P-R1:CTCGAAAAGAATAGGG	GC10P-R1	9100.0	2853	0.03681319	Paratumor	P10	Fibroblasts	Fib_4	-5.63762903213501	2.71649122238159
GC10P-R1:CTCGAGGAGTCGAGTG	GC10P-R1	2498.0	1282	0.04403523	Paratumor	P10	Myofibroblasts	Myofibroblasts	-8.540737152099611	0.555543541908264
GC10P-R1:CTCGAGGGTCTTCAAG	GC10P-R1	2897.0	1398	0.04521919	Paratumor	P10	Endothelial cells	Endo_4	11.8197822570801	-6.6360335350036594
GC10P-R1:CTCGAGGTCTGAGTGT	GC10P-R1	4505.0	1797	0.073473915	Paratumor	P10	Endothelial cells	Endo_3	9.14102840423584	3.84892344474792
GC10P-R1:CTCGGAGCATTGTGCA	GC10P-R1	5062.0	1669	0.11853023	Paratumor	P10	Smooth muscle cells	SMC_2	-4.7210431098938	-12.967622756958
GC10P-R1:CTCGGGAAGATAGCAT	GC10P-R1	4463.0	1661	0.034954067	Paratumor	P10	Fibroblasts	Fib_2	-5.9975910186767605	9.12644004821777
GC10P-R1:CTCGGGAAGCGATATA	GC10P-R1	980.0	620	0.04489796	Paratumor	P10	Endothelial cells	Endo_1	8.7322940826416	-2.18517661094666
GC10P-R1:CTCGGGAAGGCACATG	GC10P-R1	3218.0	1351	0.037911747	Paratumor	P10	Fibroblasts	Fib_2	-4.30942821502686	9.435811996459961
GC10P-R1:CTCGTACCAGACAGGT	GC10P-R1	6056.0	1868	0.2926024	Paratumor	P10	Fibroblasts	Fib_2	-5.1211838722229	10.776452064514197
GC10P-R1:CTCGTCAAGCGGCTTC	GC10P-R1	6195.0	2017	0.05488297	Paratumor	P10	Fibroblasts	Fib_4	-5.679700374603269	2.4170761108398398
GC10P-R1:CTCGTCAGTACCTACA	GC10P-R1	3652.0	1467	0.058598027	Paratumor	P10	Endothelial cells	Endo_1	9.47478008270264	-0.625418484210968
GC10P-R1:CTCGTCAGTTATGTGC	GC10P-R1	3943.0	1737	0.025107786	Paratumor	P10	Fibroblasts	Fib_2	-5.852102756500241	10.738121986389197
GC10P-R1:CTCGTCATCACCCTCA	GC10P-R1	7094.0	2388	0.020016916	Paratumor	P10	Fibroblasts	Fib_2	-5.48736763000488	10.589639663696301
GC10P-R1:CTCGTCATCATGCATG	GC10P-R1	6390.0	2204	0.023317683	Paratumor	P10	Fibroblasts	Fib_2	-5.315951824188231	9.41959381103516
GC10P-R1:CTCTAATTCAGAGACG	GC10P-R1	4361.0	1555	0.1098372	Paratumor	P10	Fibroblasts	Fib_4	-5.459191799163821	3.7376644611358603
GC10P-R1:CTCTACGAGCTAAGAT	GC10P-R1	3430.0	1613	0.02536443	Paratumor	P10	Endothelial cells	Endo_2	10.066526412963901	-4.63930368423462
GC10P-R1:CTCTACGCAGCTCGCA	GC10P-R1	3017.0	1475	0.023201857	Paratumor	P10	Endothelial cells	Endo_2	8.22852420806885	-2.62105250358582
GC10P-R1:CTCTACGGTGAGGCTA	GC10P-R1	4284.0	1571	0.032212887	Paratumor	P10	Fibroblasts	Fib_4	-5.4790544509887695	2.94815278053284
GC10P-R1:CTCTGGTGTGGAAAGA	GC10P-R1	3057.0	1522	0.030421982	Paratumor	P10	Endothelial cells	Endo_2	9.304728507995609	-4.21458435058594
GC10P-R1:CTGAAACAGTACATGA	GC10P-R1	1218.0	773	0.040229887	Paratumor	P10	Endothelial cells	Endo_4	11.430046081542999	-7.36720180511475
GC10P-R1:CTGAAGTGTCCAGTAT	GC10P-R1	10361.0	2999	0.0434321	Paratumor	P10	Fibroblasts	Fib_4	-5.34583234786987	2.28933787345886
GC10P-R1:CTGAAGTGTGATGTGG	GC10P-R1	7460.0	2718	0.045174263	Paratumor	P10	Endothelial cells	Endo_3	10.9350109100342	2.0040075778961204
GC10P-R1:CTGAAGTGTTCAGCGC	GC10P-R1	6563.0	2376	0.067042515	Paratumor	P10	Fibroblasts	Fib_2	-5.13951063156128	11.111421585083
GC10P-R1:CTGAAGTGTTTGTGTG	GC10P-R1	4264.0	1592	0.043621015	Paratumor	P10	Fibroblasts	Fib_4	-5.5728664398193395	3.0227222442627
GC10P-R1:CTGATAGCACAGACAG	GC10P-R1	8221.0	2851	0.051575232	Paratumor	P10	Endothelial cells	Endo_2	8.80477714538574	-1.47688460350037
GC10P-R1:CTGATAGTCTCTTATG	GC10P-R1	1988.0	1049	0.10261569	Paratumor	P10	Fibroblasts	Fib_2	-4.444854736328121	10.552131652832001
GC10P-R1:CTGATCCCAAAGTCAA	GC10P-R1	4754.0	1836	0.06163231	Paratumor	P10	Fibroblasts	Fib_2	-3.799644947052	10.6086282730103
GC10P-R1:CTGATCCCATGAACCT	GC10P-R1	6871.0	2277	0.09503711	Paratumor	P10	Endothelial cells	Endo_2	9.83578491210938	-2.38941383361816
GC10P-R1:CTGATCCGTTACCAGT	GC10P-R1	4171.0	1522	0.08079597	Paratumor	P10	Smooth muscle cells	SMC_2	-4.47962951660156	-12.316767692565902
GC10P-R1:CTGCCTAAGTAAGTAC	GC10P-R1	3862.0	1650	0.09399275	Paratumor	P10	Smooth muscle cells	SMC_2	-4.46573066711426	-13.469878196716301
GC10P-R1:CTGCCTAAGTTCGCAT	GC10P-R1	6569.0	1999	0.060435377	Paratumor	P10	Fibroblasts	Fib_2	-6.03384017944336	8.276279449462889
GC10P-R1:CTGCCTAAGTTGCAGG	GC10P-R1	2913.0	1404	0.038791623	Paratumor	P10	Endothelial cells	Endo_2	7.818496227264401	-3.22598147392273
GC10P-R1:CTGCCTACACAGAGGT	GC10P-R1	594.0	362	0.12794612	Paratumor	P10	Fibroblasts	Fib_3	-2.9877736568450897	8.075511932373049
GC10P-R1:CTGCCTACATGCATGT	GC10P-R1	6672.0	2411	0.026978416	Paratumor	P10	Endothelial cells	Endo_3	8.880125045776369	3.86592650413513
GC10P-R1:CTGCCTAGTAGCGTCC	GC10P-R1	2616.0	1378	0.046636086	Paratumor	P10	Fibroblasts	Fib_2	-5.1472806930542	10.417368888855
GC10P-R1:CTGCTGTAGCACCGCT	GC10P-R1	3489.0	1348	0.059615936	Paratumor	P10	Fibroblasts	Fib_3	-4.82277631759644	4.19155502319336
GC10P-R1:CTGCTGTTCCGCAGTG	GC10P-R1	1106.0	461	0.18896925	Paratumor	P10	Fibroblasts	Fib_3	-4.14001226425171	5.1627316474914595
GC10P-R1:CTGCTGTTCTTGTACT	GC10P-R1	6460.0	2514	0.041950464	Paratumor	P10	Fibroblasts	Fib_2	-5.533686637878421	9.85275650024414
GC10P-R1:CTGGTCTGTCTTCTCG	GC10P-R1	3721.0	1784	0.05374899	Paratumor	P10	Endothelial cells	Endo_2	8.78656482696533	-1.7282727956771897
GC10P-R1:CTGTGCTAGCGATCCC	GC10P-R1	6346.0	2387	0.0508982	Paratumor	P10	Endothelial cells	Endo_2	8.86862468719482	-1.58513414859772
GC10P-R1:CTGTGCTCAGTAAGCG	GC10P-R1	552.0	378	0.14855072	Paratumor	P10	Fibroblasts	Fib_3	-6.77017879486084	4.02752542495728
GC10P-R1:CTGTGCTTCCCTCTTT	GC10P-R1	4303.0	1836	0.05112712	Paratumor	P10	Endothelial cells	Endo_1	10.570734977722198	0.690152108669281
GC10P-R1:CTGTGCTTCGTTACGA	GC10P-R1	4280.0	1931	0.030841121	Paratumor	P10	Endothelial cells	Endo_4	12.320405960083	-6.14518404006958
GC10P-R1:CTGTGCTTCTTGCATT	GC10P-R1	2067.0	1083	0.115626514	Paratumor	P10	Endothelial cells	Endo_2	9.36184215545654	-3.4145541191101096
GC10P-R1:CTGTTTAAGCCGATTT	GC10P-R1	2646.0	1412	0.043839756	Paratumor	P10	Endothelial cells	Endo_4	11.865330696106	-6.94096231460571
GC10P-R1:CTGTTTAAGTTCCACA	GC10P-R1	10316.0	2881	0.03790229	Paratumor	P10	Fibroblasts	Fib_5	-10.5074319839478	3.6084043979644798
GC10P-R1:CTGTTTATCGCAAGCC	GC10P-R1	2113.0	941	0.07335542	Paratumor	P10	Fibroblasts	Fib_4	-5.39670133590698	3.78897094726562
GC10P-R1:CTTAACTCAACGATGG	GC10P-R1	4860.0	2102	0.075925924	Paratumor	P10	Smooth muscle cells	SMC_1	1.04519271850586	-11.348969459533699
GC10P-R1:CTTACCGTCATGTCTT	GC10P-R1	3867.0	1613	0.097233	Paratumor	P10	Fibroblasts	Fib_4	-7.21046447753906	2.612961769104
GC10P-R1:CTTAGGACAAGGACAC	GC10P-R1	3462.0	1083	0.16608897	Paratumor	P10	Fibroblasts	Fib_3	-3.79019236564636	7.52480506896973
GC10P-R1:CTTAGGACATGTCCTC	GC10P-R1	3004.0	1185	0.06790946	Paratumor	P10	Endothelial cells	Endo_3	8.61581325531006	2.6114046573638903
GC10P-R1:CTTAGGATCGTTGACA	GC10P-R1	4108.0	1673	0.13047712	Paratumor	P10	Endothelial cells	Endo_2	7.92568492889404	-3.9570326805114706
GC10P-R1:CTTCTCTCACCGCTAG	GC10P-R1	6857.0	2714	0.04345924	Paratumor	P10	Endothelial cells	Endo_4	11.927121162414599	-6.4336843490600595
GC10P-R1:CTTCTCTGTCCAGTTA	GC10P-R1	2432.0	1082	0.16241777	Paratumor	P10	Smooth muscle cells	SMC_1	-1.0578645467758199	-12.856559753417999
GC10P-R1:CTTGGCTGTAAGTGTA	GC10P-R1	5397.0	2139	0.030016676	Paratumor	P10	Fibroblasts	Fib_2	-4.2895822525024405	11.151476860046401
GC10P-R1:CTTGGCTTCTGATTCT	GC10P-R1	2589.0	1412	0.0413287	Paratumor	P10	Endothelial cells	Endo_2	9.10848999023438	-3.94217038154602
GC10P-R1:CTTTGCGCAACCGCCA	GC10P-R1	2850.0	1209	0.07649123	Paratumor	P10	Endothelial cells	Endo_3	8.50038146972656	3.0038256645202597
GC10P-R1:GAAACTCGTGCAGGTA	GC10P-R1	1795.0	940	0.11699165	Paratumor	P10	Endothelial cells	Endo_2	8.63379955291748	-3.46816849708557
GC10P-R1:GAAATGAGTGCCTGCA	GC10P-R1	3890.0	1491	0.12930591	Paratumor	P10	Smooth muscle cells	SMC_2	-4.19001245498657	-13.120436668396001
GC10P-R1:GAAATGAGTGTAACGG	GC10P-R1	5635.0	2310	0.062289264	Paratumor	P10	Endothelial cells	Endo_2	10.1798276901245	-4.973473072052
GC10P-R1:GAAATGATCAAACCGT	GC10P-R1	1045.0	364	0.08421053	Paratumor	P10	Fibroblasts	Fib_3	-7.10060977935791	3.8512589931487997
GC10P-R1:GAACATCGTCTAGTCA	GC10P-R1	2961.0	1436	0.03343465	Paratumor	P10	Endothelial cells	Endo_4	12.007000923156701	-6.483139514923099
GC10P-R1:GAACATCGTTCAGCGC	GC10P-R1	7930.0	2579	0.032408576	Paratumor	P10	Fibroblasts	Fib_2	-4.7267155647277805	10.447922706604
GC10P-R1:GAACCTAGTAGAGCTG	GC10P-R1	1475.0	744	0.099661015	Paratumor	P10	Fibroblasts	Fib_4	-6.56942987442017	3.51049852371216
GC10P-R1:GAACGGATCAGCATGT	GC10P-R1	5082.0	1917	0.038961038	Paratumor	P10	Fibroblasts	Fib_2	-4.06194734573364	10.8668632507324
GC10P-R1:GAACGGATCAGGATCT	GC10P-R1	2453.0	1213	0.10110069	Paratumor	P10	Endothelial cells	Endo_2	8.04362201690674	-3.2348518371582
GC10P-R1:GAATGAAAGGCTACGA	GC10P-R1	6958.0	2472	0.05648175	Paratumor	P10	Smooth muscle cells	SMC_1	-0.751577913761139	-10.7264537811279
GC10P-R1:GAATGAAAGTCTCCTC	GC10P-R1	2017.0	1001	0.05701537	Paratumor	P10	Endothelial cells	Endo_2	8.65214443206787	-2.95823693275452
GC10P-R1:GACACGCCAGTTTACG	GC10P-R1	3434.0	1641	0.04368084	Paratumor	P10	Endothelial cells	Endo_4	12.1078691482544	-6.55463075637817
GC10P-R1:GACACGCTCTGGCGAC	GC10P-R1	4499.0	1791	0.047566127	Paratumor	P10	Fibroblasts	Fib_2	-5.54447841644287	10.1457567214966
GC10P-R1:GACAGAGCAGTAAGAT	GC10P-R1	3609.0	1577	0.029093932	Paratumor	P10	Endothelial cells	Endo_2	8.5224552154541	-1.7412394285202
GC10P-R1:GACAGAGCATCCAACA	GC10P-R1	1961.0	952	0.2009179	Paratumor	P10	Fibroblasts	Fib_4	-6.5107746124267605	3.1912879943847696
GC10P-R1:GACAGAGGTTGTCGCG	GC10P-R1	3117.0	1306	0.06641001	Paratumor	P10	Fibroblasts	Fib_4	-9.877400398254391	3.51426458358765
GC10P-R1:GACCTGGAGGTTCCTA	GC10P-R1	4610.0	2041	0.023427332	Paratumor	P10	Endothelial cells	Endo_2	9.87544631958008	-2.9170947074890097
GC10P-R1:GACCTGGTCGGATGTT	GC10P-R1	1567.0	702	0.18634333	Paratumor	P10	Fibroblasts	Fib_3	-3.6904993057251	6.741949558258059
GC10P-R1:GACGCGTCATCATCCC	GC10P-R1	6897.0	1975	0.063940845	Paratumor	P10	Fibroblasts	Fib_5	-11.3114452362061	3.18707275390625
GC10P-R1:GACGCGTTCGACGGAA	GC10P-R1	3305.0	1244	0.08290469	Paratumor	P10	Fibroblasts	Fib_2	-3.44058632850647	9.05978679656982
GC10P-R1:GACGGCTCATGGTTGT	GC10P-R1	6368.0	2174	0.032035176	Paratumor	P10	Endothelial cells	Endo_3	9.197996139526369	3.0780026912689196
GC10P-R1:GACGGCTCATGTAGTC	GC10P-R1	3333.0	1475	0.07320732	Paratumor	P10	Endothelial cells	Endo_3	10.1832399368286	2.97674107551575
GC10P-R1:GACGTGCCACTTCGAA	GC10P-R1	942.0	460	0.22399151	Paratumor	P10	Endothelial cells	Endo_1	8.88824558258057	1.30644488334656
GC10P-R1:GACGTGCCAGGTTTCA	GC10P-R1	2340.0	997	0.06837607	Paratumor	P10	Fibroblasts	Fib_3	-3.08452343940735	8.38576030731201
GC10P-R1:GACTAACAGTGTTAGA	GC10P-R1	7010.0	2413	0.040228244	Paratumor	P10	Fibroblasts	Fib_2	-5.30446577072144	10.871823310852099
GC10P-R1:GACTAACCACTGAAGG	GC10P-R1	3102.0	1442	0.04384268	Paratumor	P10	Endothelial cells	Endo_3	8.7770299911499	2.8308157920837402
GC10P-R1:GACTAACGTGTTCGAT	GC10P-R1	2306.0	1134	0.05810928	Paratumor	P10	Fibroblasts	Fib_4	-6.90707540512085	3.35955405235291
GC10P-R1:GACTAACGTTGCTCCT	GC10P-R1	2624.0	1011	0.20198171	Paratumor	P10	Fibroblasts	Fib_3	-4.496618270874019	4.60705041885376
GC10P-R1:GACTGCGAGCTAACAA	GC10P-R1	5419.0	1774	0.052408192	Paratumor	P10	Smooth muscle cells	SMC_2	-4.8504920005798295	-12.4516162872314
GC10P-R1:GACTGCGCATGTTCCC	GC10P-R1	3215.0	1264	0.06438569	Paratumor	P10	Fibroblasts	Fib_2	-4.24328660964966	10.167047500610401
GC10P-R1:GAGTCCGAGAGACGAA	GC10P-R1	7171.0	2384	0.045181982	Paratumor	P10	Fibroblasts	Fib_2	-5.45656061172485	8.71270847320557
GC10P-R1:GAGTCCGAGCTAGTTC	GC10P-R1	6615.0	2337	0.14814815	Paratumor	P10	Endothelial cells	Endo_4	11.9319658279419	-6.933834075927731
GC10P-R1:GAGTCCGTCCAAGCCG	GC10P-R1	5301.0	1983	0.022825882	Paratumor	P10	Fibroblasts	Fib_2	-4.55505609512329	10.8016510009766
GC10P-R1:GAGTCCGTCGCTTAGA	GC10P-R1	3449.0	1582	0.025804581	Paratumor	P10	Endothelial cells	Endo_2	8.06339836120605	-3.33557224273682
GC10P-R1:GATCAGTAGTGTGAAT	GC10P-R1	7022.0	2440	0.05012817	Paratumor	P10	Fibroblasts	Fib_2	-4.37170791625977	10.5755205154419
GC10P-R1:GATCGATAGATGCCTT	GC10P-R1	5463.0	1935	0.112758555	Paratumor	P10	Smooth muscle cells	SMC_2	-4.10572385787964	-13.7774105072021
GC10P-R1:GATCGATAGCACCGCT	GC10P-R1	3896.0	1671	0.04594456	Paratumor	P10	Endothelial cells	Endo_2	7.858975410461429	-2.89728927612305
GC10P-R1:GATCGATAGGGTGTTG	GC10P-R1	3600.0	1521	0.0425	Paratumor	P10	Fibroblasts	Fib_2	-4.5939621925354	9.76480579376221
GC10P-R1:GATCGATCATACGCTA	GC10P-R1	1513.0	809	0.062128223	Paratumor	P10	Endothelial cells	Endo_2	9.103391647338869	-2.93059229850769
GC10P-R1:GATCGATTCATCACCC	GC10P-R1	4939.0	1816	0.03037052	Paratumor	P10	Fibroblasts	Fib_2	-4.50916624069214	10.7400732040405
GC10P-R1:GATCGATTCCCACTTG	GC10P-R1	2996.0	1145	0.049732976	Paratumor	P10	Fibroblasts	Fib_3	-3.6410696506500204	8.86883068084717
GC10P-R1:GATCGCGCAAGTACCT	GC10P-R1	753.0	454	0.06374502	Paratumor	P10	Fibroblasts	Fib_3	-3.04421281814575	8.3571605682373
GC10P-R1:GATCGCGGTTTGACTG	GC10P-R1	5077.0	1800	0.07287768	Paratumor	P10	Fibroblasts	Fib_2	-4.77505683898926	10.208163261413599
GC10P-R1:GATCGTAAGCGTGTCC	GC10P-R1	3673.0	1521	0.0329431	Paratumor	P10	Fibroblasts	Fib_2	-3.88066840171814	10.2930727005005
GC10P-R1:GATCGTAAGTTGTAGA	GC10P-R1	646.0	412	0.075851396	Paratumor	P10	Fibroblasts	Fib_3	-3.0940730571746804	8.36531066894531
GC10P-R1:GATCGTACAATGAAAC	GC10P-R1	3688.0	1714	0.04718004	Paratumor	P10	Fibroblasts	Fib_2	-5.45800495147705	10.7811975479126
GC10P-R1:GATGAGGCAATCACAC	GC10P-R1	3878.0	1594	0.043579165	Paratumor	P10	Fibroblasts	Fib_4	-5.899175643920901	3.5540192127227797
GC10P-R1:GCAATCACAGGGTATG	GC10P-R1	5461.0	2018	0.04193371	Paratumor	P10	Fibroblasts	Fib_2	-5.87233686447144	10.668681144714402
GC10P-R1:GCAATCAGTACCGGCT	GC10P-R1	4562.0	1638	0.078693554	Paratumor	P10	Fibroblasts	Fib_4	-6.18251085281372	3.32895398139954
GC10P-R1:GCAATCATCTTCCTTC	GC10P-R1	7781.0	2559	0.11540933	Paratumor	P10	Smooth muscle cells	SMC_2	-4.17645311355591	-13.8085460662842
GC10P-R1:GCACATAGTAGAAAGG	GC10P-R1	4705.0	1743	0.032518595	Paratumor	P10	Endothelial cells	Endo_3	9.536871910095211	2.55267453193665
GC10P-R1:GCACATATCCACGTGG	GC10P-R1	3144.0	1495	0.03498728	Paratumor	P10	Endothelial cells	Endo_2	8.87417507171631	-3.00089383125305
GC10P-R1:GCACTCTAGGCAATTA	GC10P-R1	3375.0	1589	0.033185184	Paratumor	P10	Endothelial cells	Endo_4	11.814689636230499	-6.747125148773191
GC10P-R1:GCAGCCAAGTAGTGCG	GC10P-R1	5118.0	1964	0.027745213	Paratumor	P10	Fibroblasts	Fib_2	-3.9777801036834703	10.343313217163098
GC10P-R1:GCAGCCACACATTAGC	GC10P-R1	5903.0	2226	0.034728106	Paratumor	P10	Fibroblasts	Fib_2	-6.1784086227417	8.779224395751951
GC10P-R1:GCAGCCAGTGTCAATC	GC10P-R1	1105.0	590	0.2	Paratumor	P10	Endothelial cells	Endo_1	9.36476993560791	1.42220044136047
GC10P-R1:GCAGTTATCTTGTATC	GC10P-R1	3685.0	1590	0.07598372	Paratumor	P10	Fibroblasts	Fib_2	-4.54473161697388	10.017889022827099
GC10P-R1:GCATACACAGTGGGAT	GC10P-R1	6296.0	2540	0.028748412	Paratumor	P10	Endothelial cells	Endo_4	12.378526687622099	-6.651544094085691
GC10P-R1:GCATGATCACTTAAGC	GC10P-R1	8673.0	2688	0.037472617	Paratumor	P10	Fibroblasts	Fib_5	-10.7637405395508	3.6450545787811297
GC10P-R1:GCATGCGAGAATAGGG	GC10P-R1	5351.0	2012	0.04335638	Paratumor	P10	Fibroblasts	Fib_4	-7.71057033538818	2.8123347759246804
GC10P-R1:GCATGCGGTGCACGAA	GC10P-R1	5567.0	1570	0.040776003	Paratumor	P10	Fibroblasts	Fib_5	-10.244744300842301	3.62696647644043
GC10P-R1:GCATGCGTCCACGTGG	GC10P-R1	2182.0	1133	0.03895509	Paratumor	P10	Endothelial cells	Endo_4	11.3572101593018	-7.42849254608154
GC10P-R1:GCATGCGTCGAGCCCA	GC10P-R1	1338.0	606	0.22346786	Paratumor	P10	Endothelial cells	Endo_1	9.05192470550537	0.8172297477722171
GC10P-R1:GCCAAATGTCTCGTTC	GC10P-R1	7310.0	2379	0.053077977	Paratumor	P10	Fibroblasts	Fib_4	-9.8705472946167	3.5281312465667702
GC10P-R1:GCCAAATGTGCTTCTC	GC10P-R1	3504.0	1425	0.052226026	Paratumor	P10	Fibroblasts	Fib_2	-3.90119576454163	10.280445098877
GC10P-R1:GCCAAATTCGCCAGCA	GC10P-R1	6904.0	2541	0.0292584	Paratumor	P10	Fibroblasts	Fib_4	-6.34218835830688	2.4223828315734903
GC10P-R1:GCCTCTAAGAGATGAG	GC10P-R1	7534.0	2723	0.02136979	Paratumor	P10	Fibroblasts	Fib_2	-5.04627227783203	11.1189126968384
GC10P-R1:GCCTCTACAACACCCG	GC10P-R1	2698.0	1415	0.05967383	Paratumor	P10	Endothelial cells	Endo_2	8.59206485748291	-3.50396013259888
GC10P-R1:GCCTCTAGTCTTCTCG	GC10P-R1	9147.0	2763	0.025691483	Paratumor	P10	Fibroblasts	Fib_5	-10.2167167663574	3.58019351959229
GC10P-R1:GCCTCTAGTTCCAACA	GC10P-R1	3300.0	1576	0.04969697	Paratumor	P10	Endothelial cells	Endo_2	8.48739051818848	-3.3092198371887203
GC10P-R1:GCCTCTATCGGCTTGG	GC10P-R1	3946.0	1897	0.080334514	Paratumor	P10	Endothelial cells	Endo_3	9.87752056121826	3.3544251918792702
GC10P-R1:GCCTCTATCTAGAGTC	GC10P-R1	4375.0	1994	0.0512	Paratumor	P10	Fibroblasts	Fib_4	-5.764174938201901	1.86731290817261
GC10P-R1:GCGACCAAGAGCCCAA	GC10P-R1	3223.0	1399	0.035060503	Paratumor	P10	Endothelial cells	Endo_2	9.8761625289917	-4.48831462860107
GC10P-R1:GCGACCATCTGCGTAA	GC10P-R1	4887.0	1967	0.030693676	Paratumor	P10	Endothelial cells	Endo_3	10.4642124176025	2.71647953987122
GC10P-R1:GCGCAACCAAGCGATG	GC10P-R1	5146.0	2040	0.039059464	Paratumor	P10	Endothelial cells	Endo_4	12.155610084533699	-6.474045753479
GC10P-R1:GCGCAGTAGCAGGCTA	GC10P-R1	1343.0	733	0.0908414	Paratumor	P10	Fibroblasts	Fib_3	-3.74949264526367	9.13018417358398
GC10P-R1:GCGCAGTGTTATCGGT	GC10P-R1	2878.0	1205	0.06601807	Paratumor	P10	Endothelial cells	Endo_3	9.89738941192627	0.45840844511985795
GC10P-R1:GCGCAGTTCGTTTGCC	GC10P-R1	4809.0	1868	0.037221875	Paratumor	P10	Fibroblasts	Fib_2	-3.91350650787354	10.7494373321533
GC10P-R1:GCGCCAAAGTCCATAC	GC10P-R1	5401.0	2072	0.024995372	Paratumor	P10	Fibroblasts	Fib_2	-4.71190595626831	10.734214782714801
GC10P-R1:GCGCCAACATTCGACA	GC10P-R1	3293.0	1391	0.03127847	Paratumor	P10	Fibroblasts	Fib_4	-5.43282651901245	2.7725145816802996
GC10P-R1:GCGCCAAGTATGGTTC	GC10P-R1	4700.0	1952	0.040638298	Paratumor	P10	Fibroblasts	Fib_2	-5.70815134048462	9.45674800872803
GC10P-R1:GCGCCAATCACTGGGC	GC10P-R1	4425.0	1691	0.03819209	Paratumor	P10	Fibroblasts	Fib_4	-5.78205442428589	2.9702305793762203
GC10P-R1:GCGCGATCAAGGACAC	GC10P-R1	5268.0	2026	0.039293848	Paratumor	P10	Endothelial cells	Endo_2	9.01346969604492	-1.21565318107605
GC10P-R1:GCGGGTTAGAACTCGG	GC10P-R1	4023.0	1998	0.025105642	Paratumor	P10	Endothelial cells	Endo_4	11.3369722366333	-6.31793403625488
GC10P-R1:GCGGGTTCAGTTCATG	GC10P-R1	6463.0	2351	0.03264738	Paratumor	P10	Fibroblasts	Fib_4	-6.0631685256958	2.20084547996521
GC10P-R1:GCTCTGTAGTCAAGGC	GC10P-R1	2280.0	1156	0.090350874	Paratumor	P10	Fibroblasts	Fib_4	-5.30699729919434	3.0652008056640603
GC10P-R1:GCTCTGTCATTAGGCT	GC10P-R1	3849.0	1760	0.024421928	Paratumor	P10	Endothelial cells	Endo_4	11.686964988708501	-5.942965507507321
GC10P-R1:GCTGCAGAGTGTACTC	GC10P-R1	7563.0	2515	0.053814624	Paratumor	P10	Fibroblasts	Fib_4	-5.51235580444336	1.99806475639343
GC10P-R1:GCTGCAGCAATGGAGC	GC10P-R1	5645.0	2098	0.036138177	Paratumor	P10	Fibroblasts	Fib_4	-5.629263401031491	2.2730307579040496
GC10P-R1:GCTGCAGTCATTTGGG	GC10P-R1	11086.0	2772	0.024445247	Paratumor	P10	Fibroblasts	Fib_5	-11.4952745437622	3.3031313419342
GC10P-R1:GCTGCGACAATAGCGG	GC10P-R1	3804.0	1469	0.059936907	Paratumor	P10	Endothelial cells	Endo_3	9.4405403137207	1.50036418437958
GC10P-R1:GCTGCGACAGATGGGT	GC10P-R1	5882.0	1752	0.053553212	Paratumor	P10	Fibroblasts	Fib_4	-9.91005039215088	3.5151309967041002
GC10P-R1:GCTGCGAGTGTATGGG	GC10P-R1	2021.0	1041	0.09599208	Paratumor	P10	Endothelial cells	Endo_2	8.65975189208984	-3.5495905876159703
GC10P-R1:GCTGCGATCCAGAAGG	GC10P-R1	1610.0	851	0.083850935	Paratumor	P10	Fibroblasts	Fib_3	-3.27429294586182	8.54642009735107
GC10P-R1:GCTGCTTCACCTATCC	GC10P-R1	5731.0	2192	0.024428546	Paratumor	P10	Fibroblasts	Fib_2	-5.24610710144043	11.197295188903801
GC10P-R1:GCTGCTTCATGGTCAT	GC10P-R1	8170.0	2791	0.030354958	Paratumor	P10	Fibroblasts	Fib_2	-4.9621467590332005	11.1129665374756
GC10P-R1:GCTGCTTTCGATGAGG	GC10P-R1	5455.0	2095	0.028597618	Paratumor	P10	Fibroblasts	Fib_2	-4.3606219291687	11.0880575180054
GC10P-R1:GCTGGGTTCAATCTCT	GC10P-R1	3982.0	1442	0.081366144	Paratumor	P10	Fibroblasts	Fib_3	-3.9401619434356703	7.90146255493164
GC10P-R1:GCTGGGTTCGACCAGC	GC10P-R1	6116.0	2145	0.029758012	Paratumor	P10	Fibroblasts	Fib_2	-5.61384677886963	8.5403881072998
GC10P-R1:GGAAAGCCAGTCAGAG	GC10P-R1	5194.0	2287	0.05082788	Paratumor	P10	Endothelial cells	Endo_3	11.006384849548303	2.0144636631012
GC10P-R1:GGAAAGCGTCTAGGTT	GC10P-R1	2623.0	1078	0.036599312	Paratumor	P10	Fibroblasts	Fib_4	-6.25868463516235	3.57756543159485
GC10P-R1:GGAACTTAGGCCCTCA	GC10P-R1	2269.0	1022	0.05553107	Paratumor	P10	Fibroblasts	Fib_3	-3.32628583908081	8.85720062255859
GC10P-R1:GGAACTTCAAGAGGCT	GC10P-R1	9618.0	2857	0.08816802	Paratumor	P10	Smooth muscle cells	SMC_2	-4.40947151184082	-13.514988899231
GC10P-R1:GGAATAAAGTCCGGTC	GC10P-R1	14136.0	3184	0.030277306	Paratumor	P10	Fibroblasts	Fib_5	-11.303037643432601	3.6498446464538596
GC10P-R1:GGAATAACATGCGCAC	GC10P-R1	3834.0	1484	0.038341157	Paratumor	P10	Fibroblasts	Fib_4	-7.30407190322876	2.96957278251648
GC10P-R1:GGACAGAAGGGCTTGA	GC10P-R1	1249.0	624	0.1561249	Paratumor	P10	Endothelial cells	Endo_4	10.8564167022705	-7.1966657638549805
GC10P-R1:GGACAGAAGTAGGTGC	GC10P-R1	6999.0	2601	0.043434776	Paratumor	P10	Endothelial cells	Endo_2	9.09630107879639	-1.03161823749542
GC10P-R1:GGACAGACACTGTTAG	GC10P-R1	4988.0	1613	0.07678428	Paratumor	P10	Fibroblasts	Fib_4	-5.48980569839478	3.64659738540649
GC10P-R1:GGACAGAGTGTGAAAT	GC10P-R1	832.0	387	0.29326922	Paratumor	P10	Endothelial cells	Endo_1	8.95403480529785	1.7903643846511799
GC10P-R1:GGACGTCAGATGCGAC	GC10P-R1	6294.0	2099	0.032729585	Paratumor	P10	Fibroblasts	Fib_4	-7.42134714126587	2.8163652420043905
GC10P-R1:GGATGTTAGATATACG	GC10P-R1	1474.0	685	0.16350068	Paratumor	P10	Fibroblasts	Fib_3	-3.5810408592224103	8.57915592193604
GC10P-R1:GGATTACAGTTGCAGG	GC10P-R1	1034.0	531	0.21663442	Paratumor	P10	Fibroblasts	Fib_3	-2.9790680408477797	8.31601715087891
GC10P-R1:GGATTACCAGCTGCTG	GC10P-R1	6032.0	1905	0.24784483	Paratumor	P10	Fibroblasts	Fib_2	-4.87714958190918	10.8800764083862
GC10P-R1:GGATTACCATCCTTGC	GC10P-R1	4049.0	1539	0.036058284	Paratumor	P10	Fibroblasts	Fib_4	-9.40209007263184	3.44072723388672
GC10P-R1:GGATTACGTATAGTAG	GC10P-R1	1175.0	487	0.2876596	Paratumor	P10	Endothelial cells	Endo_1	9.16459941864014	-0.17857795953750602
GC10P-R1:GGCAATTTCCGCTGTT	GC10P-R1	5355.0	2051	0.030438842	Paratumor	P10	Fibroblasts	Fib_2	-4.82181406021118	10.6617727279663
GC10P-R1:GGCCGATTCGAGGTAG	GC10P-R1	3311.0	1401	0.03503473	Paratumor	P10	Fibroblasts	Fib_4	-6.370611667633059	3.1783902645111097
GC10P-R1:GGCCGATTCGCGCCAA	GC10P-R1	5813.0	2174	0.03560984	Paratumor	P10	Endothelial cells	Endo_3	10.5106706619263	2.61851406097412
GC10P-R1:GGCCGATTCGCTTGTC	GC10P-R1	15515.0	3475	0.022365453	Paratumor	P10	Fibroblasts	Fib_5	-11.7111549377441	3.11744451522827
GC10P-R1:GGCGACTAGAGCTATA	GC10P-R1	6158.0	2384	0.03329003	Paratumor	P10	Fibroblasts	Fib_2	-4.63467264175415	11.0611248016357
GC10P-R1:GGCGACTAGGCTCATT	GC10P-R1	4776.0	1928	0.0349665	Paratumor	P10	Fibroblasts	Fib_2	-4.18386507034302	10.7479734420776
GC10P-R1:GGCGACTCAGGTCGTC	GC10P-R1	1599.0	809	0.123202	Paratumor	P10	Fibroblasts	Fib_3	-3.5501861572265603	8.79222965240479
GC10P-R1:GGCGACTTCCGGGTGT	GC10P-R1	1827.0	784	0.054187194	Paratumor	P10	Fibroblasts	Fib_4	-5.692840576171879	3.80852603912354
GC10P-R1:GGCGTGTCATTCCTCG	GC10P-R1	909.0	571	0.04950495	Paratumor	P10	Endothelial cells	Endo_4	10.7225704193115	-7.00730895996094
GC10P-R1:GGCTCGACAAAGGCGT	GC10P-R1	5030.0	1845	0.022067595	Paratumor	P10	Fibroblasts	Fib_2	-4.08652782440186	10.7717695236206
GC10P-R1:GGCTCGATCAAGGTAA	GC10P-R1	3414.0	1283	0.08172232	Paratumor	P10	Smooth muscle cells	SMC_2	-4.35986661911011	-12.316664695739698
GC10P-R1:GGCTCGATCGCATGAT	GC10P-R1	4750.0	1679	0.09094737	Paratumor	P10	Smooth muscle cells	SMC_2	-4.76323890686035	-12.6494388580322
GC10P-R1:GGCTGGTGTCGCGGTT	GC10P-R1	715.0	370	0.28671327	Paratumor	P10	Fibroblasts	Fib_3	-5.54963779449463	4.31954526901245
GC10P-R1:GGGAATGAGTTAACGA	GC10P-R1	2171.0	843	0.28512207	Paratumor	P10	Fibroblasts	Fib_3	-4.68726539611816	4.57270956039429
GC10P-R1:GGGACCTAGCCATCGC	GC10P-R1	6753.0	2398	0.033318523	Paratumor	P10	Fibroblasts	Fib_2	-6.4245285987854	9.47978687286377
GC10P-R1:GGGAGATCAGTTAACC	GC10P-R1	4418.0	1502	0.26120415	Paratumor	P10	Endothelial cells	Endo_4	11.988757133483901	-6.67144346237183
GC10P-R1:GGGAGATGTTGCGCAC	GC10P-R1	9786.0	2865	0.048640914	Paratumor	P10	Endothelial cells	Endo_3	9.119020462036131	2.82836294174194
GC10P-R1:GGGATGACACCCTATC	GC10P-R1	2736.0	961	0.072002925	Paratumor	P10	Fibroblasts	Fib_3	-4.34753942489624	4.88246870040894
GC10P-R1:GGGATGATCAGCTTAG	GC10P-R1	4580.0	1859	0.03275109	Paratumor	P10	Fibroblasts	Fib_2	-4.52962636947632	10.959380149841301
GC10P-R1:GGGCATCAGGCAGGTT	GC10P-R1	3422.0	1571	0.03156049	Paratumor	P10	Endothelial cells	Endo_2	8.19599723815918	-3.55262899398804
GC10P-R1:GGGCATCTCTGCGACG	GC10P-R1	4310.0	1938	0.021577727	Paratumor	P10	Endothelial cells	Endo_2	9.274250984191891	-2.18599104881287
GC10P-R1:GGGTTGCAGCCAGTAG	GC10P-R1	5987.0	2006	0.035076	Paratumor	P10	Fibroblasts	Fib_4	-5.38712453842163	2.59655475616455
GC10P-R1:GGGTTGCAGCTGAACG	GC10P-R1	4462.0	1859	0.039892424	Paratumor	P10	Fibroblasts	Fib_2	-5.16200065612793	10.78369140625
GC10P-R1:GGGTTGCCACAAGTAA	GC10P-R1	6351.0	2282	0.09226894	Paratumor	P10	Endothelial cells	Endo_2	8.4763879776001	-2.22929573059082
GC10P-R1:GGTATTGAGTGAACAT	GC10P-R1	12080.0	2939	0.023592716	Paratumor	P10	Fibroblasts	Fib_5	-10.5458974838257	3.7062826156616198
GC10P-R1:GGTGAAGCATTGGGCC	GC10P-R1	1967.0	1001	0.042196237	Paratumor	P10	Endothelial cells	Endo_1	9.09408855438232	-2.24105596542358
GC10P-R1:GGTGCGTAGTATGACA	GC10P-R1	2953.0	1045	0.1513715	Paratumor	P10	Smooth muscle cells	SMC_2	-4.32459497451782	-12.4855632781982
GC10P-R1:GGTGCGTTCGTAGGTT	GC10P-R1	4574.0	1980	0.02864014	Paratumor	P10	Endothelial cells	Endo_4	11.7581539154053	-6.543347835540769
GC10P-R1:GGTGTTAGTCTAGTGT	GC10P-R1	6311.0	2163	0.19220409	Paratumor	P10	Smooth muscle cells	SMC_2	-4.05174016952515	-13.896736145019501
GC10P-R1:GGTGTTAGTTTGACTG	GC10P-R1	6514.0	2086	0.035615597	Paratumor	P10	Endothelial cells	Endo_3	9.07748222351074	3.01376724243164
GC10P-R1:GTAACGTAGAGGTAGA	GC10P-R1	2173.0	1003	0.122411415	Paratumor	P10	Fibroblasts	Fib_4	-5.61436414718628	2.52674317359924
GC10P-R1:GTAACGTGTCCGTGAC	GC10P-R1	5375.0	1949	0.040186048	Paratumor	P10	Fibroblasts	Fib_4	-5.33508491516113	2.5025267601013197
GC10P-R1:GTAACTGAGAAGCCCA	GC10P-R1	3375.0	1429	0.072	Paratumor	P10	Fibroblasts	Fib_4	-6.27331018447876	2.74636483192444
GC10P-R1:GTACTCCAGCCAGTAG	GC10P-R1	3008.0	1189	0.17287233	Paratumor	P10	Fibroblasts	Fib_2	-4.81228113174438	10.4458627700806
GC10P-R1:GTACTTTGTAAACGCG	GC10P-R1	2391.0	1130	0.059807613	Paratumor	P10	Fibroblasts	Fib_4	-6.6655011177063	3.34267902374268
GC10P-R1:GTACTTTGTCGACTAT	GC10P-R1	1948.0	802	0.052874744	Paratumor	P10	Smooth muscle cells	SMC_2	-4.09016752243042	-12.1176500320435
GC10P-R1:GTAGGCCCATAGACTC	GC10P-R1	4258.0	1605	0.03217473	Paratumor	P10	Fibroblasts	Fib_2	-4.1897878646850595	10.0097188949585
GC10P-R1:GTAGTCAAGAGTGACC	GC10P-R1	3037.0	1334	0.05432993	Paratumor	P10	Fibroblasts	Fib_2	-4.10867023468018	10.2191314697266
GC10P-R1:GTAGTCAAGTCCATAC	GC10P-R1	3476.0	1410	0.07911392	Paratumor	P10	Fibroblasts	Fib_2	-5.67561340332031	9.1339168548584
GC10P-R1:GTATTCTCAGCTGGCT	GC10P-R1	8038.0	2694	0.044165216	Paratumor	P10	Fibroblasts	Fib_4	-5.851868152618411	2.05525851249695
GC10P-R1:GTATTCTGTATATGGA	GC10P-R1	5389.0	2098	0.056040082	Paratumor	P10	Fibroblasts	Fib_2	-5.54140758514404	10.800172805786099
GC10P-R1:GTATTCTGTGGCCCTA	GC10P-R1	3716.0	1511	0.07158235	Paratumor	P10	Fibroblasts	Fib_2	-4.5658063888549805	9.75578594207764
GC10P-R1:GTCAAGTAGTTAAGTG	GC10P-R1	6557.0	2620	0.046362665	Paratumor	P10	Fibroblasts	Fib_2	-5.97741603851318	9.19901371002197
GC10P-R1:GTCAAGTCACTACAGT	GC10P-R1	983.0	568	0.15361139	Paratumor	P10	Endothelial cells	Endo_1	9.02907085418701	-2.87896037101746
GC10P-R1:GTCAAGTGTCCGAATT	GC10P-R1	17271.0	3825	0.043251693	Paratumor	P10	Fibroblasts	Fib_5	-11.474326133728	3.43905735015869
GC10P-R1:GTCACAAGTCTGCCAG	GC10P-R1	5510.0	1959	0.037023593	Paratumor	P10	Fibroblasts	Fib_2	-3.93348932266235	10.285250663757301
GC10P-R1:GTCACAATCTTAACCT	GC10P-R1	1599.0	815	0.1582239	Paratumor	P10	Fibroblasts	Fib_4	-6.22873783111572	3.0504274368286097
GC10P-R1:GTCACGGCAGGTCCAC	GC10P-R1	5291.0	2133	0.053109054	Paratumor	P10	Fibroblasts	Fib_2	-5.7362790107727095	11.0406589508057
GC10P-R1:GTCACGGGTTCAGCGC	GC10P-R1	832.0	474	0.15504807	Paratumor	P10	Fibroblasts	Fib_3	-3.00219011306763	8.25504207611084
GC10P-R1:GTCATTTAGAGAACAG	GC10P-R1	3483.0	1637	0.078093596	Paratumor	P10	Smooth muscle cells	SMC_1	0.852240085601807	-11.6544723510742
GC10P-R1:GTCGGGTCATGCCTAA	GC10P-R1	7576.0	2672	0.024155227	Paratumor	P10	Fibroblasts	Fib_2	-4.85355472564697	11.2602787017822
GC10P-R1:GTCGGGTGTAGCGTAG	GC10P-R1	3181.0	1323	0.025463691	Paratumor	P10	Fibroblasts	Fib_2	-3.7683746814727797	9.934858322143551
GC10P-R1:GTCGTAAAGGGATCTG	GC10P-R1	4396.0	1857	0.025477707	Paratumor	P10	Endothelial cells	Endo_2	10.0108823776245	-3.8610210418701203
GC10P-R1:GTCTTCGCAAGTAATG	GC10P-R1	4761.0	1940	0.04389834	Paratumor	P10	Fibroblasts	Fib_4	-6.8100705146789595	2.5843524932861297
GC10P-R1:GTCTTCGGTTTGTTTC	GC10P-R1	6069.0	2110	0.03690888	Paratumor	P10	Fibroblasts	Fib_4	-8.692004203796388	3.07943439483643
GC10P-R1:GTGAAGGAGTACGACG	GC10P-R1	906.0	545	0.23289183	Paratumor	P10	Fibroblasts	Fib_4	-6.866400241851809	3.42226696014404
GC10P-R1:GTGAAGGGTTCTGTTT	GC10P-R1	13554.0	3690	0.04736609	Paratumor	P10	Endothelial cells	Endo_2	8.098963737487791	-2.7439577579498304
GC10P-R1:GTGCAGCCACTGTCGG	GC10P-R1	4208.0	1748	0.03588403	Paratumor	P10	Fibroblasts	Fib_2	-4.422643661499019	10.573362350463901
GC10P-R1:GTGCAGCGTTCCACGG	GC10P-R1	6170.0	2393	0.027228525	Paratumor	P10	Fibroblasts	Fib_2	-5.09259510040283	11.2617855072021
GC10P-R1:GTGCATAAGCTTATCG	GC10P-R1	7728.0	2462	0.044254657	Paratumor	P10	Endothelial cells	Endo_3	8.96375465393066	3.71825098991394
GC10P-R1:GTGCATACAAGAAGAG	GC10P-R1	5425.0	2021	0.03354839	Paratumor	P10	Fibroblasts	Fib_4	-6.6430354118347195	2.4030916690826403
GC10P-R1:GTGCATACACCGAAAG	GC10P-R1	4352.0	1747	0.04204963	Paratumor	P10	Endothelial cells	Endo_3	10.637378692627	1.96442270278931
GC10P-R1:GTGCATACATGAACCT	GC10P-R1	7956.0	2628	0.046631474	Paratumor	P10	Fibroblasts	Fib_2	-6.45754146575928	7.66692781448364
GC10P-R1:GTGCGGTGTGATAAGT	GC10P-R1	4132.0	1640	0.042594384	Paratumor	P10	Fibroblasts	Fib_4	-6.023296356201169	2.6607112884521498
GC10P-R1:GTGCGGTTCAATACCG	GC10P-R1	4662.0	1899	0.033033032	Paratumor	P10	Endothelial cells	Endo_2	10.312068939209	-4.337633132934569
GC10P-R1:GTGGGTCAGCCCAACC	GC10P-R1	1459.0	752	0.124057576	Paratumor	P10	Fibroblasts	Fib_3	-3.5787334442138703	7.75040531158447
GC10P-R1:GTGTGCGAGCTAAACA	GC10P-R1	8354.0	2273	0.040699065	Paratumor	P10	Fibroblasts	Fib_5	-10.652090072631802	3.61094927787781
GC10P-R1:GTGTTAGCACTCGACG	GC10P-R1	4038.0	1811	0.041604754	Paratumor	P10	Endothelial cells	Endo_2	7.97505521774292	-2.6330041885376
GC10P-R1:GTTAAGCGTGCACGAA	GC10P-R1	6202.0	2002	0.030635279	Paratumor	P10	Fibroblasts	Fib_2	-5.30018472671509	9.14541435241699
GC10P-R1:GTTACAGCAAGCGTAG	GC10P-R1	7081.0	2288	0.031916395	Paratumor	P10	Fibroblasts	Fib_5	-10.7382640838623	3.54041242599487
GC10P-R1:GTTCATTAGCGCTCCA	GC10P-R1	646.0	363	0.13157895	Paratumor	P10	Fibroblasts	Fib_3	-6.848880767822269	4.02701091766357
GC10P-R1:GTTCATTCAGATCCAT	GC10P-R1	5102.0	1957	0.053508427	Paratumor	P10	Endothelial cells	Endo_2	9.14777565002441	-0.995230138301849
GC10P-R1:GTTCGGGAGTTGAGTA	GC10P-R1	4914.0	1973	0.049654048	Paratumor	P10	Endothelial cells	Endo_3	8.991331100463869	3.9386966228485094
GC10P-R1:GTTCGGGCAAGCCTAT	GC10P-R1	1752.0	1047	0.027968036	Paratumor	P10	Endothelial cells	Endo_4	11.0967483520508	-7.2022123336792
GC10P-R1:GTTCTCGAGGCCGAAT	GC10P-R1	4832.0	1811	0.100786425	Paratumor	P10	Smooth muscle cells	SMC_2	-3.58122372627258	-13.5934314727783
GC10P-R1:GTTCTCGGTCAATACC	GC10P-R1	6832.0	2293	0.05049766	Paratumor	P10	Fibroblasts	Fib_2	-4.64816570281982	10.7845554351807
GC10P-R1:GTTCTCGTCTGCGACG	GC10P-R1	4961.0	1835	0.02862326	Paratumor	P10	Fibroblasts	Fib_2	-3.5450208187103303	9.77464580535889
GC10P-R1:GTTTCTATCATGCATG	GC10P-R1	8089.0	2727	0.06107059	Paratumor	P10	Fibroblasts	Fib_2	-5.42920589447021	10.9479284286499
GC10P-R1:TAAACCGCAGCATACT	GC10P-R1	2145.0	1075	0.02983683	Paratumor	P10	Endothelial cells	Endo_4	11.3076019287109	-7.221951484680179
GC10P-R1:TAAGAGACAGATGGGT	GC10P-R1	2984.0	1120	0.087131366	Paratumor	P10	Fibroblasts	Fib_4	-5.629022598266599	3.7713737487793
GC10P-R1:TAAGCGTTCGGTTCGG	GC10P-R1	613.0	316	0.22512235	Paratumor	P10	Fibroblasts	Fib_3	-6.40259790420532	4.2436318397522
GC10P-R1:TAAGTGCCACAGCCCA	GC10P-R1	6817.0	2229	0.040340327	Paratumor	P10	Fibroblasts	Fib_4	-5.56993103027344	2.2941102981567405
GC10P-R1:TAAGTGCGTCTTTCAT	GC10P-R1	2363.0	1153	0.070249684	Paratumor	P10	Endothelial cells	Endo_2	8.54933166503906	-1.88696074485779
GC10P-R1:TACACGAAGTACACCT	GC10P-R1	9308.0	2752	0.051138807	Paratumor	P10	Fibroblasts	Fib_4	-5.92415571212769	2.9564807415008505
GC10P-R1:TACAGTGCACCAACCG	GC10P-R1	4395.0	1909	0.08031854	Paratumor	P10	Endothelial cells	Endo_2	8.78040409088135	-4.04474830627441
GC10P-R1:TACAGTGTCGCCTGAG	GC10P-R1	5215.0	1932	0.06059444	Paratumor	P10	Endothelial cells	Endo_3	10.8778429031372	1.78623926639557
GC10P-R1:TACCTATCACCTCGTT	GC10P-R1	9043.0	2811	0.09333186	Paratumor	P10	Fibroblasts	Fib_2	-6.5635781288147	8.11453342437744
GC10P-R1:TACCTATCAGATCGGA	GC10P-R1	3779.0	1465	0.028314369	Paratumor	P10	Fibroblasts	Fib_2	-5.86503553390503	9.19908618927002
GC10P-R1:TACCTATGTACGCTGC	GC10P-R1	4918.0	2001	0.05124034	Paratumor	P10	Fibroblasts	Fib_2	-4.13889074325562	10.858630180358901
GC10P-R1:TACCTATGTGTAACGG	GC10P-R1	3881.0	1589	0.07446534	Paratumor	P10	Fibroblasts	Fib_2	-5.06658744812012	9.99999523162842
GC10P-R1:TACCTTAAGAGTGACC	GC10P-R1	3526.0	1329	0.04424277	Paratumor	P10	Fibroblasts	Fib_4	-6.480638980865481	3.60844612121582
GC10P-R1:TACGGATAGGGTGTGT	GC10P-R1	5205.0	1928	0.04226705	Paratumor	P10	Fibroblasts	Fib_2	-4.50080823898315	10.881614685058599
GC10P-R1:TACGGATTCTCCCTGA	GC10P-R1	5071.0	1751	0.13113785	Paratumor	P10	Smooth muscle cells	SMC_2	-4.20397901535034	-13.422132492065401
GC10P-R1:TACGGTAAGGGAAACA	GC10P-R1	5048.0	1848	0.109350234	Paratumor	P10	Smooth muscle cells	SMC_2	-3.9478602409362797	-13.497886657714801
GC10P-R1:TACGGTAAGTAGGCCA	GC10P-R1	3196.0	1511	0.035356697	Paratumor	P10	Endothelial cells	Endo_4	12.4204559326172	-6.43981790542603
GC10P-R1:TACGGTACACGACTCG	GC10P-R1	2449.0	1265	0.06778277	Paratumor	P10	Endothelial cells	Endo_2	8.729550361633299	-3.4533128738403303
GC10P-R1:TACGGTACAGTAAGCG	GC10P-R1	2587.0	1012	0.04715887	Paratumor	P10	Fibroblasts	Fib_3	-3.77577114105225	8.07555294036865
GC10P-R1:TACGGTAGTCATCGGC	GC10P-R1	2707.0	1295	0.058736607	Paratumor	P10	Endothelial cells	Endo_4	12.109882354736301	-6.578636646270749
GC10P-R1:TACGGTAGTTGATTCG	GC10P-R1	6651.0	2417	0.047060594	Paratumor	P10	Fibroblasts	Fib_2	-4.4831395149231	11.0054054260254
GC10P-R1:TACTCGCAGAAACGCC	GC10P-R1	1765.0	639	0.13767706	Paratumor	P10	Fibroblasts	Fib_3	-3.54106736183167	6.8506908416748
GC10P-R1:TACTTGTAGACAGACC	GC10P-R1	3470.0	1137	0.06224784	Paratumor	P10	Smooth muscle cells	SMC_2	-4.48774290084839	-12.171513557434098
GC10P-R1:TACTTGTAGGCGTACA	GC10P-R1	5637.0	2186	0.04168884	Paratumor	P10	Fibroblasts	Fib_2	-5.13970375061035	10.7021627426147
GC10P-R1:TAGACCATCATCTGTT	GC10P-R1	2935.0	1342	0.07870528	Paratumor	P10	Endothelial cells	Endo_2	8.55151271820068	-1.8855965137481698
GC10P-R1:TAGACCATCGGAAATA	GC10P-R1	1255.0	647	0.1992032	Paratumor	P10	Endothelial cells	Endo_1	8.85223007202148	2.46313047409058
GC10P-R1:TAGAGCTTCAGTTGAC	GC10P-R1	2753.0	940	0.10969851	Paratumor	P10	Fibroblasts	Fib_4	-4.32539319992065	4.78068494796753
GC10P-R1:TAGAGCTTCGATGAGG	GC10P-R1	2555.0	1323	0.025440313	Paratumor	P10	Endothelial cells	Endo_2	8.47241973876953	-3.6912083625793497
GC10P-R1:TAGTGGTGTAACGACG	GC10P-R1	2220.0	1027	0.16081081	Paratumor	P10	Fibroblasts	Fib_4	-7.46022462844849	3.1984305381774902
GC10P-R1:TAGTGGTTCTGGTGTA	GC10P-R1	2401.0	851	0.19075385	Paratumor	P10	Smooth muscle cells	SMC_2	-4.52758550643921	-12.2564334869385
GC10P-R1:TAGTTGGGTGCTCTTC	GC10P-R1	4087.0	1923	0.043063372	Paratumor	P10	Endothelial cells	Endo_2	10.133934020996099	-2.10510516166687
GC10P-R1:TATCAGGCAGACTCGC	GC10P-R1	1559.0	672	0.13983323	Paratumor	P10	Fibroblasts	Fib_3	-3.40799832344055	6.88545894622803
GC10P-R1:TATCAGGTCATCTGCC	GC10P-R1	6217.0	1941	0.030561363	Paratumor	P10	Fibroblasts	Fib_4	-7.331177234649661	2.8459868431091295
GC10P-R1:TATCAGGTCGAGAACG	GC10P-R1	6502.0	2408	0.027376192	Paratumor	P10	Fibroblasts	Fib_2	-5.83208560943604	9.552629470825199
GC10P-R1:TATCTCATCTTTAGGG	GC10P-R1	10653.0	2900	0.04580869	Paratumor	P10	Fibroblasts	Fib_4	-5.231388568878169	2.45568466186523
GC10P-R1:TATGCCCCATCCGTGG	GC10P-R1	1292.0	740	0.05727554	Paratumor	P10	Endothelial cells	Endo_1	9.37862777709961	-1.45464491844177
GC10P-R1:TATGCCCTCGGTTCGG	GC10P-R1	2389.0	1007	0.20971118	Paratumor	P10	Endothelial cells	Endo_4	12.010046005249	-6.77825117111206
GC10P-R1:TATTACCGTACGCACC	GC10P-R1	3497.0	1442	0.038890477	Paratumor	P10	Fibroblasts	Fib_4	-5.8834977149963406	3.43374156951904
GC10P-R1:TCAACGATCAGTTAGC	GC10P-R1	1127.0	589	0.17480035	Paratumor	P10	Fibroblasts	Fib_3	-3.1849308013916002	8.351931571960451
GC10P-R1:TCAATCTAGAAAGTGG	GC10P-R1	2612.0	1227	0.060872894	Paratumor	P10	Endothelial cells	Endo_3	9.08388137817383	2.4345371723175
GC10P-R1:TCACAAGGTCCTCCAT	GC10P-R1	5468.0	1956	0.036576446	Paratumor	P10	Fibroblasts	Fib_2	-5.13648557662964	9.33074569702148
GC10P-R1:TCACAAGTCCGAGCCA	GC10P-R1	1269.0	676	0.115051225	Paratumor	P10	Fibroblasts	Fib_4	-9.818827629089359	3.5604209899902304
GC10P-R1:TCACGAATCCCAAGAT	GC10P-R1	3163.0	1207	0.04394562	Paratumor	P10	Fibroblasts	Fib_3	-3.68097972869873	8.49357032775879
GC10P-R1:TCAGATGCACGAAAGC	GC10P-R1	7870.0	2381	0.048284624	Paratumor	P10	Endothelial cells	Endo_3	9.03314208984375	3.28180480003357
GC10P-R1:TCAGATGGTGGTGTAG	GC10P-R1	3131.0	1543	0.051101886	Paratumor	P10	Fibroblasts	Fib_2	-4.9176139831542995	10.2295408248901
GC10P-R1:TCAGCAACACCATGTA	GC10P-R1	2896.0	879	0.05179558	Paratumor	P10	Fibroblasts	Fib_3	-4.22355651855469	5.05213689804077
GC10P-R1:TCAGCAACATCGATGT	GC10P-R1	2371.0	914	0.07254323	Paratumor	P10	Fibroblasts	Fib_3	-4.44263982772827	4.77627944946289
GC10P-R1:TCAGCAATCAAGAAGT	GC10P-R1	4680.0	1979	0.056410257	Paratumor	P10	Fibroblasts	Fib_2	-5.36523628234863	11.245380401611301
GC10P-R1:TCAGGATGTCTCAACA	GC10P-R1	3531.0	1448	0.06400453	Paratumor	P10	Fibroblasts	Fib_3	-3.8267982006073	7.71551656723022
GC10P-R1:TCAGGATTCCGCATCT	GC10P-R1	4921.0	1768	0.032513715	Paratumor	P10	Fibroblasts	Fib_2	-3.8781762123107897	10.025568008422901
GC10P-R1:TCAGGATTCGTTACAG	GC10P-R1	5108.0	1879	0.031519186	Paratumor	P10	Endothelial cells	Endo_3	8.86931037902832	3.8117935657501203
GC10P-R1:TCAGGTAAGAGTAAGG	GC10P-R1	2214.0	986	0.076784104	Paratumor	P10	Fibroblasts	Fib_4	-5.595751285552981	3.4338169097900404
GC10P-R1:TCAGGTAAGGACACCA	GC10P-R1	4271.0	1799	0.033247482	Paratumor	P10	Fibroblasts	Fib_2	-4.218469142913819	10.675424575805698
GC10P-R1:TCAGGTAAGTGAACGC	GC10P-R1	6204.0	2141	0.03368794	Paratumor	P10	Fibroblasts	Fib_2	-4.54703617095947	10.752537727356
GC10P-R1:TCATTACAGGGCTCTC	GC10P-R1	5661.0	1922	0.15279986	Paratumor	P10	Fibroblasts	Fib_4	-5.38901281356812	1.85689198970795
GC10P-R1:TCATTACTCACAACGT	GC10P-R1	6180.0	2251	0.046116505	Paratumor	P10	Fibroblasts	Fib_4	-7.7783083915710405	2.6944639682769798
GC10P-R1:TCATTTGTCCGAAGAG	GC10P-R1	7902.0	2498	0.07301949	Paratumor	P10	Fibroblasts	Fib_4	-5.1850266456604	2.7490861415862997
GC10P-R1:TCCCGATCATGCGCAC	GC10P-R1	1539.0	808	0.11760884	Paratumor	P10	Fibroblasts	Fib_3	-4.32323837280273	9.0006046295166
GC10P-R1:TCCCGATGTATTCGTG	GC10P-R1	3664.0	1450	0.046670306	Paratumor	P10	Fibroblasts	Fib_4	-6.29250192642212	2.7583844661712598
GC10P-R1:TCGAGGCCAACTGGCC	GC10P-R1	4304.0	1783	0.04158922	Paratumor	P10	Endothelial cells	Endo_2	8.18840026855469	-2.2880995273590097
GC10P-R1:TCGAGGCGTCAGATAA	GC10P-R1	3547.0	1578	0.044544686	Paratumor	P10	Fibroblasts	Fib_4	-5.7933444976806605	2.79606938362122
GC10P-R1:TCGAGGCGTCTCTCTG	GC10P-R1	5058.0	1821	0.038552787	Paratumor	P10	Endothelial cells	Endo_3	10.1169776916504	2.7186660766601602
GC10P-R1:TCGAGGCTCTGATTCT	GC10P-R1	4080.0	1829	0.03137255	Paratumor	P10	Fibroblasts	Fib_2	-5.20599603652954	10.785753250122099
GC10P-R1:TCGCGAGCACAGCCCA	GC10P-R1	6150.0	2064	0.045365855	Paratumor	P10	Endothelial cells	Endo_3	9.108888626098631	3.437260389328
GC10P-R1:TCGCGAGCATGATCCA	GC10P-R1	7879.0	2655	0.073740326	Paratumor	P10	Endothelial cells	Endo_2	8.66039085388184	-1.6597387790679898
GC10P-R1:TCGCGAGGTAAACCTC	GC10P-R1	4068.0	1543	0.10939036	Paratumor	P10	Smooth muscle cells	SMC_2	-4.17951965332031	-13.6617746353149
GC10P-R1:TCGGGACAGATAGTCA	GC10P-R1	1717.0	567	0.114735	Paratumor	P10	Fibroblasts	Fib_3	-3.49062633514404	6.50661754608154
GC10P-R1:TCGGTAAAGTTCGCGC	GC10P-R1	3224.0	1251	0.06141439	Paratumor	P10	Fibroblasts	Fib_4	-5.822210788726809	2.73605632781982
GC10P-R1:TCGTACCTCAGCCTAA	GC10P-R1	3390.0	1319	0.22949852	Paratumor	P10	Endothelial cells	Endo_2	7.97637224197388	-3.9351181983947794
GC10P-R1:TCGTACCTCATGTCCC	GC10P-R1	5085.0	1895	0.039528023	Paratumor	P10	Fibroblasts	Fib_2	-5.13332986831665	10.1123781204224
GC10P-R1:TCGTAGATCTGGAGCC	GC10P-R1	521.0	311	0.23224568	Paratumor	P10	Endothelial cells	Endo_1	10.0149555206299	-1.89834940433502
GC10P-R1:TCTCATACACAGCCCA	GC10P-R1	1768.0	945	0.13178733	Paratumor	P10	Endothelial cells	Endo_2	8.88835525512695	-3.22278499603271
GC10P-R1:TCTCATACATGTCTCC	GC10P-R1	4885.0	1954	0.04708291	Paratumor	P10	Endothelial cells	Endo_2	8.65500640869141	-2.27317094802856
GC10P-R1:TCTCATAGTATTACCG	GC10P-R1	6037.0	2221	0.0395892	Paratumor	P10	Fibroblasts	Fib_2	-5.66767358779907	8.9403018951416
GC10P-R1:TCTCATAGTCTCCATC	GC10P-R1	5580.0	1998	0.030286739	Paratumor	P10	Fibroblasts	Fib_2	-3.86481761932373	10.578240394592301
GC10P-R1:TCTCTAATCTTCTGGC	GC10P-R1	2521.0	1418	0.02142007	Paratumor	P10	Endothelial cells	Endo_4	11.9031648635864	-7.10333442687988
GC10P-R1:TCTGAGAAGAATGTTG	GC10P-R1	839.0	321	0.058402862	Paratumor	P10	Fibroblasts	Fib_3	-6.95029449462891	3.9506213665008505
GC10P-R1:TCTGAGATCGAGAACG	GC10P-R1	1494.0	783	0.10040161	Paratumor	P10	Fibroblasts	Fib_3	-3.19462895393372	8.60406494140625
GC10P-R1:TCTTCGGAGCCCGAAA	GC10P-R1	5311.0	1902	0.043494634	Paratumor	P10	Fibroblasts	Fib_2	-5.46892213821411	9.791558265686039
GC10P-R1:TCTTCGGCAAACCCAT	GC10P-R1	2991.0	1366	0.06419258	Paratumor	P10	Fibroblasts	Fib_2	-5.58618068695068	9.42213153839111
GC10P-R1:TCTTTCCAGCGCCTCA	GC10P-R1	1321.0	712	0.12414837	Paratumor	P10	Fibroblasts	Fib_4	-6.411242485046389	3.67140173912048
GC10P-R1:TGAAAGAGTAAGTAGT	GC10P-R1	8027.0	2654	0.045845274	Paratumor	P10	Fibroblasts	Fib_4	-7.02242040634155	3.07930493354797
GC10P-R1:TGAAAGAGTTCCAACA	GC10P-R1	5873.0	1890	0.045802828	Paratumor	P10	Fibroblasts	Fib_4	-9.75929164886475	3.52077221870422
GC10P-R1:TGAAAGAGTTGACGTT	GC10P-R1	4113.0	1473	0.036955994	Paratumor	P10	Fibroblasts	Fib_2	-3.6766805648803698	9.78000068664551
GC10P-R1:TGACGGCAGTGCGATG	GC10P-R1	2686.0	1014	0.0908414	Paratumor	P10	Smooth muscle cells	SMC_2	-4.366674900054931	-12.4227476119995
GC10P-R1:TGACGGCGTAGAGGAA	GC10P-R1	5666.0	1913	0.10165902	Paratumor	P10	Smooth muscle cells	SMC_2	-4.07866907119751	-13.603436470031701
GC10P-R1:TGACTAGGTATCGCAT	GC10P-R1	1703.0	1000	0.038755137	Paratumor	P10	Endothelial cells	Endo_4	11.3219528198242	-6.66270971298218
GC10P-R1:TGACTTTCAGTCCTTC	GC10P-R1	6212.0	2351	0.06310367	Paratumor	P10	Endothelial cells	Endo_3	10.854426383972198	2.1825408935546897
GC10P-R1:TGAGAGGGTTAGTGGG	GC10P-R1	3783.0	1716	0.042558815	Paratumor	P10	Fibroblasts	Fib_2	-3.89728212356567	10.5876140594482
GC10P-R1:TGAGCCGCATTCGACA	GC10P-R1	6693.0	2495	0.050649934	Paratumor	P10	Fibroblasts	Fib_2	-5.30875587463379	10.195706367492699
GC10P-R1:TGAGCCGGTCGTCTTC	GC10P-R1	3056.0	1499	0.03632199	Paratumor	P10	Endothelial cells	Endo_4	12.418060302734402	-6.60058307647705
GC10P-R1:TGAGGGAAGGATGGTC	GC10P-R1	6968.0	2399	0.02367968	Paratumor	P10	Fibroblasts	Fib_4	-5.47061538696289	2.37719345092773
GC10P-R1:TGAGGGAAGTTGAGAT	GC10P-R1	3000.0	1449	0.013333334	Paratumor	P10	Endothelial cells	Endo_2	9.8139591217041	-4.35284423828125
GC10P-R1:TGATTTCAGAACTGTA	GC10P-R1	634.0	410	0.07886435	Paratumor	P10	Fibroblasts	Fib_3	-3.02160906791687	8.13804531097412
GC10P-R1:TGATTTCAGCTGAACG	GC10P-R1	5497.0	2180	0.045479354	Paratumor	P10	Endothelial cells	Endo_3	9.7308406829834	3.0385580062866198
GC10P-R1:TGCACCTAGCTTATCG	GC10P-R1	734.0	396	0.26839238	Paratumor	P10	Endothelial cells	Endo_1	9.235734939575199	-2.68781471252441
GC10P-R1:TGCACCTAGTGTTGAA	GC10P-R1	6033.0	2198	0.029007128	Paratumor	P10	Endothelial cells	Endo_3	9.45139694213867	-0.6509992480278021
GC10P-R1:TGCACCTGTCTCCACT	GC10P-R1	1634.0	799	0.22705019	Paratumor	P10	Endothelial cells	Endo_2	9.52728652954102	-3.11870336532593
GC10P-R1:TGCCAAATCGATAGAA	GC10P-R1	16497.0	3994	0.05170637	Paratumor	P10	Fibroblasts	Fib_4	-5.85164976119995	2.5159292221069305
GC10P-R1:TGCGCAGGTCATCGGC	GC10P-R1	7061.0	2637	0.04531936	Paratumor	P10	Fibroblasts	Fib_4	-5.76097965240479	2.54241490364075
GC10P-R1:TGCGCAGTCTCAAGTG	GC10P-R1	4252.0	1643	0.039981186	Paratumor	P10	Fibroblasts	Fib_2	-3.76883506774902	10.248374938964801
GC10P-R1:TGCGTGGAGACACGAC	GC10P-R1	6532.0	2543	0.03612982	Paratumor	P10	Fibroblasts	Fib_4	-5.96947383880615	2.14667916297913
GC10P-R1:TGCGTGGAGCTAGGCA	GC10P-R1	3450.0	1438	0.06666667	Paratumor	P10	Endothelial cells	Endo_2	8.76704597473145	-1.74324882030487
GC10P-R1:TGCTACCTCAGTTTGG	GC10P-R1	909.0	435	0.18041804	Paratumor	P10	Fibroblasts	Fib_3	-3.50210642814636	6.43409776687622
GC10P-R1:TGCTGCTCAGGGATTG	GC10P-R1	4920.0	1974	0.022560976	Paratumor	P10	Fibroblasts	Fib_2	-5.1570124626159695	9.946882247924801
GC10P-R1:TGGACGCTCTACTATC	GC10P-R1	2967.0	1229	0.04853387	Paratumor	P10	Fibroblasts	Fib_4	-5.99392032623291	3.5608456134796103
GC10P-R1:TGGCCAGAGCACCGTC	GC10P-R1	4098.0	1732	0.022693997	Paratumor	P10	Endothelial cells	Endo_3	9.78345584869385	2.76209568977356
GC10P-R1:TGGCCAGGTGACCAAG	GC10P-R1	2514.0	1012	0.062848054	Paratumor	P10	Fibroblasts	Fib_3	-3.53197288513184	7.2139196395874
GC10P-R1:TGGCCAGTCGTAGGTT	GC10P-R1	5103.0	1525	0.14716834	Paratumor	P10	Smooth muscle cells	SMC_2	-4.68596744537354	-12.4983348846436
GC10P-R1:TGGCCAGTCTTTACAC	GC10P-R1	4529.0	1788	0.020755133	Paratumor	P10	Endothelial cells	Endo_2	9.26144409179688	-1.4092478752136202
GC10P-R1:TGGCGCAAGGTTCCTA	GC10P-R1	1678.0	888	0.08879618	Paratumor	P10	Fibroblasts	Fib_3	-4.81965780258179	4.20312356948853
GC10P-R1:TGGCGCACAGGTCGTC	GC10P-R1	5002.0	2202	0.019792084	Paratumor	P10	Fibroblasts	Fib_2	-5.6472892761230495	10.8201637268066
GC10P-R1:TGGCGCAGTACCGGCT	GC10P-R1	3169.0	1315	0.064689174	Paratumor	P10	Fibroblasts	Fib_4	-6.559564113616941	2.99758911132812
GC10P-R1:TGGCTGGGTGTTGGGA	GC10P-R1	1359.0	746	0.051508464	Paratumor	P10	Fibroblasts	Fib_3	-3.97666954994202	9.00120544433594
GC10P-R1:TGGCTGGTCTGAGTGT	GC10P-R1	3371.0	1562	0.043903887	Paratumor	P10	Fibroblasts	Fib_4	-5.28400230407715	2.59581184387207
GC10P-R1:TGGGAAGAGTACGTAA	GC10P-R1	3025.0	1160	0.23239669	Paratumor	P10	Endothelial cells	Endo_2	7.962609767913821	-3.98855018615723
GC10P-R1:TGGGAAGGTGACTACT	GC10P-R1	2262.0	1115	0.08134394	Paratumor	P10	Endothelial cells	Endo_2	8.68105030059814	-3.27513360977173
GC10P-R1:TGGGCGTAGTCGCCGT	GC10P-R1	5347.0	1825	0.06470918	Paratumor	P10	Fibroblasts	Fib_2	-4.407116889953611	10.3374757766724
GC10P-R1:TGGTTAGGTAGGGTAC	GC10P-R1	633.0	387	0.11374407	Paratumor	P10	Fibroblasts	Fib_3	-6.728440284729	4.02162551879883
GC10P-R1:TGTATTCAGGCTCATT	GC10P-R1	3219.0	1024	0.14631873	Paratumor	P10	Smooth muscle cells	SMC_2	-4.34791612625122	-12.3324661254883
GC10P-R1:TGTATTCAGTACTTGC	GC10P-R1	2570.0	1184	0.10155642	Paratumor	P10	Fibroblasts	Fib_2	-5.12435102462769	10.378133773803699
GC10P-R1:TGTATTCGTACCGGCT	GC10P-R1	4056.0	1344	0.09294872	Paratumor	P10	Smooth muscle cells	SMC_2	-4.40754461288452	-12.528584480285598
GC10P-R1:TGTGGTATCTGGTGTA	GC10P-R1	3889.0	1420	0.06531242	Paratumor	P10	Smooth muscle cells	SMC_2	-4.21416330337524	-12.415547370910598
GC10P-R1:TGTGTTTAGCTTTGGT	GC10P-R1	5521.0	2151	0.028618004	Paratumor	P10	Fibroblasts	Fib_2	-5.563480377197269	10.9805383682251
GC10P-R1:TGTTCCGGTCGCTTTC	GC10P-R1	1609.0	847	0.063393414	Paratumor	P10	Endothelial cells	Endo_2	10.0748338699341	-4.85857343673706
GC10P-R1:TTAACTCAGGACAGAA	GC10P-R1	2709.0	1375	0.03469915	Paratumor	P10	Endothelial cells	Endo_4	12.1551971435547	-6.85835075378418
GC10P-R1:TTAGGACAGGCTCATT	GC10P-R1	9104.0	2818	0.06920035	Paratumor	P10	Fibroblasts	Fib_4	-5.65290975570679	1.97939741611481
GC10P-R1:TTAGGCAAGGCAGTCA	GC10P-R1	1021.0	535	0.21939275	Paratumor	P10	Fibroblasts	Fib_3	-6.67817783355713	3.83121085166931
GC10P-R1:TTAGGCACAGCCTTGG	GC10P-R1	2510.0	1306	0.01752988	Paratumor	P10	Endothelial cells	Endo_4	11.453868865966802	-7.53283166885376
GC10P-R1:TTAGGCAGTCAGGACA	GC10P-R1	3714.0	1631	0.073505655	Paratumor	P10	Fibroblasts	Fib_2	-5.524959564208981	10.7221422195435
GC10P-R1:TTATGCTAGGACATTA	GC10P-R1	6098.0	2391	0.034929484	Paratumor	P10	Endothelial cells	Endo_2	9.08820629119873	-4.07708358764648
GC10P-R1:TTATGCTCATATGAGA	GC10P-R1	1385.0	757	0.07220217	Paratumor	P10	Fibroblasts	Fib_3	-3.80996942520142	8.76497840881348
GC10P-R1:TTATGCTTCAGGTTCA	GC10P-R1	5096.0	2105	0.020604396	Paratumor	P10	Endothelial cells	Endo_4	11.9254817962646	-6.7102165222167995
GC10P-R1:TTCGAAGAGATTACCC	GC10P-R1	2542.0	1181	0.055468135	Paratumor	P10	Endothelial cells	Endo_2	9.11065196990967	-2.1368608474731396
GC10P-R1:TTCGAAGTCCCTAATT	GC10P-R1	4768.0	1843	0.038171142	Paratumor	P10	Endothelial cells	Endo_3	9.9810094833374	2.63996148109436
GC10P-R1:TTCTACATCTTGTTTG	GC10P-R1	3674.0	1737	0.042460535	Paratumor	P10	Endothelial cells	Endo_3	8.96669673919678	3.3179581165313703
GC10P-R1:TTCTCAAGTAAGGGCT	GC10P-R1	5188.0	1941	0.047224365	Paratumor	P10	Smooth muscle cells	SMC_1	-0.795810639858246	-10.7490243911743
GC10P-R1:TTCTTAGCACAGCGTC	GC10P-R1	1055.0	528	0.17156398	Paratumor	P10	Fibroblasts	Fib_3	-6.82170534133911	4.05247354507446
GC10P-R1:TTCTTAGCACCTGGTG	GC10P-R1	4884.0	1742	0.04135954	Paratumor	P10	Fibroblasts	Fib_4	-5.36028385162354	2.97286653518677
GC10P-R1:TTGACTTGTTCTGTTT	GC10P-R1	3609.0	1409	0.0667775	Paratumor	P10	Smooth muscle cells	SMC_2	-4.608026027679441	-12.7720375061035
GC10P-R1:TTGACTTTCTAACTGG	GC10P-R1	16582.0	4289	0.037631165	Paratumor	P10	Endothelial cells	Endo_2	9.779561042785641	-4.69673109054565
GC10P-R1:TTGCGTCGTAGCTCCG	GC10P-R1	2607.0	1138	0.021097047	Paratumor	P10	Fibroblasts	Fib_2	-3.83796501159668	10.2576761245728
GC10P-R1:TTGGAACAGATGCCTT	GC10P-R1	4067.0	1615	0.04130809	Paratumor	P10	Endothelial cells	Endo_1	11.0491628646851	1.1980565786361699
GC10P-R1:TTGGCAAAGCTCCTCT	GC10P-R1	6530.0	2494	0.041807044	Paratumor	P10	Fibroblasts	Fib_4	-5.47953271865845	1.8265694379806499
GC10P-R1:TTGTAGGAGTCAATAG	GC10P-R1	1455.0	650	0.14226805	Paratumor	P10	Fibroblasts	Fib_3	-3.79762148857117	7.511136054992679
GC10P-R1:TTTACTGAGGATCGCA	GC10P-R1	5759.0	2199	0.039242923	Paratumor	P10	Fibroblasts	Fib_4	-6.802090644836429	2.3855819702148398
GC10P-R1:TTTCCTCGTCCAACTA	GC10P-R1	1027.0	575	0.2083739	Paratumor	P10	Fibroblasts	Fib_3	-3.0210340023040803	8.20797061920166
GC10P-R1:TTTGCGCGTAATCGTC	GC10P-R1	522.0	331	0.22988506	Paratumor	P10	Endothelial cells	Endo_1	9.81594085693359	-2.0801522731781
GC10P-R1:TTTGGTTGTTCTGAAC	GC10P-R1	5352.0	1987	0.038490284	Paratumor	P10	Fibroblasts	Fib_4	-5.9557809829711905	2.3745732307434104
GC10P-R2:AAACCTGCAAATCCGT	GC10P-R2	6259.0	2353	0.033711456	Paratumor	P10	Endothelial cells	Endo_3	10.4025926589966	1.40711200237274
GC10P-R2:AAACGGGGTACGCACC	GC10P-R2	6430.0	2294	0.058320373	Paratumor	P10	Fibroblasts	Fib_2	-5.68088245391846	10.683903694152802
GC10P-R2:AAAGCAAAGGTAGCCA	GC10P-R2	3813.0	1727	0.14162077	Paratumor	P10	Endothelial cells	Endo_2	9.379274368286131	-3.4011964797973597
GC10P-R2:AAAGTAGGTCATTAGC	GC10P-R2	1351.0	743	0.056254625	Paratumor	P10	Endothelial cells	Endo_4	10.980854988098098	-7.15777397155762
GC10P-R2:AAATGCCGTTAAGTAG	GC10P-R2	2434.0	1289	0.021774856	Paratumor	P10	Endothelial cells	Endo_4	12.175923347473098	-6.923840522766111
GC10P-R2:AAATGCCTCACTTACT	GC10P-R2	2304.0	975	0.102864586	Paratumor	P10	Fibroblasts	Fib_3	-3.8347356319427504	7.78096580505371
GC10P-R2:AACACGTAGTACCGGA	GC10P-R2	553.0	319	0.25316456	Paratumor	P10	Fibroblasts	Fib_3	-6.892226696014401	4.01165580749512
GC10P-R2:AACACGTGTCTGATCA	GC10P-R2	4904.0	2035	0.02528548	Paratumor	P10	Fibroblasts	Fib_2	-5.43164491653442	10.2555236816406
GC10P-R2:AACCATGTCATAACCG	GC10P-R2	2643.0	1432	0.03821415	Paratumor	P10	Endothelial cells	Endo_2	9.04017543792725	-2.8365042209625204
GC10P-R2:AACCGCGAGACGCAAC	GC10P-R2	5032.0	1870	0.034379967	Paratumor	P10	Fibroblasts	Fib_2	-3.7788932323455797	10.0870046615601
GC10P-R2:AACCGCGCACAACGCC	GC10P-R2	4132.0	1645	0.023959342	Paratumor	P10	Fibroblasts	Fib_4	-5.8896169662475595	2.7458882331848105
GC10P-R2:AACCGCGGTCCAGTTA	GC10P-R2	3991.0	1455	0.034327235	Paratumor	P10	Fibroblasts	Fib_2	-3.7407224178314196	9.96804618835449
GC10P-R2:AACCGCGGTCTGATTG	GC10P-R2	5595.0	2191	0.10598749	Paratumor	P10	Endothelial cells	Endo_2	8.03342628479004	-3.06238508224487
GC10P-R2:AACGTTGTCTTGAGGT	GC10P-R2	8178.0	2943	0.036806066	Paratumor	P10	Endothelial cells	Endo_2	8.091954231262209	-3.03521299362183
GC10P-R2:AACTCAGGTACATGTC	GC10P-R2	2296.0	1222	0.06315331	Paratumor	P10	Endothelial cells	Endo_2	7.8464450836181605	-3.4103653430938703
GC10P-R2:AACTGGTAGCTGCCCA	GC10P-R2	2714.0	1333	0.041267503	Paratumor	P10	Fibroblasts	Fib_2	-5.1961817741394	10.452748298645
GC10P-R2:AACTGGTAGGAACTGC	GC10P-R2	1745.0	761	0.2	Paratumor	P10	Fibroblasts	Fib_4	-6.678744316101071	3.36083579063416
GC10P-R2:AACTGGTCATGGGAAC	GC10P-R2	2789.0	986	0.29257798	Paratumor	P10	Fibroblasts	Fib_4	-6.36421871185303	2.52432084083557
GC10P-R2:AACTGGTTCGGCCGAT	GC10P-R2	2132.0	1034	0.09756097	Paratumor	P10	Endothelial cells	Endo_4	11.5045166015625	-6.54813814163208
GC10P-R2:AACTGGTTCTTAGCCC	GC10P-R2	7561.0	2357	0.03174183	Paratumor	P10	Fibroblasts	Fib_4	-5.855804443359379	3.3764948844909703
GC10P-R2:AAGACCTAGCGTGTCC	GC10P-R2	9620.0	2722	0.035966735	Paratumor	P10	Fibroblasts	Fib_5	-10.831808090210002	3.54206323623657
GC10P-R2:AAGACCTAGCTAAGAT	GC10P-R2	5118.0	1925	0.048847206	Paratumor	P10	Endothelial cells	Endo_3	10.219831466674801	2.80262279510498
GC10P-R2:AAGCCGCGTAGAGTGC	GC10P-R2	2040.0	803	0.047058824	Paratumor	P10	Fibroblasts	Fib_3	-3.5595886707305895	7.03201532363892
GC10P-R2:AAGGAGCAGCCACCTG	GC10P-R2	1796.0	896	0.06848552	Paratumor	P10	Fibroblasts	Fib_4	-6.82580804824829	3.4001624584198
GC10P-R2:AAGGAGCTCGTAGATC	GC10P-R2	973.0	507	0.14080164	Paratumor	P10	Endothelial cells	Endo_1	9.39453411102295	1.2295634746551498
GC10P-R2:AAGGCAGCATCACGAT	GC10P-R2	3557.0	1654	0.04807422	Paratumor	P10	Fibroblasts	Fib_2	-5.35656356811523	11.074894905090302
GC10P-R2:AATCCAGCATCCGGGT	GC10P-R2	2679.0	1228	0.1881299	Paratumor	P10	Smooth muscle cells	SMC_1	0.175144717097282	-10.689170837402301
GC10P-R2:AATCCAGGTAAGCACG	GC10P-R2	838.0	477	0.040572792	Paratumor	P10	Endothelial cells	Endo_1	9.03100204467773	1.81293106079102
GC10P-R2:AATCGGTCACAACGTT	GC10P-R2	15523.0	3611	0.043677125	Paratumor	P10	Endothelial cells	Endo_3	8.41140174865723	2.79153966903687
GC10P-R2:ACACCAACAGATCTGT	GC10P-R2	2150.0	979	0.13674419	Paratumor	P10	Fibroblasts	Fib_4	-5.81357383728027	3.32726049423218
GC10P-R2:ACACCCTGTTACGCGC	GC10P-R2	2951.0	1487	0.03896984	Paratumor	P10	Endothelial cells	Endo_4	11.3161468505859	-6.25827550888062
GC10P-R2:ACACCCTTCATCACCC	GC10P-R2	10601.0	2786	0.110272616	Paratumor	P10	Smooth muscle cells	SMC_2	-4.75689172744751	-12.9886646270752
GC10P-R2:ACACCGGCATGTCGAT	GC10P-R2	1349.0	658	0.16234247	Paratumor	P10	Fibroblasts	Fib_3	-4.7087283134460405	4.4890341758728
GC10P-R2:ACACTGACACCAGTTA	GC10P-R2	7613.0	2566	0.03638513	Paratumor	P10	Fibroblasts	Fib_2	-5.842589855194089	10.122278213501
GC10P-R2:ACAGCCGAGGACCACA	GC10P-R2	6259.0	2266	0.007509187	Paratumor	P10	Fibroblasts	Fib_2	-3.69403529167175	9.51261043548584
GC10P-R2:ACATACGGTATAGGGC	GC10P-R2	1775.0	644	0.11380282	Paratumor	P10	Fibroblasts	Fib_3	-4.22217893600464	4.99282693862915
GC10P-R2:ACATACGGTGGTACAG	GC10P-R2	5244.0	1830	0.030320367	Paratumor	P10	Fibroblasts	Fib_2	-5.234749794006349	9.37366199493408
GC10P-R2:ACATCAGTCCTTGACC	GC10P-R2	6291.0	2181	0.08043236	Paratumor	P10	Fibroblasts	Fib_2	-5.47363615036011	10.530012130737301
GC10P-R2:ACATGGTCACCATCCT	GC10P-R2	2552.0	1065	0.04075235	Paratumor	P10	Fibroblasts	Fib_4	-6.34654903411865	3.5693733692169203
GC10P-R2:ACATGGTTCAGTGCAT	GC10P-R2	4157.0	1605	0.09453933	Paratumor	P10	Smooth muscle cells	SMC_2	-4.35555076599121	-13.6154613494873
GC10P-R2:ACCGTAAAGTGTCCAT	GC10P-R2	1069.0	592	0.14499532	Paratumor	P10	Fibroblasts	Fib_3	-3.1272792816162096	8.43411540985107
GC10P-R2:ACCGTAACACGCATCG	GC10P-R2	7453.0	2493	0.03193345	Paratumor	P10	Fibroblasts	Fib_2	-5.37053680419922	9.65916347503662
GC10P-R2:ACCGTAACATCCGCGA	GC10P-R2	2210.0	889	0.11402715	Paratumor	P10	Fibroblasts	Fib_3	-4.39770412445068	4.80206489562988
GC10P-R2:ACCGTAACATGTTGAC	GC10P-R2	5903.0	2151	0.03083178	Paratumor	P10	Fibroblasts	Fib_2	-4.47647285461426	9.99082565307617
GC10P-R2:ACCGTAAGTAAGAGAG	GC10P-R2	7360.0	2532	0.022418479	Paratumor	P10	Fibroblasts	Fib_4	-5.57233333587646	7.90264368057251
GC10P-R2:ACCGTAATCATAGCAC	GC10P-R2	5810.0	1907	0.1908778	Paratumor	P10	Smooth muscle cells	SMC_2	-4.11500406265259	-13.715327262878402
GC10P-R2:ACCGTAATCTACCTGC	GC10P-R2	5878.0	2065	0.059033684	Paratumor	P10	Fibroblasts	Fib_2	-5.469031810760501	9.46461296081543
GC10P-R2:ACCTTTAGTTCCACAA	GC10P-R2	3773.0	1724	0.038165916	Paratumor	P10	Endothelial cells	Endo_2	8.79661846160889	-1.51773476600647
GC10P-R2:ACGAGCCCATCACGAT	GC10P-R2	2064.0	732	0.19186047	Paratumor	P10	Fibroblasts	Fib_3	-3.8975682258605997	-12.087517738342301
GC10P-R2:ACGAGCCGTCTAGTGT	GC10P-R2	4622.0	1994	0.046733014	Paratumor	P10	Endothelial cells	Endo_2	8.8363151550293	-2.7491049766540496
GC10P-R2:ACGAGGAGTCACACGC	GC10P-R2	3315.0	1492	0.04193062	Paratumor	P10	Endothelial cells	Endo_4	11.767165184021001	-6.49883890151978
GC10P-R2:ACGCAGCAGCGATAGC	GC10P-R2	3222.0	1538	0.033209186	Paratumor	P10	Endothelial cells	Endo_2	9.24213981628418	-1.12567782402039
GC10P-R2:ACGCAGCTCAATAAGG	GC10P-R2	7403.0	2587	0.01769553	Paratumor	P10	Fibroblasts	Fib_2	-5.79998683929443	8.32929801940918
GC10P-R2:ACGCCAGCATCGGTTA	GC10P-R2	2649.0	1232	0.06530766	Paratumor	P10	Fibroblasts	Fib_2	-3.94321012496948	9.244668960571289
GC10P-R2:ACGCCGAAGCAGATCG	GC10P-R2	6174.0	2321	0.023809524	Paratumor	P10	Fibroblasts	Fib_4	-5.72255706787109	2.12077879905701
GC10P-R2:ACGCCGAGTGATGTGG	GC10P-R2	3884.0	1636	0.027548919	Paratumor	P10	Fibroblasts	Fib_4	-6.11667633056641	2.78848791122437
GC10P-R2:ACGCCGAGTGGGTATG	GC10P-R2	3867.0	1476	0.023532454	Paratumor	P10	Fibroblasts	Fib_2	-5.1315975189209	8.50962829589844
GC10P-R2:ACGGAGAAGTGAAGTT	GC10P-R2	820.0	456	0.24878049	Paratumor	P10	Fibroblasts	Fib_3	-3.10141396522522	8.31260013580322
GC10P-R2:ACGGAGACATGGTCTA	GC10P-R2	3776.0	1616	0.11016949	Paratumor	P10	Endothelial cells	Endo_2	8.02783203125	-2.51211857795715
GC10P-R2:ACGGAGAGTACCCAAT	GC10P-R2	5534.0	1786	0.1449223	Paratumor	P10	Smooth muscle cells	SMC_2	-4.68690347671509	-13.0241079330444
GC10P-R2:ACGGAGATCATGTCCC	GC10P-R2	2739.0	1004	0.06462213	Paratumor	P10	Fibroblasts	Fib_3	-3.6937518119812	7.6807107925415
GC10P-R2:ACGGGCTAGAACTCGG	GC10P-R2	1075.0	655	0.20465116	Paratumor	P10	Fibroblasts	Fib_3	-3.12047147750854	8.44198322296143
GC10P-R2:ACGGGCTAGATGTGTA	GC10P-R2	607.0	327	0.26359144	Paratumor	P10	Fibroblasts	Fib_3	-4.95557928085327	4.86206722259521
GC10P-R2:ACGGGCTAGCAGCGTA	GC10P-R2	3393.0	1543	0.1158267	Paratumor	P10	Endothelial cells	Endo_2	8.41630363464355	-3.471928358078
GC10P-R2:ACGGGTCCATTTCACT	GC10P-R2	4915.0	1931	0.02726348	Paratumor	P10	Fibroblasts	Fib_2	-4.56034708023071	10.182373046875
GC10P-R2:ACGGGTCTCTAAGCCA	GC10P-R2	730.0	483	0.13972603	Paratumor	P10	Endothelial cells	Endo_1	9.43341827392578	-2.54597544670105
GC10P-R2:ACGTCAACAATAGCGG	GC10P-R2	1472.0	724	0.21195652	Paratumor	P10	Fibroblasts	Fib_3	-6.13870811462402	3.74736595153809
GC10P-R2:ACGTCAATCAAGCCTA	GC10P-R2	632.0	378	0.19462025	Paratumor	P10	Fibroblasts	Fib_3	-6.66179895401001	3.9951210021972696
GC10P-R2:ACTATCTAGATAGCAT	GC10P-R2	4535.0	1823	0.069018744	Paratumor	P10	Endothelial cells	Endo_2	8.27162075042725	-3.703369140625
GC10P-R2:ACTGAACCACGAAACG	GC10P-R2	3161.0	1420	0.038911738	Paratumor	P10	Endothelial cells	Endo_2	9.09819507598877	-3.39419341087341
GC10P-R2:ACTGAACTCTAACTTC	GC10P-R2	5598.0	1953	0.038227938	Paratumor	P10	Fibroblasts	Fib_4	-8.33290386199951	3.02692794799805
GC10P-R2:ACTGAACTCTTAGAGC	GC10P-R2	3192.0	1413	0.05983709	Paratumor	P10	Endothelial cells	Endo_2	8.13563919067383	-2.34366345405579
GC10P-R2:ACTGATGAGCGTTTAC	GC10P-R2	4284.0	1585	0.039915968	Paratumor	P10	Endothelial cells	Endo_3	9.5477876663208	3.3681321144104
GC10P-R2:ACTGCTCAGGCTAGAC	GC10P-R2	5789.0	2171	0.033511832	Paratumor	P10	Fibroblasts	Fib_2	-4.54259920120239	11.146113395690902
GC10P-R2:ACTGCTCCACGGACAA	GC10P-R2	4602.0	1918	0.029986963	Paratumor	P10	Fibroblasts	Fib_4	-5.94149255752563	2.16400194168091
GC10P-R2:ACTGCTCCATGATCCA	GC10P-R2	2236.0	1007	0.14713775	Paratumor	P10	Fibroblasts	Fib_4	-5.63093137741089	2.88920092582703
GC10P-R2:ACTGTCCAGGATGTAT	GC10P-R2	1693.0	651	0.25457767	Paratumor	P10	Smooth muscle cells	SMC_2	-4.18122816085815	-12.3191366195679
GC10P-R2:ACTTACTAGATATACG	GC10P-R2	4686.0	1899	0.029662825	Paratumor	P10	Endothelial cells	Endo_3	9.38515567779541	3.53320527076721
GC10P-R2:ACTTGTTTCATGCATG	GC10P-R2	3674.0	1542	0.031573217	Paratumor	P10	Fibroblasts	Fib_2	-3.9053897857666002	9.78633975982666
GC10P-R2:ACTTTCACAGTTCCCT	GC10P-R2	3214.0	1370	0.0360921	Paratumor	P10	Fibroblasts	Fib_4	-5.777039051055911	2.98478817939758
GC10P-R2:AGAATAGGTTCGTGAT	GC10P-R2	4648.0	1929	0.07788296	Paratumor	P10	Fibroblasts	Fib_4	-6.70947027206421	2.31288456916809
GC10P-R2:AGACGTTAGGCTAGAC	GC10P-R2	2897.0	1376	0.043493267	Paratumor	P10	Endothelial cells	Endo_2	8.13611793518066	-3.44385814666748
GC10P-R2:AGACGTTAGTTCGCGC	GC10P-R2	10507.0	2914	0.029123442	Paratumor	P10	Fibroblasts	Fib_5	-10.929542541503901	3.59125947952271
GC10P-R2:AGACGTTAGTTGCAGG	GC10P-R2	2296.0	1170	0.030487806	Paratumor	P10	Fibroblasts	Fib_4	-5.62510442733765	3.6623396873474103
GC10P-R2:AGACGTTCAAGCCGTC	GC10P-R2	1677.0	960	0.01431127	Paratumor	P10	Endothelial cells	Endo_4	11.0026149749756	-7.19760370254517
GC10P-R2:AGACGTTCACACAGAG	GC10P-R2	5527.0	1776	0.028586937	Paratumor	P10	Fibroblasts	Fib_2	-3.8207633495330797	9.61712169647217
GC10P-R2:AGACGTTGTCTCTCTG	GC10P-R2	3788.0	1675	0.025871173	Paratumor	P10	Fibroblasts	Fib_2	-5.75602531433105	10.2511730194092
GC10P-R2:AGAGCGAAGTGGAGAA	GC10P-R2	5467.0	1877	0.025974026	Paratumor	P10	Fibroblasts	Fib_2	-5.6329927444458	8.82363891601562
GC10P-R2:AGAGCGACAAGTCTGT	GC10P-R2	1992.0	917	0.09538153	Paratumor	P10	Endothelial cells	Endo_1	9.68029403686523	0.0244153644889593
GC10P-R2:AGAGCGAGTATGAATG	GC10P-R2	2272.0	1190	0.034330986	Paratumor	P10	Endothelial cells	Endo_4	12.0792675018311	-7.04577779769897
GC10P-R2:AGAGCGATCGACGGAA	GC10P-R2	1058.0	616	0.06427221	Paratumor	P10	Endothelial cells	Endo_1	9.11214923858643	1.85638153553009
GC10P-R2:AGAGTGGGTCACTGGC	GC10P-R2	4246.0	1851	0.06335375	Paratumor	P10	Endothelial cells	Endo_2	9.33445930480957	-2.20859980583191
GC10P-R2:AGATCTGAGTCGCCGT	GC10P-R2	4991.0	1857	0.03806852	Paratumor	P10	Fibroblasts	Fib_4	-5.26711368560791	3.308842420578
GC10P-R2:AGATCTGTCATTTGGG	GC10P-R2	4203.0	1573	0.099214844	Paratumor	P10	Smooth muscle cells	SMC_2	-4.59185409545898	-13.1556921005249
GC10P-R2:AGCATACTCCTGCAGG	GC10P-R2	4757.0	1792	0.041202437	Paratumor	P10	Fibroblasts	Fib_2	-4.68981218338013	10.2917804718018
GC10P-R2:AGCATACTCTGACCTC	GC10P-R2	3118.0	1427	0.08306607	Paratumor	P10	Endothelial cells	Endo_2	8.30415916442871	-3.72460269927979
GC10P-R2:AGCATACTCTGTCTCG	GC10P-R2	5049.0	1853	0.087740146	Paratumor	P10	Smooth muscle cells	SMC_2	-3.18257784843445	-13.516337394714402
GC10P-R2:AGCCTAAAGATCGATA	GC10P-R2	5462.0	1824	0.04632003	Paratumor	P10	Fibroblasts	Fib_4	-5.237845420837401	2.6702942848205597
GC10P-R2:AGCCTAAAGTTAACGA	GC10P-R2	4624.0	1670	0.04952422	Paratumor	P10	Endothelial cells	Endo_3	8.9482946395874	3.96838331222534
GC10P-R2:AGCGGTCAGACACTAA	GC10P-R2	5488.0	2127	0.040451895	Paratumor	P10	Fibroblasts	Fib_2	-4.84206008911133	11.0929651260376
GC10P-R2:AGCGGTCTCACCGGGT	GC10P-R2	5675.0	1819	0.03859031	Paratumor	P10	Endothelial cells	Endo_3	10.318079948425302	1.22580540180206
GC10P-R2:AGCGGTCTCCTTTCTC	GC10P-R2	4191.0	1694	0.052493438	Paratumor	P10	Fibroblasts	Fib_4	-5.40569925308228	2.37375950813293
GC10P-R2:AGCGGTCTCGGCGCAT	GC10P-R2	3393.0	1449	0.17477159	Paratumor	P10	Fibroblasts	Fib_2	-5.1073842048645	10.6050395965576
GC10P-R2:AGCGTCGCAAAGCAAT	GC10P-R2	4473.0	1537	0.029286832	Paratumor	P10	Fibroblasts	Fib_2	-3.81104016304016	9.76666259765625
GC10P-R2:AGCGTCGGTGAGTGAC	GC10P-R2	2390.0	1109	0.038075313	Paratumor	P10	Fibroblasts	Fib_4	-6.57684087753296	3.2465398311615004
GC10P-R2:AGCTCCTGTTGCGCAC	GC10P-R2	9182.0	3112	0.023851013	Paratumor	P10	Fibroblasts	Fib_4	-8.27108669281006	2.7292237281799303
GC10P-R2:AGCTCCTTCAACCAAC	GC10P-R2	4779.0	1890	0.021971123	Paratumor	P10	Fibroblasts	Fib_2	-4.95622968673706	10.890172958374
GC10P-R2:AGCTTGACATGTTGAC	GC10P-R2	4893.0	1940	0.026977314	Paratumor	P10	Fibroblasts	Fib_2	-4.319287776947021	10.4733858108521
GC10P-R2:AGGCCGTAGAGGTTGC	GC10P-R2	685.0	487	0.06569343	Paratumor	P10	Endothelial cells	Endo_1	9.507730484008789	-2.01662731170654
GC10P-R2:AGGCCGTCATAGACTC	GC10P-R2	3158.0	1200	0.07473084	Paratumor	P10	Smooth muscle cells	SMC_2	-4.37267589569092	-12.504979133606
GC10P-R2:AGGCCGTCATGAACCT	GC10P-R2	5030.0	1699	0.027634194	Paratumor	P10	Fibroblasts	Fib_2	-4.8133244514465305	8.72267532348633
GC10P-R2:AGGCCGTTCACGACTA	GC10P-R2	3118.0	1173	0.07055805	Paratumor	P10	Endothelial cells	Endo_3	9.47540378570557	1.3621315956115703
GC10P-R2:AGGGAGTTCCGTTGCT	GC10P-R2	531.0	386	0.08851224	Paratumor	P10	Endothelial cells	Endo_1	9.82167339324951	-2.49482369422913
GC10P-R2:AGGGATGCACATCTTT	GC10P-R2	5253.0	1951	0.09975252	Paratumor	P10	Smooth muscle cells	SMC_2	-4.29600811004639	-13.3319339752197
GC10P-R2:AGGTCATGTTACTGAC	GC10P-R2	2544.0	963	0.06721698	Paratumor	P10	Fibroblasts	Fib_4	-5.98040103912354	3.57435154914856
GC10P-R2:AGGTCCGTCAAACAAG	GC10P-R2	7557.0	2605	0.031890962	Paratumor	P10	Fibroblasts	Fib_2	-4.41288137435913	10.1605949401855
GC10P-R2:AGTAGTCAGCCACGTC	GC10P-R2	5107.0	1963	0.042686507	Paratumor	P10	Fibroblasts	Fib_2	-4.2349100112914995	10.8260402679443
GC10P-R2:AGTCTTTAGCGATTCT	GC10P-R2	4063.0	1417	0.13389121	Paratumor	P10	Smooth muscle cells	SMC_2	-4.18413352966309	-12.901247024536099
GC10P-R2:AGTCTTTCACACAGAG	GC10P-R2	5116.0	1809	0.056489445	Paratumor	P10	Endothelial cells	Endo_3	9.49954795837402	2.8731110095977797
GC10P-R2:AGTCTTTCACCGGAAA	GC10P-R2	8263.0	2661	0.022267941	Paratumor	P10	Fibroblasts	Fib_2	-6.054205417633059	10.4956789016724
GC10P-R2:AGTCTTTCATAAAGGT	GC10P-R2	2265.0	1212	0.020750552	Paratumor	P10	Endothelial cells	Endo_4	11.164692878723098	-7.17166948318481
GC10P-R2:AGTGAGGCAAACTGCT	GC10P-R2	7473.0	2722	0.023417637	Paratumor	P10	Endothelial cells	Endo_4	11.6576337814331	-6.41873836517334
GC10P-R2:AGTGAGGCACCAACCG	GC10P-R2	7191.0	2192	0.25378945	Paratumor	P10	Endothelial cells	Endo_4	12.261015892028801	-6.254986763000491
GC10P-R2:AGTGAGGGTAAATACG	GC10P-R2	5403.0	2007	0.037201554	Paratumor	P10	Endothelial cells	Endo_3	8.77780723571777	3.9288129806518595
GC10P-R2:AGTGTCACACTTACGA	GC10P-R2	5445.0	1947	0.033976126	Paratumor	P10	Endothelial cells	Endo_3	8.86148071289062	3.70197534561157
GC10P-R2:AGTTGGTCATTGGTAC	GC10P-R2	509.0	336	0.1021611	Paratumor	P10	Endothelial cells	Endo_4	10.941014289856	-7.1953296661377
GC10P-R2:ATAACGCAGTGACATA	GC10P-R2	994.0	583	0.14386319	Paratumor	P10	Endothelial cells	Endo_1	9.14730262756348	-2.92575478553772
GC10P-R2:ATAACGCCACTGTTAG	GC10P-R2	4914.0	1777	0.08791209	Paratumor	P10	Smooth muscle cells	SMC_2	-3.9452118873596205	-13.6152009963989
GC10P-R2:ATAACGCTCGGAGCAA	GC10P-R2	4911.0	1895	0.049277134	Paratumor	P10	Fibroblasts	Fib_2	-4.000482559204101	10.636678695678699
GC10P-R2:ATAAGAGCAAACTGCT	GC10P-R2	4219.0	1677	0.020146955	Paratumor	P10	Endothelial cells	Endo_3	10.0370016098022	0.12579748034477198
GC10P-R2:ATAGACCTCTCTGTCG	GC10P-R2	924.0	506	0.12554112	Paratumor	P10	Fibroblasts	Fib_3	-3.0293564796447794	8.31403923034668
GC10P-R2:ATCACGAAGGCTAGCA	GC10P-R2	2433.0	1067	0.06905056	Paratumor	P10	Fibroblasts	Fib_4	-5.98870038986206	3.66696095466614
GC10P-R2:ATCATGGTCCATGAGT	GC10P-R2	3992.0	1416	0.14253508	Paratumor	P10	Fibroblasts	Fib_4	-6.38972473144531	2.9499704837799103
GC10P-R2:ATCCACCAGTACGTTC	GC10P-R2	4501.0	2003	0.06287491	Paratumor	P10	Endothelial cells	Endo_2	9.12655830383301	-2.55330371856689
GC10P-R2:ATCCGAAAGAGGGCTT	GC10P-R2	4348.0	1834	0.040938362	Paratumor	P10	Fibroblasts	Fib_4	-6.30814456939697	2.4428772926330597
GC10P-R2:ATCGAGTTCATACGGT	GC10P-R2	4010.0	1719	0.039401498	Paratumor	P10	Fibroblasts	Fib_4	-6.48152303695679	2.5791847705841096
GC10P-R2:ATCTACTCAGGTGCCT	GC10P-R2	2979.0	1099	0.24706277	Paratumor	P10	Endothelial cells	Endo_4	12.0459680557251	-6.43700742721558
GC10P-R2:ATCTACTTCGTTACAG	GC10P-R2	1998.0	1008	0.09309309	Paratumor	P10	Fibroblasts	Fib_4	-6.42250823974609	2.9272210597991903
GC10P-R2:ATCTGCCCAAGTTGTC	GC10P-R2	1574.0	680	0.0819568	Paratumor	P10	Fibroblasts	Fib_3	-3.4222197532653795	6.882794380187991
GC10P-R2:ATCTGCCTCTTGAGAC	GC10P-R2	4462.0	1833	0.02644554	Paratumor	P10	Fibroblasts	Fib_2	-5.0808219909667995	11.2368478775024
GC10P-R2:ATGAGGGCAAGTTCTG	GC10P-R2	4935.0	1904	0.03059777	Paratumor	P10	Endothelial cells	Endo_3	9.011919021606449	3.9070980548858603
GC10P-R2:ATGAGGGTCATTGCCC	GC10P-R2	1799.0	970	0.05002779	Paratumor	P10	Fibroblasts	Fib_4	-6.53302097320557	3.46003890037537
GC10P-R2:ATGGGAGAGAGCTTCT	GC10P-R2	3852.0	1415	0.03997923	Paratumor	P10	Fibroblasts	Fib_4	-6.28828430175781	3.4228751659393297
GC10P-R2:ATGGGAGAGTCCTCCT	GC10P-R2	4421.0	1708	0.031667043	Paratumor	P10	Fibroblasts	Fib_4	-7.30623292922974	2.6886110305786097
GC10P-R2:ATGGGAGCATTGAGCT	GC10P-R2	1897.0	1001	0.018450184	Paratumor	P10	Endothelial cells	Endo_4	10.996807098388699	-6.9383234977722195
GC10P-R2:ATGTGTGAGATCTGAA	GC10P-R2	2712.0	1463	0.04240413	Paratumor	P10	Endothelial cells	Endo_4	11.8474903106689	-6.875662326812741
GC10P-R2:ATTACTCGTAATCACC	GC10P-R2	5036.0	1942	0.04130262	Paratumor	P10	Fibroblasts	Fib_2	-3.85265851020813	10.2971906661987
GC10P-R2:ATTATCCAGCCCGAAA	GC10P-R2	6314.0	2145	0.033892937	Paratumor	P10	Endothelial cells	Endo_3	10.6866722106934	1.83849275112152
GC10P-R2:ATTATCCGTGTAACGG	GC10P-R2	2652.0	941	0.0708899	Paratumor	P10	Fibroblasts	Fib_3	-3.5611660480499303	6.99323177337646
GC10P-R2:ATTCTACTCTCGATGA	GC10P-R2	4537.0	1739	0.05245757	Paratumor	P10	Endothelial cells	Endo_2	9.723432540893551	-2.3093271255493195
GC10P-R2:ATTGGACAGAATCTCC	GC10P-R2	3636.0	1722	0.03877888	Paratumor	P10	Endothelial cells	Endo_4	12.046531677246099	-6.77130651473999
GC10P-R2:ATTGGACGTTACTGAC	GC10P-R2	3472.0	1167	0.18087557	Paratumor	P10	Smooth muscle cells	SMC_2	-4.51184558868408	-12.300168037414599
GC10P-R2:ATTGGTGTCGGTGTCG	GC10P-R2	643.0	399	0.19751166	Paratumor	P10	Fibroblasts	Fib_3	-3.04521656036377	8.28965282440186
GC10P-R2:ATTTCTGAGCTCCTTC	GC10P-R2	1550.0	918	0.043225806	Paratumor	P10	Endothelial cells	Endo_2	7.94770812988281	-3.0450375080108603
GC10P-R2:ATTTCTGTCATTTGGG	GC10P-R2	7291.0	2624	0.039226443	Paratumor	P10	Endothelial cells	Endo_2	9.77612781524658	-2.02061939239502
GC10P-R2:CAACCAACAGCGTAAG	GC10P-R2	5540.0	2224	0.039891697	Paratumor	P10	Fibroblasts	Fib_2	-4.50723648071289	11.212670326232901
GC10P-R2:CAACCTCTCGTGGTCG	GC10P-R2	982.0	603	0.19959266	Paratumor	P10	Fibroblasts	Fib_3	-3.10128569602966	8.44358348846436
GC10P-R2:CAAGAAAGTTGCGTTA	GC10P-R2	1922.0	754	0.21436004	Paratumor	P10	Endothelial cells	Endo_1	9.31861400604248	-3.7558262348175
GC10P-R2:CAAGAAATCCACGTTC	GC10P-R2	3654.0	1642	0.035030104	Paratumor	P10	Endothelial cells	Endo_2	8.40568447113037	-2.7865846157073997
GC10P-R2:CAAGGCCAGAGTGACC	GC10P-R2	7498.0	2466	0.061483063	Paratumor	P10	Endothelial cells	Endo_2	8.94583606719971	-1.2561146020889298
GC10P-R2:CAAGTTGGTCGACTGC	GC10P-R2	2507.0	930	0.13562027	Paratumor	P10	Fibroblasts	Fib_4	-5.15283346176147	4.352027893066411
GC10P-R2:CACACAAGTGCAGTAG	GC10P-R2	4868.0	1839	0.02978636	Paratumor	P10	Fibroblasts	Fib_2	-3.90793323516846	10.816960334777802
GC10P-R2:CACACAATCCGGCACA	GC10P-R2	5698.0	2294	0.03808354	Paratumor	P10	Endothelial cells	Endo_4	11.631838798522901	-6.37776327133179
GC10P-R2:CACACAATCGCTTAGA	GC10P-R2	6436.0	2234	0.022684898	Paratumor	P10	Fibroblasts	Fib_4	-7.22109746932983	2.6690058708190896
GC10P-R2:CACACCTAGATAGGAG	GC10P-R2	1397.0	552	0.22333571	Paratumor	P10	Fibroblasts	Fib_3	-3.9863495826721205	6.093048095703121
GC10P-R2:CACACCTCACGCCAGT	GC10P-R2	3489.0	1591	0.01805675	Paratumor	P10	Endothelial cells	Endo_2	10.507359504699698	-4.96607828140259
GC10P-R2:CACAGGCAGACGCACA	GC10P-R2	2342.0	1137	0.03373185	Paratumor	P10	Endothelial cells	Endo_2	9.22021770477295	-2.5112440586090097
GC10P-R2:CACAGGCAGTTATCGC	GC10P-R2	2729.0	1262	0.0762184	Paratumor	P10	Endothelial cells	Endo_2	8.31632709503174	-2.08924460411072
GC10P-R2:CACATAGTCATGTAGC	GC10P-R2	574.0	331	0.28222996	Paratumor	P10	Fibroblasts	Fib_3	-3.12467765808105	8.17157077789307
GC10P-R2:CACATTTTCAAGCCTA	GC10P-R2	5170.0	2145	0.020309478	Paratumor	P10	Endothelial cells	Endo_4	12.1991863250732	-6.6810793876647905
GC10P-R2:CACCACTAGTTACGGG	GC10P-R2	5328.0	1955	0.022897897	Paratumor	P10	Fibroblasts	Fib_2	-4.9270281791687	10.0766305923462
GC10P-R2:CACCACTCAGGATCGA	GC10P-R2	4462.0	1814	0.029134918	Paratumor	P10	Endothelial cells	Endo_2	9.26824855804443	-0.782086610794067
GC10P-R2:CACCACTTCTTGCAAG	GC10P-R2	7044.0	2509	0.04471891	Paratumor	P10	Fibroblasts	Fib_2	-5.79233598709106	10.5120344161987
GC10P-R2:CACTCCAAGAAGCCCA	GC10P-R2	6517.0	2411	0.020561608	Paratumor	P10	Fibroblasts	Fib_2	-4.95094919204712	10.802957534789998
GC10P-R2:CACTCCAGTGCGGTAA	GC10P-R2	6935.0	2331	0.032011535	Paratumor	P10	Endothelial cells	Endo_3	8.645777702331541	4.01880502700806
GC10P-R2:CAGAATCGTCAGAGGT	GC10P-R2	4067.0	1813	0.02975166	Paratumor	P10	Fibroblasts	Fib_2	-4.25818109512329	11.0113306045532
GC10P-R2:CAGAATCGTCTTGATG	GC10P-R2	4105.0	1795	0.031181486	Paratumor	P10	Fibroblasts	Fib_2	-4.46197319030762	11.0604162216187
GC10P-R2:CAGAGAGCAGGCTGAA	GC10P-R2	3071.0	1312	0.19439922	Paratumor	P10	Endothelial cells	Endo_2	8.652224540710451	-3.63469648361206
GC10P-R2:CAGAGAGTCGCCAGCA	GC10P-R2	1461.0	676	0.10677618	Paratumor	P10	Fibroblasts	Fib_3	-3.44703340530396	8.62523460388184
GC10P-R2:CAGATCAAGCGATCCC	GC10P-R2	8289.0	2506	0.14380504	Paratumor	P10	Smooth muscle cells	SMC_2	-4.323570251464839	-13.008775711059599
GC10P-R2:CAGATCAAGTCTCAAC	GC10P-R2	6382.0	2369	0.030084614	Paratumor	P10	Endothelial cells	Endo_3	8.6164493560791	3.89942026138306
GC10P-R2:CAGATCACACGACGAA	GC10P-R2	5903.0	1845	0.088429615	Paratumor	P10	Smooth muscle cells	SMC_2	-4.77555894851685	-12.8704023361206
GC10P-R2:CAGCAGCTCAGCTTAG	GC10P-R2	3492.0	1714	0.03923253	Paratumor	P10	Fibroblasts	Fib_2	-4.72008323669434	11.1146402359009
GC10P-R2:CAGCAGCTCCTTGACC	GC10P-R2	1108.0	634	0.15884477	Paratumor	P10	Endothelial cells	Endo_4	11.1638441085815	-7.32422304153442
GC10P-R2:CAGCAGCTCGGAAATA	GC10P-R2	8401.0	2509	0.044994645	Paratumor	P10	Fibroblasts	Fib_4	-9.82949256896973	3.39123964309692
GC10P-R2:CAGCATAGTGCGAAAC	GC10P-R2	4612.0	1959	0.03469211	Paratumor	P10	Endothelial cells	Endo_3	8.98340606689453	3.6516268253326403
GC10P-R2:CAGCATATCGCTGATA	GC10P-R2	4298.0	1358	0.09167054	Paratumor	P10	Fibroblasts	Fib_4	-4.89358234405518	4.22381114959717
GC10P-R2:CAGCCGACAAGGCTCC	GC10P-R2	2174.0	1146	0.02851886	Paratumor	P10	Endothelial cells	Endo_4	11.5777149200439	-7.24771642684937
GC10P-R2:CAGCCGATCACATAGC	GC10P-R2	5843.0	2371	0.028752353	Paratumor	P10	Fibroblasts	Fib_2	-5.10888910293579	11.2586317062378
GC10P-R2:CAGCCGATCGTGGACC	GC10P-R2	6466.0	2187	0.03263223	Paratumor	P10	Fibroblasts	Fib_4	-5.53563642501831	2.08689522743225
GC10P-R2:CAGCTAAAGGCAGGTT	GC10P-R2	5699.0	2028	0.020880856	Paratumor	P10	Fibroblasts	Fib_2	-3.9409787654876696	10.4086437225342
GC10P-R2:CAGCTAACACACAGAG	GC10P-R2	5206.0	1857	0.032846715	Paratumor	P10	Fibroblasts	Fib_4	-5.4588313102722195	2.9793074131012003
GC10P-R2:CAGCTGGAGGGCTCTC	GC10P-R2	6144.0	2486	0.037272137	Paratumor	P10	Endothelial cells	Endo_1	11.184267044067399	-2.72059035301208
GC10P-R2:CAGCTGGGTTGTTTGG	GC10P-R2	4910.0	1835	0.046028513	Paratumor	P10	Endothelial cells	Endo_3	9.212564468383789	3.72331929206848
GC10P-R2:CAGCTGGTCATCTGTT	GC10P-R2	1503.0	833	0.110445775	Paratumor	P10	Fibroblasts	Fib_3	-3.57409167289734	8.31294631958008
GC10P-R2:CAGGTGCTCGGAAATA	GC10P-R2	3220.0	1410	0.051552795	Paratumor	P10	Fibroblasts	Fib_2	-4.59614706039429	10.1063098907471
GC10P-R2:CAGTAACAGTACGCGA	GC10P-R2	7431.0	2329	0.034584846	Paratumor	P10	Fibroblasts	Fib_4	-5.551376819610599	3.06258678436279
GC10P-R2:CAGTAACCACGAAAGC	GC10P-R2	3078.0	1209	0.039636128	Paratumor	P10	Endothelial cells	Endo_3	9.11947917938232	3.8039326667785605
GC10P-R2:CAGTAACCATCTCGCT	GC10P-R2	2731.0	1135	0.11937019	Paratumor	P10	Smooth muscle cells	SMC_2	-4.41219902038574	-12.7889747619629
GC10P-R2:CAGTCCTAGCTTATCG	GC10P-R2	3060.0	1293	0.09248366	Paratumor	P10	Endothelial cells	Endo_2	9.15605449676514	-1.54615473747253
GC10P-R2:CAGTCCTGTAGTGAAT	GC10P-R2	6877.0	2655	0.034171876	Paratumor	P10	Fibroblasts	Fib_2	-5.992652416229251	10.0817222595215
GC10P-R2:CAGTCCTGTGACTACT	GC10P-R2	5100.0	1992	0.024509804	Paratumor	P10	Fibroblasts	Fib_2	-5.86013650894165	9.57513809204102
GC10P-R2:CATATTCCAAAGAATC	GC10P-R2	5157.0	1843	0.14853597	Paratumor	P10	Smooth muscle cells	SMC_2	-3.81669449806213	-13.9473276138306
GC10P-R2:CATATTCCATACTCTT	GC10P-R2	6960.0	2428	0.038074713	Paratumor	P10	Fibroblasts	Fib_4	-5.05826711654663	2.45051503181458
GC10P-R2:CATCAAGCAAGTCATC	GC10P-R2	2896.0	1182	0.23964088	Paratumor	P10	Endothelial cells	Endo_2	8.0318660736084	-3.99692034721375
GC10P-R2:CATCAAGCACGGATAG	GC10P-R2	3550.0	1253	0.10169014	Paratumor	P10	Smooth muscle cells	SMC_2	-4.2891731262207005	-11.922830581665002
GC10P-R2:CATCCACAGCCACTAT	GC10P-R2	1872.0	718	0.15277778	Paratumor	P10	Smooth muscle cells	SMC_2	-4.20834922790527	-12.1761293411255
GC10P-R2:CATCGAACAGCGTTCG	GC10P-R2	3633.0	1663	0.05312414	Paratumor	P10	Endothelial cells	Endo_2	8.979818344116211	-3.56696343421936
GC10P-R2:CATCGGGGTAGAGCTG	GC10P-R2	1469.0	808	0.14159292	Paratumor	P10	Endothelial cells	Endo_2	9.027933120727539	-3.4141383171081503
GC10P-R2:CATGACACACAGACAG	GC10P-R2	2509.0	1215	0.0697489	Paratumor	P10	Fibroblasts	Fib_4	-6.58878374099731	3.19392991065979
GC10P-R2:CATGCCTGTCAACTGT	GC10P-R2	2495.0	1177	0.026052104	Paratumor	P10	Fibroblasts	Fib_4	-5.87014198303223	3.1454620361328103
GC10P-R2:CATGCCTTCCTAAGTG	GC10P-R2	6021.0	1912	0.2394951	Paratumor	P10	Smooth muscle cells	SMC_2	-4.30639696121216	-13.1619272232056
GC10P-R2:CATGCCTTCTGGGCCA	GC10P-R2	11401.0	3317	0.14682923	Paratumor	P10	Endothelial cells	Endo_2	8.82141590118408	-1.68254959583282
GC10P-R2:CATGGCGGTTCGGGCT	GC10P-R2	5770.0	2239	0.043500867	Paratumor	P10	Endothelial cells	Endo_2	8.89619541168213	-1.5294878482818601
GC10P-R2:CATTATCAGCGTTTAC	GC10P-R2	5290.0	1884	0.10869565	Paratumor	P10	Fibroblasts	Fib_2	-4.63965559005737	10.7613677978516
GC10P-R2:CATTATCTCTGTCAAG	GC10P-R2	3404.0	1441	0.05640423	Paratumor	P10	Fibroblasts	Fib_2	-4.42005920410156	10.6074934005737
GC10P-R2:CATTCGCCAGCGTAAG	GC10P-R2	527.0	369	0.14611006	Paratumor	P10	Fibroblasts	Fib_3	-6.83435392379761	3.9622390270233194
GC10P-R2:CCAATCCCAGACAAAT	GC10P-R2	5342.0	1790	0.15518533	Paratumor	P10	Endothelial cells	Endo_3	8.95748138427734	3.5829889774322496
GC10P-R2:CCAATCCGTTGGTAAA	GC10P-R2	2873.0	1373	0.05046989	Paratumor	P10	Fibroblasts	Fib_2	-4.51372814178467	10.718507766723599
GC10P-R2:CCACCTAAGGATCGCA	GC10P-R2	3144.0	1328	0.12690839	Paratumor	P10	Smooth muscle cells	SMC_2	-4.47864151000977	-13.4334726333618
GC10P-R2:CCACGGAAGGGTGTTG	GC10P-R2	2009.0	905	0.12145346	Paratumor	P10	Endothelial cells	Endo_3	9.56330108642578	2.00514841079712
GC10P-R2:CCACTACAGTTTAGGA	GC10P-R2	4921.0	1877	0.03088803	Paratumor	P10	Fibroblasts	Fib_2	-4.31783485412598	10.6338624954224
GC10P-R2:CCACTACCATCCCATC	GC10P-R2	4246.0	1693	0.03061705	Paratumor	P10	Fibroblasts	Fib_2	-4.80444860458374	10.381065368652301
GC10P-R2:CCACTACGTACTCAAC	GC10P-R2	5335.0	2067	0.027366448	Paratumor	P10	Fibroblasts	Fib_2	-6.17035627365112	10.3732490539551
GC10P-R2:CCACTACGTGTGTGCC	GC10P-R2	2704.0	1245	0.04918639	Paratumor	P10	Fibroblasts	Fib_2	-5.52169942855835	10.05832862854
GC10P-R2:CCAGCGAAGCACACAG	GC10P-R2	2123.0	898	0.22421102	Paratumor	P10	Smooth muscle cells	SMC_2	-4.03018856048584	-13.840914726257301
GC10P-R2:CCATTCGAGTAAGTAC	GC10P-R2	2014.0	936	0.058093347	Paratumor	P10	Fibroblasts	Fib_2	-3.70726180076599	9.73215293884277
GC10P-R2:CCCAATCAGCACCGTC	GC10P-R2	3584.0	1504	0.10295759	Paratumor	P10	Endothelial cells	Endo_2	8.3411922454834	-3.8715782165527304
GC10P-R2:CCCAATCCATGCCCGA	GC10P-R2	10032.0	2950	0.03129984	Paratumor	P10	Fibroblasts	Fib_5	-11.600006103515598	2.84335589408875
GC10P-R2:CCCAGTTGTTGGTGGA	GC10P-R2	919.0	517	0.14363438	Paratumor	P10	Fibroblasts	Fib_3	-3.96837759017944	7.60746669769287
GC10P-R2:CCCAGTTTCTCGAGTA	GC10P-R2	5940.0	2461	0.033333335	Paratumor	P10	Fibroblasts	Fib_4	-6.8764333724975595	2.24065041542053
GC10P-R2:CCCTCCTGTCGAACAG	GC10P-R2	1521.0	888	0.11571334	Paratumor	P10	Endothelial cells	Endo_1	9.78882122039795	-2.10218977928162
GC10P-R2:CCCTCCTGTGTGAAAT	GC10P-R2	4975.0	1961	0.100301504	Paratumor	P10	Smooth muscle cells	SMC_2	-3.9953899383544904	-13.8257703781128
GC10P-R2:CCCTCCTTCGTATCAG	GC10P-R2	11352.0	3458	0.031360112	Paratumor	P10	Fibroblasts	Fib_5	-11.2208795547485	3.04039549827576
GC10P-R2:CCGGGATAGGAATTAC	GC10P-R2	5285.0	2137	0.031977296	Paratumor	P10	Fibroblasts	Fib_2	-5.73209190368652	9.73590564727783
GC10P-R2:CCGGTAGCATCCCATC	GC10P-R2	2178.0	1103	0.07438017	Paratumor	P10	Endothelial cells	Endo_2	9.42087078094482	-4.35028791427612
GC10P-R2:CCGTACTAGCTAGTTC	GC10P-R2	4679.0	1548	0.038469758	Paratumor	P10	Fibroblasts	Fib_2	-4.46574354171753	8.22299003601074
GC10P-R2:CCGTACTGTCTAACGT	GC10P-R2	6406.0	2280	0.041055262	Paratumor	P10	Endothelial cells	Endo_3	9.59127426147461	2.84223437309265
GC10P-R2:CCGTACTGTTACCAGT	GC10P-R2	4876.0	1729	0.041837573	Paratumor	P10	Endothelial cells	Endo_3	9.006028175354	2.8364133834838903
GC10P-R2:CCGTACTTCAACCATG	GC10P-R2	5611.0	2214	0.028693637	Paratumor	P10	Fibroblasts	Fib_2	-5.81147861480713	11.0553455352783
GC10P-R2:CCGTGGAGTGTCGCTG	GC10P-R2	2763.0	1321	0.016286645	Paratumor	P10	Fibroblasts	Fib_2	-5.63139867782593	9.68181991577148
GC10P-R2:CCGTTCAAGCGATAGC	GC10P-R2	2812.0	1420	0.049786627	Paratumor	P10	Endothelial cells	Endo_2	7.90512561798096	-3.41754579544067
GC10P-R2:CCGTTCATCGACGGAA	GC10P-R2	7170.0	2405	0.035146445	Paratumor	P10	Fibroblasts	Fib_5	-11.235513687133801	3.23586106300354
GC10P-R2:CCTAAAGCAAGAAAGG	GC10P-R2	2626.0	1254	0.044554457	Paratumor	P10	Endothelial cells	Endo_2	9.79156112670898	-2.3744854927062997
GC10P-R2:CCTAAAGTCGTTTATC	GC10P-R2	4698.0	1943	0.025968498	Paratumor	P10	Fibroblasts	Fib_2	-4.012201309204101	10.716212272644
GC10P-R2:CCTATTACATTTGCCC	GC10P-R2	2479.0	931	0.07624042	Paratumor	P10	Fibroblasts	Fib_4	-5.60469102859497	3.88132047653198
GC10P-R2:CCTCAGTAGCCACGTC	GC10P-R2	9277.0	2750	0.03880565	Paratumor	P10	Fibroblasts	Fib_4	-5.229069232940669	2.7656681537628196
GC10P-R2:CCTTACGGTACCGGCT	GC10P-R2	3095.0	1408	0.05266559	Paratumor	P10	Endothelial cells	Endo_2	8.39632606506348	-3.42299175262451
GC10P-R2:CCTTCCCAGTCCGTAT	GC10P-R2	5237.0	1901	0.095665455	Paratumor	P10	Smooth muscle cells	SMC_2	-4.37420320510864	-13.5470361709595
GC10P-R2:CCTTCCCCAGATGAGC	GC10P-R2	4539.0	1954	0.029521922	Paratumor	P10	Endothelial cells	Endo_2	8.97361946105957	-2.25414156913757
GC10P-R2:CCTTTCTCAGAAGCAC	GC10P-R2	8385.0	2631	0.033989266	Paratumor	P10	Fibroblasts	Fib_5	-9.59492874145508	3.33045625686646
GC10P-R2:CGAATGTAGCTTATCG	GC10P-R2	3506.0	1574	0.085852824	Paratumor	P10	Endothelial cells	Endo_2	7.804214000701901	-2.8061995506286603
GC10P-R2:CGACTTCCAATGGAGC	GC10P-R2	2287.0	944	0.09532138	Paratumor	P10	Fibroblasts	Fib_3	-3.6452252864837598	8.2932596206665
GC10P-R2:CGAGAAGAGATGTCGG	GC10P-R2	2305.0	916	0.08112799	Paratumor	P10	Smooth muscle cells	SMC_2	-4.45003414154053	-12.152707099914599
GC10P-R2:CGAGAAGAGTTGTAGA	GC10P-R2	1834.0	913	0.11177754	Paratumor	P10	Endothelial cells	Endo_1	9.16590213775635	1.3251266479492199
GC10P-R2:CGAGCACCAAGTTAAG	GC10P-R2	2305.0	1149	0.021691974	Paratumor	P10	Endothelial cells	Endo_2	7.8982243537902805	-2.7415933609008802
GC10P-R2:CGAGCACCATGGGACA	GC10P-R2	6024.0	1829	0.121015936	Paratumor	P10	Fibroblasts	Fib_5	-10.989285469055199	3.53676342964172
GC10P-R2:CGAGCCAAGCCACTAT	GC10P-R2	3007.0	1401	0.08846026	Paratumor	P10	Endothelial cells	Endo_2	9.76118469238281	-2.6203846931457497
GC10P-R2:CGAGCCACACTACAGT	GC10P-R2	5426.0	2079	0.039439734	Paratumor	P10	Fibroblasts	Fib_2	-4.18404483795166	10.9259395599365
GC10P-R2:CGAGCCATCCCTTGCA	GC10P-R2	4093.0	1833	0.030051308	Paratumor	P10	Fibroblasts	Fib_4	-6.662484645843509	2.30575370788574
GC10P-R2:CGATGGCAGCACCGCT	GC10P-R2	5844.0	2029	0.043805614	Paratumor	P10	Fibroblasts	Fib_4	-6.26527881622314	2.54544401168823
GC10P-R2:CGATGTAGTGGTGTAG	GC10P-R2	1222.0	686	0.06710311	Paratumor	P10	Endothelial cells	Endo_1	8.997598648071289	2.0291073322296103
GC10P-R2:CGATGTAGTTCTGAAC	GC10P-R2	6422.0	2311	0.040641546	Paratumor	P10	Endothelial cells	Endo_3	9.78394985198975	2.98712587356567
GC10P-R2:CGATGTATCGACCAGC	GC10P-R2	5708.0	2107	0.02452698	Paratumor	P10	Fibroblasts	Fib_2	-4.3589186668396005	10.9734487533569
GC10P-R2:CGCGGTACACGGTAAG	GC10P-R2	1437.0	641	0.16144747	Paratumor	P10	Fibroblasts	Fib_3	-3.12298631668091	7.925151824951169
GC10P-R2:CGCGGTAGTCGCCATG	GC10P-R2	3094.0	1324	0.07369102	Paratumor	P10	Fibroblasts	Fib_2	-3.80003905296326	10.167726516723599
GC10P-R2:CGCGGTATCAGCACAT	GC10P-R2	4418.0	1516	0.06020824	Paratumor	P10	Fibroblasts	Fib_4	-5.13358926773071	3.40606188774109
GC10P-R2:CGCTATCAGAAACCTA	GC10P-R2	5454.0	2036	0.08324166	Paratumor	P10	Fibroblasts	Fib_2	-4.12314510345459	10.7353649139404
GC10P-R2:CGCTATCGTGGTAACG	GC10P-R2	16027.0	3892	0.04760716	Paratumor	P10	Fibroblasts	Fib_1	-9.297553062438961	5.47307014465332
GC10P-R2:CGCTGGATCAACGCTA	GC10P-R2	5397.0	2096	0.13637206	Paratumor	P10	Fibroblasts	Fib_2	-6.09366846084595	10.2361717224121
GC10P-R2:CGCTGGATCGGTGTTA	GC10P-R2	5553.0	2117	0.06068792	Paratumor	P10	Smooth muscle cells	SMC_1	0.257937461137772	-12.4671220779419
GC10P-R2:CGGACACGTAAATGTG	GC10P-R2	525.0	337	0.17142858	Paratumor	P10	Fibroblasts	Fib_3	-3.31493330001831	7.12386560440063
GC10P-R2:CGGACGTAGCGACGTA	GC10P-R2	1770.0	793	0.12655367	Paratumor	P10	Fibroblasts	Fib_3	-3.52763748168945	8.54082202911377
GC10P-R2:CGGACGTTCTTTACGT	GC10P-R2	5460.0	2031	0.036263738	Paratumor	P10	Fibroblasts	Fib_2	-4.2153058052063	10.423147201538098
GC10P-R2:CGGACTGTCCACGCAG	GC10P-R2	8340.0	2724	0.037769783	Paratumor	P10	Fibroblasts	Fib_4	-5.0881466865539595	2.67569303512573
GC10P-R2:CGGAGCTCATCGTCGG	GC10P-R2	1507.0	744	0.10285335	Paratumor	P10	Fibroblasts	Fib_4	-6.73198747634888	3.49437379837036
GC10P-R2:CGGCTAGTCCGGCACA	GC10P-R2	5571.0	2194	0.051516782	Paratumor	P10	Endothelial cells	Endo_2	8.70127296447754	-2.3060791492462203
GC10P-R2:CGGGTCAAGGAGTTGC	GC10P-R2	2047.0	848	0.042012703	Paratumor	P10	Fibroblasts	Fib_4	-6.257404327392581	3.5800707340240496
GC10P-R2:CGGTTAAAGTGCAAGC	GC10P-R2	6119.0	2388	0.023533257	Paratumor	P10	Fibroblasts	Fib_2	-5.6948957443237305	9.55750274658203
GC10P-R2:CGTAGGCCAGTACACT	GC10P-R2	7476.0	2460	0.030497592	Paratumor	P10	Fibroblasts	Fib_5	-11.670265197753901	2.80057168006897
GC10P-R2:CGTAGGCCATGCGCAC	GC10P-R2	2656.0	1121	0.05384036	Paratumor	P10	Fibroblasts	Fib_4	-5.874804019927981	3.77660322189331
GC10P-R2:CGTCCATAGCCAGGAT	GC10P-R2	4011.0	1687	0.03415607	Paratumor	P10	Fibroblasts	Fib_2	-3.7587590217590297	10.2618989944458
GC10P-R2:CGTCCATAGCTAGGCA	GC10P-R2	4835.0	1552	0.04384695	Paratumor	P10	Fibroblasts	Fib_2	-3.97397112846375	8.48579978942871
GC10P-R2:CGTCCATCACACTGCG	GC10P-R2	2103.0	1135	0.110794105	Paratumor	P10	Fibroblasts	Fib_4	-6.62798643112183	3.0930762290954603
GC10P-R2:CGTCTACCAAAGCGGT	GC10P-R2	4975.0	2225	0.06432161	Paratumor	P10	Endothelial cells	Endo_1	10.4655504226685	-2.7258474826812704
GC10P-R2:CGTCTACGTAGCTAAA	GC10P-R2	5089.0	1827	0.07447436	Paratumor	P10	Smooth muscle cells	SMC_2	-4.5432024002075195	-13.2809791564941
GC10P-R2:CGTCTACGTGAGTGAC	GC10P-R2	3846.0	1376	0.14300571	Paratumor	P10	Smooth muscle cells	SMC_2	-4.41695165634155	-12.827448844909698
GC10P-R2:CGTCTACTCACGCGGT	GC10P-R2	991.0	468	0.24520686	Paratumor	P10	Fibroblasts	Fib_3	-5.01904773712158	4.49408531188965
GC10P-R2:CGTCTACTCAGCTTAG	GC10P-R2	4732.0	1986	0.03550296	Paratumor	P10	Fibroblasts	Fib_2	-4.81954336166382	9.93137741088867
GC10P-R2:CGTGAGCCAGATGGCA	GC10P-R2	1536.0	742	0.1438802	Paratumor	P10	Endothelial cells	Endo_3	9.52064418792725	1.8757441043853798
GC10P-R2:CGTGTAATCTTGACGA	GC10P-R2	4044.0	1513	0.03016815	Paratumor	P10	Fibroblasts	Fib_2	-4.9045672416687	10.048376083374
GC10P-R2:CGTTGGGCAACACGCC	GC10P-R2	1955.0	1034	0.1258312	Paratumor	P10	Myofibroblasts	Myofibroblasts	-8.455348014831541	0.5592302680015561
GC10P-R2:CGTTGGGCAAGAGGCT	GC10P-R2	1501.0	845	0.051965356	Paratumor	P10	Fibroblasts	Fib_4	-6.6831955909729	3.47081899642944
GC10P-R2:CGTTGGGTCAATAAGG	GC10P-R2	1818.0	877	0.08250825	Paratumor	P10	Fibroblasts	Fib_4	-5.48453664779663	3.67169451713562
GC10P-R2:CGTTGGGTCTCGGACG	GC10P-R2	2860.0	1361	0.03881119	Paratumor	P10	Endothelial cells	Endo_2	8.388975143432619	-3.3305926322937
GC10P-R2:CTAACTTGTACCTACA	GC10P-R2	3210.0	1460	0.032398753	Paratumor	P10	Endothelial cells	Endo_2	7.75121784210205	-3.29574728012085
GC10P-R2:CTAACTTTCGCATGGC	GC10P-R2	5488.0	1987	0.053207	Paratumor	P10	Fibroblasts	Fib_4	-9.825986862182619	3.5084245204925497
GC10P-R2:CTAAGACGTCCGTTAA	GC10P-R2	9524.0	2740	0.024149517	Paratumor	P10	Fibroblasts	Fib_2	-6.60402870178223	9.51162910461426
GC10P-R2:CTAAGACTCTCAAGTG	GC10P-R2	2440.0	1165	0.08893443	Paratumor	P10	Fibroblasts	Fib_4	-6.889013767242429	3.16693472862244
GC10P-R2:CTACACCAGGGCTCTC	GC10P-R2	2740.0	1139	0.2229927	Paratumor	P10	Endothelial cells	Endo_4	11.7558441162109	-7.1105461120605495
GC10P-R2:CTACACCCAGTCAGCC	GC10P-R2	3573.0	1571	0.050377835	Paratumor	P10	Endothelial cells	Endo_3	9.26085090637207	3.56093788146973
GC10P-R2:CTACACCTCACCTTAT	GC10P-R2	5687.0	1999	0.045190785	Paratumor	P10	Fibroblasts	Fib_2	-5.03478479385376	8.52505683898926
GC10P-R2:CTACATTCATGTCCTC	GC10P-R2	937.0	597	0.112059765	Paratumor	P10	Fibroblasts	Fib_3	-3.1424722671508802	8.157773017883299
GC10P-R2:CTACATTGTACGCACC	GC10P-R2	4199.0	1828	0.02214813	Paratumor	P10	Fibroblasts	Fib_2	-4.03208303451538	10.7441186904907
GC10P-R2:CTACATTTCATAAAGG	GC10P-R2	4679.0	1935	0.05150673	Paratumor	P10	Endothelial cells	Endo_2	8.54234027862549	-2.0614171028137203
GC10P-R2:CTACCCACATGGTTGT	GC10P-R2	4464.0	1983	0.076612905	Paratumor	P10	Smooth muscle cells	SMC_1	-0.0554022043943405	-11.2180776596069
GC10P-R2:CTAGCCTCAGCCTGTG	GC10P-R2	10774.0	3001	0.060144793	Paratumor	P10	Fibroblasts	Fib_5	-10.2758626937866	3.52123236656189
GC10P-R2:CTAGTGACAGATCCAT	GC10P-R2	2408.0	1286	0.075996675	Paratumor	P10	Endothelial cells	Endo_4	11.957166671752901	-6.22577667236328
GC10P-R2:CTAGTGATCCGAACGC	GC10P-R2	1938.0	1094	0.025799794	Paratumor	P10	Endothelial cells	Endo_4	11.2294311523438	-7.172245025634769
GC10P-R2:CTCATTAAGGGAACGG	GC10P-R2	2324.0	851	0.17340791	Paratumor	P10	Endothelial cells	Endo_3	8.6944637298584	2.52741026878357
GC10P-R2:CTCATTAGTAATTGGA	GC10P-R2	3914.0	1670	0.10270823	Paratumor	P10	Endothelial cells	Endo_2	8.28834915161133	-2.17075753211975
GC10P-R2:CTCCTAGTCTACCAGA	GC10P-R2	2752.0	1339	0.037790697	Paratumor	P10	Endothelial cells	Endo_2	8.33372497558594	-2.7369015216827406
GC10P-R2:CTCGAAAAGTGTACCT	GC10P-R2	1545.0	820	0.044012945	Paratumor	P10	Smooth muscle cells	SMC_2	-3.97515964508057	-12.2855319976807
GC10P-R2:CTCGAGGTCTGAAAGA	GC10P-R2	797.0	401	0.22835633	Paratumor	P10	Endothelial cells	Endo_1	8.968708992004391	1.14266502857208
GC10P-R2:CTCGGAGTCGGAGGTA	GC10P-R2	3057.0	1395	0.046450768	Paratumor	P10	Endothelial cells	Endo_2	8.77530670166016	-3.6714272499084504
GC10P-R2:CTCGGGACATCGACGC	GC10P-R2	2955.0	1088	0.21421319	Paratumor	P10	Fibroblasts	Fib_4	-6.84344625473022	3.4564483165741002
GC10P-R2:CTCGTACCAGGTCCAC	GC10P-R2	4706.0	1781	0.06481088	Paratumor	P10	Fibroblasts	Fib_2	-4.65054845809937	10.4952507019043
GC10P-R2:CTCTAATTCCGGCACA	GC10P-R2	2819.0	1120	0.063142955	Paratumor	P10	Fibroblasts	Fib_3	-3.9319634437561	6.94700813293457
GC10P-R2:CTCTACGAGCGTTCCG	GC10P-R2	4854.0	1792	0.0407911	Paratumor	P10	Fibroblasts	Fib_2	-5.825603485107419	8.96707248687744
GC10P-R2:CTCTGGTTCATGCATG	GC10P-R2	5732.0	2423	0.024598744	Paratumor	P10	Endothelial cells	Endo_3	11.186055183410598	0.8542155623435971
GC10P-R2:CTGAAGTCATATGAGA	GC10P-R2	3774.0	1686	0.03418124	Paratumor	P10	Endothelial cells	Endo_3	10.7926111221313	1.53313803672791
GC10P-R2:CTGATAGAGGATCGCA	GC10P-R2	2280.0	728	0.06666667	Paratumor	P10	Fibroblasts	Fib_3	-3.50014877319336	6.32010316848755
GC10P-R2:CTGCCTACAGCGTAAG	GC10P-R2	6298.0	2485	0.023975866	Paratumor	P10	Fibroblasts	Fib_2	-4.8095192909240705	11.1800451278687
GC10P-R2:CTGCCTATCGTACCGG	GC10P-R2	2714.0	1218	0.09064112	Paratumor	P10	Fibroblasts	Fib_4	-5.38865423202515	2.9016354084014906
GC10P-R2:CTGCGGACAGCTGTAT	GC10P-R2	3634.0	1359	0.07732526	Paratumor	P10	Endothelial cells	Endo_3	8.68873023986816	2.61519861221313
GC10P-R2:CTGTTTAAGGCGACAT	GC10P-R2	5049.0	1839	0.13349178	Paratumor	P10	Smooth muscle cells	SMC_2	-3.8635425567627	-13.920980453491199
GC10P-R2:CTGTTTAAGGGTATCG	GC10P-R2	3227.0	1385	0.054229934	Paratumor	P10	Fibroblasts	Fib_2	-3.54457950592041	9.2558479309082
GC10P-R2:CTGTTTATCCAGTAGT	GC10P-R2	5228.0	2111	0.11954858	Paratumor	P10	Smooth muscle cells	SMC_2	-4.22253084182739	-13.7420110702515
GC10P-R2:CTTACCGTCGCTAGCG	GC10P-R2	1117.0	575	0.16025068	Paratumor	P10	Fibroblasts	Fib_3	-4.74183464050293	4.55585241317749
GC10P-R2:CTTCTCTCACCAGCAC	GC10P-R2	1484.0	720	0.19474393	Paratumor	P10	Smooth muscle cells	SMC_2	-3.9504029750823997	-12.2230701446533
GC10P-R2:CTTGGCTAGATACACA	GC10P-R2	1037.0	507	0.06653809	Paratumor	P10	Fibroblasts	Fib_3	-3.0670092105865496	7.83516407012939
GC10P-R2:CTTTGCGGTAGCTTGT	GC10P-R2	2978.0	1575	0.04197448	Paratumor	P10	Endothelial cells	Endo_4	11.5602512359619	-6.63311529159546
GC10P-R2:CTTTGCGTCGGTCTAA	GC10P-R2	1556.0	721	0.13174807	Paratumor	P10	Fibroblasts	Fib_3	-3.4316165447235094	8.80641269683838
GC10P-R2:GAAACTCAGTTTCCTT	GC10P-R2	1470.0	609	0.1829932	Paratumor	P10	Fibroblasts	Fib_3	-3.4292807579040496	7.01829957962036
GC10P-R2:GAAATGAAGGGTCTCC	GC10P-R2	890.0	422	0.252809	Paratumor	P10	Fibroblasts	Fib_3	-3.9612374305725098	7.0816445350647
GC10P-R2:GAAATGAGTCTCAACA	GC10P-R2	3832.0	1505	0.06784969	Paratumor	P10	Smooth muscle cells	SMC_2	-4.581364154815669	-12.1877546310425
GC10P-R2:GAACATCGTAAACACA	GC10P-R2	4736.0	1880	0.02322635	Paratumor	P10	Fibroblasts	Fib_2	-5.401409149169919	9.45844745635986
GC10P-R2:GAACATCGTAGGCATG	GC10P-R2	2131.0	969	0.082590334	Paratumor	P10	Fibroblasts	Fib_3	-3.4801416397094704	8.83937931060791
GC10P-R2:GAACCTAAGAAGGTGA	GC10P-R2	5976.0	2239	0.061077643	Paratumor	P10	Endothelial cells	Endo_2	8.12330627441406	-3.37486577033997
GC10P-R2:GAACCTAAGACTCGGA	GC10P-R2	1234.0	693	0.020259319	Paratumor	P10	Fibroblasts	Fib_4	-6.764338493347171	3.73119020462036
GC10P-R2:GAACGGAAGCGATGAC	GC10P-R2	5669.0	2060	0.044099487	Paratumor	P10	Fibroblasts	Fib_4	-5.78084802627563	2.61725759506226
GC10P-R2:GAACGGACACGACTCG	GC10P-R2	10427.0	2579	0.025510693	Paratumor	P10	Fibroblasts	Fib_5	-11.6291818618774	3.3772766590118395
GC10P-R2:GAACGGAGTCTAGTGT	GC10P-R2	1793.0	943	0.100390404	Paratumor	P10	Fibroblasts	Fib_2	-3.36464428901672	8.562450408935549
GC10P-R2:GAATGAACAATGAAAC	GC10P-R2	12964.0	3747	0.04797902	Paratumor	P10	Endothelial cells	Endo_3	8.58579730987549	3.87433266639709
GC10P-R2:GACACGCCAAGCTGAG	GC10P-R2	6838.0	2185	0.04869845	Paratumor	P10	Fibroblasts	Fib_2	-4.81023597717285	9.64881420135498
GC10P-R2:GACCAATCAGTCGATT	GC10P-R2	5595.0	1994	0.03181412	Paratumor	P10	Endothelial cells	Endo_3	8.69454193115234	3.33533143997192
GC10P-R2:GACCAATCATTGGGCC	GC10P-R2	5356.0	2019	0.0315534	Paratumor	P10	Fibroblasts	Fib_4	-5.45285844802856	2.99607872962952
GC10P-R2:GACCAATTCTAACGGT	GC10P-R2	547.0	401	0.07129799	Paratumor	P10	Endothelial cells	Endo_1	9.88544178009033	-1.36498117446899
GC10P-R2:GACCTGGCACCACGTG	GC10P-R2	7065.0	2250	0.032696392	Paratumor	P10	Fibroblasts	Fib_4	-6.608211517333981	3.33966875076294
GC10P-R2:GACGGCTAGTCTCAAC	GC10P-R2	6964.0	2205	0.26177484	Paratumor	P10	Smooth muscle cells	SMC_2	-4.429194927215581	-13.3262453079224
GC10P-R2:GACGTGCCAATGGACG	GC10P-R2	1691.0	966	0.060910705	Paratumor	P10	Endothelial cells	Endo_2	8.91088581085205	-2.8765487670898398
GC10P-R2:GACGTTACATGGGAAC	GC10P-R2	3980.0	1299	0.19447236	Paratumor	P10	Fibroblasts	Fib_4	-10.4369821548462	3.58515596389771
GC10P-R2:GACTAACAGCTATGCT	GC10P-R2	9302.0	2978	0.044721566	Paratumor	P10	Fibroblasts	Fib_2	-5.77441310882568	10.2845411300659
GC10P-R2:GACTACACATCAGTCA	GC10P-R2	3895.0	1697	0.033119384	Paratumor	P10	Endothelial cells	Endo_2	9.600748062133789	-3.55331301689148
GC10P-R2:GACTGCGCAAGTTCTG	GC10P-R2	1605.0	640	0.1894081	Paratumor	P10	Smooth muscle cells	SMC_2	-4.02050113677979	-12.716956138610803
GC10P-R2:GACTGCGGTAGCAAAT	GC10P-R2	5833.0	2525	0.031201784	Paratumor	P10	Endothelial cells	Endo_4	12.4410934448242	-6.39621925354004
GC10P-R2:GAGGTGAGTGCAGACA	GC10P-R2	5724.0	1935	0.036338225	Paratumor	P10	Fibroblasts	Fib_2	-4.03175067901611	10.1074256896973
GC10P-R2:GAGTCCGTCAGTACGT	GC10P-R2	3173.0	1419	0.08509297	Paratumor	P10	Smooth muscle cells	SMC_2	-3.1619174480438197	-13.424919128417999
GC10P-R2:GATCGATCATGGATGG	GC10P-R2	5534.0	2167	0.024575353	Paratumor	P10	Fibroblasts	Fib_2	-4.7406516075134295	9.9734468460083
GC10P-R2:GATCGCGAGTGTACCT	GC10P-R2	763.0	466	0.09567497	Paratumor	P10	Fibroblasts	Fib_3	-3.12166953086853	7.660455226898191
GC10P-R2:GATCGCGCACAGAGGT	GC10P-R2	860.0	481	0.1744186	Paratumor	P10	Endothelial cells	Endo_1	9.29971981048584	-0.28118675947189303
GC10P-R2:GATCGCGGTCTAAACC	GC10P-R2	2578.0	1303	0.040729247	Paratumor	P10	Endothelial cells	Endo_2	8.15911865234375	-3.0653338432312
GC10P-R2:GATCGTAGTATAAACG	GC10P-R2	4544.0	1772	0.11707746	Paratumor	P10	Smooth muscle cells	SMC_2	-4.14764308929443	-12.944774627685499
GC10P-R2:GATCGTAGTCAGATAA	GC10P-R2	6177.0	2233	0.027035778	Paratumor	P10	Endothelial cells	Endo_3	10.0817546844482	1.1234006881713898
GC10P-R2:GATCTAGAGCATGGCA	GC10P-R2	581.0	336	0.29432014	Paratumor	P10	Fibroblasts	Fib_3	-6.41537237167358	4.14760637283325
GC10P-R2:GATCTAGAGCTCTCGG	GC10P-R2	5592.0	2063	0.097639486	Paratumor	P10	Fibroblasts	Fib_2	-4.70414018630981	10.7496166229248
GC10P-R2:GATGAGGGTCAGAGGT	GC10P-R2	2062.0	1180	0.04655674	Paratumor	P10	Endothelial cells	Endo_2	9.120463371276859	-3.05230164527893
GC10P-R2:GATGAGGTCTAGAGTC	GC10P-R2	1774.0	904	0.11555806	Paratumor	P10	Fibroblasts	Fib_4	-6.83725833892822	3.57170414924622
GC10P-R2:GATGCTAGTTACGCGC	GC10P-R2	4123.0	1737	0.030802814	Paratumor	P10	Fibroblasts	Fib_2	-4.79458999633789	10.2336587905884
GC10P-R2:GATGCTATCTGGCGAC	GC10P-R2	3391.0	1545	0.057210263	Paratumor	P10	Endothelial cells	Endo_2	7.70121192932129	-2.99057173728943
GC10P-R2:GATTCAGAGAATCTCC	GC10P-R2	4066.0	1778	0.048450567	Paratumor	P10	Fibroblasts	Fib_2	-4.58760643005371	11.1665773391724
GC10P-R2:GATTCAGTCTACCTGC	GC10P-R2	3552.0	1363	0.04391892	Paratumor	P10	Endothelial cells	Endo_3	8.588854789733888	2.80767560005188
GC10P-R2:GCAAACTAGGTGCTTT	GC10P-R2	3960.0	1826	0.032070708	Paratumor	P10	Endothelial cells	Endo_2	8.96646022796631	-2.72196674346924
GC10P-R2:GCAAACTTCTGATACG	GC10P-R2	5395.0	1979	0.08489342	Paratumor	P10	Smooth muscle cells	SMC_2	-3.8728256225585898	-13.558479309082001
GC10P-R2:GCACATATCCAGATCA	GC10P-R2	4508.0	1991	0.05612245	Paratumor	P10	Fibroblasts	Fib_2	-5.3355827331542995	10.6787986755371
GC10P-R2:GCACTCTTCAACGGGA	GC10P-R2	1934.0	718	0.09875905	Paratumor	P10	Fibroblasts	Fib_3	-3.4930727481842	6.85990715026855
GC10P-R2:GCAGCCACAGCGTAAG	GC10P-R2	1919.0	1127	0.08441897	Paratumor	P10	Endothelial cells	Endo_2	10.150616645813	-4.45709037780762
GC10P-R2:GCAGCCACAGTATCTG	GC10P-R2	6022.0	2371	0.04118233	Paratumor	P10	Endothelial cells	Endo_3	9.21787738800049	3.68586611747742
GC10P-R2:GCAGTTAAGATGCGAC	GC10P-R2	1671.0	614	0.13943747	Paratumor	P10	Fibroblasts	Fib_3	-4.29093456268311	4.95163869857788
GC10P-R2:GCAGTTAAGGGCTTCC	GC10P-R2	3343.0	1524	0.058031708	Paratumor	P10	Endothelial cells	Endo_4	12.4770994186401	-6.64824676513672
GC10P-R2:GCAGTTAGTTACGGAG	GC10P-R2	6170.0	2297	0.065478116	Paratumor	P10	Fibroblasts	Fib_2	-4.8797097206115705	10.1456480026245
GC10P-R2:GCATACACAAAGTCAA	GC10P-R2	4185.0	1468	0.055913977	Paratumor	P10	Fibroblasts	Fib_2	-3.75963139533997	8.256275177001951
GC10P-R2:GCATACATCCTGTAGA	GC10P-R2	4240.0	1873	0.025471698	Paratumor	P10	Fibroblasts	Fib_2	-5.83838033676147	10.9234952926636
GC10P-R2:GCATGATAGCCAGTTT	GC10P-R2	2447.0	1237	0.07151614	Paratumor	P10	Endothelial cells	Endo_2	8.78928852081299	-3.39948797225952
GC10P-R2:GCATGATCATGGTCTA	GC10P-R2	7979.0	2034	0.07419476	Paratumor	P10	Smooth muscle cells	SMC_2	-4.6871638298034695	-12.076666831970199
GC10P-R2:GCATGTAGTATTAGCC	GC10P-R2	2487.0	1322	0.03256936	Paratumor	P10	Endothelial cells	Endo_4	11.9688234329224	-7.302081108093259
GC10P-R2:GCGAGAAGTATAGGGC	GC10P-R2	3318.0	1468	0.0840868	Paratumor	P10	Endothelial cells	Endo_2	8.90555477142334	-1.5587637424469
GC10P-R2:GCGAGAATCCAGAAGG	GC10P-R2	6045.0	2334	0.063689	Paratumor	P10	Endothelial cells	Endo_2	7.99273252487183	-3.30099844932556
GC10P-R2:GCGCAACGTGCTAGCC	GC10P-R2	3548.0	1459	0.041149944	Paratumor	P10	Fibroblasts	Fib_2	-3.5403168201446498	9.92541599273682
GC10P-R2:GCGCCAAAGCGTAGTG	GC10P-R2	4993.0	1941	0.02543561	Paratumor	P10	Fibroblasts	Fib_4	-6.42673635482788	2.46762561798096
GC10P-R2:GCGCGATAGCACGCCT	GC10P-R2	2828.0	1422	0.02758133	Paratumor	P10	Endothelial cells	Endo_2	9.60084819793701	-4.4421243667602495
GC10P-R2:GCGGGTTAGCGATGAC	GC10P-R2	6567.0	2423	0.025277905	Paratumor	P10	Endothelial cells	Endo_4	12.0011596679688	-6.62644004821777
GC10P-R2:GCGGGTTGTCCTCTTG	GC10P-R2	1977.0	1052	0.077389985	Paratumor	P10	Endothelial cells	Endo_2	9.5736026763916	-2.20128726959229
GC10P-R2:GCGGGTTTCTTAACCT	GC10P-R2	4852.0	1994	0.047403134	Paratumor	P10	Endothelial cells	Endo_3	10.118400573730499	2.96473073959351
GC10P-R2:GCTCCTAGTATCTGCA	GC10P-R2	1118.0	672	0.14132379	Paratumor	P10	Fibroblasts	Fib_3	-3.33898973464966	8.56000709533691
GC10P-R2:GCTGCGACATTTGCCC	GC10P-R2	2546.0	1278	0.04516889	Paratumor	P10	Endothelial cells	Endo_2	8.232617378234862	-3.2475774288177504
GC10P-R2:GCTGCGAGTGCGCTTG	GC10P-R2	4675.0	1888	0.03828877	Paratumor	P10	Fibroblasts	Fib_2	-5.25370931625366	10.900758743286099
GC10P-R2:GCTGCGATCAATCACG	GC10P-R2	2883.0	1192	0.092611864	Paratumor	P10	Endothelial cells	Endo_2	8.34580135345459	-2.00810670852661
GC10P-R2:GCTGCTTAGGACAGAA	GC10P-R2	1176.0	531	0.2287415	Paratumor	P10	Fibroblasts	Fib_3	-3.43894577026367	7.4047737121582005
GC10P-R2:GCTGCTTCATCCAACA	GC10P-R2	4367.0	1975	0.051522784	Paratumor	P10	Endothelial cells	Endo_2	10.624828338623	-0.239993616938591
GC10P-R2:GCTGCTTTCGCAAACT	GC10P-R2	6425.0	2573	0.038754866	Paratumor	P10	Endothelial cells	Endo_2	11.1772937774658	-1.49111080169678
GC10P-R2:GCTTCCAAGAGCAATT	GC10P-R2	4146.0	1743	0.07308249	Paratumor	P10	Smooth muscle cells	SMC_2	-3.7129368782043497	-13.4605131149292
GC10P-R2:GCTTCCACAAGTAATG	GC10P-R2	6261.0	2137	0.20587766	Paratumor	P10	Endothelial cells	Endo_4	12.3587589263916	-6.197003364562991
GC10P-R2:GCTTCCACACTTACGA	GC10P-R2	4837.0	1727	0.114533804	Paratumor	P10	Endothelial cells	Endo_3	8.31986045837402	3.47734785079956
GC10P-R2:GCTTGAACAAATACAG	GC10P-R2	4383.0	1470	0.15263519	Paratumor	P10	Smooth muscle cells	SMC_2	-4.73708820343018	-13.173668861389197
GC10P-R2:GGAAAGCTCTATCGCC	GC10P-R2	4318.0	1751	0.030569708	Paratumor	P10	Fibroblasts	Fib_2	-4.32135486602783	10.145808219909698
GC10P-R2:GGAACTTTCACTCTTA	GC10P-R2	5482.0	2116	0.03210507	Paratumor	P10	Endothelial cells	Endo_2	9.28596305847168	-0.818038702011108
GC10P-R2:GGAATAACACTGCCAG	GC10P-R2	4746.0	1766	0.039190896	Paratumor	P10	Fibroblasts	Fib_2	-5.11857652664185	10.1479349136353
GC10P-R2:GGACAGACAATGAATG	GC10P-R2	2702.0	1125	0.15766099	Paratumor	P10	Endothelial cells	Endo_3	9.47165489196777	1.73119652271271
GC10P-R2:GGACAGAGTTGGTAAA	GC10P-R2	5550.0	2279	0.03135135	Paratumor	P10	Endothelial cells	Endo_2	9.19355773925781	-1.08482873439789
GC10P-R2:GGACATTCACGGTGTC	GC10P-R2	5360.0	1696	0.06436567	Paratumor	P10	Smooth muscle cells	SMC_2	-4.7535080909729	-12.3466186523438
GC10P-R2:GGACGTCGTCGAGTTT	GC10P-R2	1181.0	670	0.029635902	Paratumor	P10	Fibroblasts	Fib_4	-6.7529582977294895	3.87518978118896
GC10P-R2:GGAGCAAAGAGACTTA	GC10P-R2	4277.0	1751	0.046995558	Paratumor	P10	Fibroblasts	Fib_2	-4.48862361907959	9.99283695220947
GC10P-R2:GGAGCAACAAATACAG	GC10P-R2	933.0	458	0.29367632	Paratumor	P10	Fibroblasts	Fib_3	-4.04522037506104	7.43342161178589
GC10P-R2:GGAGCAAGTTTGACTG	GC10P-R2	1064.0	612	0.15319549	Paratumor	P10	Endothelial cells	Endo_1	9.2524881362915	-2.70890831947327
GC10P-R2:GGATGTTTCATAACCG	GC10P-R2	2960.0	1135	0.27736485	Paratumor	P10	Endothelial cells	Endo_2	8.011440277099611	-3.91163873672485
GC10P-R2:GGATGTTTCGAATCCA	GC10P-R2	8653.0	2794	0.03085635	Paratumor	P10	Endothelial cells	Endo_3	9.47609710693359	3.4103450775146498
GC10P-R2:GGCAATTCAATCTGCA	GC10P-R2	865.0	457	0.11098266	Paratumor	P10	Endothelial cells	Endo_1	9.21820545196533	-0.311999440193176
GC10P-R2:GGCCGATAGAGACGAA	GC10P-R2	2548.0	1195	0.08124019	Paratumor	P10	Endothelial cells	Endo_1	9.90450477600098	-0.44589513540267894
GC10P-R2:GGCCGATGTTCTGGTA	GC10P-R2	4304.0	1633	0.03578067	Paratumor	P10	Endothelial cells	Endo_3	8.66538238525391	2.92992949485779
GC10P-R2:GGCGACTGTGATGCCC	GC10P-R2	3551.0	1221	0.042804845	Paratumor	P10	Fibroblasts	Fib_3	-4.35240745544434	4.95931339263916
GC10P-R2:GGCGACTTCTGTCTAT	GC10P-R2	3851.0	1558	0.096338615	Paratumor	P10	Smooth muscle cells	SMC_1	0.6927245855331421	-9.844536781311039
GC10P-R2:GGCTGGTCACAGAGGT	GC10P-R2	1092.0	689	0.11080586	Paratumor	P10	Endothelial cells	Endo_2	9.13687324523926	-2.79230785369873
GC10P-R2:GGGAATGCAAGCGAGT	GC10P-R2	7701.0	2617	0.03142449	Paratumor	P10	Fibroblasts	Fib_4	-5.26965379714966	2.40178465843201
GC10P-R2:GGGAATGTCGGCGCAT	GC10P-R2	3431.0	1579	0.032643545	Paratumor	P10	Endothelial cells	Endo_2	8.15783023834229	-2.88237833976746
GC10P-R2:GGGAATGTCTGTCTAT	GC10P-R2	13097.0	2984	0.03771856	Paratumor	P10	Fibroblasts	Fib_5	-11.413633346557601	3.69489789009094
GC10P-R2:GGGAGATCATAAGACA	GC10P-R2	4432.0	1745	0.06272563	Paratumor	P10	Fibroblasts	Fib_2	-5.742408275604251	9.09567546844482
GC10P-R2:GGGAGATTCTGATTCT	GC10P-R2	2639.0	1368	0.02387268	Paratumor	P10	Endothelial cells	Endo_2	8.42540454864502	-3.50861001014709
GC10P-R2:GGGATGAGTACAGCAG	GC10P-R2	2487.0	767	0.24286288	Paratumor	P10	Smooth muscle cells	SMC_2	-4.18952322006226	-12.624108314514197
GC10P-R2:GGGATGATCTTGTACT	GC10P-R2	6479.0	2139	0.045686062	Paratumor	P10	Fibroblasts	Fib_4	-5.67686128616333	2.98164105415344
GC10P-R2:GGGCATCCACATCCAA	GC10P-R2	1424.0	781	0.119382024	Paratumor	P10	Fibroblasts	Fib_3	-3.21434569358826	8.59752750396729
GC10P-R2:GGGCATCTCCTTTACA	GC10P-R2	3825.0	1702	0.054379083	Paratumor	P10	Endothelial cells	Endo_2	8.74809265136719	-3.78392195701599
GC10P-R2:GGGTTGCCACTTGGAT	GC10P-R2	1708.0	907	0.10128806	Paratumor	P10	Endothelial cells	Endo_3	8.89217758178711	2.39380431175232
GC10P-R2:GGGTTGCGTTACGGAG	GC10P-R2	8421.0	2561	0.035506472	Paratumor	P10	Fibroblasts	Fib_5	-11.590914726257301	2.91658353805542
GC10P-R2:GGTGAAGTCGGCGGTT	GC10P-R2	1308.0	773	0.03211009	Paratumor	P10	Endothelial cells	Endo_4	10.840982437133801	-7.06838321685791
GC10P-R2:GGTGCGTCAGCTCCGA	GC10P-R2	825.0	351	0.11878788	Paratumor	P10	Fibroblasts	Fib_3	-3.33080697059631	6.650409698486331
GC10P-R2:GGTGCGTGTAATCGTC	GC10P-R2	4747.0	1851	0.1710554	Paratumor	P10	Fibroblasts	Fib_2	-5.06821060180664	10.531050682067901
GC10P-R2:GTAACTGAGTCGTTTG	GC10P-R2	1137.0	577	0.12840809	Paratumor	P10	Endothelial cells	Endo_1	9.135844230651859	-1.28512847423553
GC10P-R2:GTACTCCAGGTGGGTT	GC10P-R2	4083.0	1508	0.06490326	Paratumor	P10	Smooth muscle cells	SMC_2	-4.1394248008728	-11.9048357009888
GC10P-R2:GTACTCCCAGGTCTCG	GC10P-R2	2155.0	1094	0.04547564	Paratumor	P10	Smooth muscle cells	SMC_2	-3.8660218715667702	-12.6154336929321
GC10P-R2:GTACTTTCAGTCGATT	GC10P-R2	3847.0	1789	0.092279695	Paratumor	P10	Endothelial cells	Endo_2	8.28722095489502	-3.27415227890015
GC10P-R2:GTACTTTGTGGTAACG	GC10P-R2	5879.0	1968	0.091171965	Paratumor	P10	Smooth muscle cells	SMC_2	-4.786781311035161	-13.009973526001
GC10P-R2:GTAGGCCAGGCCATAG	GC10P-R2	5659.0	2147	0.05212935	Paratumor	P10	Fibroblasts	Fib_2	-4.04943704605103	10.7211923599243
GC10P-R2:GTAGGCCTCGCATGAT	GC10P-R2	10741.0	2628	0.03491295	Paratumor	P10	Fibroblasts	Fib_5	-11.6722955703735	3.10316205024719
GC10P-R2:GTAGTCATCCCAACGG	GC10P-R2	7787.0	2304	0.03184795	Paratumor	P10	Fibroblasts	Fib_5	-10.4454078674316	3.54615664482117
GC10P-R2:GTAGTCATCGTCTGCT	GC10P-R2	2497.0	1226	0.12054466	Paratumor	P10	Endothelial cells	Endo_2	8.406735420227049	-3.65649151802063
GC10P-R2:GTATCTTAGATCCTGT	GC10P-R2	983.0	608	0.0681587	Paratumor	P10	Endothelial cells	Endo_1	8.92621898651123	-2.15694069862366
GC10P-R2:GTATCTTCAGCCTTGG	GC10P-R2	2074.0	1125	0.016875602	Paratumor	P10	Endothelial cells	Endo_2	9.676084518432619	-4.50924015045166
GC10P-R2:GTATTCTCAAACTGCT	GC10P-R2	4709.0	1926	0.04077299	Paratumor	P10	Fibroblasts	Fib_2	-4.7688093185424805	11.125913619995101
GC10P-R2:GTCACAAAGTGCCAGA	GC10P-R2	1120.0	533	0.19821429	Paratumor	P10	Fibroblasts	Fib_3	-3.1956214904785196	7.65554666519165
GC10P-R2:GTCATTTTCCACGACG	GC10P-R2	3590.0	1485	0.023119777	Paratumor	P10	Fibroblasts	Fib_2	-3.8539340496063197	10.1570320129395
GC10P-R2:GTCCTCAGTCGCATAT	GC10P-R2	2662.0	1461	0.052967694	Paratumor	P10	Endothelial cells	Endo_2	8.47842216491699	-3.60733008384705
GC10P-R2:GTCGGGTGTCGCGGTT	GC10P-R2	3531.0	1601	0.024355706	Paratumor	P10	Endothelial cells	Endo_2	8.623875617980959	-2.53753209114075
GC10P-R2:GTCGTAATCTATCCCG	GC10P-R2	3935.0	1450	0.17102922	Paratumor	P10	Endothelial cells	Endo_3	10.124852180481	1.68243634700775
GC10P-R2:GTCGTAATCTTCCTTC	GC10P-R2	2887.0	1423	0.056459993	Paratumor	P10	Fibroblasts	Fib_4	-8.019993782043459	3.24565863609314
GC10P-R2:GTCTTCGAGATCTGCT	GC10P-R2	4903.0	1846	0.028757904	Paratumor	P10	Fibroblasts	Fib_2	-5.40029764175415	9.86012935638428
GC10P-R2:GTCTTCGCACATTAGC	GC10P-R2	3602.0	1407	0.050527483	Paratumor	P10	Fibroblasts	Fib_2	-3.5722060203552206	9.62206172943115
GC10P-R2:GTCTTCGTCTAACTGG	GC10P-R2	2925.0	1311	0.08239316	Paratumor	P10	Fibroblasts	Fib_2	-4.3269190788269	9.83591079711914
GC10P-R2:GTGCGGTCATATGGTC	GC10P-R2	2040.0	1223	0.031862747	Paratumor	P10	Endothelial cells	Endo_4	11.622540473938	-6.917752265930179
GC10P-R2:GTGCGGTGTCGCGTGT	GC10P-R2	4053.0	1850	0.025906736	Paratumor	P10	Fibroblasts	Fib_2	-4.59318590164185	10.6598310470581
GC10P-R2:GTGGGTCCATAAGACA	GC10P-R2	2682.0	1249	0.058538403	Paratumor	P10	Endothelial cells	Endo_2	8.01694774627686	-2.93894815444946
GC10P-R2:GTGTGCGTCATCGATG	GC10P-R2	3383.0	1514	0.039018624	Paratumor	P10	Fibroblasts	Fib_4	-6.86947965621948	2.6063268184661896
GC10P-R2:GTTACAGAGGCGATAC	GC10P-R2	5313.0	1808	0.030679466	Paratumor	P10	Fibroblasts	Fib_2	-4.34889316558838	9.76429843902588
GC10P-R2:GTTACAGTCAGAGCTT	GC10P-R2	2299.0	1225	0.03827751	Paratumor	P10	Endothelial cells	Endo_2	8.25690364837646	-2.64852666854858
GC10P-R2:GTTCATTTCTCCCTGA	GC10P-R2	1005.0	568	0.18308458	Paratumor	P10	Endothelial cells	Endo_1	9.2011833190918	-0.904431581497192
GC10P-R2:GTTCGGGAGGTGCTAG	GC10P-R2	2967.0	1209	0.07313785	Paratumor	P10	Fibroblasts	Fib_2	-4.18632411956787	9.72956848144531
GC10P-R2:GTTTCTAAGATTACCC	GC10P-R2	10015.0	2816	0.0439341	Paratumor	P10	Fibroblasts	Fib_4	-6.3502669334411594	2.3557589054107697
GC10P-R2:GTTTCTATCAGATAAG	GC10P-R2	6076.0	2177	0.03620803	Paratumor	P10	Fibroblasts	Fib_2	-5.60155820846558	9.24754524230957
GC10P-R2:TAAACCGGTCAGGACA	GC10P-R2	7068.0	2227	0.032258064	Paratumor	P10	Fibroblasts	Fib_4	-5.55285978317261	3.02787804603577
GC10P-R2:TAAACCGTCTGTACGA	GC10P-R2	4901.0	1993	0.035706997	Paratumor	P10	Endothelial cells	Endo_3	10.558856964111301	2.4113101959228502
GC10P-R2:TAAGAGACAGATCGGA	GC10P-R2	2159.0	1075	0.033348773	Paratumor	P10	Endothelial cells	Endo_3	9.70923614501953	2.7908518314361603
GC10P-R2:TAAGTGCGTGTAATGA	GC10P-R2	736.0	494	0.09375	Paratumor	P10	Endothelial cells	Endo_4	10.722908020019501	-7.01030397415161
GC10P-R2:TACAGTGAGACATAAC	GC10P-R2	8115.0	2409	0.039679606	Paratumor	P10	Endothelial cells	Endo_3	8.44195461273193	4.01993370056152
GC10P-R2:TACAGTGGTTTGTTTC	GC10P-R2	4110.0	1755	0.037956204	Paratumor	P10	Fibroblasts	Fib_2	-3.95146942138672	10.8222103118896
GC10P-R2:TACCTATAGTGGACGT	GC10P-R2	4411.0	1839	0.02811154	Paratumor	P10	Fibroblasts	Fib_2	-4.1954050064086905	11.0906105041504
GC10P-R2:TACCTATGTAGGCATG	GC10P-R2	6079.0	2402	0.02911663	Paratumor	P10	Endothelial cells	Endo_4	12.0597982406616	-6.4793267250061
GC10P-R2:TACGGGCGTCCGAGTC	GC10P-R2	4964.0	1769	0.019540694	Paratumor	P10	Fibroblasts	Fib_2	-4.28687524795532	9.84627437591553
GC10P-R2:TACGGTAGTTAAGACA	GC10P-R2	5052.0	2093	0.034045924	Paratumor	P10	Endothelial cells	Endo_1	10.092719078063999	-2.5103950500488303
GC10P-R2:TACTCATTCGTCACGG	GC10P-R2	7110.0	2205	0.03853727	Paratumor	P10	Fibroblasts	Fib_2	-4.11605310440063	10.063605308532699
GC10P-R2:TACTCGCCAAGCGATG	GC10P-R2	5215.0	1741	0.06807287	Paratumor	P10	Smooth muscle cells	SMC_2	-4.31043577194214	-11.9456148147583
GC10P-R2:TACTCGCGTCTTGATG	GC10P-R2	5301.0	1897	0.046783626	Paratumor	P10	Fibroblasts	Fib_5	-11.0931835174561	3.4037842750549303
GC10P-R2:TACTTACGTGCACGAA	GC10P-R2	3081.0	1320	0.05550146	Paratumor	P10	Endothelial cells	Endo_2	9.46181392669678	-3.7539165019989
GC10P-R2:TACTTGTTCAATACCG	GC10P-R2	3372.0	1232	0.09489917	Paratumor	P10	Smooth muscle cells	SMC_2	-4.53056383132935	-12.074100494384801
GC10P-R2:TACTTGTTCAGCTCGG	GC10P-R2	793.0	392	0.2736444	Paratumor	P10	Fibroblasts	Fib_3	-4.84465456008911	4.838997840881349
GC10P-R2:TAGAGCTAGAGGTTGC	GC10P-R2	5117.0	1756	0.04768419	Paratumor	P10	Endothelial cells	Endo_3	8.586841583251951	2.7794141769409197
GC10P-R2:TAGAGCTAGAGTGACC	GC10P-R2	9165.0	2593	0.021058375	Paratumor	P10	Fibroblasts	Fib_5	-10.5227584838867	3.5413396358490004
GC10P-R2:TAGCCGGCATCCGCGA	GC10P-R2	10633.0	3318	0.04100442	Paratumor	P10	Endothelial cells	Endo_2	10.425926208496099	-0.6608638763427729
GC10P-R2:TAGCCGGTCGTCTGCT	GC10P-R2	4230.0	1718	0.035933807	Paratumor	P10	Fibroblasts	Fib_2	-4.52710151672363	10.9711503982544
GC10P-R2:TAGGCATCAATCTACG	GC10P-R2	3594.0	1481	0.043405674	Paratumor	P10	Fibroblasts	Fib_4	-6.412517547607419	2.42434024810791
GC10P-R2:TAGTGGTAGACAATAC	GC10P-R2	6296.0	2469	0.03970775	Paratumor	P10	Fibroblasts	Fib_2	-5.41223001480103	10.498568534851099
GC10P-R2:TAGTTGGCACGGACAA	GC10P-R2	4612.0	1621	0.16478752	Paratumor	P10	Fibroblasts	Fib_4	-7.3889365196228	2.8914372920990004
GC10P-R2:TAGTTGGTCCTGCCAT	GC10P-R2	2387.0	1326	0.038123168	Paratumor	P10	Endothelial cells	Endo_2	9.16014575958252	-3.3149819374084504
GC10P-R2:TATCAGGCATCGATTG	GC10P-R2	10045.0	2992	0.02618218	Paratumor	P10	Fibroblasts	Fib_4	-5.84737491607666	4.06062889099121
GC10P-R2:TATCAGGGTCACCTAA	GC10P-R2	3464.0	1392	0.064665124	Paratumor	P10	Smooth muscle cells	SMC_1	-2.3625109195709197	-13.273841857910199
GC10P-R2:TATTACCCAGTTCCCT	GC10P-R2	4265.0	1558	0.10855803	Paratumor	P10	Smooth muscle cells	SMC_2	-4.51265859603882	-13.198839187622099
GC10P-R2:TATTACCTCGGAGGTA	GC10P-R2	3168.0	1207	0.16193181	Paratumor	P10	Fibroblasts	Fib_2	-3.53650403022766	9.47343158721924
GC10P-R2:TCAACGAAGTGAATTG	GC10P-R2	1677.0	830	0.09838998	Paratumor	P10	Endothelial cells	Endo_4	11.2976160049438	-7.29223775863647
GC10P-R2:TCAACGACAAGAGGCT	GC10P-R2	1614.0	895	0.06381661	Paratumor	P10	Endothelial cells	Endo_4	11.3798494338989	-7.10283327102661
GC10P-R2:TCAACGACAGGCTCAC	GC10P-R2	4496.0	1631	0.26757118	Paratumor	P10	Endothelial cells	Endo_2	10.943800926208501	-5.46724605560303
GC10P-R2:TCAACGATCCTTTCGG	GC10P-R2	931.0	453	0.20408164	Paratumor	P10	Fibroblasts	Fib_3	-3.23194646835327	7.50628900527954
GC10P-R2:TCAATCTCAGATTGCT	GC10P-R2	1843.0	721	0.14975584	Paratumor	P10	Fibroblasts	Fib_3	-3.70283699035645	7.17331314086914
GC10P-R2:TCACAAGAGCGTGTCC	GC10P-R2	2469.0	1111	0.01782098	Paratumor	P10	Fibroblasts	Fib_2	-4.24367380142212	9.25064373016357
GC10P-R2:TCACAAGCAGTCTTCC	GC10P-R2	1387.0	682	0.15789473	Paratumor	P10	Fibroblasts	Fib_3	-4.77393531799316	4.4385066032409695
GC10P-R2:TCAGATGAGTCAATAG	GC10P-R2	6930.0	2500	0.03044733	Paratumor	P10	Endothelial cells	Endo_2	8.34230613708496	-2.2615008354187003
GC10P-R2:TCAGATGTCCAAAGTC	GC10P-R2	4614.0	1845	0.047030777	Paratumor	P10	Fibroblasts	Fib_2	-4.41186714172363	10.4622430801392
GC10P-R2:TCAGATGTCTTACCGC	GC10P-R2	2997.0	1213	0.06339673	Paratumor	P10	Fibroblasts	Fib_3	-3.89758205413818	9.0028657913208
GC10P-R2:TCAGCAATCATATCGG	GC10P-R2	1962.0	650	0.15749235	Paratumor	P10	Fibroblasts	Fib_3	-4.14100885391235	5.16213846206665
GC10P-R2:TCAGCTCAGTCCGTAT	GC10P-R2	3273.0	1608	0.053162236	Paratumor	P10	Endothelial cells	Endo_2	7.84037590026855	-2.9331843852996804
GC10P-R2:TCAGCTCTCTCGCATC	GC10P-R2	1311.0	610	0.15713196	Paratumor	P10	Fibroblasts	Fib_3	-4.52024793624878	4.62178516387939
GC10P-R2:TCAGGATAGAGCCCAA	GC10P-R2	4696.0	1718	0.10178876	Paratumor	P10	Smooth muscle cells	SMC_2	-3.69259548187256	-13.5652666091919
GC10P-R2:TCAGGATCAATGGAAT	GC10P-R2	2159.0	1237	0.052802224	Paratumor	P10	Endothelial cells	Endo_2	8.94570350646973	-3.7651641368866002
GC10P-R2:TCAGGATTCAAGATCC	GC10P-R2	1075.0	441	0.21581395	Paratumor	P10	Fibroblasts	Fib_3	-3.32966947555542	6.77341794967651
GC10P-R2:TCAGGTATCAACGAAA	GC10P-R2	2614.0	1333	0.042463657	Paratumor	P10	Endothelial cells	Endo_4	11.302216529846199	-6.7757272720336905
GC10P-R2:TCATTTGAGAGTACAT	GC10P-R2	1832.0	1003	0.050764192	Paratumor	P10	Endothelial cells	Endo_2	8.76492500305176	-3.06025171279907
GC10P-R2:TCATTTGCAGACACTT	GC10P-R2	4114.0	1691	0.124210015	Paratumor	P10	Smooth muscle cells	SMC_1	0.9831761717796329	-11.5539817810059
GC10P-R2:TCATTTGCATATGCTG	GC10P-R2	4014.0	1669	0.025660189	Paratumor	P10	Fibroblasts	Fib_4	-6.68716049194336	2.37324094772339
GC10P-R2:TCATTTGGTTCAGTAC	GC10P-R2	8521.0	2767	0.040370848	Paratumor	P10	Endothelial cells	Endo_3	10.0637617111206	2.80090594291687
GC10P-R2:TCATTTGTCATCACCC	GC10P-R2	3458.0	1433	0.04945055	Paratumor	P10	Endothelial cells	Endo_2	9.74593448638916	-4.288012027740479
GC10P-R2:TCCACACAGCCTCGTG	GC10P-R2	4857.0	1783	0.07370805	Paratumor	P10	Smooth muscle cells	SMC_2	-3.6855132579803502	-13.228610038757301
GC10P-R2:TCCACACGTCTGCCAG	GC10P-R2	1855.0	864	0.12506738	Paratumor	P10	Endothelial cells	Endo_1	9.18361568450928	-1.0024774074554401
GC10P-R2:TCCACACTCTGGTATG	GC10P-R2	3284.0	1552	0.050243605	Paratumor	P10	Endothelial cells	Endo_2	8.880998611450199	-2.88091015815735
GC10P-R2:TCCCGATTCAGTCAGT	GC10P-R2	3356.0	1475	0.038736593	Paratumor	P10	Fibroblasts	Fib_2	-4.51246500015259	10.798676490783699
GC10P-R2:TCGAGGCAGTTTCCTT	GC10P-R2	7308.0	2723	0.023399014	Paratumor	P10	Endothelial cells	Endo_4	11.78307056427	-6.34571170806885
GC10P-R2:TCGCGAGGTCCGAGTC	GC10P-R2	3524.0	1700	0.05817253	Paratumor	P10	Endothelial cells	Endo_2	9.51015090942383	-1.30393993854523
GC10P-R2:TCGTACCAGGTCATCT	GC10P-R2	3420.0	1444	0.041812867	Paratumor	P10	Fibroblasts	Fib_2	-4.98821783065796	9.37436771392822
GC10P-R2:TCGTACCCACAACGCC	GC10P-R2	12070.0	3026	0.023612263	Paratumor	P10	Fibroblasts	Fib_5	-11.5538816452026	3.4980483055114706
GC10P-R2:TCGTACCCAGTGACAG	GC10P-R2	6090.0	2148	0.044334974	Paratumor	P10	Endothelial cells	Endo_3	9.88187789916992	2.54769539833069
GC10P-R2:TCGTAGAAGTTACGGG	GC10P-R2	5213.0	1980	0.034912717	Paratumor	P10	Fibroblasts	Fib_2	-6.06331396102905	8.94344615936279
GC10P-R2:TCGTAGAGTCTAGTGT	GC10P-R2	3279.0	1251	0.12046356	Paratumor	P10	Smooth muscle cells	SMC_2	-4.31131172180176	-12.991310119628901
GC10P-R2:TCTATTGGTCTAACGT	GC10P-R2	3023.0	1199	0.08501489	Paratumor	P10	Fibroblasts	Fib_4	-4.81627941131592	4.3950314521789595
GC10P-R2:TCTATTGTCATAAAGG	GC10P-R2	3049.0	1587	0.082978025	Paratumor	P10	Endothelial cells	Endo_3	10.1218099594116	2.94314575195312
GC10P-R2:TCTCTAAAGACATAAC	GC10P-R2	2008.0	891	0.18326694	Paratumor	P10	Fibroblasts	Fib_3	-4.645525455474849	4.4517111778259295
GC10P-R2:TCTGAGATCGGAAACG	GC10P-R2	840.0	438	0.15952381	Paratumor	P10	Fibroblasts	Fib_3	-3.09934854507446	7.760223388671879
GC10P-R2:TCTGGAACAGACTCGC	GC10P-R2	5168.0	2041	0.03347523	Paratumor	P10	Endothelial cells	Endo_3	10.1308546066284	2.9254374504089395
GC10P-R2:TCTTTCCAGAGTGAGA	GC10P-R2	3053.0	1376	0.037012774	Paratumor	P10	Fibroblasts	Fib_4	-6.40089225769043	2.82584595680237
GC10P-R2:TCTTTCCCAGTATCTG	GC10P-R2	2085.0	1078	0.021103118	Paratumor	P10	Endothelial cells	Endo_4	11.1811017990112	-6.9455265998840305
GC10P-R2:TCTTTCCGTCCTCTTG	GC10P-R2	5811.0	2039	0.03200826	Paratumor	P10	Fibroblasts	Fib_2	-5.88321161270142	9.40528678894043
GC10P-R2:TGAAAGAAGCGTCTAT	GC10P-R2	794.0	416	0.18010075	Paratumor	P10	Fibroblasts	Fib_3	-4.59738636016846	4.94853448867798
GC10P-R2:TGACAACAGCGACGTA	GC10P-R2	4805.0	1874	0.17565036	Paratumor	P10	Endothelial cells	Endo_2	8.278440475463869	-3.94597220420837
GC10P-R2:TGACAACTCCATGCTC	GC10P-R2	5663.0	1892	0.03425746	Paratumor	P10	Endothelial cells	Endo_1	9.45844459533691	-0.790941417217255
GC10P-R2:TGACAACTCTCACATT	GC10P-R2	1952.0	1099	0.06506147	Paratumor	P10	Endothelial cells	Endo_2	9.94182968139648	-0.0587316788733006
GC10P-R2:TGACGGCAGGTGACCA	GC10P-R2	4696.0	1872	0.04940375	Paratumor	P10	Fibroblasts	Fib_2	-4.78591394424438	10.8283681869507
GC10P-R2:TGACTAGAGTTGAGTA	GC10P-R2	5487.0	1951	0.14142519	Paratumor	P10	Smooth muscle cells	SMC_2	-3.5857505798339804	-13.8124475479126
GC10P-R2:TGACTAGCAGTAAGCG	GC10P-R2	1147.0	704	0.034873582	Paratumor	P10	Endothelial cells	Endo_1	9.18324375152588	1.8242211341857901
GC10P-R2:TGACTAGTCCCTAATT	GC10P-R2	5762.0	2095	0.027941687	Paratumor	P10	Endothelial cells	Endo_3	8.84897613525391	3.50666737556458
GC10P-R2:TGAGAGGTCAGTACGT	GC10P-R2	2780.0	1131	0.276259	Paratumor	P10	Endothelial cells	Endo_2	8.23121929168701	-4.01623725891113
GC10P-R2:TGAGCCGCAATAGCAA	GC10P-R2	8542.0	3056	0.026340436	Paratumor	P10	Endothelial cells	Endo_3	9.65162754058838	3.36811566352844
GC10P-R2:TGATTTCCAGCGATCC	GC10P-R2	3953.0	1552	0.036175057	Paratumor	P10	Fibroblasts	Fib_2	-3.90021371841431	10.1237211227417
GC10P-R2:TGATTTCCATGCCTTC	GC10P-R2	3576.0	1496	0.090044744	Paratumor	P10	Endothelial cells	Endo_2	9.22810649871826	-0.856468260288239
GC10P-R2:TGCCAAACACGGACAA	GC10P-R2	7227.0	2647	0.0428947	Paratumor	P10	Fibroblasts	Fib_2	-5.83756065368652	9.52169895172119
GC10P-R2:TGCCAAATCGTATCAG	GC10P-R2	878.0	495	0.18678816	Paratumor	P10	Smooth muscle cells	SMC_1	0.435094892978668	-11.2623624801636
GC10P-R2:TGCGCAGTCCGCGCAA	GC10P-R2	4253.0	1291	0.2647543	Paratumor	P10	Fibroblasts	Fib_3	-4.2858419418335005	5.060982704162599
GC10P-R2:TGCGGGTTCACCCTCA	GC10P-R2	5373.0	2047	0.022892239	Paratumor	P10	Endothelial cells	Endo_3	10.3570423126221	2.85589241981506
GC10P-R2:TGCGTGGTCTCATTCA	GC10P-R2	2234.0	1200	0.043867502	Paratumor	P10	Endothelial cells	Endo_2	9.07667064666748	-4.01842451095581
GC10P-R2:TGCTACCCATTGAGCT	GC10P-R2	657.0	335	0.21308981	Paratumor	P10	Fibroblasts	Fib_3	-4.59743547439575	5.2678074836731
GC10P-R2:TGCTACCGTTCAGACT	GC10P-R2	1426.0	636	0.10448808	Paratumor	P10	Endothelial cells	Endo_1	9.1618070602417	0.8391044735908509
GC10P-R2:TGCTGCTGTACCGTTA	GC10P-R2	5285.0	1946	0.10463576	Paratumor	P10	Smooth muscle cells	SMC_2	-3.85896420478821	-13.932630538940401
GC10P-R2:TGGACGCCATGGTCAT	GC10P-R2	4097.0	1746	0.038076643	Paratumor	P10	Endothelial cells	Endo_2	8.224146842956541	-3.4209825992584197
GC10P-R2:TGGACGCGTAAGCACG	GC10P-R2	11583.0	3031	0.034533367	Paratumor	P10	Fibroblasts	Fib_5	-11.0001544952393	3.1774227619171103
GC10P-R2:TGGACGCGTCCTAGCG	GC10P-R2	3306.0	1230	0.06473079	Paratumor	P10	Fibroblasts	Fib_4	-5.910901069641111	3.08642792701721
GC10P-R2:TGGACGCGTCTTGCGG	GC10P-R2	2773.0	932	0.14280562	Paratumor	P10	Fibroblasts	Fib_4	-10.1400518417358	3.4814975261688197
GC10P-R2:TGGCCAGCATACGCTA	GC10P-R2	2299.0	1180	0.05263158	Paratumor	P10	Endothelial cells	Endo_2	8.83920574188232	-3.1000351905822794
GC10P-R2:TGGCCAGCATATACCG	GC10P-R2	3027.0	1538	0.11364387	Paratumor	P10	Endothelial cells	Endo_4	11.8487882614136	-7.04313182830811
GC10P-R2:TGGCGCAAGTATGACA	GC10P-R2	6157.0	2021	0.06561637	Paratumor	P10	Fibroblasts	Fib_4	-6.84217166900635	3.1390953063964804
GC10P-R2:TGGCGCACAGGCTGAA	GC10P-R2	6489.0	2020	0.16350748	Paratumor	P10	Fibroblasts	Fib_2	-4.75676965713501	9.62381553649902
GC10P-R2:TGGCGCATCAGAAATG	GC10P-R2	4583.0	1772	0.044075932	Paratumor	P10	Endothelial cells	Endo_3	10.2453956604004	2.21481537818909
GC10P-R2:TGGCGCATCTATGTGG	GC10P-R2	1808.0	950	0.02488938	Paratumor	P10	Endothelial cells	Endo_4	11.322620391845698	-7.2343053817749
GC10P-R2:TGGCTGGAGAGTAAGG	GC10P-R2	3092.0	1147	0.24223803	Paratumor	P10	Endothelial cells	Endo_2	8.03650760650635	-4.0504879951477095
GC10P-R2:TGGGAAGGTCGACTGC	GC10P-R2	3727.0	1604	0.057418834	Paratumor	P10	Endothelial cells	Endo_2	8.47159385681152	-3.89079976081848
GC10P-R2:TGGGCGTAGCCACCTG	GC10P-R2	1209.0	518	0.12076096	Paratumor	P10	Fibroblasts	Fib_4	-7.0273928642272905	3.7875752449035605
GC10P-R2:TGGTTAGGTCCAGTGC	GC10P-R2	5929.0	2020	0.03710575	Paratumor	P10	Fibroblasts	Fib_2	-5.58628797531128	8.93068027496338
GC10P-R2:TGGTTAGGTGCGCTTG	GC10P-R2	817.0	391	0.20563036	Paratumor	P10	Fibroblasts	Fib_3	-3.1437981128692596	7.47880983352661
GC10P-R2:TGGTTCCCAATAGCAA	GC10P-R2	2958.0	1236	0.05679513	Paratumor	P10	Fibroblasts	Fib_4	-5.69841718673706	3.52255582809448
GC10P-R2:TGTATTCAGACAGACC	GC10P-R2	4329.0	1593	0.121506125	Paratumor	P10	Smooth muscle cells	SMC_2	-3.9791836738586404	-13.3629703521729
GC10P-R2:TGTATTCCAAGAAAGG	GC10P-R2	3650.0	1502	0.01780822	Paratumor	P10	Endothelial cells	Endo_2	9.340066909790039	-0.5700257420539859
GC10P-R2:TGTATTCCAGCGTCCA	GC10P-R2	6958.0	2143	0.07358436	Paratumor	P10	Smooth muscle cells	SMC_2	-4.66965436935425	-12.9199562072754
GC10P-R2:TGTCCCACAGCCTATA	GC10P-R2	8691.0	2823	0.023357496	Paratumor	P10	Fibroblasts	Fib_4	-5.14536380767822	2.5528595447540297
GC10P-R2:TGTTCCGAGAATCTCC	GC10P-R2	1757.0	726	0.1622083	Paratumor	P10	Fibroblasts	Fib_4	-6.324810028076169	3.6699039936065696
GC10P-R2:TGTTCCGCACCATGTA	GC10P-R2	4631.0	1861	0.09760311	Paratumor	P10	Smooth muscle cells	SMC_2	-4.30834197998047	-13.488478660583501
GC10P-R2:TTAACTCAGCCCAACC	GC10P-R2	5397.0	1935	0.046877895	Paratumor	P10	Endothelial cells	Endo_3	9.17697048187256	3.6269006729126
GC10P-R2:TTAGGACTCACGGTTA	GC10P-R2	4853.0	1670	0.05769627	Paratumor	P10	Fibroblasts	Fib_4	-5.04589462280273	3.3683257102966295
GC10P-R2:TTAGTTCTCGGAAACG	GC10P-R2	9521.0	2691	0.03970171	Paratumor	P10	Fibroblasts	Fib_5	-10.979156494140598	3.55375337600708
GC10P-R2:TTATGCTAGCTACCTA	GC10P-R2	4613.0	1878	0.03750271	Paratumor	P10	Fibroblasts	Fib_2	-5.4894547462463406	9.691652297973631
GC10P-R2:TTATGCTCAAGCCATT	GC10P-R2	2691.0	1395	0.02749907	Paratumor	P10	Endothelial cells	Endo_2	9.3593282699585	-4.2839822769164995
GC10P-R2:TTATGCTTCTCTGCTG	GC10P-R2	1172.0	646	0.1510239	Paratumor	P10	Fibroblasts	Fib_3	-3.0464301109314	8.38864421844482
GC10P-R2:TTCCCAGCACAGGCCT	GC10P-R2	3020.0	1247	0.07152318	Paratumor	P10	Smooth muscle cells	SMC_2	-4.75442361831665	-12.5568294525146
GC10P-R2:TTCCCAGTCCAGTATG	GC10P-R2	3607.0	1444	0.04047685	Paratumor	P10	Fibroblasts	Fib_2	-4.29720401763916	9.99036884307861
GC10P-R2:TTCGAAGCAAGCTGTT	GC10P-R2	6002.0	2052	0.034488503	Paratumor	P10	Fibroblasts	Fib_4	-5.83849382400513	2.52155804634094
GC10P-R2:TTCGGTCAGCCAGAAC	GC10P-R2	775.0	409	0.26967743	Paratumor	P10	Fibroblasts	Fib_3	-4.62572526931763	5.058239936828611
GC10P-R2:TTCGGTCTCCCAACGG	GC10P-R2	2191.0	1039	0.053856686	Paratumor	P10	Endothelial cells	Endo_1	8.962748527526859	-1.6293478012084999
GC10P-R2:TTCGGTCTCTACCTGC	GC10P-R2	4894.0	1707	0.1097262	Paratumor	P10	Smooth muscle cells	SMC_2	-4.21878623962402	-13.5512437820435
GC10P-R2:TTCTCAAAGACTGGGT	GC10P-R2	1317.0	632	0.17236143	Paratumor	P10	Endothelial cells	Endo_1	9.16866683959961	1.11504542827606
GC10P-R2:TTGAACGCAGATGGGT	GC10P-R2	2180.0	1203	0.042201836	Paratumor	P10	Endothelial cells	Endo_4	12.1093654632568	-7.0108208656311
GC10P-R2:TTGAACGGTCTGCCAG	GC10P-R2	8063.0	2729	0.028525364	Paratumor	P10	Endothelial cells	Endo_2	10.013673782348599	-3.72184777259827
GC10P-R2:TTGAACGTCATTGCCC	GC10P-R2	1952.0	670	0.1880123	Paratumor	P10	Fibroblasts	Fib_3	-4.1959023475647	5.09089422225952
GC10P-R2:TTGCCGTAGTGTGAAT	GC10P-R2	3349.0	1612	0.050462823	Paratumor	P10	Endothelial cells	Endo_2	9.96765613555908	-4.6856193542480495
GC10P-R2:TTGCCGTGTTAAGAAC	GC10P-R2	1521.0	726	0.2833662	Paratumor	P10	Endothelial cells	Endo_3	8.95174312591553	3.385657787323
GC10P-R2:TTGCGTCTCACATGCA	GC10P-R2	6218.0	2166	0.030395625	Paratumor	P10	Endothelial cells	Endo_3	8.623964309692381	3.64683842658997
GC10P-R2:TTGGAACCATGCATGT	GC10P-R2	2371.0	899	0.09236609	Paratumor	P10	Fibroblasts	Fib_3	-3.53094267845154	8.86477088928223
GC10P-R2:TTGGAACTCTGCTGTC	GC10P-R2	7370.0	2216	0.0495251	Paratumor	P10	Fibroblasts	Fib_2	-6.7762136459350595	8.68959426879883
GC10P-R2:TTGGCAAAGGAGTTGC	GC10P-R2	1125.0	664	0.184	Paratumor	P10	Fibroblasts	Fib_4	-6.5667424201965305	3.34082984924316
GC10P-R2:TTGGCAACATGAAGTA	GC10P-R2	7555.0	2493	0.053342156	Paratumor	P10	Fibroblasts	Fib_4	-5.38673305511475	2.4371569156646697
GC10P-R2:TTGGCAATCACCTCGT	GC10P-R2	1766.0	855	0.04869762	Paratumor	P10	Fibroblasts	Fib_3	-3.5739765167236297	7.26992130279541
GC10P-R2:TTGTAGGAGGCTCTTA	GC10P-R2	6839.0	2121	0.037432373	Paratumor	P10	Endothelial cells	Endo_3	8.64821434020996	3.3964002132415803
GC10P-R2:TTTGCGCCAGCCACCA	GC10P-R2	2067.0	885	0.028543783	Paratumor	P10	Smooth muscle cells	SMC_2	-4.11297273635864	-11.941547393798801
GC10T:AAACCTGCACTTCGAA	GC10T	12369.0	3401	0.048831757	Tumor	P10	Smooth muscle cells	SMC_1	1.15774142742157	-11.0277576446533
GC10T:AAACCTGCAGATGGGT	GC10T	14674.0	3489	0.02535096	Tumor	P10	Fibroblasts	Fib_1	-7.09641170501709	6.5593142509460405
GC10T:AAACCTGCATGTCGAT	GC10T	7338.0	2404	0.052875444	Tumor	P10	Smooth muscle cells	SMC_1	1.09947741031647	-11.141047477722198
GC10T:AAACGGGTCGGAAATA	GC10T	8754.0	2911	0.042380627	Tumor	P10	Endothelial cells	Endo_1	12.8158349990845	0.134164243936539
GC10T:AAAGATGAGTGGGTTG	GC10T	13186.0	3891	0.045502804	Tumor	P10	Endothelial cells	Endo_1	13.5408515930176	-1.33764731884003
GC10T:AAAGATGTCCAGTAGT	GC10T	13801.0	3183	0.12281719	Tumor	P10	Fibroblasts	Fib_1	-7.449092864990231	5.52097940444946
GC10T:AAAGCAACACCAACCG	GC10T	13469.0	3668	0.052490905	Tumor	P10	Smooth muscle cells	SMC_1	0.452419281005859	-12.218153953552198
GC10T:AAAGCAACACCTATCC	GC10T	25929.0	5065	0.049635544	Tumor	P10	Smooth muscle cells	SMC_1	0.6693719029426569	-9.62193775177002
GC10T:AAAGCAATCGTTACGA	GC10T	22277.0	4530	0.052700095	Tumor	P10	Smooth muscle cells	SMC_1	1.13711416721344	-11.4478406906128
GC10T:AAAGTAGGTAGAGTGC	GC10T	6392.0	2149	0.038485605	Tumor	P10	Smooth muscle cells	SMC_1	-0.4786606729030611	-9.26923656463623
GC10T:AAAGTAGTCCTCGCAT	GC10T	23792.0	4395	0.07300773	Tumor	P10	Smooth muscle cells	SMC_1	0.47239595651626604	-8.68181896209717
GC10T:AAATGCCAGAGATGAG	GC10T	2339.0	1004	0.24198376	Tumor	P10	Endothelial cells	Endo_1	11.545957565307601	-0.7548730373382572
GC10T:AAATGCCAGATCTGCT	GC10T	8148.0	2494	0.05903289	Tumor	P10	Smooth muscle cells	SMC_1	0.664279639720917	-11.9270725250244
GC10T:AAATGCCTCTATGTGG	GC10T	13298.0	3245	0.06121221	Tumor	P10	Fibroblasts	Fib_1	-9.18296146392822	5.9549674987792995
GC10T:AACACGTAGTTTGCGT	GC10T	16518.0	3579	0.029543528	Tumor	P10	Fibroblasts	Fib_1	-7.59162473678589	7.14905071258545
GC10T:AACACGTCAGCCACCA	GC10T	3741.0	1383	0.0684309	Tumor	P10	Smooth muscle cells	SMC_1	0.346039652824402	-11.5977697372437
GC10T:AACCATGAGGAGTTTA	GC10T	4991.0	2038	0.08355039	Tumor	P10	Endothelial cells	Endo_1	11.333992004394501	1.4858435392379798
GC10T:AACCATGGTAACGCGA	GC10T	8271.0	2921	0.055616006	Tumor	P10	Endothelial cells	Endo_1	12.238226890564	-2.6888196468353303
GC10T:AACCATGTCAACACTG	GC10T	7115.0	2618	0.057062544	Tumor	P10	Smooth muscle cells	SMC_1	-1.2700303792953502	-13.0309581756592
GC10T:AACCGCGAGTGTACGG	GC10T	3559.0	1565	0.036808092	Tumor	P10	Endothelial cells	Endo_1	11.897590637207001	-2.44550800323486
GC10T:AACCGCGTCGAGGTAG	GC10T	13240.0	3271	0.05181269	Tumor	P10	Fibroblasts	Fib_1	-6.1814694404602095	5.84724426269531
GC10T:AACCGCGTCTCAACTT	GC10T	2342.0	1051	0.25320238	Tumor	P10	Fibroblasts	Fib_1	-7.6639986038208	8.31707191467285
GC10T:AACTGGTAGATCCGAG	GC10T	12075.0	3057	0.0878675	Tumor	P10	Fibroblasts	Fib_1	-8.56063175201416	5.52730655670166
GC10T:AACTTTCAGCCGGTAA	GC10T	5113.0	1986	0.061803248	Tumor	P10	Smooth muscle cells	SMC_1	-0.353145480155945	-9.94567584991455
GC10T:AACTTTCCAATGTTGC	GC10T	15857.0	3927	0.04319859	Tumor	P10	Smooth muscle cells	SMC_1	0.337544620037079	-9.28350448608398
GC10T:AACTTTCGTGGTACAG	GC10T	15097.0	3730	0.047227927	Tumor	P10	Fibroblasts	Fib_1	-7.327893733978269	5.4105544090271
GC10T:AAGCCGCAGACATAAC	GC10T	7329.0	2507	0.059080366	Tumor	P10	Smooth muscle cells	SMC_1	-1.45385551452637	-12.3090467453003
GC10T:AAGCCGCCAAGTCATC	GC10T	14284.0	3437	0.032133855	Tumor	P10	Fibroblasts	Fib_1	-7.84066534042358	5.32181739807129
GC10T:AAGCCGCGTCCGAGTC	GC10T	10699.0	3328	0.039816804	Tumor	P10	Fibroblasts	Fib_1	-8.12535953521729	7.6121945381164595
GC10T:AAGCCGCTCTTGAGGT	GC10T	7310.0	2307	0.055403557	Tumor	P10	Smooth muscle cells	SMC_1	-0.0602373443543911	-12.3476028442383
GC10T:AAGGAGCAGGGTCGAT	GC10T	3727.0	1479	0.06439496	Tumor	P10	Smooth muscle cells	SMC_1	-0.9379680752754208	-12.2554235458374
GC10T:AAGGAGCCAGAGTGTG	GC10T	8993.0	2856	0.04303347	Tumor	P10	Smooth muscle cells	SMC_1	0.14145305752754198	-9.93747806549072
GC10T:AAGGAGCGTTATGCGT	GC10T	1451.0	747	0.24465886	Tumor	P10	Fibroblasts	Fib_1	-8.5979061126709	6.04332065582275
GC10T:AAGGAGCGTTCCGGCA	GC10T	18167.0	3875	0.047723897	Tumor	P10	Smooth muscle cells	SMC_1	-0.159334406256676	-9.25935649871826
GC10T:AAGGCAGCAGTCTTCC	GC10T	11883.0	3443	0.049650762	Tumor	P10	Smooth muscle cells	SMC_1	-0.16342763602733598	-11.4816093444824
GC10T:AAGGTTCTCTGTCTAT	GC10T	8491.0	2941	0.15051231	Tumor	P10	Endothelial cells	Endo_1	12.3725929260254	-3.5759465694427504
GC10T:AAGTCTGGTTAAAGAC	GC10T	9038.0	2627	0.053994246	Tumor	P10	Smooth muscle cells	SMC_1	-0.73512864112854	-12.031932830810499
GC10T:AATCCAGCACTTGGAT	GC10T	13402.0	3271	0.048127145	Tumor	P10	Fibroblasts	Fib_1	-8.66467189788818	5.9392399787902805
GC10T:AATCCAGCAGTAGAGC	GC10T	11772.0	2984	0.05470608	Tumor	P10	Fibroblasts	Fib_1	-8.39957904815674	5.51139211654663
GC10T:AATCCAGGTAAGAGGA	GC10T	2714.0	1078	0.1613854	Tumor	P10	Fibroblasts	Fib_1	-6.9509916305542	7.87115573883057
GC10T:AATCGGTTCCCTAATT	GC10T	21113.0	4159	0.044759154	Tumor	P10	Smooth muscle cells	SMC_1	0.398118227720261	-9.12121295928955
GC10T:ACACCAAGTCACCTAA	GC10T	18294.0	4341	0.050727013	Tumor	P10	Smooth muscle cells	SMC_1	-0.5914634466171259	-10.3459320068359
GC10T:ACACCCTAGTAAGTAC	GC10T	1111.0	650	0.1890189	Tumor	P10	Endothelial cells	Endo_1	11.5093812942505	-1.0821222066879301
GC10T:ACACCGGCATATACGC	GC10T	32467.0	5306	0.048079588	Tumor	P10	Smooth muscle cells	SMC_1	0.8293200135231021	-8.72879028320312
GC10T:ACACTGACAATCCAAC	GC10T	10686.0	3066	0.037806477	Tumor	P10	Fibroblasts	Fib_1	-9.39574718475342	5.36353492736816
GC10T:ACACTGACAGCGTAAG	GC10T	3918.0	1514	0.28330782	Tumor	P10	Fibroblasts	Fib_1	-9.01952743530273	5.63659524917603
GC10T:ACACTGACAGGCTGAA	GC10T	2759.0	1264	0.029358463	Tumor	P10	Smooth muscle cells	SMC_1	-2.6830408573150604	-11.796929359436
GC10T:ACAGCCGTCATGTCCC	GC10T	6307.0	2216	0.05898208	Tumor	P10	Fibroblasts	Fib_1	-9.26373195648193	5.88061428070068
GC10T:ACAGCCGTCCACGTGG	GC10T	966.0	616	0.09730849	Tumor	P10	Endothelial cells	Endo_1	10.6927642822266	-1.2396383285522499
GC10T:ACAGCCGTCGAGCCCA	GC10T	10862.0	2228	0.0699687	Tumor	P10	Fibroblasts	Fib_1	-6.16260862350464	5.5779514312744105
GC10T:ACATACGTCCGAATGT	GC10T	9105.0	2968	0.053816583	Tumor	P10	Smooth muscle cells	SMC_1	0.403710663318634	-12.471026420593299
GC10T:ACATCAGGTCCATGAT	GC10T	33384.0	5555	0.039899353	Tumor	P10	Smooth muscle cells	SMC_1	0.812358140945435	-8.83495807647705
GC10T:ACATGGTAGCGTGAAC	GC10T	1376.0	731	0.22601745	Tumor	P10	Endothelial cells	Endo_1	12.495379447937	-1.36075437068939
GC10T:ACATGGTAGGTGCACA	GC10T	9765.0	2870	0.07700973	Tumor	P10	Smooth muscle cells	SMC_1	0.7043073773384091	-11.091714859008801
GC10T:ACATGGTAGTTGAGAT	GC10T	1380.0	750	0.027536232	Tumor	P10	Fibroblasts	Fib_3	-8.23496055603027	5.887713432312009
GC10T:ACATGGTTCAAACGGG	GC10T	18237.0	4275	0.04929539	Tumor	P10	Smooth muscle cells	SMC_1	-0.25961634516716	-9.17132568359375
GC10T:ACCAGTAGTAGCGTCC	GC10T	9565.0	2675	0.103293255	Tumor	P10	Fibroblasts	Fib_1	-8.55925750732422	5.89484357833862
GC10T:ACCAGTAGTTCCGGCA	GC10T	8683.0	2614	0.028791891	Tumor	P10	Smooth muscle cells	SMC_1	-0.743247628211975	-10.4039621353149
GC10T:ACCAGTATCCTTAATC	GC10T	10941.0	3108	0.042957682	Tumor	P10	Fibroblasts	Fib_1	-8.63811206817627	5.379413604736331
GC10T:ACCAGTATCGAGAACG	GC10T	12726.0	3457	0.043375768	Tumor	P10	Smooth muscle cells	SMC_1	-0.7047735452651981	-11.7171468734741
GC10T:ACCCACTTCAATCACG	GC10T	18852.0	4580	0.059410144	Tumor	P10	Endothelial cells	Endo_1	12.950439453125	-0.44593217968940707
GC10T:ACCCACTTCGTGACAT	GC10T	34293.0	5449	0.04047473	Tumor	P10	Fibroblasts	Fib_3	-4.9773678779602095	6.19998550415039
GC10T:ACCGTAAAGTACGATA	GC10T	8213.0	2619	0.095580176	Tumor	P10	Smooth muscle cells	SMC_1	0.7417894601821899	-10.8412189483643
GC10T:ACCGTAAAGTTCGCGC	GC10T	10489.0	3058	0.066069216	Tumor	P10	Smooth muscle cells	SMC_1	0.40883818268775896	-12.410604476928699
GC10T:ACCGTAATCACCGGGT	GC10T	10281.0	2889	0.04260286	Tumor	P10	Smooth muscle cells	SMC_1	0.476958692073822	-10.0355062484741
GC10T:ACCTTTAAGACATAAC	GC10T	10582.0	3036	0.047250047	Tumor	P10	Smooth muscle cells	SMC_1	0.212997287511826	-11.355716705322301
GC10T:ACGAGCCCATGATCCA	GC10T	29309.0	4908	0.038281757	Tumor	P10	Smooth muscle cells	SMC_1	0.970361828804016	-9.24900817871094
GC10T:ACGAGCCTCCGTAGGC	GC10T	4158.0	1624	0.060606062	Tumor	P10	Endothelial cells	Endo_1	12.6029939651489	-0.903110146522522
GC10T:ACGAGCCTCGTGGTCG	GC10T	1912.0	964	0.03713389	Tumor	P10	Smooth muscle cells	SMC_1	-0.34997570514679	-9.54084491729736
GC10T:ACGAGGAAGTAGTGCG	GC10T	4530.0	1819	0.106401764	Tumor	P10	Endothelial cells	Endo_1	13.1848039627075	-1.16943144798279
GC10T:ACGATGTCAGTATGCT	GC10T	7914.0	2591	0.08958807	Tumor	P10	Smooth muscle cells	SMC_1	0.14750337600708	-12.717334747314501
GC10T:ACGATGTGTACACCGC	GC10T	13159.0	3310	0.037312865	Tumor	P10	Fibroblasts	Fib_1	-7.1604728698730495	4.899084091186519
GC10T:ACGATGTGTTCAACCA	GC10T	7915.0	2587	0.05660139	Tumor	P10	Smooth muscle cells	SMC_1	0.6951200366020199	-12.0805578231812
GC10T:ACGATGTGTTCGTCTC	GC10T	12034.0	3306	0.049110852	Tumor	P10	Smooth muscle cells	SMC_1	-0.36689159274101296	-9.38894176483154
GC10T:ACGCAGCAGCATCATC	GC10T	5354.0	1967	0.053044453	Tumor	P10	Smooth muscle cells	SMC_1	0.223776668310165	-10.5283823013306
GC10T:ACGCAGCGTGTAAGTA	GC10T	12304.0	3276	0.051690508	Tumor	P10	Smooth muscle cells	SMC_1	1.19849526882172	-10.758502006530799
GC10T:ACGCAGCTCTGCAGTA	GC10T	15115.0	3488	0.059014224	Tumor	P10	Myofibroblasts	Myofibroblasts	-7.9167618751525906	0.7571598887443539
GC10T:ACGCCAGCATGCCTTC	GC10T	14441.0	3542	0.040440414	Tumor	P10	Smooth muscle cells	SMC_1	0.0529708378016949	-9.69499492645264
GC10T:ACGCCGAAGAAACGCC	GC10T	10468.0	2982	0.034294993	Tumor	P10	Fibroblasts	Fib_1	-7.70661735534668	5.4093937873840305
GC10T:ACGCCGAAGATAGTCA	GC10T	8842.0	2625	0.05123275	Tumor	P10	Smooth muscle cells	SMC_1	0.23423631489276897	-9.97965717315674
GC10T:ACGGAGACAGCTGCAC	GC10T	3445.0	1738	0.15761974	Tumor	P10	Smooth muscle cells	SMC_1	0.0582465007901192	-11.7903251647949
GC10T:ACGGAGACATGACATC	GC10T	1377.0	678	0.20479302	Tumor	P10	Endothelial cells	Endo_1	11.292645454406701	-1.1585811376571697
GC10T:ACGGAGAGTCTCTCTG	GC10T	9353.0	2724	0.1679675	Tumor	P10	Smooth muscle cells	SMC_1	-0.695646107196808	-12.561939239502001
GC10T:ACGGAGAGTCTGATCA	GC10T	2208.0	1014	0.08740942	Tumor	P10	Fibroblasts	Fib_1	-8.83821105957031	6.13817930221558
GC10T:ACGGAGAGTGACTCAT	GC10T	6039.0	2022	0.04437821	Tumor	P10	Smooth muscle cells	SMC_1	0.28569874167442305	-12.032787322997999
GC10T:ACGGCCAAGGGCACTA	GC10T	4139.0	1437	0.15704276	Tumor	P10	Smooth muscle cells	SMC_1	-1.17878329753876	-12.604454040527301
GC10T:ACGGCCATCCGCATAA	GC10T	7768.0	2317	0.091658086	Tumor	P10	Smooth muscle cells	SMC_1	-0.15783934295177499	-11.3614177703857
GC10T:ACGGGCTCACCACGTG	GC10T	11431.0	3578	0.038404338	Tumor	P10	Endothelial cells	Endo_1	12.669830322265598	-0.529480516910553
GC10T:ACGGGCTCACGGCGTT	GC10T	3746.0	1415	0.13934864	Tumor	P10	Smooth muscle cells	SMC_1	0.42146927118301397	-11.4020290374756
GC10T:ACGGGCTCACTTGGAT	GC10T	14587.0	3614	0.032494687	Tumor	P10	Fibroblasts	Fib_1	-7.531890869140621	5.316978454589839
GC10T:ACGGGTCAGTACTTGC	GC10T	941.0	459	0.2922423	Tumor	P10	Endothelial cells	Endo_1	10.897115707397498	-1.30348539352417
GC10T:ACGGGTCCAGTAAGCG	GC10T	2839.0	1251	0.21909124	Tumor	P10	Fibroblasts	Fib_1	-9.30325222015381	5.7086615562439
GC10T:ACGGGTCGTGCGCTTG	GC10T	4363.0	1788	0.04813202	Tumor	P10	Smooth muscle cells	SMC_1	-0.847551047801971	-8.87446689605713
GC10T:ACGTCAAGTAGCGATG	GC10T	8265.0	2537	0.02831216	Tumor	P10	Smooth muscle cells	SMC_1	-0.21283988654613503	-11.204791069030799
GC10T:ACTATCTAGTCGTTTG	GC10T	1707.0	805	0.29818395	Tumor	P10	Fibroblasts	Fib_1	-8.47454071044922	5.78598356246948
GC10T:ACTATCTCACTGTCGG	GC10T	9429.0	2689	0.05430056	Tumor	P10	Smooth muscle cells	SMC_1	-1.11336517333984	-12.5472507476807
GC10T:ACTATCTGTCCAAGTT	GC10T	10650.0	3151	0.06488263	Tumor	P10	Smooth muscle cells	SMC_1	1.0733015537262	-11.331988334655799
GC10T:ACTGAACAGGGCACTA	GC10T	2163.0	988	0.25473878	Tumor	P10	Endothelial cells	Endo_1	11.955718994140598	-0.849680304527283
GC10T:ACTGAACCACAAGACG	GC10T	18748.0	3954	0.03221677	Tumor	P10	Fibroblasts	Fib_1	-6.1573171615600595	6.91452264785767
GC10T:ACTGAGTCAGCTGCTG	GC10T	10408.0	2874	0.027671022	Tumor	P10	Fibroblasts	Fib_1	-7.97592830657959	5.4439172744751
GC10T:ACTGAGTGTCATCCCT	GC10T	4580.0	1489	0.052183405	Tumor	P10	Fibroblasts	Fib_1	-9.057741165161131	5.930651187896731
GC10T:ACTGATGCAAGACACG	GC10T	9310.0	3024	0.04876477	Tumor	P10	Fibroblasts	Fib_1	-8.99780368804932	4.78877735137939
GC10T:ACTGATGCACGCATCG	GC10T	19431.0	4172	0.040553756	Tumor	P10	Smooth muscle cells	SMC_1	0.41493123769760104	-9.24093341827393
GC10T:ACTGATGCATCCAACA	GC10T	10878.0	3129	0.08163265	Tumor	P10	Fibroblasts	Fib_1	-8.60225391387939	5.46822690963745
GC10T:ACTGCTCAGACATAAC	GC10T	21106.0	4552	0.04823273	Tumor	P10	Smooth muscle cells	SMC_1	0.0161665063351393	-8.79991722106934
GC10T:ACTGCTCAGAGATGAG	GC10T	9048.0	2766	0.060123783	Tumor	P10	Smooth muscle cells	SMC_1	-0.525305330753326	-12.5262451171875
GC10T:ACTGCTCCAGATTGCT	GC10T	5800.0	2190	0.06051724	Tumor	P10	Smooth muscle cells	SMC_1	0.0823977291584015	-12.257548332214402
GC10T:ACTGTCCGTTCACCTC	GC10T	8065.0	2705	0.06447613	Tumor	P10	Smooth muscle cells	SMC_1	-0.580390691757202	-8.95596790313721
GC10T:ACTGTCCTCTCCAGGG	GC10T	13353.0	3621	0.04733019	Tumor	P10	Endothelial cells	Endo_1	13.448784828186	-1.63525116443634
GC10T:ACTTACTCAAGGTGTG	GC10T	21961.0	4397	0.040754065	Tumor	P10	Smooth muscle cells	SMC_1	0.296422809362411	-8.76410865783691
GC10T:ACTTACTGTCCAGTTA	GC10T	1438.0	788	0.15368567	Tumor	P10	Endothelial cells	Endo_1	10.988260269165002	-1.1202991008758503
GC10T:ACTTACTGTTTGGCGC	GC10T	14164.0	3961	0.03791302	Tumor	P10	Smooth muscle cells	SMC_1	-0.0362157113850117	-9.73783588409424
GC10T:ACTTGTTAGTGTCCAT	GC10T	6000.0	2345	0.039833333	Tumor	P10	Endothelial cells	Endo_1	11.916735649108901	0.823758840560913
GC10T:ACTTGTTCACAGATTC	GC10T	8683.0	2743	0.043763675	Tumor	P10	Smooth muscle cells	SMC_1	1.09935629367828	-11.338986396789599
GC10T:ACTTGTTTCAACGCTA	GC10T	11750.0	3232	0.051148936	Tumor	P10	Smooth muscle cells	SMC_1	-0.11637468636035901	-9.47088527679443
GC10T:ACTTTCATCCTCCTAG	GC10T	17640.0	4122	0.031405896	Tumor	P10	Smooth muscle cells	SMC_1	0.34357640147209195	-9.35019111633301
GC10T:ACTTTCATCTTGTTTG	GC10T	7632.0	2484	0.05070755	Tumor	P10	Smooth muscle cells	SMC_1	0.7059606313705441	-11.866006851196301
GC10T:AGAATAGCATTTCACT	GC10T	7787.0	2333	0.09336073	Tumor	P10	Smooth muscle cells	SMC_1	0.0864187926054001	-11.0614366531372
GC10T:AGACGTTCAGCCACCA	GC10T	8725.0	2735	0.03885387	Tumor	P10	Endothelial cells	Endo_1	13.2306528091431	-1.1050119400024399
GC10T:AGACGTTCAGTAAGAT	GC10T	15114.0	3667	0.050152175	Tumor	P10	Fibroblasts	Fib_1	-8.34084224700928	5.3963918685913095
GC10T:AGACGTTGTCCAGTTA	GC10T	5311.0	1950	0.037092827	Tumor	P10	Smooth muscle cells	SMC_1	-0.26962548494339	-12.643556594848599
GC10T:AGACGTTTCGGATGTT	GC10T	30132.0	5052	0.03169388	Tumor	P10	Fibroblasts	Fib_1	-6.2127399444580105	6.3765730857849094
GC10T:AGAGCGAAGAAGCCCA	GC10T	12037.0	3287	0.036720112	Tumor	P10	Endothelial cells	Endo_1	13.4253196716309	-1.44100427627563
GC10T:AGAGCGAAGTTACCCA	GC10T	2622.0	956	0.129672	Tumor	P10	Smooth muscle cells	SMC_1	0.18628686666488603	-11.320990562439
GC10T:AGAGCGACATTACCTT	GC10T	5209.0	2273	0.052793242	Tumor	P10	Endothelial cells	Endo_1	12.576202392578098	-2.3036715984344505
GC10T:AGAGCTTAGAATAGGG	GC10T	902.0	559	0.20066519	Tumor	P10	Endothelial cells	Endo_1	10.945658683776902	-1.4165110588073702
GC10T:AGAGCTTCATCTCCCA	GC10T	7367.0	2349	0.045608796	Tumor	P10	Smooth muscle cells	SMC_1	0.281648188829422	-9.95522308349609
GC10T:AGAGCTTGTACCGTAT	GC10T	9987.0	2641	0.078301795	Tumor	P10	Fibroblasts	Fib_1	-8.67590999603271	5.71323728561401
GC10T:AGAGTGGTCAGCTTAG	GC10T	11249.0	3090	0.039736867	Tumor	P10	Smooth muscle cells	SMC_1	0.511402070522308	-10.2093095779419
GC10T:AGATCTGGTAATCGTC	GC10T	25315.0	4365	0.045309104	Tumor	P10	Fibroblasts	Fib_1	-5.81337022781372	6.09065914154053
GC10T:AGATTGCCAGGGCATA	GC10T	6521.0	2266	0.08280939	Tumor	P10	Smooth muscle cells	SMC_1	-1.4900536537170401	-12.200444221496598
GC10T:AGCAGCCAGTAGGCCA	GC10T	12004.0	3618	0.06606131	Tumor	P10	Endothelial cells	Endo_1	12.9014148712158	-0.3226825296878811
GC10T:AGCAGCCCATTCCTGC	GC10T	4094.0	1730	0.11235955	Tumor	P10	Smooth muscle cells	SMC_1	-0.0496517308056355	-9.85177612304688
GC10T:AGCAGCCGTCTCTTTA	GC10T	12916.0	3341	0.04142149	Tumor	P10	Fibroblasts	Fib_1	-7.574886322021481	5.1406559944152805
GC10T:AGCATACTCCTAGTGA	GC10T	16180.0	3847	0.047466006	Tumor	P10	Smooth muscle cells	SMC_1	-0.185808971524239	-9.5656156539917
GC10T:AGCCTAAAGGATGCGT	GC10T	14418.0	3478	0.025384935	Tumor	P10	Fibroblasts	Fib_1	-9.07974720001221	5.6809253692627
GC10T:AGCCTAAAGGGTTCCC	GC10T	8400.0	2741	0.045	Tumor	P10	Smooth muscle cells	SMC_1	-0.308292418718338	-9.42197513580322
GC10T:AGCGGTCCAAGTTCTG	GC10T	1078.0	590	0.20037106	Tumor	P10	Endothelial cells	Endo_1	10.738300323486301	-1.06573927402496
GC10T:AGCGGTCCATTCTTAC	GC10T	9066.0	3199	0.038826384	Tumor	P10	Smooth muscle cells	SMC_1	-0.33996245265007	-10.616212844848599
GC10T:AGCGGTCGTAGGCTGA	GC10T	5729.0	1888	0.08832257	Tumor	P10	Fibroblasts	Fib_1	-8.00133228302002	6.347571849823001
GC10T:AGCGTATAGACATAAC	GC10T	13052.0	3534	0.045586884	Tumor	P10	Smooth muscle cells	SMC_1	1.05792629718781	-10.4162282943726
GC10T:AGCGTATCAACTGCGC	GC10T	12218.0	3436	0.05860206	Tumor	P10	Smooth muscle cells	SMC_1	0.0019356890115886898	-11.8531055450439
GC10T:AGCGTATCAGCTGCAC	GC10T	8283.0	2706	0.14125317	Tumor	P10	Endothelial cells	Endo_1	12.617329597473098	-2.9676947593689
GC10T:AGCGTATGTCCTAGCG	GC10T	4094.0	1481	0.06888129	Tumor	P10	Smooth muscle cells	SMC_1	-0.69457870721817	-9.02538013458252
GC10T:AGCGTATTCGTTGCCT	GC10T	3820.0	1672	0.15890053	Tumor	P10	Smooth muscle cells	SMC_1	-0.17409327626228302	-12.4429225921631
GC10T:AGCGTCGTCGTCCGTT	GC10T	2512.0	1119	0.03742038	Tumor	P10	Smooth muscle cells	SMC_1	-0.7349257469177249	-8.98510456085205
GC10T:AGCTCTCCATATACCG	GC10T	8065.0	2594	0.028146312	Tumor	P10	Smooth muscle cells	SMC_1	-0.5717095136642459	-11.038002014160199
GC10T:AGCTCTCGTGTGCGTC	GC10T	7269.0	2698	0.026688678	Tumor	P10	Endothelial cells	Endo_4	12.0942115783691	-4.633313179016111
GC10T:AGCTCTCTCTGGCGTG	GC10T	7065.0	2498	0.058032554	Tumor	P10	Smooth muscle cells	SMC_1	0.0266937427222729	-12.6567325592041
GC10T:AGCTTGAAGTTAAGTG	GC10T	18611.0	4445	0.054107785	Tumor	P10	Endothelial cells	Endo_1	13.030078887939501	-2.08431959152222
GC10T:AGCTTGACAAACTGTC	GC10T	1543.0	744	0.08101102	Tumor	P10	Smooth muscle cells	SMC_1	-1.20106852054596	-11.716567039489698
GC10T:AGGCCACTCAGTTAGC	GC10T	21386.0	4868	0.044187788	Tumor	P10	Endothelial cells	Endo_1	12.334120750427198	-2.99077916145325
GC10T:AGGCCGTAGGCGACAT	GC10T	15374.0	3989	0.063093536	Tumor	P10	Fibroblasts	Fib_1	-8.7620153427124	5.88881921768188
GC10T:AGGCCGTAGTTCCACA	GC10T	14785.0	3928	0.033750422	Tumor	P10	Smooth muscle cells	SMC_1	-0.18638731539249398	-9.356303215026859
GC10T:AGGCCGTCAGATCCAT	GC10T	1027.0	684	0.005842259	Tumor	P10	Endothelial cells	Endo_1	12.740086555481	-1.2334599494934098
GC10T:AGGGAGTCAAAGGTGC	GC10T	7317.0	2519	0.05425721	Tumor	P10	Smooth muscle cells	SMC_1	0.283729016780853	-11.8352394104004
GC10T:AGGGAGTTCCATGAGT	GC10T	5362.0	1884	0.07627751	Tumor	P10	Smooth muscle cells	SMC_1	-0.655650556087494	-9.11056232452393
GC10T:AGGGAGTTCGCTTAGA	GC10T	13595.0	3787	0.04913571	Tumor	P10	Endothelial cells	Endo_1	13.2638111114502	-1.55761468410492
GC10T:AGGGATGCATAGTAAG	GC10T	16709.0	3921	0.059907835	Tumor	P10	Endothelial cells	Endo_1	13.5509614944458	-1.3643045425415001
GC10T:AGGGTGAAGCAAATCA	GC10T	4251.0	1713	0.060691603	Tumor	P10	Smooth muscle cells	SMC_1	-0.35385990142822293	-9.86801052093506
GC10T:AGGGTGAAGCCACCTG	GC10T	9284.0	3069	0.05794916	Tumor	P10	Smooth muscle cells	SMC_1	0.191274493932724	-10.607442855835
GC10T:AGGGTGAAGGGTTCCC	GC10T	12690.0	3146	0.045626476	Tumor	P10	Smooth muscle cells	SMC_1	0.50851845741272	-9.83798885345459
GC10T:AGGGTGACAATCAGAA	GC10T	13098.0	3569	0.046266604	Tumor	P10	Fibroblasts	Fib_1	-7.93499040603638	7.94025373458862
GC10T:AGGGTGAGTGCTTCTC	GC10T	9734.0	2812	0.04283953	Tumor	P10	Fibroblasts	Fib_1	-8.64155101776123	5.862859725952151
GC10T:AGGGTGATCGGAATCT	GC10T	10365.0	2746	0.0368548	Tumor	P10	Fibroblasts	Fib_1	-7.053683280944821	6.53826379776001
GC10T:AGGTCATAGAAGGTTT	GC10T	11327.0	3439	0.04749713	Tumor	P10	Fibroblasts	Fib_1	-9.16187953948975	5.5284895896911594
GC10T:AGGTCATAGATGCGAC	GC10T	19742.0	4313	0.028365921	Tumor	P10	Fibroblasts	Fib_1	-8.98259544372559	5.62056064605713
GC10T:AGGTCCGAGAGTAAGG	GC10T	15206.0	4189	0.09193739	Tumor	P10	Endothelial cells	Endo_1	13.254433631897	-1.6109873056411699
GC10T:AGGTCCGAGTACCGGA	GC10T	3045.0	1290	0.23349753	Tumor	P10	Endothelial cells	Endo_1	12.6471920013428	-1.13867664337158
GC10T:AGTAGTCCAATCCAAC	GC10T	6456.0	2183	0.04414498	Tumor	P10	Endothelial cells	Endo_1	13.2117176055908	-1.2406704425811799
GC10T:AGTAGTCCACCAGTTA	GC10T	12654.0	3581	0.053342815	Tumor	P10	Smooth muscle cells	SMC_1	-0.30659505724906894	-12.848268508911099
GC10T:AGTAGTCCACTGTCGG	GC10T	8714.0	2455	0.061739728	Tumor	P10	Smooth muscle cells	SMC_1	-0.576685965061188	-10.7023296356201
GC10T:AGTAGTCGTCCATGAT	GC10T	15310.0	3426	0.06551274	Tumor	P10	Fibroblasts	Fib_1	-6.94091606140137	5.433117866516111
GC10T:AGTAGTCTCGCGTAGC	GC10T	5017.0	2020	0.053219054	Tumor	P10	Smooth muscle cells	SMC_1	-0.5397626757621771	-12.894070625305199
GC10T:AGTCTTTAGCGTTGCC	GC10T	22440.0	4253	0.045142602	Tumor	P10	Fibroblasts	Fib_1	-5.895996570587161	6.48108673095703
GC10T:AGTGAGGAGTGGAGAA	GC10T	15595.0	3764	0.024815647	Tumor	P10	Fibroblasts	Fib_1	-7.401573657989499	6.94640016555786
GC10T:AGTGAGGGTACCGAGA	GC10T	843.0	468	0.26453143	Tumor	P10	Endothelial cells	Endo_1	10.77086353302	-1.23830878734589
GC10T:AGTGGGAAGTAGCGGT	GC10T	4089.0	1622	0.02396674	Tumor	P10	Smooth muscle cells	SMC_1	-0.59111875295639	-10.2898731231689
GC10T:AGTGGGAAGTTGAGTA	GC10T	19886.0	4991	0.07105501	Tumor	P10	Endothelial cells	Endo_1	12.242169380188	-3.5277915000915496
GC10T:AGTGGGAGTTACAGAA	GC10T	10702.0	3342	0.06522145	Tumor	P10	Smooth muscle cells	SMC_1	0.657723605632782	-10.647512435913098
GC10T:AGTGTCACAGCAGTTT	GC10T	5313.0	2033	0.043101825	Tumor	P10	Smooth muscle cells	SMC_1	0.293586432933807	-11.6933012008667
GC10T:AGTGTCAGTAACGTTC	GC10T	14974.0	3919	0.04988647	Tumor	P10	Endothelial cells	Endo_1	13.529181480407699	-1.27568960189819
GC10T:AGTGTCAGTGGGTATG	GC10T	20514.0	4057	0.06595496	Tumor	P10	Fibroblasts	Fib_1	-5.5805196762085	6.07494878768921
GC10T:AGTTGGTGTCTAAAGA	GC10T	15291.0	3738	0.046367142	Tumor	P10	Fibroblasts	Fib_1	-7.808758735656741	8.09801769256592
GC10T:AGTTGGTGTTATCACG	GC10T	5851.0	2301	0.07930268	Tumor	P10	Smooth muscle cells	SMC_1	0.34399139881134005	-12.483968734741199
GC10T:AGTTGGTGTTATCCGA	GC10T	21390.0	4522	0.033987846	Tumor	P10	Fibroblasts	Fib_1	-7.87539529800415	8.08724689483643
GC10T:ATAACGCCAATCGAAA	GC10T	18625.0	4067	0.03747651	Tumor	P10	Fibroblasts	Fib_1	-7.79977941513062	5.2670617103576705
GC10T:ATAACGCGTAATAGCA	GC10T	19701.0	4641	0.04740876	Tumor	P10	Fibroblasts	Fib_1	-8.93232345581055	5.669897556304929
GC10T:ATAACGCGTGAAGGCT	GC10T	7874.0	2749	0.11671323	Tumor	P10	Smooth muscle cells	SMC_1	-0.0278655271977186	-12.3379383087158
GC10T:ATAAGAGCAGACACTT	GC10T	11940.0	3169	0.053433836	Tumor	P10	Fibroblasts	Fib_1	-8.53361511230469	5.1758017539978
GC10T:ATAAGAGCAGCAGTTT	GC10T	13301.0	3271	0.0480415	Tumor	P10	Smooth muscle cells	SMC_1	-0.7584916949272159	-9.08200740814209
GC10T:ATAAGAGTCACTCTTA	GC10T	14468.0	3384	0.025228089	Tumor	P10	Fibroblasts	Fib_1	-7.43371677398682	7.47226476669312
GC10T:ATAAGAGTCAGCCTAA	GC10T	6033.0	2117	0.05188132	Tumor	P10	Smooth muscle cells	SMC_1	-1.32085382938385	-12.538178443908699
GC10T:ATAGACCCAAGCCGCT	GC10T	9791.0	3007	0.04606271	Tumor	P10	Smooth muscle cells	SMC_1	0.6667232513427729	-10.983255386352502
GC10T:ATAGACCCACAGCCCA	GC10T	3859.0	1312	0.097434565	Tumor	P10	Fibroblasts	Fib_1	-7.6539444923400906	5.80324459075928
GC10T:ATAGACCTCGGAATCT	GC10T	10887.0	2513	0.039129235	Tumor	P10	Fibroblasts	Fib_1	-7.17082405090332	5.41119050979614
GC10T:ATCATCTCACCTATCC	GC10T	16481.0	4072	0.041502334	Tumor	P10	Fibroblasts	Fib_1	-8.313097953796388	5.6043562889099094
GC10T:ATCATCTGTACCGCTG	GC10T	1954.0	975	0.19293757	Tumor	P10	Endothelial cells	Endo_1	11.422351837158198	-0.7821961045265201
GC10T:ATCATCTTCATCTGCC	GC10T	9513.0	2921	0.038789026	Tumor	P10	Fibroblasts	Fib_1	-7.94536590576172	6.12986707687378
GC10T:ATCATCTTCTGGGCCA	GC10T	13226.0	3725	0.05375775	Tumor	P10	Endothelial cells	Endo_1	13.4801244735718	-1.19307887554169
GC10T:ATCATGGTCCAAACTG	GC10T	19590.0	4104	0.0754977	Tumor	P10	Fibroblasts	Fib_1	-5.81649017333984	6.37528276443481
GC10T:ATCATGGTCGGAAATA	GC10T	19649.0	4441	0.03908596	Tumor	P10	Fibroblasts	Fib_1	-9.22386646270752	5.65578031539917
GC10T:ATCCACCGTATGGTTC	GC10T	3164.0	1145	0.13369153	Tumor	P10	Fibroblasts	Fib_1	-7.951787948608401	6.0375504493713406
GC10T:ATCCGAATCCCGGATG	GC10T	12663.0	3161	0.049988154	Tumor	P10	Fibroblasts	Fib_1	-7.81449031829834	7.136361598968509
GC10T:ATCGAGTCACACAGAG	GC10T	17138.0	3575	0.042537052	Tumor	P10	Fibroblasts	Fib_1	-6.99575138092041	5.0695695877075195
GC10T:ATCGAGTCATTGGTAC	GC10T	9205.0	2759	0.07539381	Tumor	P10	Smooth muscle cells	SMC_1	-0.16568538546562198	-10.0596075057983
GC10T:ATCGAGTTCATGTGGT	GC10T	23637.0	4611	0.08220163	Tumor	P10	Fibroblasts	Fib_1	-5.67966365814209	6.26820850372314
GC10T:ATCGAGTTCGGCTACG	GC10T	12860.0	3192	0.03429238	Tumor	P10	Fibroblasts	Fib_1	-7.848388195037839	5.37648153305054
GC10T:ATCGAGTTCTGGCGAC	GC10T	16459.0	3755	0.028738076	Tumor	P10	Fibroblasts	Fib_1	-7.5622878074646	7.7905168533325195
GC10T:ATCTACTAGAGCCTAG	GC10T	2897.0	1131	0.26855367	Tumor	P10	Fibroblasts	Fib_1	-9.25923442840576	5.74157428741455
GC10T:ATCTACTCAGGACGTA	GC10T	4022.0	1774	0.14818498	Tumor	P10	Smooth muscle cells	SMC_1	0.547648847103119	-11.1196002960205
GC10T:ATCTACTTCCGTCATC	GC10T	8214.0	2513	0.050523497	Tumor	P10	Smooth muscle cells	SMC_1	-0.873171091079712	-8.8783540725708
GC10T:ATCTGCCAGTGTTAGA	GC10T	17550.0	4111	0.04974359	Tumor	P10	Fibroblasts	Fib_1	-6.41050004959106	6.63249206542969
GC10T:ATCTGCCCAGGTTTCA	GC10T	1850.0	898	0.073513515	Tumor	P10	Smooth muscle cells	SMC_1	-0.24022319912910503	-9.92093276977539
GC10T:ATCTGCCCATCCAACA	GC10T	5319.0	1855	0.08027825	Tumor	P10	Fibroblasts	Fib_1	-6.07098197937012	6.018677234649661
GC10T:ATCTGCCGTGGCAAAC	GC10T	20054.0	4404	0.03505535	Tumor	P10	Fibroblasts	Fib_1	-7.5096554756164595	7.298621654510501
GC10T:ATCTGCCTCCCTTGTG	GC10T	10883.0	3351	0.023890471	Tumor	P10	Endothelial cells	Endo_1	12.226519584655799	-4.16025686264038
GC10T:ATCTGCCTCGAGAACG	GC10T	17004.0	3535	0.11197365	Tumor	P10	Fibroblasts	Fib_1	-5.7568254470825195	6.11022090911865
GC10T:ATGCGATAGTGAAGAG	GC10T	16179.0	4052	0.07009086	Tumor	P10	Smooth muscle cells	SMC_1	-0.74985259771347	-8.86663436889648
GC10T:ATGCGATTCCAGATCA	GC10T	11087.0	2805	0.08523496	Tumor	P10	Fibroblasts	Fib_1	-6.874725341796879	6.737403392791751
GC10T:ATGGGAGAGATATACG	GC10T	18122.0	4269	0.035812825	Tumor	P10	Fibroblasts	Fib_1	-6.75151920318604	5.19936943054199
GC10T:ATGGGAGAGATGGGTC	GC10T	18774.0	3798	0.03606051	Tumor	P10	Fibroblasts	Fib_1	-6.05263185501099	6.62297868728638
GC10T:ATGGGAGCACTTGGAT	GC10T	16254.0	3873	0.05432509	Tumor	P10	Smooth muscle cells	SMC_1	-0.143690183758736	-9.01290512084961
GC10T:ATGTGTGAGGGAGTAA	GC10T	12101.0	3525	0.060325593	Tumor	P10	Smooth muscle cells	SMC_1	-0.7367631793022159	-8.90491676330566
GC10T:ATGTGTGCAGTCCTTC	GC10T	15215.0	4124	0.042458102	Tumor	P10	Endothelial cells	Endo_1	13.500633239746099	-1.48396134376526
GC10T:ATTACTCCAGGTCCAC	GC10T	10630.0	3401	0.035277516	Tumor	P10	Fibroblasts	Fib_1	-8.08761882781982	7.8126425743103
GC10T:ATTACTCTCTTAGAGC	GC10T	23552.0	4364	0.034179688	Tumor	P10	Smooth muscle cells	SMC_1	0.238406375050545	-8.679186820983888
GC10T:ATTATCCGTAATAGCA	GC10T	15856.0	4109	0.0490666	Tumor	P10	Smooth muscle cells	SMC_1	-0.0215567667037249	-9.14236831665039
GC10T:ATTATCCGTACCGGCT	GC10T	11317.0	3136	0.0702483	Tumor	P10	Endothelial cells	Endo_1	13.474489212036099	-1.1100093126297
GC10T:ATTATCCGTCACCTAA	GC10T	10020.0	2783	0.04491018	Tumor	P10	Smooth muscle cells	SMC_1	-0.672617614269257	-10.8307046890259
GC10T:ATTCTACAGGACTGGT	GC10T	23562.0	4919	0.04706731	Tumor	P10	Smooth muscle cells	SMC_1	-0.9531842470169071	-10.1310234069824
GC10T:ATTCTACAGGTGATAT	GC10T	1371.0	824	0.18234865	Tumor	P10	Fibroblasts	Fib_1	-7.77525281906128	7.32375764846802
GC10T:ATTCTACCAGCTGTAT	GC10T	13733.0	3665	0.04339911	Tumor	P10	Smooth muscle cells	SMC_1	-0.599753379821777	-9.17438697814941
GC10T:ATTCTACGTTCGTCTC	GC10T	15924.0	3590	0.04264004	Tumor	P10	Fibroblasts	Fib_1	-6.28608894348145	6.03960752487183
GC10T:ATTCTACTCGTATCAG	GC10T	1153.0	601	0.23937555	Tumor	P10	Endothelial cells	Endo_1	11.064917564392099	-1.0689600706100502
GC10T:ATTCTACTCTGATACG	GC10T	6348.0	2329	0.06505986	Tumor	P10	Smooth muscle cells	SMC_1	-1.75354504585266	-12.9776287078857
GC10T:ATTGGACCAAGGACAC	GC10T	5425.0	2140	0.09400921	Tumor	P10	Smooth muscle cells	SMC_1	-0.14522483944892903	-11.384491920471199
GC10T:ATTGGACCACCTTGTC	GC10T	19737.0	4200	0.051274255	Tumor	P10	Fibroblasts	Fib_1	-7.10377979278564	7.785974025726321
GC10T:ATTTCTGAGTGTACCT	GC10T	8400.0	2783	0.052380953	Tumor	P10	Endothelial cells	Endo_1	13.581139564514197	-1.38276720046997
GC10T:ATTTCTGCAGACGCAA	GC10T	12688.0	3512	0.048786256	Tumor	P10	Smooth muscle cells	SMC_1	1.03581476211548	-10.431865692138699
GC10T:ATTTCTGCATCAGTCA	GC10T	6331.0	2343	0.042963196	Tumor	P10	Endothelial cells	Endo_1	11.6514415740967	-2.58439755439758
GC10T:ATTTCTGGTATGGTTC	GC10T	21706.0	4546	0.04514881	Tumor	P10	Fibroblasts	Fib_1	-6.09219741821289	6.749620914459231
GC10T:ATTTCTGTCCGTTGCT	GC10T	24030.0	4669	0.04565127	Tumor	P10	Smooth muscle cells	SMC_1	0.123240038752556	-8.64781761169434
GC10T:ATTTCTGTCGCATGAT	GC10T	10682.0	3034	0.03379517	Tumor	P10	Smooth muscle cells	SMC_1	-0.49536022543907204	-9.131288528442381
GC10T:CAACCTCAGGAACTGC	GC10T	15990.0	3599	0.05146967	Tumor	P10	Fibroblasts	Fib_1	-6.78431940078735	6.66281795501709
GC10T:CAACCTCCAGGTCCAC	GC10T	52707.0	7128	0.08467566	Tumor	P10	Endothelial cells	Endo_4	10.8563785552979	-5.14175033569336
GC10T:CAACCTCGTGATAAAC	GC10T	9891.0	3270	0.03973309	Tumor	P10	Endothelial cells	Endo_1	13.012507438659698	-2.17055773735046
GC10T:CAACCTCTCATCTGCC	GC10T	36015.0	5891	0.052311536	Tumor	P10	Fibroblasts	Fib_1	-5.46202754974365	6.27858591079712
GC10T:CAACTAGAGCCTCGTG	GC10T	6868.0	2246	0.06624927	Tumor	P10	Fibroblasts	Fib_1	-8.96884632110596	5.731022834777829
GC10T:CAACTAGAGCTAGTCT	GC10T	12124.0	2613	0.05707687	Tumor	P10	Fibroblasts	Fib_1	-8.257993698120119	6.02744197845459
GC10T:CAACTAGAGGGTCGAT	GC10T	4326.0	1477	0.022422561	Tumor	P10	Smooth muscle cells	SMC_2	-4.05089282989502	-12.0031023025513
GC10T:CAACTAGCAACTGCTA	GC10T	15755.0	3626	0.035036497	Tumor	P10	Fibroblasts	Fib_1	-6.53092813491821	6.55444526672363
GC10T:CAAGAAAGTGCCTGGT	GC10T	14383.0	3446	0.037474796	Tumor	P10	Fibroblasts	Fib_1	-7.375930309295651	5.05712223052979
GC10T:CAAGAAAGTTGTGGAG	GC10T	17827.0	3891	0.058058	Tumor	P10	Fibroblasts	Fib_1	-6.3249983787536594	6.55388593673706
GC10T:CAAGATCAGTTAACGA	GC10T	15156.0	4013	0.05885458	Tumor	P10	Fibroblasts	Fib_1	-7.757939338684079	5.687546253204349
GC10T:CAAGGCCCACACGCTG	GC10T	6983.0	2420	0.05384505	Tumor	P10	Smooth muscle cells	SMC_1	0.39840355515479997	-11.9558687210083
GC10T:CAAGGCCCAGACAGGT	GC10T	13276.0	3604	0.054082554	Tumor	P10	Smooth muscle cells	SMC_1	-0.0970105081796646	-11.9732980728149
GC10T:CAAGGCCGTCGATTGT	GC10T	1032.0	585	0.1637597	Tumor	P10	Endothelial cells	Endo_1	10.394097328186001	-1.32857024669647
GC10T:CAAGTTGGTATAAACG	GC10T	6568.0	2435	0.0522229	Tumor	P10	Smooth muscle cells	SMC_1	-0.725121438503265	-12.612689971923801
GC10T:CAAGTTGGTGTCCTCT	GC10T	13435.0	3519	0.04056569	Tumor	P10	Fibroblasts	Fib_1	-7.8869314193725595	7.92866086959839
GC10T:CACAAACAGGACAGCT	GC10T	9150.0	2653	0.04295082	Tumor	P10	Smooth muscle cells	SMC_1	0.0505305528640747	-11.985110282897901
GC10T:CACAAACCAAGTCATC	GC10T	10499.0	3078	0.061624918	Tumor	P10	Smooth muscle cells	SMC_1	0.904600501060486	-11.2237720489502
GC10T:CACAAACGTCTTGATG	GC10T	28521.0	4710	0.037305843	Tumor	P10	Smooth muscle cells	SMC_1	0.4660161733627321	-8.655429840087889
GC10T:CACACAACACAACGCC	GC10T	7829.0	2574	0.041895516	Tumor	P10	Smooth muscle cells	SMC_1	-1.4058219194412198	-12.1092844009399
GC10T:CACACAAGTCCTCTTG	GC10T	8725.0	2912	0.06968481	Tumor	P10	Smooth muscle cells	SMC_1	-2.23854947090149	-12.0796871185303
GC10T:CACACAATCAGTTCGA	GC10T	10237.0	3004	0.036436457	Tumor	P10	Smooth muscle cells	SMC_1	-0.419693857431412	-10.1279735565186
GC10T:CACACAATCTAGCACA	GC10T	8116.0	3081	0.054706752	Tumor	P10	Endothelial cells	Endo_1	12.6199064254761	-2.5470197200775098
GC10T:CACACCTTCTCCCTGA	GC10T	9601.0	2893	0.04405791	Tumor	P10	Smooth muscle cells	SMC_1	0.387137323617935	-10.3440952301025
GC10T:CACACTCCAAGTCTAC	GC10T	12062.0	3620	0.05247886	Tumor	P10	Endothelial cells	Endo_1	12.722181320190401	0.264606386423111
GC10T:CACACTCTCAGCATGT	GC10T	7331.0	2713	0.013913518	Tumor	P10	Endothelial cells	Endo_4	12.122196197509801	-5.042945861816411
GC10T:CACAGGCCACAAGACG	GC10T	17081.0	4197	0.041859377	Tumor	P10	Smooth muscle cells	SMC_1	-0.234069064259529	-9.36494731903076
GC10T:CACAGTAAGCCAGTAG	GC10T	4092.0	1527	0.076246336	Tumor	P10	Smooth muscle cells	SMC_1	-1.59535253047943	-12.3364715576172
GC10T:CACAGTAGTAGCACGA	GC10T	15107.0	3837	0.0455418	Tumor	P10	Smooth muscle cells	SMC_1	1.11233568191528	-10.8220539093018
GC10T:CACATAGAGACCCACC	GC10T	5299.0	1933	0.057746746	Tumor	P10	Smooth muscle cells	SMC_1	0.927992582321167	-11.912798881530799
GC10T:CACATAGAGGTGCACA	GC10T	13758.0	3398	0.050370693	Tumor	P10	Fibroblasts	Fib_1	-6.2801079750061	6.501050472259519
GC10T:CACATAGCAGCATGAG	GC10T	27084.0	4917	0.0534633	Tumor	P10	Fibroblasts	Fib_1	-5.60707950592041	6.32317352294922
GC10T:CACATTTGTCGGGTCT	GC10T	20347.0	4295	0.045657836	Tumor	P10	Smooth muscle cells	SMC_1	0.689899504184723	-9.4146614074707
GC10T:CACCACTGTCCATGAT	GC10T	27185.0	4859	0.06095273	Tumor	P10	Fibroblasts	Fib_1	-6.240411758422849	5.72444295883179
GC10T:CACCACTTCAGCTCTC	GC10T	8442.0	2200	0.059938405	Tumor	P10	Fibroblasts	Fib_1	-7.71546983718872	5.81479215621948
GC10T:CACCAGGCACTTAAGC	GC10T	5442.0	1943	0.06486586	Tumor	P10	Smooth muscle cells	SMC_1	0.378838986158371	-12.244086265564
GC10T:CACCAGGCATGTTCCC	GC10T	15310.0	3769	0.0369693	Tumor	P10	Smooth muscle cells	SMC_1	-0.222655743360519	-9.08617210388184
GC10T:CACCAGGGTAAATACG	GC10T	9781.0	3299	0.034250077	Tumor	P10	Fibroblasts	Fib_1	-7.4503698348999	7.65238809585571
GC10T:CACCTTGGTCACCCAG	GC10T	17838.0	3878	0.026011884	Tumor	P10	Fibroblasts	Fib_1	-8.490054130554201	5.72918176651001
GC10T:CACCTTGGTCGACTAT	GC10T	8861.0	2731	0.04062747	Tumor	P10	Smooth muscle cells	SMC_1	-0.891854166984558	-11.7484045028687
GC10T:CACCTTGGTGGGTCAA	GC10T	6964.0	2612	0.050258473	Tumor	P10	Endothelial cells	Endo_1	12.91392993927	-2.14821457862854
GC10T:CACTCCACAAATTGCC	GC10T	15143.0	3730	0.069801226	Tumor	P10	Fibroblasts	Fib_1	-7.08963918685913	7.06404685974121
GC10T:CACTCCATCCGTTGTC	GC10T	4948.0	1709	0.044866614	Tumor	P10	Smooth muscle cells	SMC_1	-2.75731730461121	-11.58167552948
GC10T:CACTCCATCGTGTAGT	GC10T	9390.0	2939	0.05835996	Tumor	P10	Smooth muscle cells	SMC_1	-0.36061823368072493	-9.23148822784424
GC10T:CAGAATCCAGTATCTG	GC10T	18539.0	3935	0.036517613	Tumor	P10	Smooth muscle cells	SMC_1	0.22457301616668698	-9.24086093902588
GC10T:CAGAATCTCCCTAACC	GC10T	16448.0	3902	0.04006566	Tumor	P10	Smooth muscle cells	SMC_1	-0.645285785198212	-8.970460891723631
GC10T:CAGAATCTCTTGCAAG	GC10T	5487.0	1715	0.18953891	Tumor	P10	Smooth muscle cells	SMC_1	0.6494711637496949	-9.620062828063961
GC10T:CAGAGAGCACACATGT	GC10T	4901.0	1835	0.052234236	Tumor	P10	Smooth muscle cells	SMC_1	-1.59806001186371	-12.4949541091919
GC10T:CAGAGAGTCGCCATAA	GC10T	7213.0	2445	0.07375572	Tumor	P10	Smooth muscle cells	SMC_1	0.0572396777570248	-12.181676864624
GC10T:CAGAGAGTCGGCGCTA	GC10T	2813.0	972	0.12726626	Tumor	P10	Fibroblasts	Fib_1	-7.19024324417114	6.703740119934079
GC10T:CAGATCACAGAGCCAA	GC10T	6608.0	2204	0.14467312	Tumor	P10	Fibroblasts	Fib_1	-8.12867736816406	5.94425249099731
GC10T:CAGCAGCAGACGCTTT	GC10T	12573.0	3633	0.049550623	Tumor	P10	Smooth muscle cells	SMC_1	-0.39681062102317793	-8.96632385253906
GC10T:CAGCAGCGTCAACATC	GC10T	17390.0	3868	0.045140885	Tumor	P10	Smooth muscle cells	SMC_1	0.4058698117733	-9.57280540466309
GC10T:CAGCAGCGTGTGGCTC	GC10T	15786.0	4221	0.01767389	Tumor	P10	Fibroblasts	Fib_1	-8.96177005767822	5.90030384063721
GC10T:CAGCAGCTCCAAACTG	GC10T	5518.0	1811	0.029358463	Tumor	P10	Fibroblasts	Fib_1	-8.10689640045166	6.84932422637939
GC10T:CAGCATAAGAGTCTGG	GC10T	17112.0	3891	0.043244507	Tumor	P10	Fibroblasts	Fib_1	-8.45102024078369	5.5034074783325195
GC10T:CAGCATATCGCATGGC	GC10T	17665.0	4647	0.030342486	Tumor	P10	Endothelial cells	Endo_1	12.6462650299072	-2.08543062210083
GC10T:CAGCGACTCTTACCGC	GC10T	7605.0	2413	0.040368177	Tumor	P10	Smooth muscle cells	SMC_1	0.7567598223686222	-11.761540412902802
GC10T:CAGCTAACATGCCCGA	GC10T	23019.0	4519	0.024631826	Tumor	P10	Fibroblasts	Fib_1	-6.053106784820559	6.54652881622314
GC10T:CAGCTAAGTATGAAAC	GC10T	2709.0	1210	0.26208934	Tumor	P10	Endothelial cells	Endo_1	12.5623722076416	-1.14476001262665
GC10T:CAGCTAAGTGTGTGCC	GC10T	16008.0	4033	0.033733133	Tumor	P10	Fibroblasts	Fib_1	-7.72778606414795	5.10298013687134
GC10T:CAGCTGGAGAAACCTA	GC10T	7471.0	2604	0.041359924	Tumor	P10	Smooth muscle cells	SMC_1	0.830233812332153	-11.243260383606
GC10T:CAGCTGGTCCACGCAG	GC10T	2681.0	1398	0.1462141	Tumor	P10	Endothelial cells	Endo_1	12.5468597412109	-1.86432993412018
GC10T:CAGCTGGTCTCAAACG	GC10T	3762.0	1568	0.10473152	Tumor	P10	Smooth muscle cells	SMC_1	0.30370882153511	-10.737502098083501
GC10T:CAGGTGCAGCCCAATT	GC10T	15661.0	3596	0.034161292	Tumor	P10	Fibroblasts	Fib_1	-7.82187223434448	7.537542343139651
GC10T:CAGGTGCAGTGTCCCG	GC10T	6517.0	2288	0.11477674	Tumor	P10	Smooth muscle cells	SMC_1	-0.0642983615398407	-9.990397453308109
GC10T:CAGGTGCGTCCATCCT	GC10T	14476.0	3522	0.05388229	Tumor	P10	Smooth muscle cells	SMC_1	0.780193209648132	-9.568136215209961
GC10T:CAGGTGCTCGGCTTGG	GC10T	7029.0	2430	0.083795704	Tumor	P10	Fibroblasts	Fib_1	-8.82242012023926	5.81458044052124
GC10T:CAGTAACAGAGACGAA	GC10T	7635.0	2652	0.04309103	Tumor	P10	Endothelial cells	Endo_1	11.900856018066401	0.98737633228302
GC10T:CAGTCCTAGCGTGAGT	GC10T	11811.0	3640	0.037084073	Tumor	P10	Endothelial cells	Endo_1	12.073344230651902	-2.9800751209258998
GC10T:CAGTCCTCACTTCGAA	GC10T	3666.0	1478	0.043644298	Tumor	P10	Smooth muscle cells	SMC_1	-1.49364745616913	-12.4419679641724
GC10T:CAGTCCTTCACCCTCA	GC10T	8204.0	2377	0.079229645	Tumor	P10	Smooth muscle cells	SMC_1	0.7338930368423459	-10.4973039627075
GC10T:CATATGGGTCTTCTCG	GC10T	10625.0	3039	0.059858825	Tumor	P10	Fibroblasts	Fib_1	-7.28757381439209	6.46010446548462
GC10T:CATATGGTCGTCACGG	GC10T	4557.0	1825	0.048935704	Tumor	P10	Smooth muscle cells	SMC_1	-1.71773970127106	-12.2533569335938
GC10T:CATATTCAGACTTTCG	GC10T	8712.0	2864	0.060606062	Tumor	P10	Fibroblasts	Fib_1	-7.77700328826904	7.39932775497437
GC10T:CATATTCAGATACACA	GC10T	2033.0	799	0.13084112	Tumor	P10	Fibroblasts	Fib_4	-7.62279176712036	5.76996946334839
GC10T:CATATTCCATATGGTC	GC10T	5744.0	2203	0.058669917	Tumor	P10	Smooth muscle cells	SMC_1	-2.23220372200012	-12.8726301193237
GC10T:CATATTCGTAGCACGA	GC10T	7602.0	2190	0.06642988	Tumor	P10	Smooth muscle cells	SMC_1	0.559412956237793	-10.5157251358032
GC10T:CATATTCGTCAGAAGC	GC10T	2128.0	960	0.16729324	Tumor	P10	Endothelial cells	Endo_1	10.382962226867699	-1.05713105201721
GC10T:CATCAAGAGGCTAGGT	GC10T	14665.0	3950	0.04711899	Tumor	P10	Endothelial cells	Endo_1	13.5471792221069	-1.2044917345047
GC10T:CATCAAGTCCTCATTA	GC10T	6280.0	2093	0.05414013	Tumor	P10	Smooth muscle cells	SMC_1	0.8038959503173829	-11.9715843200684
GC10T:CATCAGAAGCTAACAA	GC10T	2114.0	1134	0.13765374	Tumor	P10	Endothelial cells	Endo_1	11.1291027069092	-1.50034976005554
GC10T:CATCAGATCATTTGGG	GC10T	16049.0	4048	0.032338463	Tumor	P10	Smooth muscle cells	SMC_1	-0.263875812292099	-9.13917064666748
GC10T:CATCCACCAAGACGTG	GC10T	6887.0	2785	0.037752286	Tumor	P10	Endothelial cells	Endo_4	12.1606540679932	-5.1736955642700195
GC10T:CATCCACCAATAAGCA	GC10T	9595.0	2729	0.060031265	Tumor	P10	Smooth muscle cells	SMC_1	-0.468754887580872	-9.8445463180542
GC10T:CATCCACCACTGTTAG	GC10T	15361.0	4235	0.050582644	Tumor	P10	Smooth muscle cells	SMC_1	0.117327891290188	-9.7866735458374
GC10T:CATCGAAAGGGCTCTC	GC10T	16044.0	3758	0.04394166	Tumor	P10	Fibroblasts	Fib_1	-7.885955810546879	8.05886077880859
GC10T:CATCGGGCACCCTATC	GC10T	27970.0	4849	0.033285663	Tumor	P10	Smooth muscle cells	SMC_1	0.7755124568939209	-8.727282524108888
GC10T:CATCGGGCATCACCCT	GC10T	1614.0	724	0.23482032	Tumor	P10	Smooth muscle cells	SMC_1	0.38597303628921503	-10.364888191223098
GC10T:CATGACACACATTCGA	GC10T	16538.0	3885	0.030172935	Tumor	P10	Fibroblasts	Fib_1	-8.3466854095459	5.53900814056396
GC10T:CATGACAGTGAGGGTT	GC10T	9716.0	3304	0.037772745	Tumor	P10	Endothelial cells	Endo_1	12.427257537841802	-0.529508054256439
GC10T:CATGACATCCACGACG	GC10T	4132.0	1348	0.12221684	Tumor	P10	Smooth muscle cells	SMC_1	0.381994217634201	-11.170083999633801
GC10T:CATGACATCTAACCGA	GC10T	12404.0	3235	0.036762334	Tumor	P10	Fibroblasts	Fib_1	-8.82716655731201	5.64512538909912
GC10T:CATGCCTAGATGCCTT	GC10T	6714.0	2542	0.04929997	Tumor	P10	Smooth muscle cells	SMC_1	-1.84331333637238	-12.855429649353
GC10T:CATGCCTAGTCCAGGA	GC10T	21486.0	4512	0.040212233	Tumor	P10	Smooth muscle cells	SMC_1	0.439171075820923	-9.14252185821533
GC10T:CATGGCGGTTCAGCGC	GC10T	1353.0	648	0.23281597	Tumor	P10	Endothelial cells	Endo_1	10.8179187774658	-1.0980064868927
GC10T:CATGGCGTCAACCAAC	GC10T	5588.0	1947	0.035969935	Tumor	P10	Smooth muscle cells	SMC_1	0.33925691246986406	-11.9940357208252
GC10T:CATTCGCAGAATGTTG	GC10T	3183.0	1307	0.14263274	Tumor	P10	Smooth muscle cells	SMC_1	-0.38608938455581704	-11.6403331756592
GC10T:CATTCGCGTCTTGCGG	GC10T	19137.0	4419	0.031143857	Tumor	P10	Smooth muscle cells	SMC_1	-0.16134363412857097	-8.86823844909668
GC10T:CATTCGCTCCTCATTA	GC10T	4542.0	2007	0.028181419	Tumor	P10	Endothelial cells	Endo_1	12.270033836364698	-2.45649576187134
GC10T:CCAATCCCAAGACGTG	GC10T	8482.0	2892	0.047040794	Tumor	P10	Smooth muscle cells	SMC_1	-1.4601976871490498	-13.1081647872925
GC10T:CCAATCCCATTTCAGG	GC10T	5143.0	1730	0.03441571	Tumor	P10	Smooth muscle cells	SMC_1	0.6897695064544681	-10.3302478790283
GC10T:CCACCTACAGGCGATA	GC10T	7461.0	2601	0.053478085	Tumor	P10	Smooth muscle cells	SMC_1	-0.35842731595039395	-12.4531402587891
GC10T:CCACCTAGTGACAAAT	GC10T	14472.0	3712	0.05127142	Tumor	P10	Smooth muscle cells	SMC_1	-0.6518927812576291	-9.00358963012695
GC10T:CCACCTAGTGGTCCGT	GC10T	27642.0	4785	0.050611388	Tumor	P10	Fibroblasts	Fib_1	-5.41796016693115	5.92744588851929
GC10T:CCACGGAAGGACACCA	GC10T	7649.0	2552	0.04798013	Tumor	P10	Fibroblasts	Fib_1	-9.02624034881592	5.793279647827151
GC10T:CCACTACGTGCACCAC	GC10T	19565.0	4444	0.030104779	Tumor	P10	Fibroblasts	Fib_1	-9.2512092590332	5.58617925643921
GC10T:CCACTACGTTCGTTGA	GC10T	13732.0	3637	0.042601224	Tumor	P10	Endothelial cells	Endo_1	13.435062408447301	-1.2762748003006001
GC10T:CCACTACTCAGGTTCA	GC10T	565.0	364	0.19469027	Tumor	P10	Endothelial cells	Endo_1	10.694328308105499	-1.23014092445374
GC10T:CCACTACTCCAGTAGT	GC10T	13874.0	3602	0.035822403	Tumor	P10	Fibroblasts	Fib_1	-9.01374530792236	5.47184324264526
GC10T:CCAGCGACAGTGGAGT	GC10T	14187.0	3813	0.043067597	Tumor	P10	Smooth muscle cells	SMC_1	-0.753894567489624	-8.95583724975586
GC10T:CCAGCGATCATGTCCC	GC10T	812.0	431	0.18842365	Tumor	P10	Fibroblasts	Fib_3	-8.44210624694824	6.20004653930664
GC10T:CCAGCGATCATTCACT	GC10T	9698.0	3115	0.030521758	Tumor	P10	Smooth muscle cells	SMC_1	0.586607992649078	-11.0079174041748
GC10T:CCAGCGATCTTGAGGT	GC10T	3609.0	1505	0.2543641	Tumor	P10	Endothelial cells	Endo_1	13.0794334411621	-1.19631218910217
GC10T:CCATGTCCATGCCACG	GC10T	16707.0	3774	0.034416713	Tumor	P10	Fibroblasts	Fib_1	-6.726656913757321	6.44789552688599
GC10T:CCATGTCGTCCAGTTA	GC10T	5489.0	1991	0.029695755	Tumor	P10	Endothelial cells	Endo_1	12.3340539932251	0.237875431776047
GC10T:CCATGTCGTTATCACG	GC10T	8854.0	2646	0.069911905	Tumor	P10	Fibroblasts	Fib_1	-6.841008186340329	6.81533002853394
GC10T:CCATTCGGTATCGCAT	GC10T	12405.0	3396	0.04336961	Tumor	P10	Smooth muscle cells	SMC_1	-0.681383848190308	-8.96690845489502
GC10T:CCATTCGGTCGGGTCT	GC10T	9249.0	3200	0.03762569	Tumor	P10	Endothelial cells	Endo_1	12.804255485534698	-2.09583687782288
GC10T:CCATTCGGTGATAAGT	GC10T	15011.0	3814	0.044967026	Tumor	P10	Smooth muscle cells	SMC_1	-0.711472511291504	-9.05058193206787
GC10T:CCCAGTTGTAAGCACG	GC10T	2187.0	990	0.075445816	Tumor	P10	Fibroblasts	Fib_1	-8.72875118255615	6.02142095565796
GC10T:CCCAGTTTCGGTCTAA	GC10T	1290.0	819	0.12403101	Tumor	P10	Endothelial cells	Endo_1	10.517951965332001	-0.42765367031097395
GC10T:CCCATACAGCCTCGTG	GC10T	7052.0	2307	0.053885423	Tumor	P10	Endothelial cells	Endo_1	13.4052820205688	-1.2770383358001698
GC10T:CCCATACCATCCGTGG	GC10T	3422.0	1475	0.06750438	Tumor	P10	Fibroblasts	Fib_1	-7.92615270614624	7.79337501525879
GC10T:CCCTCCTAGACCACGA	GC10T	14918.0	3878	0.031907763	Tumor	P10	Smooth muscle cells	SMC_1	0.829320073127747	-10.432074546813999
GC10T:CCCTCCTCACGTCAGC	GC10T	12125.0	3283	0.05327835	Tumor	P10	Fibroblasts	Fib_1	-8.327073097229	5.61984395980835
GC10T:CCCTCCTCAGACACTT	GC10T	2503.0	1261	0.19456652	Tumor	P10	Endothelial cells	Endo_1	11.718796730041499	-0.9379622340202328
GC10T:CCCTCCTCAGCCAGAA	GC10T	5961.0	1638	0.09713136	Tumor	P10	Fibroblasts	Fib_1	-7.667415618896481	5.80657720565796
GC10T:CCGGGATAGCTCTCGG	GC10T	27276.0	5062	0.036295645	Tumor	P10	Fibroblasts	Fib_1	-6.8406720161438	5.91502380371094
GC10T:CCGGGATAGGCTATCT	GC10T	9751.0	2759	0.05127679	Tumor	P10	Smooth muscle cells	SMC_1	0.301719307899475	-9.72865676879883
GC10T:CCGGGATCACGACGAA	GC10T	18120.0	4298	0.05794702	Tumor	P10	Smooth muscle cells	SMC_1	0.059773862361907994	-10.752134323120101
GC10T:CCGGGATGTTCCGGCA	GC10T	9608.0	3128	0.03465862	Tumor	P10	Endothelial cells	Endo_1	12.0331869125366	-1.39921808242798
GC10T:CCGGGATTCGCATGAT	GC10T	1737.0	857	0.27000576	Tumor	P10	Smooth muscle cells	SMC_1	0.0108312238007784	-12.4535436630249
GC10T:CCGGTAGCATGGGACA	GC10T	14945.0	4104	0.04563399	Tumor	P10	Smooth muscle cells	SMC_1	-0.6067965030670172	-9.13548469543457
GC10T:CCGTACTAGCGTAATA	GC10T	19815.0	4317	0.05359576	Tumor	P10	Smooth muscle cells	SMC_1	0.142035081982613	-9.18165588378906
GC10T:CCGTACTAGGCCCTTG	GC10T	16639.0	3774	0.044834424	Tumor	P10	Fibroblasts	Fib_1	-7.828686714172361	5.35066413879395
GC10T:CCGTACTCACCGATAT	GC10T	5724.0	2117	0.042278126	Tumor	P10	Smooth muscle cells	SMC_1	-1.6248672008514398	-12.641118049621598
GC10T:CCGTACTCATGCCCGA	GC10T	9319.0	2992	0.027148835	Tumor	P10	Smooth muscle cells	SMC_1	0.632607042789459	-11.072868347167999
GC10T:CCGTGGAGTTTAAGCC	GC10T	16569.0	3779	0.05866377	Tumor	P10	Fibroblasts	Fib_1	-6.4362068176269505	6.655292510986331
GC10T:CCGTGGATCGACAGCC	GC10T	3621.0	1423	0.12040873	Tumor	P10	Smooth muscle cells	SMC_1	0.106020554900169	-11.932271003723098
GC10T:CCGTTCAGTTTACTCT	GC10T	5869.0	2008	0.049241778	Tumor	P10	Smooth muscle cells	SMC_1	-0.23945955932140398	-10.1959857940674
GC10T:CCTAAAGAGGAATTAC	GC10T	6791.0	2527	0.0356354	Tumor	P10	Endothelial cells	Endo_1	12.343647003173801	0.6180970072746279
GC10T:CCTAAAGGTAAAGGAG	GC10T	16372.0	3776	0.04568776	Tumor	P10	Fibroblasts	Fib_1	-6.86945104598999	6.33715677261353
GC10T:CCTAAAGGTCATTAGC	GC10T	38878.0	4977	0.051931683	Tumor	P10	Fibroblasts	Fib_1	-5.23432207107544	6.04457139968872
GC10T:CCTAAAGTCGGACAAG	GC10T	15761.0	3362	0.103356384	Tumor	P10	Fibroblasts	Fib_1	-9.24538421630859	5.861028671264651
GC10T:CCTAAAGTCGTCCGTT	GC10T	14708.0	3045	0.04480555	Tumor	P10	Fibroblasts	Fib_1	-7.36646223068237	5.2705359458923295
GC10T:CCTACACAGCTGTTCA	GC10T	18449.0	3880	0.051655915	Tumor	P10	Fibroblasts	Fib_1	-6.49646091461182	6.926733493804929
GC10T:CCTACACAGGCCCTTG	GC10T	7057.0	2493	0.03117472	Tumor	P10	Endothelial cells	Endo_1	13.374995231628402	-1.36650323867798
GC10T:CCTACACCACATCCAA	GC10T	14439.0	3796	0.048341297	Tumor	P10	Smooth muscle cells	SMC_1	0.518166601657867	-9.61789226531982
GC10T:CCTACACGTAGCGCTC	GC10T	7095.0	2513	0.044820298	Tumor	P10	Smooth muscle cells	SMC_1	-0.7000954747200009	-12.577939987182601
GC10T:CCTACACGTCTCTCTG	GC10T	12022.0	3041	0.054317087	Tumor	P10	Fibroblasts	Fib_1	-6.323195934295651	6.12811374664307
GC10T:CCTACACTCTTGCAAG	GC10T	14143.0	3731	0.048999503	Tumor	P10	Smooth muscle cells	SMC_1	0.5831395983695981	-11.2809638977051
GC10T:CCTACCAAGGTCATCT	GC10T	21762.0	5155	0.025870783	Tumor	P10	Fibroblasts	Fib_1	-9.16997241973877	5.59818935394287
GC10T:CCTACCACACATTAGC	GC10T	34031.0	5596	0.05095354	Tumor	P10	Myofibroblasts	Myofibroblasts	-7.9629421234130895	0.778332352638245
GC10T:CCTACCACATGGAATA	GC10T	7449.0	2549	0.035575245	Tumor	P10	Smooth muscle cells	SMC_1	0.31770196557045	-12.4662399291992
GC10T:CCTACCACATTACGAC	GC10T	10619.0	3099	0.07373576	Tumor	P10	Fibroblasts	Fib_1	-9.243814468383789	5.721545219421389
GC10T:CCTACCAGTCTCGTTC	GC10T	20924.0	4601	0.043156184	Tumor	P10	Smooth muscle cells	SMC_1	0.561324894428253	-9.642537117004391
GC10T:CCTAGCTTCCGATATG	GC10T	1386.0	794	0.19480519	Tumor	P10	Fibroblasts	Fib_1	-7.903063774108889	6.75728178024292
GC10T:CCTCAGTGTCGGGTCT	GC10T	5945.0	1942	0.055172414	Tumor	P10	Fibroblasts	Fib_1	-8.994553565979	5.95259428024292
GC10T:CCTCAGTGTTCATGGT	GC10T	3993.0	1726	0.1492612	Tumor	P10	Endothelial cells	Endo_1	13.1667728424072	-1.57113373279572
GC10T:CCTCTGACAGCTCGCA	GC10T	6996.0	2605	0.029731276	Tumor	P10	Endothelial cells	Endo_1	12.859312057495101	0.0101013593375683
GC10T:CCTCTGAGTCATGCCG	GC10T	6023.0	2347	0.058442637	Tumor	P10	Smooth muscle cells	SMC_1	-1.69318783283234	-12.6664981842041
GC10T:CCTTCCCCAACACCTA	GC10T	7770.0	2656	0.046846848	Tumor	P10	Smooth muscle cells	SMC_1	-1.21510648727417	-12.978485107421902
GC10T:CCTTCCCGTCCATCCT	GC10T	11198.0	2826	0.058135383	Tumor	P10	Fibroblasts	Fib_1	-9.1362190246582	5.99687147140503
GC10T:CCTTTCTAGCTCCTTC	GC10T	22889.0	5310	0.05286382	Tumor	P10	Endothelial cells	Endo_4	11.892475128173801	-5.02593469619751
GC10T:CCTTTCTTCACTCTTA	GC10T	6848.0	2568	0.031542055	Tumor	P10	Smooth muscle cells	SMC_1	0.19195242226123801	-10.029043197631802
GC10T:CGACCTTAGCTCAACT	GC10T	15180.0	3760	0.034782607	Tumor	P10	Fibroblasts	Fib_1	-7.90546655654907	5.18567276000977
GC10T:CGACCTTCAGGTGCCT	GC10T	7488.0	2770	0.035924144	Tumor	P10	Smooth muscle cells	SMC_1	0.0429857447743416	-12.5498762130737
GC10T:CGACCTTTCAGCACAT	GC10T	13602.0	3329	0.04094986	Tumor	P10	Fibroblasts	Fib_1	-8.47418975830078	5.494122505187991
GC10T:CGACTTCAGCAGGCTA	GC10T	7559.0	2455	0.04180447	Tumor	P10	Smooth muscle cells	SMC_1	0.929109752178192	-11.206033706665002
GC10T:CGAGAAGAGGATGGAA	GC10T	6299.0	2443	0.06604223	Tumor	P10	Endothelial cells	Endo_1	12.244993209838901	-2.7500374317169203
GC10T:CGAGCACCAGGTGGAT	GC10T	28329.0	4837	0.062338945	Tumor	P10	Myofibroblasts	Myofibroblasts	-6.54460144042969	7.4871921539306605
GC10T:CGAGCACGTAATCACC	GC10T	19933.0	4045	0.041338485	Tumor	P10	Fibroblasts	Fib_1	-6.5338625907897905	7.101922988891599
GC10T:CGAGCACTCTTGTACT	GC10T	25369.0	4612	0.030391423	Tumor	P10	Fibroblasts	Fib_1	-9.24187469482422	5.460192680358889
GC10T:CGAGCCAAGATGTTAG	GC10T	22543.0	4732	0.041165773	Tumor	P10	Smooth muscle cells	SMC_1	0.42022141814231895	-9.12150573730469
GC10T:CGATCGGAGTACATGA	GC10T	7726.0	2422	0.060704116	Tumor	P10	Smooth muscle cells	SMC_1	-0.6234376430511469	-12.217262268066401
GC10T:CGATCGGAGTGCGATG	GC10T	5005.0	1895	0.04195804	Tumor	P10	Smooth muscle cells	SMC_1	-0.8184321522712711	-8.91093730926514
GC10T:CGATCGGCATCCAACA	GC10T	10297.0	3062	0.050500147	Tumor	P10	Smooth muscle cells	SMC_1	-0.38839131593704207	-12.585575103759801
GC10T:CGATCGGGTATATGGA	GC10T	12438.0	3359	0.04759608	Tumor	P10	Smooth muscle cells	SMC_1	1.17871522903442	-10.408247947692901
GC10T:CGATCGGGTCGACTGC	GC10T	4178.0	1753	0.050023936	Tumor	P10	Smooth muscle cells	SMC_1	-1.01151275634766	-12.8052396774292
GC10T:CGATGGCCAGATAATG	GC10T	9397.0	2870	0.04629137	Tumor	P10	Smooth muscle cells	SMC_1	0.865677356719971	-11.715415954589801
GC10T:CGATGGCCAGTAAGAT	GC10T	1662.0	955	0.07280385	Tumor	P10	Endothelial cells	Endo_1	10.3552770614624	-0.44402217864990207
GC10T:CGATGGCTCATGTCCC	GC10T	29367.0	4505	0.056628186	Tumor	P10	Fibroblasts	Fib_1	-5.39049434661865	6.02270746231079
GC10T:CGATGGCTCGACCAGC	GC10T	10619.0	2984	0.029852152	Tumor	P10	Fibroblasts	Fib_1	-6.681725978851321	6.8261981010437
GC10T:CGATGTAAGACCTTTG	GC10T	1611.0	766	0.25325885	Tumor	P10	Fibroblasts	Fib_1	-8.58323574066162	6.16605663299561
GC10T:CGATGTACACATGTGT	GC10T	14472.0	3432	0.05666114	Tumor	P10	Myofibroblasts	Myofibroblasts	-8.55294990539551	0.780015468597412
GC10T:CGATGTACACGAAATA	GC10T	17913.0	4314	0.04387875	Tumor	P10	Smooth muscle cells	SMC_1	-0.0929741337895393	-9.18980407714844
GC10T:CGATGTACAGTGACAG	GC10T	12998.0	3474	0.044391446	Tumor	P10	Endothelial cells	Endo_1	13.446531295776401	-1.41961169242859
GC10T:CGATGTATCTCTGAGA	GC10T	17549.0	4331	0.05191179	Tumor	P10	Endothelial cells	Endo_1	13.3775177001953	-0.983493745326996
GC10T:CGATTGACAGACGCAA	GC10T	6867.0	2352	0.040629096	Tumor	P10	Smooth muscle cells	SMC_1	-2.64025592803955	-12.394633293151902
GC10T:CGATTGACAGTTCATG	GC10T	24959.0	4813	0.06306342	Tumor	P10	Fibroblasts	Fib_1	-5.963801383972171	6.431180000305179
GC10T:CGATTGACATCCAACA	GC10T	42272.0	6780	0.06399035	Tumor	P10	Endothelial cells	Endo_1	12.042222976684599	-1.30121040344238
GC10T:CGATTGACATCCGCGA	GC10T	9926.0	3553	0.051178724	Tumor	P10	Endothelial cells	Endo_1	12.520914077758801	-3.49156951904297
GC10T:CGATTGAGTAAAGTCA	GC10T	7994.0	2990	0.04228171	Tumor	P10	Endothelial cells	Endo_1	13.113016128539998	-0.8822228908538822
GC10T:CGATTGATCAACGCTA	GC10T	8845.0	2808	0.064782366	Tumor	P10	Smooth muscle cells	SMC_1	-0.641784310340881	-12.4277801513672
GC10T:CGCCAAGGTAGGCATG	GC10T	4089.0	1463	0.05478112	Tumor	P10	Smooth muscle cells	SMC_1	-0.322922319173813	-9.03543090820312
GC10T:CGCGGTAAGAAAGTGG	GC10T	17171.0	4185	0.05992662	Tumor	P10	Endothelial cells	Endo_1	13.5172891616821	-1.2800800800323502
GC10T:CGCGGTAAGTTCGCGC	GC10T	6763.0	2555	0.06417271	Tumor	P10	Fibroblasts	Fib_1	-8.54426956176758	5.056156635284419
GC10T:CGCGGTACATGAGCGA	GC10T	16582.0	4268	0.046134364	Tumor	P10	Endothelial cells	Endo_1	13.2593545913696	-0.8356506228446959
GC10T:CGCGTTTGTGCGAAAC	GC10T	28387.0	5638	0.029133053	Tumor	P10	Endothelial cells	Endo_1	12.2441463470459	-3.71919894218445
GC10T:CGCTATCAGAAGGTGA	GC10T	6621.0	2391	0.04999245	Tumor	P10	Smooth muscle cells	SMC_1	0.0559072718024254	-12.2779369354248
GC10T:CGCTATCTCCGTACAA	GC10T	9032.0	2192	0.07462356	Tumor	P10	Fibroblasts	Fib_1	-6.469008922576901	5.54075574874878
GC10T:CGCTATCTCGGCGGTT	GC10T	6974.0	2504	0.07054775	Tumor	P10	Smooth muscle cells	SMC_1	-2.26150965690613	-13.111793518066401
GC10T:CGCTGGAAGAACTGTA	GC10T	5389.0	2134	0.17981073	Tumor	P10	Smooth muscle cells	SMC_1	0.38454264402389504	-10.5996942520142
GC10T:CGCTGGAAGACTAGAT	GC10T	7293.0	2480	0.07582614	Tumor	P10	Fibroblasts	Fib_1	-8.71874904632568	5.932815074920651
GC10T:CGCTGGATCAACCATG	GC10T	25932.0	5165	0.04369119	Tumor	P10	Smooth muscle cells	SMC_1	0.547310292720795	-9.393853187561039
GC10T:CGCTGGATCCCTCTTT	GC10T	23308.0	4526	0.056675818	Tumor	P10	Fibroblasts	Fib_1	-5.93010377883911	6.65258550643921
GC10T:CGCTGGATCTGCAGTA	GC10T	5025.0	1920	0.040995024	Tumor	P10	Smooth muscle cells	SMC_1	-1.4559725522995002	-12.6630411148071
GC10T:CGCTTCAAGAGCTATA	GC10T	6272.0	2318	0.051339287	Tumor	P10	Smooth muscle cells	SMC_1	-9.11777305603027	5.34495258331299
GC10T:CGCTTCAAGTGAATTG	GC10T	21455.0	4334	0.037380565	Tumor	P10	Fibroblasts	Fib_1	-8.67709159851074	5.664395332336429
GC10T:CGCTTCATCCTCCTAG	GC10T	14656.0	3201	0.018695414	Tumor	P10	Fibroblasts	Fib_1	-8.577663421630861	5.56728887557983
GC10T:CGGACACTCACTATTC	GC10T	11908.0	3324	0.041988578	Tumor	P10	Endothelial cells	Endo_1	13.435040473938	-1.67660343647003
GC10T:CGGACGTAGTCAAGGC	GC10T	12117.0	3213	0.042172156	Tumor	P10	Smooth muscle cells	SMC_1	0.25556242465972895	-9.53147888183594
GC10T:CGGACGTGTTAAGTAG	GC10T	5265.0	1862	0.052231718	Tumor	P10	Smooth muscle cells	SMC_1	-0.207719042897224	-12.221215248107901
GC10T:CGGACGTTCATGGTCA	GC10T	11181.0	3215	0.043466594	Tumor	P10	Smooth muscle cells	SMC_1	0.743919968605042	-11.8110618591309
GC10T:CGGACTGCAGCCTTTC	GC10T	16093.0	3935	0.0755608	Tumor	P10	Smooth muscle cells	SMC_1	0.282112449407578	-9.46319198608398
GC10T:CGGACTGCATCGATTG	GC10T	17651.0	3917	0.06917455	Tumor	P10	Fibroblasts	Fib_1	-7.54759407043457	5.1388831138610795
GC10T:CGGAGCTCACTAAGTC	GC10T	3093.0	1326	0.29485935	Tumor	P10	Endothelial cells	Endo_1	11.7428722381592	-0.779883742332458
GC10T:CGGAGCTTCTCCAGGG	GC10T	10043.0	3048	0.042915463	Tumor	P10	Endothelial cells	Endo_1	12.6008138656616	0.331448823213577
GC10T:CGGAGTCGTTACTGAC	GC10T	21186.0	4551	0.04517134	Tumor	P10	Smooth muscle cells	SMC_1	0.35286763310432395	-9.03104400634766
GC10T:CGGAGTCGTTGTCTTT	GC10T	9446.0	2801	0.078445904	Tumor	P10	Fibroblasts	Fib_1	-7.07636308670044	6.142868518829349
GC10T:CGGCTAGCACGCTTTC	GC10T	16611.0	4020	0.044789597	Tumor	P10	Fibroblasts	Fib_1	-8.31601619720459	5.71383190155029
GC10T:CGGCTAGTCGGAAATA	GC10T	14893.0	3648	0.04048882	Tumor	P10	Fibroblasts	Fib_1	-7.87191200256348	6.17005062103271
GC10T:CGGGTCAGTACACCGC	GC10T	10114.0	2875	0.04617362	Tumor	P10	Fibroblasts	Fib_1	-7.83249378204346	8.22611713409424
GC10T:CGGGTCATCATAGCAC	GC10T	11139.0	3143	0.04461801	Tumor	P10	Fibroblasts	Fib_1	-7.93342733383179	5.32434749603271
GC10T:CGTAGCGAGCGTGAAC	GC10T	5604.0	1997	0.03818701	Tumor	P10	Smooth muscle cells	SMC_1	0.616525173187256	-11.5552310943604
GC10T:CGTAGCGAGGCTCATT	GC10T	6892.0	2510	0.073853746	Tumor	P10	Smooth muscle cells	SMC_1	-1.58799386024475	-13.036496162414599
GC10T:CGTAGCGTCTGCAGTA	GC10T	16469.0	3128	0.070738964	Tumor	P10	Fibroblasts	Fib_1	-5.54104089736938	5.83693361282349
GC10T:CGTCACTAGCTACCTA	GC10T	14596.0	3572	0.04240888	Tumor	P10	Fibroblasts	Fib_1	-7.3740029335022	7.663082122802731
GC10T:CGTCACTCACATTAGC	GC10T	19694.0	4294	0.049304355	Tumor	P10	Smooth muscle cells	SMC_1	-0.0823344066739082	-8.92434883117676
GC10T:CGTCACTTCAGTTTGG	GC10T	12519.0	3166	0.04744788	Tumor	P10	Smooth muscle cells	SMC_1	-0.23009200394153603	-8.94666385650635
GC10T:CGTCCATAGGTGCAAC	GC10T	5325.0	2136	0.06535211	Tumor	P10	Smooth muscle cells	SMC_1	-1.43685436248779	-12.815373420715302
GC10T:CGTCCATCACAGGAGT	GC10T	7660.0	2445	0.050261095	Tumor	P10	Smooth muscle cells	SMC_1	0.5466508865356451	-12.185316085815401
GC10T:CGTCCATGTCAAAGCG	GC10T	10929.0	2814	0.06926526	Tumor	P10	Fibroblasts	Fib_1	-7.57646703720093	4.99384450912476
GC10T:CGTCTACAGAGAGCTC	GC10T	9644.0	2732	0.04396516	Tumor	P10	Fibroblasts	Fib_1	-6.491290092468259	6.941729545593259
GC10T:CGTCTACGTGCACGAA	GC10T	8554.0	2283	0.08323591	Tumor	P10	Smooth muscle cells	SMC_1	0.63581520318985	-10.951845169067399
GC10T:CGTGAGCAGTACGTTC	GC10T	917.0	547	0.122137405	Tumor	P10	Endothelial cells	Endo_1	10.681669235229501	-1.07764863967896
GC10T:CGTGAGCCAGCGTTCG	GC10T	6799.0	2405	0.069863215	Tumor	P10	Endothelial cells	Endo_1	13.3358860015869	-1.7896537780761699
GC10T:CGTGAGCTCTTGCAAG	GC10T	9692.0	2949	0.040652085	Tumor	P10	Smooth muscle cells	SMC_1	-0.0537414252758026	-12.1809778213501
GC10T:CGTGTAAAGGCTATCT	GC10T	10883.0	2714	0.024533676	Tumor	P10	Fibroblasts	Fib_1	-6.75382852554321	4.81031227111816
GC10T:CGTGTAAGTCATACTG	GC10T	6267.0	2383	0.03957236	Tumor	P10	Smooth muscle cells	SMC_1	0.542481303215027	-10.3818054199219
GC10T:CGTGTCTAGGATGTAT	GC10T	9823.0	3448	0.01985137	Tumor	P10	Endothelial cells	Endo_1	12.9170446395874	-2.26448392868042
GC10T:CGTGTCTCAGTGGGAT	GC10T	15266.0	3790	0.04984934	Tumor	P10	Endothelial cells	Endo_1	12.8971633911133	-0.015332399867475
GC10T:CGTGTCTTCATAACCG	GC10T	5673.0	2065	0.07332981	Tumor	P10	Smooth muscle cells	SMC_1	-0.427336394786835	-12.7477607727051
GC10T:CGTTAGAAGGAATGGA	GC10T	1801.0	882	0.12992781	Tumor	P10	Fibroblasts	Fib_1	-8.8068904876709	5.95170259475708
GC10T:CGTTAGAAGTGGTCCC	GC10T	9407.0	2552	0.041671097	Tumor	P10	Fibroblasts	Fib_1	-8.455371856689451	5.6450309753417995
GC10T:CGTTAGAGTACAGCAG	GC10T	1262.0	854	0.03645008	Tumor	P10	Endothelial cells	Endo_1	10.799808502197301	-1.24345135688782
GC10T:CGTTAGAGTATTCTCT	GC10T	21458.0	4482	0.032249045	Tumor	P10	Fibroblasts	Fib_1	-7.496018409729	5.0593900680542
GC10T:CGTTAGATCCGTAGGC	GC10T	18987.0	3943	0.062358458	Tumor	P10	Fibroblasts	Fib_1	-5.93496131896973	6.457754611968991
GC10T:CGTTCTGCAGCTATTG	GC10T	8403.0	2425	0.039628703	Tumor	P10	Fibroblasts	Fib_1	-8.05391120910645	6.09553623199463
GC10T:CGTTCTGCAGGTTTCA	GC10T	14939.0	3967	0.033871077	Tumor	P10	Endothelial cells	Endo_1	13.352010726928699	-1.1347199678421
GC10T:CGTTCTGGTAGGGACT	GC10T	9513.0	3145	0.05813098	Tumor	P10	Fibroblasts	Fib_1	-8.96816825866699	5.483111381530759
GC10T:CGTTGGGAGAGAACAG	GC10T	3511.0	1231	0.08174309	Tumor	P10	Fibroblasts	Fib_1	-7.90846300125122	6.74325895309448
GC10T:CGTTGGGAGCGTGAAC	GC10T	5332.0	1690	0.08458365	Tumor	P10	Fibroblasts	Fib_1	-9.01094341278076	6.000845432281491
GC10T:CGTTGGGCATGTAAGA	GC10T	24369.0	5004	0.075998195	Tumor	P10	Smooth muscle cells	SMC_1	-0.5778374671936041	-9.54139995574951
GC10T:CGTTGGGGTGACTACT	GC10T	11458.0	3385	0.056903474	Tumor	P10	Smooth muscle cells	SMC_1	0.442031562328339	-11.6058835983276
GC10T:CTAACTTAGACTGTAA	GC10T	2774.0	1206	0.29560202	Tumor	P10	Smooth muscle cells	SMC_1	0.22038476169109303	-10.67995262146
GC10T:CTAACTTGTCGCATAT	GC10T	19349.0	3891	0.030595897	Tumor	P10	Smooth muscle cells	SMC_1	-0.0518187917768955	-9.06597137451172
GC10T:CTAAGACTCCGTAGTA	GC10T	9976.0	2655	0.072072975	Tumor	P10	Smooth muscle cells	SMC_1	-0.9822364449501041	-12.602437019348098
GC10T:CTAAGACTCCTATGTT	GC10T	14010.0	3778	0.04147038	Tumor	P10	Smooth muscle cells	SMC_1	0.591582357883453	-9.91956806182861
GC10T:CTAATGGAGGATTCGG	GC10T	15161.0	3829	0.051118	Tumor	P10	Smooth muscle cells	SMC_1	0.759605705738068	-9.401731491088869
GC10T:CTACACCAGACAAGCC	GC10T	3522.0	1470	0.08461101	Tumor	P10	Endothelial cells	Endo_3	9.31429290771484	1.48549151420593
GC10T:CTACATTCACCGCTAG	GC10T	9486.0	3257	0.041851148	Tumor	P10	Endothelial cells	Endo_1	12.785360336303699	-2.2116758823394798
GC10T:CTACATTCACCGGAAA	GC10T	30205.0	5363	0.050951827	Tumor	P10	Fibroblasts	Fib_1	-9.009636878967289	5.72450351715088
GC10T:CTACATTTCTTGCCGT	GC10T	14466.0	3606	0.05143094	Tumor	P10	Fibroblasts	Fib_1	-7.211792469024661	8.37994003295898
GC10T:CTACCCACATCACGAT	GC10T	27004.0	4579	0.03825359	Tumor	P10	Smooth muscle cells	SMC_1	0.7236034274101261	-8.76088905334473
GC10T:CTACCCATCCTGCCAT	GC10T	18835.0	4418	0.023626227	Tumor	P10	Fibroblasts	Fib_1	-7.664434909820559	7.5831179618835405
GC10T:CTACGTCCAAAGTCAA	GC10T	9558.0	3102	0.021029504	Tumor	P10	Endothelial cells	Endo_1	12.720785140991199	-3.06049752235413
GC10T:CTACGTCGTCCGTTAA	GC10T	5267.0	1895	0.06208468	Tumor	P10	Endothelial cells	Endo_1	11.7204809188843	-2.81271266937256
GC10T:CTAGAGTAGAGCTGCA	GC10T	4526.0	1836	0.03844454	Tumor	P10	Smooth muscle cells	SMC_1	-1.29296219348907	-11.940582275390598
GC10T:CTAGAGTGTCGGATCC	GC10T	1554.0	610	0.1988417	Tumor	P10	Fibroblasts	Fib_1	-8.00295162200928	5.842961311340329
GC10T:CTAGCCTTCAACGAAA	GC10T	19977.0	4943	0.041798066	Tumor	P10	Endothelial cells	Endo_1	13.446676254272498	-1.36017024517059
GC10T:CTAGCCTTCGGTCCGA	GC10T	6263.0	2378	0.07121188	Tumor	P10	Endothelial cells	Endo_1	12.854320526122999	-2.28912091255188
GC10T:CTAGTGAGTACCGCTG	GC10T	1806.0	875	0.1683278	Tumor	P10	Fibroblasts	Fib_1	-6.50359964370728	4.51238203048706
GC10T:CTAGTGAGTCTAGAGG	GC10T	9189.0	2567	0.080422245	Tumor	P10	Smooth muscle cells	SMC_1	-0.21369598805904397	-9.09578895568848
GC10T:CTAGTGAGTGAGGGAG	GC10T	4970.0	1994	0.04587525	Tumor	P10	Smooth muscle cells	SMC_1	-0.9603838920593258	-12.2974681854248
GC10T:CTCACACCAGAAGCAC	GC10T	13742.0	3336	0.038858972	Tumor	P10	Fibroblasts	Fib_1	-6.584509372711179	4.984196186065669
GC10T:CTCACACGTCTCGTTC	GC10T	13540.0	3197	0.057828657	Tumor	P10	Fibroblasts	Fib_1	-6.01954984664917	5.7745676040649405
GC10T:CTCAGAAAGTTTCCTT	GC10T	16803.0	4443	0.048860323	Tumor	P10	Endothelial cells	Endo_1	13.3028984069824	-1.86730301380157
GC10T:CTCAGAACATCTACGA	GC10T	13215.0	3880	0.042830117	Tumor	P10	Fibroblasts	Fib_1	-8.14250373840332	4.84713125228882
GC10T:CTCCTAGCAGTGAGTG	GC10T	9338.0	3191	0.05782823	Tumor	P10	Smooth muscle cells	SMC_1	0.7650843262672421	-11.817466735839801
GC10T:CTCGAAAAGTCGATAA	GC10T	6754.0	2554	0.07225348	Tumor	P10	Smooth muscle cells	SMC_1	-0.11838877201080301	-11.0926055908203
GC10T:CTCGAGGAGTTCGCGC	GC10T	2854.0	1399	0.0480028	Tumor	P10	Endothelial cells	Endo_1	11.965275764465302	-2.33201503753662
GC10T:CTCGGAGTCTGCCAGG	GC10T	777.0	459	0.24710424	Tumor	P10	Endothelial cells	Endo_1	10.6477737426758	-1.2588691711425801
GC10T:CTCGGGAGTTGTCTTT	GC10T	9775.0	3033	0.08838875	Tumor	P10	Endothelial cells	Endo_1	12.9472761154175	-0.225041970610619
GC10T:CTCGGGAGTTGTTTGG	GC10T	14760.0	3646	0.03794038	Tumor	P10	Smooth muscle cells	SMC_1	0.386769503355026	-11.092011451721199
GC10T:CTCGGGAGTTTGGGCC	GC10T	5560.0	1932	0.06438849	Tumor	P10	Smooth muscle cells	SMC_1	0.0608130507171154	-9.83834266662598
GC10T:CTCGTACCAAAGGTGC	GC10T	8002.0	2883	0.04436391	Tumor	P10	Smooth muscle cells	SMC_1	-0.250136911869049	-12.674807548522901
GC10T:CTCGTACGTAAGGGCT	GC10T	4566.0	1889	0.12702584	Tumor	P10	Smooth muscle cells	SMC_1	0.36854642629623396	-11.3751277923584
GC10T:CTCGTCAAGGATTCGG	GC10T	7124.0	1958	0.09460977	Tumor	P10	Fibroblasts	Fib_1	-8.78048133850098	5.8397531509399405
GC10T:CTCGTCATCCAACCAA	GC10T	1081.0	589	0.21276596	Tumor	P10	Endothelial cells	Endo_1	10.6134243011475	-0.772224724292755
GC10T:CTCTAATAGCGATAGC	GC10T	3502.0	1423	0.16733295	Tumor	P10	Smooth muscle cells	SMC_1	0.717352449893951	-10.695150375366199
GC10T:CTCTAATTCTGATTCT	GC10T	3154.0	1682	0.12904249	Tumor	P10	Endothelial cells	Endo_1	12.714301109314	-1.9561524391174299
GC10T:CTCTACGCAAATCCGT	GC10T	10968.0	3053	0.048778266	Tumor	P10	Smooth muscle cells	SMC_1	0.133637249469757	-11.965757369995101
GC10T:CTCTACGGTAGGCATG	GC10T	25233.0	4632	0.039749533	Tumor	P10	Smooth muscle cells	SMC_1	0.664732754230499	-8.98571491241455
GC10T:CTCTACGGTCTTTCAT	GC10T	998.0	607	0.17735471	Tumor	P10	Endothelial cells	Endo_1	10.806863784789998	-1.04283797740936
GC10T:CTCTGGTGTACGCACC	GC10T	12490.0	3412	0.032586068	Tumor	P10	Smooth muscle cells	SMC_1	0.39736080169677707	-10.1269187927246
GC10T:CTGAAACAGACCACGA	GC10T	3717.0	1478	0.075329565	Tumor	P10	Smooth muscle cells	SMC_1	0.319284021854401	-11.588392257690401
GC10T:CTGAAACCACAAGACG	GC10T	14908.0	3595	0.080225386	Tumor	P10	Smooth muscle cells	SMC_1	0.7592256665229801	-9.73532772064209
GC10T:CTGAAACCACGGACAA	GC10T	9496.0	2600	0.047809605	Tumor	P10	Fibroblasts	Fib_1	-8.85358715057373	5.79590702056885
GC10T:CTGAAACCAGATGGCA	GC10T	6974.0	2296	0.035847433	Tumor	P10	Smooth muscle cells	SMC_1	-0.8635923266410831	-8.90475559234619
GC10T:CTGAAACGTGATGCCC	GC10T	9357.0	2903	0.044672437	Tumor	P10	Endothelial cells	Endo_1	12.628072738647498	-2.16010856628418
GC10T:CTGAAACTCCCTCAGT	GC10T	7337.0	2468	0.052337468	Tumor	P10	Smooth muscle cells	SMC_1	0.0162538848817348	-10.549521446228
GC10T:CTGAAGTAGAGAGCTC	GC10T	27093.0	4812	0.05632451	Tumor	P10	Fibroblasts	Fib_1	-6.59535455703735	5.81339263916016
GC10T:CTGATAGGTAGTACCT	GC10T	6300.0	2340	0.0484127	Tumor	P10	Smooth muscle cells	SMC_1	0.0840836763381958	-12.6281576156616
GC10T:CTGATAGGTGCGCTTG	GC10T	3617.0	1845	0.07077689	Tumor	P10	Endothelial cells	Endo_1	12.5711660385132	-1.91810023784637
GC10T:CTGATAGTCAAACGGG	GC10T	5297.0	2119	0.05663583	Tumor	P10	Endothelial cells	Endo_1	13.211240768432601	-1.8312464952468899
GC10T:CTGATCCTCATGTCCC	GC10T	9798.0	2944	0.056133904	Tumor	P10	Smooth muscle cells	SMC_1	-0.5269569158554079	-12.2183589935303
GC10T:CTGCCTAAGCGATAGC	GC10T	7672.0	2709	0.044968717	Tumor	P10	Smooth muscle cells	SMC_1	0.806859195232391	-11.841742515564
GC10T:CTGCGGATCTGTCTAT	GC10T	21069.0	4306	0.036214344	Tumor	P10	Smooth muscle cells	SMC_1	0.8853691220283509	-9.30857753753662
GC10T:CTGCGGATCTTTAGGG	GC10T	960.0	539	0.13333334	Tumor	P10	Endothelial cells	Endo_1	10.6608295440674	-0.45316466689109797
GC10T:CTGCTGTCAGTGGAGT	GC10T	14853.0	3992	0.03810678	Tumor	P10	Smooth muscle cells	SMC_1	0.9439187049865719	-11.229799270629899
GC10T:CTGCTGTCATCCCACT	GC10T	15800.0	3865	0.04708861	Tumor	P10	Smooth muscle cells	SMC_1	0.524429976940155	-10.9953556060791
GC10T:CTGCTGTGTTGTCGCG	GC10T	10899.0	3044	0.058996238	Tumor	P10	Fibroblasts	Fib_1	-6.03844213485718	5.87375545501709
GC10T:CTGGTCTAGAGCAATT	GC10T	29519.0	5275	0.036010705	Tumor	P10	Smooth muscle cells	SMC_1	0.8525241017341609	-9.00027370452881
GC10T:CTGGTCTAGCTGTCTA	GC10T	7315.0	1851	0.14750512	Tumor	P10	Fibroblasts	Fib_1	-7.7494034767150906	5.79451465606689
GC10T:CTGGTCTGTGCATCTA	GC10T	12843.0	3797	0.035739314	Tumor	P10	Endothelial cells	Endo_1	13.0174293518066	-1.1837234497070301
GC10T:CTGTGCTGTCGAAAGC	GC10T	10317.0	3018	0.050499175	Tumor	P10	Smooth muscle cells	SMC_1	1.1747628450393701	-10.3979349136353
GC10T:CTGTTTAGTCAGAATA	GC10T	20810.0	4494	0.05084094	Tumor	P10	Fibroblasts	Fib_1	-8.768798828125	5.421630859375
GC10T:CTGTTTAGTCGCATAT	GC10T	14437.0	3927	0.053127382	Tumor	P10	Fibroblasts	Fib_1	-6.04598236083984	5.83340120315552
GC10T:CTTAACTCATCACAAC	GC10T	989.0	586	0.15571284	Tumor	P10	Endothelial cells	Endo_1	10.6177654266357	-0.765038192272186
GC10T:CTTAACTGTCTAGCGC	GC10T	7372.0	2541	0.07555616	Tumor	P10	Smooth muscle cells	SMC_1	-1.4962145090103103	-12.654045104980499
GC10T:CTTACCGAGGAATGGA	GC10T	554.0	404	0.0054151625	Tumor	P10	Endothelial cells	Endo_1	10.2225189208984	-1.2111634016036998
GC10T:CTTAGGACAAAGAATC	GC10T	8219.0	2759	0.045139313	Tumor	P10	Smooth muscle cells	SMC_1	-1.3169473409652699	-12.745147705078098
GC10T:CTTAGGAGTCTAGCCG	GC10T	12650.0	3191	0.03130435	Tumor	P10	Fibroblasts	Fib_1	-8.64017486572266	5.64603471755981
GC10T:CTTAGGATCACATACG	GC10T	10331.0	2978	0.034943376	Tumor	P10	Fibroblasts	Fib_1	-7.66505908966064	5.3134970664978
GC10T:CTTCTCTAGGCCCTCA	GC10T	10955.0	3295	0.038521223	Tumor	P10	Smooth muscle cells	SMC_1	0.550915360450745	-12.2209463119507
GC10T:CTTCTCTCACAGAGGT	GC10T	574.0	376	0.21777004	Tumor	P10	Endothelial cells	Endo_1	10.4213151931763	-1.41499018669128
GC10T:CTTGGCTGTAGCTAAA	GC10T	9521.0	2863	0.089276336	Tumor	P10	Smooth muscle cells	SMC_1	0.8409412503242489	-10.964861869812
GC10T:CTTGGCTGTCTCGTTC	GC10T	6024.0	2081	0.05494688	Tumor	P10	Smooth muscle cells	SMC_1	0.499872148036957	-12.135504722595199
GC10T:CTTTGCGGTCTCGTTC	GC10T	5315.0	2051	0.0406397	Tumor	P10	Smooth muscle cells	SMC_1	-1.37808609008789	-12.944096565246598
GC10T:CTTTGCGTCAGTTAGC	GC10T	8520.0	2367	0.029577464	Tumor	P10	Smooth muscle cells	SMC_1	-0.262880653142929	-9.84288597106934
GC10T:GAAACTCAGATCGGGT	GC10T	4013.0	1666	0.04011961	Tumor	P10	Smooth muscle cells	SMC_1	-0.832836151123047	-12.0183439254761
GC10T:GAAACTCAGCCCAATT	GC10T	22342.0	4495	0.064363085	Tumor	P10	Smooth muscle cells	SMC_1	0.0834694355726242	-8.75728416442871
GC10T:GAAACTCAGGCATGTG	GC10T	11062.0	2754	0.042668596	Tumor	P10	Fibroblasts	Fib_1	-6.616238594055179	5.65300416946411
GC10T:GAAACTCGTATGGTTC	GC10T	6889.0	2387	0.047466975	Tumor	P10	Smooth muscle cells	SMC_1	0.8511859774589542	-11.8139314651489
GC10T:GAAACTCTCCCATTTA	GC10T	3966.0	1828	0.053706504	Tumor	P10	Endothelial cells	Endo_1	12.5209426879883	-2.58192348480225
GC10T:GAAATGAAGAACAACT	GC10T	1659.0	757	0.29776976	Tumor	P10	Smooth muscle cells	SMC_1	0.275629371404648	-10.7183208465576
GC10T:GAAATGAGTCATGCAT	GC10T	16935.0	3660	0.030764688	Tumor	P10	Fibroblasts	Fib_1	-6.08005523681641	6.306072235107419
GC10T:GAAATGAGTCCGTCAG	GC10T	18270.0	4426	0.040831964	Tumor	P10	Endothelial cells	Endo_1	13.0348482131958	-2.15237236022949
GC10T:GAACATCCAGTGGGAT	GC10T	7103.0	2266	0.06194566	Tumor	P10	Smooth muscle cells	SMC_1	-0.6588606238365171	-12.6709089279175
GC10T:GAACATCCATACCATG	GC10T	9680.0	2695	0.055475205	Tumor	P10	Fibroblasts	Fib_1	-7.084834098815921	6.73548126220703
GC10T:GAACCTAAGTCCGTAT	GC10T	5841.0	2215	0.052559495	Tumor	P10	Smooth muscle cells	SMC_1	-0.452290266752243	-11.9908905029297
GC10T:GAACCTAGTACGACCC	GC10T	10571.0	2810	0.03850156	Tumor	P10	Fibroblasts	Fib_1	-6.111181735992429	5.985150337219241
GC10T:GAACCTAGTTATCGGT	GC10T	11056.0	3417	0.03437048	Tumor	P10	Fibroblasts	Fib_1	-7.729549407958981	7.622535228729251
GC10T:GAACCTATCCAGAGGA	GC10T	15145.0	3732	0.044569165	Tumor	P10	Smooth muscle cells	SMC_1	0.318894177675247	-9.75649929046631
GC10T:GAACGGAAGGATGTAT	GC10T	18108.0	3992	0.040148	Tumor	P10	Fibroblasts	Fib_1	-6.9271354675292995	5.812649726867679
GC10T:GAAGCAGGTTCGCGAC	GC10T	29642.0	5130	0.044868767	Tumor	P10	Fibroblasts	Fib_1	-5.66365098953247	6.35209608078003
GC10T:GAATAAGAGCAGGTCA	GC10T	12683.0	3498	0.04525743	Tumor	P10	Smooth muscle cells	SMC_1	0.96424525976181	-10.5651741027832
GC10T:GAATAAGCAACGATGG	GC10T	13097.0	3888	0.04359777	Tumor	P10	Endothelial cells	Endo_1	11.999333381652802	-3.37417435646057
GC10T:GAATAAGCACCAGTTA	GC10T	16557.0	3872	0.09156248	Tumor	P10	Fibroblasts	Fib_1	-6.911563873291019	6.22972822189331
GC10T:GAATAAGCACGAAAGC	GC10T	9938.0	2944	0.046488225	Tumor	P10	Smooth muscle cells	SMC_1	0.873356938362122	-10.7114887237549
GC10T:GAATAAGTCATTTGGG	GC10T	17847.0	4618	0.051717374	Tumor	P10	Endothelial cells	Endo_1	12.8742361068726	-2.37216997146606
GC10T:GAATAAGTCCGAGCCA	GC10T	7701.0	2254	0.00012985326	Tumor	P10	Smooth muscle cells	SMC_1	-0.336164504289627	-9.0048770904541
GC10T:GAATGAAGTCGCGGTT	GC10T	14974.0	4121	0.0649793	Tumor	P10	Smooth muscle cells	SMC_1	0.233260452747345	-9.31747627258301
GC10T:GAATGAAGTGATGCCC	GC10T	8310.0	2699	0.025752107	Tumor	P10	Smooth muscle cells	SMC_1	-0.632844567298889	-9.03218173980713
GC10T:GACACGCAGACTGTAA	GC10T	26517.0	5232	0.045895085	Tumor	P10	Smooth muscle cells	SMC_1	0.654293954372406	-9.07419109344482
GC10T:GACACGCGTCAAACTC	GC10T	16885.0	3981	0.028131478	Tumor	P10	Smooth muscle cells	SMC_1	-1.90205240249634	-11.1274518966675
GC10T:GACACGCGTGATAAAC	GC10T	12892.0	2910	0.10595718	Tumor	P10	Fibroblasts	Fib_1	-5.64072751998901	5.82994937896729
GC10T:GACACGCTCTAACTCT	GC10T	7273.0	2594	0.07245978	Tumor	P10	Smooth muscle cells	SMC_1	-1.4936013221740703	-12.5588912963867
GC10T:GACACGCTCTCGCATC	GC10T	7202.0	2453	0.06081644	Tumor	P10	Smooth muscle cells	SMC_1	-1.55491721630096	-12.200775146484402
GC10T:GACACGCTCTGAGGGA	GC10T	4691.0	2012	0.1129823	Tumor	P10	Smooth muscle cells	SMC_1	-0.14672729372978197	-12.505628585815401
GC10T:GACCAATCACAGAGGT	GC10T	22945.0	4827	0.0323382	Tumor	P10	Fibroblasts	Fib_1	-7.72210025787354	8.13887596130371
GC10T:GACCAATGTCCAACTA	GC10T	15304.0	3710	0.029534763	Tumor	P10	Fibroblasts	Fib_1	-7.881915092468259	5.2794451713562
GC10T:GACCAATGTCTAGTGT	GC10T	23542.0	4416	0.05114264	Tumor	P10	Fibroblasts	Fib_1	-6.15471076965332	6.5025429725647
GC10T:GACCTGGCATTGGTAC	GC10T	12493.0	3330	0.043704476	Tumor	P10	Fibroblasts	Fib_1	-6.14804553985596	5.97615623474121
GC10T:GACCTGGGTTCATGGT	GC10T	20381.0	4389	0.04891811	Tumor	P10	Fibroblasts	Fib_1	-5.73871183395386	6.12478160858154
GC10T:GACGCGTAGAACAATC	GC10T	5316.0	2005	0.050037622	Tumor	P10	Smooth muscle cells	SMC_1	-1.33879709243774	-12.640482902526902
GC10T:GACGCGTAGAGATGAG	GC10T	18972.0	4390	0.02124183	Tumor	P10	Fibroblasts	Fib_1	-7.260870456695559	7.25104570388794
GC10T:GACGCGTAGCATCATC	GC10T	1715.0	937	0.16618076	Tumor	P10	Endothelial cells	Endo_1	10.926261901855499	-0.35788238048553495
GC10T:GACGCGTCACTAAGTC	GC10T	15413.0	3664	0.087264	Tumor	P10	Fibroblasts	Fib_1	-7.72251749038696	7.80507135391235
GC10T:GACGCGTCATACAGCT	GC10T	8473.0	2767	0.035996694	Tumor	P10	Endothelial cells	Endo_4	12.127837181091301	-4.49984121322632
GC10T:GACGCGTTCATGTCTT	GC10T	18769.0	4060	0.030635623	Tumor	P10	Fibroblasts	Fib_1	-8.77055835723877	5.8075737953186
GC10T:GACGGCTAGGGAACGG	GC10T	8860.0	2507	0.032392778	Tumor	P10	Fibroblasts	Fib_1	-8.04324531555176	5.86680793762207
GC10T:GACGGCTAGTGCAAGC	GC10T	13923.0	3486	0.06981254	Tumor	P10	Endothelial cells	Endo_1	13.1143579483032	-0.54317981004715
GC10T:GACGGCTCAGCCTTGG	GC10T	8393.0	3114	0.032407958	Tumor	P10	Endothelial cells	Endo_1	12.508054733276401	-3.5607962608337402
GC10T:GACGGCTCATACAGCT	GC10T	20654.0	4275	0.039847	Tumor	P10	Fibroblasts	Fib_1	-8.81094169616699	5.851901054382321
GC10T:GACGGCTTCCCTGACT	GC10T	14710.0	3971	0.063766144	Tumor	P10	Fibroblasts	Fib_1	-7.283672332763669	7.79172420501709
GC10T:GACGGCTTCTGTCTCG	GC10T	9929.0	2882	0.033739552	Tumor	P10	Fibroblasts	Fib_1	-8.518310546875	5.48071050643921
GC10T:GACGTGCTCCTCGCAT	GC10T	8902.0	2545	0.08470007	Tumor	P10	Smooth muscle cells	SMC_1	0.0462527014315128	-9.51485443115234
GC10T:GACGTTAAGACCACGA	GC10T	20654.0	3861	0.036699913	Tumor	P10	Fibroblasts	Fib_1	-6.10337686538696	5.981472969055179
GC10T:GACTAACCAAAGAATC	GC10T	8729.0	2760	0.07961966	Tumor	P10	Smooth muscle cells	SMC_1	-0.978201389312744	-13.0226593017578
GC10T:GACTAACGTCATCCCT	GC10T	8026.0	2456	0.059431847	Tumor	P10	Smooth muscle cells	SMC_1	-0.30154407024383506	-11.268636703491199
GC10T:GACTAACGTTGTCGCG	GC10T	5770.0	1906	0.0864818	Tumor	P10	Fibroblasts	Fib_1	-9.07511901855469	5.58604288101196
GC10T:GACTACACAGGACGTA	GC10T	20097.0	4589	0.031895306	Tumor	P10	Fibroblasts	Fib_1	-8.94706344604492	5.6525163650512695
GC10T:GACTGCGTCGCTAGCG	GC10T	12371.0	3218	0.044054642	Tumor	P10	Smooth muscle cells	SMC_1	-0.37914693355560297	-8.91595077514648
GC10T:GAGCAGACATCCTTGC	GC10T	13262.0	3279	0.0441864	Tumor	P10	Smooth muscle cells	SMC_1	-0.022878548130392997	-9.18784999847412
GC10T:GAGTCCGAGAGCTGCA	GC10T	7258.0	2516	0.053320475	Tumor	P10	Smooth muscle cells	SMC_1	-0.697489738464355	-12.5031070709229
GC10T:GAGTCCGCAATCCAAC	GC10T	14844.0	3773	0.058879007	Tumor	P10	Smooth muscle cells	SMC_1	-0.634263575077057	-11.833230972289998
GC10T:GAGTCCGGTACGACCC	GC10T	22731.0	4208	0.03273063	Tumor	P10	Fibroblasts	Fib_1	-6.226745128631589	5.897644519805911
GC10T:GAGTCCGTCAACACAC	GC10T	15333.0	4052	0.043566164	Tumor	P10	Smooth muscle cells	SMC_1	-0.2271458953619	-12.599693298339801
GC10T:GAGTCCGTCATCGCTC	GC10T	13151.0	3342	0.03429397	Tumor	P10	Fibroblasts	Fib_1	-7.5331597328186	7.573735237121579
GC10T:GAGTCCGTCGTGGACC	GC10T	10532.0	2870	0.022977592	Tumor	P10	Fibroblasts	Fib_1	-7.6236686706542995	7.394549369812009
GC10T:GATCGATTCAATACCG	GC10T	18139.0	3738	0.03313303	Tumor	P10	Fibroblasts	Fib_1	-6.139967918396	6.58830261230469
GC10T:GATCGCGTCGGAATCT	GC10T	2434.0	1071	0.13064913	Tumor	P10	Fibroblasts	Fib_1	-7.64341926574707	6.8477077484130895
GC10T:GATCGTAAGTGACTCT	GC10T	15353.0	4086	0.028072689	Tumor	P10	Fibroblasts	Fib_1	-7.58947610855103	6.65624141693115
GC10T:GATCGTACAACGATCT	GC10T	3872.0	1573	0.058109503	Tumor	P10	Smooth muscle cells	SMC_1	0.0920329019427299	-10.4951906204224
GC10T:GATCGTAGTAGTGAAT	GC10T	685.0	376	0.2029197	Tumor	P10	Fibroblasts	Fib_3	-8.74950313568115	6.12996244430542
GC10T:GATGAAACAGATGAGC	GC10T	5893.0	1845	0.049550314	Tumor	P10	Fibroblasts	Fib_1	-7.77638864517212	6.55723237991333
GC10T:GATGAGGAGCGTGTCC	GC10T	899.0	581	0.11679644	Tumor	P10	Fibroblasts	Fib_1	-8.44129276275635	6.11554622650146
GC10T:GATGAGGCAGCTATTG	GC10T	41820.0	6400	0.046365377	Tumor	P10	Endothelial cells	Endo_1	12.0138750076294	-1.2617305517196697
GC10T:GATGAGGGTGTGGCTC	GC10T	4091.0	1435	0.24272794	Tumor	P10	Myofibroblasts	Myofibroblasts	-8.651806831359862	0.6711773872375489
GC10T:GATGAGGTCTCCAGGG	GC10T	14118.0	3904	0.028190961	Tumor	P10	Fibroblasts	Fib_1	-7.84335088729858	7.01471948623657
GC10T:GATGCTACACGGCCAT	GC10T	14048.0	3327	0.053317197	Tumor	P10	Smooth muscle cells	SMC_1	1.04344463348389	-9.961324691772461
GC10T:GATGCTACAGCTGTTA	GC10T	574.0	436	0.06445993	Tumor	P10	Endothelial cells	Endo_1	10.5783395767212	-0.720780491828918
GC10T:GATGCTAGTCGGGTCT	GC10T	9979.0	2896	0.040084176	Tumor	P10	Fibroblasts	Fib_1	-6.72242212295532	7.05553340911865
GC10T:GATGCTATCTTTAGGG	GC10T	6622.0	2366	0.04258532	Tumor	P10	Smooth muscle cells	SMC_1	0.5907713770866391	-11.0613470077515
GC10T:GCAAACTAGAGTAATC	GC10T	25858.0	5299	0.052246887	Tumor	P10	Endothelial cells	Endo_1	13.4598484039307	-1.46677160263062
GC10T:GCAAACTCATGCCTTC	GC10T	8158.0	2598	0.04045109	Tumor	P10	Smooth muscle cells	SMC_1	0.831433534622192	-11.770057678222699
GC10T:GCAAACTGTATCAGTC	GC10T	5045.0	1887	0.16075322	Tumor	P10	Fibroblasts	Fib_1	-8.577343940734862	5.39492654800415
GC10T:GCAAACTGTGGAAAGA	GC10T	7723.0	2955	0.080279686	Tumor	P10	Endothelial cells	Endo_1	12.951892852783198	-1.7800606489181499
GC10T:GCACATACAGGAATGC	GC10T	12880.0	3322	0.042468943	Tumor	P10	Smooth muscle cells	SMC_1	1.1306836605072	-11.0148124694824
GC10T:GCACATATCCCTAATT	GC10T	23070.0	4457	0.044776767	Tumor	P10	Fibroblasts	Fib_1	-5.85537242889404	6.52686071395874
GC10T:GCACATATCTGATACG	GC10T	3764.0	1882	0.05791711	Tumor	P10	Endothelial cells	Endo_1	12.700451850891099	-2.24943208694458
GC10T:GCACTCTTCCATGCTC	GC10T	14691.0	4061	0.03491934	Tumor	P10	Endothelial cells	Endo_1	12.9813871383667	-2.2329869270324703
GC10T:GCAGCCAAGCAACGGT	GC10T	13773.0	3546	0.07289625	Tumor	P10	Smooth muscle cells	SMC_1	0.7607277035713199	-10.082808494567901
GC10T:GCAGCCAAGCGGATCA	GC10T	14994.0	3720	0.020274777	Tumor	P10	Fibroblasts	Fib_1	-8.41240692138672	5.428692817687991
GC10T:GCAGCCAAGCTATGCT	GC10T	19772.0	4724	0.039095692	Tumor	P10	Endothelial cells	Endo_1	13.298168182372999	-1.5676518678665199
GC10T:GCAGCCACAAATTGCC	GC10T	14694.0	3490	0.03586498	Tumor	P10	Smooth muscle cells	SMC_1	-0.21044966578483604	-8.970452308654789
GC10T:GCAGCCACAGGGTTAG	GC10T	15378.0	3771	0.042528287	Tumor	P10	Smooth muscle cells	SMC_1	0.941201150417328	-10.2218647003174
GC10T:GCAGTTACATAGTAAG	GC10T	14679.0	3459	0.036650997	Tumor	P10	Fibroblasts	Fib_1	-7.658019542694089	7.46871137619019
GC10T:GCAGTTACATGGTAGG	GC10T	14883.0	3815	0.032251563	Tumor	P10	Fibroblasts	Fib_1	-8.66666412353516	5.33285140991211
GC10T:GCAGTTATCTTGCCGT	GC10T	11817.0	3371	0.052889906	Tumor	P10	Endothelial cells	Endo_1	13.444332122802699	-1.58619952201843
GC10T:GCATACATCAGCGACC	GC10T	1973.0	1080	0.13025849	Tumor	P10	Endothelial cells	Endo_1	11.1957006454468	-0.8340758681297299
GC10T:GCATGATCAGCTGCTG	GC10T	3986.0	1773	0.046412442	Tumor	P10	Smooth muscle cells	SMC_1	-1.91421008110046	-12.9029598236084
GC10T:GCATGCGCATTTGCCC	GC10T	11458.0	3021	0.07174027	Tumor	P10	Fibroblasts	Fib_1	-8.92962265014648	5.718072891235349
GC10T:GCATGCGTCCACTGGG	GC10T	12981.0	3355	0.057083428	Tumor	P10	Smooth muscle cells	SMC_1	-0.18868561089038802	-8.805908203125
GC10T:GCATGTAGTCGCGTGT	GC10T	8451.0	2553	0.062477812	Tumor	P10	Smooth muscle cells	SMC_1	0.584400415420532	-10.9789428710938
GC10T:GCCAAATAGTGGTAGC	GC10T	14203.0	3581	0.04217419	Tumor	P10	Smooth muscle cells	SMC_1	-0.249319940805435	-9.10757350921631
GC10T:GCCAAATGTACAGACG	GC10T	20091.0	4443	0.024737444	Tumor	P10	Fibroblasts	Fib_1	-8.38886547088623	5.40734958648682
GC10T:GCCTCTACAAACGCGA	GC10T	10185.0	3129	0.027982326	Tumor	P10	Endothelial cells	Endo_1	12.4094400405884	-3.00224328041077
GC10T:GCCTCTAGTACTCGCG	GC10T	12888.0	3368	0.058814403	Tumor	P10	Fibroblasts	Fib_1	-6.4940910339355495	6.9903736114502
GC10T:GCCTCTAGTTCGGGCT	GC10T	3568.0	1434	0.16087444	Tumor	P10	Fibroblasts	Fib_1	-7.57073211669922	6.8945779800415
GC10T:GCGACCAAGCCATCGC	GC10T	24398.0	4535	0.038445774	Tumor	P10	Fibroblasts	Fib_1	-7.11318206787109	7.411126613616941
GC10T:GCGACCAAGGCACATG	GC10T	19442.0	4529	0.045108527	Tumor	P10	Endothelial cells	Endo_1	13.1980266571045	-0.8087623119354251
GC10T:GCGACCACAGTTTACG	GC10T	10797.0	3143	0.06242475	Tumor	P10	Fibroblasts	Fib_1	-6.87302732467651	5.67351484298706
GC10T:GCGACCAGTGGTACAG	GC10T	8922.0	2900	0.046514235	Tumor	P10	Smooth muscle cells	SMC_1	-0.7099903225898739	-12.221489906311
GC10T:GCGACCAGTTTGGGCC	GC10T	10856.0	2800	0.06825718	Tumor	P10	Fibroblasts	Fib_1	-8.00476741790771	7.7388420104980495
GC10T:GCGAGAACATAGTAAG	GC10T	11890.0	3859	0.036333054	Tumor	P10	Endothelial cells	Endo_1	11.6393070220947	-2.88129472732544
GC10T:GCGAGAAGTATGAATG	GC10T	22229.0	4816	0.058257233	Tumor	P10	Endothelial cells	Endo_1	13.1686248779297	-1.8675205707550002
GC10T:GCGAGAAGTTCCATGA	GC10T	13697.0	3781	0.023800833	Tumor	P10	Endothelial cells	Endo_4	12.060211181640598	-5.345051288604741
GC10T:GCGCAACCACCATCCT	GC10T	23149.0	4337	0.041945655	Tumor	P10	Fibroblasts	Fib_1	-5.81064414978027	6.44889116287231
GC10T:GCGCAGTAGAAGGGTA	GC10T	6270.0	2197	0.059968103	Tumor	P10	Smooth muscle cells	SMC_1	-0.20386853814125103	-12.097293853759801
GC10T:GCGCAGTGTCGGGTCT	GC10T	3858.0	1634	0.05158113	Tumor	P10	Smooth muscle cells	SMC_1	-0.9558833837509159	-12.009924888610803
GC10T:GCGCCAAAGCTAGTTC	GC10T	5208.0	1846	0.06778034	Tumor	P10	Smooth muscle cells	SMC_1	-0.586229681968689	-9.159299850463869
GC10T:GCGCCAACAGTTAACC	GC10T	18049.0	4481	0.038229264	Tumor	P10	Endothelial cells	Endo_1	13.4146785736084	-1.31780409812927
GC10T:GCGCCAAGTGTCAATC	GC10T	10256.0	3173	0.028568642	Tumor	P10	Endothelial cells	Endo_1	11.082113265991199	0.401703655719757
GC10T:GCGCCAATCTCGCTTG	GC10T	1223.0	698	0.19296812	Tumor	P10	Endothelial cells	Endo_1	10.517927169799801	-0.7827302813529972
GC10T:GCGCGATCACCGCTAG	GC10T	19370.0	4388	0.03076923	Tumor	P10	Fibroblasts	Fib_1	-6.812780857086179	5.72552490234375
GC10T:GCGGGTTGTGTGCCTG	GC10T	1732.0	962	0.0011547344	Tumor	P10	Endothelial cells	Endo_1	10.680720329284698	-1.09866976737976
GC10T:GCGGGTTGTTGGTGGA	GC10T	9916.0	3012	0.059398953	Tumor	P10	Endothelial cells	Endo_1	13.065767288208	-0.5684974193573
GC10T:GCGGGTTTCCCAAGTA	GC10T	6081.0	2245	0.06676534	Tumor	P10	Smooth muscle cells	SMC_1	-0.8031140565872191	-12.766825675964402
GC10T:GCTCCTAAGTTACGGG	GC10T	7669.0	2600	0.067675054	Tumor	P10	Smooth muscle cells	SMC_1	0.850651383399963	-10.718974113464402
GC10T:GCTCCTACAACTGCTA	GC10T	7879.0	2716	0.02931844	Tumor	P10	Smooth muscle cells	SMC_1	0.95717865228653	-11.2185754776001
GC10T:GCTCCTACAGTCTTCC	GC10T	5733.0	1986	0.053724054	Tumor	P10	Smooth muscle cells	SMC_1	-0.8334891796112059	-8.87150287628174
GC10T:GCTCCTACATAGGATA	GC10T	660.0	472	0.056060605	Tumor	P10	Fibroblasts	Fib_3	-8.58467483520508	6.06109809875488
GC10T:GCTCCTAGTGCCTGTG	GC10T	13208.0	3939	0.0647335	Tumor	P10	Endothelial cells	Endo_1	12.8710622787476	-2.1748034954071
GC10T:GCTCCTAGTGTGTGCC	GC10T	12583.0	3637	0.042279266	Tumor	P10	Endothelial cells	Endo_1	12.9823999404907	-1.1431581974029499
GC10T:GCTCTGTAGCTCCCAG	GC10T	2473.0	1102	0.059037607	Tumor	P10	Smooth muscle cells	SMC_1	-0.684442758560181	-11.801936149597198
GC10T:GCTCTGTCAAAGTCAA	GC10T	27517.0	5041	0.04288258	Tumor	P10	Smooth muscle cells	SMC_1	0.7108036875724789	-8.90709114074707
GC10T:GCTGCGAAGATGTGGC	GC10T	10097.0	3131	0.05684857	Tumor	P10	Smooth muscle cells	SMC_1	-0.7311174273490909	-12.4548692703247
GC10T:GCTGCGAGTCGACTAT	GC10T	8955.0	2792	0.028699052	Tumor	P10	Fibroblasts	Fib_1	-8.41308975219727	5.86672019958496
GC10T:GCTGCTTAGGCACATG	GC10T	44487.0	6176	0.046463013	Tumor	P10	Fibroblasts	Fib_1	-6.40793085098267	7.40657138824463
GC10T:GCTGCTTAGTGGACGT	GC10T	8398.0	2949	0.026792094	Tumor	P10	Endothelial cells	Endo_4	12.171802520752001	-5.23100709915161
GC10T:GCTGCTTCATCGGGTC	GC10T	11618.0	3396	0.038388707	Tumor	P10	Smooth muscle cells	SMC_1	0.30070310831069896	-12.504437446594201
GC10T:GCTGCTTGTGTTTGGT	GC10T	6828.0	2606	0.044522554	Tumor	P10	Smooth muscle cells	SMC_1	-0.45621699094772294	-12.508225440978999
GC10T:GCTGCTTTCGTGGTCG	GC10T	11838.0	3497	0.040462915	Tumor	P10	Endothelial cells	Endo_1	13.3913164138794	-1.6917535066604599
GC10T:GCTGGGTGTGCGAAAC	GC10T	17956.0	4021	0.037814658	Tumor	P10	Fibroblasts	Fib_1	-7.1111135482788095	5.35067319869995
GC10T:GCTTGAAAGAAGGTGA	GC10T	22890.0	4153	0.050502405	Tumor	P10	Fibroblasts	Fib_1	-5.889647960662839	6.10744857788086
GC10T:GCTTGAAAGCCCTAAT	GC10T	1521.0	776	0.051939514	Tumor	P10	Fibroblasts	Fib_1	-6.15812540054321	5.81833267211914
GC10T:GGAAAGCGTACAGCAG	GC10T	16630.0	4014	0.05357787	Tumor	P10	Smooth muscle cells	SMC_1	0.9540022015571591	-11.5991725921631
GC10T:GGAAAGCTCAAACAAG	GC10T	22159.0	4371	0.047249425	Tumor	P10	Fibroblasts	Fib_1	-7.50069379806519	5.06905651092529
GC10T:GGAATAAAGAGACTAT	GC10T	19423.0	3950	0.05704577	Tumor	P10	Fibroblasts	Fib_1	-9.23452472686768	5.74772024154663
GC10T:GGAATAACACCACGTG	GC10T	9137.0	3019	0.041589145	Tumor	P10	Endothelial cells	Endo_1	13.1694793701172	-1.4652817249298102
GC10T:GGAATAAGTGCACTTA	GC10T	6149.0	2378	0.08294032	Tumor	P10	Smooth muscle cells	SMC_1	0.347632497549057	-10.401385307312
GC10T:GGAATAAGTTACGACT	GC10T	20535.0	4307	0.06369613	Tumor	P10	Smooth muscle cells	SMC_1	-0.19352278113365198	-11.3508949279785
GC10T:GGAATAATCTGAGGGA	GC10T	2819.0	1133	0.24512239	Tumor	P10	Smooth muscle cells	SMC_1	-0.24459581077098802	-11.516134262084998
GC10T:GGACAAGCAATCCAAC	GC10T	12720.0	3397	0.029402515	Tumor	P10	Smooth muscle cells	SMC_1	-0.203167200088501	-10.0850419998169
GC10T:GGACAAGGTCTGCGGT	GC10T	5183.0	1883	0.090295196	Tumor	P10	Fibroblasts	Fib_1	-9.04525852203369	5.70259809494019
GC10T:GGACAGAAGAGTCGGT	GC10T	10819.0	3129	0.034014232	Tumor	P10	Smooth muscle cells	SMC_1	0.700216829776764	-10.364097595214801
GC10T:GGACAGAGTAGCGATG	GC10T	8677.0	2653	0.053820446	Tumor	P10	Smooth muscle cells	SMC_1	0.7848398685455319	-11.759129524231
GC10T:GGACAGATCTAACGGT	GC10T	7900.0	2486	0.050379746	Tumor	P10	Endothelial cells	Endo_1	13.0093507766724	-1.164466381073
GC10T:GGACATTTCCTCAACC	GC10T	13118.0	3469	0.038572952	Tumor	P10	Smooth muscle cells	SMC_1	0.86609297990799	-10.983811378478999
GC10T:GGACGTCTCTTAACCT	GC10T	15649.0	3728	0.05642533	Tumor	P10	Myofibroblasts	Myofibroblasts	-7.60866022109985	1.01576197147369
GC10T:GGAGCAAAGTGTACCT	GC10T	13787.0	3492	0.02799739	Tumor	P10	Fibroblasts	Fib_1	-8.87411785125732	5.68387269973755
GC10T:GGAGCAATCCCTAATT	GC10T	12523.0	3234	0.06300407	Tumor	P10	Fibroblasts	Fib_1	-6.28168725967407	6.47615385055542
GC10T:GGATGTTCACCTCGGA	GC10T	9151.0	3051	0.021527702	Tumor	P10	Fibroblasts	Fib_1	-8.186022758483888	5.5205593109130895
GC10T:GGATTACCACATCCAA	GC10T	7794.0	2438	0.025917372	Tumor	P10	Smooth muscle cells	SMC_1	0.807818949222565	-10.6643562316895
GC10T:GGATTACGTTCGAATC	GC10T	5702.0	2293	0.0489302	Tumor	P10	Smooth muscle cells	SMC_1	0.27930399775505105	-10.8584871292114
GC10T:GGCAATTAGACTAGGC	GC10T	13626.0	3948	0.0592984	Tumor	P10	Endothelial cells	Endo_1	12.864182472228999	-2.373703956604
GC10T:GGCAATTGTCTCTTAT	GC10T	14776.0	3763	0.04635896	Tumor	P10	Smooth muscle cells	SMC_1	0.29594168066978493	-9.65435218811035
GC10T:GGCAATTGTGCTAGCC	GC10T	4982.0	2018	0.044158973	Tumor	P10	Smooth muscle cells	SMC_1	-1.1244096755981399	-12.782206535339402
GC10T:GGCAATTTCCAGATCA	GC10T	15839.0	3764	0.027400719	Tumor	P10	Fibroblasts	Fib_1	-7.7646803855896	7.6160750389099094
GC10T:GGCAATTTCGAGGTAG	GC10T	20086.0	4449	0.029622622	Tumor	P10	Smooth muscle cells	SMC_1	0.3864395022392271	-9.43620586395264
GC10T:GGCCGATGTGTCTGAT	GC10T	14758.0	3644	0.06247459	Tumor	P10	Smooth muscle cells	SMC_1	0.439056128263474	-11.190678596496598
GC10T:GGCGTGTCACGGCGTT	GC10T	6938.0	2175	0.03488037	Tumor	P10	Fibroblasts	Fib_1	-8.60858535766602	5.734604358673099
GC10T:GGCGTGTTCTGCAGTA	GC10T	5749.0	2011	0.046616804	Tumor	P10	Fibroblasts	Fib_1	-8.56456661224365	5.1675529479980495
GC10T:GGCTCGACAGACGCCT	GC10T	5400.0	2160	0.033148147	Tumor	P10	Smooth muscle cells	SMC_1	-0.0617793239653111	-12.7303991317749
GC10T:GGCTCGAGTCGGCACT	GC10T	13662.0	3320	0.046625677	Tumor	P10	Smooth muscle cells	SMC_1	-0.551423490047455	-11.8113050460815
GC10T:GGCTGGTTCGCCTGTT	GC10T	4917.0	2145	0.051657517	Tumor	P10	Smooth muscle cells	SMC_1	-1.8542152643203702	-13.0316076278687
GC10T:GGGAATGAGGAGTTGC	GC10T	14946.0	3749	0.043222267	Tumor	P10	Fibroblasts	Fib_1	-7.603820323944089	8.13941478729248
GC10T:GGGAATGAGGATGCGT	GC10T	12471.0	3386	0.04426269	Tumor	P10	Smooth muscle cells	SMC_1	0.24174506962299303	-11.9106731414795
GC10T:GGGAATGAGTCCATAC	GC10T	7114.0	2408	0.04891763	Tumor	P10	Smooth muscle cells	SMC_1	1.01192784309387	-11.7370948791504
GC10T:GGGAATGCACGAGAGT	GC10T	10741.0	2810	0.038636997	Tumor	P10	Endothelial cells	Endo_1	12.2247848510742	0.45985147356987
GC10T:GGGACCTCAATGGAGC	GC10T	8060.0	2566	0.039578162	Tumor	P10	Smooth muscle cells	SMC_1	0.948793172836304	-11.672401428222699
GC10T:GGGACCTCACAGACAG	GC10T	2072.0	1003	0.21573359	Tumor	P10	Fibroblasts	Fib_1	-7.9306144714355495	6.8373918533325195
GC10T:GGGACCTCATACTACG	GC10T	26233.0	4679	0.0401784	Tumor	P10	Fibroblasts	Fib_1	-6.204495429992679	6.19954586029053
GC10T:GGGACCTGTAGCTAAA	GC10T	14980.0	3615	0.033444595	Tumor	P10	Fibroblasts	Fib_1	-7.87398958206177	5.308977603912349
GC10T:GGGACCTGTTGGTAAA	GC10T	7670.0	2821	0.031029986	Tumor	P10	Endothelial cells	Endo_1	11.199169158935499	1.67483246326447
GC10T:GGGATGACAATCGGTT	GC10T	6633.0	2314	0.055630937	Tumor	P10	Smooth muscle cells	SMC_1	-0.7399078607559201	-12.0776033401489
GC10T:GGGCACTGTTGGTAAA	GC10T	6755.0	2342	0.027091043	Tumor	P10	Smooth muscle cells	SMC_1	-0.578592777252197	-10.9365816116333
GC10T:GGGCATCAGCACGCCT	GC10T	16683.0	4265	0.027213331	Tumor	P10	Fibroblasts	Fib_1	-7.696716785430911	8.39225769042969
GC10T:GGGCATCCACACCGAC	GC10T	10565.0	3000	0.07373403	Tumor	P10	Smooth muscle cells	SMC_1	-0.5428040027618409	-12.7896900177002
GC10T:GGGCATCCACCATGTA	GC10T	34172.0	5270	0.040822897	Tumor	P10	Fibroblasts	Fib_1	-5.769718170166019	5.84882259368896
GC10T:GGGTCTGAGGCTAGAC	GC10T	10751.0	3130	0.069388896	Tumor	P10	Myofibroblasts	Myofibroblasts	-7.555010795593259	0.9501002430915829
GC10T:GGGTCTGAGGTAGCCA	GC10T	3671.0	1561	0.23072731	Tumor	P10	Smooth muscle cells	SMC_1	0.38362124562263505	-10.7899580001831
GC10T:GGGTTGCTCTACCTGC	GC10T	15610.0	3798	0.09654068	Tumor	P10	Fibroblasts	Fib_1	-6.0016169548034695	6.21831941604614
GC10T:GGTATTGTCATACGGT	GC10T	12557.0	2881	0.04252608	Tumor	P10	Fibroblasts	Fib_1	-5.87728357315063	5.69655847549438
GC10T:GGTGAAGAGCCAGTAG	GC10T	9930.0	2981	0.052970797	Tumor	P10	Endothelial cells	Endo_1	13.5142374038696	-1.50772523880005
GC10T:GGTGAAGCATGCCTTC	GC10T	6655.0	2381	0.12682194	Tumor	P10	Endothelial cells	Endo_1	13.417160987853999	-1.6271690130233798
GC10T:GGTGAAGTCGTGACAT	GC10T	4259.0	1769	0.13078187	Tumor	P10	Endothelial cells	Endo_1	12.0194454193115	-1.0489513874054
GC10T:GGTGCGTCATATGGTC	GC10T	5283.0	2073	0.03993943	Tumor	P10	Smooth muscle cells	SMC_1	-1.23572194576263	-12.687154769897498
GC10T:GGTGTTAAGATCGGGT	GC10T	4520.0	1818	0.06349558	Tumor	P10	Smooth muscle cells	SMC_1	-1.79200053215027	-13.000811576843299
GC10T:GGTGTTAAGGTCATCT	GC10T	35069.0	5218	0.035358865	Tumor	P10	Fibroblasts	Fib_1	-5.502578258514401	5.9983406066894505
GC10T:GTAACGTAGCTAACTC	GC10T	13153.0	3530	0.03542918	Tumor	P10	Fibroblasts	Fib_1	-6.1589674949646	5.938354015350339
GC10T:GTAACGTCAATGTTGC	GC10T	14808.0	3569	0.028970826	Tumor	P10	Smooth muscle cells	SMC_1	-0.17093257606029502	-9.21936130523682
GC10T:GTAACGTCACGGCGTT	GC10T	13947.0	3176	0.042016204	Tumor	P10	Fibroblasts	Fib_1	-6.4319133758544895	6.644360542297361
GC10T:GTAACGTCATGTCTCC	GC10T	3907.0	1501	0.0447914	Tumor	P10	Smooth muscle cells	SMC_1	-1.42149913311005	-12.145342826843299
GC10T:GTAACGTTCGTCACGG	GC10T	10898.0	3557	0.038539182	Tumor	P10	Endothelial cells	Endo_1	12.9553995132446	-2.2275331020355202
GC10T:GTAACTGAGCCACGCT	GC10T	36304.0	5374	0.038425516	Tumor	P10	Fibroblasts	Fib_1	-9.40681838989258	5.53797197341919
GC10T:GTAACTGCAGTCGATT	GC10T	24590.0	4572	0.036722247	Tumor	P10	Fibroblasts	Fib_1	-5.848431587219241	6.71941471099854
GC10T:GTACGTAGTGCTGTAT	GC10T	12851.0	3469	0.057116177	Tumor	P10	Fibroblasts	Fib_1	-8.28569507598877	5.3127737045288095
GC10T:GTACTCCCAAGACGTG	GC10T	9814.0	2893	0.052374158	Tumor	P10	Smooth muscle cells	SMC_1	-0.275213986635208	-9.18915843963623
GC10T:GTACTCCCAGTAACGG	GC10T	7610.0	2204	0.047043364	Tumor	P10	Fibroblasts	Fib_1	-7.56501960754395	5.64800834655762
GC10T:GTACTCCGTTTGTGTG	GC10T	21314.0	4391	0.031669326	Tumor	P10	Smooth muscle cells	SMC_1	0.595914542675018	-9.14352130889893
GC10T:GTACTCCTCTTATCTG	GC10T	4235.0	1637	0.07012987	Tumor	P10	Smooth muscle cells	SMC_1	-0.0192599929869175	-12.7018337249756
GC10T:GTACTCCTCTTCGGTC	GC10T	14315.0	3097	0.07733147	Tumor	P10	Fibroblasts	Fib_1	-9.03670597076416	5.681800365448001
GC10T:GTACTTTAGTACGACG	GC10T	13137.0	3553	0.040267944	Tumor	P10	Smooth muscle cells	SMC_1	0.214931055903435	-11.033938407897901
GC10T:GTACTTTCACCTATCC	GC10T	21293.0	4309	0.056544404	Tumor	P10	Fibroblasts	Fib_1	-7.712519645690921	5.341816425323491
GC10T:GTACTTTGTGATAAGT	GC10T	16598.0	3902	0.04006507	Tumor	P10	Fibroblasts	Fib_1	-9.21143913269043	5.6160383224487305
GC10T:GTACTTTTCACCAGGC	GC10T	4957.0	2061	0.0381279	Tumor	P10	Smooth muscle cells	SMC_1	-1.6431300640106201	-13.012166976928699
GC10T:GTACTTTTCCGCATAA	GC10T	672.0	431	0.22619048	Tumor	P10	Endothelial cells	Endo_1	11.0357275009155	-7.1044783592224094
GC10T:GTACTTTTCCGCGTTT	GC10T	5339.0	2074	0.052256975	Tumor	P10	Smooth muscle cells	SMC_1	-1.4788216352462802	-12.5718488693237
GC10T:GTACTTTTCTTCGGTC	GC10T	4648.0	2222	0.12306368	Tumor	P10	Smooth muscle cells	SMC_1	0.0730808600783348	-12.196852684021001
GC10T:GTAGGCCTCCACGAAT	GC10T	8057.0	2353	0.05572794	Tumor	P10	Smooth muscle cells	SMC_1	-0.894347488880157	-8.858602523803711
GC10T:GTAGGCCTCCCAACGG	GC10T	9723.0	3428	0.037334155	Tumor	P10	Endothelial cells	Endo_1	12.0533771514893	-2.86166381835938
GC10T:GTAGTCACAAGTTAAG	GC10T	15022.0	3683	0.07442418	Tumor	P10	Smooth muscle cells	SMC_1	-0.14252735674381303	-11.187771797180199
GC10T:GTAGTCACACACTGCG	GC10T	8140.0	2552	0.056388207	Tumor	P10	Smooth muscle cells	SMC_1	-0.9002757668495179	-12.651364326477099
GC10T:GTAGTCATCTTCGAGA	GC10T	10764.0	2753	0.06475288	Tumor	P10	Smooth muscle cells	SMC_1	-0.26827648282051103	-9.440874099731449
GC10T:GTATTCTAGTGCGTGA	GC10T	11504.0	3379	0.062413074	Tumor	P10	Endothelial cells	Endo_1	13.4332103729248	-1.1991475820541397
GC10T:GTATTCTCAATAGAGT	GC10T	6637.0	2350	0.12430315	Tumor	P10	Smooth muscle cells	SMC_1	-0.017107680439948997	-11.687706947326697
GC10T:GTATTCTCACTTAAGC	GC10T	6584.0	2326	0.045261238	Tumor	P10	Smooth muscle cells	SMC_1	-0.108779057860374	-10.2017850875854
GC10T:GTATTCTTCATCGGAT	GC10T	5878.0	1990	0.037597824	Tumor	P10	Smooth muscle cells	SMC_1	-0.7611263990402221	-11.6797122955322
GC10T:GTATTCTTCTCAAACG	GC10T	9288.0	2663	0.13479759	Tumor	P10	Smooth muscle cells	SMC_1	-0.15433284640312198	-9.58940315246582
GC10T:GTCAAGTAGATGAGAG	GC10T	5235.0	1999	0.074498564	Tumor	P10	Smooth muscle cells	SMC_1	-0.6978671550750729	-12.301043510437
GC10T:GTCACAAGTTAGTGGG	GC10T	25646.0	4176	0.05650004	Tumor	P10	Fibroblasts	Fib_1	-5.6716618537902805	5.81250858306885
GC10T:GTCATTTCAGTTAACC	GC10T	8312.0	2937	0.04319057	Tumor	P10	Smooth muscle cells	SMC_1	0.638972103595734	-10.5665655136108
GC10T:GTCCTCAAGTGTACCT	GC10T	12661.0	3485	0.046362847	Tumor	P10	Smooth muscle cells	SMC_1	1.00386834144592	-11.073766708374
GC10T:GTCCTCACACAAGACG	GC10T	9898.0	2772	0.04788846	Tumor	P10	Fibroblasts	Fib_1	-9.12144088745117	5.8030695915222195
GC10T:GTCCTCACATGGGACA	GC10T	2351.0	1085	0.07911527	Tumor	P10	Fibroblasts	Fib_1	-9.11883926391602	6.05288028717041
GC10T:GTCGGGTAGGCTCATT	GC10T	9655.0	2747	0.04236147	Tumor	P10	Fibroblasts	Fib_1	-6.163578033447269	5.87072563171387
GC10T:GTCGGGTAGGTAAACT	GC10T	879.0	597	0.06712173	Tumor	P10	Endothelial cells	Endo_1	10.7002954483032	-0.835112988948822
GC10T:GTCGGGTTCATAGCAC	GC10T	7637.0	2154	0.059185546	Tumor	P10	Smooth muscle cells	SMC_1	-0.157925218343735	-8.97019195556641
GC10T:GTCGTAAAGACTGTAA	GC10T	1525.0	825	0.17311475	Tumor	P10	Endothelial cells	Endo_1	11.0280923843384	-0.521468281745911
GC10T:GTCGTAAAGCCAACAG	GC10T	13072.0	3705	0.06670747	Tumor	P10	Endothelial cells	Endo_1	13.504595756530799	-1.47385811805725
GC10T:GTCGTAATCGGATGTT	GC10T	9635.0	2597	0.026050856	Tumor	P10	Smooth muscle cells	SMC_1	-0.7350914478301999	-10.4989728927612
GC10T:GTCGTAATCGGTGTTA	GC10T	6071.0	2118	0.049415253	Tumor	P10	Endothelial cells	Endo_1	12.7553062438965	0.105488620698452
GC10T:GTCTTCGAGAGTCTGG	GC10T	6477.0	2411	0.02748186	Tumor	P10	Smooth muscle cells	SMC_1	-0.679568588733673	-12.3409509658813
GC10T:GTCTTCGGTCTGGAGA	GC10T	4030.0	1667	0.05781638	Tumor	P10	Smooth muscle cells	SMC_1	-2.18217873573303	-12.9910554885864
GC10T:GTCTTCGTCCATGAAC	GC10T	6086.0	2192	0.03959908	Tumor	P10	Smooth muscle cells	SMC_1	-1.16060960292816	-13.0335025787354
GC10T:GTGAAGGCAAGGTGTG	GC10T	17203.0	3901	0.03964425	Tumor	P10	Smooth muscle cells	SMC_1	1.2047798633575402	-10.2496299743652
GC10T:GTGAAGGCATTATCTC	GC10T	4065.0	1623	0.04403444	Tumor	P10	Smooth muscle cells	SMC_1	-0.0115026356652379	-12.657335281372099
GC10T:GTGAAGGGTTATCACG	GC10T	19745.0	4366	0.045429222	Tumor	P10	Fibroblasts	Fib_1	-6.93660545349121	6.309948921203611
GC10T:GTGAAGGTCGCCTGAG	GC10T	17628.0	4055	0.042772863	Tumor	P10	Fibroblasts	Fib_1	-6.07663297653198	5.98518466949463
GC10T:GTGAAGGTCTGCGGCA	GC10T	11553.0	3039	0.036960095	Tumor	P10	Fibroblasts	Fib_1	-8.60141086578369	5.9120388031005895
GC10T:GTGCAGCAGACACTAA	GC10T	11938.0	3402	0.04841682	Tumor	P10	Smooth muscle cells	SMC_1	0.8826875090599059	-10.4899854660034
GC10T:GTGCAGCGTCAGGACA	GC10T	14159.0	3435	0.050992303	Tumor	P10	Fibroblasts	Fib_1	-6.59688138961792	6.819970607757571
GC10T:GTGCATAGTGGACGAT	GC10T	23099.0	4702	0.058877006	Tumor	P10	Fibroblasts	Fib_1	-6.09457063674927	6.33120489120483
GC10T:GTGCATATCCAGGGCT	GC10T	37578.0	5544	0.052291233	Tumor	P10	Fibroblasts	Fib_1	-5.32190179824829	6.27886533737183
GC10T:GTGCGGTTCCCTGACT	GC10T	15074.0	3879	0.048560437	Tumor	P10	Endothelial cells	Endo_1	12.7967071533203	-2.2134633064269997
GC10T:GTGCTTCTCATGCAAC	GC10T	22321.0	5236	0.15442857	Tumor	P10	Endothelial cells	Endo_1	12.291220664978	-1.71490037441254
GC10T:GTGCTTCTCTTAACCT	GC10T	19817.0	4544	0.096684664	Tumor	P10	Fibroblasts	Fib_1	-6.41532278060913	6.2264666557312
GC10T:GTGGGTCAGGACATTA	GC10T	1592.0	866	0.059673365	Tumor	P10	Smooth muscle cells	SMC_1	-2.28416538238525	-11.5164308547974
GC10T:GTGGGTCCACGACGAA	GC10T	28658.0	5159	0.04787494	Tumor	P10	Fibroblasts	Fib_1	-9.33320140838623	5.15651655197144
GC10T:GTGGGTCCAGTATAAG	GC10T	5923.0	2119	0.034442008	Tumor	P10	Smooth muscle cells	SMC_1	-0.140604704618454	-9.574178695678711
GC10T:GTGGGTCGTCAAAGAT	GC10T	1613.0	605	0.20644762	Tumor	P10	Fibroblasts	Fib_3	0.10864699631929402	-11.3163547515869
GC10T:GTGTGCGAGGATGGTC	GC10T	5588.0	2175	0.034180388	Tumor	P10	Smooth muscle cells	SMC_1	-1.4192115068435702	-12.558405876159698
GC10T:GTGTGCGTCGTACGGC	GC10T	5122.0	1868	0.032799687	Tumor	P10	Smooth muscle cells	SMC_1	0.529440820217133	-10.2587947845459
GC10T:GTGTGCGTCTGTCTAT	GC10T	6159.0	1832	0.1407696	Tumor	P10	Fibroblasts	Fib_1	-7.853450775146481	6.40476036071777
GC10T:GTGTGCGTCTTAGCCC	GC10T	11040.0	2788	0.04375	Tumor	P10	Smooth muscle cells	SMC_1	-0.289087384939194	-9.37825298309326
GC10T:GTGTTAGAGCGGCTTC	GC10T	3614.0	1266	0.15052573	Tumor	P10	Smooth muscle cells	SMC_1	-0.201200798153877	-11.4437665939331
GC10T:GTGTTAGAGTAATCCC	GC10T	1310.0	668	0.17328244	Tumor	P10	Endothelial cells	Endo_1	10.8783931732178	-1.21341800689697
GC10T:GTGTTAGCAACAACCT	GC10T	765.0	457	0.18431373	Tumor	P10	Endothelial cells	Endo_1	10.7276296615601	-1.1918113231658898
GC10T:GTTAAGCTCAACGAAA	GC10T	11454.0	3534	0.022699494	Tumor	P10	Endothelial cells	Endo_4	11.963949203491199	-4.41072559356689
GC10T:GTTAAGCTCCGTAGGC	GC10T	18163.0	4002	0.044210758	Tumor	P10	Fibroblasts	Fib_1	-6.005764961242679	6.3263034820556605
GC10T:GTTACAGAGCCGATTT	GC10T	12271.0	3172	0.07309917	Tumor	P10	Smooth muscle cells	SMC_1	-0.40974715352058394	-12.45689868927
GC10T:GTTACAGTCAGCGATT	GC10T	10944.0	2885	0.046783626	Tumor	P10	Smooth muscle cells	SMC_1	0.473512530326843	-10.4512643814087
GC10T:GTTCATTAGGCAATTA	GC10T	19975.0	4583	0.11439299	Tumor	P10	Endothelial cells	Endo_1	12.0490036010742	-1.8533673286438
GC10T:GTTCATTGTCACTTCC	GC10T	3509.0	1223	0.09860359	Tumor	P10	Fibroblasts	Fib_1	-7.37284278869629	6.62390661239624
GC10T:GTTCATTGTGCTAGCC	GC10T	19175.0	3874	0.048657104	Tumor	P10	Fibroblasts	Fib_1	-6.03524017333984	6.38044834136963
GC10T:GTTCATTTCAAACCAC	GC10T	9133.0	2542	0.05179021	Tumor	P10	Fibroblasts	Fib_1	-8.74101066589355	5.86299276351929
GC10T:GTTCATTTCCAGTATG	GC10T	2138.0	836	0.2993452	Tumor	P10	Endothelial cells	Endo_1	11.609625816345199	-0.8230038285255429
GC10T:GTTCGGGTCGCGGATC	GC10T	721.0	442	0.22607489	Tumor	P10	Endothelial cells	Endo_1	10.416527748107901	-1.4016444683074998
GC10T:GTTCTCGGTGTGGTTT	GC10T	1246.0	667	0.23836276	Tumor	P10	Fibroblasts	Fib_1	-8.44576454162598	6.1456613540649405
GC10T:TAAACCGCAATAAGCA	GC10T	5317.0	2096	0.053601656	Tumor	P10	Smooth muscle cells	SMC_1	-1.5665910243988002	-12.921863555908198
GC10T:TAAACCGCACAGATTC	GC10T	32245.0	5078	0.044627074	Tumor	P10	Smooth muscle cells	SMC_1	0.7474163770675659	-8.64029788970947
GC10T:TAAACCGCACGAAACG	GC10T	9071.0	2578	0.083673246	Tumor	P10	Fibroblasts	Fib_1	-7.37152624130249	7.5233626365661594
GC10T:TAAACCGCAGGCGATA	GC10T	12352.0	3751	0.05084197	Tumor	P10	Endothelial cells	Endo_1	12.9213695526123	-2.16719007492065
GC10T:TAAGAGATCGGCGCTA	GC10T	14186.0	3925	0.040250953	Tumor	P10	Fibroblasts	Fib_1	-9.05311107635498	5.5790524482727095
GC10T:TAAGCGTAGCTAACTC	GC10T	16565.0	3940	0.03682463	Tumor	P10	Fibroblasts	Fib_1	-8.49128913879395	5.83630657196045
GC10T:TAAGCGTCATATACCG	GC10T	8580.0	2592	0.04090909	Tumor	P10	Smooth muscle cells	SMC_1	0.7194768786430359	-10.9515895843506
GC10T:TAAGTGCAGAAGCCCA	GC10T	572.0	400	0.07517482	Tumor	P10	Endothelial cells	Endo_1	10.6612043380737	-0.8639900088310241
GC10T:TAAGTGCCAGCTGCAC	GC10T	16998.0	4313	0.030003529	Tumor	P10	Endothelial cells	Endo_1	12.761556625366199	-3.10224223136902
GC10T:TAAGTGCGTCCTCTTG	GC10T	10752.0	2801	0.03980655	Tumor	P10	Smooth muscle cells	SMC_1	0.521872460842133	-9.42159938812256
GC10T:TAAGTGCGTGACAAAT	GC10T	8764.0	2576	0.047695115	Tumor	P10	Smooth muscle cells	SMC_1	-1.9620862007141102	-11.9993486404419
GC10T:TACACGAAGCAATATG	GC10T	24512.0	5056	0.024233028	Tumor	P10	Fibroblasts	Fib_1	-7.55962419509888	5.47335338592529
GC10T:TACACGACAAGGCTCC	GC10T	6684.0	2353	0.04009575	Tumor	P10	Smooth muscle cells	SMC_1	0.287620514631271	-10.3879899978638
GC10T:TACACGACAAGGGTCA	GC10T	12471.0	3352	0.044823993	Tumor	P10	Smooth muscle cells	SMC_1	-0.524238348007202	-8.99518966674805
GC10T:TACACGATCATTTGGG	GC10T	19912.0	4308	0.036359984	Tumor	P10	Fibroblasts	Fib_1	-7.28662967681885	6.06071472167969
GC10T:TACAGTGAGAGTCGGT	GC10T	10482.0	3193	0.061820265	Tumor	P10	Smooth muscle cells	SMC_1	-1.3289889097213703	-12.407902717590302
GC10T:TACAGTGAGCCAGGAT	GC10T	7597.0	2373	0.07002764	Tumor	P10	Smooth muscle cells	SMC_1	1.0145558118820202	-10.9700765609741
GC10T:TACAGTGCACAGCCCA	GC10T	5290.0	1894	0.040453687	Tumor	P10	Smooth muscle cells	SMC_1	-1.29537916183472	-11.842501640319801
GC10T:TACCTATGTGCAGGTA	GC10T	19108.0	4422	0.1089596	Tumor	P10	Smooth muscle cells	SMC_1	0.900060892105103	-9.955634117126461
GC10T:TACCTTATCCTTGCCA	GC10T	6626.0	2303	0.043163296	Tumor	P10	Smooth muscle cells	SMC_1	-0.6495630145072939	-12.7789754867554
GC10T:TACGGATAGAGAACAG	GC10T	12270.0	3186	0.038630806	Tumor	P10	Smooth muscle cells	SMC_1	-0.34306663274765	-9.0319881439209
GC10T:TACGGATTCCGTCAAA	GC10T	8856.0	2429	0.03421409	Tumor	P10	Fibroblasts	Fib_1	-7.42571592330933	5.5668625831604
GC10T:TACGGATTCTCGCATC	GC10T	8049.0	2539	0.055037893	Tumor	P10	Smooth muscle cells	SMC_1	0.716455698013306	-11.2810344696045
GC10T:TACGGGCAGATGCCAG	GC10T	13620.0	3721	0.057929516	Tumor	P10	Endothelial cells	Endo_1	12.9892072677612	-0.259440928697586
GC10T:TACGGGCCACAGGTTT	GC10T	5743.0	2345	0.045620754	Tumor	P10	Smooth muscle cells	SMC_1	-0.675123572349548	-12.3300323486328
GC10T:TACGGGCGTGTCGCTG	GC10T	7691.0	2165	0.038876608	Tumor	P10	Fibroblasts	Fib_1	-7.625118255615231	5.4065728187561
GC10T:TACGGGCGTTCCGTCT	GC10T	19332.0	3850	0.03631285	Tumor	P10	Smooth muscle cells	SMC_1	0.149562403559685	-8.86266708374023
GC10T:TACGGTAAGTCATCCA	GC10T	1014.0	562	0.2820513	Tumor	P10	Fibroblasts	Fib_3	-8.02318477630615	5.9183034896850595
GC10T:TACTCATAGTTATCGC	GC10T	5530.0	2295	0.036347196	Tumor	P10	Smooth muscle cells	SMC_1	-1.3082144260406499	-12.586453437805199
GC10T:TACTCATCAACGCACC	GC10T	14376.0	3550	0.043405674	Tumor	P10	Fibroblasts	Fib_1	-7.859539031982419	5.28613090515137
GC10T:TACTCATCACATTAGC	GC10T	13022.0	3633	0.056442942	Tumor	P10	Myofibroblasts	Myofibroblasts	-8.24136257171631	0.723100125789642
GC10T:TACTCGCAGTAATCCC	GC10T	5068.0	1951	0.04439621	Tumor	P10	Smooth muscle cells	SMC_1	-1.71281576156616	-13.0824136734009
GC10T:TACTCGCAGTACATGA	GC10T	6071.0	1870	0.06440455	Tumor	P10	Smooth muscle cells	SMC_1	0.12426529079675698	-10.1148309707642
GC10T:TACTTACAGCGATAGC	GC10T	985.0	565	0.18781726	Tumor	P10	Endothelial cells	Endo_1	10.638361930847198	-1.05872428417206
GC10T:TACTTACCAATCGGTT	GC10T	9306.0	2911	0.049430475	Tumor	P10	Smooth muscle cells	SMC_1	-0.18407928943634	-12.7408800125122
GC10T:TACTTACGTGATGTCT	GC10T	18403.0	4126	0.025539314	Tumor	P10	Fibroblasts	Fib_1	-7.29117918014526	7.5741276741027805
GC10T:TACTTGTAGCCACGCT	GC10T	12842.0	2947	0.043529045	Tumor	P10	Fibroblasts	Fib_1	-8.41724395751953	5.549896240234379
GC10T:TAGAGCTGTAAGTTCC	GC10T	34310.0	4607	0.04234917	Tumor	P10	Fibroblasts	Fib_1	-5.220221042633059	6.0394926071167
GC10T:TAGAGCTGTCACCTAA	GC10T	13913.0	3337	0.04427514	Tumor	P10	Fibroblasts	Fib_1	-8.21761512756348	6.757666110992429
GC10T:TAGAGCTGTGTCCTCT	GC10T	16410.0	3703	0.034491163	Tumor	P10	Fibroblasts	Fib_1	-7.30542659759521	5.23928308486938
GC10T:TAGGCATGTCTTGCGG	GC10T	21951.0	4437	0.03425812	Tumor	P10	Fibroblasts	Fib_1	-6.74564552307129	5.44499158859253
GC10T:TAGGCATTCGAGAACG	GC10T	7802.0	2462	0.066521406	Tumor	P10	Fibroblasts	Fib_1	-9.08269214630127	5.59429264068604
GC10T:TAGTGGTGTAGGACAC	GC10T	5827.0	2246	0.054745153	Tumor	P10	Smooth muscle cells	SMC_1	-0.7431679368019101	-12.1856117248535
GC10T:TAGTGGTTCATGCTCC	GC10T	10753.0	2652	0.044545706	Tumor	P10	Fibroblasts	Fib_1	-8.396031379699709	5.71897029876709
GC10T:TAGTTGGGTTGCCTCT	GC10T	3122.0	1338	0.18033312	Tumor	P10	Fibroblasts	Fib_1	-8.91973304748535	5.909552097320559
GC10T:TATCAGGAGACTGGGT	GC10T	12428.0	3356	0.058577407	Tumor	P10	Smooth muscle cells	SMC_1	0.9556534290313721	-11.677363395690902
GC10T:TATCAGGAGTATGACA	GC10T	5822.0	2139	0.05668155	Tumor	P10	Smooth muscle cells	SMC_1	-1.4623498916626	-12.8422117233276
GC10T:TATCTCACAAACAACA	GC10T	11877.0	3340	0.0622211	Tumor	P10	Smooth muscle cells	SMC_1	0.559463798999786	-11.883339881897
GC10T:TATCTCAGTGTTTGGT	GC10T	4503.0	1678	0.11992005	Tumor	P10	Fibroblasts	Fib_1	-8.15294647216797	6.254827499389651
GC10T:TATCTCATCTCATTCA	GC10T	1821.0	973	0.14113125	Tumor	P10	Endothelial cells	Endo_1	11.0044450759888	-0.4567916989326479
GC10T:TATGCCCAGCAAATCA	GC10T	4448.0	1778	0.060701437	Tumor	P10	Smooth muscle cells	SMC_1	-1.6533225774765	-12.4199323654175
GC10T:TATGCCCTCTTGTATC	GC10T	25602.0	5130	0.047965	Tumor	P10	Smooth muscle cells	SMC_1	0.61781108379364	-9.959980964660641
GC10T:TATTACCCACAGAGGT	GC10T	17691.0	4379	0.053925727	Tumor	P10	Endothelial cells	Endo_1	13.1874666213989	-1.4673062562942498
GC10T:TATTACCTCCGTTGCT	GC10T	1516.0	847	0.16886544	Tumor	P10	Endothelial cells	Endo_1	10.830660820007301	-1.12701427936554
GC10T:TCAACGAAGCGCCTCA	GC10T	9125.0	2864	0.047452055	Tumor	P10	Smooth muscle cells	SMC_1	0.548377096652985	-10.823265075683599
GC10T:TCAACGAAGTACGCCC	GC10T	502.0	320	0.22908367	Tumor	P10	Endothelial cells	Endo_1	10.2415409088135	-1.49383747577667
GC10T:TCAATCTGTCAAAGAT	GC10T	8840.0	2424	0.0632353	Tumor	P10	Fibroblasts	Fib_1	-8.75707912445068	5.72130680084229
GC10T:TCACAAGGTACAGTGG	GC10T	31615.0	5760	0.046686698	Tumor	P10	Endothelial cells	Endo_1	12.760240554809599	-2.29052066802979
GC10T:TCACAAGGTCGAATCT	GC10T	9354.0	2920	0.039234553	Tumor	P10	Endothelial cells	Endo_1	11.6473846435547	1.08689177036285
GC10T:TCACGAAAGCGTGAAC	GC10T	18018.0	4117	0.03119103	Tumor	P10	Fibroblasts	Fib_1	-9.141520500183109	5.52829837799072
GC10T:TCACGAAAGGATGGTC	GC10T	6146.0	2288	0.060527172	Tumor	P10	Smooth muscle cells	SMC_1	-1.6723226308822599	-12.036244392395
GC10T:TCACGAAGTAGCTTGT	GC10T	9455.0	2978	0.07604442	Tumor	P10	Smooth muscle cells	SMC_1	-0.0564150288701057	-12.4451913833618
GC10T:TCAGATGAGGAGCGAG	GC10T	5124.0	2086	0.040983606	Tumor	P10	Smooth muscle cells	SMC_1	-0.13015553355217	-12.644841194152802
GC10T:TCAGATGGTGACTCAT	GC10T	18784.0	3885	0.030930579	Tumor	P10	Fibroblasts	Fib_1	-9.32591152191162	5.674636363983151
GC10T:TCAGATGGTTCTCATT	GC10T	27856.0	4935	0.038663123	Tumor	P10	Fibroblasts	Fib_1	-5.68554973602295	6.26687145233154
GC10T:TCAGATGTCAACTCTT	GC10T	6769.0	2406	0.112276554	Tumor	P10	Smooth muscle cells	SMC_1	-1.6238739490509	-12.3755693435669
GC10T:TCAGATGTCATGTCTT	GC10T	14266.0	3562	0.044721715	Tumor	P10	Fibroblasts	Fib_1	-7.90276384353638	8.00177955627441
GC10T:TCAGCAACAGTGGAGT	GC10T	15667.0	4098	0.042190593	Tumor	P10	Fibroblasts	Fib_1	-7.6857194900512695	7.583905220031741
GC10T:TCAGCAAGTGCTTCTC	GC10T	5541.0	2089	0.048727665	Tumor	P10	Smooth muscle cells	SMC_1	-1.10465466976166	-12.7244348526001
GC10T:TCAGCAATCACTTATC	GC10T	4090.0	1804	0.14205378	Tumor	P10	Smooth muscle cells	SMC_1	0.29818481206893893	-10.361955642700199
GC10T:TCAGCAATCATCGGAT	GC10T	8146.0	2314	0.0821262	Tumor	P10	Smooth muscle cells	SMC_1	-0.6426739096641539	-12.179790496826199
GC10T:TCAGCTCAGCCGGTAA	GC10T	12054.0	3264	0.044715445	Tumor	P10	Fibroblasts	Fib_1	-7.527573108673099	7.57419395446777
GC10T:TCAGCTCCAATGGAGC	GC10T	6865.0	2229	0.04399126	Tumor	P10	Smooth muscle cells	SMC_1	0.619004964828491	-11.561258316039998
GC10T:TCAGCTCTCAGCCTAA	GC10T	3200.0	1371	0.0540625	Tumor	P10	Endothelial cells	Endo_4	12.0543270111084	-4.89062738418579
GC10T:TCAGGATAGCCCTAAT	GC10T	839.0	422	0.2717521	Tumor	P10	Endothelial cells	Endo_1	10.5021438598633	-1.53781461715698
GC10T:TCAGGATTCACAGGCC	GC10T	8869.0	2325	0.055135865	Tumor	P10	Fibroblasts	Fib_1	-7.945330619812009	6.47940921783447
GC10T:TCAGGATTCCACGACG	GC10T	20137.0	3968	0.04151562	Tumor	P10	Fibroblasts	Fib_1	-8.64663124084473	5.98985385894775
GC10T:TCAGGATTCCACTCCA	GC10T	777.0	522	0.12226512	Tumor	P10	Endothelial cells	Endo_1	10.7177839279175	-1.04302823543549
GC10T:TCAGGTAAGATTACCC	GC10T	11078.0	3147	0.052807365	Tumor	P10	Endothelial cells	Endo_1	13.4320421218872	-1.3570991754531898
GC10T:TCAGGTACACGCATCG	GC10T	6331.0	2632	0.099984206	Tumor	P10	Endothelial cells	Endo_1	12.996002197265598	-1.6228250265121498
GC10T:TCAGGTATCCTGCAGG	GC10T	11829.0	3324	0.04015555	Tumor	P10	Fibroblasts	Fib_1	-7.729896068573001	8.34278297424316
GC10T:TCATTACGTCCGAAGA	GC10T	9220.0	3089	0.069197394	Tumor	P10	Smooth muscle cells	SMC_1	-0.12146176397800398	-9.54066848754883
GC10T:TCATTTGGTTCGAATC	GC10T	6640.0	2352	0.037650604	Tumor	P10	Smooth muscle cells	SMC_1	0.947412610054016	-11.0957546234131
GC10T:TCCACACGTAAATACG	GC10T	4858.0	1759	0.04610951	Tumor	P10	Smooth muscle cells	SMC_1	-1.04883694648743	-12.752891540527301
GC10T:TCCACACTCCGCATCT	GC10T	7439.0	2604	0.044764083	Tumor	P10	Smooth muscle cells	SMC_1	0.819115936756134	-11.1892423629761
GC10T:TCCCGATCACCGTTGG	GC10T	16365.0	3832	0.03421937	Tumor	P10	Fibroblasts	Fib_1	-6.67677211761475	5.89415073394775
GC10T:TCCCGATCAGCGTCCA	GC10T	6724.0	2542	0.039559785	Tumor	P10	Smooth muscle cells	SMC_1	-0.9408230185508729	-12.2062702178955
GC10T:TCCCGATGTAAGAGAG	GC10T	8490.0	2429	0.051118962	Tumor	P10	Fibroblasts	Fib_1	-9.23393249511719	5.94337034225464
GC10T:TCCCGATTCCTGCAGG	GC10T	6218.0	2324	0.04567385	Tumor	P10	Endothelial cells	Endo_4	12.2324380874634	-5.710641384124759
GC10T:TCGAGGCAGTTACGGG	GC10T	11356.0	2912	0.038217682	Tumor	P10	Fibroblasts	Fib_1	-7.045386791229251	6.9568772315979
GC10T:TCGAGGCGTCACTTCC	GC10T	14382.0	3670	0.043318037	Tumor	P10	Smooth muscle cells	SMC_1	1.20353662967682	-10.773564338684098
GC10T:TCGCGAGAGCTGGAAC	GC10T	13942.0	3878	0.040453307	Tumor	P10	Smooth muscle cells	SMC_1	0.366207301616669	-9.86809349060059
GC10T:TCGCGAGAGTGGAGAA	GC10T	8048.0	2384	0.037897613	Tumor	P10	Fibroblasts	Fib_1	-6.51322793960571	7.04288673400879
GC10T:TCGCGAGCAACTGCGC	GC10T	5598.0	1822	0.042872455	Tumor	P10	Smooth muscle cells	SMC_1	-0.603642821311951	-12.393069267272901
GC10T:TCGCGAGGTAGAGCTG	GC10T	3974.0	1446	0.09587318	Tumor	P10	Smooth muscle cells	SMC_1	0.516285419464111	-11.7187395095825
GC10T:TCGCGAGGTCACCCAG	GC10T	18628.0	4240	0.07273996	Tumor	P10	Endothelial cells	Endo_1	12.9250001907349	-0.5566425919532779
GC10T:TCGCGAGGTCATGCAT	GC10T	7703.0	2695	0.053485654	Tumor	P10	Smooth muscle cells	SMC_1	-0.47164860367775	-12.8504905700684
GC10T:TCGCGTTCATCCTTGC	GC10T	24660.0	4528	0.05024331	Tumor	P10	Fibroblasts	Fib_1	-5.58392000198364	5.89784908294678
GC10T:TCGCGTTGTTATCGGT	GC10T	8709.0	2615	0.05212998	Tumor	P10	Smooth muscle cells	SMC_1	0.126745119690895	-11.9554796218872
GC10T:TCGGGACGTGTTCTTT	GC10T	5448.0	1906	0.053781204	Tumor	P10	Smooth muscle cells	SMC_1	0.5375903844833371	-12.089378356933599
GC10T:TCGGTAAGTAAACACA	GC10T	7188.0	2077	0.07749026	Tumor	P10	Fibroblasts	Fib_1	-7.63948631286621	5.68503379821777
GC10T:TCGTACCGTGATAAGT	GC10T	6592.0	2127	0.07054005	Tumor	P10	Fibroblasts	Fib_1	-7.9438791275024405	5.81604194641113
GC10T:TCGTAGAAGAGTCTGG	GC10T	10282.0	3602	0.03141412	Tumor	P10	Endothelial cells	Endo_4	12.12193775177	-4.33538293838501
GC10T:TCGTAGACAAGCGCTC	GC10T	8834.0	2740	0.047203984	Tumor	P10	Fibroblasts	Fib_1	-8.35396003723145	5.2740583419799805
GC10T:TCGTAGAGTTGACGTT	GC10T	10631.0	3164	0.043269683	Tumor	P10	Fibroblasts	Fib_1	-8.5840015411377	5.73286581039429
GC10T:TCGTAGATCGCAAACT	GC10T	7805.0	2445	0.039590005	Tumor	P10	Smooth muscle cells	SMC_1	0.0347988195717335	-10.8547534942627
GC10T:TCTATTGTCGTTACGA	GC10T	5862.0	2135	0.04179461	Tumor	P10	Smooth muscle cells	SMC_1	-1.5620276927948	-12.703547477722198
GC10T:TCTCATAAGAGGTACC	GC10T	7802.0	2622	0.0901051	Tumor	P10	Fibroblasts	Fib_1	-6.1655392646789595	6.13780927658081
GC10T:TCTCATAAGTTCGATC	GC10T	12900.0	3450	0.06635659	Tumor	P10	Smooth muscle cells	SMC_1	1.07049167156219	-10.363242149353
GC10T:TCTCATAGTCTTTCAT	GC10T	5313.0	2215	0.04423113	Tumor	P10	Endothelial cells	Endo_1	12.484856605529801	-3.2615909576416002
GC10T:TCTCATATCACAACGT	GC10T	5987.0	2477	0.040086854	Tumor	P10	Endothelial cells	Endo_1	13.278681755065902	-1.69132959842682
GC10T:TCTCATATCTGCGGCA	GC10T	14841.0	3606	0.03355569	Tumor	P10	Smooth muscle cells	SMC_1	-0.19312018156051602	-9.05529403686523
GC10T:TCTCTAAGTACAGCAG	GC10T	20648.0	4289	0.05225688	Tumor	P10	Smooth muscle cells	SMC_1	0.539892494678497	-9.13360595703125
GC10T:TCTCTAATCCTAGGGC	GC10T	24388.0	4781	0.028825652	Tumor	P10	Smooth muscle cells	SMC_1	0.10959163308143599	-8.81845569610596
GC10T:TCTGAGATCAGCACAT	GC10T	7139.0	2483	0.04468413	Tumor	P10	Smooth muscle cells	SMC_1	-0.865628957748413	-12.6970376968384
GC10T:TCTGAGATCCAGAAGG	GC10T	6718.0	2408	0.042869903	Tumor	P10	Fibroblasts	Fib_1	-9.00792598724365	5.79333591461182
GC10T:TCTGGAATCAATACCG	GC10T	4726.0	1941	0.040837917	Tumor	P10	Smooth muscle cells	SMC_1	-1.36243641376495	-13.056887626647901
GC10T:TCTGGAATCGCAAGCC	GC10T	5447.0	1958	0.08261428	Tumor	P10	Fibroblasts	Fib_1	-8.544186592102049	5.90695428848267
GC10T:TCTTCGGAGTCGTTTG	GC10T	1710.0	824	0.12923977	Tumor	P10	Smooth muscle cells	SMC_1	0.293602019548416	-11.4055337905884
GC10T:TCTTCGGCAGTAACGG	GC10T	7610.0	2607	0.036268067	Tumor	P10	Smooth muscle cells	SMC_1	-0.0545712038874626	-12.0055513381958
GC10T:TCTTCGGTCCTTTCGG	GC10T	8258.0	2637	0.05085977	Tumor	P10	Smooth muscle cells	SMC_1	0.7159911394119259	-10.875492095947301
GC10T:TCTTTCCGTCGCATCG	GC10T	18736.0	4175	0.03250427	Tumor	P10	Fibroblasts	Fib_1	-8.78037071228027	5.65471887588501
GC10T:TGAAAGACATCCAACA	GC10T	8672.0	2983	0.04128229	Tumor	P10	Endothelial cells	Endo_1	11.765080451965302	1.02125561237335
GC10T:TGAAAGACATCTACGA	GC10T	10454.0	3248	0.04964607	Tumor	P10	Endothelial cells	Endo_1	13.439793586731	-1.27485048770905
GC10T:TGAAAGAGTCGAGATG	GC10T	6358.0	2331	0.083202265	Tumor	P10	Smooth muscle cells	SMC_1	-1.5683091878891	-12.636328697204599
GC10T:TGAAAGATCATGGTCA	GC10T	7095.0	2477	0.071599714	Tumor	P10	Smooth muscle cells	SMC_1	-1.5437840223312398	-12.8852987289429
GC10T:TGACTAGAGTTACGGG	GC10T	2191.0	1018	0.16567777	Tumor	P10	Fibroblasts	Fib_1	-8.96127319335938	5.94808435440063
GC10T:TGACTAGGTCATATGC	GC10T	12630.0	3038	0.038638163	Tumor	P10	Fibroblasts	Fib_1	-7.68565225601196	5.14739513397217
GC10T:TGACTTTAGTGGAGTC	GC10T	9585.0	3018	0.061554514	Tumor	P10	Smooth muscle cells	SMC_1	0.8244499564170841	-11.3881988525391
GC10T:TGACTTTCAGTATCTG	GC10T	9114.0	2770	0.058920342	Tumor	P10	Smooth muscle cells	SMC_1	-0.33688014745712297	-12.6060256958008
GC10T:TGACTTTTCCGAAGAG	GC10T	15057.0	3481	0.051338248	Tumor	P10	Fibroblasts	Fib_1	-6.94250583648682	6.55393314361572
GC10T:TGAGAGGCACCAGATT	GC10T	1361.0	684	0.2527553	Tumor	P10	Endothelial cells	Endo_1	10.9968948364258	-1.39743781089783
GC10T:TGAGAGGTCTTTACAC	GC10T	11942.0	3279	0.05325741	Tumor	P10	Endothelial cells	Endo_1	13.494348526001	-1.35022592544556
GC10T:TGAGCATAGGCATGTG	GC10T	8903.0	2641	0.04313153	Tumor	P10	Smooth muscle cells	SMC_1	-1.4212657213211102	-11.6569385528564
GC10T:TGAGCCGAGACTACAA	GC10T	7071.0	2523	0.04836657	Tumor	P10	Smooth muscle cells	SMC_1	-1.4820033311843899	-12.707462310791
GC10T:TGAGCCGCATATACCG	GC10T	1340.0	713	0.27761194	Tumor	P10	Endothelial cells	Endo_1	11.642026901245101	-1.5186622142791701
GC10T:TGAGCCGGTCGACTAT	GC10T	1540.0	804	0.06883117	Tumor	P10	Smooth muscle cells	SMC_1	-0.539332389831543	-11.3969888687134
GC10T:TGAGCCGGTCTTGCGG	GC10T	20240.0	4392	0.0333498	Tumor	P10	Smooth muscle cells	SMC_1	0.586434900760651	-9.89371585845947
GC10T:TGAGCCGTCTAGAGTC	GC10T	8191.0	2626	0.052374557	Tumor	P10	Smooth muscle cells	SMC_1	0.543133318424225	-12.134053230285598
GC10T:TGAGCCGTCTTACCTA	GC10T	14303.0	3667	0.038663216	Tumor	P10	Endothelial cells	Endo_1	13.140166282653801	-0.8530573844909671
GC10T:TGAGGGAAGTCCTCCT	GC10T	2115.0	1023	0.07423168	Tumor	P10	Fibroblasts	Fib_4	-7.049383640289309	4.50669479370117
GC10T:TGAGGGAAGTGTACCT	GC10T	10854.0	3051	0.03574719	Tumor	P10	Fibroblasts	Fib_1	-9.01135635375977	5.76403999328613
GC10T:TGAGGGAAGTGTTAGA	GC10T	13661.0	3902	0.034184907	Tumor	P10	Smooth muscle cells	SMC_1	-0.0478084683418274	-10.1662969589233
GC10T:TGAGGGAGTCTGGTCG	GC10T	12745.0	3402	0.033974107	Tumor	P10	Smooth muscle cells	SMC_1	-0.1997901648283	-9.13579177856445
GC10T:TGAGGGATCATCACCC	GC10T	926.0	585	0.1911447	Tumor	P10	Endothelial cells	Endo_1	10.6933450698853	-1.3985291719436599
GC10T:TGAGGGATCTTGACGA	GC10T	13744.0	3465	0.045983702	Tumor	P10	Smooth muscle cells	SMC_1	0.0822707340121269	-9.50804328918457
GC10T:TGATTTCGTAGGACAC	GC10T	11322.0	3298	0.046546545	Tumor	P10	Smooth muscle cells	SMC_1	1.07211661338806	-10.967601776122999
GC10T:TGCACCTAGTCAATAG	GC10T	15832.0	4012	0.045540676	Tumor	P10	Smooth muscle cells	SMC_1	1.03228139877319	-11.06494140625
GC10T:TGCCAAAAGTCAATAG	GC10T	1152.0	658	0.15711805	Tumor	P10	Endothelial cells	Endo_1	10.7273845672607	-1.3116512298584
GC10T:TGCCAAAGTAATTGGA	GC10T	9981.0	3015	0.05330127	Tumor	P10	Smooth muscle cells	SMC_1	1.04523825645447	-10.899981498718299
GC10T:TGCCAAAGTCCGTTAA	GC10T	18681.0	4023	0.030084042	Tumor	P10	Fibroblasts	Fib_1	-6.38783502578735	5.7417306900024405
GC10T:TGCCCATAGAGTACCG	GC10T	2879.0	1277	0.0753734	Tumor	P10	Smooth muscle cells	SMC_1	0.213202580809593	-9.710036277771
GC10T:TGCCCATAGTGGACGT	GC10T	4307.0	1697	0.059902485	Tumor	P10	Endothelial cells	Endo_1	13.3309764862061	-1.33905827999115
GC10T:TGCCCATCAGACAAAT	GC10T	8730.0	2737	0.045246277	Tumor	P10	Smooth muscle cells	SMC_1	0.758688032627106	-11.137815475463901
GC10T:TGCCCTAGTTTGACTG	GC10T	24277.0	5351	0.027474564	Tumor	P10	Endothelial cells	Endo_4	11.6273441314697	-4.57738924026489
GC10T:TGCCCTATCATCTGTT	GC10T	16515.0	4072	0.19473206	Tumor	P10	Smooth muscle cells	SMC_1	0.24882641434669503	-12.5157785415649
GC10T:TGCGCAGCACGAAACG	GC10T	13674.0	3849	0.027716834	Tumor	P10	Endothelial cells	Endo_4	12.167103767395	-4.87117195129395
GC10T:TGCGGGTGTCTTCAAG	GC10T	5930.0	2223	0.06863406	Tumor	P10	Smooth muscle cells	SMC_1	-1.02248859405518	-12.3633298873901
GC10T:TGCGGGTTCTGATACG	GC10T	5446.0	2409	0.077488065	Tumor	P10	Endothelial cells	Endo_1	12.8469972610474	-1.9020186662673997
GC10T:TGCGTGGTCGTCTGCT	GC10T	16842.0	3888	0.040197127	Tumor	P10	Smooth muscle cells	SMC_1	-0.061439223587513	-9.17237567901611
GC10T:TGCTACCAGATGTGTA	GC10T	9831.0	3406	0.06794833	Tumor	P10	Endothelial cells	Endo_1	12.5343408584595	-3.46775579452515
GC10T:TGCTGCTAGCAATATG	GC10T	25063.0	4899	0.03710649	Tumor	P10	Smooth muscle cells	SMC_1	0.727283418178558	-9.59117317199707
GC10T:TGCTGCTGTAGTAGTA	GC10T	18407.0	4601	0.027109252	Tumor	P10	Fibroblasts	Fib_1	-7.42455768585205	8.34679222106934
GC10T:TGGACGCAGAGACTAT	GC10T	10044.0	2841	0.060832337	Tumor	P10	Fibroblasts	Fib_1	-7.98407983779907	7.55559301376343
GC10T:TGGACGCAGGCATGGT	GC10T	10048.0	3485	0.04000796	Tumor	P10	Endothelial cells	Endo_1	12.4524145126343	-3.51299071311951
GC10T:TGGACGCCACATGTGT	GC10T	6968.0	2315	0.02784156	Tumor	P10	Smooth muscle cells	SMC_1	-0.679990112781525	-11.838261604309098
GC10T:TGGACGCTCTTACCTA	GC10T	16398.0	3731	0.03402854	Tumor	P10	Fibroblasts	Fib_1	-6.5909104347229	6.85284614562988
GC10T:TGGCCAGGTATATCCG	GC10T	15403.0	3820	0.04005713	Tumor	P10	Endothelial cells	Endo_1	12.347125053405799	-2.6083676815033
GC10T:TGGCGCAAGACTAGGC	GC10T	9745.0	3099	0.04350949	Tumor	P10	Smooth muscle cells	SMC_1	0.290611267089844	-10.866558074951199
GC10T:TGGCGCACAAACGTGG	GC10T	21523.0	4613	0.0434419	Tumor	P10	Smooth muscle cells	SMC_1	0.7456518411636349	-9.23281383514404
GC10T:TGGCTGGGTCGTGGCT	GC10T	18571.0	4386	0.05400894	Tumor	P10	Smooth muscle cells	SMC_1	-7.69040775299072	6.15789127349854
GC10T:TGGCTGGTCGGGAGTA	GC10T	20449.0	4674	0.03212871	Tumor	P10	Fibroblasts	Fib_1	-7.83727788925171	8.08291339874268
GC10T:TGGGAAGCAGATCCAT	GC10T	4684.0	1550	0.094363794	Tumor	P10	Fibroblasts	Fib_1	-9.00507831573486	6.02856969833374
GC10T:TGGGCGTGTGCGATAG	GC10T	6700.0	2150	0.069402985	Tumor	P10	Smooth muscle cells	SMC_1	-0.20257979631423997	-11.5476245880127
GC10T:TGGTTAGCAGATTGCT	GC10T	18073.0	3753	0.036684558	Tumor	P10	Fibroblasts	Fib_1	-6.92307329177856	5.21308660507202
GC10T:TGGTTAGTCCAACCAA	GC10T	2321.0	1022	0.27186558	Tumor	P10	Fibroblasts	Fib_1	-8.305431365966799	5.356359481811519
GC10T:TGTATTCCAGGGTACA	GC10T	6612.0	2218	0.06352087	Tumor	P10	Smooth muscle cells	SMC_1	0.635681211948395	-10.6894826889038
GC10T:TGTATTCTCGTCTGCT	GC10T	5525.0	2191	0.102262445	Tumor	P10	Smooth muscle cells	SMC_1	-1.21757173538208	-12.8760185241699
GC10T:TGTCCCAAGCTACCTA	GC10T	777.0	578	0.091377094	Tumor	P10	Endothelial cells	Endo_1	10.6475944519043	-1.2098246812820401
GC10T:TGTGGTAAGATAGTCA	GC10T	34354.0	5700	0.025208127	Tumor	P10	Smooth muscle cells	SMC_1	0.69891369342804	-8.71202564239502
GC10T:TGTGGTACACAAGTAA	GC10T	14962.0	4123	0.043510225	Tumor	P10	Endothelial cells	Endo_1	11.028228759765598	0.472045302391052
GC10T:TGTGTTTGTAGCCTAT	GC10T	8571.0	2774	0.05086921	Tumor	P10	Smooth muscle cells	SMC_1	0.8977535963058471	-11.1364126205444
GC10T:TGTGTTTGTCATCGGC	GC10T	1540.0	811	0.18246754	Tumor	P10	Smooth muscle cells	SMC_1	0.545008361339569	-11.308930397033699
GC10T:TGTGTTTTCTGGTGTA	GC10T	22236.0	4535	0.0448372	Tumor	P10	Smooth muscle cells	SMC_1	1.24674999713898	-10.4235334396362
GC10T:TTAACTCCAGTGGGAT	GC10T	11465.0	3213	0.046314873	Tumor	P10	Smooth muscle cells	SMC_1	-0.29763174057006797	-8.99715995788574
GC10T:TTAACTCGTGTAATGA	GC10T	21174.0	4360	0.026825352	Tumor	P10	Fibroblasts	Fib_1	-9.27499294281006	5.60077047348022
GC10T:TTAGGACAGTGTGGCA	GC10T	15132.0	3831	0.041897964	Tumor	P10	Fibroblasts	Fib_1	-8.93378162384033	5.708361148834231
GC10T:TTAGGACTCTTGTCAT	GC10T	13214.0	3414	0.048887543	Tumor	P10	Fibroblasts	Fib_1	-8.03229808807373	5.37616634368896
GC10T:TTAGTTCCAAGTTGTC	GC10T	11504.0	3343	0.030076494	Tumor	P10	Smooth muscle cells	SMC_1	-0.8936884999275211	-10.237531661987301
GC10T:TTATGCTCATCGGAAG	GC10T	7310.0	2314	0.04473324	Tumor	P10	Myofibroblasts	Myofibroblasts	-8.4391918182373	0.675080001354218
GC10T:TTATGCTTCATCACCC	GC10T	8828.0	2878	0.051540554	Tumor	P10	Endothelial cells	Endo_1	12.877189636230499	-2.26311492919922
GC10T:TTATGCTTCGTGGTCG	GC10T	11629.0	3229	0.055378795	Tumor	P10	Smooth muscle cells	SMC_1	-0.259707301855087	-9.17297077178955
GC10T:TTCCCAGAGCTCAACT	GC10T	16496.0	3858	0.03631183	Tumor	P10	Fibroblasts	Fib_1	-6.52376413345337	4.60887575149536
GC10T:TTCCCAGAGGCGACAT	GC10T	16792.0	4529	0.051512625	Tumor	P10	Endothelial cells	Endo_1	12.863373756408699	-2.3334577083587598
GC10T:TTCCCAGGTGATAAGT	GC10T	10143.0	3183	0.04239377	Tumor	P10	Fibroblasts	Fib_1	-8.7642765045166	5.134478092193599
GC10T:TTCGAAGAGTGTTTGC	GC10T	9058.0	2691	0.064031795	Tumor	P10	Fibroblasts	Fib_1	-6.12519121170044	5.912714004516599
GC10T:TTCGAAGCACGGTAAG	GC10T	2893.0	1088	0.093674384	Tumor	P10	Fibroblasts	Fib_1	-8.03621482849121	5.97311782836914
GC10T:TTCGAAGCAGATGGGT	GC10T	20164.0	4507	0.027573895	Tumor	P10	Fibroblasts	Fib_1	-9.250974655151369	5.73590087890625
GC10T:TTCGAAGCAGTAAGAT	GC10T	12709.0	3122	0.084585726	Tumor	P10	Fibroblasts	Fib_1	-6.0830864906311	5.62222766876221
GC10T:TTCGAAGGTCATACTG	GC10T	2186.0	937	0.27950594	Tumor	P10	Endothelial cells	Endo_1	12.707179069519	-1.21447610855103
GC10T:TTCGAAGTCACTCTTA	GC10T	1616.0	902	0.08168317	Tumor	P10	Endothelial cells	Endo_1	11.029538154602099	-0.43519523739814797
GC10T:TTCGAAGTCTTACCTA	GC10T	4149.0	1548	0.111834176	Tumor	P10	Endothelial cells	Endo_1	11.9365921020508	0.8345549702644351
GC10T:TTCGGTCAGACAAAGG	GC10T	12144.0	3386	0.044960473	Tumor	P10	Smooth muscle cells	SMC_1	0.45191338658332797	-11.1813859939575
GC10T:TTCTACAAGAATCTCC	GC10T	17829.0	4230	0.032419093	Tumor	P10	Fibroblasts	Fib_1	-6.8976764678955105	7.464293956756589
GC10T:TTCTACAGTCTTGTCC	GC10T	3860.0	1590	0.045336787	Tumor	P10	Smooth muscle cells	SMC_1	-0.883333921432495	-12.021148681640598
GC10T:TTCTCAAAGCACGCCT	GC10T	12583.0	3407	0.061591037	Tumor	P10	Smooth muscle cells	SMC_1	0.47217899560928295	-10.7173433303833
GC10T:TTCTCAAAGGTCGGAT	GC10T	3337.0	1521	0.06922385	Tumor	P10	Endothelial cells	Endo_1	13.4797277450562	-1.27785491943359
GC10T:TTCTCAATCGCCATAA	GC10T	11350.0	3408	0.034801763	Tumor	P10	Smooth muscle cells	SMC_1	1.02749764919281	-10.827927589416499
GC10T:TTCTCAATCGGCGCTA	GC10T	13030.0	3230	0.048810437	Tumor	P10	Fibroblasts	Fib_1	-7.47277736663818	7.69282722473145
GC10T:TTCTCCTGTCAGGACA	GC10T	14043.0	3979	0.057679985	Tumor	P10	Smooth muscle cells	SMC_1	0.7845918536186222	-10.7714176177979
GC10T:TTCTCCTTCTATCCCG	GC10T	24730.0	4822	0.033077233	Tumor	P10	Smooth muscle cells	SMC_1	0.0904581770300865	-8.77243900299072
GC10T:TTGAACGAGCTAGTCT	GC10T	12659.0	3558	0.031519078	Tumor	P10	Fibroblasts	Fib_1	-8.05641269683838	5.48794221878052
GC10T:TTGAACGCACCAGCAC	GC10T	9988.0	3233	0.033740487	Tumor	P10	Endothelial cells	Endo_1	12.556855201721199	-2.9994482994079603
GC10T:TTGAACGCACCCTATC	GC10T	1656.0	942	0.0012077295	Tumor	P10	Endothelial cells	Endo_1	10.355668067932099	-1.22708463668823
GC10T:TTGAACGCATTAGCCA	GC10T	16225.0	4132	0.05577812	Tumor	P10	Smooth muscle cells	SMC_1	-0.27791133522987393	-9.03025150299072
GC10T:TTGACTTCAGTAGAGC	GC10T	17685.0	3688	0.031778343	Tumor	P10	Smooth muscle cells	SMC_1	0.10256787389516801	-8.87773418426514
GC10T:TTGCCGTAGTAGATGT	GC10T	1759.0	950	0.087549746	Tumor	P10	Endothelial cells	Endo_1	10.563659667968802	-0.503728985786438
GC10T:TTGCCGTCACCCAGTG	GC10T	15234.0	3780	0.13056321	Tumor	P10	Fibroblasts	Fib_1	-9.34773540496826	5.59910249710083
GC10T:TTGCCGTGTAAATGTG	GC10T	7570.0	2523	0.031571995	Tumor	P10	Smooth muscle cells	SMC_1	-0.485072106122971	-9.99930572509766
GC10T:TTGCGTCCAAGCCATT	GC10T	10052.0	2846	0.12803422	Tumor	P10	Fibroblasts	Fib_1	-6.951501369476321	6.16638946533203
GC10T:TTGCGTCCAGGCAGTA	GC10T	6436.0	1956	0.10223741	Tumor	P10	Smooth muscle cells	SMC_1	-0.233618885278702	-11.689923286438
GC10T:TTGGAACAGCTCAACT	GC10T	11388.0	3344	0.027046014	Tumor	P10	Fibroblasts	Fib_1	-8.05965232849121	5.32758665084839
GC10T:TTGGAACGTAAGAGGA	GC10T	3626.0	1226	0.10562603	Tumor	P10	Fibroblasts	Fib_3	-4.22002220153809	5.62447643280029
GC10T:TTGGCAAAGGCTATCT	GC10T	8905.0	2854	0.027737226	Tumor	P10	Smooth muscle cells	SMC_1	-1.55708169937134	-11.891848564147901
GC10T:TTGGCAAGTTAAGATG	GC10T	13216.0	3639	0.031552665	Tumor	P10	Endothelial cells	Endo_1	13.4346313476562	-1.6358406543731698
GC10T:TTGGCAATCCTAGAAC	GC10T	21617.0	4304	0.099597536	Tumor	P10	Fibroblasts	Fib_1	-6.96865081787109	7.573364734649661
GC10T:TTGGCAATCGAGCCCA	GC10T	22652.0	3950	0.052180823	Tumor	P10	Fibroblasts	Fib_1	-5.593066215515139	5.91498613357544
GC10T:TTGTAGGAGACAGGCT	GC10T	5439.0	2020	0.046883617	Tumor	P10	Smooth muscle cells	SMC_1	-1.42101979255676	-12.7659139633179
GC10T:TTGTAGGGTCTTCTCG	GC10T	7709.0	2786	0.04021274	Tumor	P10	Smooth muscle cells	SMC_1	-0.7503573894500729	-11.948611259460401
GC10T:TTTATGCGTACACCGC	GC10T	11540.0	3266	0.052513	Tumor	P10	Endothelial cells	Endo_1	13.522468566894501	-1.57662904262543
GC10T:TTTCCTCAGCGCCTCA	GC10T	8480.0	2951	0.043867923	Tumor	P10	Smooth muscle cells	SMC_1	-0.408945858478546	-12.7052450180054
GC10T:TTTCCTCCAGGTCGTC	GC10T	10329.0	3346	0.038338657	Tumor	P10	Endothelial cells	Endo_1	11.917604446411099	0.23108045756816897
GC10T:TTTCCTCTCCGGGTGT	GC10T	6985.0	2262	0.066857554	Tumor	P10	Fibroblasts	Fib_1	-7.603458404541019	7.17154169082642
GC10T:TTTGGTTAGAGTGAGA	GC10T	10555.0	3190	0.048507817	Tumor	P10	Smooth muscle cells	SMC_1	-0.7797664403915409	-8.92069911956787
GC10T:TTTGGTTCATCTCCCA	GC10T	5375.0	2310	0.02772093	Tumor	P10	Endothelial cells	Endo_1	12.636925697326697	-2.15979170799255
GC01T:AAACCTGGTACCATCA	GC01T	2485.0	1071	0.19517103	Tumor	P1	Endothelial cells	Endo_1	10.6724901199341	-1.7768148183822599
GC01T:AACTCTTTCTTTAGGG	GC01T	1631.0	939	0.07847946	Tumor	P1	Endothelial cells	Endo_1	11.8177337646484	-4.33078336715698
GC01T:AACTTTCCACTATCTT	GC01T	510.0	341	0.2254902	Tumor	P1	Endothelial cells	Endo_1	11.101696014404302	-1.1610465049743701
GC01T:AAGGCAGAGCCCGAAA	GC01T	3770.0	1495	0.09469496	Tumor	P1	Endothelial cells	Endo_3	9.538330078125	3.52713489532471
GC01T:AAGGTTCTCTTGCAAG	GC01T	12111.0	3366	0.035670053	Tumor	P1	Endothelial cells	Endo_1	11.5721168518066	0.694053471088409
GC01T:AATCGGTTCACTTATC	GC01T	10386.0	3090	0.048045445	Tumor	P1	Endothelial cells	Endo_1	10.871345520019501	-0.23069442808628102
GC01T:ACACCCTTCTGATTCT	GC01T	2090.0	1019	0.16076554	Tumor	P1	Endothelial cells	Endo_1	9.59564781188965	0.469232499599457
GC01T:ACCAGTACATTCTCAT	GC01T	11505.0	2890	0.12803128	Tumor	P1	Fibroblasts	Fib_4	-7.1117839813232395	4.7890725135803205
GC01T:ACCCACTTCTTGAGAC	GC01T	10545.0	3351	0.025889046	Tumor	P1	Endothelial cells	Endo_1	12.394202232360803	-2.93509411811829
GC01T:ACCGTAATCAAACGGG	GC01T	10725.0	2783	0.007086247	Tumor	P1	Fibroblasts	Fib_1	-6.2507004737854	5.807560920715329
GC01T:ACGAGCCAGATGTAAC	GC01T	7873.0	2635	0.03467547	Tumor	P1	Fibroblasts	Fib_5	-10.440926551818801	2.5205628871917702
GC01T:ACGAGGAAGTGCCAGA	GC01T	783.0	433	0.25542784	Tumor	P1	Endothelial cells	Endo_1	9.194390296936039	0.535283148288727
GC01T:ACGATACGTGTATGGG	GC01T	15271.0	3437	0.05683976	Tumor	P1	Fibroblasts	Fib_5	-9.78214263916016	2.46467900276184
GC01T:ACTGAGTGTTAAGTAG	GC01T	990.0	690	0.13030303	Tumor	P1	Endothelial cells	Endo_1	10.559838294982901	0.983514249324799
GC01T:AGAATAGAGGTGTGGT	GC01T	3190.0	1470	0.05642633	Tumor	P1	Endothelial cells	Endo_2	9.48570537567139	-2.63886880874634
GC01T:AGAATAGCACCATGTA	GC01T	14414.0	3647	0.051685862	Tumor	P1	Fibroblasts	Fib_5	-9.947755813598631	2.3891429901123
GC01T:AGAGCTTTCATTATCC	GC01T	8096.0	2654	0.034337945	Tumor	P1	Fibroblasts	Fib_5	-9.773378372192381	2.59331250190735
GC01T:AGATCTGAGAGTAATC	GC01T	2938.0	1438	0.20013614	Tumor	P1	Fibroblasts	Fib_5	-10.0123891830444	2.39936089515686
GC01T:AGCATACCACAGCCCA	GC01T	6659.0	2420	0.033037994	Tumor	P1	Endothelial cells	Endo_3	9.4882345199585	3.19578433036804
GC01T:AGCATACTCACTTCAT	GC01T	10873.0	3283	0.056194242	Tumor	P1	Fibroblasts	Fib_5	-9.89417839050293	2.40663862228394
GC01T:AGCCTAACACTTAACG	GC01T	5641.0	1939	0.19978727	Tumor	P1	Fibroblasts	Fib_1	-6.241473197937009	6.02594184875488
GC01T:AGCGTATGTTCAACCA	GC01T	957.0	622	0.1107628	Tumor	P1	Endothelial cells	Endo_2	9.99056720733643	-3.9388015270233194
GC01T:AGCTCCTGTCACTGGC	GC01T	14243.0	4043	0.05602752	Tumor	P1	Endothelial cells	Endo_1	12.255028724670401	-2.59932947158813
GC01T:AGCTTGAGTATTCGTG	GC01T	1185.0	722	0.09029536	Tumor	P1	Endothelial cells	Endo_1	10.2580242156982	0.6248684525489809
GC01T:AGGCCACGTGTGACGA	GC01T	1250.0	769	0.1376	Tumor	P1	Endothelial cells	Endo_1	10.1024808883667	-2.83480453491211
GC01T:AGGGAGTCACGGATAG	GC01T	6974.0	2476	0.02724405	Tumor	P1	Endothelial cells	Endo_4	11.983248710632301	-6.6170768737792995
GC01T:AGTCTTTAGGACAGAA	GC01T	11491.0	3325	0.10773649	Tumor	P1	Endothelial cells	Endo_2	8.54430198669434	-2.22161865234375
GC01T:AGTCTTTTCTGCCCTA	GC01T	13169.0	3336	0.07631559	Tumor	P1	Fibroblasts	Fib_1	-5.92943239212036	5.8220419883728
GC01T:ATCATCTTCTTACCGC	GC01T	3357.0	1428	0.21537086	Tumor	P1	Endothelial cells	Endo_1	12.704213142395	-2.05208015441895
GC01T:ATGCGATGTCGAAAGC	GC01T	1375.0	665	0.28218183	Tumor	P1	Endothelial cells	Endo_2	9.66014099121094	-3.2883949279785196
GC01T:ATGGGAGCACAGATTC	GC01T	6331.0	2287	0.0375928	Tumor	P1	Endothelial cells	Endo_1	12.7041778564453	-2.32572317123413
GC01T:ATGTGTGTCCGCGGTA	GC01T	23263.0	4763	0.045608908	Tumor	P1	Fibroblasts	Fib_5	-9.75705814361572	2.45286750793457
GC01T:ATTCTACAGCGTGAGT	GC01T	6126.0	2092	0.028403526	Tumor	P1	Endothelial cells	Endo_3	10.126106262207001	2.2487545013427703
GC01T:ATTGGTGAGCTACCGC	GC01T	6565.0	2555	0.024219345	Tumor	P1	Endothelial cells	Endo_4	11.9401445388794	-6.41250276565552
GC01T:ATTTCTGAGCCGATTT	GC01T	2380.0	1376	0.05462185	Tumor	P1	Smooth muscle cells	SMC_1	-0.10416666418314001	-10.850841522216802
GC01T:CAACCAATCTCCGGTT	GC01T	2813.0	1105	0.1251333	Tumor	P1	Fibroblasts	Fib_5	-10.0214405059814	3.38490438461304
GC01T:CAAGATCCAAATACAG	GC01T	1204.0	640	0.22508305	Tumor	P1	Endothelial cells	Endo_1	9.35560131072998	1.26386117935181
GC01T:CAAGGCCGTCCAGTTA	GC01T	7532.0	2307	0.05377058	Tumor	P1	Endothelial cells	Endo_1	12.8666677474976	-0.188630297780037
GC01T:CAAGTTGCAGCGTCCA	GC01T	1914.0	938	0.067398116	Tumor	P1	Endothelial cells	Endo_2	8.53499603271484	-2.7377073764801003
GC01T:CACACTCGTCCGCTGA	GC01T	1928.0	930	0.1026971	Tumor	P1	Endothelial cells	Endo_2	8.806863784790039	-3.8422679901123
GC01T:CACAGTAGTTCCACGG	GC01T	1405.0	671	0.25836298	Tumor	P1	Endothelial cells	Endo_1	10.4872789382935	0.0848502889275551
GC01T:CACCACTAGCAGCGTA	GC01T	584.0	346	0.28938356	Tumor	P1	Endothelial cells	Endo_1	11.763195037841802	-4.92820978164673
GC01T:CAGATCACATTCCTCG	GC01T	5294.0	2339	0.03683415	Tumor	P1	Endothelial cells	Endo_4	12.1334238052368	-4.9043722152710005
GC01T:CAGGTGCAGGCTACGA	GC01T	1529.0	931	0.07913669	Tumor	P1	Endothelial cells	Endo_1	10.4241504669189	-3.3286068439483603
GC01T:CAGTCCTCAGGTCTCG	GC01T	3155.0	1422	0.17749603	Tumor	P1	Endothelial cells	Endo_1	12.976167678833	-1.80263352394104
GC01T:CAGTCCTCATGCATGT	GC01T	22973.0	5076	0.034605842	Tumor	P1	Smooth muscle cells	SMC_1	-2.7870299816131605	-13.3333520889282
GC01T:CATCAGAAGCGTTTAC	GC01T	4177.0	1329	0.13143404	Tumor	P1	Fibroblasts	Fib_3	-4.35902690887451	5.13169240951538
GC01T:CATGACAGTGTGGCTC	GC01T	17104.0	3705	0.02905753	Tumor	P1	Fibroblasts	Fib_5	-10.6113128662109	3.7172691822052
GC01T:CATTATCTCGGTTCGG	GC01T	2022.0	980	0.115727	Tumor	P1	Endothelial cells	Endo_2	8.75984191894531	-3.26198768615723
GC01T:CCCAGTTTCCACGTGG	GC01T	8778.0	2621	0.055251766	Tumor	P1	Endothelial cells	Endo_1	11.765976905822802	0.9508022665977479
GC01T:CCCTCCTAGCGCCTTG	GC01T	4453.0	1799	0.028295532	Tumor	P1	Fibroblasts	Fib_5	-10.2744483947754	2.4472918510437003
GC01T:CCGGGATGTCAACATC	GC01T	10089.0	2775	0.095549606	Tumor	P1	Endothelial cells	Endo_1	12.8043050765991	-1.00383329391479
GC01T:CCGTACTAGTTCCACA	GC01T	2332.0	979	0.22169812	Tumor	P1	Fibroblasts	Fib_3	-3.7803034782409703	5.8012371063232395
GC01T:CCGTGGACAAGCTGAG	GC01T	25312.0	5364	0.02619311	Tumor	P1	Fibroblasts	Fib_1	-5.45121765136719	6.02001428604126
GC01T:CCGTGGACATTATCTC	GC01T	6056.0	2082	0.032529723	Tumor	P1	Endothelial cells	Endo_3	9.43931293487549	3.48907566070557
GC01T:CCTAAAGGTGCACGAA	GC01T	4707.0	1849	0.06479711	Tumor	P1	Endothelial cells	Endo_2	8.98012733459473	-2.83527064323425
GC01T:CCTTCCCGTCTCCCTA	GC01T	1944.0	1020	0.074074075	Tumor	P1	Endothelial cells	Endo_1	10.5401668548584	0.9225847125053409
GC01T:CCTTCGAGTATCAGTC	GC01T	5677.0	2255	0.04491809	Tumor	P1	Endothelial cells	Endo_1	12.069960594177198	-1.65007996559143
GC01T:CGAACATTCGATAGAA	GC01T	599.0	363	0.26711187	Tumor	P1	Endothelial cells	Endo_1	9.59569263458252	-2.2946925163269
GC01T:CGATGGCAGGTAGCTG	GC01T	4533.0	1895	0.10544893	Tumor	P1	Endothelial cells	Endo_1	12.2362384796143	-2.11214661598206
GC01T:CGATTGAAGAACTGTA	GC01T	9215.0	2648	0.035702657	Tumor	P1	Fibroblasts	Fib_1	-6.20225381851196	5.760788440704349
GC01T:CGCCAAGAGTTAGGTA	GC01T	9455.0	2533	0.14182971	Tumor	P1	Fibroblasts	Fib_3	-3.57509875297546	6.15798711776733
GC01T:CGCGGTATCGCTAGCG	GC01T	7656.0	2483	0.039184954	Tumor	P1	Endothelial cells	Endo_1	12.762359619140598	-2.03617262840271
GC01T:CGGACGTAGAATTGTG	GC01T	8580.0	2795	0.043356642	Tumor	P1	Endothelial cells	Endo_2	8.89584064483643	-1.71956944465637
GC01T:CGGAGCTCAGGTCGTC	GC01T	6173.0	2036	0.044710837	Tumor	P1	Endothelial cells	Endo_1	12.7207126617432	-0.023991335183382003
GC01T:CGGAGCTGTCCCTACT	GC01T	904.0	603	0.022123894	Tumor	P1	Endothelial cells	Endo_3	10.095009803772	2.79891753196716
GC01T:CGGGTCACATATACGC	GC01T	11409.0	3450	0.047155753	Tumor	P1	Endothelial cells	Endo_3	10.3528518676758	1.74747562408447
GC01T:CGTCAGGTCAGTTTGG	GC01T	2906.0	1272	0.10874054	Tumor	P1	Endothelial cells	Endo_1	11.705913543701199	-0.183484479784966
GC01T:CGTGTAATCAAACCGT	GC01T	7455.0	2608	0.059154928	Tumor	P1	Endothelial cells	Endo_1	12.7566680908203	-2.04847145080566
GC01T:CGTGTAATCCGCGGTA	GC01T	1047.0	661	0.039159503	Tumor	P1	Endothelial cells	Endo_3	10.0549440383911	2.53329157829285
GC01T:CTACATTTCTCAAGTG	GC01T	10660.0	3210	0.06378987	Tumor	P1	Fibroblasts	Fib_1	-6.8023681640625	6.20595836639404
GC01T:CTACGTCGTCATACTG	GC01T	14259.0	3607	0.04299039	Tumor	P1	Endothelial cells	Endo_3	8.534412384033201	2.29047632217407
GC01T:CTACGTCTCGTTGACA	GC01T	1123.0	561	0.28673196	Tumor	P1	Endothelial cells	Endo_1	10.592728614807099	1.97823393344879
GC01T:CTAGCCTCAAGCTGTT	GC01T	6615.0	2194	0.074678764	Tumor	P1	Fibroblasts	Fib_4	-8.260715484619139	2.9441308975219704
GC01T:CTCGAAAGTGCTAGCC	GC01T	4987.0	1884	0.063765794	Tumor	P1	Endothelial cells	Endo_1	13.3993005752563	-1.6627372503280602
GC01T:CTCGAGGGTGCAGTAG	GC01T	9834.0	3041	0.04616636	Tumor	P1	Fibroblasts	Fib_5	-9.74058151245117	2.42899465560913
GC01T:CTCGGGATCAAACCGT	GC01T	11011.0	2845	0.04195804	Tumor	P1	Fibroblasts	Fib_1	-6.3196530342102095	5.590753555297849
GC01T:CTCTGGTTCAGTCCCT	GC01T	936.0	534	0.09294872	Tumor	P1	Endothelial cells	Endo_1	10.242089271545401	2.31917119026184
GC01T:CTGAAACCAGTTCATG	GC01T	12113.0	3367	0.063155286	Tumor	P1	Fibroblasts	Fib_5	-10.0531597137451	2.35991787910461
GC01T:CTGCCTAAGTGGAGAA	GC01T	2917.0	1478	0.18786424	Tumor	P1	Endothelial cells	Endo_1	11.5509901046753	-1.10479593276978
GC01T:CTGCGGAGTAGGCTGA	GC01T	5569.0	2328	0.02047046	Tumor	P1	Endothelial cells	Endo_4	11.741827964782699	-6.82037448883057
GC01T:CTGCTGTAGATCGATA	GC01T	11214.0	3533	0.05207776	Tumor	P1	Endothelial cells	Endo_3	10.8288249969482	1.4926365613937398
GC01T:CTGTGCTTCCTATTCA	GC01T	8602.0	2657	0.09707045	Tumor	P1	Endothelial cells	Endo_3	9.467976570129391	2.7457044124603303
GC01T:CTGTTTATCACCCTCA	GC01T	8235.0	2562	0.06763813	Tumor	P1	Endothelial cells	Endo_3	9.58163833618164	3.11715412139893
GC01T:CTGTTTATCGAACTGT	GC01T	8000.0	2786	0.02925	Tumor	P1	Fibroblasts	Fib_5	-9.54963970184326	2.55502271652222
GC01T:CTTAGGATCGGTCTAA	GC01T	9602.0	2958	0.054259527	Tumor	P1	Endothelial cells	Endo_1	10.935054779052699	0.886256635189056
GC01T:CTTCTCTAGCTCCTTC	GC01T	6495.0	2462	0.040030792	Tumor	P1	Endothelial cells	Endo_3	10.1356801986694	3.0692534446716295
GC01T:CTTTGCGAGCAGGCTA	GC01T	683.0	387	0.2737921	Tumor	P1	Endothelial cells	Endo_1	9.36990928649902	0.7390257716178891
GC01T:GACGTGCCAGCATACT	GC01T	7140.0	2320	0.08081233	Tumor	P1	Endothelial cells	Endo_1	12.3981761932373	-1.7714765071868899
GC01T:GACGTTAAGAAGGGTA	GC01T	6076.0	2120	0.038183015	Tumor	P1	Endothelial cells	Endo_3	9.569234848022461	3.33118653297424
GC01T:GACTAACCATATACCG	GC01T	17916.0	4332	0.065695465	Tumor	P1	Endothelial cells	Endo_1	12.4629955291748	-0.120352044701576
GC01T:GATCGCGCACCAGCAC	GC01T	6131.0	2188	0.032621104	Tumor	P1	Endothelial cells	Endo_2	9.721333503723141	-4.58343458175659
GC01T:GATGAAATCATGCAAC	GC01T	3757.0	1647	0.15837105	Tumor	P1	Endothelial cells	Endo_1	12.8046932220459	-1.76955997943878
GC01T:GATTCAGAGTAGTGCG	GC01T	9404.0	2842	0.055933647	Tumor	P1	Endothelial cells	Endo_2	9.3028450012207	-2.58318829536438
GC01T:GATTCAGTCAGTTAGC	GC01T	13565.0	3938	0.059786215	Tumor	P1	Endothelial cells	Endo_1	13.2315330505371	-1.9256237745285
GC01T:GCAATCAGTAATCGTC	GC01T	1609.0	927	0.12119329	Tumor	P1	Endothelial cells	Endo_4	11.940980911254899	-5.6766061782836905
GC01T:GCAGCCACATTGGGCC	GC01T	6588.0	2398	0.05358227	Tumor	P1	Endothelial cells	Endo_3	10.0782146453857	3.02565336227417
GC01T:GCAGTTATCTGGCGTG	GC01T	3341.0	1563	0.044597425	Tumor	P1	Endothelial cells	Endo_2	9.99209785461426	-4.64631938934326
GC01T:GCGACCACACACTGCG	GC01T	19355.0	4419	0.07961767	Tumor	P1	Endothelial cells	Endo_1	11.9415903091431	0.132547423243523
GC01T:GCGAGAATCGCCATAA	GC01T	764.0	523	0.11256544	Tumor	P1	Endothelial cells	Endo_2	8.30617713928223	-3.67984414100647
GC01T:GCGCAACTCTATGTGG	GC01T	9311.0	3052	0.027601762	Tumor	P1	Endothelial cells	Endo_2	9.54516887664795	-2.71831250190735
GC01T:GCGCAACTCTCAAACG	GC01T	9727.0	3040	0.036907576	Tumor	P1	Endothelial cells	Endo_3	10.1820116043091	2.25470924377441
GC01T:GCGCAGTTCACGATGT	GC01T	1679.0	928	0.13877308	Tumor	P1	Endothelial cells	Endo_1	11.0802764892578	-0.6042162775993349
GC01T:GCGGGTTGTCAGAAGC	GC01T	13400.0	3605	0.03186567	Tumor	P1	Fibroblasts	Fib_5	-9.76396179199219	2.3893187046051003
GC01T:GCTCCTAAGGACACCA	GC01T	7489.0	2678	0.032714646	Tumor	P1	Endothelial cells	Endo_3	9.90182495117188	3.07917094230652
GC01T:GGAAAGCAGTGCGATG	GC01T	1872.0	785	0.20299146	Tumor	P1	Endothelial cells	Endo_1	9.62429237365723	0.40263667702674893
GC01T:GGAAAGCAGTGTGGCA	GC01T	5672.0	2261	0.033321578	Tumor	P1	Endothelial cells	Endo_2	9.99235439300537	-4.6518883705139205
GC01T:GGAATAAGTTCAGACT	GC01T	8626.0	2779	0.0668908	Tumor	P1	Endothelial cells	Endo_1	12.987004280090302	-0.488179385662079
GC01T:GGACAAGAGATATACG	GC01T	5989.0	2389	0.05760561	Tumor	P1	Smooth muscle cells	SMC_1	-0.5651460886001589	-9.84112167358398
GC01T:GGCAATTTCGTATCAG	GC01T	2829.0	1281	0.031106398	Tumor	P1	Endothelial cells	Endo_3	11.0430965423584	1.49122631549835
GC01T:GGCCGATTCAATCTCT	GC01T	1166.0	618	0.15265866	Tumor	P1	Endothelial cells	Endo_1	9.989789962768551	2.4057421684265097
GC01T:GGCTGGTTCGAGAGCA	GC01T	2201.0	1158	0.14129941	Tumor	P1	Endothelial cells	Endo_1	10.2391653060913	-2.8847637176513703
GC01T:GGGATGACAATGGTCT	GC01T	5846.0	2198	0.058672596	Tumor	P1	Endothelial cells	Endo_4	12.3369560241699	-6.55986547470093
GC01T:GGGATGAGTAAGAGGA	GC01T	7449.0	2523	0.059202578	Tumor	P1	Endothelial cells	Endo_3	9.68752384185791	2.99035143852234
GC01T:GGTATTGGTAAACCTC	GC01T	9928.0	3228	0.052377116	Tumor	P1	Endothelial cells	Endo_1	12.2632722854614	-2.54039478302002
GC01T:GGTGAAGCACTGAAGG	GC01T	6074.0	1995	0.19410603	Tumor	P1	Fibroblasts	Fib_1	-6.27943420410156	6.05947208404541
GC01T:GTACTCCTCCGAATGT	GC01T	28479.0	5194	0.03128621	Tumor	P1	Fibroblasts	Fib_3	-4.705053329467769	6.222161769866941
GC01T:GTAGGCCGTGTAAGTA	GC01T	9528.0	2767	0.023194794	Tumor	P1	Fibroblasts	Fib_4	-7.73196887969971	2.83411860466003
GC01T:GTCAAGTGTTAAGAAC	GC01T	6341.0	2130	0.18246333	Tumor	P1	Endothelial cells	Endo_1	11.9646005630493	0.615725100040436
GC01T:GTCGTAAAGAGTACAT	GC01T	6075.0	2544	0.030617284	Tumor	P1	Endothelial cells	Endo_4	11.555293083190902	-6.58150291442871
GC01T:GTGCAGCAGCAGCCTC	GC01T	18841.0	4276	0.022928718	Tumor	P1	Fibroblasts	Fib_1	-6.219555854797361	5.84634876251221
GC01T:GTGCTTCGTGCTAGCC	GC01T	16963.0	4399	0.03690385	Tumor	P1	Fibroblasts	Fib_1	-6.21884679794312	6.23260402679443
GC01T:GTGTGCGTCTTAACCT	GC01T	1360.0	772	0.14117648	Tumor	P1	Endothelial cells	Endo_1	9.97875690460205	-2.6656739711761497
GC01T:GTGTTAGCAAAGCAAT	GC01T	5569.0	1982	0.070569225	Tumor	P1	Endothelial cells	Endo_2	8.82967853546143	-3.7925395965576203
GC01T:GTTACAGGTATCGCAT	GC01T	1111.0	643	0.05040504	Tumor	P1	Endothelial cells	Endo_1	10.3492069244385	0.671878576278687
GC01T:TAAACCGCAGGTTTCA	GC01T	7605.0	2653	0.040236685	Tumor	P1	Endothelial cells	Endo_4	11.989863395690902	-6.51065826416016
GC01T:TAAGAGACATGCCTAA	GC01T	1252.0	670	0.12140575	Tumor	P1	Endothelial cells	Endo_1	11.8514308929443	-2.18376135826111
GC01T:TAAGCGTTCAGAGACG	GC01T	7915.0	2599	0.07934302	Tumor	P1	Endothelial cells	Endo_3	9.64300155639648	3.38613176345825
GC01T:TACGGATTCTTCGAGA	GC01T	14329.0	3716	0.052899715	Tumor	P1	Endothelial cells	Endo_4	11.803994178772	-5.1276741027832005
GC01T:TACTTGTTCATGTAGC	GC01T	1500.0	889	0.15133333	Tumor	P1	Endothelial cells	Endo_4	11.9115686416626	-5.7183051109314
GC01T:TAGAGCTTCGCCTGAG	GC01T	2218.0	1085	0.1154193	Tumor	P1	Endothelial cells	Endo_1	11.7567682266235	-2.6953716278076203
GC01T:TAGAGCTTCTTTAGTC	GC01T	12195.0	3516	0.039524395	Tumor	P1	Endothelial cells	Endo_3	10.2895669937134	1.5614610910415603
GC01T:TAGCCGGTCCGCATCT	GC01T	2486.0	1312	0.04625905	Tumor	P1	Endothelial cells	Endo_2	10.2584476470947	-3.99869918823242
GC01T:TCAACGATCAACACCA	GC01T	2072.0	909	0.0053088805	Tumor	P1	Endothelial cells	Endo_1	9.88865375518799	-1.0367238521575899
GC01T:TCAATCTGTACTCGCG	GC01T	14086.0	3501	0.023995457	Tumor	P1	Fibroblasts	Fib_5	-11.1585636138916	3.62999534606934
GC01T:TCACGAATCGCCCTTA	GC01T	557.0	417	0.026929982	Tumor	P1	Endothelial cells	Endo_1	9.80228805541992	-0.05286146327853201
GC01T:TCAGCTCGTTGTACAC	GC01T	668.0	451	0.1511976	Tumor	P1	Endothelial cells	Endo_1	10.2957334518433	-0.32933756709098805
GC01T:TCATTACCATTAGCCA	GC01T	9410.0	2990	0.07035069	Tumor	P1	Endothelial cells	Endo_3	10.3447380065918	2.31496810913086
GC01T:TCGGTAAGTGATGATA	GC01T	4027.0	1465	0.07797368	Tumor	P1	Fibroblasts	Fib_1	-8.06094932556152	5.7019147872924805
GC01T:TCTGGAAGTTCAGCGC	GC01T	6981.0	2747	0.04111159	Tumor	P1	Smooth muscle cells	SMC_1	0.5307242274284361	-10.8846216201782
GC01T:TGACTTTCACCTATCC	GC01T	9342.0	3101	0.08038964	Tumor	P1	Endothelial cells	Endo_1	12.568682670593299	-2.3124847412109397
GC01T:TGAGAGGAGTACGCCC	GC01T	5049.0	1991	0.08813626	Tumor	P1	Endothelial cells	Endo_1	12.9701023101807	-1.82197403907776
GC01T:TGAGAGGTCTCAAACG	GC01T	1172.0	676	0.19624573	Tumor	P1	Endothelial cells	Endo_1	10.305692672729501	-2.7571215629577597
GC01T:TGAGCCGTCGTATCAG	GC01T	3057.0	1248	0.08243376	Tumor	P1	Endothelial cells	Endo_1	11.966856002807601	-0.069798119366169
GC01T:TGATTTCTCGCAGGCT	GC01T	4314.0	1698	0.022948539	Tumor	P1	Fibroblasts	Fib_5	-10.7091197967529	2.61066651344299
GC01T:TGCCCATCAGTTCATG	GC01T	9330.0	2787	0.05380493	Tumor	P1	Endothelial cells	Endo_3	8.7969388961792	2.95504593849182
GC01T:TGCGCAGGTTATCGGT	GC01T	5133.0	1656	0.11377362	Tumor	P1	Smooth muscle cells	SMC_2	-4.590502738952639	-12.889251708984402
GC01T:TGGGAAGTCTCGTATT	GC01T	3044.0	1323	0.19710907	Tumor	P1	Endothelial cells	Endo_1	12.7186222076416	-2.73247528076172
GC01T:TGGGCGTGTGACGCCT	GC01T	6268.0	2261	0.06094448	Tumor	P1	Fibroblasts	Fib_5	-10.1814384460449	3.1529586315155
GC01T:TGGTTAGCAGTATAAG	GC01T	1442.0	839	0.10402219	Tumor	P1	Endothelial cells	Endo_1	10.415806770324698	-4.24170827865601
GC01T:TGTATTCTCTCATTCA	GC01T	1173.0	666	0.10400682	Tumor	P1	Endothelial cells	Endo_2	10.733622550964402	-4.949668884277339
GC01T:TGTGGTACATATGGTC	GC01T	1206.0	660	0.10696518	Tumor	P1	Endothelial cells	Endo_1	9.90817165374756	-1.7349760532379197
GC01T:TTAACTCGTGATGATA	GC01T	11538.0	3220	0.018114058	Tumor	P1	Endothelial cells	Endo_3	9.87176132202148	2.06590747833252
GC01T:TTAGGCAGTTTGTTTC	GC01T	9776.0	3247	0.044087563	Tumor	P1	Endothelial cells	Endo_1	12.5315990447998	-3.0370061397552504
GC01T:TTAGTTCTCGTAGATC	GC01T	6085.0	2161	0.06409203	Tumor	P1	Endothelial cells	Endo_3	9.65305709838867	3.17235970497131
GC01T:TTCCCAGCAGACAAAT	GC01T	9183.0	2762	0.0418164	Tumor	P1	Endothelial cells	Endo_3	9.684953689575199	2.49459671974182
GC01T:TTTGGTTGTAGCAAAT	GC01T	24611.0	4832	0.036162693	Tumor	P1	Fibroblasts	Fib_1	-5.45170593261719	5.95456504821777
GC01T:TTTGTCACAAATACAG	GC01T	10366.0	3195	0.043989968	Tumor	P1	Endothelial cells	Endo_1	11.0938634872437	-2.91187453269958
GC02T:AAAGATGCACGACGAA	GC02T	5038.0	1840	0.20643112	Tumor	P2	Fibroblasts	Fib_1	-7.119258880615231	8.28917980194092
GC02T:AAGCCGCTCCTACAGA	GC02T	7530.0	2955	0.027888447	Tumor	P2	Fibroblasts	Fib_1	-7.7410984039306605	8.011768341064451
GC02T:ACCCACTCACCTCGTT	GC02T	7111.0	2537	0.16200253	Tumor	P2	Myofibroblasts	Myofibroblasts	-7.13720178604126	1.1474251747131299
GC02T:ACGAGCCAGTACATGA	GC02T	13583.0	3496	0.106751084	Tumor	P2	Smooth muscle cells	SMC_1	1.2736572027206399	-11.078724861145
GC02T:ACGGGTCTCTTCGGTC	GC02T	4805.0	1749	0.22663891	Tumor	P2	Endothelial cells	Endo_1	12.5603551864624	-1.94340336322784
GC02T:AGAGTGGAGCGGCTTC	GC02T	11050.0	3034	0.087420814	Tumor	P2	Fibroblasts	Fib_2	-6.37952518463135	7.97628259658813
GC02T:AGATTGCGTCAAAGCG	GC02T	13379.0	3815	0.025861425	Tumor	P2	Smooth muscle cells	SMC_1	0.0350470170378685	-10.0513038635254
GC02T:AGCGGTCTCTACCAGA	GC02T	20406.0	4714	0.065617956	Tumor	P2	Smooth muscle cells	SMC_1	-2.8249738216400098	-13.259802818298303
GC02T:AGTGGGATCAGCTGGC	GC02T	1177.0	704	0.1682243	Tumor	P2	Smooth muscle cells	SMC_1	-0.619917094707489	-10.2954902648926
GC02T:ATGCGATAGACAGAGA	GC02T	23753.0	5406	0.047194038	Tumor	P2	Endothelial cells	Endo_4	11.6665744781494	-5.163504600524901
GC02T:CAACCAAAGAACTCGG	GC02T	10629.0	3243	0.060118545	Tumor	P2	Fibroblasts	Fib_4	-8.12728023529053	2.7830898761749303
GC02T:CAAGTTGGTTCAGGCC	GC02T	3035.0	1388	0.16046129	Tumor	P2	Smooth muscle cells	SMC_2	-3.5298285484314	-13.963624954223599
GC02T:CACAAACCATGTCCTC	GC02T	2309.0	1099	0.14551754	Tumor	P2	Endothelial cells	Endo_1	11.341072082519501	-2.5647614002227797
GC02T:CACACCTAGCACCGCT	GC02T	13805.0	3565	0.022021007	Tumor	P2	Endothelial cells	Endo_1	12.825714111328098	-0.495709896087646
GC02T:CATATTCGTCTGCAAT	GC02T	13673.0	3873	0.07108901	Tumor	P2	Fibroblasts	Fib_4	-7.49598503112793	2.52473640441895
GC02T:CATCGAATCTAACTTC	GC02T	11478.0	3774	0.047830634	Tumor	P2	Fibroblasts	Fib_2	-6.8943567276001	9.536520004272461
GC02T:CCATGTCTCAGCTTAG	GC02T	4681.0	1935	0.20252083	Tumor	P2	Fibroblasts	Fib_4	-8.780026435852049	2.89217567443848
GC02T:CCCTCCTAGGGATGGG	GC02T	10378.0	3248	0.038446713	Tumor	P2	Fibroblasts	Fib_2	-6.26560354232788	8.23715972900391
GC02T:CCGGTAGGTCCCTTGT	GC02T	1802.0	803	0.2536071	Tumor	P2	Endothelial cells	Endo_1	10.5269184112549	-3.48536276817322
GC02T:CCTCAGTTCCCAACGG	GC02T	16671.0	3940	0.07042169	Tumor	P2	Fibroblasts	Fib_1	-6.65585994720459	5.91184139251709
GC02T:CCTTACGAGTGCCAGA	GC02T	11802.0	3501	0.06532791	Tumor	P2	Endothelial cells	Endo_1	12.954993247985803	-2.16168522834778
GC02T:CGATGTACACAGACAG	GC02T	10427.0	3523	0.05600844	Tumor	P2	Fibroblasts	Fib_2	-5.65582370758057	9.29018688201904
GC02T:CGCTGGATCGTTACGA	GC02T	13765.0	3901	0.053033054	Tumor	P2	Endothelial cells	Endo_1	11.4338274002075	0.8606227040290829
GC02T:CGGAGTCCATCCTTGC	GC02T	4811.0	1940	0.074204944	Tumor	P2	Smooth muscle cells	SMC_1	-0.16517762839794198	-12.378146171569801
GC02T:CGTCAGGGTCTCTTAT	GC02T	7376.0	2392	0.22830802	Tumor	P2	Fibroblasts	Fib_4	-5.77111673355103	1.8265289068222
GC02T:CGTGTCTCAATAACGA	GC02T	6877.0	2545	0.037370946	Tumor	P2	Smooth muscle cells	SMC_2	-3.3805747032165496	-13.2959079742432
GC02T:CTAGCCTGTGTGCGTC	GC02T	12212.0	3686	0.03521127	Tumor	P2	Fibroblasts	Fib_5	-9.83438491821289	2.55957674980164
GC02T:CTCCTAGAGTATCGAA	GC02T	2618.0	1392	0.09663866	Tumor	P2	Smooth muscle cells	SMC_1	-0.45451149344444297	-10.7154912948608
GC02T:CTGAAACGTCAGAGGT	GC02T	769.0	472	0.17945383	Tumor	P2	Fibroblasts	Fib_2	-5.63981294631958	10.843770980834998
GC02T:CTGTGCTTCTCAAACG	GC02T	15714.0	4422	0.034746088	Tumor	P2	Fibroblasts	Fib_1	-6.9232702255249	8.19052886962891
GC02T:CTTACCGGTACTCGCG	GC02T	2185.0	1173	0.105720825	Tumor	P2	Fibroblasts	Fib_2	-6.283390045166019	10.6498613357544
GC02T:CTTAGGAAGAGTAAGG	GC02T	1810.0	987	0.18232045	Tumor	P2	Endothelial cells	Endo_2	9.597147941589359	-3.28858208656311
GC02T:GAAACTCGTTCACCTC	GC02T	5417.0	2142	0.1371608	Tumor	P2	Fibroblasts	Fib_4	-5.67610740661621	1.80756115913391
GC02T:GACGTTAGTAGAGTGC	GC02T	20516.0	5032	0.052495614	Tumor	P2	Smooth muscle cells	SMC_1	0.7978056073188778	-12.064002990722699
GC02T:GATCAGTGTCTCAACA	GC02T	17120.0	4350	0.072488315	Tumor	P2	Endothelial cells	Endo_2	8.05256748199463	-2.7866733074188197
GC02T:GATCGCGGTTCTGGTA	GC02T	6155.0	2388	0.16068237	Tumor	P2	Smooth muscle cells	SMC_1	-0.0836321711540222	-10.8126745223999
GC02T:GATGAAATCACAACGT	GC02T	20006.0	4679	0.05193442	Tumor	P2	Fibroblasts	Fib_1	-6.58667230606079	8.07298183441162
GC02T:GCATGATAGGGAACGG	GC02T	16253.0	3968	0.098874055	Tumor	P2	Endothelial cells	Endo_1	9.80047225952148	-2.43447399139404
GC02T:GCTTGAATCTGATTCT	GC02T	16176.0	4353	0.06336548	Tumor	P2	Smooth muscle cells	SMC_1	0.28028556704521196	-9.7689962387085
GC02T:GGACAGAAGGGTTTCT	GC02T	10389.0	3125	0.05775339	Tumor	P2	Fibroblasts	Fib_1	-5.63065767288208	8.38679313659668
GC02T:GGAGCAACAACACCCG	GC02T	1961.0	965	0.29576746	Tumor	P2	Endothelial cells	Endo_2	10.3853340148926	-3.04784345626831
GC02T:GGCGACTTCGTTTAGG	GC02T	1679.0	1051	0.11018463	Tumor	P2	Endothelial cells	Endo_1	11.571163177490199	0.6537829637527471
GC02T:GTCAAGTTCTCTGTCG	GC02T	6345.0	2336	0.04176517	Tumor	P2	Fibroblasts	Fib_2	-5.442791938781741	10.3425436019897
GC02T:GTCTTCGCACAGGCCT	GC02T	5949.0	2207	0.04908388	Tumor	P2	Fibroblasts	Fib_1	-7.41685914993286	8.97977828979492
GC02T:GTCTTCGCATGATCCA	GC02T	1445.0	762	0.2685121	Tumor	P2	Fibroblasts	Fib_2	-5.3694806098938	10.109596252441401
GC02T:GTGCATACAGACTCGC	GC02T	9369.0	3131	0.06137261	Tumor	P2	Smooth muscle cells	SMC_1	0.13221968710422502	-10.405728340148901
GC02T:TAGGCATTCCGCGGTA	GC02T	1655.0	721	0.21027191	Tumor	P2	Myofibroblasts	Myofibroblasts	-7.41947364807129	0.978304147720337
GC02T:TCAGCTCGTTTAGCTG	GC02T	10068.0	3157	0.052046087	Tumor	P2	Fibroblasts	Fib_4	-8.924783706665039	3.01417708396912
GC02T:TCCACACAGCCGGTAA	GC02T	10743.0	3237	0.06041143	Tumor	P2	Fibroblasts	Fib_2	-4.81821870803833	10.8572359085083
GC02T:TCGTAGATCTGCTGTC	GC02T	10303.0	3095	0.08065612	Tumor	P2	Endothelial cells	Endo_1	11.971585273742699	0.653132438659668
GC02T:TGACTTTGTCGGGTCT	GC02T	5506.0	1988	0.19197239	Tumor	P2	Endothelial cells	Endo_2	9.11775207519531	-3.5699822902679403
GC02T:TGAGCATGTATCGCAT	GC02T	2649.0	1451	0.041525103	Tumor	P2	Endothelial cells	Endo_2	9.01557540893555	-4.03045415878296
GC02T:TGGACGCAGAGATGAG	GC02T	3211.0	1318	0.21083775	Tumor	P2	Endothelial cells	Endo_2	9.54954528808594	-3.33865284919739
GC02T:TGGCCAGTCAGAGCTT	GC02T	5189.0	1729	0.22875313	Tumor	P2	Fibroblasts	Fib_1	-6.34928274154663	6.2446384429931605
GC02T:TTCTACAGTCCCGACA	GC02T	9657.0	3122	0.11193953	Tumor	P2	Endothelial cells	Endo_1	13.364699363708501	-1.7850519418716397
GC02T:TTTATGCCAATGGAGC	GC02T	11017.0	3641	0.101116456	Tumor	P2	Fibroblasts	Fib_2	-6.5401177406311	10.0149049758911
GC02T:TTTATGCTCTTAACCT	GC02T	2222.0	962	0.29522952	Tumor	P2	Endothelial cells	Endo_1	11.366270065307601	-2.59140157699585
GC03P:AAAGCAAAGGTCGGAT	GC03P	1002.0	688	0.06287425	Paratumor	P3	Endothelial cells	Endo_2	9.31301116943359	-3.53654289245605
GC03P:AAAGCAATCAAAGTAG	GC03P	1426.0	865	0.05539972	Paratumor	P3	Endothelial cells	Endo_1	8.95248126983643	-1.9135993719100999
GC03P:AAATGCCTCAGCACAT	GC03P	1952.0	1140	0.03329918	Paratumor	P3	Endothelial cells	Endo_2	9.51166534423828	-2.83648061752319
GC03P:AACTCTTAGAAGGCCT	GC03P	2485.0	1426	0.024547284	Paratumor	P3	Endothelial cells	Endo_4	12.047035217285199	-5.69248485565186
GC03P:AACTTTCAGCCACTAT	GC03P	1450.0	973	0.048965517	Paratumor	P3	Endothelial cells	Endo_2	9.03461170196533	-3.08658719062805
GC03P:AACTTTCCATTGAGCT	GC03P	1319.0	787	0.09021986	Paratumor	P3	Endothelial cells	Endo_2	8.97813701629639	-3.66992974281311
GC03P:AAGCCGCGTATTCGTG	GC03P	1228.0	802	0.09771987	Paratumor	P3	Fibroblasts	Fib_4	-5.73543405532837	8.087733268737791
GC03P:AAGGAGCTCGTTTAGG	GC03P	5015.0	2171	0.04566301	Paratumor	P3	Endothelial cells	Endo_4	11.3383083343506	-6.63748836517334
GC03P:ACACCGGCAAGACACG	GC03P	1853.0	1064	0.12628171	Paratumor	P3	Endothelial cells	Endo_2	9.873908042907711	-3.08185029029846
GC03P:ACATCAGCACGGTAAG	GC03P	5653.0	2257	0.10118521	Paratumor	P3	Endothelial cells	Endo_3	9.03652572631836	3.3539414405822794
GC03P:ACCAGTACAGATCCAT	GC03P	2641.0	1615	0.051495645	Paratumor	P3	Endothelial cells	Endo_3	11.070282936096199	1.83281409740448
GC03P:ACGCCGATCTCGTATT	GC03P	1626.0	1062	0.012300123	Paratumor	P3	Endothelial cells	Endo_4	12.126702308654801	-5.393972873687741
GC03P:ACGGCCAGTGCAACTT	GC03P	1028.0	601	0.2859922	Paratumor	P3	Fibroblasts	Fib_3	-5.737811088562009	8.31832599639893
GC03P:ACTGATGCATGCTAGT	GC03P	3746.0	1849	0.073945545	Paratumor	P3	Endothelial cells	Endo_2	9.610785484313961	-1.18518126010895
GC03P:ACTGATGGTCGCCATG	GC03P	690.0	533	0.0	Paratumor	P3	Endothelial cells	Endo_1	10.6848859786987	-1.01990854740143
GC03P:ACTGCTCTCACCAGGC	GC03P	515.0	331	0.21747573	Paratumor	P3	Endothelial cells	Endo_1	10.1065454483032	-1.1021938323974598
GC03P:AGAATAGGTCAACATC	GC03P	9198.0	2983	0.059252013	Paratumor	P3	Endothelial cells	Endo_3	9.85956192016602	2.17321252822876
GC03P:AGACGTTAGTCGTACT	GC03P	2510.0	1360	0.055776894	Paratumor	P3	Endothelial cells	Endo_2	10.0733270645142	-5.04703950881958
GC03P:AGATTGCTCTGGCGAC	GC03P	560.0	412	0.05357143	Paratumor	P3	Fibroblasts	Fib_3	-3.45093035697937	6.30043363571167
GC03P:AGCCTAAAGTCGAGTG	GC03P	993.0	651	0.12789527	Paratumor	P3	Endothelial cells	Endo_1	10.5966739654541	-1.19461274147034
GC03P:AGGGATGGTTAGTGGG	GC03P	770.0	485	0.14025974	Paratumor	P3	Endothelial cells	Endo_1	10.1503114700317	-1.509850025177
GC03P:AGGTCATCACTCTGTC	GC03P	2824.0	1492	0.031869687	Paratumor	P3	Endothelial cells	Endo_4	12.067201614379899	-7.03757238388062
GC03P:AGTGAGGAGGTAAACT	GC03P	6439.0	2414	0.04131076	Paratumor	P3	Endothelial cells	Endo_4	12.544979095459	-6.41899871826172
GC03P:AGTGAGGGTTGCTCCT	GC03P	2410.0	1228	0.059751038	Paratumor	P3	Endothelial cells	Endo_2	8.62019634246826	-3.6464018821716295
GC03P:AGTGGGACAGCGTCCA	GC03P	1356.0	817	0.1600295	Paratumor	P3	Endothelial cells	Endo_3	9.06393909454346	3.51773452758789
GC03P:AGTGTCAGTGCACCAC	GC03P	1570.0	982	0.048407644	Paratumor	P3	Endothelial cells	Endo_3	8.790342330932619	3.08641481399536
GC03P:ATAGACCTCAACCAAC	GC03P	5386.0	2133	0.037504643	Paratumor	P3	Endothelial cells	Endo_3	8.415003776550291	3.33367705345154
GC03P:ATCATGGCAAGTAGTA	GC03P	1436.0	897	0.06685237	Paratumor	P3	Endothelial cells	Endo_2	9.25553512573242	-2.12510895729065
GC03P:ATCTACTCACATAACC	GC03P	1082.0	628	0.09426987	Paratumor	P3	Endothelial cells	Endo_3	9.9277229309082	0.700448930263519
GC03P:ATGCGATGTGGTCCGT	GC03P	2688.0	1339	0.04501488	Paratumor	P3	Endothelial cells	Endo_3	9.63870143890381	2.76274585723877
GC03P:ATGGGAGCACCAGTTA	GC03P	2869.0	1504	0.023353085	Paratumor	P3	Endothelial cells	Endo_4	11.835591316223098	-7.19535732269287
GC03P:ATTGGTGCAAGTAGTA	GC03P	6272.0	2423	0.047193877	Paratumor	P3	Endothelial cells	Endo_1	12.000965118408198	-2.26451587677002
GC03P:CAACTAGCACTGCCAG	GC03P	3426.0	1654	0.06976065	Paratumor	P3	Endothelial cells	Endo_2	8.454929351806639	-3.17982077598572
GC03P:CAAGATCCACCGTTGG	GC03P	1526.0	980	0.018348623	Paratumor	P3	Endothelial cells	Endo_3	9.5459508895874	3.4238247871398904
GC03P:CAAGGCCTCACCGGGT	GC03P	8221.0	2756	0.024206301	Paratumor	P3	Endothelial cells	Endo_3	8.593630790710451	3.2713239192962598
GC03P:CACAAACAGGCTCAGA	GC03P	929.0	638	0.11194833	Paratumor	P3	Endothelial cells	Endo_1	10.9274492263794	-1.23970627784729
GC03P:CACTCCATCGCGCCAA	GC03P	1725.0	1009	0.10666667	Paratumor	P3	Endothelial cells	Endo_3	9.56664752960205	3.5773084163665803
GC03P:CACTCCATCTGGTATG	GC03P	5628.0	2262	0.06947406	Paratumor	P3	Endothelial cells	Endo_4	12.1961059570312	-6.84148454666138
GC03P:CAGCCGACACGGCCAT	GC03P	2399.0	1331	0.06461026	Paratumor	P3	Endothelial cells	Endo_2	10.3915319442749	-2.67969799041748
GC03P:CAGCTGGGTCAAAGCG	GC03P	11020.0	3152	0.041651543	Paratumor	P3	Fibroblasts	Fib_5	-11.468111991882301	2.8536069393158
GC03P:CAGTCCTTCGTTTAGG	GC03P	2077.0	1164	0.026480502	Paratumor	P3	Endothelial cells	Endo_2	9.64243412017822	-2.6931426525116002
GC03P:CAGTCCTTCTACTATC	GC03P	1344.0	760	0.1436012	Paratumor	P3	Endothelial cells	Endo_1	9.943906784057619	0.136860862374306
GC03P:CATCGAACACAGACTT	GC03P	1742.0	1035	0.04075775	Paratumor	P3	Endothelial cells	Endo_2	8.31010913848877	-2.90204620361328
GC03P:CCACGGAGTAGAGTGC	GC03P	1521.0	893	0.06048652	Paratumor	P3	Fibroblasts	Fib_2	-6.30668020248413	8.278163909912111
GC03P:CCACTACAGATGTGTA	GC03P	3036.0	1479	0.03491436	Paratumor	P3	Endothelial cells	Endo_3	8.91772079467773	3.86434698104858
GC03P:CCAGCGATCTGCGGCA	GC03P	2590.0	1333	0.05868726	Paratumor	P3	Endothelial cells	Endo_2	8.22019386291504	-3.18653297424316
GC03P:CCATGTCCAATGGACG	GC03P	7165.0	2691	0.02149337	Paratumor	P3	Endothelial cells	Endo_3	8.43117713928223	3.69599652290344
GC03P:CCATTCGGTCCGAGTC	GC03P	705.0	500	0.14751773	Paratumor	P3	Endothelial cells	Endo_1	10.259419441223098	-0.5448408126831049
GC03P:CCCTCCTCACGGTAGA	GC03P	958.0	628	0.08559499	Paratumor	P3	Endothelial cells	Endo_1	9.250608444213869	0.581377923488617
GC03P:CCGGGATCAGTGGGAT	GC03P	1919.0	1213	0.036998436	Paratumor	P3	Fibroblasts	Fib_2	-6.114507675170901	9.17913722991943
GC03P:CCGGTAGCACCAGGTC	GC03P	3240.0	1464	0.05617284	Paratumor	P3	Endothelial cells	Endo_3	8.78467750549316	3.5577549934387203
GC03P:CCTTACGAGCTAGTTC	GC03P	901.0	629	0.027746947	Paratumor	P3	Endothelial cells	Endo_1	9.53163814544678	-2.3515803813934304
GC03P:CCTTCGACAAGCGAGT	GC03P	4942.0	2368	0.04309996	Paratumor	P3	Fibroblasts	Fib_2	-6.48401641845703	9.39860439300537
GC03P:CGACTTCAGACCGGAT	GC03P	2682.0	1500	0.024235645	Paratumor	P3	Endothelial cells	Endo_4	11.6547327041626	-7.249178886413571
GC03P:CGAGCCACAGGAACGT	GC03P	2425.0	1271	0.04082474	Paratumor	P3	Endothelial cells	Endo_2	8.41489219665527	-3.1931159496307404
GC03P:CGATCGGCATTGAGCT	GC03P	3160.0	1678	0.030696202	Paratumor	P3	Endothelial cells	Endo_3	9.9483642578125	2.9002304077148398
GC03P:CGATTGAAGAGACTAT	GC03P	5701.0	2171	0.04016839	Paratumor	P3	Endothelial cells	Endo_3	8.2133731842041	3.8535733222961404
GC03P:CGCGTTTAGGTGACCA	GC03P	3570.0	1731	0.037254903	Paratumor	P3	Endothelial cells	Endo_2	10.3422842025757	-4.30385112762451
GC03P:CGCTTCAGTCGAAAGC	GC03P	1603.0	984	0.031815346	Paratumor	P3	Endothelial cells	Endo_2	9.39150428771973	-4.196147441864009
GC03P:CGGACTGAGAGCTATA	GC03P	2529.0	1314	0.038750496	Paratumor	P3	Endothelial cells	Endo_2	7.9817066192627	-3.04861330986023
GC03P:CGGAGTCGTATAATGG	GC03P	3895.0	1690	0.108087294	Paratumor	P3	Smooth muscle cells	SMC_2	-4.55558633804321	-12.8230648040771
GC03P:CGTCAGGGTTTCGCTC	GC03P	1630.0	1032	0.028220858	Paratumor	P3	Endothelial cells	Endo_2	8.70937252044678	-2.77066612243652
GC03P:CGTCTACCATCGTCGG	GC03P	2318.0	1293	0.059102673	Paratumor	P3	Endothelial cells	Endo_3	10.042198181152301	2.62584757804871
GC03P:CGTGTCTGTCTGCAAT	GC03P	6807.0	2427	0.039224327	Paratumor	P3	Endothelial cells	Endo_3	9.10588550567627	3.6368601322174103
GC03P:CGTTAGAAGTCAATAG	GC03P	1107.0	707	0.17795844	Paratumor	P3	Endothelial cells	Endo_4	12.113751411438	-6.24190378189087
GC03P:CGTTAGACATGCCTAA	GC03P	6899.0	2663	0.030439194	Paratumor	P3	Endothelial cells	Endo_3	9.938645362854	2.9875686168670694
GC03P:CGTTAGAGTCGAACAG	GC03P	1721.0	996	0.1272516	Paratumor	P3	Endothelial cells	Endo_2	8.87345600128174	-2.97840213775635
GC03P:CTAATGGAGCAGACTG	GC03P	1155.0	771	0.013852814	Paratumor	P3	Endothelial cells	Endo_2	8.58578777313232	-2.6710951328277597
GC03P:CTCAGAATCCACGTGG	GC03P	1486.0	894	0.10296097	Paratumor	P3	Fibroblasts	Fib_1	-6.53534460067749	8.74800109863281
GC03P:CTCGGAGAGACAGGCT	GC03P	812.0	543	0.14285715	Paratumor	P3	Endothelial cells	Endo_1	9.92256164550781	-1.44859635829926
GC03P:CTCGGGATCGTATCAG	GC03P	1816.0	1128	0.10682819	Paratumor	P3	Fibroblasts	Fib_2	-5.21215105056763	11.155481338501
GC03P:CTCGTCAAGAGATGAG	GC03P	2151.0	1183	0.033007905	Paratumor	P3	Endothelial cells	Endo_2	8.11800003051758	-3.10744881629944
GC03P:CTCGTCAAGCTGATAA	GC03P	2313.0	1229	0.030263728	Paratumor	P3	Endothelial cells	Endo_4	11.529789924621598	-7.2377495765686
GC03P:CTCGTCAGTTGATTCG	GC03P	4529.0	1697	0.0633694	Paratumor	P3	Endothelial cells	Endo_3	8.52781677246094	3.0531759262085
GC03P:CTGAAACTCAAGGCTT	GC03P	1639.0	866	0.037827943	Paratumor	P3	Endothelial cells	Endo_2	8.83958053588867	-3.97994899749756
GC03P:CTGAAGTCAACGATCT	GC03P	4839.0	1848	0.05228353	Paratumor	P3	Endothelial cells	Endo_3	8.57772731781006	3.3480770587921103
GC03P:CTGATAGAGTTCCACA	GC03P	2076.0	1157	0.038535647	Paratumor	P3	Endothelial cells	Endo_2	8.17051601409912	-2.76488900184631
GC03P:CTGATCCCAACTTGAC	GC03P	1932.0	1298	0.050207037	Paratumor	P3	Endothelial cells	Endo_1	12.072154045105	0.653977870941162
GC03P:CTGCGGAGTTACAGAA	GC03P	3772.0	1774	0.035790034	Paratumor	P3	Endothelial cells	Endo_3	9.04974365234375	3.8191964626312296
GC03P:CTGGTCTTCAGCACAT	GC03P	2039.0	1157	0.054928888	Paratumor	P3	Endothelial cells	Endo_3	9.27206707000732	3.68665719032288
GC03P:CTTACCGCAATCTGCA	GC03P	2119.0	1245	0.027371401	Paratumor	P3	Endothelial cells	Endo_2	8.09721374511719	-3.25646018981934
GC03P:CTTGGCTTCATAAAGG	GC03P	4556.0	2050	0.08494293	Paratumor	P3	Endothelial cells	Endo_4	12.187400817871099	-5.3974723815917995
GC03P:GAAACTCTCTGGTATG	GC03P	4493.0	2030	0.10839083	Paratumor	P3	Endothelial cells	Endo_2	9.4087610244751	-3.16490268707275
GC03P:GAAATGAAGGGCATGT	GC03P	2319.0	1332	0.066407934	Paratumor	P3	Endothelial cells	Endo_2	9.216493606567381	-3.85731291770935
GC03P:GAACGGACAGTATAAG	GC03P	3535.0	1766	0.06817539	Paratumor	P3	Endothelial cells	Endo_2	9.32737350463867	-2.9278337955474902
GC03P:GAATAAGAGTCCTCCT	GC03P	3196.0	1707	0.06289111	Paratumor	P3	Endothelial cells	Endo_3	10.7381935119629	2.36490321159363
GC03P:GAATAAGCATCCGTGG	GC03P	1724.0	812	0.12935035	Paratumor	P3	Endothelial cells	Endo_1	9.24829578399658	-2.3970160484313996
GC03P:GAATAAGTCTGTCTCG	GC03P	1072.0	713	0.10914179	Paratumor	P3	Endothelial cells	Endo_1	9.94009876251221	-2.54364466667175
GC03P:GACAGAGTCTGTTGAG	GC03P	4942.0	2116	0.05200324	Paratumor	P3	Endothelial cells	Endo_2	9.42779636383057	-2.5094833374023398
GC03P:GACCAATCACACGCTG	GC03P	5765.0	2336	0.020468343	Paratumor	P3	Endothelial cells	Endo_3	10.496685028076199	2.31005883216858
GC03P:GACTACAAGATAGGAG	GC03P	601.0	483	0.03826955	Paratumor	P3	Endothelial cells	Endo_1	10.007379531860401	-1.1479729413986202
GC03P:GACTGCGGTAAACGCG	GC03P	4921.0	2096	0.018085755	Paratumor	P3	Endothelial cells	Endo_4	11.6078643798828	-6.83499479293823
GC03P:GATGAAAAGGTGTGGT	GC03P	785.0	591	0.024203822	Paratumor	P3	Endothelial cells	Endo_1	9.79811096191406	-2.68511700630188
GC03P:GATGAGGCAGGCTCAC	GC03P	960.0	650	0.12083333	Paratumor	P3	Endothelial cells	Endo_4	12.2450494766235	-6.31854343414307
GC03P:GATGCTATCGCTGATA	GC03P	6263.0	2617	0.013571771	Paratumor	P3	Endothelial cells	Endo_4	12.344224929809599	-5.957867622375491
GC03P:GATTCAGAGTTCGATC	GC03P	1976.0	1113	0.039473683	Paratumor	P3	Endothelial cells	Endo_4	11.6456880569458	-7.32627773284912
GC03P:GATTCAGTCATGGTCA	GC03P	2596.0	1456	0.035439137	Paratumor	P3	Endothelial cells	Endo_1	10.738161087036099	-2.5473785400390603
GC03P:GCGAGAAAGGGATGGG	GC03P	1398.0	837	0.034334764	Paratumor	P3	Endothelial cells	Endo_2	8.44620990753174	-2.6913166046142596
GC03P:GCGAGAAGTACAGTTC	GC03P	1407.0	829	0.050461974	Paratumor	P3	Endothelial cells	Endo_2	10.6084728240967	-4.69786930084229
GC03P:GCGCAACGTTAGATGA	GC03P	1677.0	1069	0.05068575	Paratumor	P3	Endothelial cells	Endo_4	12.097911834716802	-5.75006771087646
GC03P:GCGCCAACACCATGTA	GC03P	5826.0	2252	0.07981463	Paratumor	P3	Endothelial cells	Endo_3	9.19571304321289	3.43154525756836
GC03P:GCTCTGTTCCACGCAG	GC03P	5688.0	2363	0.013888889	Paratumor	P3	Endothelial cells	Endo_4	12.529171943664599	-6.21350431442261
GC03P:GGAATAAAGTGAATTG	GC03P	5751.0	2293	0.051121544	Paratumor	P3	Endothelial cells	Endo_3	8.63445091247559	3.7638411521911603
GC03P:GGACAAGTCATCTGTT	GC03P	1201.0	802	0.048293088	Paratumor	P3	Endothelial cells	Endo_4	11.524794578552198	-7.38114833831787
GC03P:GGACAGATCAGCATGT	GC03P	4616.0	2196	0.04982669	Paratumor	P3	Fibroblasts	Fib_2	-6.69853210449219	10.1055145263672
GC03P:GGATTACGTAAGCACG	GC03P	987.0	683	0.060790274	Paratumor	P3	Endothelial cells	Endo_1	10.7446985244751	-0.75025463104248
GC03P:GGCAATTCAAGCGTAG	GC03P	917.0	629	0.0032715376	Paratumor	P3	Fibroblasts	Fib_3	-3.8220252990722696	8.064854621887209
GC03P:GGCCGATCAGTTAACC	GC03P	2104.0	1277	0.044676807	Paratumor	P3	Endothelial cells	Endo_2	10.681978225707999	-4.5408830642700195
GC03P:GGGAATGAGTACGACG	GC03P	2623.0	1369	0.04918033	Paratumor	P3	Endothelial cells	Endo_4	11.689439773559599	-6.95220518112183
GC03P:GGGACCTCACGAAAGC	GC03P	1674.0	1033	0.035842296	Paratumor	P3	Endothelial cells	Endo_2	8.26634407043457	-3.2821013927459703
GC03P:GGGCACTTCGCCGTGA	GC03P	5519.0	2329	0.051277407	Paratumor	P3	Endothelial cells	Endo_4	12.2546129226685	-5.8348689079284695
GC03P:GGGTTGCGTTCCATGA	GC03P	1254.0	760	0.1937799	Paratumor	P3	Endothelial cells	Endo_1	10.567204475402802	-0.820311605930328
GC03P:GGTATTGTCCGCGGTA	GC03P	1121.0	677	0.002676182	Paratumor	P3	Endothelial cells	Endo_1	10.5726842880249	-0.5735386610031129
GC03P:GGTATTGTCGCACTCT	GC03P	4960.0	1956	0.014919355	Paratumor	P3	Endothelial cells	Endo_3	8.161984443664549	3.69559860229492
GC03P:GGTGAAGGTAGAAGGA	GC03P	3456.0	1666	0.017939815	Paratumor	P3	Endothelial cells	Endo_4	11.4109048843384	-6.72232723236084
GC03P:GGTGAAGTCTCTGTCG	GC03P	1640.0	1129	0.034146342	Paratumor	P3	Fibroblasts	Fib_2	-6.115808010101321	10.1571626663208
GC03P:GTAACTGCAAAGGAAG	GC03P	2338.0	1433	0.011548332	Paratumor	P3	Fibroblasts	Fib_2	-6.42217493057251	9.51766395568848
GC03P:GTACGTACATTCTCAT	GC03P	3198.0	1677	0.11382114	Paratumor	P3	Endothelial cells	Endo_2	8.19149017333984	-3.7804801464080797
GC03P:GTACTTTAGGACTGGT	GC03P	8259.0	2699	0.03390241	Paratumor	P3	Endothelial cells	Endo_3	8.725146293640138	3.51325917243958
GC03P:GTCAAGTGTTATGTGC	GC03P	6359.0	2642	0.091523826	Paratumor	P3	Endothelial cells	Endo_1	11.066221237182601	-1.5438700914382901
GC03P:GTCAAGTGTTGCTCCT	GC03P	3194.0	1629	0.02536005	Paratumor	P3	Endothelial cells	Endo_4	12.355480194091802	-6.7277531623840305
GC03P:GTCTTCGCACGGCTAC	GC03P	4700.0	2002	0.040638298	Paratumor	P3	Endothelial cells	Endo_3	10.5793190002441	2.3004791736602797
GC03P:GTGAAGGTCGAGAACG	GC03P	4688.0	2068	0.034769624	Paratumor	P3	Endothelial cells	Endo_4	11.7430324554443	-6.61321783065796
GC03P:GTGAAGGTCGTTTAGG	GC03P	2296.0	1359	0.04921603	Paratumor	P3	Endothelial cells	Endo_2	9.11557388305664	-3.6195113658905
GC03P:GTGCAGCTCGCCGTGA	GC03P	5210.0	2003	0.059884835	Paratumor	P3	Endothelial cells	Endo_3	8.75391387939453	3.1332905292511
GC03P:GTGCATAAGTCAAGGC	GC03P	1788.0	1025	0.04865772	Paratumor	P3	Endothelial cells	Endo_3	9.414018630981449	3.45840978622437
GC03P:GTGGGTCGTAAACACA	GC03P	1076.0	741	0.04739777	Paratumor	P3	Endothelial cells	Endo_2	9.78917217254639	-2.92804861068726
GC03P:GTTCGGGAGTAACCCT	GC03P	1128.0	741	0.03102837	Paratumor	P3	Endothelial cells	Endo_2	8.609935760498049	-2.45009469985962
GC03P:GTTCGGGTCTGAGTGT	GC03P	3939.0	1767	0.08961666	Paratumor	P3	Endothelial cells	Endo_1	11.384741783142099	-2.25221824645996
GC03P:GTTCTCGTCCGTCAAA	GC03P	505.0	394	0.08316832	Paratumor	P3	Endothelial cells	Endo_4	10.9803285598755	-7.1718630790710405
GC03P:TAAGAGATCTTGGGTA	GC03P	773.0	548	0.09702458	Paratumor	P3	Endothelial cells	Endo_4	10.982292175292999	-7.09806060791016
GC03P:TAAGCGTGTAACGCGA	GC03P	2584.0	1452	0.02747678	Paratumor	P3	Fibroblasts	Fib_2	-6.15168237686157	9.36744213104248
GC03P:TAAGTGCAGTCGTACT	GC03P	1452.0	962	0.055096418	Paratumor	P3	Endothelial cells	Endo_1	11.497615814209	-2.68639636039734
GC03P:TACACGACAAGCCGTC	GC03P	2330.0	1218	0.021459227	Paratumor	P3	Endothelial cells	Endo_4	12.552064895629899	-6.44311428070068
GC03P:TACACGATCGCGCCAA	GC03P	3442.0	1601	0.023823358	Paratumor	P3	Endothelial cells	Endo_3	8.175815582275389	3.6514077186584504
GC03P:TACCTTAAGTTAAGTG	GC03P	4036.0	1980	0.10530228	Paratumor	P3	Fibroblasts	Fib_4	-6.95603179931641	1.4267287254333503
GC03P:TACGGATGTGCACTTA	GC03P	2467.0	1348	0.035670854	Paratumor	P3	Endothelial cells	Endo_4	11.782618522644	-7.34124040603638
GC03P:TACTTACCACATGACT	GC03P	860.0	641	0.008139535	Paratumor	P3	Endothelial cells	Endo_1	10.5668601989746	-0.801127374172211
GC03P:TACTTACCACGTCTCT	GC03P	1017.0	617	0.24483776	Paratumor	P3	Endothelial cells	Endo_1	10.8722343444824	-1.4699018001556399
GC03P:TACTTGTGTGAGTATA	GC03P	1756.0	1096	0.022209568	Paratumor	P3	Endothelial cells	Endo_2	8.39398860931396	-3.1085152626037598
GC03P:TAGTTGGTCACCCTCA	GC03P	1214.0	770	0.111202635	Paratumor	P3	Fibroblasts	Fib_4	-5.776196956634519	1.9022697210311899
GC03P:TATTACCAGACTGTAA	GC03P	3980.0	1839	0.016834171	Paratumor	P3	Endothelial cells	Endo_4	12.4551286697388	-6.5306887626647905
GC03P:TATTACCCAGCTGCAC	GC03P	1616.0	973	0.017326733	Paratumor	P3	Endothelial cells	Endo_4	11.5660972595215	-7.49404048919678
GC03P:TATTACCTCCCGACTT	GC03P	2449.0	1241	0.12780727	Paratumor	P3	Fibroblasts	Fib_2	-5.80619621276855	9.39120578765869
GC03P:TCAATCTCACCATGTA	GC03P	9399.0	3327	0.041387383	Paratumor	P3	Endothelial cells	Endo_4	12.0418710708618	-6.91207504272461
GC03P:TCAGCTCCACGGCCAT	GC03P	3587.0	1676	0.024533035	Paratumor	P3	Endothelial cells	Endo_4	12.211518287658699	-6.70989179611206
GC03P:TCGGTAACAGAGTGTG	GC03P	670.0	464	0.0059701493	Paratumor	P3	Endothelial cells	Endo_1	10.018638610839801	-1.2143232822418202
GC03P:TCGTACCTCGTTTATC	GC03P	4416.0	2122	0.022644928	Paratumor	P3	Endothelial cells	Endo_1	11.248286247253402	-2.73849582672119
GC03P:TGACAACTCGCACTCT	GC03P	1579.0	981	0.11969601	Paratumor	P3	Fibroblasts	Fib_4	-5.60651302337646	8.01057624816895
GC03P:TGACTAGTCAATAAGG	GC03P	1478.0	903	0.14614344	Paratumor	P3	Endothelial cells	Endo_1	11.049298286438	-1.65042722225189
GC03P:TGCTGCTCAGGGTACA	GC03P	3266.0	1732	0.02357624	Paratumor	P3	Endothelial cells	Endo_4	12.4136905670166	-6.5808200836181605
GC03P:TGGCCAGAGTATCGAA	GC03P	950.0	692	0.036842104	Paratumor	P3	Endothelial cells	Endo_2	8.43039512634277	-2.83212208747864
GC03P:TGGGCGTCAGCTGTGC	GC03P	4418.0	1971	0.038705297	Paratumor	P3	Fibroblasts	Fib_5	-11.057620048522901	2.69285678863525
GC03P:TGTATTCCATAGAAAC	GC03P	884.0	609	0.07126697	Paratumor	P3	Endothelial cells	Endo_1	11.3658981323242	-2.15638136863708
GC03P:TGTGGTACAGTTCCCT	GC03P	2966.0	1489	0.025623735	Paratumor	P3	Endothelial cells	Endo_4	11.560893058776902	-7.38155460357666
GC03P:TGTGGTACATGACATC	GC03P	5827.0	2289	0.037926894	Paratumor	P3	Endothelial cells	Endo_3	8.30470085144043	3.90416646003723
GC03P:TGTTCCGAGATGTGGC	GC03P	2233.0	1238	0.03403493	Paratumor	P3	Endothelial cells	Endo_2	9.23884296417236	-2.51237845420837
GC03P:TGTTCCGTCGAATGCT	GC03P	876.0	640	0.002283105	Paratumor	P3	Endothelial cells	Endo_1	10.427104949951199	-0.453873217105865
GC03P:TTAACTCAGTTCGATC	GC03P	3215.0	1634	0.043856923	Paratumor	P3	Endothelial cells	Endo_4	11.733909606933599	-6.959503173828121
GC03P:TTAGGACCATCCGCGA	GC03P	1268.0	678	0.20504732	Paratumor	P3	Fibroblasts	Fib_3	-4.489141941070559	9.23188304901123
GC03P:TTAGGCACAATCTGCA	GC03P	1190.0	777	0.0697479	Paratumor	P3	Endothelial cells	Endo_1	10.009954452514599	1.4979939460754401
GC03P:TTAGGCAGTTGGACCC	GC03P	529.0	381	0.015122874	Paratumor	P3	Endothelial cells	Endo_1	10.0475749969482	-1.3112180233001698
GC03P:TTATGCTAGTAGCGGT	GC03P	3096.0	1558	0.06007752	Paratumor	P3	Endothelial cells	Endo_3	8.87666416168213	3.88602828979492
GC03P:TTCGAAGAGAACTGTA	GC03P	727.0	412	0.2709766	Paratumor	P3	Endothelial cells	Endo_1	10.0521869659424	-0.9717015027999879
GC03P:TTCGGTCGTAGGGTAC	GC03P	1811.0	1073	0.038100496	Paratumor	P3	Endothelial cells	Endo_2	8.38834381103516	-2.96650099754333
GC03P:TTCTCAAGTTCAGCGC	GC03P	2066.0	1180	0.017424976	Paratumor	P3	Endothelial cells	Endo_2	8.73358058929443	-2.6015987396240203
GC03P:TTCTCCTGTGTCAATC	GC03P	4196.0	1961	0.013822689	Paratumor	P3	Endothelial cells	Endo_3	8.78195285797119	4.04807472229004
GC03P:TTGAACGTCACTCTTA	GC03P	5192.0	2034	0.05104006	Paratumor	P3	Endothelial cells	Endo_3	9.016355514526369	3.62795495986938
GC03P:TTGACTTGTAATCGTC	GC03P	1220.0	872	0.022950819	Paratumor	P3	Endothelial cells	Endo_2	10.5926561355591	-3.22463846206665
GC03P:TTGACTTTCACGGTTA	GC03P	3197.0	1499	0.2270879	Paratumor	P3	Smooth muscle cells	SMC_1	0.0161201898008585	-10.7844686508179
GC03P:TTGCGTCTCCACGTTC	GC03P	3155.0	1538	0.021236133	Paratumor	P3	Endothelial cells	Endo_3	8.71655654907227	4.0358304977417
GC03P:TTTATGCTCCAGTAGT	GC03P	2278.0	1336	0.019315189	Paratumor	P3	Endothelial cells	Endo_2	9.363199234008789	-3.0449960231781
GC03P:TTTGCGCCATCCCACT	GC03P	5085.0	2109	0.03166175	Paratumor	P3	Endothelial cells	Endo_4	12.3298759460449	-7.006970882415769
GC03T-R1:AAATGCCAGATATGCA	GC03T-R1	3106.0	1425	0.19639407	Tumor	P3	Fibroblasts	Fib_1	-7.41322898864746	9.02675914764404
GC03T-R1:AAGGTTCTCAAACAAG	GC03T-R1	9246.0	2917	0.037421588	Tumor	P3	Smooth muscle cells	SMC_1	0.0392002575099468	-11.4194326400757
GC03T-R1:ACTGAACCATTACGAC	GC03T-R1	2122.0	1287	0.057964183	Tumor	P3	Fibroblasts	Fib_2	-6.49021196365356	9.730658531188961
GC03T-R1:AGAATAGCACCAGGCT	GC03T-R1	2449.0	1226	0.16864026	Tumor	P3	Fibroblasts	Fib_2	-6.15079259872437	9.22534465789795
GC03T-R1:AGAGCTTTCTTGCAAG	GC03T-R1	3013.0	1671	0.016262861	Tumor	P3	Endothelial cells	Endo_2	9.765156745910641	-2.16979455947876
GC03T-R1:AGCTTGAGTTAAAGTG	GC03T-R1	5500.0	2479	0.042545453	Tumor	P3	Fibroblasts	Fib_2	-6.769023895263669	10.052342414856
GC03T-R1:AGGGAGTGTGTCCTCT	GC03T-R1	3559.0	1635	0.023321157	Tumor	P3	Endothelial cells	Endo_1	10.74853515625	-2.5826370716095
GC03T-R1:CCAGCGAAGCTGTCTA	GC03T-R1	1650.0	963	0.089090906	Tumor	P3	Endothelial cells	Endo_4	12.164806365966802	-5.13483953475952
GC03T-R1:CCCAATCCATGCCTAA	GC03T-R1	4770.0	2068	0.05870021	Tumor	P3	Endothelial cells	Endo_1	12.435977935791	-2.21188569068909
GC03T-R1:CCGTGGATCAACGAAA	GC03T-R1	5182.0	2475	0.042454652	Tumor	P3	Smooth muscle cells	SMC_1	0.6801352500915531	-10.602042198181199
GC03T-R1:CGAGCACTCACGCATA	GC03T-R1	7921.0	2989	0.04873122	Tumor	P3	Endothelial cells	Endo_3	10.416022300720199	2.5222179889679
GC03T-R1:CGATGGCTCCGAACGC	GC03T-R1	1631.0	992	0.017167382	Tumor	P3	Endothelial cells	Endo_2	9.25272178649902	-2.65628170967102
GC03T-R1:CGGGTCAAGGGTTCCC	GC03T-R1	9387.0	2936	0.080643445	Tumor	P3	Endothelial cells	Endo_1	12.1795597076416	0.748568773269653
GC03T-R1:CGTAGCGGTAGAGGAA	GC03T-R1	7764.0	2578	0.06517259	Tumor	P3	Endothelial cells	Endo_1	12.0241441726685	0.789048850536346
GC03T-R1:CTGAAACCACGGTGTC	GC03T-R1	3477.0	1578	0.044291057	Tumor	P3	Endothelial cells	Endo_4	12.178699493408198	-5.977665901184079
GC03T-R1:GATCAGTGTGCACCAC	GC03T-R1	3011.0	1710	0.04417137	Tumor	P3	Fibroblasts	Fib_1	-7.18929386138916	7.75420999526978
GC03T-R1:GCAGTTAAGATACACA	GC03T-R1	6012.0	2288	0.08150366	Tumor	P3	Smooth muscle cells	SMC_1	-0.450765460729599	-12.8022680282593
GC03T-R1:GCAGTTATCTTCGAGA	GC03T-R1	721.0	457	0.16366158	Tumor	P3	Fibroblasts	Fib_3	-4.1043410301208505	6.3647956848144505
GC03T-R1:GCTCCTACAATAGCGG	GC03T-R1	3515.0	1756	0.019914651	Tumor	P3	Endothelial cells	Endo_1	11.1716766357422	-2.75312876701355
GC03T-R1:GGAATAAAGTGAACAT	GC03T-R1	3054.0	1539	0.15979044	Tumor	P3	Endothelial cells	Endo_4	12.088878631591802	-5.33471822738647
GC03T-R1:GGGTCTGCATGTCCTC	GC03T-R1	5680.0	2414	0.050880283	Tumor	P3	Endothelial cells	Endo_4	12.154301643371598	-5.00269889831543
GC03T-R1:GTCTTCGTCTGGAGCC	GC03T-R1	6848.0	2601	0.018107476	Tumor	P3	Endothelial cells	Endo_1	12.259362220764197	-2.18904709815979
GC03T-R1:GTGTGCGTCGCTTGTC	GC03T-R1	612.0	443	0.073529415	Tumor	P3	Endothelial cells	Endo_1	10.9039621353149	-7.09680366516113
GC03T-R1:GTTCTCGGTTAAAGTG	GC03T-R1	6245.0	2187	0.114011206	Tumor	P3	Endothelial cells	Endo_1	12.2739734649658	0.685585200786591
GC03T-R1:TCGAGGCTCAGAAATG	GC03T-R1	8286.0	2903	0.08339368	Tumor	P3	Endothelial cells	Endo_1	11.7013111114502	1.05662751197815
GC03T-R1:TGCCAAATCAAAGACA	GC03T-R1	2584.0	1419	0.025928793	Tumor	P3	Endothelial cells	Endo_2	8.62427234649658	-2.94845819473267
GC03T-R1:TGCTACCAGTGCGTGA	GC03T-R1	6347.0	2060	0.14920434	Tumor	P3	Smooth muscle cells	SMC_2	-3.23629927635193	-13.6200733184814
GC03T-R2:AAATGCCGTGCCTGTG	GC03T-R2	4428.0	2058	0.05420054	Tumor	P3	Smooth muscle cells	SMC_1	-0.393896609544754	-9.48133373260498
GC03T-R2:ACAGCTAGTCGCATAT	GC03T-R2	3284.0	1526	0.098355666	Tumor	P3	Endothelial cells	Endo_1	11.5285482406616	-1.80424523353577
GC03T-R2:ACGCCAGCATTTGCCC	GC03T-R2	6153.0	2349	0.06582155	Tumor	P3	Endothelial cells	Endo_4	11.9567537307739	-5.758245468139651
GC03T-R2:ACGGCCATCTAACCGA	GC03T-R2	7135.0	2691	0.034057464	Tumor	P3	Fibroblasts	Fib_2	-6.69389200210571	9.80900573730469
GC03T-R2:AGGGTGAAGCTGAACG	GC03T-R2	1685.0	740	0.28367952	Tumor	P3	Endothelial cells	Endo_3	10.5390968322754	3.1271560192108194
GC03T-R2:ATTGGTGAGTTCCACA	GC03T-R2	3571.0	1631	0.07224867	Tumor	P3	Endothelial cells	Endo_3	10.517123222351099	2.4934475421905495
GC03T-R2:CCTAGCTTCACAGGCC	GC03T-R2	10580.0	3070	0.047164463	Tumor	P3	Endothelial cells	Endo_3	10.732694625854501	2.04929447174072
GC03T-R2:CCTAGCTTCACGATGT	GC03T-R2	5337.0	2099	0.040472176	Tumor	P3	Fibroblasts	Fib_2	-6.7746067047119105	9.34003734588623
GC03T-R2:CGATGTAGTACAGACG	GC03T-R2	6753.0	2776	0.024581667	Tumor	P3	Endothelial cells	Endo_1	11.3370199203491	-2.82079863548279
GC03T-R2:CTGAAACAGTTGAGTA	GC03T-R2	600.0	451	0.085	Tumor	P3	Endothelial cells	Endo_1	10.412281036377	-1.19389748573303
GC03T-R2:GAATGAACAGGAATGC	GC03T-R2	5204.0	2289	0.05015373	Tumor	P3	Endothelial cells	Endo_4	12.2699384689331	-5.82224273681641
GC03T-R2:GACGCGTTCACAATGC	GC03T-R2	6695.0	2661	0.06990291	Tumor	P3	Endothelial cells	Endo_1	11.8451833724976	-2.3978028297424303
GC03T-R2:GAGCAGAAGAAACGCC	GC03T-R2	747.0	527	0.0789826	Tumor	P3	Fibroblasts	Fib_3	-6.22778224945068	8.769077301025389
GC03T-R2:GATTCAGGTCGCATAT	GC03T-R2	2203.0	1210	0.05265547	Tumor	P3	Endothelial cells	Endo_2	8.052305221557619	-2.95494604110718
GC03T-R2:GCGCAGTTCAGCAACT	GC03T-R2	11784.0	3361	0.04124236	Tumor	P3	Endothelial cells	Endo_3	10.765411376953098	1.47391831874847
GC03T-R2:GCGGGTTAGTCTTGCA	GC03T-R2	864.0	608	0.060185187	Tumor	P3	Endothelial cells	Endo_1	10.829186439514197	-1.2662769556045501
GC03T-R2:GGTGAAGAGCGTGAAC	GC03T-R2	983.0	596	0.16581891	Tumor	P3	Endothelial cells	Endo_4	11.3330163955688	-7.370788097381589
GC03T-R2:GTACTTTTCACCATAG	GC03T-R2	2907.0	1491	0.12452701	Tumor	P3	Fibroblasts	Fib_1	-7.405023097991941	8.698398590087889
GC03T-R2:TCACGAAAGTACGTTC	GC03T-R2	8485.0	3061	0.0841485	Tumor	P3	Endothelial cells	Endo_1	11.9902658462524	0.8072745800018309
GC03T-R2:TGAGCATTCAACGGGA	GC03T-R2	6497.0	2537	0.0537171	Tumor	P3	Fibroblasts	Fib_2	-5.98971700668335	10.59339427948
GC03T-R2:TGAGCCGTCGGCGCAT	GC03T-R2	6908.0	2636	0.07411697	Tumor	P3	Endothelial cells	Endo_3	9.30618286132812	3.54679989814758
GC03T-R2:TTAGGACTCCCTAATT	GC03T-R2	1750.0	920	0.22628571	Tumor	P3	Endothelial cells	Endo_3	10.378698348999	3.15952777862549
GC03T-R2:TTTCCTCAGGTGATAT	GC03T-R2	6301.0	2744	0.107125856	Tumor	P3	Endothelial cells	Endo_3	10.5165395736694	3.0393114089965803
GC04P:AAACCTGGTAAATGAC	GC04P	2470.0	1118	0.1680162	Paratumor	P4	Fibroblasts	Fib_4	-8.72150707244873	2.89042901992798
GC04P:AAACGGGAGACAAGCC	GC04P	5492.0	2058	0.044792425	Paratumor	P4	Fibroblasts	Fib_2	-5.98006820678711	8.55343723297119
GC04P:AAACGGGCACTGTCGG	GC04P	7522.0	2423	0.076841265	Paratumor	P4	Fibroblasts	Fib_2	-6.22801876068115	8.13858222961426
GC04P:AACCATGTCCCTTGCA	GC04P	8228.0	2755	0.06016043	Paratumor	P4	Fibroblasts	Fib_2	-6.6358942985534695	7.5141706466674805
GC04P:AACGTTGCACCATGTA	GC04P	2737.0	1294	0.0891487	Paratumor	P4	Endothelial cells	Endo_2	8.43129253387451	-3.69323945045471
GC04P:AAGCCGCTCCTAGTGA	GC04P	4695.0	1763	0.040468585	Paratumor	P4	Fibroblasts	Fib_2	-6.39412975311279	10.107185363769501
GC04P:ACACCAAAGGTGTGGT	GC04P	9545.0	2553	0.049030907	Paratumor	P4	Fibroblasts	Fib_5	-11.295697212219201	3.01234078407288
GC04P:ACATCAGGTCTCTTAT	GC04P	3684.0	1277	0.042888165	Paratumor	P4	Fibroblasts	Fib_1	-6.500248908996579	5.58500337600708
GC04P:ACCCACTCAGGAATGC	GC04P	5448.0	2035	0.036894273	Paratumor	P4	Fibroblasts	Fib_1	-6.68663883209229	8.87103652954102
GC04P:ACGAGCCGTCTAGTCA	GC04P	2305.0	1121	0.036876354	Paratumor	P4	Endothelial cells	Endo_2	8.60256290435791	-3.4545671939849902
GC04P:ACGATACCAAACTGTC	GC04P	1174.0	567	0.2955707	Paratumor	P4	Endothelial cells	Endo_3	9.52675819396973	3.5556876659393297
GC04P:ACGCCGACAGCTGTTA	GC04P	844.0	532	0.050947867	Paratumor	P4	Endothelial cells	Endo_3	9.21744251251221	2.75318217277527
GC04P:ACGGCCATCCGTCAAA	GC04P	6568.0	2240	0.04278319	Paratumor	P4	Fibroblasts	Fib_2	-6.28156280517578	9.33567142486572
GC04P:ACGTCAACAAGTTCTG	GC04P	7260.0	2595	0.04600551	Paratumor	P4	Fibroblasts	Fib_2	-6.30816841125488	9.638325691223141
GC04P:ACTGAGTGTAATCGTC	GC04P	2283.0	1213	0.052124396	Paratumor	P4	Fibroblasts	Fib_2	-4.768664360046389	10.323618888855
GC04P:ACTTGTTGTACTCAAC	GC04P	4065.0	1884	0.04501845	Paratumor	P4	Endothelial cells	Endo_1	12.957423210144	-2.1413023471832298
GC04P:ACTTGTTGTGCATCTA	GC04P	8724.0	3022	0.05547914	Paratumor	P4	Endothelial cells	Endo_1	11.4897556304932	-2.6171870231628396
GC04P:ACTTTCATCAACGGCC	GC04P	5427.0	2116	0.06744058	Paratumor	P4	Fibroblasts	Fib_2	-5.75376987457275	9.97181987762451
GC04P:AGAGCTTTCGGTCTAA	GC04P	7752.0	2580	0.034184728	Paratumor	P4	Fibroblasts	Fib_4	-5.98356008529663	8.062999725341799
GC04P:AGGGAGTAGAGCTGCA	GC04P	2550.0	1201	0.10666667	Paratumor	P4	Fibroblasts	Fib_3	-8.28170490264893	6.21999740600586
GC04P:AGGGATGAGTGGACGT	GC04P	1798.0	966	0.03893215	Paratumor	P4	Fibroblasts	Fib_2	-6.87153434753418	8.37497520446777
GC04P:AGGTCCGAGCAAATCA	GC04P	5290.0	2186	0.059168242	Paratumor	P4	Endothelial cells	Endo_2	10.2816371917725	-2.78400278091431
GC04P:AGTGTCAAGCGGATCA	GC04P	8049.0	2415	0.056528762	Paratumor	P4	Fibroblasts	Fib_1	-6.59814023971558	4.83668088912964
GC04P:ATGGGAGTCAGTCAGT	GC04P	7917.0	2661	0.0675761	Paratumor	P4	Fibroblasts	Fib_2	-5.53694725036621	9.63634872436523
GC04P:CACAGTAAGAATTGTG	GC04P	2025.0	869	0.2548148	Paratumor	P4	Fibroblasts	Fib_3	-4.52410650253296	8.601941108703612
GC04P:CACTCCAGTGATAAGT	GC04P	9620.0	2739	0.05176715	Paratumor	P4	Smooth muscle cells	SMC_2	-3.8746573925018297	-13.345356941223098
GC04P:CAGAGAGAGCTAACAA	GC04P	4798.0	1384	0.08295123	Paratumor	P4	Fibroblasts	Fib_4	-4.8344845771789595	4.37372064590454
GC04P:CAGATCAAGCGATGAC	GC04P	2174.0	1025	0.13845447	Paratumor	P4	Fibroblasts	Fib_2	-6.7241072654724094	7.427799224853519
GC04P:CAGCTAATCCACGAAT	GC04P	13990.0	3686	0.037812725	Paratumor	P4	Fibroblasts	Fib_1	-7.41931295394897	7.46523714065552
GC04P:CATCAGAAGAACTGTA	GC04P	4272.0	1837	0.07748127	Paratumor	P4	Fibroblasts	Fib_2	-5.97883701324463	10.1297464370728
GC04P:CATCGGGTCTCCGGTT	GC04P	7723.0	2914	0.05671371	Paratumor	P4	Endothelial cells	Endo_1	11.937170982360803	-2.72386360168457
GC04P:CATGACATCCGCATAA	GC04P	8791.0	2959	0.07530429	Paratumor	P4	Endothelial cells	Endo_1	11.968407630920401	-2.7839581966400098
GC04P:CCAATCCAGCACCGCT	GC04P	1057.0	476	0.19016083	Paratumor	P4	Fibroblasts	Fib_3	-3.82562923431396	6.579176902771
GC04P:CCACTACCATAAAGGT	GC04P	2792.0	1118	0.13323782	Paratumor	P4	Fibroblasts	Fib_3	-3.71724987030029	7.012121677398679
GC04P:CCATTCGCACCAGGTC	GC04P	3151.0	1168	0.075214215	Paratumor	P4	Fibroblasts	Fib_4	-5.0184497833252	3.8060042858123797
GC04P:CCTCAGTCAGGTCTCG	GC04P	4973.0	1989	0.043836717	Paratumor	P4	Endothelial cells	Endo_3	8.652722358703612	3.8636105060577406
GC04P:CCTTCGATCGGTGTCG	GC04P	577.0	357	0.12478336	Paratumor	P4	Fibroblasts	Fib_3	-3.75068950653076	7.692495822906491
GC04P:CGAACATCACATTTCT	GC04P	9806.0	2999	0.060779113	Paratumor	P4	Endothelial cells	Endo_3	8.347399711608888	3.6822202205658
GC04P:CGAACATCATCACGAT	GC04P	5663.0	2322	0.051209606	Paratumor	P4	Fibroblasts	Fib_2	-6.64626693725586	7.7249927520752
GC04P:CGAGCCAAGCTAACAA	GC04P	1988.0	711	0.123239435	Paratumor	P4	Fibroblasts	Fib_3	-4.14297533035278	5.23830556869507
GC04P:CGATGTAGTCACTTCC	GC04P	2222.0	1170	0.043654364	Paratumor	P4	Endothelial cells	Endo_4	12.213043212890598	-6.96187257766724
GC04P:CGCCAAGCATATACCG	GC04P	2494.0	1252	0.057337612	Paratumor	P4	Fibroblasts	Fib_2	-6.26192378997803	10.1878719329834
GC04P:CGCGTTTGTTGTCTTT	GC04P	4736.0	1817	0.04201858	Paratumor	P4	Fibroblasts	Fib_1	-6.84750509262085	9.314738273620609
GC04P:CGCTGGAAGTCCATAC	GC04P	1963.0	1007	0.17727968	Paratumor	P4	Endothelial cells	Endo_3	10.5238037109375	3.0350499153137203
GC04P:CGCTGGATCTGTCAAG	GC04P	3758.0	1508	0.06492815	Paratumor	P4	Fibroblasts	Fib_4	-5.13623237609863	2.9146957397460898
GC04P:CGCTTCATCGGCGCAT	GC04P	8006.0	2780	0.033474892	Paratumor	P4	Fibroblasts	Fib_1	-7.4652204513549805	7.5625524520874
GC04P:CGGACACGTAAGGATT	GC04P	4034.0	1674	0.12642539	Paratumor	P4	Fibroblasts	Fib_1	-6.6686315536499	6.447583675384519
GC04P:CGGAGCTTCCAGAAGG	GC04P	13991.0	3939	0.03523694	Paratumor	P4	Endothelial cells	Endo_1	11.018129348754899	-2.4423253536224396
GC04P:CGGGTCACAGTGGGAT	GC04P	7657.0	2672	0.037351444	Paratumor	P4	Fibroblasts	Fib_1	-7.5863351821899405	8.26869010925293
GC04P:CGGTTAAGTCACACGC	GC04P	1864.0	1014	0.061695278	Paratumor	P4	Fibroblasts	Fib_2	-6.4576120376586905	9.39395713806152
GC04P:CTACCCAAGAGGTTGC	GC04P	2731.0	1400	0.03295496	Paratumor	P4	Endothelial cells	Endo_2	10.740920066833501	-4.36119747161865
GC04P:CTACCCAAGGTGATAT	GC04P	2126.0	893	0.16415805	Paratumor	P4	Fibroblasts	Fib_3	-3.9431488513946498	7.45719194412231
GC04P:CTACCCACAGTCAGCC	GC04P	6305.0	2085	0.033941317	Paratumor	P4	Fibroblasts	Fib_2	-3.98888182640076	9.97981929779053
GC04P:CTCACACAGGGTCTCC	GC04P	1115.0	539	0.19372198	Paratumor	P4	Fibroblasts	Fib_3	-4.00895547866821	7.63966178894043
GC04P:CTCCTAGCAAGGACTG	GC04P	1582.0	822	0.17319848	Paratumor	P4	Fibroblasts	Fib_3	-6.416180610656741	3.7566227912902797
GC04P:CTCGTACTCTTACCTA	GC04P	659.0	382	0.14264037	Paratumor	P4	Fibroblasts	Fib_3	-3.0504884719848597	8.034420967102049
GC04P:CTCTAATGTGTAAGTA	GC04P	1421.0	866	0.038001407	Paratumor	P4	Fibroblasts	Fib_2	-5.47993803024292	10.3858613967896
GC04P:CTGATAGCAATAACGA	GC04P	3183.0	1314	0.1328935	Paratumor	P4	Fibroblasts	Fib_1	-7.11522102355957	7.035302639007571
GC04P:CTGCCTAAGACTGTAA	GC04P	6201.0	2327	0.051443316	Paratumor	P4	Fibroblasts	Fib_2	-4.567749977111821	10.884501457214402
GC04P:CTTAACTCATTCCTGC	GC04P	3999.0	1801	0.051012754	Paratumor	P4	Fibroblasts	Fib_2	-6.14436817169189	7.86324262619019
GC04P:CTTAGGAGTGGCTCCA	GC04P	2945.0	1363	0.044142615	Paratumor	P4	Endothelial cells	Endo_3	8.903313636779789	3.98496627807617
GC04P:GAAACTCGTATAGGTA	GC04P	1671.0	915	0.079593055	Paratumor	P4	Endothelial cells	Endo_2	8.60101890563965	-2.38539600372314
GC04P:GAAACTCGTCCATCCT	GC04P	2136.0	1051	0.15074906	Paratumor	P4	Smooth muscle cells	SMC_1	-0.32057875394821195	-10.6391716003418
GC04P:GAAGCAGAGAGACTTA	GC04P	14516.0	3442	0.099131994	Paratumor	P4	Smooth muscle cells	SMC_2	-4.45544147491455	-12.702136039733901
GC04P:GAATAAGTCAAACGGG	GC04P	2881.0	1181	0.095452964	Paratumor	P4	Endothelial cells	Endo_2	10.0751905441284	-4.28012561798096
GC04P:GAATAAGTCGTTTGCC	GC04P	8576.0	3084	0.06296642	Paratumor	P4	Endothelial cells	Endo_1	11.5801134109497	-2.84494137763977
GC04P:GACGGCTCAAATCCGT	GC04P	666.0	480	0.13663663	Paratumor	P4	Myofibroblasts	Myofibroblasts	-8.541089057922362	0.512420773506165
GC04P:GAGCAGATCTTGAGAC	GC04P	6089.0	2071	0.038758416	Paratumor	P4	Fibroblasts	Fib_2	-7.2787175178527805	9.13304710388184
GC04P:GAGTCCGAGCTAACAA	GC04P	4583.0	2054	0.04233035	Paratumor	P4	Fibroblasts	Fib_5	-11.712742805481	2.64727377891541
GC04P:GATCGTAAGGGCTCTC	GC04P	4402.0	1853	0.03771013	Paratumor	P4	Fibroblasts	Fib_2	-6.28786659240723	8.436497688293459
GC04P:GATCGTACAGTCGTGC	GC04P	3639.0	1629	0.06100577	Paratumor	P4	Fibroblasts	Fib_2	-6.76985359191895	8.28842258453369
GC04P:GATCTAGGTACACCGC	GC04P	7462.0	2687	0.04261592	Paratumor	P4	Endothelial cells	Endo_3	9.39523315429688	3.36110520362854
GC04P:GATGAAAAGGTGCTAG	GC04P	7226.0	2432	0.04566842	Paratumor	P4	Fibroblasts	Fib_2	-5.581707954406741	10.971433639526401
GC04P:GCAAACTCACCAGATT	GC04P	2953.0	1182	0.074839145	Paratumor	P4	Fibroblasts	Fib_2	-3.68152356147766	9.44481468200684
GC04P:GCAAACTGTTCCCGAG	GC04P	3456.0	1230	0.14091435	Paratumor	P4	Endothelial cells	Endo_3	9.45667552947998	3.5921664237976096
GC04P:GCACATATCCGTTGTC	GC04P	1170.0	762	0.05982906	Paratumor	P4	Fibroblasts	Fib_3	-3.39814233779907	7.7867755889892605
GC04P:GCACTCTCAGACGTAG	GC04P	5159.0	2253	0.062802866	Paratumor	P4	Endothelial cells	Endo_3	10.9113121032715	2.2453019618987997
GC04P:GCACTCTGTAGGACAC	GC04P	777.0	337	0.27799228	Paratumor	P4	Fibroblasts	Fib_3	-3.58845186233521	7.31342887878418
GC04P:GCAGCCAGTCTCAACA	GC04P	1943.0	1031	0.13741636	Paratumor	P4	Fibroblasts	Fib_2	-5.52280712127686	8.96873092651367
GC04P:GCGAGAAGTAAGGATT	GC04P	14162.0	4020	0.061220165	Paratumor	P4	Endothelial cells	Endo_1	13.0476951599121	-1.5435991287231399
GC04P:GCGCAGTGTTACCAGT	GC04P	8337.0	2218	0.07712606	Paratumor	P4	Smooth muscle cells	SMC_2	-3.88477611541748	-13.236203193664599
GC04P:GCGCCAAAGCCAGTAG	GC04P	5489.0	2225	0.03935143	Paratumor	P4	Fibroblasts	Fib_2	-5.5694465637207005	10.6690349578857
GC04P:GCTGCGAGTCGAGATG	GC04P	1254.0	583	0.20574163	Paratumor	P4	Fibroblasts	Fib_3	-4.68419933319092	4.59655284881592
GC04P:GGACAAGAGCCAACAG	GC04P	1344.0	815	0.05580357	Paratumor	P4	Endothelial cells	Endo_2	9.30584621429443	-4.25721073150635
GC04P:GGACGTCAGCTAGGCA	GC04P	1284.0	763	0.08489097	Paratumor	P4	Fibroblasts	Fib_1	-6.23388004302979	4.04543399810791
GC04P:GGCCGATGTCAATACC	GC04P	1161.0	617	0.13781223	Paratumor	P4	Fibroblasts	Fib_1	-7.58223962783813	6.81136178970337
GC04P:GGCGTGTAGCCGGTAA	GC04P	744.0	444	0.06854839	Paratumor	P4	Fibroblasts	Fib_3	-6.9362320899963406	3.90587544441223
GC04P:GGCTCGAGTAAATGAC	GC04P	1279.0	692	0.14620797	Paratumor	P4	Endothelial cells	Endo_2	8.527024269104	-3.77659678459167
GC04P:GGCTGGTTCATTTGGG	GC04P	604.0	413	0.117549665	Paratumor	P4	Fibroblasts	Fib_3	-8.25686836242676	6.43723440170288
GC04P:GGGAATGGTATAAACG	GC04P	5520.0	1865	0.06231884	Paratumor	P4	Fibroblasts	Fib_4	-5.79058933258057	4.0920991897583
GC04P:GGGCATCCAATCCAAC	GC04P	2528.0	1198	0.13251582	Paratumor	P4	Fibroblasts	Fib_3	-5.29343700408936	9.88527679443359
GC04P:GGTATTGAGTGCAAGC	GC04P	3798.0	1833	0.034491837	Paratumor	P4	Endothelial cells	Endo_2	9.04150104522705	-2.7485172748565696
GC04P:GTCATTTTCTGCTGTC	GC04P	1248.0	715	0.16266026	Paratumor	P4	Fibroblasts	Fib_3	-5.19847059249878	9.38798904418945
GC04P:GTCTTCGGTACCATCA	GC04P	6174.0	1990	0.04016845	Paratumor	P4	Fibroblasts	Fib_2	-4.01317834854126	9.812150955200199
GC04P:GTGCTTCTCGCCCTTA	GC04P	3916.0	1796	0.06537283	Paratumor	P4	Endothelial cells	Endo_2	8.43518447875977	-3.68522882461548
GC04P:GTGTTAGGTTATGTGC	GC04P	2364.0	1300	0.05752961	Paratumor	P4	Endothelial cells	Endo_4	12.2577686309814	-6.84691286087036
GC04P:GTTCTCGTCAGTTCGA	GC04P	7145.0	2368	0.043247025	Paratumor	P4	Fibroblasts	Fib_2	-5.5417976379394505	10.675774574279801
GC04P:TACCTATCATGCAACT	GC04P	3703.0	1617	0.19767755	Paratumor	P4	Endothelial cells	Endo_3	9.64313697814941	3.62960600852966
GC04P:TACGGATAGTAGTGCG	GC04P	4598.0	1891	0.06350587	Paratumor	P4	Endothelial cells	Endo_3	9.22081470489502	3.7701468467712402
GC04P:TAGAGCTTCCTTGACC	GC04P	5314.0	2104	0.040270984	Paratumor	P4	Fibroblasts	Fib_2	-5.7837700843811	9.44062805175781
GC04P:TAGGCATGTAGGAGTC	GC04P	1633.0	670	0.16595224	Paratumor	P4	Fibroblasts	Fib_3	-3.84199213981628	6.7414250373840305
GC04P:TATTACCGTCCGTTAA	GC04P	3091.0	1272	0.16467163	Paratumor	P4	Endothelial cells	Endo_1	12.931297302246099	-1.97783136367798
GC04P:TCAACGAAGTCATCCA	GC04P	6999.0	2623	0.023717673	Paratumor	P4	Fibroblasts	Fib_1	-7.25987243652344	8.43082618713379
GC04P:TCAGATGTCTGGGCCA	GC04P	4085.0	1326	0.08592411	Paratumor	P4	Fibroblasts	Fib_3	-3.9232764244079603	7.40629577636719
GC04P:TCAGCTCGTGCGCTTG	GC04P	979.0	573	0.20939735	Paratumor	P4	Fibroblasts	Fib_3	-7.68542051315308	7.86562252044678
GC04P:TCATTACTCCGTTGCT	GC04P	879.0	472	0.1672355	Paratumor	P4	Fibroblasts	Fib_3	-3.29280161857605	7.66241598129272
GC04P:TCCACACCATCCGGGT	GC04P	5263.0	2097	0.056051683	Paratumor	P4	Endothelial cells	Endo_1	12.1505842208862	0.49477681517600997
GC04P:TCGCGAGCACTTCTGC	GC04P	2488.0	1131	0.07475884	Paratumor	P4	Fibroblasts	Fib_2	-5.92293405532837	8.785093307495119
GC04P:TGAAAGAGTAACGTTC	GC04P	1438.0	713	0.22531293	Paratumor	P4	Fibroblasts	Fib_3	-5.03055477142334	9.37262344360352
GC04P:TGACGGCTCGACCAGC	GC04P	2139.0	1114	0.0911641	Paratumor	P4	Endothelial cells	Endo_2	9.16622352600098	-4.1345095634460405
GC04P:TGACTTTAGCAGCCTC	GC04P	3949.0	1284	0.14434034	Paratumor	P4	Fibroblasts	Fib_3	-4.03799152374268	6.96698141098022
GC04P:TGACTTTGTTCACGGC	GC04P	1017.0	589	0.21435595	Paratumor	P4	Endothelial cells	Endo_1	11.441460609436	-0.28059518337249795
GC04P:TGAGAGGGTCAAACTC	GC04P	3140.0	1301	0.03789809	Paratumor	P4	Fibroblasts	Fib_1	-7.0493869781494105	8.02863502502441
GC04P:TGAGAGGTCTAACTTC	GC04P	3038.0	1579	0.017116524	Paratumor	P4	Endothelial cells	Endo_4	12.028903007507301	-6.879855155944821
GC04P:TGAGCATAGCCAGGAT	GC04P	1423.0	726	0.14054814	Paratumor	P4	Fibroblasts	Fib_3	-4.58687448501587	9.04573345184326
GC04P:TGAGCCGCACATCCAA	GC04P	3214.0	1448	0.060049783	Paratumor	P4	Fibroblasts	Fib_2	-6.08500194549561	9.38135623931885
GC04P:TGATTTCGTTCAGTAC	GC04P	877.0	462	0.24629419	Paratumor	P4	Fibroblasts	Fib_3	-4.52787828445435	8.67970752716064
GC04P:TGCACCTAGCTGCCCA	GC04P	9030.0	2838	0.03433001	Paratumor	P4	Fibroblasts	Fib_1	-6.905780792236331	6.50786018371582
GC04P:TGCACCTGTGCGGTAA	GC04P	9631.0	2888	0.028242135	Paratumor	P4	Fibroblasts	Fib_1	-6.1955041885376	4.321624755859379
GC04P:TGCCCATTCAAGAAGT	GC04P	1547.0	766	0.08597285	Paratumor	P4	Fibroblasts	Fib_1	-8.22661781311035	6.30182075500488
GC04P:TGCGCAGTCAGTTAGC	GC04P	3321.0	1512	0.06775068	Paratumor	P4	Fibroblasts	Fib_2	-5.295052528381349	10.3563985824585
GC04P:TGCGTGGAGGCACATG	GC04P	5271.0	2145	0.096945554	Paratumor	P4	Smooth muscle cells	SMC_1	-0.00618583243340254	-10.823091506958
GC04P:TGCTGCTTCTGATTCT	GC04P	535.0	360	0.16261682	Paratumor	P4	Endothelial cells	Endo_1	10.5094051361084	-1.1765296459198
GC04P:TGGACGCCACAGGTTT	GC04P	4096.0	1656	0.0793457	Paratumor	P4	Endothelial cells	Endo_3	9.11531734466553	3.79464244842529
GC04P:TGGCCAGGTAGGAGTC	GC04P	3512.0	1424	0.14208429	Paratumor	P4	Endothelial cells	Endo_3	8.818620681762699	3.44926643371582
GC04P:TGGCCAGTCAACACAC	GC04P	2121.0	911	0.20179161	Paratumor	P4	Fibroblasts	Fib_4	-6.56652021408081	2.95134830474854
GC04P:TGTTCCGAGTAGGTGC	GC04P	5553.0	2213	0.04123897	Paratumor	P4	Endothelial cells	Endo_1	12.750875473022498	-0.9525603652000431
GC04P:TTAGGCAGTCCGAACC	GC04P	2798.0	1206	0.0578985	Paratumor	P4	Fibroblasts	Fib_2	-5.80026626586914	10.426966667175302
GC04P:TTCTCCTAGCCATCGC	GC04P	7402.0	2534	0.035125643	Paratumor	P4	Fibroblasts	Fib_1	-6.5560164451599094	4.94383096694946
GC04P:TTCTCCTAGGCCCTCA	GC04P	1789.0	1019	0.1274455	Paratumor	P4	Myofibroblasts	Myofibroblasts	-8.53727149963379	0.446452885866165
GC04P:TTGCCGTGTCTCAACA	GC04P	2996.0	1244	0.14319092	Paratumor	P4	Fibroblasts	Fib_4	-9.034077644348141	3.07368135452271
GC04P:TTGCCGTTCCTGCTTG	GC04P	1161.0	673	0.13781223	Paratumor	P4	Endothelial cells	Endo_2	9.26692962646484	-4.1587495803833
GC04P:TTTCCTCTCTTTAGGG	GC04P	6589.0	2436	0.03429959	Paratumor	P4	Fibroblasts	Fib_2	-6.020949840545651	10.4614973068237
GC04T:AAACCTGAGTAGGTGC	GC04T	5131.0	1995	0.041902162	Tumor	P4	Fibroblasts	Fib_2	-5.4407467842102095	9.90645599365234
GC04T:AAAGTAGGTAACGTTC	GC04T	4866.0	2000	0.07501028	Tumor	P4	Fibroblasts	Fib_2	-6.01040077209473	10.092644691467301
GC04T:AAAGTAGGTACCGTTA	GC04T	1779.0	866	0.051714446	Tumor	P4	Endothelial cells	Endo_4	11.9721994400024	-7.41974592208862
GC04T:AAATGCCAGTTGTAGA	GC04T	3690.0	1857	0.028184282	Tumor	P4	Endothelial cells	Endo_2	10.0166807174683	-2.7875521183013903
GC04T:AACCATGAGAAACCTA	GC04T	993.0	628	0.052366566	Tumor	P4	Endothelial cells	Endo_1	10.822180747985803	-1.9089422225952102
GC04T:AACCATGCACATGTGT	GC04T	4563.0	1888	0.05172036	Tumor	P4	Endothelial cells	Endo_2	9.55409049987793	-2.50275754928589
GC04T:AACCGCGCAATGGACG	GC04T	5486.0	1683	0.27579293	Tumor	P4	Fibroblasts	Fib_2	-5.08459997177124	10.7342090606689
GC04T:AACGTTGCAAGCCATT	GC04T	4464.0	1905	0.06474014	Tumor	P4	Fibroblasts	Fib_1	-6.81827449798584	7.085735321044919
GC04T:AACTCAGGTCCTGCTT	GC04T	4641.0	1685	0.027795734	Tumor	P4	Fibroblasts	Fib_4	-6.731125354766849	2.54883909225464
GC04T:AACTCCCGTACTCGCG	GC04T	2175.0	993	0.08045977	Tumor	P4	Fibroblasts	Fib_3	-4.30825138092041	9.4002799987793
GC04T:AACTCCCGTGATAAAC	GC04T	1552.0	671	0.10309278	Tumor	P4	Fibroblasts	Fib_3	-4.70861434936523	4.88040351867676
GC04T:AACTCTTTCAACCAAC	GC04T	4985.0	2196	0.064794384	Tumor	P4	Endothelial cells	Endo_1	12.017954826355	-2.6051585674285898
GC04T:AACTGGTCAACTTGAC	GC04T	4174.0	1864	0.085050315	Tumor	P4	Fibroblasts	Fib_2	-5.10555839538574	11.0793876647949
GC04T:AAGGAGCCAGCTGTAT	GC04T	6036.0	2074	0.04671968	Tumor	P4	Fibroblasts	Fib_1	-7.630911350250241	8.001355171203612
GC04T:AATCCAGCAATCACAC	GC04T	6864.0	2357	0.04020979	Tumor	P4	Fibroblasts	Fib_2	-5.55030012130737	10.438985824585
GC04T:AATCCAGTCTGAGTGT	GC04T	1916.0	982	0.007306889	Tumor	P4	Myofibroblasts	Myofibroblasts	-7.6791095733642605	0.954653978347778
GC04T:ACACCAAAGAAGGCCT	GC04T	3988.0	1860	0.08976931	Tumor	P4	Smooth muscle cells	SMC_1	-0.190297767519951	-10.7113285064697
GC04T:ACACCAACAGCTGCAC	GC04T	1311.0	766	0.19450802	Tumor	P4	Endothelial cells	Endo_3	10.5484323501587	2.8463923931121804
GC04T:ACACCCTAGCTAGCCC	GC04T	4623.0	1432	0.07376163	Tumor	P4	Fibroblasts	Fib_4	-6.622403144836429	3.2106904983520494
GC04T:ACACCCTGTCTGCCAG	GC04T	1483.0	761	0.1604855	Tumor	P4	Fibroblasts	Fib_3	-4.510748386383059	9.42129611968994
GC04T:ACACCGGAGCTGAACG	GC04T	2153.0	777	0.12772875	Tumor	P4	Fibroblasts	Fib_3	-3.56053972244263	6.69777154922485
GC04T:ACACTGAAGCTGCGAA	GC04T	2740.0	1022	0.09744526	Tumor	P4	Fibroblasts	Fib_3	-3.5594182014465297	7.27611303329468
GC04T:ACACTGATCAGAGCTT	GC04T	2069.0	732	0.18076365	Tumor	P4	Fibroblasts	Fib_3	-4.34273862838745	4.9871506690979
GC04T:ACAGCCGCAATGAAAC	GC04T	996.0	560	0.2248996	Tumor	P4	Fibroblasts	Fib_3	-6.60085582733154	3.6696934700012203
GC04T:ACAGCCGCATCGACGC	GC04T	569.0	343	0.15992971	Tumor	P4	Fibroblasts	Fib_3	-3.3097550868987997	6.859694957733151
GC04T:ACAGCTAAGTTGTCGT	GC04T	5110.0	1876	0.03522505	Tumor	P4	Fibroblasts	Fib_4	-5.90177917480469	2.5182313919067405
GC04T:ACATGGTGTTGAGGTG	GC04T	7758.0	2667	0.04163444	Tumor	P4	Endothelial cells	Endo_3	10.474024772644	2.40220189094543
GC04T:ACCGTAAGTTCCCGAG	GC04T	5212.0	1931	0.040675364	Tumor	P4	Fibroblasts	Fib_2	-6.63125467300415	9.32027530670166
GC04T:ACGAGGATCAGAGACG	GC04T	8513.0	3007	0.04311054	Tumor	P4	Endothelial cells	Endo_1	12.2916078567505	-1.68298840522766
GC04T:ACGCCGACACTGTGTA	GC04T	1814.0	960	0.054575525	Tumor	P4	Endothelial cells	Endo_4	11.732156753539998	-7.0416364669799805
GC04T:ACGCCGACAGTCAGAG	GC04T	7424.0	2626	0.05239763	Tumor	P4	Fibroblasts	Fib_2	-6.60254764556885	7.88295316696167
GC04T:ACGCCGAGTTAAGATG	GC04T	2292.0	1076	0.081588134	Tumor	P4	Fibroblasts	Fib_3	-4.2464861869812	9.183553695678711
GC04T:ACGGAGATCCATGAAC	GC04T	5102.0	1740	0.041748334	Tumor	P4	Fibroblasts	Fib_2	-3.8279678821563703	10.0157012939453
GC04T:ACGGGCTAGCCACCTG	GC04T	3102.0	1479	0.02546744	Tumor	P4	Endothelial cells	Endo_2	8.99799060821533	-1.9308503866195699
GC04T:ACGGGCTCAAGCGCTC	GC04T	4304.0	1772	0.06714684	Tumor	P4	Endothelial cells	Endo_3	11.279491424560499	1.3273735046386699
GC04T:ACGGGTCAGTCTCAAC	GC04T	6057.0	2156	0.041934952	Tumor	P4	Fibroblasts	Fib_2	-6.03057432174683	9.30931663513184
GC04T:ACGTCAAAGTGCCATT	GC04T	2734.0	1125	0.04864667	Tumor	P4	Fibroblasts	Fib_1	-7.12447881698608	7.60091781616211
GC04T:ACTATCTAGACTGTAA	GC04T	7713.0	2433	0.05445352	Tumor	P4	Fibroblasts	Fib_4	-6.63937854766846	2.3236939907073997
GC04T:ACTGAACCAGGAATCG	GC04T	7313.0	2464	0.035689868	Tumor	P4	Fibroblasts	Fib_2	-6.8743147850036594	9.97277545928955
GC04T:ACTGAACGTGACCAAG	GC04T	5101.0	1948	0.07371104	Tumor	P4	Endothelial cells	Endo_2	8.4041748046875	-2.1328754425048797
GC04T:ACTGATGAGAAACGCC	GC04T	4817.0	1750	0.04567158	Tumor	P4	Fibroblasts	Fib_1	-7.623427867889401	7.6699533462524405
GC04T:ACTGATGCAGTCCTTC	GC04T	7418.0	2770	0.03747641	Tumor	P4	Endothelial cells	Endo_2	9.63386535644531	-2.67338705062866
GC04T:ACTGCTCCAAGCCCAC	GC04T	2075.0	1168	0.15566266	Tumor	P4	Endothelial cells	Endo_3	10.0492191314697	3.34693384170532
GC04T:ACTGCTCTCGGAATCT	GC04T	6919.0	2542	0.037288625	Tumor	P4	Fibroblasts	Fib_2	-7.05910921096802	9.93996906280518
GC04T:ACTGTCCGTTTAGGAA	GC04T	4804.0	1894	0.053080767	Tumor	P4	Fibroblasts	Fib_2	-4.07772397994995	10.914504051208501
GC04T:ACTTACTCACAAGACG	GC04T	3022.0	1351	0.06816678	Tumor	P4	Fibroblasts	Fib_2	-4.39057397842407	11.002086639404302
GC04T:ACTTACTCACGGCCAT	GC04T	3892.0	1718	0.08144913	Tumor	P4	Endothelial cells	Endo_2	9.319318771362301	-2.82966756820679
GC04T:ACTTACTCAGCCAGAA	GC04T	3458.0	1563	0.13475998	Tumor	P4	Endothelial cells	Endo_2	8.38307094573975	-4.03259134292603
GC04T:ACTTACTTCCGATATG	GC04T	3308.0	1589	0.05229746	Tumor	P4	Endothelial cells	Endo_2	9.40054988861084	-2.20378947257996
GC04T:ACTTGTTTCAAGCCTA	GC04T	2812.0	1054	0.11628734	Tumor	P4	Fibroblasts	Fib_3	-3.9333260059356703	9.41145706176758
GC04T:ACTTTCATCAGGCAAG	GC04T	5926.0	2227	0.07357408	Tumor	P4	Endothelial cells	Endo_2	8.679470062255861	-2.7824649810791002
GC04T:AGAATAGTCTCAACTT	GC04T	9141.0	2888	0.08029756	Tumor	P4	Endothelial cells	Endo_3	9.94458961486816	2.31132912635803
GC04T:AGACGTTAGCCGGTAA	GC04T	1745.0	800	0.2355301	Tumor	P4	Fibroblasts	Fib_4	-8.076404571533201	2.71837568283081
GC04T:AGACGTTAGGCCGAAT	GC04T	2839.0	1437	0.08418457	Tumor	P4	Endothelial cells	Endo_2	9.021039962768551	-3.45245623588562
GC04T:AGACGTTGTCAATACC	GC04T	1089.0	670	0.0697888	Tumor	P4	Endothelial cells	Endo_2	8.49205589294434	-3.7992975711822496
GC04T:AGACGTTGTCGCGGTT	GC04T	994.0	465	0.12273642	Tumor	P4	Fibroblasts	Fib_3	-3.3569922447204603	6.59804916381836
GC04T:AGAGCGACATTATCTC	GC04T	5095.0	2107	0.053581942	Tumor	P4	Fibroblasts	Fib_2	-5.99573421478271	10.760785102844201
GC04T:AGAGCTTAGGTGGGTT	GC04T	5680.0	2216	0.06267606	Tumor	P4	Fibroblasts	Fib_2	-5.34512615203857	11.211334228515598
GC04T:AGAGTGGGTACGACCC	GC04T	999.0	456	0.13013013	Tumor	P4	Fibroblasts	Fib_3	-4.47369337081909	4.75480270385742
GC04T:AGATCTGAGGGTATCG	GC04T	4469.0	1575	0.041843813	Tumor	P4	Fibroblasts	Fib_2	-3.97826242446899	9.753480911254881
GC04T:AGATTGCAGAATTGTG	GC04T	4954.0	1925	0.07287041	Tumor	P4	Fibroblasts	Fib_2	-4.42913627624512	10.979670524597198
GC04T:AGCATACCAGCATGAG	GC04T	5308.0	1786	0.043896005	Tumor	P4	Fibroblasts	Fib_4	-5.90961027145386	2.7235431671142596
GC04T:AGCATACGTTATCCGA	GC04T	9316.0	2665	0.054529842	Tumor	P4	Fibroblasts	Fib_1	-7.0692276954650906	6.457115650176999
GC04T:AGCGGTCGTCGAGTTT	GC04T	3354.0	1320	0.054263566	Tumor	P4	Fibroblasts	Fib_2	-5.06808996200562	10.635618209838901
GC04T:AGCGGTCTCCCAAGTA	GC04T	5629.0	1976	0.09362231	Tumor	P4	Smooth muscle cells	SMC_2	-3.26991391181946	-12.7618846893311
GC04T:AGCGGTCTCGGATGGA	GC04T	10940.0	3138	0.04634369	Tumor	P4	Fibroblasts	Fib_4	-8.95215702056885	3.150954246521
GC04T:AGCTCTCGTGCAGACA	GC04T	2963.0	1414	0.06952413	Tumor	P4	Fibroblasts	Fib_2	-5.97562313079834	8.85787105560303
GC04T:AGCTCTCGTGTAAGTA	GC04T	1120.0	651	0.12589286	Tumor	P4	Endothelial cells	Endo_1	8.95472049713135	-2.8871386051177996
GC04T:AGCTTGACATGAAGTA	GC04T	4026.0	1898	0.10481868	Tumor	P4	Endothelial cells	Endo_1	12.1960096359253	-2.2674286365509
GC04T:AGCTTGAGTAGTAGTA	GC04T	945.0	371	0.25185186	Tumor	P4	Fibroblasts	Fib_3	-3.72886776924133	6.42782211303711
GC04T:AGGCCACCACAGCGTC	GC04T	1151.0	543	0.21025196	Tumor	P4	Fibroblasts	Fib_4	-7.534216403961179	2.73635482788086
GC04T:AGGCCACCAGATTGCT	GC04T	9049.0	3103	0.09735882	Tumor	P4	Endothelial cells	Endo_1	11.0535898208618	-2.57196426391602
GC04T:AGGCCGTAGGACACCA	GC04T	8167.0	2267	0.04395739	Tumor	P4	Fibroblasts	Fib_4	-5.86009120941162	3.67289924621582
GC04T:AGGCCGTGTCTGATTG	GC04T	5171.0	1990	0.032875653	Tumor	P4	Fibroblasts	Fib_1	-7.64500951766968	7.53857517242432
GC04T:AGGGATGAGCTGAAAT	GC04T	3491.0	1500	0.061014038	Tumor	P4	Fibroblasts	Fib_2	-6.3150339126586905	8.628955841064451
GC04T:AGGGATGGTCATATCG	GC04T	9775.0	2874	0.05381074	Tumor	P4	Fibroblasts	Fib_2	-6.44366359710693	7.85683107376099
GC04T:AGGGATGGTGTTCGAT	GC04T	5014.0	2108	0.029916234	Tumor	P4	Endothelial cells	Endo_4	11.468364715576199	-5.8539142608642605
GC04T:AGGGTGAGTTCCTCCA	GC04T	4131.0	1637	0.061486322	Tumor	P4	Fibroblasts	Fib_4	-7.46370267868042	2.67650938034058
GC04T:AGGGTGATCGCCGTGA	GC04T	6742.0	2534	0.035301097	Tumor	P4	Fibroblasts	Fib_2	-6.06376075744629	9.63009262084961
GC04T:AGGTCCGAGACCGGAT	GC04T	4240.0	1660	0.065330185	Tumor	P4	Fibroblasts	Fib_1	-7.8905124664306605	7.639111518859861
GC04T:AGGTCCGAGCGATATA	GC04T	5934.0	2132	0.05224132	Tumor	P4	Fibroblasts	Fib_1	-7.84669733047485	7.861890316009519
GC04T:AGGTCCGAGCTAACAA	GC04T	6552.0	2012	0.05418193	Tumor	P4	Fibroblasts	Fib_4	-5.7571005821228	3.5151793956756605
GC04T:AGGTCCGCATAACCTG	GC04T	8466.0	2745	0.030238602	Tumor	P4	Fibroblasts	Fib_4	-6.53267765045166	2.07506942749023
GC04T:AGTAGTCCAAGGGTCA	GC04T	1680.0	792	0.12142857	Tumor	P4	Endothelial cells	Endo_2	9.22799491882324	-1.9201357364654499
GC04T:AGTCTTTAGTCTCCTC	GC04T	10237.0	2925	0.030868419	Tumor	P4	Fibroblasts	Fib_1	-6.96600008010864	6.111750602722171
GC04T:AGTGAGGTCCGCGTTT	GC04T	2600.0	1354	0.042692307	Tumor	P4	Endothelial cells	Endo_2	8.82951545715332	-3.0052864551544203
GC04T:AGTGGGATCTGGCGAC	GC04T	5155.0	2277	0.054122213	Tumor	P4	Fibroblasts	Fib_2	-5.68692827224731	10.9620800018311
GC04T:AGTGTCACATAAAGGT	GC04T	4923.0	2042	0.057282146	Tumor	P4	Endothelial cells	Endo_2	9.1463565826416	-2.9494791030883802
GC04T:AGTGTCAGTTACCGAT	GC04T	2777.0	1096	0.07850198	Tumor	P4	Fibroblasts	Fib_1	-7.45984315872192	7.1292290687561
GC04T:ATAACGCCATCGGGTC	GC04T	1698.0	981	0.07597173	Tumor	P4	Endothelial cells	Endo_4	12.223383903503402	-5.880958080291751
GC04T:ATAACGCTCAACCAAC	GC04T	989.0	588	0.066734076	Tumor	P4	Fibroblasts	Fib_3	-3.3761372566223105	8.03807163238525
GC04T:ATAAGAGGTGAGTATA	GC04T	3453.0	1359	0.042282075	Tumor	P4	Fibroblasts	Fib_2	-5.81434106826782	10.513784408569302
GC04T:ATAGACCGTAAGGGCT	GC04T	2571.0	928	0.0999611	Tumor	P4	Fibroblasts	Fib_3	-3.70287322998047	7.77091264724731
GC04T:ATCACGAGTACATCCA	GC04T	3250.0	1266	0.087076925	Tumor	P4	Fibroblasts	Fib_4	-6.119402885437009	3.2871580123901403
GC04T:ATCACGAGTGGTACAG	GC04T	2836.0	1407	0.048307475	Tumor	P4	Fibroblasts	Fib_5	-9.86540985107422	2.9771535396575897
GC04T:ATCATCTGTACATCCA	GC04T	9481.0	2722	0.038498048	Tumor	P4	Fibroblasts	Fib_4	-6.1055812835693395	2.7206180095672594
GC04T:ATCCGAAAGGATGCGT	GC04T	4508.0	1997	0.055456966	Tumor	P4	Fibroblasts	Fib_2	-5.62606239318848	11.1879005432129
GC04T:ATCCGAAGTACATCCA	GC04T	1156.0	768	0.05017301	Tumor	P4	Endothelial cells	Endo_1	10.5658254623413	-2.4484004974365203
GC04T:ATCGAGTGTTCAGCGC	GC04T	2437.0	783	0.15100533	Tumor	P4	Fibroblasts	Fib_3	-3.9335696697235094	6.705847263336179
GC04T:ATCTACTAGCTGCAAG	GC04T	7533.0	2463	0.033585556	Tumor	P4	Fibroblasts	Fib_4	-7.74993181228638	2.6058104038238503
GC04T:ATCTACTCAATCTGCA	GC04T	4588.0	2124	0.06299041	Tumor	P4	Endothelial cells	Endo_2	8.89459991455078	-1.48323774337769
GC04T:ATCTACTGTTACCAGT	GC04T	5965.0	2546	0.037049454	Tumor	P4	Endothelial cells	Endo_4	12.4003143310547	-6.77512168884277
GC04T:ATCTGCCGTAAGAGAG	GC04T	6252.0	2165	0.068458095	Tumor	P4	Fibroblasts	Fib_2	-6.032705783843991	9.53851795196533
GC04T:ATGGGAGAGTACGCCC	GC04T	5696.0	1996	0.042134833	Tumor	P4	Fibroblasts	Fib_5	-10.3096761703491	3.3124961853027304
GC04T:ATGTGTGAGGAGTAGA	GC04T	3330.0	1542	0.08378378	Tumor	P4	Endothelial cells	Endo_2	8.76164436340332	-2.25729012489319
GC04T:ATTACTCCATCGATGT	GC04T	3138.0	979	0.09145953	Tumor	P4	Fibroblasts	Fib_3	-4.15474081039429	5.17606782913208
GC04T:ATTACTCGTAGCTAAA	GC04T	2417.0	1190	0.13032685	Tumor	P4	Fibroblasts	Fib_4	-7.8244194984436	2.62999486923218
GC04T:ATTACTCGTCATATCG	GC04T	7611.0	2125	0.040467743	Tumor	P4	Fibroblasts	Fib_1	-6.89968490600586	5.3078494071960405
GC04T:ATTGGACAGTGAACGC	GC04T	4959.0	1979	0.06876387	Tumor	P4	Fibroblasts	Fib_2	-5.249271869659419	11.082944869995101
GC04T:ATTGGTGGTCCAGTGC	GC04T	5905.0	2244	0.05012701	Tumor	P4	Fibroblasts	Fib_2	-4.51420259475708	11.1758232116699
GC04T:ATTGGTGGTCCGTCAG	GC04T	5141.0	1405	0.06555145	Tumor	P4	Fibroblasts	Fib_3	-4.58346080780029	4.67055797576904
GC04T:ATTTCTGGTCATATCG	GC04T	5718.0	2130	0.047044422	Tumor	P4	Fibroblasts	Fib_2	-6.9245400428772	9.97308444976807
GC04T:ATTTCTGTCCACGTGG	GC04T	7316.0	2322	0.02870421	Tumor	P4	Fibroblasts	Fib_4	-5.2617015838623	2.53877425193787
GC04T:CAACCTCCAGTGACAG	GC04T	6696.0	2453	0.03972521	Tumor	P4	Fibroblasts	Fib_4	-7.7847466468811	2.65843868255615
GC04T:CAACTAGGTAAATGTG	GC04T	2074.0	1174	0.044840887	Tumor	P4	Endothelial cells	Endo_4	12.3911828994751	-6.772570610046389
GC04T:CAACTAGGTACCAGTT	GC04T	6870.0	2038	0.055749636	Tumor	P4	Fibroblasts	Fib_5	-11.540809631347699	3.29524302482605
GC04T:CAACTAGTCTGCTTGC	GC04T	4255.0	2074	0.033372503	Tumor	P4	Endothelial cells	Endo_1	11.691630363464402	-2.56326198577881
GC04T:CAAGAAACACATTAGC	GC04T	2805.0	1409	0.06488413	Tumor	P4	Endothelial cells	Endo_2	8.94552040100098	-1.99071764945984
GC04T:CAAGATCGTAAAGGAG	GC04T	1719.0	716	0.25712624	Tumor	P4	Fibroblasts	Fib_3	-4.46012926101685	8.37311553955078
GC04T:CAAGGCCGTCTAACGT	GC04T	971.0	375	0.23274975	Tumor	P4	Fibroblasts	Fib_3	-3.9263288974762003	6.60647344589233
GC04T:CACACAACACGCCAGT	GC04T	5455.0	1929	0.034830432	Tumor	P4	Fibroblasts	Fib_2	-5.00810098648071	9.82523345947266
GC04T:CACACCTAGGAATTAC	GC04T	6002.0	2260	0.05748084	Tumor	P4	Fibroblasts	Fib_2	-5.354820728302	10.9170274734497
GC04T:CACACCTCATGTCTCC	GC04T	706.0	562	0.008498584	Tumor	P4	Endothelial cells	Endo_1	10.0642051696777	-1.27121329307556
GC04T:CACACTCTCTCGGACG	GC04T	2339.0	906	0.11415134	Tumor	P4	Fibroblasts	Fib_3	-3.92259335517883	7.0148220062255895
GC04T:CACAGTATCTTGTATC	GC04T	4391.0	2084	0.041448418	Tumor	P4	Endothelial cells	Endo_4	11.8995771408081	-6.622389793396
GC04T:CACATAGAGATCCCAT	GC04T	3113.0	1533	0.07356248	Tumor	P4	Endothelial cells	Endo_2	8.88205146789551	-3.84749841690063
GC04T:CACATTTGTATATCCG	GC04T	2681.0	1314	0.055576276	Tumor	P4	Fibroblasts	Fib_2	-3.8272247314453103	9.64302349090576
GC04T:CACCACTAGAAACGAG	GC04T	6261.0	2347	0.030666027	Tumor	P4	Endothelial cells	Endo_2	10.1272830963135	-4.23321723937988
GC04T:CACCAGGCAACTTGAC	GC04T	3009.0	1326	0.13326687	Tumor	P4	Fibroblasts	Fib_2	-5.21419429779053	10.3192453384399
GC04T:CACCAGGGTGCCTGGT	GC04T	5271.0	1988	0.061847847	Tumor	P4	Fibroblasts	Fib_4	-5.426343441009519	2.0399987697601296
GC04T:CACCAGGTCCTAGGGC	GC04T	5307.0	1930	0.047107592	Tumor	P4	Fibroblasts	Fib_2	-4.78760004043579	10.6467390060425
GC04T:CACCTTGTCGCTGATA	GC04T	2525.0	875	0.089108914	Tumor	P4	Fibroblasts	Fib_3	-3.63735961914062	6.7539758682251
GC04T:CAGAATCCAGTGACAG	GC04T	2116.0	1060	0.088374294	Tumor	P4	Fibroblasts	Fib_4	-9.09651565551758	3.0848798751831095
GC04T:CAGAGAGCACAGACAG	GC04T	5893.0	2194	0.037332427	Tumor	P4	Fibroblasts	Fib_2	-4.24438428878784	10.968345642089801
GC04T:CAGATCAGTGAGCGAT	GC04T	5848.0	1948	0.09900821	Tumor	P4	Endothelial cells	Endo_1	11.989524841308599	-1.9132376909256001
GC04T:CAGCAGCAGGCCATAG	GC04T	2410.0	1032	0.092116185	Tumor	P4	Fibroblasts	Fib_3	-3.9708280563354506	7.72003602981567
GC04T:CAGCAGCAGGCCCTCA	GC04T	3700.0	1428	0.046756756	Tumor	P4	Fibroblasts	Fib_4	-6.03318166732788	2.64683675765991
GC04T:CAGCATACACTTGGAT	GC04T	582.0	324	0.2611684	Tumor	P4	Endothelial cells	Endo_1	10.8002519607544	-1.55820167064667
GC04T:CAGCCGAGTAGTACCT	GC04T	5031.0	1901	0.08288611	Tumor	P4	Fibroblasts	Fib_2	-5.438457489013669	10.9124765396118
GC04T:CAGCCGATCCTCATTA	GC04T	4973.0	2091	0.05208124	Tumor	P4	Fibroblasts	Fib_2	-5.411433219909671	10.9115877151489
GC04T:CAGCCGATCCTTGGTC	GC04T	4894.0	1591	0.09889661	Tumor	P4	Smooth muscle cells	SMC_2	-4.22873306274414	-13.4162178039551
GC04T:CAGCGACTCAACCATG	GC04T	5911.0	2153	0.034681104	Tumor	P4	Fibroblasts	Fib_2	-5.60935020446777	9.9850435256958
GC04T:CAGCTAAGTCGACTAT	GC04T	2192.0	960	0.13138686	Tumor	P4	Fibroblasts	Fib_3	-3.72959971427917	8.75601196289062
GC04T:CAGTAACTCTTGAGGT	GC04T	5594.0	2049	0.052913837	Tumor	P4	Endothelial cells	Endo_3	10.362156867981	2.5189027786254905
GC04T:CATATGGAGTCACGCC	GC04T	2398.0	978	0.07381151	Tumor	P4	Fibroblasts	Fib_4	-8.2877721786499	3.2171938419342
GC04T:CATATGGTCTCGATGA	GC04T	2965.0	1230	0.121416524	Tumor	P4	Fibroblasts	Fib_2	-6.43788623809814	10.3087921142578
GC04T:CATCAAGGTATAATGG	GC04T	2971.0	1490	0.10400539	Tumor	P4	Fibroblasts	Fib_1	-7.488867282867429	8.86524677276611
GC04T:CATCAGAGTGATAAAC	GC04T	1267.0	708	0.12628256	Tumor	P4	Endothelial cells	Endo_2	9.28708362579346	-2.53904008865356
GC04T:CATCGAACACTCGACG	GC04T	2199.0	793	0.09868122	Tumor	P4	Fibroblasts	Fib_3	-3.82445025444031	6.60731983184814
GC04T:CATCGAAGTCGCTTTC	GC04T	6317.0	2187	0.042108595	Tumor	P4	Endothelial cells	Endo_3	9.77987575531006	3.11893200874329
GC04T:CATCGGGAGCGGCTTC	GC04T	3292.0	877	0.29799515	Tumor	P4	Smooth muscle cells	SMC_2	-4.2654099464416495	-13.5091142654419
GC04T:CATGACATCACATAGC	GC04T	5929.0	2344	0.039298363	Tumor	P4	Fibroblasts	Fib_1	-6.6560378074646	9.5620813369751
GC04T:CATGACATCGAGAGCA	GC04T	7116.0	2167	0.041455872	Tumor	P4	Fibroblasts	Fib_1	-5.095763206481929	3.18521237373352
GC04T:CATGCCTCAAGTAATG	GC04T	7795.0	2647	0.048749197	Tumor	P4	Fibroblasts	Fib_2	-5.62316560745239	9.5659236907959
GC04T:CATGGCGGTTCCCTTG	GC04T	3578.0	1690	0.044717718	Tumor	P4	Endothelial cells	Endo_4	12.147727966308599	-6.727530002593991
GC04T:CATGGCGTCGCAAACT	GC04T	4697.0	1830	0.044922292	Tumor	P4	Fibroblasts	Fib_2	-5.3257851600647	11.212908744812
GC04T:CATTATCGTCGGCTCA	GC04T	4837.0	1662	0.03473227	Tumor	P4	Fibroblasts	Fib_4	-6.24815130233765	3.4128642082214395
GC04T:CATTCGCGTCACCTAA	GC04T	856.0	487	0.2651869	Tumor	P4	Fibroblasts	Fib_3	-4.29607629776001	8.66433811187744
GC04T:CCACCTAAGTTCGCGC	GC04T	3632.0	1741	0.044878855	Tumor	P4	Fibroblasts	Fib_1	-8.007081985473631	7.64477396011353
GC04T:CCACCTAGTACAGTTC	GC04T	1575.0	727	0.25650793	Tumor	P4	Smooth muscle cells	SMC_1	-0.427396208047867	-10.6257629394531
GC04T:CCACGGAGTCATCGGC	GC04T	3651.0	1281	0.07203506	Tumor	P4	Fibroblasts	Fib_1	-6.592129707336429	6.31614112854004
GC04T:CCACTACAGCTAACTC	GC04T	2423.0	1058	0.1002889	Tumor	P4	Fibroblasts	Fib_2	-4.4346032142639205	9.27085876464844
GC04T:CCACTACGTCCGTTAA	GC04T	6163.0	2367	0.039753366	Tumor	P4	Endothelial cells	Endo_3	10.5906944274902	1.54548370838165
GC04T:CCCAGTTAGGGCTCTC	GC04T	1465.0	718	0.09761092	Tumor	P4	Fibroblasts	Fib_1	-7.531628608703611	7.1134343147277805
GC04T:CCCAGTTTCATCACCC	GC04T	3404.0	1346	0.076968275	Tumor	P4	Fibroblasts	Fib_2	-6.79202747344971	7.8916120529174805
GC04T:CCCTCCTAGCTGAAAT	GC04T	1802.0	1052	0.024972253	Tumor	P4	Endothelial cells	Endo_2	10.2197914123535	-4.05254411697388
GC04T:CCGGTAGTCTGCAAGT	GC04T	5930.0	2325	0.097301856	Tumor	P4	Fibroblasts	Fib_2	-6.11986303329468	10.7525472640991
GC04T:CCGTACTAGAGGTACC	GC04T	3841.0	1560	0.046081748	Tumor	P4	Fibroblasts	Fib_4	-5.62201118469238	2.12208318710327
GC04T:CCGTACTGTCTTGTCC	GC04T	4640.0	1636	0.04375	Tumor	P4	Fibroblasts	Fib_2	-6.3772144317627	9.94564151763916
GC04T:CCGTGGATCAACGAAA	GC04T	3250.0	1342	0.06523077	Tumor	P4	Fibroblasts	Fib_2	-3.7166521549224902	9.8873348236084
GC04T:CCGTTCACAACGATCT	GC04T	1111.0	613	0.2349235	Tumor	P4	Endothelial cells	Endo_1	10.1658630371094	-3.5203063488006605
GC04T:CCTACACAGTACATGA	GC04T	7280.0	2717	0.046153847	Tumor	P4	Fibroblasts	Fib_2	-5.0823016166687	10.708759307861301
GC04T:CCTACACGTGCACTTA	GC04T	3587.0	1765	0.029551158	Tumor	P4	Endothelial cells	Endo_2	8.29003143310547	-2.67917776107788
GC04T:CCTACACTCGATAGAA	GC04T	6757.0	2725	0.050170194	Tumor	P4	Fibroblasts	Fib_2	-6.81127119064331	10.245903968811001
GC04T:CCTAGCTCACTCTGTC	GC04T	5912.0	2134	0.060554802	Tumor	P4	Fibroblasts	Fib_2	-6.695895195007321	7.77869415283203
GC04T:CCTAGCTGTGCGATAG	GC04T	2476.0	1278	0.052907918	Tumor	P4	Endothelial cells	Endo_4	10.913932800292999	-5.12911796569824
GC04T:CCTATTAAGTCATGCT	GC04T	727.0	482	0.020632736	Tumor	P4	Endothelial cells	Endo_1	10.063215255737301	-1.68156802654266
GC04T:CCTATTAGTATTCGTG	GC04T	954.0	505	0.28825995	Tumor	P4	Fibroblasts	Fib_3	-4.613735675811769	8.57964992523193
GC04T:CCTATTATCTAACTTC	GC04T	4019.0	1641	0.04180144	Tumor	P4	Fibroblasts	Fib_2	-6.9234147071838406	9.79504680633545
GC04T:CCTCAGTCAAATTGCC	GC04T	1510.0	896	0.111258276	Tumor	P4	Endothelial cells	Endo_1	10.931992530822802	1.9952951669693
GC04T:CCTCAGTTCGCCTGTT	GC04T	5909.0	2195	0.040277544	Tumor	P4	Fibroblasts	Fib_1	-7.025723457336429	7.234094142913821
GC04T:CCTTACGCATTGGGCC	GC04T	4539.0	1753	0.0462657	Tumor	P4	Fibroblasts	Fib_2	-6.581661224365231	10.0182361602783
GC04T:CCTTACGTCAACGGCC	GC04T	7379.0	2076	0.041469034	Tumor	P4	Fibroblasts	Fib_1	-7.29516506195068	5.3621678352356
GC04T:CCTTACGTCGGCGGTT	GC04T	2678.0	1309	0.05227782	Tumor	P4	Endothelial cells	Endo_2	9.03744506835938	-3.8400661945343
GC04T:CCTTCCCGTGGTCCGT	GC04T	1009.0	512	0.21308225	Tumor	P4	Fibroblasts	Fib_3	-4.88977813720703	4.60892724990845
GC04T:CCTTCGAGTCATCGGC	GC04T	4952.0	2000	0.035137318	Tumor	P4	Fibroblasts	Fib_2	-6.683532238006589	10.373101234436001
GC04T:CCTTTCTAGCTAACTC	GC04T	10570.0	3119	0.034815516	Tumor	P4	Fibroblasts	Fib_1	-6.24185752868652	4.31129312515259
GC04T:CGAACATCAAACTGTC	GC04T	8792.0	2769	0.10702912	Tumor	P4	Endothelial cells	Endo_3	10.7867345809937	2.29440951347351
GC04T:CGAACATGTTAGATGA	GC04T	2318.0	1031	0.0677308	Tumor	P4	Fibroblasts	Fib_4	-7.14553022384644	2.7796599864959703
GC04T:CGACCTTCATAAAGGT	GC04T	3119.0	1057	0.0721385	Tumor	P4	Fibroblasts	Fib_3	-4.384202957153319	4.89860773086548
GC04T:CGACCTTGTTTGACTG	GC04T	1935.0	899	0.1250646	Tumor	P4	Fibroblasts	Fib_3	-4.67761754989624	4.44859504699707
GC04T:CGACTTCAGAGCTGCA	GC04T	3590.0	1366	0.0827298	Tumor	P4	Fibroblasts	Fib_2	-4.28722858428955	10.3462915420532
GC04T:CGACTTCAGCCACCTG	GC04T	5982.0	2053	0.036108326	Tumor	P4	Fibroblasts	Fib_2	-6.851913928985599	9.80498695373535
GC04T:CGACTTCTCTTCAACT	GC04T	2860.0	1283	0.06083916	Tumor	P4	Fibroblasts	Fib_2	-3.8883719444274902	9.90199279785156
GC04T:CGAGAAGAGAAGGACA	GC04T	1606.0	558	0.16064757	Tumor	P4	Fibroblasts	Fib_3	-3.53068804740906	6.540363311767581
GC04T:CGAGCCAAGGCAAAGA	GC04T	4427.0	1765	0.05330924	Tumor	P4	Fibroblasts	Fib_2	-6.0178050994873	9.21663188934326
GC04T:CGAGCCATCTTAGCCC	GC04T	994.0	581	0.04828974	Tumor	P4	Fibroblasts	Fib_4	-5.86061573028564	2.91560864448547
GC04T:CGATGGCTCTTGTTTG	GC04T	9962.0	3001	0.074382655	Tumor	P4	Fibroblasts	Fib_5	-10.2991180419922	3.3555819988250697
GC04T:CGCGGTAGTCGGATCC	GC04T	503.0	305	0.1610338	Tumor	P4	Fibroblasts	Fib_3	-3.00301098823547	7.90496063232422
GC04T:CGCGTTTTCTGGTATG	GC04T	5166.0	1810	0.029810298	Tumor	P4	Fibroblasts	Fib_4	-9.433042526245119	3.18021035194397
GC04T:CGCTATCGTACCGGCT	GC04T	3156.0	1470	0.057667933	Tumor	P4	Endothelial cells	Endo_2	9.46904563903809	-2.27883791923523
GC04T:CGCTGGACAAGTCTAC	GC04T	4811.0	1688	0.03242569	Tumor	P4	Fibroblasts	Fib_2	-5.93416261672974	10.4887208938599
GC04T:CGCTTCAGTGACCAAG	GC04T	524.0	300	0.20610687	Tumor	P4	Fibroblasts	Fib_3	-7.99082708358765	5.69845199584961
GC04T:CGCTTCAGTTCAGGCC	GC04T	4823.0	1998	0.05867717	Tumor	P4	Endothelial cells	Endo_2	10.177098274231	-3.9801344871521
GC04T:CGGACACAGTTTGCGT	GC04T	4495.0	1504	0.0625139	Tumor	P4	Fibroblasts	Fib_4	-5.93615293502808	3.1808247566223105
GC04T:CGGACACGTAACGACG	GC04T	7506.0	2341	0.047162272	Tumor	P4	Fibroblasts	Fib_2	-4.40990114212036	10.9118204116821
GC04T:CGGACGTTCATAAAGG	GC04T	6087.0	2503	0.02710695	Tumor	P4	Endothelial cells	Endo_1	11.389139175415002	-1.77652180194855
GC04T:CGGACGTTCTGCGTAA	GC04T	5012.0	1543	0.2859138	Tumor	P4	Endothelial cells	Endo_3	9.42181301116943	3.5701897144317596
GC04T:CGGACTGTCCCAAGTA	GC04T	10042.0	2684	0.031965744	Tumor	P4	Fibroblasts	Fib_4	-8.97329711914062	3.07180118560791
GC04T:CGGAGCTCAAGCGAGT	GC04T	4959.0	1992	0.04194394	Tumor	P4	Endothelial cells	Endo_2	9.544370651245119	-2.5467538833618195
GC04T:CGGCTAGGTGAGCGAT	GC04T	542.0	347	0.06088561	Tumor	P4	Fibroblasts	Fib_3	-3.4946377277374303	6.87633466720581
GC04T:CGGTTAATCCGCAGTG	GC04T	3026.0	1165	0.12128222	Tumor	P4	Fibroblasts	Fib_4	-9.320150375366211	3.1900575160980202
GC04T:CGTCACTAGCGTGTCC	GC04T	1347.0	601	0.18262807	Tumor	P4	Fibroblasts	Fib_3	-4.9268941879272505	4.723230361938481
GC04T:CGTCACTTCATGTAGC	GC04T	1793.0	625	0.107640825	Tumor	P4	Fibroblasts	Fib_3	-3.6968674659729	6.0158805847167995
GC04T:CGTCAGGTCTTCAACT	GC04T	5911.0	2145	0.03383522	Tumor	P4	Endothelial cells	Endo_4	12.5151147842407	-6.1930365562439
GC04T:CGTCCATCATTCGACA	GC04T	5459.0	1883	0.08408134	Tumor	P4	Fibroblasts	Fib_2	-7.0719890594482395	9.65637493133545
GC04T:CGTCTACAGGCAGTCA	GC04T	5366.0	1585	0.054789416	Tumor	P4	Fibroblasts	Fib_4	-5.58941984176636	3.8209619522094704
GC04T:CGTCTACCAGTAGAGC	GC04T	5075.0	1617	0.16019705	Tumor	P4	Fibroblasts	Fib_4	-7.58006715774536	2.7281336784362797
GC04T:CGTGAGCAGCGTCAAG	GC04T	6082.0	2324	0.036007892	Tumor	P4	Endothelial cells	Endo_2	9.20724868774414	-3.6934506893158
GC04T:CGTGAGCAGGTGCAAC	GC04T	4463.0	1970	0.047277614	Tumor	P4	Endothelial cells	Endo_2	8.149929046630861	-3.0750432014465297
GC04T:CGTGAGCTCATGCAAC	GC04T	7399.0	2524	0.044870928	Tumor	P4	Fibroblasts	Fib_1	-7.522576808929441	7.84743165969849
GC04T:CGTGTAATCCCATTTA	GC04T	1463.0	646	0.07313739	Tumor	P4	Fibroblasts	Fib_4	-6.71004199981689	3.56163740158081
GC04T:CGTTCTGGTACGCTGC	GC04T	3089.0	1192	0.05017805	Tumor	P4	Fibroblasts	Fib_4	-6.6293659210205105	2.7322850227355997
GC04T:CGTTGGGGTCCCTACT	GC04T	5814.0	2059	0.053319573	Tumor	P4	Fibroblasts	Fib_1	-7.12328958511353	7.95688343048096
GC04T:CTAACTTAGCGGCTTC	GC04T	5039.0	1959	0.035919826	Tumor	P4	Fibroblasts	Fib_2	-6.83288049697876	9.998350143432619
GC04T:CTAACTTCACAACGCC	GC04T	3448.0	1493	0.0925174	Tumor	P4	Endothelial cells	Endo_2	8.752560615539549	-1.7844649553298997
GC04T:CTAATGGGTCGCGAAA	GC04T	8570.0	2374	0.14585765	Tumor	P4	Fibroblasts	Fib_4	-5.943109035491941	2.1405878067016597
GC04T:CTAATGGTCGGCGCAT	GC04T	3616.0	1505	0.063882746	Tumor	P4	Fibroblasts	Fib_2	-6.59589958190918	9.60877513885498
GC04T:CTACACCCACTACAGT	GC04T	3436.0	1661	0.0669383	Tumor	P4	Fibroblasts	Fib_2	-4.50700092315674	10.6915645599365
GC04T:CTACACCCAGGTCCAC	GC04T	4140.0	1938	0.052898552	Tumor	P4	Fibroblasts	Fib_2	-7.17946577072144	9.356913566589359
GC04T:CTACATTAGAACAACT	GC04T	1959.0	885	0.11332312	Tumor	P4	Fibroblasts	Fib_3	-4.0613808631897	7.09884166717529
GC04T:CTACATTAGTCGATAA	GC04T	5689.0	1877	0.0950958	Tumor	P4	Smooth muscle cells	SMC_2	-4.6347537040710405	-13.332905769348098
GC04T:CTACATTCACGTCTCT	GC04T	1254.0	643	0.25917065	Tumor	P4	Fibroblasts	Fib_3	-4.46621322631836	8.50706481933594
GC04T:CTACATTTCTCGATGA	GC04T	11341.0	3721	0.10519355	Tumor	P4	Endothelial cells	Endo_1	11.7422494888306	-2.9540228843689
GC04T:CTACCCAAGGATGGTC	GC04T	7055.0	2734	0.09737775	Tumor	P4	Endothelial cells	Endo_2	9.765212059021	-3.18413162231445
GC04T:CTACGTCCACGCCAGT	GC04T	7667.0	2319	0.044476327	Tumor	P4	Fibroblasts	Fib_4	-7.3050799369812	2.63158798217773
GC04T:CTAGCCTTCAACGAAA	GC04T	6808.0	2817	0.063307874	Tumor	P4	Endothelial cells	Endo_1	11.903660774231	-2.72688412666321
GC04T:CTAGCCTTCACGCATA	GC04T	1134.0	486	0.24514991	Tumor	P4	Fibroblasts	Fib_3	-4.64020586013794	4.52581739425659
GC04T:CTCAGAACATGACGGA	GC04T	5217.0	2110	0.05731263	Tumor	P4	Fibroblasts	Fib_2	-6.96777629852295	9.7921895980835
GC04T:CTCAGAATCAGTTAGC	GC04T	5254.0	2303	0.054434717	Tumor	P4	Endothelial cells	Endo_2	8.584507942199709	-2.91196966171265
GC04T:CTCCTAGAGTACTTGC	GC04T	5871.0	2204	0.04275251	Tumor	P4	Fibroblasts	Fib_2	-7.31505250930786	9.1942253112793
GC04T:CTCCTAGTCAAGATCC	GC04T	3908.0	1765	0.035823952	Tumor	P4	Endothelial cells	Endo_1	11.3538637161255	-2.6478726863861097
GC04T:CTCGAGGGTGTGACGA	GC04T	1911.0	1046	0.071166925	Tumor	P4	Endothelial cells	Endo_2	10.5852489471436	-2.6652982234954803
GC04T:CTCGGAGTCCTGCAGG	GC04T	4144.0	1473	0.051640928	Tumor	P4	Fibroblasts	Fib_4	-5.69508504867554	3.3690555095672594
GC04T:CTCGTCATCGGTCTAA	GC04T	4035.0	1631	0.053035937	Tumor	P4	Fibroblasts	Fib_2	-6.14229917526245	10.342369079589801
GC04T:CTCTACGTCCTGCCAT	GC04T	3236.0	1507	0.06489493	Tumor	P4	Fibroblasts	Fib_1	-7.78263282775879	7.69628620147705
GC04T:CTGAAGTAGGGATACC	GC04T	2698.0	1184	0.11823573	Tumor	P4	Fibroblasts	Fib_2	-4.97963285446167	10.5323629379272
GC04T:CTGAAGTAGTAGCCGA	GC04T	1784.0	697	0.14293721	Tumor	P4	Fibroblasts	Fib_3	-3.9437026977539102	7.413916110992429
GC04T:CTGATAGAGGCGTACA	GC04T	1798.0	794	0.12625138	Tumor	P4	Fibroblasts	Fib_4	-7.35968208312988	3.34839224815369
GC04T:CTGATCCGTACCTACA	GC04T	3650.0	1477	0.12136986	Tumor	P4	Fibroblasts	Fib_1	-7.30654335021973	7.267443656921389
GC04T:CTGCCTAGTCGTGGCT	GC04T	7206.0	2754	0.042048294	Tumor	P4	Endothelial cells	Endo_2	8.69082641601562	-3.16077494621277
GC04T:CTGCCTATCGGCGCTA	GC04T	6696.0	2456	0.1187276	Tumor	P4	Endothelial cells	Endo_1	11.757129669189501	-0.9306053519248959
GC04T:CTGGTCTAGCAGACTG	GC04T	2616.0	842	0.27025995	Tumor	P4	Smooth muscle cells	SMC_2	-3.67443799972534	-13.9810152053833
GC04T:CTGGTCTAGCGTGAGT	GC04T	6527.0	2283	0.030488739	Tumor	P4	Fibroblasts	Fib_1	-7.719830513000491	7.75861406326294
GC04T:CTGTGCTCATGGGACA	GC04T	5349.0	2206	0.035146758	Tumor	P4	Endothelial cells	Endo_1	11.2710227966309	-3.0118842124939
GC04T:CTGTGCTGTTTAGCTG	GC04T	4642.0	2126	0.032098234	Tumor	P4	Fibroblasts	Fib_2	-5.8016653060913095	10.3190498352051
GC04T:CTGTTTAGTCGTCTTC	GC04T	3374.0	1079	0.07202134	Tumor	P4	Fibroblasts	Fib_3	-3.70624494552612	7.578442573547361
GC04T:CTTAACTCATTCCTCG	GC04T	7226.0	2249	0.027401052	Tumor	P4	Fibroblasts	Fib_4	-7.43066930770874	2.5943584442138703
GC04T:CTTAACTTCCTGTAGA	GC04T	4437.0	1818	0.055668246	Tumor	P4	Smooth muscle cells	SMC_1	0.623212814331055	-10.5686521530151
GC04T:CTTAACTTCTAACTGG	GC04T	2982.0	1229	0.08148894	Tumor	P4	Fibroblasts	Fib_4	-9.09426879882812	3.0414290428161603
GC04T:CTTACCGGTCGCCATG	GC04T	2270.0	1028	0.08061674	Tumor	P4	Fibroblasts	Fib_2	-4.628531455993651	9.57771396636963
GC04T:CTTCTCTGTAAGTGTA	GC04T	2896.0	1465	0.07216851	Tumor	P4	Endothelial cells	Endo_2	9.918622970581051	-2.2759642601013197
GC04T:CTTGGCTCATTGGTAC	GC04T	2290.0	1084	0.08034935	Tumor	P4	Fibroblasts	Fib_3	-4.601030826568599	9.64621639251709
GC04T:CTTTGCGGTAAGAGAG	GC04T	12382.0	3181	0.036908414	Tumor	P4	Fibroblasts	Fib_1	-6.083856105804441	4.29552364349365
GC04T:GAAACTCAGACCTTTG	GC04T	4786.0	1830	0.06080234	Tumor	P4	Fibroblasts	Fib_4	-5.8491520881652805	1.9911336898803702
GC04T:GAAATGAAGAGGGCTT	GC04T	3610.0	1382	0.07229917	Tumor	P4	Fibroblasts	Fib_4	-8.69696426391602	3.10931849479675
GC04T:GAAATGAAGGCAGTCA	GC04T	5913.0	2108	0.03636056	Tumor	P4	Fibroblasts	Fib_4	-7.09063196182251	2.51534676551819
GC04T:GAAATGACAAAGGAAG	GC04T	1867.0	838	0.036957685	Tumor	P4	Endothelial cells	Endo_4	11.492733001709	-7.51797342300415
GC04T:GAAATGATCCCTGACT	GC04T	3135.0	991	0.10685805	Tumor	P4	Fibroblasts	Fib_3	-4.4487814903259295	4.75786542892456
GC04T:GAACATCGTCCGTCAG	GC04T	3193.0	1122	0.08675227	Tumor	P4	Fibroblasts	Fib_4	-5.37441205978394	4.02386093139648
GC04T:GAACCTATCTCGATGA	GC04T	7012.0	2220	0.043639474	Tumor	P4	Fibroblasts	Fib_2	-4.73210287094116	10.286337852478
GC04T:GAACCTATCTGCCAGG	GC04T	1345.0	735	0.12267658	Tumor	P4	Endothelial cells	Endo_1	12.602803230285598	-1.19845521450043
GC04T:GAACGGAAGATAGTCA	GC04T	1331.0	730	0.088655144	Tumor	P4	Fibroblasts	Fib_4	-6.80303525924683	2.61865782737732
GC04T:GAAGCAGGTGGACGAT	GC04T	5270.0	1780	0.05597723	Tumor	P4	Fibroblasts	Fib_1	-6.99247932434082	7.9462776184082005
GC04T:GAATAAGAGGAGTACC	GC04T	3540.0	1656	0.040112995	Tumor	P4	Endothelial cells	Endo_2	8.92963600158691	-3.1647744178772004
GC04T:GAATGAACACCAGTTA	GC04T	7711.0	2530	0.047334976	Tumor	P4	Fibroblasts	Fib_2	-5.14791250228882	10.620816230773901
GC04T:GAATGAACACGACGAA	GC04T	7160.0	2403	0.04706704	Tumor	P4	Fibroblasts	Fib_2	-4.87319040298462	10.821991920471199
GC04T:GACAGAGCACCAGCAC	GC04T	4135.0	1353	0.18887545	Tumor	P4	Smooth muscle cells	SMC_2	-3.6004490852355997	-13.970971107482901
GC04T:GACGCGTAGTTGTCGT	GC04T	4470.0	1705	0.08590604	Tumor	P4	Fibroblasts	Fib_1	-6.7774968147277805	6.64475297927856
GC04T:GACGTGCTCTAACTGG	GC04T	2175.0	1163	0.03264368	Tumor	P4	Endothelial cells	Endo_2	10.267522811889599	-4.23050498962402
GC04T:GACGTTAAGCGTAGTG	GC04T	2258.0	982	0.057573073	Tumor	P4	Fibroblasts	Fib_2	-3.74057674407959	9.31092166900635
GC04T:GACTGCGGTCGGCATC	GC04T	1694.0	943	0.08205431	Tumor	P4	Endothelial cells	Endo_2	8.9824161529541	-3.2501521110534703
GC04T:GAGTCCGTCTCTGTCG	GC04T	5975.0	2104	0.061422594	Tumor	P4	Fibroblasts	Fib_2	-6.70532083511353	9.2728157043457
GC04T:GATCAGTGTGCACGAA	GC04T	5895.0	2277	0.055301104	Tumor	P4	Endothelial cells	Endo_2	9.17067813873291	-3.03030776977539
GC04T:GATCGATAGATCACGG	GC04T	3329.0	1174	0.20186242	Tumor	P4	Endothelial cells	Endo_2	9.01160526275635	-4.1505856513977095
GC04T:GATCGATTCGCATGAT	GC04T	6821.0	2207	0.053511214	Tumor	P4	Endothelial cells	Endo_3	10.350545883178699	2.42009782791138
GC04T:GATCTAGAGGCAGGTT	GC04T	2990.0	1512	0.079264216	Tumor	P4	Endothelial cells	Endo_1	12.817028999328599	-1.7052322626113898
GC04T:GATCTAGCACTTAAGC	GC04T	4134.0	1451	0.047169812	Tumor	P4	Fibroblasts	Fib_1	-6.792828559875491	5.54550695419312
GC04T:GATCTAGGTCTAGCGC	GC04T	4434.0	1597	0.06923771	Tumor	P4	Fibroblasts	Fib_2	-6.0148820877075195	10.4623174667358
GC04T:GATGAAAAGTTATCGC	GC04T	3297.0	1508	0.035790112	Tumor	P4	Fibroblasts	Fib_1	-7.113956451416019	9.29028034210205
GC04T:GATGAAAGTGAGGGAG	GC04T	2683.0	1262	0.06448006	Tumor	P4	Endothelial cells	Endo_2	9.14237117767334	-2.34061622619629
GC04T:GATGAGGCATTCGACA	GC04T	1976.0	1092	0.009109312	Tumor	P4	Endothelial cells	Endo_4	12.206748962402301	-6.8900032043457005
GC04T:GATGAGGTCCACGTTC	GC04T	1139.0	453	0.22563653	Tumor	P4	Fibroblasts	Fib_3	-3.9588382244110094	6.74506950378418
GC04T:GATGCTAAGTGTTAGA	GC04T	7142.0	2823	0.0366844	Tumor	P4	Fibroblasts	Fib_2	-6.51011419296265	10.3177461624146
GC04T:GATGCTATCGTGACAT	GC04T	6132.0	1922	0.05039139	Tumor	P4	Fibroblasts	Fib_4	-6.07200384140015	3.43460369110107
GC04T:GCACTCTAGTATCGAA	GC04T	3185.0	1452	0.108634226	Tumor	P4	Fibroblasts	Fib_2	-6.26285839080811	8.74996280670166
GC04T:GCAGCCAGTCGCTTCT	GC04T	3817.0	1513	0.04558554	Tumor	P4	Fibroblasts	Fib_2	-3.9413640499115004	9.784186363220211
GC04T:GCATGATTCTTCGGTC	GC04T	7592.0	2571	0.03609062	Tumor	P4	Fibroblasts	Fib_2	-5.73517560958862	9.51278686523438
GC04T:GCATGTAGTAGCTTGT	GC04T	5402.0	2408	0.02961866	Tumor	P4	Endothelial cells	Endo_4	12.1632394790649	-7.06182432174683
GC04T:GCCAAATCAATAAGCA	GC04T	2218.0	842	0.19927862	Tumor	P4	Fibroblasts	Fib_3	-3.9447431564331095	6.702823638916019
GC04T:GCCAAATTCGCAGGCT	GC04T	3856.0	1299	0.048236515	Tumor	P4	Fibroblasts	Fib_4	-5.33807945251465	3.9306218624115004
GC04T:GCCTCTAAGCTAAGAT	GC04T	6055.0	2286	0.043104872	Tumor	P4	Fibroblasts	Fib_4	-7.583999156951901	2.73780512809753
GC04T:GCCTCTACACAAGTAA	GC04T	571.0	382	0.057793345	Tumor	P4	Fibroblasts	Fib_3	-3.6870346069335898	8.448680877685549
GC04T:GCGACCAGTAATCGTC	GC04T	2969.0	1384	0.060626473	Tumor	P4	Fibroblasts	Fib_2	-4.78427982330322	10.490304946899402
GC04T:GCGCAACGTTGTCGCG	GC04T	3424.0	1621	0.048189253	Tumor	P4	Endothelial cells	Endo_2	10.6445960998535	-4.5172219276428205
GC04T:GCGCAGTCATACGCCG	GC04T	7938.0	2409	0.046359286	Tumor	P4	Fibroblasts	Fib_4	-8.0031681060791	2.7582151889801003
GC04T:GCGCAGTTCACGGTTA	GC04T	6301.0	2373	0.038724013	Tumor	P4	Fibroblasts	Fib_2	-6.518664360046389	10.3008823394775
GC04T:GCGCGATCACCACGTG	GC04T	2030.0	953	0.08719212	Tumor	P4	Endothelial cells	Endo_2	9.66174030303955	-2.92582368850708
GC04T:GCGGGTTAGGACTGGT	GC04T	7262.0	2220	0.05535665	Tumor	P4	Fibroblasts	Fib_4	-5.88001203536987	2.87689638137817
GC04T:GCGGGTTCAGCTATTG	GC04T	4846.0	1521	0.13144861	Tumor	P4	Fibroblasts	Fib_4	-4.951403617858889	4.21849536895752
GC04T:GCGGGTTTCGTTTATC	GC04T	1535.0	993	0.04495114	Tumor	P4	Endothelial cells	Endo_1	11.4161739349365	1.13519084453583
GC04T:GCTCCTAAGCCCTAAT	GC04T	1318.0	763	0.21016692	Tumor	P4	Endothelial cells	Endo_1	11.225700378417999	-2.55903339385986
GC04T:GCTCCTAAGCGATAGC	GC04T	3964.0	1921	0.05247225	Tumor	P4	Endothelial cells	Endo_2	10.7291507720947	-2.8896410465240496
GC04T:GCTCCTAAGTTTGCGT	GC04T	2758.0	1446	0.13596809	Tumor	P4	Fibroblasts	Fib_1	-6.57251691818237	3.9163169860839804
GC04T:GCTCCTACACCTGGTG	GC04T	8037.0	2609	0.043424163	Tumor	P4	Fibroblasts	Fib_1	-6.52919721603394	4.55053377151489
GC04T:GCTCCTATCTGATTCT	GC04T	2124.0	1009	0.12523541	Tumor	P4	Fibroblasts	Fib_3	-4.1264352798461905	7.60486650466919
GC04T:GCTCTGTAGCCAGTAG	GC04T	11052.0	2831	0.037640247	Tumor	P4	Fibroblasts	Fib_1	-6.07462453842163	4.3065071105957005
GC04T:GCTGCAGAGGTGTTAA	GC04T	3291.0	1691	0.091157705	Tumor	P4	Endothelial cells	Endo_2	9.058478355407711	-4.24512529373169
GC04T:GCTGCGAGTACAGTGG	GC04T	2767.0	1499	0.05854716	Tumor	P4	Myofibroblasts	Myofibroblasts	-8.46347808837891	0.5540101528167719
GC04T:GCTGCGATCCAGTAGT	GC04T	9576.0	2890	0.031119466	Tumor	P4	Fibroblasts	Fib_4	-6.00073480606079	4.0621542930603
GC04T:GCTGCTTGTCGCGTGT	GC04T	1985.0	984	0.09471033	Tumor	P4	Fibroblasts	Fib_3	-4.09746503829956	8.69847679138184
GC04T:GCTTCCATCATAGCAC	GC04T	4478.0	1604	0.049575705	Tumor	P4	Fibroblasts	Fib_2	-5.4931735992431605	10.4040670394897
GC04T:GGAAAGCTCGTACCGG	GC04T	3157.0	1538	0.035476718	Tumor	P4	Endothelial cells	Endo_2	8.77968597412109	-3.60097885131836
GC04T:GGAACTTGTTACGACT	GC04T	4093.0	1617	0.060835574	Tumor	P4	Fibroblasts	Fib_2	-6.41533613204956	9.72829723358154
GC04T:GGAACTTTCAACACAC	GC04T	7867.0	2910	0.049065717	Tumor	P4	Fibroblasts	Fib_1	-7.3955998420715305	7.5585412979126
GC04T:GGAACTTTCGCACTCT	GC04T	6372.0	2098	0.03562461	Tumor	P4	Fibroblasts	Fib_4	-5.888915538787839	2.9863440990448
GC04T:GGAATAAGTCCGAAGA	GC04T	3297.0	1343	0.08492569	Tumor	P4	Fibroblasts	Fib_2	-4.9227762222289995	10.3062906265259
GC04T:GGAATAATCCCGGATG	GC04T	6194.0	1987	0.1903455	Tumor	P4	Smooth muscle cells	SMC_2	-3.61632490158081	-13.909782409667999
GC04T:GGACAAGAGGAGCGAG	GC04T	6652.0	1990	0.03141912	Tumor	P4	Fibroblasts	Fib_4	-5.95099592208862	2.6900219917297403
GC04T:GGACAGATCGTCTGCT	GC04T	3501.0	1581	0.11196801	Tumor	P4	Endothelial cells	Endo_2	9.06258678436279	-2.43580722808838
GC04T:GGACGTCTCCAGGGCT	GC04T	3398.0	1108	0.06945262	Tumor	P4	Fibroblasts	Fib_3	-3.8349392414093	7.20282697677612
GC04T:GGCAATTCAGACGTAG	GC04T	1083.0	628	0.08217913	Tumor	P4	Endothelial cells	Endo_1	10.7902030944824	-2.17795133590698
GC04T:GGCGACTTCCGAATGT	GC04T	4500.0	1579	0.042666666	Tumor	P4	Fibroblasts	Fib_4	-6.53477144241333	2.95254278182983
GC04T:GGCTGGTTCTGGCGAC	GC04T	8025.0	2933	0.030654205	Tumor	P4	Fibroblasts	Fib_1	-7.104321956634519	8.80552387237549
GC04T:GGGAATGAGGTGCACA	GC04T	5218.0	1872	0.045994636	Tumor	P4	Fibroblasts	Fib_4	-6.35163116455078	3.95921397209167
GC04T:GGGACCTAGAGAGCTC	GC04T	5069.0	2053	0.051884	Tumor	P4	Endothelial cells	Endo_1	12.6851100921631	0.22810585796832997
GC04T:GGGACCTCACAGGTTT	GC04T	2255.0	720	0.16496675	Tumor	P4	Fibroblasts	Fib_3	-4.05767488479614	5.345722675323491
GC04T:GGGACCTTCACTTATC	GC04T	4400.0	2014	0.033636365	Tumor	P4	Endothelial cells	Endo_1	11.7782077789307	-2.58889651298523
GC04T:GGGACCTTCTGGTGTA	GC04T	3343.0	1362	0.06551002	Tumor	P4	Fibroblasts	Fib_4	-5.49231243133545	2.66278076171875
GC04T:GGGAGATGTAGCTTGT	GC04T	1443.0	820	0.07068607	Tumor	P4	Fibroblasts	Fib_3	-4.1719503402710005	8.54447841644287
GC04T:GGGATGACAGACACTT	GC04T	895.0	679	0.040223464	Tumor	P4	Endothelial cells	Endo_1	11.135144233703599	-1.54974317550659
GC04T:GGGATGACATCATCCC	GC04T	5407.0	1987	0.05918254	Tumor	P4	Fibroblasts	Fib_1	-6.94747352600098	8.68356895446777
GC04T:GGGATGATCATAGCAC	GC04T	7860.0	2534	0.05139949	Tumor	P4	Fibroblasts	Fib_2	-4.33778095245361	11.073070526122999
GC04T:GGGCACTAGAGTGACC	GC04T	7647.0	2606	0.052177325	Tumor	P4	Fibroblasts	Fib_2	-5.76269340515137	9.527608871459961
GC04T:GGGCACTAGTGCGATG	GC04T	5829.0	1738	0.060216162	Tumor	P4	Fibroblasts	Fib_1	-6.961068630218509	6.63546419143677
GC04T:GGGCACTCATCGACGC	GC04T	4836.0	1993	0.044251446	Tumor	P4	Fibroblasts	Fib_2	-5.78431177139282	10.940209388732901
GC04T:GGGCACTGTCCGAGTC	GC04T	7006.0	2593	0.030973451	Tumor	P4	Fibroblasts	Fib_2	-6.750182628631589	10.2219953536987
GC04T:GGGCACTTCTTACCGC	GC04T	861.0	659	0.038327526	Tumor	P4	Endothelial cells	Endo_1	10.9579429626465	-1.5879901647567702
GC04T:GGGCATCGTCGCCATG	GC04T	4214.0	1354	0.05291884	Tumor	P4	Fibroblasts	Fib_4	-5.34138774871826	3.25862193107605
GC04T:GGGTTGCAGAGTGAGA	GC04T	2284.0	915	0.086690016	Tumor	P4	Fibroblasts	Fib_3	-3.5448446273803698	7.08199405670166
GC04T:GGTATTGCAAAGTCAA	GC04T	8254.0	2601	0.066028595	Tumor	P4	Fibroblasts	Fib_1	-7.28708839416504	8.22340869903564
GC04T:GGTATTGGTATAGGGC	GC04T	7240.0	2751	0.04571823	Tumor	P4	Fibroblasts	Fib_2	-6.9298410415649405	10.0320281982422
GC04T:GGTGAAGTCATGTGGT	GC04T	8171.0	2684	0.04662832	Tumor	P4	Fibroblasts	Fib_4	-7.13640260696411	2.43061137199402
GC04T:GGTGAAGTCTTGGGTA	GC04T	4092.0	1963	0.0471652	Tumor	P4	Fibroblasts	Fib_2	-6.23339176177979	10.0213441848755
GC04T:GGTGCGTTCACGACTA	GC04T	5272.0	2293	0.05785281	Tumor	P4	Fibroblasts	Fib_2	-6.22865438461304	10.210440635681199
GC04T:GTAACTGGTCAACATC	GC04T	6879.0	1754	0.10859136	Tumor	P4	Fibroblasts	Fib_4	-5.03941249847412	4.13716983795166
GC04T:GTACTTTAGCATCATC	GC04T	4512.0	1847	0.14827128	Tumor	P4	Smooth muscle cells	SMC_2	-3.29369449615479	-13.8543481826782
GC04T:GTAGTCAAGGGTCGAT	GC04T	3689.0	1149	0.07427487	Tumor	P4	Fibroblasts	Fib_3	-4.28282022476196	5.02095031738281
GC04T:GTAGTCATCACTTCAT	GC04T	5377.0	2271	0.03180212	Tumor	P4	Endothelial cells	Endo_2	8.337771415710451	-2.98602986335754
GC04T:GTATCTTAGGCATTGG	GC04T	5668.0	2377	0.0455187	Tumor	P4	Endothelial cells	Endo_4	12.437031745910598	-6.48404741287231
GC04T:GTATCTTAGTGTGAAT	GC04T	4663.0	2070	0.040960755	Tumor	P4	Endothelial cells	Endo_2	8.82121753692627	-2.82695698738098
GC04T:GTATTCTTCGGGAGTA	GC04T	4608.0	1945	0.08138021	Tumor	P4	Fibroblasts	Fib_2	-4.8005056381225595	10.9438390731812
GC04T:GTCAAGTAGGCATGTG	GC04T	4263.0	1696	0.051841427	Tumor	P4	Fibroblasts	Fib_2	-4.5693240165710405	10.9098787307739
GC04T:GTCAAGTAGTCACGCC	GC04T	1660.0	606	0.14156626	Tumor	P4	Fibroblasts	Fib_3	-4.1726188659667995	5.11261367797852
GC04T:GTCAAGTCATGGTAGG	GC04T	1332.0	866	0.0518018	Tumor	P4	Fibroblasts	Fib_2	-4.39826250076294	9.7271671295166
GC04T:GTCAAGTTCCGCGGTA	GC04T	3569.0	1626	0.07873354	Tumor	P4	Endothelial cells	Endo_2	8.46285724639893	-3.47733783721924
GC04T:GTCACAAAGTGATCGG	GC04T	3877.0	1804	0.0353366	Tumor	P4	Endothelial cells	Endo_2	9.09163188934326	-1.08308577537537
GC04T:GTCACAATCCAGTAGT	GC04T	7221.0	2246	0.038637307	Tumor	P4	Fibroblasts	Fib_4	-6.62011194229126	2.43443894386292
GC04T:GTCATTTTCTGCTGCT	GC04T	3480.0	1609	0.102011494	Tumor	P4	Endothelial cells	Endo_2	9.34547424316406	-3.02511692047119
GC04T:GTCCTCAAGTCCCACG	GC04T	2605.0	1031	0.098272555	Tumor	P4	Fibroblasts	Fib_4	-5.773188591003421	3.4860231876373304
GC04T:GTCGGGTGTCTGCGGT	GC04T	1418.0	716	0.082510576	Tumor	P4	Smooth muscle cells	SMC_1	0.607345938682556	-10.784273147583
GC04T:GTCGTAAAGGTGCTTT	GC04T	3630.0	1371	0.05757576	Tumor	P4	Fibroblasts	Fib_4	-6.571607112884519	2.56346559524536
GC04T:GTCGTAATCAAGAAGT	GC04T	3029.0	1084	0.10993727	Tumor	P4	Fibroblasts	Fib_2	-3.69481873512268	10.0515623092651
GC04T:GTCTCGTAGTGATCGG	GC04T	1171.0	672	0.08966695	Tumor	P4	Endothelial cells	Endo_1	9.325995445251461	-3.42240047454834
GC04T:GTGAAGGTCTGGAGCC	GC04T	1558.0	642	0.21566111	Tumor	P4	Fibroblasts	Fib_3	-4.840397357940669	4.49522113800049
GC04T:GTGCAGCAGATCACGG	GC04T	913.0	638	0.08324206	Tumor	P4	Endothelial cells	Endo_4	11.4834566116333	-6.55901432037354
GC04T:GTGCAGCAGATCCCAT	GC04T	5371.0	2119	0.07428784	Tumor	P4	Fibroblasts	Fib_1	-7.89963960647583	7.68365287780762
GC04T:GTGCAGCGTACGACCC	GC04T	924.0	539	0.064935066	Tumor	P4	Fibroblasts	Fib_3	-3.7594411373138397	8.63839626312256
GC04T:GTGCATATCTGCAAGT	GC04T	3695.0	1613	0.084979706	Tumor	P4	Endothelial cells	Endo_2	10.8993377685547	-5.41602277755737
GC04T:GTGCTTCCAATAGCAA	GC04T	5029.0	2342	0.06581826	Tumor	P4	Endothelial cells	Endo_1	11.349351882934599	-2.9273633956909197
GC04T:GTGCTTCCAATCCGAT	GC04T	3453.0	1408	0.07906169	Tumor	P4	Fibroblasts	Fib_2	-3.85078167915344	10.051293373107901
GC04T:GTGGGTCTCTGAGTGT	GC04T	2787.0	1459	0.041621815	Tumor	P4	Endothelial cells	Endo_2	10.2746324539185	-3.5861022472381605
GC04T:GTGTGCGAGCTAAGAT	GC04T	1949.0	676	0.15905593	Tumor	P4	Fibroblasts	Fib_3	-4.67374515533447	4.60351085662842
GC04T:GTGTGCGTCCTGTACC	GC04T	3532.0	1535	0.0693658	Tumor	P4	Endothelial cells	Endo_2	8.13683414459229	-2.54072785377502
GC04T:GTGTTAGAGCTGCCCA	GC04T	2153.0	1014	0.13005109	Tumor	P4	Fibroblasts	Fib_4	-6.33957815170288	1.99432849884033
GC04T:GTTAAGCAGATGAGAG	GC04T	3329.0	1538	0.0759988	Tumor	P4	Endothelial cells	Endo_1	-6.755229949951169	6.34888458251953
GC04T:GTTAAGCCAATAACGA	GC04T	5797.0	2086	0.045195792	Tumor	P4	Fibroblasts	Fib_2	-4.20344877243042	10.9471855163574
GC04T:GTTAAGCCAGGTTTCA	GC04T	2407.0	1085	0.07685916	Tumor	P4	Fibroblasts	Fib_4	-6.11438512802124	2.97067666053772
GC04T:GTTAAGCCATCTATGG	GC04T	2468.0	898	0.11871961	Tumor	P4	Fibroblasts	Fib_4	-5.4998025894165	3.37350678443909
GC04T:GTTACAGTCGCCGTGA	GC04T	648.0	350	0.21296297	Tumor	P4	Fibroblasts	Fib_3	-3.2491006851196302	7.705988883972171
GC04T:GTTCATTAGAACTGTA	GC04T	4341.0	1692	0.07786224	Tumor	P4	Fibroblasts	Fib_4	-6.3548884391784695	2.33820676803589
GC04T:GTTCATTAGAGGGATA	GC04T	8315.0	2034	0.06061335	Tumor	P4	Fibroblasts	Fib_4	-5.726083278656009	3.6063687801361097
GC04T:GTTCATTCACATCTTT	GC04T	2554.0	1041	0.12999217	Tumor	P4	Fibroblasts	Fib_3	-3.88370990753174	7.92610216140747
GC04T:GTTCGGGGTGCTTCTC	GC04T	1362.0	568	0.20631425	Tumor	P4	Fibroblasts	Fib_3	-4.68998861312866	4.55628967285156
GC04T:GTTCGGGTCAATACCG	GC04T	4327.0	1727	0.056621216	Tumor	P4	Fibroblasts	Fib_2	-5.6634006500244105	10.3693389892578
GC04T:GTTCTCGCAATCGGTT	GC04T	7092.0	2287	0.04751833	Tumor	P4	Myofibroblasts	Myofibroblasts	-7.60385704040527	0.9756229519844059
GC04T:GTTCTCGCACCCTATC	GC04T	1826.0	805	0.11500548	Tumor	P4	Fibroblasts	Fib_3	-4.01951026916504	7.312726020812991
GC04T:GTTCTCGCAGCCAATT	GC04T	809.0	418	0.11372064	Tumor	P4	Fibroblasts	Fib_3	-3.41880869865417	6.93955850601196
GC04T:GTTTCTAAGCACCGTC	GC04T	8182.0	2841	0.030188218	Tumor	P4	Endothelial cells	Endo_3	9.74238204956055	3.18360161781311
GC04T:TAAGCGTCACCAGGCT	GC04T	4084.0	1814	0.031096963	Tumor	P4	Endothelial cells	Endo_2	9.17198276519775	-2.8096182346344
GC04T:TAAGCGTTCACGGTTA	GC04T	2907.0	1357	0.05985552	Tumor	P4	Fibroblasts	Fib_2	-6.95682954788208	8.11957263946533
GC04T:TACACGATCGTTACGA	GC04T	4571.0	2059	0.031940494	Tumor	P4	Endothelial cells	Endo_4	11.7693681716919	-6.83376264572144
GC04T:TACAGTGAGGCAGGTT	GC04T	1656.0	683	0.13647343	Tumor	P4	Fibroblasts	Fib_3	-3.8401703834533705	8.37855625152588
GC04T:TACCTTAAGTGTCCCG	GC04T	6670.0	2342	0.052923538	Tumor	P4	Fibroblasts	Fib_1	-6.759118556976321	5.517083644866941
GC04T:TACCTTATCCACGTGG	GC04T	2967.0	1229	0.05628581	Tumor	P4	Fibroblasts	Fib_4	-6.3554515838623	2.92127275466919
GC04T:TACCTTATCGGCTACG	GC04T	4227.0	1594	0.041400522	Tumor	P4	Fibroblasts	Fib_2	-5.382858753204349	9.46507263183594
GC04T:TACGGATAGCGCTTAT	GC04T	4514.0	1700	0.06557377	Tumor	P4	Fibroblasts	Fib_4	-6.16104555130005	4.34556293487549
GC04T:TACGGATGTCTGCAAT	GC04T	3486.0	1720	0.047332186	Tumor	P4	Endothelial cells	Endo_2	8.883131980896	-3.37287735939026
GC04T:TACGGATTCTTAACCT	GC04T	2089.0	1173	0.052178077	Tumor	P4	Endothelial cells	Endo_2	9.70609760284424	-4.07529258728027
GC04T:TACGGTAGTACACCGC	GC04T	7351.0	1878	0.15970616	Tumor	P4	Fibroblasts	Fib_4	-6.8026447296142605	2.5222628116607697
GC04T:TACGGTATCAACACAC	GC04T	6355.0	2134	0.06325728	Tumor	P4	Fibroblasts	Fib_4	-5.728295803070071	2.56398725509644
GC04T:TACTCATAGAAACCGC	GC04T	7691.0	2472	0.06475101	Tumor	P4	Fibroblasts	Fib_2	-6.7406110763549805	7.05394840240479
GC04T:TACTCGCAGGTGACCA	GC04T	2702.0	1342	0.08142117	Tumor	P4	Endothelial cells	Endo_4	12.3234968185425	-6.72412300109863
GC04T:TACTTACTCTGTTGAG	GC04T	4636.0	1976	0.042062122	Tumor	P4	Endothelial cells	Endo_2	8.30152130126953	-2.55292844772339
GC04T:TACTTGTGTTGCTCCT	GC04T	4828.0	1421	0.07560066	Tumor	P4	Fibroblasts	Fib_3	-4.5315847396850595	4.65347003936768
GC04T:TACTTGTTCTTGCCGT	GC04T	5998.0	2070	0.032844283	Tumor	P4	Fibroblasts	Fib_2	-6.820716381073001	9.27725696563721
GC04T:TAGACCAAGTATCTCG	GC04T	2307.0	705	0.11573472	Tumor	P4	Fibroblasts	Fib_3	-4.19976758956909	5.322078227996831
GC04T:TAGCCGGGTCCATCCT	GC04T	3668.0	1522	0.10523446	Tumor	P4	Endothelial cells	Endo_1	12.6242990493774	-2.05388593673706
GC04T:TAGCCGGTCTCTTGAT	GC04T	3179.0	1601	0.07423718	Tumor	P4	Myofibroblasts	Myofibroblasts	-8.12465476989746	0.613220393657684
GC04T:TAGGCATCAAAGGCGT	GC04T	7009.0	2710	0.06534456	Tumor	P4	Endothelial cells	Endo_1	12.3108129501343	0.659565269947052
GC04T:TATCAGGAGGTGCTTT	GC04T	6735.0	2375	0.035040833	Tumor	P4	Fibroblasts	Fib_2	-5.76532411575317	10.835287094116199
GC04T:TATCTCAAGAGTGACC	GC04T	2763.0	1128	0.1208831	Tumor	P4	Fibroblasts	Fib_4	-5.33415269851685	2.97631788253784
GC04T:TATCTCACACTCGACG	GC04T	7300.0	2512	0.03849315	Tumor	P4	Fibroblasts	Fib_1	-7.2078533172607395	8.920166015625
GC04T:TATCTCATCGGAAATA	GC04T	2505.0	1318	0.04710579	Tumor	P4	Endothelial cells	Endo_2	10.128451347351099	-2.8226473331451403
GC04T:TATGCCCAGTGTACTC	GC04T	1624.0	723	0.114532016	Tumor	P4	Fibroblasts	Fib_4	-7.23160457611084	3.34730267524719
GC04T:TATGCCCCACGAAATA	GC04T	3275.0	1449	0.065648854	Tumor	P4	Fibroblasts	Fib_2	-5.3768138885498	10.6239404678345
GC04T:TATGCCCGTTATGTGC	GC04T	4077.0	1597	0.06867795	Tumor	P4	Endothelial cells	Endo_1	11.7609510421753	1.0994211435318
GC04T:TATTACCAGTAGGCCA	GC04T	1471.0	661	0.28552005	Tumor	P4	Fibroblasts	Fib_3	-4.55841398239136	8.63057518005371
GC04T:TATTACCCAGGTTTCA	GC04T	8170.0	2673	0.028396573	Tumor	P4	Fibroblasts	Fib_4	-6.87147665023804	2.2288596630096404
GC04T:TCAATCTCAGGACGTA	GC04T	5849.0	2193	0.15301761	Tumor	P4	Endothelial cells	Endo_2	9.21899032592773	-2.76506233215332
GC04T:TCACGAACACGAAAGC	GC04T	2382.0	1111	0.091939546	Tumor	P4	Fibroblasts	Fib_3	-4.15265083312988	9.42631816864014
GC04T:TCAGATGTCAGTTTGG	GC04T	1844.0	940	0.18709327	Tumor	P4	Endothelial cells	Endo_1	10.7809724807739	-2.8814146518707298
GC04T:TCAGATGTCGTTTATC	GC04T	5624.0	2155	0.039473683	Tumor	P4	Fibroblasts	Fib_1	-6.63185834884644	3.78344941139221
GC04T:TCAGATGTCTTGAGAC	GC04T	6070.0	1981	0.061943986	Tumor	P4	Fibroblasts	Fib_1	-6.781681060791019	6.5703449249267605
GC04T:TCAGCTCTCGCAAGCC	GC04T	2333.0	1293	0.082297474	Tumor	P4	Fibroblasts	Fib_2	-6.021076202392581	8.96065902709961
GC04T:TCAGGATAGTTCGCGC	GC04T	1272.0	709	0.0668239	Tumor	P4	Endothelial cells	Endo_2	8.58071136474609	-1.8799738883972201
GC04T:TCAGGTAAGCCCGAAA	GC04T	7905.0	2589	0.039848197	Tumor	P4	Fibroblasts	Fib_4	-7.67362833023071	2.7276225090026895
GC04T:TCAGGTACAAGTAATG	GC04T	7232.0	2609	0.061670355	Tumor	P4	Fibroblasts	Fib_2	-4.926233291625981	10.897179603576697
GC04T:TCATTACGTCATGCAT	GC04T	713.0	493	0.0911641	Tumor	P4	Myofibroblasts	Myofibroblasts	-8.50801086425781	0.5814272165298461
GC04T:TCATTTGAGAATGTGT	GC04T	8754.0	2909	0.03427005	Tumor	P4	Fibroblasts	Fib_4	-6.2723064422607395	1.8154305219650302
GC04T:TCATTTGTCACGAAGG	GC04T	6743.0	2219	0.040041525	Tumor	P4	Fibroblasts	Fib_2	-7.51240587234497	8.8585958480835
GC04T:TCGCGAGCACGACTCG	GC04T	4278.0	1754	0.050490882	Tumor	P4	Fibroblasts	Fib_2	-6.171401500701901	8.88070201873779
GC04T:TCGCGTTTCGGTTAAC	GC04T	938.0	556	0.1076759	Tumor	P4	Endothelial cells	Endo_1	10.0672025680542	-2.4242467880249
GC04T:TCGGGACCATTTGCTT	GC04T	5649.0	2043	0.060364667	Tumor	P4	Fibroblasts	Fib_1	-6.57704257965088	4.141686916351319
GC04T:TCGGGACGTCTCTCTG	GC04T	4684.0	1726	0.047181897	Tumor	P4	Fibroblasts	Fib_4	-6.8350334167480495	2.58271646499634
GC04T:TCGTACCGTATCACCA	GC04T	8017.0	2679	0.05201447	Tumor	P4	Fibroblasts	Fib_4	-8.890401840209961	3.0726161003112797
GC04T:TCGTACCGTGCAGTAG	GC04T	3630.0	1455	0.06831956	Tumor	P4	Fibroblasts	Fib_2	-4.19658327102661	10.652501106262198
GC04T:TCGTACCTCATCTGCC	GC04T	6198.0	2202	0.096160054	Tumor	P4	Endothelial cells	Endo_1	12.148615837097198	-1.9821416139602699
GC04T:TCTATTGCATGCGCAC	GC04T	3450.0	1349	0.032753624	Tumor	P4	Fibroblasts	Fib_2	-4.84642457962036	9.6203727722168
GC04T:TCTATTGGTCGATTGT	GC04T	1321.0	790	0.12793338	Tumor	P4	Fibroblasts	Fib_3	-4.42629718780518	9.52237224578857
GC04T:TCTCATAAGATGTGTA	GC04T	5398.0	1995	0.047239717	Tumor	P4	Fibroblasts	Fib_4	-6.153686046600339	2.14716362953186
GC04T:TCTGAGAGTGCACTTA	GC04T	5354.0	2049	0.087598056	Tumor	P4	Fibroblasts	Fib_5	-11.195533752441401	2.78602886199951
GC04T:TCTGAGATCCTCAATT	GC04T	6074.0	2530	0.046921305	Tumor	P4	Fibroblasts	Fib_2	-6.9511194229126	9.9942512512207
GC04T:TCTGGAAAGCACCGTC	GC04T	5696.0	2065	0.05933989	Tumor	P4	Fibroblasts	Fib_4	-6.2477593421936	2.3858067989349396
GC04T:TCTGGAAAGTGTCCAT	GC04T	3385.0	1385	0.065878876	Tumor	P4	Fibroblasts	Fib_2	-4.461058616638179	10.9545993804932
GC04T:TCTGGAATCGCTAGCG	GC04T	4828.0	1433	0.053438276	Tumor	P4	Fibroblasts	Fib_4	-6.0134449005127	3.5284056663513197
GC04T:TCTTTCCAGCCCAGCT	GC04T	3178.0	1170	0.08842039	Tumor	P4	Fibroblasts	Fib_1	-7.17488098144531	6.43597316741943
GC04T:TCTTTCCAGTTCGCGC	GC04T	2673.0	965	0.11185934	Tumor	P4	Fibroblasts	Fib_4	-5.40861511230469	4.0378155708313
GC04T:TCTTTCCTCCGTACAA	GC04T	1371.0	519	0.18307805	Tumor	P4	Fibroblasts	Fib_3	-3.88029789924622	6.79889678955078
GC04T:TGAAAGATCTTGTCAT	GC04T	8509.0	2841	0.042778235	Tumor	P4	Fibroblasts	Fib_2	-5.56774091720581	9.237321853637699
GC04T:TGACAACTCGCGTAGC	GC04T	3627.0	1532	0.044389304	Tumor	P4	Fibroblasts	Fib_2	-4.48195266723633	10.3648738861084
GC04T:TGACGGCTCCTTGACC	GC04T	3538.0	1658	0.03815715	Tumor	P4	Endothelial cells	Endo_2	10.2234039306641	-2.47932505607605
GC04T:TGACTTTTCCTCTAGC	GC04T	7854.0	2493	0.035395976	Tumor	P4	Fibroblasts	Fib_1	-6.82277059555054	6.52894926071167
GC04T:TGAGAGGGTTAAGTAG	GC04T	8777.0	2801	0.040104818	Tumor	P4	Fibroblasts	Fib_4	-6.92973327636719	2.36808919906616
GC04T:TGAGCATCAAGCGATG	GC04T	5859.0	2184	0.055640895	Tumor	P4	Fibroblasts	Fib_2	-6.63596487045288	10.3754730224609
GC04T:TGAGCCGGTGCGAAAC	GC04T	5757.0	2177	0.053500086	Tumor	P4	Fibroblasts	Fib_2	-4.17506694793701	10.5363512039185
GC04T:TGAGCCGTCCCAAGTA	GC04T	6832.0	2272	0.044203747	Tumor	P4	Fibroblasts	Fib_1	-7.47632598876953	7.41829109191895
GC04T:TGAGCCGTCTTCATGT	GC04T	5140.0	1848	0.06011673	Tumor	P4	Fibroblasts	Fib_4	-5.72884798049927	2.2481644153595
GC04T:TGAGGGATCAGAGACG	GC04T	3548.0	1603	0.09441939	Tumor	P4	Endothelial cells	Endo_1	11.1579170227051	-2.5229249000549303
GC04T:TGCCCTACAATAGAGT	GC04T	4347.0	1507	0.0731539	Tumor	P4	Fibroblasts	Fib_4	-5.93605613708496	3.34270834922791
GC04T:TGCCCTAGTCCAGTGC	GC04T	3559.0	1129	0.05900534	Tumor	P4	Fibroblasts	Fib_3	-4.19412803649902	5.32905435562134
GC04T:TGCGCAGAGTGGGTTG	GC04T	6507.0	1998	0.0381128	Tumor	P4	Fibroblasts	Fib_1	-6.1395969390869105	4.12090826034546
GC04T:TGCGGGTCAAACAACA	GC04T	6319.0	1891	0.05412249	Tumor	P4	Fibroblasts	Fib_4	-7.0926718711853	2.5707826614379905
GC04T:TGCGGGTTCGGTCTAA	GC04T	4018.0	1904	0.038576405	Tumor	P4	Endothelial cells	Endo_1	12.0763807296753	-2.33247184753418
GC04T:TGCGTGGAGTGAAGAG	GC04T	4783.0	2152	0.03449718	Tumor	P4	Endothelial cells	Endo_2	9.879167556762699	-2.84970259666443
GC04T:TGCGTGGTCATAAAGG	GC04T	4886.0	2059	0.057101924	Tumor	P4	Fibroblasts	Fib_5	-11.4110498428345	2.6115140914917
GC04T:TGCGTGGTCTGTCCGT	GC04T	4316.0	1811	0.053753477	Tumor	P4	Endothelial cells	Endo_2	8.54557228088379	-1.9821950197219802
GC04T:TGCTACCCACAGACTT	GC04T	5568.0	2056	0.038074713	Tumor	P4	Fibroblasts	Fib_2	-4.22508859634399	10.727992057800302
GC04T:TGCTGCTGTCACCCAG	GC04T	1839.0	1208	0.019032083	Tumor	P4	Endothelial cells	Endo_1	11.227663993835401	-2.1360981464386
GC04T:TGGCGCAAGCTTTGGT	GC04T	5584.0	2227	0.044949856	Tumor	P4	Endothelial cells	Endo_1	11.156867027282699	-1.45971632003784
GC04T:TGGCGCACAGACAAAT	GC04T	4843.0	1786	0.069172	Tumor	P4	Endothelial cells	Endo_3	10.5707273483276	2.15226888656616
GC04T:TGGGCGTAGTGAATTG	GC04T	4124.0	1537	0.055043645	Tumor	P4	Fibroblasts	Fib_4	-6.83897829055786	2.41571712493896
GC04T:TGGGCGTGTAAATGTG	GC04T	3257.0	1364	0.038685907	Tumor	P4	Fibroblasts	Fib_2	-5.31916761398315	10.287449836731
GC04T:TGGTTAGTCCACGACG	GC04T	10066.0	3182	0.039340355	Tumor	P4	Endothelial cells	Endo_3	8.34941291809082	3.18266224861145
GC04T:TGTATTCTCAACGAAA	GC04T	1776.0	799	0.076576576	Tumor	P4	Fibroblasts	Fib_1	-7.39328908920288	6.94368457794189
GC04T:TGTATTCTCTTAGCCC	GC04T	5506.0	1826	0.062477298	Tumor	P4	Fibroblasts	Fib_4	-6.17928028106689	2.6891431808471697
GC04T:TGTCCCACAGGGTACA	GC04T	3676.0	1711	0.019858541	Tumor	P4	Endothelial cells	Endo_2	8.447268486022951	-2.40453028678894
GC04T:TGTCCCATCAATCACG	GC04T	1292.0	689	0.14396285	Tumor	P4	Endothelial cells	Endo_1	9.58810615539551	-1.5947148799896202
GC04T:TGTGGTATCATCATTC	GC04T	709.0	385	0.2919605	Tumor	P4	Endothelial cells	Endo_1	11.0014495849609	-0.718733191490173
GC04T:TGTGTTTCATCGTCGG	GC04T	3547.0	1605	0.05243868	Tumor	P4	Endothelial cells	Endo_2	8.8248233795166	-3.70154786109924
GC04T:TGTGTTTTCGTTGCCT	GC04T	2463.0	984	0.10759237	Tumor	P4	Fibroblasts	Fib_4	-5.873276233673099	3.35977554321289
GC04T:TTAACTCAGCTAAACA	GC04T	1334.0	715	0.17016491	Tumor	P4	Smooth muscle cells	SMC_1	-1.4680722951889	-10.5539255142212
GC04T:TTAACTCTCAGCTTAG	GC04T	3388.0	1410	0.066706024	Tumor	P4	Fibroblasts	Fib_2	-6.42061281204224	9.283060073852539
GC04T:TTAGGACAGCTGATAA	GC04T	2150.0	921	0.1372093	Tumor	P4	Fibroblasts	Fib_3	-3.7872588634491002	8.16340446472168
GC04T:TTAGGACAGGGCTTGA	GC04T	5749.0	2080	0.03757175	Tumor	P4	Fibroblasts	Fib_2	-5.27650308609009	9.89053058624268
GC04T:TTAGTTCTCTCCAGGG	GC04T	7719.0	2751	0.048970073	Tumor	P4	Endothelial cells	Endo_2	9.4883279800415	-2.57798910140991
GC04T:TTATGCTTCGATAGAA	GC04T	1946.0	957	0.16957863	Tumor	P4	Fibroblasts	Fib_3	-7.435307502746579	2.71523213386536
GC04T:TTCCCAGAGTGCGTGA	GC04T	2780.0	1275	0.037769783	Tumor	P4	Fibroblasts	Fib_2	-6.014739990234379	10.228816986084
GC04T:TTCCCAGTCGCTTGTC	GC04T	6503.0	2326	0.050899584	Tumor	P4	Fibroblasts	Fib_2	-7.193292140960691	9.577595710754391
GC04T:TTCGAAGAGTGACTCT	GC04T	2931.0	1345	0.075059704	Tumor	P4	Fibroblasts	Fib_2	-6.65267133712769	9.896220207214359
GC04T:TTCGGTCCACCAGTTA	GC04T	6027.0	2149	0.039986726	Tumor	P4	Fibroblasts	Fib_2	-6.1784977912902805	9.19134902954102
GC04T:TTCTCCTAGTTTGCGT	GC04T	3428.0	1635	0.04142357	Tumor	P4	Endothelial cells	Endo_2	9.26701736450195	-2.43410873413086
GC04T:TTGAACGTCTCTAAGG	GC04T	5469.0	2236	0.10038398	Tumor	P4	Smooth muscle cells	SMC_1	-0.0134643008932471	-10.7526025772095
GC04T:TTGACTTTCCTCATTA	GC04T	3738.0	1654	0.056447297	Tumor	P4	Fibroblasts	Fib_4	-7.88343048095703	2.68461418151855
GC04T:TTGCCGTAGGGTATCG	GC04T	2011.0	752	0.064644456	Tumor	P4	Fibroblasts	Fib_1	-6.28060340881348	5.91598176956177
GC04T:TTGCCGTTCCTTGACC	GC04T	3661.0	1335	0.05217154	Tumor	P4	Fibroblasts	Fib_2	-3.69382905960083	9.547319412231449
GC04T:TTGCGTCCATACCATG	GC04T	7577.0	2367	0.108750165	Tumor	P4	Fibroblasts	Fib_2	-4.736871242523191	10.934446334838901
GC04T:TTGCGTCTCCCTAATT	GC04T	2440.0	1131	0.07540984	Tumor	P4	Endothelial cells	Endo_1	9.048810958862301	-2.24747252464294
GC04T:TTGGAACAGATCCCAT	GC04T	800.0	431	0.16875	Tumor	P4	Fibroblasts	Fib_3	-3.2653822898864706	8.51710510253906
GC04T:TTGGAACAGTGGGTTG	GC04T	698.0	452	0.16332377	Tumor	P4	Myofibroblasts	Myofibroblasts	-8.3978099822998	0.392697155475616
GC04T:TTGTAGGGTACAGTGG	GC04T	1137.0	429	0.16534741	Tumor	P4	Fibroblasts	Fib_3	-3.5677506923675497	6.288116455078121
GC04T:TTGTAGGGTTAGGGTG	GC04T	1292.0	541	0.18575852	Tumor	P4	Fibroblasts	Fib_3	-3.9305264949798597	7.0268049240112305
GC04T:TTTACTGAGTATCGAA	GC04T	5860.0	2074	0.04880546	Tumor	P4	Fibroblasts	Fib_4	-7.24310207366943	2.50957489013672
GC04T:TTTCCTCCATGAACCT	GC04T	5698.0	2294	0.055633556	Tumor	P4	Fibroblasts	Fib_1	-7.8033747673034695	7.97792625427246
GC04T:TTTGGTTCACTATCTT	GC04T	1809.0	791	0.057490326	Tumor	P4	Fibroblasts	Fib_3	-3.9811806678772004	6.1094708442688
GC04T:TTTGGTTTCCCTCAGT	GC04T	2327.0	1143	0.04813064	Tumor	P4	Fibroblasts	Fib_2	-6.040594577789309	10.3175230026245
GC04T:TTTGTCACAGCTGTTA	GC04T	2002.0	1078	0.13286713	Tumor	P4	Fibroblasts	Fib_2	-5.98954963684082	10.1545381546021
GC04T:TTTGTCATCATCATTC	GC04T	6108.0	2092	0.0448592	Tumor	P4	Fibroblasts	Fib_2	-6.60760164260864	9.56351947784424
GC05T:AAACCTGAGGGTTCCC	GC05T	5137.0	1950	0.041658554	Tumor	P5	Fibroblasts	Fib_2	-4.31274127960205	10.187523841857901
GC05T:ACGCCGAAGACATAAC	GC05T	2903.0	1409	0.08439545	Tumor	P5	Fibroblasts	Fib_2	-5.40656852722168	11.2259044647217
GC05T:AGACGTTAGGCCCTCA	GC05T	4505.0	1454	0.08834628	Tumor	P5	Fibroblasts	Fib_2	-4.29598569869995	10.707405090332001
GC05T:AGCTTGAGTAGCGATG	GC05T	5092.0	1817	0.07855459	Tumor	P5	Fibroblasts	Fib_3	-3.80196475982666	8.05920886993408
GC05T:CACCAGGAGCCAACAG	GC05T	7082.0	2205	0.06325897	Tumor	P5	Fibroblasts	Fib_2	-4.40276956558228	10.4850959777832
GC05T:CCTAAAGTCGCGCCAA	GC05T	1957.0	970	0.2406745	Tumor	P5	Smooth muscle cells	SMC_1	-0.309535264968872	-10.8588542938232
GC05T:CGTAGCGGTAGCTTGT	GC05T	5219.0	2073	0.062272467	Tumor	P5	Fibroblasts	Fib_2	-4.35834693908691	10.584115028381301
GC05T:CGTCTACCATGCCCGA	GC05T	3317.0	1586	0.10913476	Tumor	P5	Myofibroblasts	Myofibroblasts	-8.13858604431152	0.656974792480469
GC05T:TCGCGAGAGCCACCTG	GC05T	4611.0	2016	0.060724355	Tumor	P5	Smooth muscle cells	SMC_1	0.0210306327790022	-10.4727325439453
GC05T:TGAGAGGTCCGCGCAA	GC05T	4021.0	1635	0.032827653	Tumor	P5	Fibroblasts	Fib_2	-5.1708078384399405	10.149290084838901
GC05T:TGGTTAGTCCGAAGAG	GC05T	6373.0	2196	0.12537266	Tumor	P5	Fibroblasts	Fib_2	-5.04084730148315	10.881307601928699
GC06P:AAACCTGCACATAACC	GC06P	537.0	332	0.16014898	Paratumor	P6	Fibroblasts	Fib_4	-7.28874015808105	3.3995418548583998
GC06P:AAACCTGCAGGGTACA	GC06P	5855.0	1947	0.06063194	Paratumor	P6	Fibroblasts	Fib_5	-10.062313079834	3.53322005271912
GC06P:AAACCTGGTCTGGAGA	GC06P	4757.0	1585	0.10636956	Paratumor	P6	Smooth muscle cells	SMC_2	-4.83002424240112	-13.0025987625122
GC06P:AAAGATGAGAACAACT	GC06P	8830.0	2921	0.042015854	Paratumor	P6	Fibroblasts	Fib_4	-5.1602611541748	2.51885509490967
GC06P:AAAGATGTCCCGGATG	GC06P	6692.0	2180	0.07680813	Paratumor	P6	Fibroblasts	Fib_5	-9.89187049865723	3.45648407936096
GC06P:AAAGCAAAGCGATCCC	GC06P	2193.0	873	0.11992704	Paratumor	P6	Fibroblasts	Fib_5	-11.2876234054565	3.04551529884338
GC06P:AAAGCAAGTGGTCCGT	GC06P	1359.0	742	0.14716704	Paratumor	P6	Fibroblasts	Fib_4	-5.8339939117431605	3.1648013591766397
GC06P:AAATGCCGTACTTCTT	GC06P	8542.0	2928	0.027276983	Paratumor	P6	Fibroblasts	Fib_4	-5.57214260101318	1.7823246717453
GC06P:AAATGCCTCGTAGATC	GC06P	556.0	313	0.1852518	Paratumor	P6	Fibroblasts	Fib_4	-7.58757781982422	3.2192628383636497
GC06P:AACCGCGCATAGTAAG	GC06P	5336.0	2099	0.0745877	Paratumor	P6	Endothelial cells	Endo_2	8.908811569213869	-2.1623775959014897
GC06P:AACGTTGAGATGCGAC	GC06P	5961.0	2369	0.108035564	Paratumor	P6	Smooth muscle cells	SMC_1	-1.10335040092468	-12.9479284286499
GC06P:AACGTTGGTAAATGTG	GC06P	6426.0	2359	0.042950515	Paratumor	P6	Fibroblasts	Fib_4	-5.318602561950679	2.54757356643677
GC06P:AACTCAGGTTTGGGCC	GC06P	4746.0	2031	0.042772863	Paratumor	P6	Endothelial cells	Endo_2	9.32607746124268	-4.37993860244751
GC06P:AACTCCCTCAACGGGA	GC06P	1090.0	577	0.22385322	Paratumor	P6	Myofibroblasts	Myofibroblasts	-8.06017398834229	0.38498932123184204
GC06P:AACTCTTCAGCCTTTC	GC06P	6222.0	2150	0.05319833	Paratumor	P6	Fibroblasts	Fib_4	-5.250104427337651	2.11646580696106
GC06P:AACTCTTGTCGAATCT	GC06P	1531.0	838	0.0914435	Paratumor	P6	Endothelial cells	Endo_1	9.86957836151123	-0.72923618555069
GC06P:AACTCTTTCGTGACAT	GC06P	5057.0	1767	0.07929602	Paratumor	P6	Smooth muscle cells	SMC_2	-4.71508264541626	-12.2110233306885
GC06P:AACTGGTCAAGAAGAG	GC06P	2203.0	1139	0.11030413	Paratumor	P6	Fibroblasts	Fib_2	-5.88963985443115	10.391312599182099
GC06P:AACTGGTGTACAGTGG	GC06P	4737.0	1659	0.23200338	Paratumor	P6	Endothelial cells	Endo_2	8.06331729888916	-3.72405219078064
GC06P:AACTTTCGTATCAGTC	GC06P	6829.0	2153	0.054473568	Paratumor	P6	Fibroblasts	Fib_4	-5.950067520141599	3.1898951530456503
GC06P:AAGGAGCAGCTAGCCC	GC06P	1751.0	1016	0.1016562	Paratumor	P6	Endothelial cells	Endo_3	10.0427303314209	2.90164303779602
GC06P:AATCCAGGTTTGCATG	GC06P	567.0	397	0.024691358	Paratumor	P6	Endothelial cells	Endo_1	9.3755464553833	1.27851593494415
GC06P:AATCGGTAGTCCCACG	GC06P	1031.0	612	0.11251213	Paratumor	P6	Endothelial cells	Endo_1	9.78343391418457	-1.73914885520935
GC06P:ACACCAAAGCCCAGCT	GC06P	4260.0	1854	0.050469484	Paratumor	P6	Endothelial cells	Endo_2	8.12648105621338	-2.36606502532959
GC06P:ACACCAACAGTCGATT	GC06P	7754.0	2363	0.05932422	Paratumor	P6	Fibroblasts	Fib_5	-9.816325187683109	3.3037500381469704
GC06P:ACACCAAGTGCACTTA	GC06P	4273.0	1999	0.11116312	Paratumor	P6	Fibroblasts	Fib_2	-5.62485218048096	11.0272760391235
GC06P:ACACCAATCAATCTCT	GC06P	2004.0	1027	0.15968063	Paratumor	P6	Endothelial cells	Endo_2	10.279613494873	-4.11197900772095
GC06P:ACACCAATCCAAATGC	GC06P	11199.0	3733	0.028216805	Paratumor	P6	Fibroblasts	Fib_4	-5.7915210723877	2.01213717460632
GC06P:ACACTGACATGGTCAT	GC06P	9369.0	2965	0.02209414	Paratumor	P6	Fibroblasts	Fib_5	-11.425342559814501	3.1108181476593
GC06P:ACACTGAGTGAAAGAG	GC06P	3907.0	1868	0.024059381	Paratumor	P6	Endothelial cells	Endo_4	11.440173149108901	-6.15743637084961
GC06P:ACAGCTAAGGCGCTCT	GC06P	12749.0	3868	0.03074751	Paratumor	P6	Fibroblasts	Fib_4	-5.781732559204099	2.28656840324402
GC06P:ACATACGAGCGTCAAG	GC06P	1333.0	799	0.10727682	Paratumor	P6	Fibroblasts	Fib_2	-6.178753852844241	10.4480028152466
GC06P:ACATACGGTCCAGTTA	GC06P	4914.0	1971	0.04884005	Paratumor	P6	Endothelial cells	Endo_2	8.69745254516602	-3.44896459579468
GC06P:ACATACGGTCCGTGAC	GC06P	3149.0	1261	0.20038107	Paratumor	P6	Endothelial cells	Endo_2	8.31131172180176	-4.15150833129883
GC06P:ACATACGGTGTTTGTG	GC06P	12936.0	3402	0.0847248	Paratumor	P6	Fibroblasts	Fib_5	-10.485237121582001	3.1126492023468
GC06P:ACATACGTCCTACAGA	GC06P	8581.0	2659	0.062347047	Paratumor	P6	Fibroblasts	Fib_4	-9.76096820831299	3.26949906349182
GC06P:ACATCAGCAATGGACG	GC06P	3525.0	1620	0.093333334	Paratumor	P6	Endothelial cells	Endo_2	7.8082914352417	-3.46100354194641
GC06P:ACCCACTAGCTTTGGT	GC06P	5157.0	2084	0.040527437	Paratumor	P6	Endothelial cells	Endo_2	8.77325820922852	-2.87688064575195
GC06P:ACCCACTCATAACCTG	GC06P	9452.0	3442	0.044540837	Paratumor	P6	Endothelial cells	Endo_2	9.744424819946289	-3.0081591606140097
GC06P:ACCCACTGTTAAGGGC	GC06P	4193.0	1787	0.124493204	Paratumor	P6	Endothelial cells	Endo_2	8.08354091644287	-3.86319947242737
GC06P:ACCCACTTCTTCTGGC	GC06P	1081.0	643	0.051803887	Paratumor	P6	Fibroblasts	Fib_4	-7.433823108673099	2.64555740356445
GC06P:ACCGTAACAAGCGAGT	GC06P	9711.0	3027	0.044691585	Paratumor	P6	Smooth muscle cells	SMC_1	0.372896671295166	-10.5486898422241
GC06P:ACCGTAATCATTGCGA	GC06P	3349.0	1435	0.119140044	Paratumor	P6	Fibroblasts	Fib_5	-10.7096242904663	2.6309015750885
GC06P:ACGAGGACAGCTTCGG	GC06P	7470.0	2205	0.049263723	Paratumor	P6	Fibroblasts	Fib_5	-11.5821943283081	2.73211240768433
GC06P:ACGAGGACATTACCTT	GC06P	2815.0	1376	0.07211368	Paratumor	P6	Endothelial cells	Endo_2	8.46584033966064	-3.65215134620667
GC06P:ACGATACAGACTAGAT	GC06P	3452.0	1458	0.07531866	Paratumor	P6	Endothelial cells	Endo_2	7.7675685882568395	-3.29167580604553
GC06P:ACGATACAGATGTCGG	GC06P	534.0	334	0.25093633	Paratumor	P6	Endothelial cells	Endo_1	10.268967628479	-3.51213264465332
GC06P:ACGATACCAGCTCGAC	GC06P	666.0	307	0.2987988	Paratumor	P6	Fibroblasts	Fib_3	-4.14566087722778	8.13846492767334
GC06P:ACGATGTCATTGGCGC	GC06P	580.0	407	0.005172414	Paratumor	P6	Endothelial cells	Endo_1	9.71450614929199	-1.3916715383529699
GC06P:ACGATGTTCCAAACTG	GC06P	3925.0	1407	0.1133758	Paratumor	P6	Fibroblasts	Fib_4	-9.58597373962402	3.31638288497925
GC06P:ACGCCGAGTGCATCTA	GC06P	3708.0	1704	0.080636464	Paratumor	P6	Endothelial cells	Endo_2	7.8574743270874	-3.13044261932373
GC06P:ACGGGCTAGACGACGT	GC06P	6178.0	1840	0.065717064	Paratumor	P6	Fibroblasts	Fib_5	-10.8236436843872	2.65640068054199
GC06P:ACGGGCTAGAGTAAGG	GC06P	565.0	354	0.1840708	Paratumor	P6	Endothelial cells	Endo_1	9.99647235870361	-1.2005031108856201
GC06P:ACGGGCTTCCTTGCCA	GC06P	3911.0	1731	0.023012018	Paratumor	P6	Endothelial cells	Endo_2	8.31796455383301	-2.9805316925048797
GC06P:ACGGGCTTCGAATCCA	GC06P	3546.0	1698	0.021996615	Paratumor	P6	Endothelial cells	Endo_2	8.50945377349854	-3.1511046886444105
GC06P:ACGTCAATCAGCACAT	GC06P	6329.0	2648	0.01943435	Paratumor	P6	Endothelial cells	Endo_4	11.660006523132301	-6.36117219924927
GC06P:ACGTCAATCGAGAACG	GC06P	18798.0	4596	0.030003192	Paratumor	P6	Endothelial cells	Endo_2	8.5049991607666	-2.69160079956055
GC06P:ACTATCTTCCTCCTAG	GC06P	2727.0	1228	0.15254858	Paratumor	P6	Fibroblasts	Fib_5	-10.357579231262198	2.5195913314819305
GC06P:ACTGAACTCTTGTCAT	GC06P	3467.0	1510	0.16354197	Paratumor	P6	Endothelial cells	Endo_2	8.3979549407959	-3.87044882774353
GC06P:ACTGATGAGCGTAGTG	GC06P	2888.0	1265	0.048822716	Paratumor	P6	Fibroblasts	Fib_5	-10.281710624694801	3.3106713294982897
GC06P:ACTGATGAGTGAACAT	GC06P	4650.0	1927	0.097849466	Paratumor	P6	Fibroblasts	Fib_4	-5.62216567993164	1.84816598892212
GC06P:ACTGTCCAGATGAGAG	GC06P	6643.0	2588	0.021074815	Paratumor	P6	Endothelial cells	Endo_2	8.58472442626953	-2.64222049713135
GC06P:ACTGTCCCAGCCTTTC	GC06P	4233.0	1750	0.054571226	Paratumor	P6	Fibroblasts	Fib_2	-4.76056814193726	10.873206138610803
GC06P:ACTGTCCCATTAACCG	GC06P	1335.0	711	0.14756554	Paratumor	P6	Fibroblasts	Fib_4	-6.651981353759769	3.07037138938904
GC06P:ACTTTCAAGACAGACC	GC06P	14831.0	4128	0.032634348	Paratumor	P6	Fibroblasts	Fib_4	-5.52357816696167	2.24239611625671
GC06P:AGAATAGGTGCTAGCC	GC06P	2717.0	1208	0.108575635	Paratumor	P6	Smooth muscle cells	SMC_1	0.0441022142767906	-11.845479011535598
GC06P:AGACGTTGTCTCCACT	GC06P	7785.0	2387	0.028131021	Paratumor	P6	Fibroblasts	Fib_5	-10.828059196472198	2.8396227359771697
GC06P:AGAGTGGAGCCGGTAA	GC06P	10521.0	2967	0.032126226	Paratumor	P6	Fibroblasts	Fib_4	-4.95600652694702	3.0025238990783705
GC06P:AGAGTGGAGGGTTCCC	GC06P	4175.0	1919	0.061556887	Paratumor	P6	Endothelial cells	Endo_1	10.7145204544067	-2.71929717063904
GC06P:AGAGTGGAGTACGTAA	GC06P	3666.0	1420	0.18085106	Paratumor	P6	Smooth muscle cells	SMC_2	-4.34818315505981	-13.626606941223098
GC06P:AGATCTGGTATCAGTC	GC06P	3061.0	1428	0.05717086	Paratumor	P6	Endothelial cells	Endo_2	7.81807470321655	-3.1196074485778795
GC06P:AGCAGCCTCGTTACAG	GC06P	4301.0	1987	0.035108116	Paratumor	P6	Fibroblasts	Fib_2	-5.2876486778259295	10.2926816940308
GC06P:AGCATACAGGTACTCT	GC06P	10282.0	3318	0.0781949	Paratumor	P6	Endothelial cells	Endo_3	8.69841575622559	3.11505937576294
GC06P:AGCATACAGTGTTAGA	GC06P	2249.0	1202	0.07558915	Paratumor	P6	Endothelial cells	Endo_4	11.672046661377001	-7.02414798736572
GC06P:AGCATACTCTTACCTA	GC06P	7111.0	2525	0.03614119	Paratumor	P6	Fibroblasts	Fib_4	-5.28059673309326	2.6269550323486297
GC06P:AGCCTAACACGAAAGC	GC06P	9385.0	3155	0.06510389	Paratumor	P6	Endothelial cells	Endo_2	7.87625932693481	-2.77512526512146
GC06P:AGCGTATTCTTGTTTG	GC06P	6735.0	2331	0.070675574	Paratumor	P6	Fibroblasts	Fib_4	-5.4796028137207005	1.9486540555954
GC06P:AGCGTCGAGGATGGAA	GC06P	4674.0	1810	0.046213094	Paratumor	P6	Endothelial cells	Endo_3	10.178656578063999	2.71931433677673
GC06P:AGCGTCGCAAGACGTG	GC06P	4066.0	1526	0.060993604	Paratumor	P6	Fibroblasts	Fib_4	-5.20966291427612	3.35806059837341
GC06P:AGCTTGAAGCCAACAG	GC06P	3214.0	1691	0.12258867	Paratumor	P6	Endothelial cells	Endo_2	10.1288251876831	-2.85755085945129
GC06P:AGCTTGACAGATGGGT	GC06P	4582.0	2058	0.034046266	Paratumor	P6	Endothelial cells	Endo_2	8.45110511779785	-3.07348680496216
GC06P:AGCTTGAGTGTAACGG	GC06P	2187.0	1101	0.087791495	Paratumor	P6	Fibroblasts	Fib_4	-5.823359489440921	3.01307272911072
GC06P:AGGCCGTAGAGAACAG	GC06P	733.0	509	0.109140515	Paratumor	P6	Endothelial cells	Endo_4	11.538471221923801	-7.204458713531491
GC06P:AGGCCGTGTGGGTATG	GC06P	6943.0	2599	0.023044793	Paratumor	P6	Fibroblasts	Fib_2	-5.90328741073608	10.7616662979126
GC06P:AGGGAGTCACCGCTAG	GC06P	3743.0	1719	0.053967405	Paratumor	P6	Endothelial cells	Endo_2	8.753443717956541	-3.50345063209534
GC06P:AGGGATGCATGGATGG	GC06P	2408.0	942	0.17815615	Paratumor	P6	Fibroblasts	Fib_5	-10.408989906311001	3.0949950218200697
GC06P:AGGGTGAGTAAATGAC	GC06P	4891.0	2132	0.023512574	Paratumor	P6	Endothelial cells	Endo_2	9.32060718536377	-3.95041728019714
GC06P:AGGGTGATCGATCCCT	GC06P	3559.0	1505	0.17308232	Paratumor	P6	Endothelial cells	Endo_2	8.93573474884033	-3.5400009155273398
GC06P:AGTAGTCGTTATGCGT	GC06P	6001.0	2207	0.07048825	Paratumor	P6	Fibroblasts	Fib_4	-10.0744380950928	2.42086863517761
GC06P:AGTCTTTCATTAGCCA	GC06P	2304.0	1095	0.118489586	Paratumor	P6	Fibroblasts	Fib_2	-5.36200475692749	9.104616165161131
GC06P:AGTCTTTGTTCGTTGA	GC06P	8334.0	2992	0.024118071	Paratumor	P6	Endothelial cells	Endo_2	9.54850006103516	-2.5638630390167205
GC06P:AGTCTTTTCCCATTTA	GC06P	746.0	450	0.117962465	Paratumor	P6	Smooth muscle cells	SMC_2	-3.3516480922698997	-13.4298715591431
GC06P:AGTGGGACATCAGTCA	GC06P	4000.0	1701	0.0605	Paratumor	P6	Fibroblasts	Fib_2	-5.48518562316895	9.40985107421875
GC06P:AGTGTCAGTCGAATCT	GC06P	4293.0	1948	0.050314464	Paratumor	P6	Endothelial cells	Endo_2	9.248459815979	-3.32132625579834
GC06P:AGTTGGTCATTAGGCT	GC06P	5655.0	2214	0.06648983	Paratumor	P6	Endothelial cells	Endo_2	9.62165641784668	-2.5360777378082298
GC06P:ATAAGAGCACGGCGTT	GC06P	1997.0	882	0.15423134	Paratumor	P6	Endothelial cells	Endo_2	8.57619476318359	-3.6259534358978303
GC06P:ATAAGAGGTTGCGTTA	GC06P	1111.0	549	0.21872187	Paratumor	P6	Smooth muscle cells	SMC_1	-2.9079327583313	-12.1224536895752
GC06P:ATAGACCCAGACGTAG	GC06P	22815.0	4924	0.03436336	Paratumor	P6	Fibroblasts	Fib_4	-5.03154039382935	2.1556949615478502
GC06P:ATCACGATCTTGCAAG	GC06P	3365.0	1576	0.06894502	Paratumor	P6	Fibroblasts	Fib_2	-4.79778146743774	10.923214912414599
GC06P:ATCATCTAGCTAGTGG	GC06P	3886.0	1977	0.019300051	Paratumor	P6	Endothelial cells	Endo_4	11.713951110839801	-6.43485355377197
GC06P:ATCATGGGTTGTCGCG	GC06P	7293.0	2378	0.03537639	Paratumor	P6	Fibroblasts	Fib_4	-5.60691118240356	2.34591603279114
GC06P:ATCCACCTCGTGGGAA	GC06P	4309.0	2034	0.061267115	Paratumor	P6	Endothelial cells	Endo_2	8.63835620880127	-2.10167932510376
GC06P:ATCCGAAAGCGTTTAC	GC06P	3465.0	1536	0.09090909	Paratumor	P6	Endothelial cells	Endo_2	10.939547538757301	-5.71190643310547
GC06P:ATCTACTAGGCCCTTG	GC06P	3514.0	1599	0.021058623	Paratumor	P6	Endothelial cells	Endo_2	9.69184589385986	-4.52738046646118
GC06P:ATCTACTAGGCCGAAT	GC06P	8290.0	2616	0.03908323	Paratumor	P6	Fibroblasts	Fib_2	-5.62292337417603	8.53139686584473
GC06P:ATCTACTCAGGAATGC	GC06P	7998.0	2771	0.04176044	Paratumor	P6	Endothelial cells	Endo_3	8.35841369628906	3.29894018173218
GC06P:ATCTACTGTCCGACGT	GC06P	9690.0	3033	0.029411765	Paratumor	P6	Fibroblasts	Fib_4	-4.93674564361572	2.39317917823792
GC06P:ATCTGCCTCCCACTTG	GC06P	3251.0	1547	0.05136881	Paratumor	P6	Endothelial cells	Endo_2	8.288539886474611	-3.82797122001648
GC06P:ATGAGGGAGTTAGGTA	GC06P	2070.0	1144	0.062801935	Paratumor	P6	Fibroblasts	Fib_2	-3.7741823196411097	9.91338634490967
GC06P:ATGAGGGGTTAAGATG	GC06P	6444.0	2066	0.038019862	Paratumor	P6	Fibroblasts	Fib_5	-11.4704332351685	2.7634243965148904
GC06P:ATGAGGGGTTAGAACA	GC06P	3028.0	1297	0.07331572	Paratumor	P6	Endothelial cells	Endo_3	8.85460472106934	3.28900694847107
GC06P:ATGGGAGAGCTAGCCC	GC06P	3454.0	1275	0.061378114	Paratumor	P6	Fibroblasts	Fib_5	-10.363470077514599	2.86623620986938
GC06P:ATGGGAGCACTTACGA	GC06P	3118.0	1432	0.10679923	Paratumor	P6	Fibroblasts	Fib_4	-6.303856372833249	2.29127812385559
GC06P:ATTACTCCACGGACAA	GC06P	8001.0	2252	0.22797151	Paratumor	P6	Endothelial cells	Endo_3	8.87910270690918	3.20824432373047
GC06P:ATTATCCAGCTCAACT	GC06P	10261.0	2958	0.05447812	Paratumor	P6	Fibroblasts	Fib_5	-9.81109237670898	3.4314723014831503
GC06P:ATTATCCAGTGCTGCC	GC06P	4206.0	1843	0.027341893	Paratumor	P6	Endothelial cells	Endo_4	11.7255258560181	-7.51464319229126
GC06P:ATTCTACAGTATGACA	GC06P	3650.0	1777	0.020821918	Paratumor	P6	Endothelial cells	Endo_2	8.34358310699463	-3.5762901306152304
GC06P:ATTCTACCATGTTGAC	GC06P	9324.0	3016	0.11443587	Paratumor	P6	Endothelial cells	Endo_2	9.93867301940918	-4.79721212387085
GC06P:ATTTCTGTCGAACGGA	GC06P	4547.0	1643	0.063338466	Paratumor	P6	Fibroblasts	Fib_4	-4.91792774200439	3.4570298194885294
GC06P:CAACCAAAGACGCAAC	GC06P	4973.0	2099	0.073597424	Paratumor	P6	Fibroblasts	Fib_2	-5.89480018615723	10.597203254699698
GC06P:CAACCAACAGCCTTTC	GC06P	3957.0	1787	0.022491787	Paratumor	P6	Endothelial cells	Endo_2	8.46359443664551	-2.1750304698944096
GC06P:CAACCAACAGTATGCT	GC06P	6933.0	2368	0.035194	Paratumor	P6	Endothelial cells	Endo_3	8.19676208496094	3.6301593780517596
GC06P:CAACCTCTCGGTTAAC	GC06P	6321.0	2315	0.08210726	Paratumor	P6	Endothelial cells	Endo_2	7.96848392486572	-3.12862634658813
GC06P:CAAGAAAGTAAACGCG	GC06P	2201.0	1218	0.032258064	Paratumor	P6	Endothelial cells	Endo_4	11.6291027069092	-7.1918220520019505
GC06P:CAAGAAAGTAGGCATG	GC06P	1940.0	1026	0.085051544	Paratumor	P6	Fibroblasts	Fib_4	-6.6753215789794895	2.85922360420227
GC06P:CAAGATCAGCGCTCCA	GC06P	3603.0	1680	0.04107688	Paratumor	P6	Endothelial cells	Endo_2	8.06369304656982	-2.9871232509612997
GC06P:CAAGTTGGTACATCCA	GC06P	1823.0	933	0.2035107	Paratumor	P6	Fibroblasts	Fib_4	-4.844918251037599	3.08350586891174
GC06P:CACAAACAGCCCGAAA	GC06P	6973.0	2309	0.26502222	Paratumor	P6	Fibroblasts	Fib_4	-10.0890703201294	2.96528387069702
GC06P:CACAAACTCCTGTACC	GC06P	11428.0	3182	0.045939796	Paratumor	P6	Fibroblasts	Fib_5	-11.344799041747999	3.33883953094482
GC06P:CACACAAGTGAAAGAG	GC06P	3321.0	1553	0.048780486	Paratumor	P6	Fibroblasts	Fib_2	-4.282249450683589	10.660677909851099
GC06P:CACACCTGTTATGCGT	GC06P	8241.0	2974	0.03373377	Paratumor	P6	Fibroblasts	Fib_2	-6.852044582366941	10.0553102493286
GC06P:CACAGGCAGTTACGGG	GC06P	2685.0	1494	0.041713223	Paratumor	P6	Fibroblasts	Fib_2	-5.355216026306151	11.167842864990199
GC06P:CACAGTATCCGTAGGC	GC06P	5721.0	2270	0.026568782	Paratumor	P6	Endothelial cells	Endo_2	10.068097114563	-4.52932548522949
GC06P:CACATAGCATTGTGCA	GC06P	4711.0	1980	0.08320951	Paratumor	P6	Endothelial cells	Endo_2	8.97516441345215	-2.3946938514709504
GC06P:CACCACTAGGATGGTC	GC06P	8098.0	2351	0.16312669	Paratumor	P6	Fibroblasts	Fib_4	-9.92606163024902	3.1590738296508802
GC06P:CACCTTGAGACAAAGG	GC06P	4923.0	2298	0.027422303	Paratumor	P6	Endothelial cells	Endo_4	12.139078140258801	-6.71484184265137
GC06P:CACTCCATCAGCCTAA	GC06P	3616.0	1701	0.049502213	Paratumor	P6	Endothelial cells	Endo_2	8.29086017608643	-2.25446248054504
GC06P:CACTCCATCTTAGCCC	GC06P	2050.0	1051	0.0697561	Paratumor	P6	Endothelial cells	Endo_2	9.19021511077881	-4.19772005081177
GC06P:CAGAATCTCGCTAGCG	GC06P	1949.0	924	0.19651103	Paratumor	P6	Endothelial cells	Endo_3	8.26335048675537	3.61184763908386
GC06P:CAGATCAAGGAGTAGA	GC06P	8571.0	3021	0.048769105	Paratumor	P6	Endothelial cells	Endo_3	10.171941757202099	1.94597780704498
GC06P:CAGATCAGTCTCTCGT	GC06P	5016.0	2148	0.046251994	Paratumor	P6	Fibroblasts	Fib_2	-5.8086872100830105	9.57152843475342
GC06P:CAGCGACCATGTCGAT	GC06P	7110.0	2379	0.041350212	Paratumor	P6	Fibroblasts	Fib_4	-5.48995733261108	2.52385807037354
GC06P:CAGCTGGCATGCTAGT	GC06P	5951.0	2465	0.024197614	Paratumor	P6	Fibroblasts	Fib_2	-5.22564649581909	11.174897193908699
GC06P:CAGCTGGGTTGGACCC	GC06P	573.0	331	0.21116929	Paratumor	P6	Fibroblasts	Fib_3	-3.25053906440735	8.53065776824951
GC06P:CAGCTGGTCAGTTAGC	GC06P	824.0	421	0.2803398	Paratumor	P6	Fibroblasts	Fib_3	-4.43730211257935	8.85737419128418
GC06P:CAGTAACTCAAGGTAA	GC06P	3386.0	1217	0.076196104	Paratumor	P6	Smooth muscle cells	SMC_2	-4.42943429946899	-12.4089803695679
GC06P:CATATTCTCAGCTCTC	GC06P	4137.0	1903	0.13608895	Paratumor	P6	Endothelial cells	Endo_3	10.507162094116199	2.8121712207794203
GC06P:CATCAAGGTGGTCTCG	GC06P	3105.0	1294	0.042512078	Paratumor	P6	Fibroblasts	Fib_3	-3.8394250869751	8.50285816192627
GC06P:CATCGAACACATGGGA	GC06P	2925.0	1231	0.1323077	Paratumor	P6	Endothelial cells	Endo_2	8.35330200195312	-3.72315621376038
GC06P:CATCGAACATCGGACC	GC06P	3879.0	1868	0.043052334	Paratumor	P6	Fibroblasts	Fib_2	-6.055227756500241	10.740473747253402
GC06P:CATCGGGCAGGTCTCG	GC06P	9941.0	3270	0.03480535	Paratumor	P6	Endothelial cells	Endo_2	10.8334712982178	-5.5006999969482395
GC06P:CATCGGGGTTGAGTTC	GC06P	740.0	316	0.16081081	Paratumor	P6	Fibroblasts	Fib_3	-3.5343010425567596	6.44798946380615
GC06P:CATGACAGTACAGCAG	GC06P	5895.0	2067	0.11721798	Paratumor	P6	Fibroblasts	Fib_1	-6.85907411575317	4.81929111480713
GC06P:CATGACAGTACTTGAC	GC06P	3793.0	1854	0.07092012	Paratumor	P6	Fibroblasts	Fib_2	-5.64302158355713	11.013978958129899
GC06P:CATGCCTTCGACGGAA	GC06P	9114.0	2987	0.04761905	Paratumor	P6	Endothelial cells	Endo_3	8.44742584228516	3.76539516448975
GC06P:CATGGCGGTCGCGGTT	GC06P	7256.0	2089	0.048511576	Paratumor	P6	Fibroblasts	Fib_5	-10.2356214523315	3.11270475387573
GC06P:CATTATCGTGACTACT	GC06P	2039.0	970	0.22658166	Paratumor	P6	Fibroblasts	Fib_2	-5.459405899047849	10.6141786575317
GC06P:CATTCGCTCGCAGGCT	GC06P	18572.0	3825	0.030099073	Paratumor	P6	Fibroblasts	Fib_5	-11.346795082092301	3.6614556312561
GC06P:CCAGCGACAGATCGGA	GC06P	2871.0	1257	0.13061652	Paratumor	P6	Endothelial cells	Endo_2	8.296154022216799	-3.79096746444702
GC06P:CCATGTCAGTTCGCAT	GC06P	801.0	354	0.20349564	Paratumor	P6	Fibroblasts	Fib_3	-3.71021223068237	6.85291528701782
GC06P:CCCAATCAGATGCCTT	GC06P	1642.0	790	0.14494519	Paratumor	P6	Endothelial cells	Endo_1	9.68691730499268	-3.65487384796143
GC06P:CCCAATCTCATGTCTT	GC06P	2517.0	1375	0.05601907	Paratumor	P6	Fibroblasts	Fib_2	-6.4452633857727095	10.522850990295401
GC06P:CCCAGTTTCCGCTGTT	GC06P	7825.0	2485	0.03769968	Paratumor	P6	Fibroblasts	Fib_4	-9.68146800994873	3.2590591907501203
GC06P:CCCATACTCATCGCTC	GC06P	1323.0	786	0.057445202	Paratumor	P6	Fibroblasts	Fib_2	-5.54515027999878	11.0143184661865
GC06P:CCCATACTCCGTTGCT	GC06P	3774.0	1346	0.026497085	Paratumor	P6	Fibroblasts	Fib_5	-10.832667350769	2.6932258605957
GC06P:CCGGGATTCAGAGACG	GC06P	6201.0	2111	0.12159329	Paratumor	P6	Fibroblasts	Fib_4	-4.94881153106689	2.40176606178284
GC06P:CCGGGATTCTGTCAAG	GC06P	4636.0	1967	0.06557377	Paratumor	P6	Endothelial cells	Endo_2	7.885051727294919	-2.96443510055542
GC06P:CCGGTAGCACCGAATT	GC06P	3989.0	1714	0.10478817	Paratumor	P6	Endothelial cells	Endo_2	8.91925048828125	-4.127766132354741
GC06P:CCGTACTCAGACTCGC	GC06P	3305.0	1812	0.035098337	Paratumor	P6	Fibroblasts	Fib_2	-6.93664312362671	10.0243072509766
GC06P:CCGTGGAAGCTCAACT	GC06P	505.0	300	0.22178218	Paratumor	P6	Endothelial cells	Endo_1	9.95484352111816	-1.05854797363281
GC06P:CCGTGGATCATCACCC	GC06P	2244.0	1075	0.106506236	Paratumor	P6	Endothelial cells	Endo_2	7.895782470703121	-3.4422345161438
GC06P:CCGTTCATCCAGAAGG	GC06P	2678.0	1397	0.0776699	Paratumor	P6	Endothelial cells	Endo_2	9.48304271697998	-3.14630484580994
GC06P:CCTAAAGGTAACGACG	GC06P	2239.0	1169	0.086199194	Paratumor	P6	Endothelial cells	Endo_2	8.55021286010742	-3.70665502548218
GC06P:CCTAAAGTCCTCAATT	GC06P	7647.0	2932	0.035700273	Paratumor	P6	Fibroblasts	Fib_4	-5.756592273712161	2.00913572311401
GC06P:CCTACCATCTGACCTC	GC06P	5396.0	1838	0.053372867	Paratumor	P6	Fibroblasts	Fib_4	-5.0469651222229	3.41692900657654
GC06P:CCTAGCTCAAAGGAAG	GC06P	8709.0	2937	0.056148812	Paratumor	P6	Fibroblasts	Fib_4	-6.58536148071289	2.07564973831177
GC06P:CCTAGCTCATAAAGGT	GC06P	2026.0	1095	0.07650543	Paratumor	P6	Endothelial cells	Endo_4	12.498751640319801	-6.3337264060974094
GC06P:CCTCAGTAGAAACCTA	GC06P	1224.0	774	0.066176474	Paratumor	P6	Fibroblasts	Fib_3	-4.53978157043457	9.53990650177002
GC06P:CCTCAGTAGCGTGAAC	GC06P	3795.0	1627	0.060079053	Paratumor	P6	Endothelial cells	Endo_2	7.81663465499878	-2.9884681701660196
GC06P:CCTCAGTCAGTCAGCC	GC06P	5719.0	2061	0.060674943	Paratumor	P6	Fibroblasts	Fib_4	-8.98585891723633	3.0200223922729506
GC06P:CCTCAGTTCATGCAAC	GC06P	3054.0	1524	0.02881467	Paratumor	P6	Endothelial cells	Endo_2	8.80600643157959	-3.4086654186248797
GC06P:CCTTCCCAGATCCGAG	GC06P	6260.0	2597	0.025239617	Paratumor	P6	Endothelial cells	Endo_4	11.8066253662109	-6.54414510726929
GC06P:CCTTTCTTCTGAGTGT	GC06P	4848.0	2045	0.05878713	Paratumor	P6	Endothelial cells	Endo_2	8.36710166931152	-3.42957758903503
GC06P:CGAACATTCCTAGTGA	GC06P	1212.0	773	0.07343234	Paratumor	P6	Endothelial cells	Endo_1	10.0731172561646	-2.7553939819335898
GC06P:CGAATGTTCAACGGCC	GC06P	3541.0	1736	0.030782266	Paratumor	P6	Endothelial cells	Endo_4	12.2661867141724	-6.65496492385864
GC06P:CGATGGCAGTCCCACG	GC06P	6542.0	2525	0.079639256	Paratumor	P6	Endothelial cells	Endo_4	11.010618209838901	-5.67919731140137
GC06P:CGATGGCCAGGCTCAC	GC06P	6434.0	2090	0.083618276	Paratumor	P6	Fibroblasts	Fib_5	-11.225822448730499	3.157790184021
GC06P:CGATGTAGTGCCTGCA	GC06P	5296.0	2268	0.036442596	Paratumor	P6	Endothelial cells	Endo_2	7.98642730712891	-3.2462189197540297
GC06P:CGCCAAGAGACTGGGT	GC06P	2199.0	1164	0.079581626	Paratumor	P6	Endothelial cells	Endo_2	8.69789123535156	-3.77600955963135
GC06P:CGCGGTAAGCGTGAGT	GC06P	4681.0	1672	0.1431318	Paratumor	P6	Smooth muscle cells	SMC_2	-4.4973726272583	-13.3694200515747
GC06P:CGCGTTTCAAGTCTGT	GC06P	5466.0	2024	0.08799854	Paratumor	P6	Fibroblasts	Fib_4	-6.00258302688599	1.67360520362854
GC06P:CGCGTTTCACATCTTT	GC06P	3155.0	1250	0.124564186	Paratumor	P6	Fibroblasts	Fib_5	-10.4346113204956	2.52574253082275
GC06P:CGCGTTTGTTCCCGAG	GC06P	509.0	339	0.12770137	Paratumor	P6	Endothelial cells	Endo_1	9.942057609558109	-1.0727227926254301
GC06P:CGCTATCCACAGCCCA	GC06P	2391.0	979	0.265161	Paratumor	P6	Smooth muscle cells	SMC_2	-3.5996117591857897	-13.1894874572754
GC06P:CGCTATCCACCCATTC	GC06P	8253.0	2746	0.03610808	Paratumor	P6	Fibroblasts	Fib_4	-5.86891841888428	2.28596305847168
GC06P:CGCTATCTCCTCCTAG	GC06P	5756.0	2182	0.044475332	Paratumor	P6	Fibroblasts	Fib_4	-5.233256816864009	2.57255363464355
GC06P:CGCTGGAAGTCAAGGC	GC06P	5945.0	2364	0.030950379	Paratumor	P6	Fibroblasts	Fib_2	-5.67425537109375	9.75726318359375
GC06P:CGCTTCAAGTGTACGG	GC06P	4649.0	1749	0.19272962	Paratumor	P6	Endothelial cells	Endo_2	8.00371932983398	-3.84626364707947
GC06P:CGCTTCAGTCCGTCAG	GC06P	10297.0	2886	0.049917452	Paratumor	P6	Fibroblasts	Fib_5	-10.539023399353	3.44605851173401
GC06P:CGCTTCAGTCTCCACT	GC06P	5329.0	2268	0.029273786	Paratumor	P6	Endothelial cells	Endo_2	8.7545337677002	-2.68661642074585
GC06P:CGCTTCATCTGCTGTC	GC06P	4537.0	1940	0.042318713	Paratumor	P6	Endothelial cells	Endo_2	8.00385093688965	-3.05938625335693
GC06P:CGGAGCTAGAGCTATA	GC06P	8427.0	2462	0.030734545	Paratumor	P6	Endothelial cells	Endo_3	8.71706104278564	2.73439717292786
GC06P:CGGAGCTAGTGTCCAT	GC06P	1723.0	974	0.050493326	Paratumor	P6	Fibroblasts	Fib_2	-6.07634162902832	10.2419328689575
GC06P:CGGAGCTTCTTAACCT	GC06P	7305.0	2742	0.034907598	Paratumor	P6	Endothelial cells	Endo_2	8.35270214080811	-2.65702867507935
GC06P:CGGCTAGGTCTAACGT	GC06P	6056.0	2274	0.07397622	Paratumor	P6	Fibroblasts	Fib_4	-5.917987823486331	1.96876978874207
GC06P:CGGGTCAAGGGATCTG	GC06P	6223.0	2525	0.030853286	Paratumor	P6	Endothelial cells	Endo_2	10.1859350204468	-4.68741989135742
GC06P:CGTAGCGTCCTCAATT	GC06P	2667.0	1341	0.08998875	Paratumor	P6	Endothelial cells	Endo_2	7.91321563720703	-3.4088726043701203
GC06P:CGTCACTGTGATAAGT	GC06P	4512.0	1901	0.09507979	Paratumor	P6	Smooth muscle cells	SMC_1	-1.30048191547394	-13.1197919845581
GC06P:CGTCACTTCCCAAGAT	GC06P	12212.0	3308	0.026367508	Paratumor	P6	Fibroblasts	Fib_4	-5.12726593017578	2.6330258846283
GC06P:CGTCAGGGTTGGTTTG	GC06P	1313.0	751	0.06549886	Paratumor	P6	Endothelial cells	Endo_1	9.465333938598631	-2.13273191452026
GC06P:CGTCCATCACCTCGTT	GC06P	8947.0	2931	0.028836481	Paratumor	P6	Fibroblasts	Fib_4	-4.83875417709351	2.3859496116638197
GC06P:CGTCCATTCTGCCAGG	GC06P	6659.0	2784	0.04024628	Paratumor	P6	Endothelial cells	Endo_4	12.389782905578599	-6.61318397521973
GC06P:CGTCTACTCTATCGCC	GC06P	6361.0	2039	0.047476813	Paratumor	P6	Fibroblasts	Fib_4	-5.999383449554441	2.55472850799561
GC06P:CGTGTCTCATAAAGGT	GC06P	3180.0	1443	0.028616352	Paratumor	P6	Endothelial cells	Endo_4	11.9832315444946	-7.1886701583862305
GC06P:CGTTGGGAGAGATGAG	GC06P	3370.0	1596	0.047774483	Paratumor	P6	Endothelial cells	Endo_2	8.76173686981201	-3.6713557243347203
GC06P:CGTTGGGAGTGCCATT	GC06P	4675.0	1670	0.2404278	Paratumor	P6	Endothelial cells	Endo_2	8.021312713623049	-4.01715421676636
GC06P:CGTTGGGTCTCGTATT	GC06P	3858.0	1736	0.049507517	Paratumor	P6	Fibroblasts	Fib_2	-5.775866508483889	9.76557922363281
GC06P:CTAATGGGTTCAGACT	GC06P	2345.0	1358	0.052452024	Paratumor	P6	Fibroblasts	Fib_4	-9.45195579528809	3.0194690227508505
GC06P:CTACATTAGTTTGCGT	GC06P	2695.0	1140	0.15992579	Paratumor	P6	Endothelial cells	Endo_3	9.84509563446045	2.76266574859619
GC06P:CTACCCACACCACCAG	GC06P	9661.0	2847	0.028050926	Paratumor	P6	Fibroblasts	Fib_5	-10.8105945587158	3.53874754905701
GC06P:CTACCCACACCCTATC	GC06P	670.0	418	0.18507463	Paratumor	P6	Fibroblasts	Fib_3	-4.36348676681519	9.19840717315674
GC06P:CTACGTCGTAGAGTGC	GC06P	2648.0	1161	0.06646526	Paratumor	P6	Fibroblasts	Fib_4	-5.41132307052612	2.37548685073853
GC06P:CTACGTCTCATGTAGC	GC06P	12214.0	3676	0.027755035	Paratumor	P6	Fibroblasts	Fib_4	-5.66847562789917	1.98597872257233
GC06P:CTCATTAGTAGTACCT	GC06P	1822.0	942	0.072996706	Paratumor	P6	Endothelial cells	Endo_2	8.84338283538818	-3.22120499610901
GC06P:CTCGAAAAGGTGCTTT	GC06P	1299.0	641	0.29407236	Paratumor	P6	Fibroblasts	Fib_2	-5.76783847808838	8.54715633392334
GC06P:CTCGAGGCACGGCGTT	GC06P	3335.0	1603	0.04167916	Paratumor	P6	Endothelial cells	Endo_2	8.76914215087891	-2.62649846076965
GC06P:CTCGGAGGTCTTCTCG	GC06P	3093.0	1527	0.08567733	Paratumor	P6	Fibroblasts	Fib_2	-5.33701515197754	11.2761125564575
GC06P:CTCGTACAGGCTACGA	GC06P	5966.0	2274	0.04307744	Paratumor	P6	Endothelial cells	Endo_3	9.91192054748535	2.57970309257507
GC06P:CTCGTCACATCCGTGG	GC06P	1832.0	809	0.12445415	Paratumor	P6	Smooth muscle cells	SMC_2	-4.48997640609741	-12.5926780700684
GC06P:CTCGTCAGTCCTGCTT	GC06P	7329.0	2350	0.035748396	Paratumor	P6	Endothelial cells	Endo_3	8.06868934631348	3.7002005577087402
GC06P:CTCTAATAGCATCATC	GC06P	3588.0	1547	0.11204013	Paratumor	P6	Endothelial cells	Endo_2	8.99953651428223	-3.3062906265258802
GC06P:CTCTAATAGTCCGGTC	GC06P	2850.0	1375	0.06561404	Paratumor	P6	Endothelial cells	Endo_2	8.91743183135986	-3.30069637298584
GC06P:CTCTAATTCAGGTAAA	GC06P	14971.0	4108	0.047024246	Paratumor	P6	Fibroblasts	Fib_2	-5.67753458023071	9.10970401763916
GC06P:CTCTAATTCTGACCTC	GC06P	17460.0	4035	0.03934708	Paratumor	P6	Fibroblasts	Fib_5	-11.389749526977502	3.52850127220154
GC06P:CTCTACGAGAGGTTAT	GC06P	10439.0	2783	0.046747774	Paratumor	P6	Fibroblasts	Fib_5	-11.063237190246598	3.39699840545654
GC06P:CTCTACGAGTTATCGC	GC06P	1092.0	659	0.045787547	Paratumor	P6	Endothelial cells	Endo_4	11.017942428588901	-7.2273645401001
GC06P:CTCTACGTCAGAGCTT	GC06P	1288.0	588	0.2826087	Paratumor	P6	Fibroblasts	Fib_3	-5.20604372024536	10.389986991882301
GC06P:CTGAAACCAAAGTCAA	GC06P	3644.0	1547	0.10153677	Paratumor	P6	Endothelial cells	Endo_2	7.966323375701901	-3.25279688835144
GC06P:CTGATAGTCCGATATG	GC06P	2568.0	1215	0.13161993	Paratumor	P6	Fibroblasts	Fib_4	-5.78623628616333	2.93552160263062
GC06P:CTGATCCCAAGGACAC	GC06P	1607.0	966	0.12881145	Paratumor	P6	Endothelial cells	Endo_2	9.68392467498779	-3.41412305831909
GC06P:CTGATCCCATGTTGAC	GC06P	3388.0	1470	0.10330579	Paratumor	P6	Endothelial cells	Endo_2	8.67432022094727	-3.79353404045105
GC06P:CTGCCTACATACCATG	GC06P	6624.0	2321	0.120471016	Paratumor	P6	Smooth muscle cells	SMC_2	-3.9993839263916002	-13.9136600494385
GC06P:CTGCGGACATGGTTGT	GC06P	553.0	357	0.10488246	Paratumor	P6	Fibroblasts	Fib_3	-3.4522330760955797	8.68724918365479
GC06P:CTGCTGTCAACGCACC	GC06P	3777.0	1702	0.04050834	Paratumor	P6	Endothelial cells	Endo_2	9.50639724731445	-3.22830677032471
GC06P:CTGCTGTCATGGGACA	GC06P	1643.0	784	0.1679854	Paratumor	P6	Fibroblasts	Fib_3	-3.73710131645203	7.58223819732666
GC06P:CTGTGCTAGATTACCC	GC06P	2427.0	1302	0.058920477	Paratumor	P6	Fibroblasts	Fib_2	-6.549181938171389	10.503230094909698
GC06P:CTGTTTATCACCATAG	GC06P	4113.0	1771	0.046924386	Paratumor	P6	Fibroblasts	Fib_4	-8.83359146118164	2.9442398548126203
GC06P:CTTAACTCATTTCACT	GC06P	5515.0	1979	0.10426111	Paratumor	P6	Fibroblasts	Fib_4	-5.91919660568237	2.8760712146758998
GC06P:CTTAACTTCTGCGTAA	GC06P	3455.0	1572	0.04544139	Paratumor	P6	Endothelial cells	Endo_4	12.4042100906372	-6.29018211364746
GC06P:CTTACCGTCGCCTGTT	GC06P	4301.0	1689	0.037898164	Paratumor	P6	Endothelial cells	Endo_2	8.59271335601807	-3.20390391349792
GC06P:CTTAGGAAGTCGCCGT	GC06P	3535.0	1694	0.034794908	Paratumor	P6	Fibroblasts	Fib_2	-6.77999305725098	10.179651260376
GC06P:CTTAGGATCAGCTCTC	GC06P	8112.0	2561	0.1369576	Paratumor	P6	Fibroblasts	Fib_4	-5.578351020812991	2.02819418907166
GC06P:CTTTGCGAGTGTCCCG	GC06P	7665.0	2300	0.04018265	Paratumor	P6	Fibroblasts	Fib_5	-11.7181787490845	2.74091482162476
GC06P:GAAACTCCAGGGTATG	GC06P	5456.0	2236	0.067998536	Paratumor	P6	Fibroblasts	Fib_4	-9.27248001098633	2.98204755783081
GC06P:GAAACTCTCCGAAGAG	GC06P	11058.0	2981	0.026496654	Paratumor	P6	Fibroblasts	Fib_5	-10.068286895752	3.5300977230072004
GC06P:GAAATGAAGACTAGGC	GC06P	10397.0	3555	0.060209677	Paratumor	P6	Endothelial cells	Endo_2	9.58627986907959	-2.50430035591125
GC06P:GAAATGAAGGTGATAT	GC06P	7130.0	2480	0.1253857	Paratumor	P6	Smooth muscle cells	SMC_2	-3.8147525787353502	-13.904038429260302
GC06P:GAAATGACATTTCACT	GC06P	3235.0	1655	0.08006182	Paratumor	P6	Fibroblasts	Fib_2	-4.86106491088867	10.840184211731
GC06P:GAACATCCACCAGTTA	GC06P	2598.0	1089	0.16358738	Paratumor	P6	Fibroblasts	Fib_4	-8.83889961242676	2.79820513725281
GC06P:GAACCTAGTTCACGGC	GC06P	2474.0	1402	0.03880356	Paratumor	P6	Fibroblasts	Fib_2	-6.916070461273191	10.065755844116199
GC06P:GAAGCAGAGAAAGTGG	GC06P	3835.0	1830	0.04797914	Paratumor	P6	Fibroblasts	Fib_2	-5.49503993988037	11.016429901122999
GC06P:GACACGCAGGTGACCA	GC06P	10275.0	2754	0.044184916	Paratumor	P6	Fibroblasts	Fib_5	-10.977185249328599	3.44469428062439
GC06P:GACCAATAGTGTGGCA	GC06P	10556.0	3009	0.027283061	Paratumor	P6	Fibroblasts	Fib_4	-5.40940761566162	2.4065828323364302
GC06P:GACGCGTCAAGCCCAC	GC06P	4391.0	1674	0.09906627	Paratumor	P6	Fibroblasts	Fib_4	-10.3001203536987	2.63338589668274
GC06P:GACGCGTTCACGCGGT	GC06P	6075.0	2262	0.04691358	Paratumor	P6	Endothelial cells	Endo_2	7.722486019134519	-3.1270992755889906
GC06P:GACGGCTAGACTAGAT	GC06P	12647.0	3367	0.09733534	Paratumor	P6	Fibroblasts	Fib_5	-11.4637765884399	3.57897257804871
GC06P:GACGGCTAGGTTCCTA	GC06P	1013.0	601	0.15992102	Paratumor	P6	Endothelial cells	Endo_1	9.80090713500977	-1.44414532184601
GC06P:GACGGCTCAAGTCTGT	GC06P	4593.0	1783	0.16329196	Paratumor	P6	Endothelial cells	Endo_4	12.196173667907699	-6.53223514556885
GC06P:GACGTGCCATGAGCGA	GC06P	4389.0	1636	0.115743905	Paratumor	P6	Endothelial cells	Endo_2	8.17029857635498	-3.78596305847168
GC06P:GACGTGCGTCAGTGGA	GC06P	1109.0	691	0.073940486	Paratumor	P6	Endothelial cells	Endo_1	9.49610137939453	-3.36305928230286
GC06P:GACGTGCGTCGGCACT	GC06P	4291.0	1762	0.052202284	Paratumor	P6	Endothelial cells	Endo_3	10.0713329315186	2.74846339225769
GC06P:GACGTTAAGAGCTGCA	GC06P	8841.0	2846	0.01979414	Paratumor	P6	Fibroblasts	Fib_2	-5.14764356613159	9.29605770111084
GC06P:GACGTTAGTTACGGAG	GC06P	3156.0	1383	0.091254756	Paratumor	P6	Endothelial cells	Endo_3	10.3078727722168	2.51273226737976
GC06P:GACGTTATCCTACAGA	GC06P	4061.0	1885	0.10022162	Paratumor	P6	Fibroblasts	Fib_2	-5.4498186111450195	10.8691158294678
GC06P:GACTAACGTGCATCTA	GC06P	2752.0	1292	0.103924416	Paratumor	P6	Endothelial cells	Endo_2	7.8945817947387695	-3.31347870826721
GC06P:GACTACATCCTGTACC	GC06P	4220.0	1840	0.13199052	Paratumor	P6	Endothelial cells	Endo_2	8.194521903991701	-3.26712107658386
GC06P:GAGGTGAAGAATGTTG	GC06P	3050.0	1506	0.03377049	Paratumor	P6	Endothelial cells	Endo_2	7.9802713394165	-3.17087078094482
GC06P:GAGTCCGGTTGGACCC	GC06P	1702.0	851	0.117508814	Paratumor	P6	Fibroblasts	Fib_2	-5.9471116065979	10.267213821411099
GC06P:GATCAGTCAACTGCTA	GC06P	8177.0	2817	0.039623335	Paratumor	P6	Endothelial cells	Endo_2	7.8728327751159695	-2.8182601928710898
GC06P:GATCGATGTTTGTTGG	GC06P	5601.0	2294	0.029994644	Paratumor	P6	Endothelial cells	Endo_2	9.83664226531982	-4.59704208374023
GC06P:GATCGCGAGGTGACCA	GC06P	2258.0	1074	0.18069087	Paratumor	P6	Endothelial cells	Endo_1	8.86843967437744	-3.3945372104644798
GC06P:GATGAAAAGTAGCGGT	GC06P	3887.0	1586	0.051196296	Paratumor	P6	Fibroblasts	Fib_4	-6.0446052551269505	2.7295806407928502
GC06P:GATGAAAGTCTCAACA	GC06P	1482.0	701	0.20512821	Paratumor	P6	Smooth muscle cells	SMC_2	-4.308801174163819	-13.588470458984402
GC06P:GATGAGGAGATCTGCT	GC06P	7905.0	2860	0.075774826	Paratumor	P6	Endothelial cells	Endo_2	8.19564151763916	-3.08944630622864
GC06P:GATGCTATCAGCTGGC	GC06P	4671.0	2022	0.04303147	Paratumor	P6	Endothelial cells	Endo_2	8.187924385070799	-3.29757261276245
GC06P:GATTCAGCAATAAGCA	GC06P	13371.0	3215	0.053548723	Paratumor	P6	Fibroblasts	Fib_5	-10.8037853240967	3.6717298030853303
GC06P:GATTCAGCAGATGGCA	GC06P	3216.0	1505	0.07649254	Paratumor	P6	Fibroblasts	Fib_4	-7.03930997848511	2.47052717208862
GC06P:GATTCAGTCGAGCCCA	GC06P	3945.0	1721	0.057287704	Paratumor	P6	Fibroblasts	Fib_2	-5.7079644203186	10.8621501922607
GC06P:GCAAACTGTAGCTGCC	GC06P	12844.0	3517	0.032310806	Paratumor	P6	Fibroblasts	Fib_5	-11.4261484146118	3.51032686233521
GC06P:GCACATAGTTGTACAC	GC06P	2244.0	1063	0.12433155	Paratumor	P6	Fibroblasts	Fib_4	-5.6810798645019505	3.1940445899963397
GC06P:GCACATATCTGTGCAA	GC06P	1214.0	686	0.019769358	Paratumor	P6	Fibroblasts	Fib_4	-9.10115718841553	3.15688705444336
GC06P:GCACTCTGTACCATCA	GC06P	4107.0	2070	0.036279522	Paratumor	P6	Endothelial cells	Endo_4	11.6998205184937	-6.9564957618713406
GC06P:GCAGCCACATGTCTCC	GC06P	11150.0	3245	0.03605381	Paratumor	P6	Fibroblasts	Fib_5	-11.174658775329599	3.4340806007385294
GC06P:GCATACAGTAACGCGA	GC06P	3730.0	1517	0.10294906	Paratumor	P6	Fibroblasts	Fib_4	-5.952880382537839	2.74107789993286
GC06P:GCATGATCAGCTGTAT	GC06P	5528.0	2044	0.11595514	Paratumor	P6	Smooth muscle cells	SMC_2	-4.450775146484379	-13.3411178588867
GC06P:GCCAAATCAGGGATTG	GC06P	4477.0	1746	0.03640831	Paratumor	P6	Fibroblasts	Fib_5	-11.1993093490601	2.73226261138916
GC06P:GCCTCTAAGATCCTGT	GC06P	4308.0	2183	0.01810585	Paratumor	P6	Endothelial cells	Endo_4	12.1324291229248	-7.014836311340329
GC06P:GCCTCTATCCTTGGTC	GC06P	3736.0	1785	0.026498929	Paratumor	P6	Endothelial cells	Endo_4	11.7808265686035	-6.99812316894531
GC06P:GCGAGAAAGAAGGGTA	GC06P	709.0	423	0.1100141	Paratumor	P6	Fibroblasts	Fib_3	-4.63826036453247	4.67057228088379
GC06P:GCGAGAATCAACCAAC	GC06P	6196.0	2061	0.05003228	Paratumor	P6	Fibroblasts	Fib_5	-10.1887359619141	3.1196930408477797
GC06P:GCGCCAAAGAAACGCC	GC06P	3145.0	1314	0.091573924	Paratumor	P6	Endothelial cells	Endo_2	8.120608329772951	-2.20583963394165
GC06P:GCGGGTTAGTAGATGT	GC06P	4430.0	1771	0.07539503	Paratumor	P6	Fibroblasts	Fib_4	-9.03632736206055	2.99534440040588
GC06P:GCGGGTTTCAATACCG	GC06P	9102.0	2855	0.033618987	Paratumor	P6	Fibroblasts	Fib_4	-5.18596935272217	2.58484697341919
GC06P:GCGGGTTTCTGTCAAG	GC06P	3762.0	1425	0.03508772	Paratumor	P6	Fibroblasts	Fib_3	-3.884850025177	7.7743825912475595
GC06P:GCTCTGTTCGACCAGC	GC06P	1206.0	748	0.13515754	Paratumor	P6	Fibroblasts	Fib_3	-4.12455749511719	9.53998374938965
GC06P:GCTGCGATCCTAGTGA	GC06P	5224.0	1915	0.09130934	Paratumor	P6	Endothelial cells	Endo_3	9.02439498901367	3.82988142967224
GC06P:GCTGCTTGTGCAGACA	GC06P	2544.0	1176	0.027122641	Paratumor	P6	Fibroblasts	Fib_5	-10.0742149353027	2.9356484413147004
GC06P:GCTGGGTCAAGTCATC	GC06P	8746.0	3082	0.031557284	Paratumor	P6	Fibroblasts	Fib_2	-5.94004201889038	10.9407291412354
GC06P:GCTTGAAAGACTAGGC	GC06P	1633.0	827	0.1769749	Paratumor	P6	Endothelial cells	Endo_2	8.70272827148438	-3.8353183269500697
GC06P:GCTTGAAGTTACGCGC	GC06P	11147.0	3056	0.026913071	Paratumor	P6	Fibroblasts	Fib_5	-9.57229328155518	3.22163200378418
GC06P:GGAAAGCTCCTTTCGG	GC06P	3262.0	1667	0.019926425	Paratumor	P6	Endothelial cells	Endo_4	11.6106996536255	-7.30127143859863
GC06P:GGAACTTTCAACACTG	GC06P	4122.0	1683	0.0725376	Paratumor	P6	Fibroblasts	Fib_4	-5.042303562164309	2.1510379314422603
GC06P:GGACAAGGTACTTCTT	GC06P	3217.0	1609	0.074292816	Paratumor	P6	Endothelial cells	Endo_4	12.5150051116943	-6.4706716537475595
GC06P:GGACAAGGTTATGTGC	GC06P	663.0	371	0.19306184	Paratumor	P6	Fibroblasts	Fib_4	-7.70275115966797	3.2843029499053995
GC06P:GGACAGAGTCAAAGAT	GC06P	9031.0	3056	0.054146826	Paratumor	P6	Myofibroblasts	Myofibroblasts	-7.199509143829349	1.20622420310974
GC06P:GGACATTAGAGCCCAA	GC06P	6015.0	2375	0.0319202	Paratumor	P6	Endothelial cells	Endo_2	7.880506038665769	-2.56381011009216
GC06P:GGATTACGTCGCATAT	GC06P	6318.0	2310	0.034979425	Paratumor	P6	Smooth muscle cells	SMC_1	-2.15127897262573	-11.5486125946045
GC06P:GGCAATTTCAAGAAGT	GC06P	3662.0	1611	0.12971054	Paratumor	P6	Fibroblasts	Fib_2	-5.75557565689087	9.007081985473631
GC06P:GGCGACTCAAGCCCAC	GC06P	7253.0	2185	0.05611471	Paratumor	P6	Fibroblasts	Fib_4	-5.21884870529175	3.55196118354797
GC06P:GGCTCGAGTAAACACA	GC06P	6026.0	1948	0.054762695	Paratumor	P6	Fibroblasts	Fib_5	-11.355110168457001	3.02350902557373
GC06P:GGCTCGAGTTGTCGCG	GC06P	1127.0	709	0.107364684	Paratumor	P6	Endothelial cells	Endo_1	9.48146820068359	1.0828392505645799
GC06P:GGGAATGCAAGGACTG	GC06P	11610.0	3293	0.042721793	Paratumor	P6	Fibroblasts	Fib_4	-4.995491981506349	2.14976692199707
GC06P:GGGAATGGTGGCAAAC	GC06P	6952.0	2614	0.031501725	Paratumor	P6	Fibroblasts	Fib_2	-4.20682430267334	10.7787761688232
GC06P:GGGACCTAGGCTACGA	GC06P	4544.0	1739	0.051276408	Paratumor	P6	Fibroblasts	Fib_4	-5.79627227783203	2.9194793701171897
GC06P:GGGACCTCACCTCGGA	GC06P	4291.0	1704	0.09857842	Paratumor	P6	Endothelial cells	Endo_3	10.279940605163599	2.67817616462708
GC06P:GGGATGAAGGGAAACA	GC06P	4683.0	1690	0.10271194	Paratumor	P6	Fibroblasts	Fib_5	-10.9549293518066	2.61302947998047
GC06P:GGGATGACACAAGCCC	GC06P	10738.0	2818	0.039951574	Paratumor	P6	Fibroblasts	Fib_5	-11.2200603485107	3.2312796115875204
GC06P:GGGATGACAGCGATCC	GC06P	3582.0	1811	0.033780012	Paratumor	P6	Fibroblasts	Fib_2	-6.17056512832642	10.4979610443115
GC06P:GGGATGACAGGCAGTA	GC06P	2621.0	1279	0.065242276	Paratumor	P6	Endothelial cells	Endo_3	9.52682781219482	2.8167660236358603
GC06P:GGGATGATCGCTTGTC	GC06P	3365.0	1571	0.03655275	Paratumor	P6	Endothelial cells	Endo_2	7.93152093887329	-3.4282824993133505
GC06P:GGGCACTCAGCGATCC	GC06P	4925.0	1766	0.10416244	Paratumor	P6	Fibroblasts	Fib_4	-8.868353843688961	2.97816634178162
GC06P:GGGCATCAGAGCAATT	GC06P	4138.0	2082	0.050990816	Paratumor	P6	Fibroblasts	Fib_4	-6.8476047515869105	2.31414675712585
GC06P:GGGCATCTCTTGAGAC	GC06P	4961.0	2098	0.037290867	Paratumor	P6	Fibroblasts	Fib_4	-6.21993541717529	2.37978482246399
GC06P:GGGTCTGGTAGGAGTC	GC06P	5379.0	2101	0.15448968	Paratumor	P6	Endothelial cells	Endo_2	8.66679573059082	-3.9374065399169904
GC06P:GGTATTGCAGCAGTTT	GC06P	3597.0	1556	0.11120378	Paratumor	P6	Fibroblasts	Fib_2	-6.37486028671265	7.526996612548831
GC06P:GGTATTGCAGGGTACA	GC06P	3096.0	1547	0.063307494	Paratumor	P6	Fibroblasts	Fib_2	-5.5612483024597195	9.79078483581543
GC06P:GGTATTGGTGCCTGTG	GC06P	10645.0	3478	0.033067167	Paratumor	P6	Fibroblasts	Fib_2	-5.7193808555603	9.01115798950195
GC06P:GGTATTGGTTATTCTC	GC06P	3471.0	1632	0.054739267	Paratumor	P6	Endothelial cells	Endo_2	8.86384201049805	-2.8713536262512203
GC06P:GGTGAAGGTTTAAGCC	GC06P	2076.0	1141	0.017822737	Paratumor	P6	Endothelial cells	Endo_4	11.170788764953599	-7.07877159118652
GC06P:GGTGTTAGTTTAGCTG	GC06P	7877.0	2726	0.061698616	Paratumor	P6	Fibroblasts	Fib_4	-6.70189714431763	1.52613055706024
GC06P:GTAACGTCAATGGACG	GC06P	5278.0	2104	0.04622963	Paratumor	P6	Endothelial cells	Endo_3	8.62925815582275	3.9505584239959703
GC06P:GTAACGTGTTCATGGT	GC06P	4142.0	1867	0.046354417	Paratumor	P6	Endothelial cells	Endo_2	8.833882331848141	-1.7906917333602899
GC06P:GTACTCCCAGCTTCGG	GC06P	5171.0	1895	0.044478822	Paratumor	P6	Fibroblasts	Fib_5	-10.065773010253901	2.4040699005127
GC06P:GTAGTCAAGATCCCAT	GC06P	2174.0	1243	0.0524379	Paratumor	P6	Fibroblasts	Fib_2	-6.450119495391849	10.448814392089801
GC06P:GTATCTTTCGAACGGA	GC06P	5117.0	2276	0.05432871	Paratumor	P6	Fibroblasts	Fib_2	-5.8651409149169895	10.7881145477295
GC06P:GTCACAACATCGACGC	GC06P	3730.0	1854	0.023324396	Paratumor	P6	Endothelial cells	Endo_4	12.1905202865601	-7.065730094909671
GC06P:GTCACGGAGGCAGTCA	GC06P	4704.0	2075	0.036989797	Paratumor	P6	Endothelial cells	Endo_2	8.04720401763916	-2.7937896251678502
GC06P:GTCACGGAGGTGATAT	GC06P	13457.0	3605	0.03559486	Paratumor	P6	Fibroblasts	Fib_4	-8.97067546844482	3.08854603767395
GC06P:GTCACGGTCAGTTTGG	GC06P	3265.0	1599	0.086370595	Paratumor	P6	Endothelial cells	Endo_2	8.533580780029299	-3.5247783660888703
GC06P:GTCATTTGTACTCAAC	GC06P	1374.0	688	0.23871906	Paratumor	P6	Fibroblasts	Fib_3	-4.34546518325806	9.06672668457031
GC06P:GTCCTCACATATGAGA	GC06P	1884.0	1051	0.040339705	Paratumor	P6	Endothelial cells	Endo_2	9.21900367736816	-3.06390118598938
GC06P:GTCTCGTTCACATACG	GC06P	3041.0	1400	0.12397238	Paratumor	P6	Endothelial cells	Endo_1	10.5747861862183	1.10614216327667
GC06P:GTCTTCGAGTACTTGC	GC06P	4976.0	2039	0.061294213	Paratumor	P6	Endothelial cells	Endo_2	7.80164575576782	-3.10446882247925
GC06P:GTGAAGGTCCGTAGGC	GC06P	2081.0	1189	0.06439212	Paratumor	P6	Fibroblasts	Fib_2	-6.58045244216919	10.420715332031198
GC06P:GTGCAGCAGGCTATCT	GC06P	2434.0	1130	0.26170912	Paratumor	P6	Endothelial cells	Endo_2	9.48252010345459	-3.16033983230591
GC06P:GTGCAGCAGTGTACTC	GC06P	14062.0	3550	0.046792775	Paratumor	P6	Fibroblasts	Fib_5	-11.163245201110803	3.4320671558380096
GC06P:GTGCATAAGCTCCTTC	GC06P	6050.0	2253	0.06049587	Paratumor	P6	Fibroblasts	Fib_4	-8.67778778076172	2.91286873817444
GC06P:GTGCATATCCCAACGG	GC06P	4307.0	1793	0.07151149	Paratumor	P6	Endothelial cells	Endo_4	11.441815376281701	-6.29732513427734
GC06P:GTGCGGTTCTGCAAGT	GC06P	2839.0	1392	0.07819655	Paratumor	P6	Endothelial cells	Endo_2	7.95222663879395	-3.1149055957794203
GC06P:GTGCTTCAGCAGGTCA	GC06P	3807.0	1765	0.04123982	Paratumor	P6	Endothelial cells	Endo_2	8.23096370697021	-2.85508131980896
GC06P:GTGCTTCTCGGAATCT	GC06P	6668.0	2495	0.044691063	Paratumor	P6	Smooth muscle cells	SMC_2	-4.86575841903687	-12.7493534088135
GC06P:GTGGGTCCAACCGCCA	GC06P	10354.0	3061	0.0468418	Paratumor	P6	Fibroblasts	Fib_5	-10.488506317138699	3.67974638938904
GC06P:GTGTGCGCACAGACAG	GC06P	5879.0	2126	0.044395305	Paratumor	P6	Endothelial cells	Endo_3	8.944024085998539	3.6921193599700897
GC06P:GTGTGCGTCGCAGGCT	GC06P	9648.0	2774	0.017205639	Paratumor	P6	Fibroblasts	Fib_5	-11.4095849990845	3.15784549713135
GC06P:GTTAAGCCAGTCGTGC	GC06P	676.0	408	0.06804734	Paratumor	P6	Myofibroblasts	Myofibroblasts	-8.56254100799561	0.5663341879844671
GC06P:GTTAAGCTCTAACCGA	GC06P	6983.0	2604	0.040670197	Paratumor	P6	Fibroblasts	Fib_2	-5.71140480041504	10.835341453552198
GC06P:GTTACAGGTAGAAAGG	GC06P	4078.0	1749	0.02525748	Paratumor	P6	Endothelial cells	Endo_4	11.373130798339801	-7.26448106765747
GC06P:GTTCATTGTAGCTAAA	GC06P	5435.0	1922	0.07856486	Paratumor	P6	Smooth muscle cells	SMC_2	-4.68187999725342	-12.225806236267099
GC06P:GTTCATTTCACCGGGT	GC06P	3709.0	1636	0.08088434	Paratumor	P6	Endothelial cells	Endo_2	8.12939357757568	-3.3757412433624303
GC06P:TAAGAGAGTTATCACG	GC06P	2651.0	1145	0.2568842	Paratumor	P6	Fibroblasts	Fib_4	-6.05347347259521	1.61083781719208
GC06P:TAAGCGTAGACAGAGA	GC06P	6184.0	2147	0.1080207	Paratumor	P6	Endothelial cells	Endo_2	8.74079704284668	-1.6447364091873202
GC06P:TAAGCGTGTACGACCC	GC06P	2264.0	1053	0.056537103	Paratumor	P6	Fibroblasts	Fib_4	-6.31797647476196	2.6463246345519997
GC06P:TACACGAAGATCCCGC	GC06P	2934.0	1241	0.12338105	Paratumor	P6	Endothelial cells	Endo_3	8.85545825958252	3.06342005729675
GC06P:TACAGTGTCCTGTAGA	GC06P	7094.0	2461	0.046236254	Paratumor	P6	Fibroblasts	Fib_4	-5.06498384475708	2.64466762542725
GC06P:TACCTATAGGACTGGT	GC06P	6954.0	2580	0.03710095	Paratumor	P6	Fibroblasts	Fib_2	-5.62115240097046	10.586326599121099
GC06P:TACCTATAGTGCCAGA	GC06P	8899.0	2697	0.0387684	Paratumor	P6	Endothelial cells	Endo_3	8.05966472625732	3.49954795837402
GC06P:TACCTATCACGTGAGA	GC06P	7900.0	2774	0.050632913	Paratumor	P6	Fibroblasts	Fib_4	-6.0473346710205105	1.7743571996688798
GC06P:TACCTATTCACTCTTA	GC06P	13922.0	3560	0.046832353	Paratumor	P6	Fibroblasts	Fib_5	-11.4985132217407	3.51513576507568
GC06P:TACCTATTCCTGTACC	GC06P	10354.0	2862	0.043171722	Paratumor	P6	Endothelial cells	Endo_3	8.12275981903076	3.5669145584106405
GC06P:TACCTTACACGTCAGC	GC06P	1575.0	875	0.19111112	Paratumor	P6	Fibroblasts	Fib_2	-6.05977392196655	10.105710983276401
GC06P:TACGGATAGCTCCTCT	GC06P	4608.0	1903	0.12782118	Paratumor	P6	Endothelial cells	Endo_2	8.19905757904053	-3.98739504814148
GC06P:TACGGATTCTGCCAGG	GC06P	4385.0	1847	0.061345495	Paratumor	P6	Smooth muscle cells	SMC_2	-2.45800304412842	-13.298346519470199
GC06P:TACGGGCTCTGAGGGA	GC06P	3124.0	1569	0.027848912	Paratumor	P6	Endothelial cells	Endo_4	11.8212366104126	-7.22430658340454
GC06P:TACGGTAGTAGAAGGA	GC06P	9680.0	3030	0.039876033	Paratumor	P6	Fibroblasts	Fib_4	-5.41820430755615	2.8684062957763703
GC06P:TACTCATGTTATTCTC	GC06P	2308.0	1249	0.14731368	Paratumor	P6	Myofibroblasts	Myofibroblasts	-8.05814552307129	0.5470709800720209
GC06P:TACTCATTCGCATGAT	GC06P	12539.0	3662	0.04601643	Paratumor	P6	Endothelial cells	Endo_3	9.67432403564453	2.03934073448181
GC06P:TACTTACGTGTGACGA	GC06P	8936.0	2599	0.052148614	Paratumor	P6	Fibroblasts	Fib_5	-11.2903833389282	2.7876780033111603
GC06P:TACTTGTTCACGGTTA	GC06P	4621.0	1774	0.040683836	Paratumor	P6	Fibroblasts	Fib_2	-3.98905444145203	9.87605094909668
GC06P:TACTTGTTCATAAAGG	GC06P	2507.0	1249	0.10889509	Paratumor	P6	Endothelial cells	Endo_3	8.98279666900635	3.5564594268798797
GC06P:TAGACCAGTCTTGATG	GC06P	1598.0	947	0.12891114	Paratumor	P6	Endothelial cells	Endo_2	9.892266273498539	-3.8529448509216295
GC06P:TAGGCATCACACGCTG	GC06P	8636.0	2703	0.018990273	Paratumor	P6	Fibroblasts	Fib_2	-5.815569877624509	8.439051628112791
GC06P:TAGGCATGTCACTTCC	GC06P	976.0	610	0.14446722	Paratumor	P6	Endothelial cells	Endo_4	12.476564407348599	-6.444799900054929
GC06P:TAGTTGGGTAAGTGTA	GC06P	8929.0	3027	0.046925746	Paratumor	P6	Endothelial cells	Endo_3	10.0746603012085	2.4951937198638903
GC06P:TAGTTGGGTGGCAAAC	GC06P	5403.0	2284	0.07421803	Paratumor	P6	Fibroblasts	Fib_4	-8.55326080322266	2.78491759300232
GC06P:TATCAGGAGGATTCGG	GC06P	9594.0	3160	0.032728788	Paratumor	P6	Fibroblasts	Fib_4	-5.82015609741211	1.8751190900802601
GC06P:TATCTCAAGACGCAAC	GC06P	7282.0	2690	0.04257072	Paratumor	P6	Endothelial cells	Endo_3	8.76826667785645	3.4014072418212904
GC06P:TATCTCAAGCCAGAAC	GC06P	4037.0	1614	0.17983651	Paratumor	P6	Endothelial cells	Endo_2	8.30585289001465	-4.03044652938843
GC06P:TATCTCACAGACACTT	GC06P	2733.0	1388	0.09879254	Paratumor	P6	Endothelial cells	Endo_2	8.56026268005371	-3.71034407615662
GC06P:TATGCCCCATTGAGCT	GC06P	783.0	542	0.04853129	Paratumor	P6	Endothelial cells	Endo_4	11.548834800720199	-7.2084755897522
GC06P:TCAACGAAGGACAGCT	GC06P	8749.0	2527	0.07360841	Paratumor	P6	Endothelial cells	Endo_3	8.321498870849611	3.43569803237915
GC06P:TCAATCTAGTGTACGG	GC06P	5302.0	2135	0.06506979	Paratumor	P6	Endothelial cells	Endo_2	7.97943878173828	-3.5000667572021498
GC06P:TCACGAAGTTCCTCCA	GC06P	15423.0	3530	0.030862996	Paratumor	P6	Fibroblasts	Fib_5	-11.255620002746598	3.32481908798218
GC06P:TCAGATGTCATACGGT	GC06P	767.0	424	0.22555411	Paratumor	P6	Endothelial cells	Endo_1	10.0245151519775	-0.896991193294525
GC06P:TCAGCAAGTCCGAACC	GC06P	4681.0	1840	0.032258064	Paratumor	P6	Endothelial cells	Endo_3	9.7216911315918	2.9500279426574703
GC06P:TCAGCTCGTTACGACT	GC06P	2771.0	1252	0.05918441	Paratumor	P6	Endothelial cells	Endo_2	8.34806632995605	-3.05396604537964
GC06P:TCAGGATCACGTCAGC	GC06P	6880.0	2552	0.043313954	Paratumor	P6	Endothelial cells	Endo_2	7.85932922363281	-2.7075283527374303
GC06P:TCAGGATGTTCAGGCC	GC06P	10923.0	3018	0.028014282	Paratumor	P6	Fibroblasts	Fib_5	-11.3559656143188	3.27017593383789
GC06P:TCAGGTAGTGGACGAT	GC06P	11466.0	3473	0.030961102	Paratumor	P6	Fibroblasts	Fib_2	-5.966058731079099	8.19400882720947
GC06P:TCATTACAGTTCGATC	GC06P	5242.0	2032	0.114078596	Paratumor	P6	Smooth muscle cells	SMC_2	-3.95334696769714	-13.7602443695068
GC06P:TCATTACCACTGTCGG	GC06P	4379.0	1799	0.05435031	Paratumor	P6	Fibroblasts	Fib_2	-4.76249551773071	10.178409576416
GC06P:TCATTACCATGGTTGT	GC06P	8700.0	2787	0.041494254	Paratumor	P6	Endothelial cells	Endo_3	8.32999706268311	3.60372567176819
GC06P:TCATTTGGTATCTGCA	GC06P	1531.0	889	0.10646636	Paratumor	P6	Endothelial cells	Endo_2	8.44296264648438	-1.9727357625961297
GC06P:TCCACACAGAGAGCTC	GC06P	15299.0	3495	0.037061244	Paratumor	P6	Fibroblasts	Fib_5	-11.4785242080688	3.45661592483521
GC06P:TCCCGATAGATGTTAG	GC06P	6298.0	2194	0.038107336	Paratumor	P6	Fibroblasts	Fib_4	-5.31256246566772	1.9437125921249399
GC06P:TCCCGATAGCCAGTTT	GC06P	4280.0	1670	0.06378505	Paratumor	P6	Fibroblasts	Fib_5	-9.887495040893551	3.3827879428863503
GC06P:TCCCGATTCGCCTGTT	GC06P	6577.0	1818	0.25969288	Paratumor	P6	Endothelial cells	Endo_3	8.62998485565186	3.4521744251251203
GC06P:TCGAGGCCAAGGACAC	GC06P	3692.0	1763	0.12215602	Paratumor	P6	Myofibroblasts	Myofibroblasts	-7.77102088928223	0.650304853916168
GC06P:TCGAGGCCACACAGAG	GC06P	3998.0	1532	0.072286144	Paratumor	P6	Fibroblasts	Fib_5	-10.3808641433716	3.39330506324768
GC06P:TCGCGAGAGAACAATC	GC06P	2227.0	605	0.17198025	Paratumor	P6	Fibroblasts	Fib_5	-10.50075340271	2.66033792495728
GC06P:TCGGGACTCTGCGGCA	GC06P	3305.0	1326	0.23721634	Paratumor	P6	Endothelial cells	Endo_3	10.2559547424316	0.9751820564270021
GC06P:TCGTACCCAACCGCCA	GC06P	4671.0	1897	0.060800686	Paratumor	P6	Fibroblasts	Fib_2	-5.20819759368896	10.094276428222699
GC06P:TCGTAGAAGTAAGTAC	GC06P	7440.0	2500	0.0719086	Paratumor	P6	Fibroblasts	Fib_4	-8.34897136688232	2.87460041046143
GC06P:TCGTAGAAGTGTACGG	GC06P	1195.0	624	0.21589959	Paratumor	P6	Fibroblasts	Fib_3	-4.65302228927612	9.9553689956665
GC06P:TCTATTGCAATCAGAA	GC06P	6382.0	2555	0.056251958	Paratumor	P6	Endothelial cells	Endo_2	8.2648868560791	-3.09538817405701
GC06P:TCTCATACAAACTGTC	GC06P	1821.0	996	0.09774849	Paratumor	P6	Fibroblasts	Fib_2	-5.7614626884460405	10.8912439346313
GC06P:TCTCTAAAGCTAGTCT	GC06P	865.0	525	0.095953755	Paratumor	P6	Fibroblasts	Fib_3	-4.234693050384521	9.384134292602539
GC06P:TCTCTAATCTTACCGC	GC06P	3379.0	1577	0.022787808	Paratumor	P6	Endothelial cells	Endo_2	9.58072090148926	-4.462915420532231
GC06P:TCTGAGAAGGATTCGG	GC06P	907.0	540	0.22822492	Paratumor	P6	Endothelial cells	Endo_2	9.73477649688721	-3.78258919715881
GC06P:TCTGAGAGTCGTCTTC	GC06P	3426.0	1721	0.05224752	Paratumor	P6	Fibroblasts	Fib_2	-5.75714778900146	10.769795417785598
GC06P:TCTGGAACAACGCACC	GC06P	7562.0	2348	0.04350701	Paratumor	P6	Fibroblasts	Fib_5	-10.6413116455078	2.7598876953125
GC06P:TCTTCGGGTCTTCGTC	GC06P	2475.0	1252	0.08080808	Paratumor	P6	Endothelial cells	Endo_2	8.79792785644531	-3.5146243572235094
GC06P:TCTTTCCTCTGCTGCT	GC06P	4959.0	2099	0.022988506	Paratumor	P6	Fibroblasts	Fib_2	-5.652844429016111	10.631422996521
GC06P:TGAAAGACAGTGGAGT	GC06P	19597.0	4828	0.049395315	Paratumor	P6	Endothelial cells	Endo_3	9.92778968811035	0.946721434593201
GC06P:TGACAACAGAGTCGGT	GC06P	5048.0	1998	0.079041205	Paratumor	P6	Endothelial cells	Endo_2	8.500316619873049	-1.82831370830536
GC06P:TGACTAGAGCACCGCT	GC06P	1440.0	910	0.08472222	Paratumor	P6	Endothelial cells	Endo_4	11.2112855911255	-6.519381523132321
GC06P:TGACTAGTCCAGAAGG	GC06P	3714.0	1770	0.07889068	Paratumor	P6	Fibroblasts	Fib_4	-6.30854606628418	2.03471779823303
GC06P:TGAGAGGCACTTGGAT	GC06P	7662.0	2596	0.05651266	Paratumor	P6	Fibroblasts	Fib_4	-5.758837223052981	2.59430599212646
GC06P:TGAGGGAAGAGGTAGA	GC06P	2596.0	1261	0.042372882	Paratumor	P6	Endothelial cells	Endo_4	11.814654350280799	-7.433016777038571
GC06P:TGAGGGACAATAAGCA	GC06P	11855.0	3229	0.029270351	Paratumor	P6	Fibroblasts	Fib_5	-10.6301565170288	3.60066032409668
GC06P:TGAGGGAGTATTAGCC	GC06P	8878.0	3147	0.059585493	Paratumor	P6	Endothelial cells	Endo_2	8.58907985687256	-2.9391987323761
GC06P:TGAGGGAGTCCTAGCG	GC06P	1984.0	1186	0.059979837	Paratumor	P6	Fibroblasts	Fib_2	-7.059189319610599	9.75829696655273
GC06P:TGATTTCGTCGAATCT	GC06P	2265.0	953	0.14657837	Paratumor	P6	Fibroblasts	Fib_5	-9.81579208374023	3.24187278747559
GC06P:TGCCAAATCCGCATAA	GC06P	3172.0	1540	0.08480454	Paratumor	P6	Endothelial cells	Endo_2	8.38698482513428	-3.6890609264373797
GC06P:TGCGCAGAGTCCGGTC	GC06P	5053.0	2071	0.052839898	Paratumor	P6	Endothelial cells	Endo_3	8.7903995513916	3.9758882522582994
GC06P:TGCGCAGGTGTCCTCT	GC06P	862.0	491	0.23317866	Paratumor	P6	Endothelial cells	Endo_1	9.92883777618408	-3.7523207664489706
GC06P:TGCGCAGTCTTCGGTC	GC06P	3450.0	1595	0.10405797	Paratumor	P6	Fibroblasts	Fib_2	-6.1922607421875	8.86087322235107
GC06P:TGCGGGTAGTCCATAC	GC06P	1553.0	787	0.17321314	Paratumor	P6	Fibroblasts	Fib_4	-9.49775218963623	3.2710781097412096
GC06P:TGCGGGTCAATGCCAT	GC06P	1599.0	794	0.2470294	Paratumor	P6	Endothelial cells	Endo_1	9.16389751434326	1.1441833972930902
GC06P:TGCGTGGGTCAAAGAT	GC06P	1897.0	1081	0.0722193	Paratumor	P6	Fibroblasts	Fib_2	-5.87058305740356	10.435076713562
GC06P:TGCTACCTCACGATGT	GC06P	1328.0	820	0.115963854	Paratumor	P6	Fibroblasts	Fib_2	-4.59434127807617	10.0900278091431
GC06P:TGCTGCTCACAAGCCC	GC06P	8334.0	2681	0.11759059	Paratumor	P6	Smooth muscle cells	SMC_2	-3.74628853797913	-13.738670349121099
GC06P:TGCTGCTGTGATGTCT	GC06P	2447.0	1294	0.07846343	Paratumor	P6	Endothelial cells	Endo_2	7.701199531555179	-3.1752769947052
GC06P:TGCTGCTGTTTAGCTG	GC06P	1432.0	778	0.19343576	Paratumor	P6	Fibroblasts	Fib_3	-4.14327144622803	9.098015785217289
GC06P:TGGACGCAGATCCTGT	GC06P	2039.0	1009	0.002942619	Paratumor	P6	Fibroblasts	Fib_3	-4.04314804077148	5.31612730026245
GC06P:TGGCCAGTCTCAAACG	GC06P	4453.0	1991	0.03435886	Paratumor	P6	Endothelial cells	Endo_2	8.071263313293459	-2.98585891723633
GC06P:TGGGAAGTCTCCCTGA	GC06P	2243.0	1136	0.057958093	Paratumor	P6	Endothelial cells	Endo_2	8.38805198669434	-3.1807067394256605
GC06P:TGGGAAGTCTGCAAGT	GC06P	6039.0	2175	0.064414635	Paratumor	P6	Endothelial cells	Endo_2	8.67966651916504	-1.72646617889404
GC06P:TGGGAAGTCTTACCTA	GC06P	2902.0	1265	0.05099931	Paratumor	P6	Endothelial cells	Endo_3	8.867776870727539	3.4809985160827597
GC06P:TGGGCGTAGTTAGGTA	GC06P	5940.0	2052	0.12087542	Paratumor	P6	Smooth muscle cells	SMC_2	-3.71190977096558	-13.775239944458
GC06P:TGGTTAGCATCCTAGA	GC06P	3160.0	1312	0.10664557	Paratumor	P6	Fibroblasts	Fib_5	-10.0314311981201	3.4833397865295397
GC06P:TGGTTAGGTGTCTGAT	GC06P	3470.0	1581	0.09827089	Paratumor	P6	Endothelial cells	Endo_2	8.50261878967285	-3.61264395713806
GC06P:TGGTTCCCAACACGCC	GC06P	5663.0	2264	0.028253576	Paratumor	P6	Endothelial cells	Endo_4	11.7022171020508	-7.352298736572269
GC06P:TGTATTCTCTGCGGCA	GC06P	8869.0	2453	0.031683393	Paratumor	P6	Fibroblasts	Fib_5	-11.591156959533699	3.26252627372742
GC06P:TGTCCCACAGGAACGT	GC06P	2497.0	1262	0.07529035	Paratumor	P6	Endothelial cells	Endo_2	7.96406030654907	-3.2028043270111097
GC06P:TGTGGTACAGAAGCAC	GC06P	1316.0	672	0.18768997	Paratumor	P6	Fibroblasts	Fib_4	-6.38386106491089	3.02433705329895
GC06P:TGTGTTTGTGCGGTAA	GC06P	5590.0	1993	0.14865832	Paratumor	P6	Endothelial cells	Endo_2	8.46713066101074	-4.0548415184021005
GC06P:TGTGTTTTCACTTACT	GC06P	9972.0	3037	0.03961091	Paratumor	P6	Endothelial cells	Endo_3	8.543397903442381	2.99272227287292
GC06P:TGTTCCGAGGGCTCTC	GC06P	4136.0	1858	0.017891683	Paratumor	P6	Endothelial cells	Endo_4	11.262177467346199	-6.41276454925537
GC06P:TGTTCCGCAAGAGGCT	GC06P	19127.0	4270	0.025513671	Paratumor	P6	Fibroblasts	Fib_5	-11.246488571167	3.56504535675049
GC06P:TTAGGCAAGGTGCTAG	GC06P	5854.0	2178	0.051247012	Paratumor	P6	Endothelial cells	Endo_2	7.8303484916687	-2.90835046768188
GC06P:TTAGGCAGTTCTGGTA	GC06P	2964.0	1300	0.1045884	Paratumor	P6	Fibroblasts	Fib_5	-10.3392028808594	3.1024742126464804
GC06P:TTCCCAGGTCTAGTCA	GC06P	1438.0	803	0.08344924	Paratumor	P6	Endothelial cells	Endo_2	9.1864652633667	-2.8810443878173797
GC06P:TTCGAAGGTAGCACGA	GC06P	8631.0	2693	0.028849496	Paratumor	P6	Endothelial cells	Endo_3	8.73210620880127	3.11021971702576
GC06P:TTCGAAGGTAGCTTGT	GC06P	3698.0	1668	0.063277446	Paratumor	P6	Endothelial cells	Endo_2	8.38848972320557	-3.12671256065369
GC06P:TTCTACATCAGAAATG	GC06P	5042.0	2339	0.047401823	Paratumor	P6	Endothelial cells	Endo_4	11.870591163635302	-6.55135202407837
GC06P:TTCTCCTAGCCATCGC	GC06P	11748.0	3635	0.08461015	Paratumor	P6	Smooth muscle cells	SMC_1	1.16301119327545	-10.6186103820801
GC06P:TTCTTAGGTTGAACTC	GC06P	3545.0	1607	0.075881526	Paratumor	P6	Fibroblasts	Fib_2	-6.095135688781741	10.697092056274402
GC06P:TTGCCGTAGAAGGCCT	GC06P	6200.0	2170	0.052419353	Paratumor	P6	Smooth muscle cells	SMC_2	-4.7919416427612305	-12.5544967651367
GC06P:TTGCGTCTCATGTAGC	GC06P	3958.0	1959	0.025517939	Paratumor	P6	Endothelial cells	Endo_4	11.959598541259801	-6.89250612258911
GC06P:TTGGAACGTTCGTTGA	GC06P	7274.0	2485	0.030519659	Paratumor	P6	Endothelial cells	Endo_3	8.39077854156494	3.1749730110168497
GC06P:TTTACTGTCATTTGGG	GC06P	4365.0	1815	0.025658648	Paratumor	P6	Endothelial cells	Endo_2	8.09340763092041	-2.99357771873474
GC06P:TTTATGCCAGCTTAAC	GC06P	4199.0	1812	0.05382234	Paratumor	P6	Fibroblasts	Fib_2	-5.1313853263855	11.087547302246099
GC06P:TTTATGCGTCTGATCA	GC06P	2562.0	1137	0.09211554	Paratumor	P6	Endothelial cells	Endo_2	8.73067378997803	-3.3607633113861097
GC06P:TTTCCTCCATACCATG	GC06P	4227.0	2121	0.034776438	Paratumor	P6	Endothelial cells	Endo_4	12.4690284729004	-6.64524412155151
GC06P:TTTGCGCTCCATTCTA	GC06P	8985.0	2874	0.035614915	Paratumor	P6	Endothelial cells	Endo_3	9.787290573120119	2.50311303138733
GC06P:TTTGGTTAGCTTCGCG	GC06P	5178.0	2243	0.033024333	Paratumor	P6	Endothelial cells	Endo_2	8.152256965637209	-3.06532096862793
GC06T:AAACCTGGTGCAGGTA	GC06T	13138.0	3888	0.045973513	Tumor	P6	Endothelial cells	Endo_1	12.413353919982901	0.18140794336795799
GC06T:AAACCTGTCTCACATT	GC06T	12938.0	3787	0.036095224	Tumor	P6	Endothelial cells	Endo_3	8.79489040374756	2.16184234619141
GC06T:AAAGATGCATTAGGCT	GC06T	17744.0	4747	0.045818307	Tumor	P6	Endothelial cells	Endo_1	12.592517852783198	-1.89194428920746
GC06T:AAAGCAAAGACTTGAA	GC06T	5177.0	1970	0.2178868	Tumor	P6	Endothelial cells	Endo_1	11.9032917022705	-2.0617306232452397
GC06T:AAAGTAGGTACATCCA	GC06T	8113.0	2841	0.06840873	Tumor	P6	Endothelial cells	Endo_3	9.82199668884277	3.29977536201477
GC06T:AAAGTAGGTGGCAAAC	GC06T	1499.0	713	0.28819212	Tumor	P6	Endothelial cells	Endo_1	11.1798677444458	-0.650366961956024
GC06T:AAAGTAGTCAAACCAC	GC06T	4473.0	1574	0.22848201	Tumor	P6	Fibroblasts	Fib_1	-6.08387804031372	5.390863418579099
GC06T:AAATGCCCAGCGTTCG	GC06T	5837.0	2301	0.049340416	Tumor	P6	Endothelial cells	Endo_4	11.954906463622999	-6.11328983306885
GC06T:AAATGCCCAGTCCTTC	GC06T	22833.0	5111	0.059300136	Tumor	P6	Endothelial cells	Endo_1	12.1680145263672	-0.19079324603080702
GC06T:AACACGTCATTTCAGG	GC06T	13551.0	3939	0.05032839	Tumor	P6	Endothelial cells	Endo_3	8.8341588973999	2.38420987129211
GC06T:AACACGTGTTTAGCTG	GC06T	24923.0	5232	0.03896	Tumor	P6	Endothelial cells	Endo_3	9.124876022338869	1.50290632247925
GC06T:AACCATGAGAGGTAGA	GC06T	14081.0	4169	0.037497338	Tumor	P6	Endothelial cells	Endo_3	10.2755880355835	1.6210250854492199
GC06T:AACCATGCACGCCAGT	GC06T	3868.0	1687	0.14322647	Tumor	P6	Fibroblasts	Fib_2	-6.27138376235962	8.70834159851074
GC06T:AACCATGGTACTTCTT	GC06T	5520.0	2469	0.056702897	Tumor	P6	Endothelial cells	Endo_2	10.416379928588901	-2.7914834022522004
GC06T:AACCATGGTGGCCCTA	GC06T	12493.0	3353	0.05459057	Tumor	P6	Endothelial cells	Endo_3	10.3285665512085	1.1534607410430902
GC06T:AACCGCGGTAGGGACT	GC06T	1951.0	1032	0.17273194	Tumor	P6	Endothelial cells	Endo_1	9.07613754272461	0.34904429316520696
GC06T:AACGTTGGTACTCAAC	GC06T	8379.0	2642	0.034610335	Tumor	P6	Endothelial cells	Endo_3	10.803992271423303	1.8095412254333503
GC06T:AACGTTGTCTCCAGGG	GC06T	5579.0	2098	0.0014339488	Tumor	P6	Endothelial cells	Endo_1	9.93087291717529	-1.02039194107056
GC06T:AACTCAGCACAGCGTC	GC06T	13729.0	3388	0.100080125	Tumor	P6	Endothelial cells	Endo_3	9.72536945343018	1.49759769439697
GC06T:AACTCCCTCGTGTAGT	GC06T	534.0	314	0.27153558	Tumor	P6	Endothelial cells	Endo_1	9.28403472900391	0.0144499521702528
GC06T:AACTCTTTCATAAAGG	GC06T	31800.0	6329	0.04144654	Tumor	P6	Endothelial cells	Endo_3	9.22102737426758	1.36584270000458
GC06T:AACTTTCAGCCAGAAC	GC06T	23128.0	5007	0.051063646	Tumor	P6	Fibroblasts	Fib_1	-7.20838403701782	7.142906665801999
GC06T:AACTTTCTCTCGCATC	GC06T	15512.0	4216	0.03345797	Tumor	P6	Endothelial cells	Endo_3	8.723986625671388	2.0910820960998504
GC06T:AAGGCAGCACGGACAA	GC06T	1838.0	840	0.21055496	Tumor	P6	Endothelial cells	Endo_3	9.08553504943848	3.21678853034973
GC06T:AAGGCAGTCACGCATA	GC06T	8342.0	3050	0.06677056	Tumor	P6	Endothelial cells	Endo_1	12.611532211303699	-2.37822389602661
GC06T:AAGGTTCCAGAGTGTG	GC06T	19427.0	4924	0.0415916	Tumor	P6	Endothelial cells	Endo_3	8.93777179718018	1.67028594017029
GC06T:AAGGTTCCATGGGAAC	GC06T	12731.0	3692	0.096378915	Tumor	P6	Endothelial cells	Endo_3	8.74636173248291	2.4993715286254905
GC06T:AAGTCTGCATAAAGGT	GC06T	24505.0	5381	0.07239339	Tumor	P6	Endothelial cells	Endo_1	11.8351535797119	-1.88657879829407
GC06T:AATCCAGGTCGCGGTT	GC06T	3997.0	1815	0.08981736	Tumor	P6	Endothelial cells	Endo_3	10.1718626022339	3.0505445003509504
GC06T:ACACCAATCGTAGGAG	GC06T	13260.0	3939	0.04683258	Tumor	P6	Endothelial cells	Endo_1	11.8093929290771	-2.59535002708435
GC06T:ACACTGAAGGGCACTA	GC06T	6676.0	2016	0.11983223	Tumor	P6	Smooth muscle cells	SMC_1	-0.588793694972992	-12.3558292388916
GC06T:ACACTGAGTTAAAGTG	GC06T	2371.0	1041	0.18135808	Tumor	P6	Endothelial cells	Endo_1	10.1733903884888	-0.319185435771942
GC06T:ACAGCCGCATGTCCTC	GC06T	12481.0	3758	0.041823573	Tumor	P6	Endothelial cells	Endo_4	11.961142539978	-5.09060955047607
GC06T:ACAGCCGTCCACGTGG	GC06T	18596.0	4854	0.037857603	Tumor	P6	Endothelial cells	Endo_4	11.809594154357901	-4.93749666213989
GC06T:ACAGCTACATATGAGA	GC06T	3572.0	1539	0.14893617	Tumor	P6	Endothelial cells	Endo_1	9.182432174682619	0.34186589717865007
GC06T:ACAGCTATCACGCATA	GC06T	10025.0	3680	0.024937656	Tumor	P6	Endothelial cells	Endo_4	11.9165458679199	-6.15224552154541
GC06T:ACATACGAGACTGTAA	GC06T	2134.0	1070	0.19165885	Tumor	P6	Endothelial cells	Endo_1	11.123149871826199	-1.26029229164124
GC06T:ACATGGTAGAGCTTCT	GC06T	4083.0	1583	0.060494736	Tumor	P6	Endothelial cells	Endo_1	11.559825897216802	-0.166582837700844
GC06T:ACATGGTCACAGGAGT	GC06T	3134.0	1420	0.27600512	Tumor	P6	Endothelial cells	Endo_1	11.2673330307007	-0.28001570701599104
GC06T:ACATGGTTCAGTTAGC	GC06T	15004.0	3996	0.053319115	Tumor	P6	Endothelial cells	Endo_1	12.641467094421401	0.17915190756320998
GC06T:ACCAGTATCTTGTCAT	GC06T	33907.0	6476	0.037248947	Tumor	P6	Endothelial cells	Endo_1	11.431884765625	-0.0434805080294609
GC06T:ACCTTTACACATCCAA	GC06T	8916.0	3039	0.07267833	Tumor	P6	Fibroblasts	Fib_1	-6.87669134140015	8.307065963745119
GC06T:ACGAGCCTCAATACCG	GC06T	28380.0	5590	0.04418605	Tumor	P6	Endothelial cells	Endo_1	12.1472930908203	-1.5833617448806798
GC06T:ACGAGGAAGATATACG	GC06T	2083.0	1025	0.1281805	Tumor	P6	Endothelial cells	Endo_1	12.0638036727905	-1.1405726671218899
GC06T:ACGAGGAGTGGTCTCG	GC06T	15896.0	3746	0.043029692	Tumor	P6	Endothelial cells	Endo_1	11.598923683166499	0.337831169366837
GC06T:ACGAGGAGTGTCCTCT	GC06T	4193.0	1496	0.06033866	Tumor	P6	Endothelial cells	Endo_1	9.81151962280273	0.8344338536262509
GC06T:ACGATGTTCTACTATC	GC06T	3113.0	1219	0.24863476	Tumor	P6	Endothelial cells	Endo_1	9.1440372467041	0.454129904508591
GC06T:ACGCAGCCATGTCTCC	GC06T	9625.0	2810	0.06472727	Tumor	P6	Endothelial cells	Endo_1	11.4295320510864	0.174556598067284
GC06T:ACGCAGCTCCAAGTAC	GC06T	7286.0	3017	0.0734285	Tumor	P6	Endothelial cells	Endo_1	12.0700416564941	-2.84736156463623
GC06T:ACGCCAGAGATCCCAT	GC06T	624.0	344	0.24839744	Tumor	P6	Endothelial cells	Endo_1	10.3204307556152	-1.5805732011795
GC06T:ACGCCAGCACACCGAC	GC06T	18822.0	4409	0.055732653	Tumor	P6	Endothelial cells	Endo_1	11.5527782440186	-1.88884997367859
GC06T:ACGCCAGGTACGAAAT	GC06T	8883.0	2496	0.0668693	Tumor	P6	Endothelial cells	Endo_3	10.1269388198853	1.8617434501647903
GC06T:ACGCCAGGTCAATACC	GC06T	908.0	458	0.22687225	Tumor	P6	Endothelial cells	Endo_1	9.6029634475708	-0.208768606185913
GC06T:ACGCCGAGTGCAGACA	GC06T	22864.0	4952	0.04819804	Tumor	P6	Endothelial cells	Endo_1	10.904211997985803	0.8310070633888241
GC06T:ACGGAGAAGGCGACAT	GC06T	1123.0	591	0.15494213	Tumor	P6	Endothelial cells	Endo_1	10.5478210449219	-0.34612956643104603
GC06T:ACGGAGAAGTTACGGG	GC06T	9982.0	3002	0.060108196	Tumor	P6	Endothelial cells	Endo_1	10.497518539428699	1.13865685462952
GC06T:ACGGCCACACTTCTGC	GC06T	10496.0	3316	0.05144817	Tumor	P6	Endothelial cells	Endo_3	9.60764312744141	2.17132329940796
GC06T:ACGGGTCGTCGGCACT	GC06T	1584.0	891	0.09848485	Tumor	P6	Endothelial cells	Endo_1	10.2364816665649	2.04019570350647
GC06T:ACGTCAATCTAGAGTC	GC06T	9890.0	3516	0.039534885	Tumor	P6	Endothelial cells	Endo_4	12.1082372665405	-5.71974420547485
GC06T:ACTGAACCAGCCAATT	GC06T	20866.0	4514	0.043611616	Tumor	P6	Myofibroblasts	Myofibroblasts	-8.37159824371338	0.851253509521484
GC06T:ACTGAACTCCAGTATG	GC06T	20700.0	4965	0.039420288	Tumor	P6	Smooth muscle cells	SMC_1	0.25750318169593805	-9.27136611938477
GC06T:ACTGATGTCGAATGCT	GC06T	8523.0	2824	0.06699519	Tumor	P6	Endothelial cells	Endo_1	12.9925804138184	-0.667853534221649
GC06T:ACTGCTCTCATCTGTT	GC06T	2291.0	1061	0.21955478	Tumor	P6	Endothelial cells	Endo_1	9.13325023651123	0.194251209497452
GC06T:ACTGCTCTCTCAACTT	GC06T	17271.0	4543	0.039314456	Tumor	P6	Endothelial cells	Endo_3	9.43686008453369	1.96381819248199
GC06T:ACTGTCCAGTGTTGAA	GC06T	23031.0	4955	0.047153838	Tumor	P6	Endothelial cells	Endo_1	11.998126029968299	0.0231183972209692
GC06T:ACTTACTAGTCAATAG	GC06T	15550.0	4225	0.12327974	Tumor	P6	Endothelial cells	Endo_4	11.834231376647901	-4.9918360710144
GC06T:ACTTGTTAGCTGAAAT	GC06T	4610.0	1968	0.045553144	Tumor	P6	Smooth muscle cells	SMC_1	0.376043438911438	-10.661593437194801
GC06T:ACTTTCAAGCCAGTTT	GC06T	23788.0	5041	0.03766605	Tumor	P6	Endothelial cells	Endo_3	8.65133666992188	2.1272087097168
GC06T:AGAGCTTAGCTAGTGG	GC06T	16628.0	4889	0.021890787	Tumor	P6	Endothelial cells	Endo_4	11.784686088562	-5.0810284614563
GC06T:AGAGTGGAGATTACCC	GC06T	11216.0	3150	0.0453816	Tumor	P6	Endothelial cells	Endo_3	10.0079984664917	1.9155019521713301
GC06T:AGAGTGGCAAACGCGA	GC06T	7666.0	2927	0.029350378	Tumor	P6	Endothelial cells	Endo_1	10.755130767822301	0.9705828428268429
GC06T:AGATCTGAGTTAACGA	GC06T	2837.0	1237	0.13711667	Tumor	P6	Endothelial cells	Endo_1	10.1699209213257	1.7961782217025801
GC06T:AGATTGCCAAGAGTCG	GC06T	6654.0	1962	0.12864442	Tumor	P6	Fibroblasts	Fib_3	-4.599937915802	5.404104709625241
GC06T:AGATTGCCATCATCCC	GC06T	6030.0	1937	0.044278607	Tumor	P6	Smooth muscle cells	SMC_2	-3.75717520713806	-12.327617645263699
GC06T:AGCATACCATCGATGT	GC06T	3902.0	1565	0.06099436	Tumor	P6	Endothelial cells	Endo_1	9.90910053253174	1.23192918300629
GC06T:AGCATACCATTAGGCT	GC06T	2401.0	1185	0.20074968	Tumor	P6	Endothelial cells	Endo_1	10.813317298889197	-2.5958230495452903
GC06T:AGCATACTCTTAACCT	GC06T	17295.0	4999	0.028042788	Tumor	P6	Endothelial cells	Endo_1	12.5020198822021	-2.7368905544281
GC06T:AGCCTAATCGGTCCGA	GC06T	11943.0	3638	0.04655447	Tumor	P6	Endothelial cells	Endo_1	12.0293416976929	0.522844016551971
GC06T:AGCGGTCGTCATGCCG	GC06T	11047.0	3526	0.034579523	Tumor	P6	Endothelial cells	Endo_4	11.841775894165002	-6.51369905471802
GC06T:AGCGGTCTCGGACAAG	GC06T	6571.0	2674	0.10105007	Tumor	P6	Endothelial cells	Endo_4	12.1387004852295	-4.63745832443237
GC06T:AGCGGTCTCGTGGACC	GC06T	20997.0	4755	0.032052197	Tumor	P6	Endothelial cells	Endo_1	11.1645946502686	-2.1209697723388703
GC06T:AGCGTATCATTCGACA	GC06T	16363.0	4186	0.04730184	Tumor	P6	Endothelial cells	Endo_1	10.877835273742699	0.896972119808197
GC06T:AGCGTATGTGAAGGCT	GC06T	3782.0	1399	0.20200951	Tumor	P6	Fibroblasts	Fib_1	-7.8418292999267605	7.78377771377563
GC06T:AGCTCCTAGCCAGTTT	GC06T	11581.0	3728	0.04757793	Tumor	P6	Endothelial cells	Endo_1	11.3046264648438	1.3713129758834801
GC06T:AGCTCCTGTCTAGTCA	GC06T	1615.0	898	0.18204334	Tumor	P6	Endothelial cells	Endo_1	10.526238441467301	-0.5679950118064879
GC06T:AGCTCCTTCAGCGATT	GC06T	2282.0	1232	0.10473269	Tumor	P6	Endothelial cells	Endo_1	9.25143527984619	0.25180912017822304
GC06T:AGCTCCTTCGCTTGTC	GC06T	8011.0	2860	0.054674823	Tumor	P6	Endothelial cells	Endo_1	11.083832740783699	1.26045036315918
GC06T:AGCTCTCGTACTCTCC	GC06T	2582.0	1208	0.24012393	Tumor	P6	Endothelial cells	Endo_1	9.07656764984131	0.20302210748195604
GC06T:AGGCCACAGTGTTTGC	GC06T	28715.0	5910	0.022427304	Tumor	P6	Fibroblasts	Fib_1	-5.862512111663821	7.354205131530759
GC06T:AGGGAGTCATTTCAGG	GC06T	11489.0	3884	0.036991905	Tumor	P6	Endothelial cells	Endo_4	12.0637645721436	-5.12084817886353
GC06T:AGGGAGTTCAATCTCT	GC06T	12284.0	3876	0.032562684	Tumor	P6	Endothelial cells	Endo_1	11.6462669372559	-3.0400166511535605
GC06T:AGGGATGAGGCTAGCA	GC06T	19293.0	4723	0.045353238	Tumor	P6	Endothelial cells	Endo_1	12.0599708557129	0.285606235265732
GC06T:AGGGATGTCATTTGGG	GC06T	12251.0	3813	0.031997386	Tumor	P6	Endothelial cells	Endo_1	12.150151252746598	-4.04767751693726
GC06T:AGGTCATTCAGTTAGC	GC06T	4823.0	1967	0.0978644	Tumor	P6	Endothelial cells	Endo_1	8.91846752166748	0.44305282831192
GC06T:AGGTCCGAGCCCAACC	GC06T	13366.0	3718	0.038156517	Tumor	P6	Endothelial cells	Endo_3	10.3048439025879	1.6618219614028897
GC06T:AGTAGTCGTCCGAACC	GC06T	1660.0	921	0.118072286	Tumor	P6	Endothelial cells	Endo_4	12.1942358016968	-5.863983154296879
GC06T:AGTCTTTTCGAGAACG	GC06T	11129.0	3280	0.14520621	Tumor	P6	Endothelial cells	Endo_1	12.5289993286133	-2.38772034645081
GC06T:AGTCTTTTCGTTTAGG	GC06T	2559.0	1180	0.23681125	Tumor	P6	Endothelial cells	Endo_1	8.76267528533936	0.34938496351242104
GC06T:AGTGGGAAGGCAATTA	GC06T	18972.0	4661	0.042958044	Tumor	P6	Endothelial cells	Endo_1	11.553430557251	0.500358760356903
GC06T:AGTGGGATCGTTACAG	GC06T	2248.0	1020	0.2878114	Tumor	P6	Endothelial cells	Endo_1	11.3088159561157	-0.632822036743164
GC06T:AGTGTCACAAGTACCT	GC06T	10680.0	3909	0.019756554	Tumor	P6	Endothelial cells	Endo_1	12.2042560577393	-2.80303049087524
GC06T:AGTGTCAGTTGCGCAC	GC06T	1758.0	1033	0.16040955	Tumor	P6	Endothelial cells	Endo_1	9.19962215423584	0.37262755632400496
GC06T:AGTGTCATCAACCATG	GC06T	1401.0	841	0.10706638	Tumor	P6	Smooth muscle cells	SMC_1	0.14423377811908702	-10.272603034973098
GC06T:ATAACGCCAGATCCAT	GC06T	23302.0	5588	0.035919663	Tumor	P6	Endothelial cells	Endo_1	11.142817497253402	0.702811300754547
GC06T:ATAAGAGCAGCCACCA	GC06T	10932.0	3642	0.023783388	Tumor	P6	Endothelial cells	Endo_4	11.795363426208501	-6.85247039794922
GC06T:ATAGACCAGACTCGGA	GC06T	17116.0	4164	0.048200514	Tumor	P6	Endothelial cells	Endo_3	10.4518938064575	0.762151300907135
GC06T:ATAGACCTCGAGCCCA	GC06T	14753.0	3967	0.057683185	Tumor	P6	Endothelial cells	Endo_1	11.149453163147	-2.05577778816223
GC06T:ATAGACCTCGCAAGCC	GC06T	1684.0	804	0.2743468	Tumor	P6	Endothelial cells	Endo_1	11.5266275405884	-1.47922003269196
GC06T:ATCACGAGTGTGACGA	GC06T	10509.0	3426	0.03929965	Tumor	P6	Endothelial cells	Endo_1	12.933372497558599	-0.693497598171234
GC06T:ATCATCTAGGTTCCTA	GC06T	3792.0	1605	0.20833333	Tumor	P6	Endothelial cells	Endo_3	9.83815670013428	2.61365413665771
GC06T:ATCATCTCAAGTTAAG	GC06T	25029.0	5396	0.07850893	Tumor	P6	Endothelial cells	Endo_1	12.2499561309814	-1.9090219736099199
GC06T:ATCATGGAGCTCAACT	GC06T	16015.0	4290	0.053574774	Tumor	P6	Endothelial cells	Endo_1	11.8800601959229	0.519321501255035
GC06T:ATCATGGCATATACGC	GC06T	6735.0	2314	0.257758	Tumor	P6	Fibroblasts	Fib_1	-6.423630237579349	6.221209526062009
GC06T:ATCATGGTCTTGGGTA	GC06T	2344.0	1088	0.19667235	Tumor	P6	Endothelial cells	Endo_1	11.1553192138672	-0.47194814682006797
GC06T:ATCCACCCACCTCGGA	GC06T	939.0	611	0.0543131	Tumor	P6	Endothelial cells	Endo_1	10.2817964553833	-1.2001273632049598
GC06T:ATCCACCTCCATGAAC	GC06T	13556.0	4367	0.033048097	Tumor	P6	Endothelial cells	Endo_1	12.2783298492432	-3.9233157634735094
GC06T:ATCCGAAAGCAATATG	GC06T	20493.0	4876	0.053823255	Tumor	P6	Endothelial cells	Endo_1	12.1121377944946	0.14743201434612302
GC06T:ATCCGAACAGTAGAGC	GC06T	3380.0	1636	0.13076924	Tumor	P6	Endothelial cells	Endo_1	9.3452844619751	0.7844315767288209
GC06T:ATCGAGTAGTTCGATC	GC06T	33882.0	5888	0.047724456	Tumor	P6	Endothelial cells	Endo_3	9.07590103149414	1.4846161603927601
GC06T:ATCGAGTTCGAGCCCA	GC06T	11062.0	3140	0.059754115	Tumor	P6	Endothelial cells	Endo_1	12.8891925811768	-0.30476796627044705
GC06T:ATCTACTAGACCTTTG	GC06T	2552.0	1345	0.169279	Tumor	P6	Endothelial cells	Endo_1	11.4205865859985	-1.37788105010986
GC06T:ATCTACTTCTTCATGT	GC06T	23131.0	5265	0.040594872	Tumor	P6	Endothelial cells	Endo_1	12.356318473815902	-0.20886541903018999
GC06T:ATCTGCCCACACGCTG	GC06T	15698.0	4030	0.037457	Tumor	P6	Fibroblasts	Fib_1	-7.34097719192505	7.53234338760376
GC06T:ATCTGCCCACGTTGGC	GC06T	25145.0	4860	0.051381983	Tumor	P6	Endothelial cells	Endo_1	11.9038782119751	-0.6019521951675421
GC06T:ATCTGCCCAGGGTATG	GC06T	3787.0	1683	0.08397148	Tumor	P6	Endothelial cells	Endo_3	10.0124855041504	3.0562596321105997
GC06T:ATCTGCCGTAGCGCTC	GC06T	2006.0	935	0.27617148	Tumor	P6	Endothelial cells	Endo_1	10.9413795471191	-1.86403036117554
GC06T:ATCTGCCGTCCGAATT	GC06T	29563.0	5494	0.04884484	Tumor	P6	Endothelial cells	Endo_1	11.760171890258801	-1.6361654996871902
GC06T:ATGAGGGAGGAGTACC	GC06T	2661.0	1193	0.27921835	Tumor	P6	Endothelial cells	Endo_1	11.458702087402301	-0.7301113605499271
GC06T:ATGAGGGCACTCGACG	GC06T	1280.0	763	0.16484375	Tumor	P6	Endothelial cells	Endo_1	10.557119369506802	-0.99827367067337
GC06T:ATGCGATTCTCTGCTG	GC06T	5654.0	2274	0.04863813	Tumor	P6	Endothelial cells	Endo_3	10.473560333252	2.2293040752410898
GC06T:ATGTGTGAGCAAATCA	GC06T	17233.0	4798	0.05483665	Tumor	P6	Endothelial cells	Endo_1	12.1487083435059	0.384586453437805
GC06T:ATGTGTGAGGCCCGTT	GC06T	10046.0	3431	0.04359944	Tumor	P6	Endothelial cells	Endo_1	12.2841463088989	-3.22718405723572
GC06T:ATGTGTGTCGCACTCT	GC06T	17594.0	4408	0.025349552	Tumor	P6	Endothelial cells	Endo_1	11.4550676345825	-2.26931405067444
GC06T:ATTACTCGTAAATGAC	GC06T	19113.0	4658	0.054465547	Tumor	P6	Smooth muscle cells	SMC_1	0.9042799472808841	-9.74157333374023
GC06T:ATTACTCTCAGCTCGG	GC06T	15894.0	4258	0.029193407	Tumor	P6	Endothelial cells	Endo_4	11.883289337158198	-6.75330352783203
GC06T:ATTATCCCAATCCGAT	GC06T	4573.0	1821	0.2346381	Tumor	P6	Endothelial cells	Endo_1	12.0379056930542	-2.02092695236206
GC06T:ATTATCCCAGGATCGA	GC06T	27785.0	5100	0.055749506	Tumor	P6	Fibroblasts	Fib_1	-5.48007678985596	6.02683162689209
GC06T:ATTATCCGTTCCAACA	GC06T	1420.0	735	0.2802817	Tumor	P6	Endothelial cells	Endo_1	11.041786193847699	-0.777423441410065
GC06T:ATTATCCTCCGTCATC	GC06T	811.0	417	0.2922318	Tumor	P6	Smooth muscle cells	SMC_1	0.617078721523285	-9.98892879486084
GC06T:ATTATCCTCTAACGGT	GC06T	1842.0	994	0.042345278	Tumor	P6	Endothelial cells	Endo_1	10.579291343688999	-1.4160871505737298
GC06T:ATTCTACAGTCCAGGA	GC06T	3128.0	1263	0.28101024	Tumor	P6	Endothelial cells	Endo_1	8.895012855529789	0.22154340147972099
GC06T:ATTGGACTCCGTTGCT	GC06T	32054.0	5780	0.036126535	Tumor	P6	Fibroblasts	Fib_1	-5.34971809387207	6.1207156181335405
GC06T:ATTGGTGAGTACGTAA	GC06T	2071.0	1059	0.20666344	Tumor	P6	Endothelial cells	Endo_1	11.248950958252001	-0.8849312067031859
GC06T:ATTGGTGGTTACTGAC	GC06T	2218.0	1190	0.12759243	Tumor	P6	Endothelial cells	Endo_1	10.4129228591919	1.73825490474701
GC06T:CAACCAAAGACAGAGA	GC06T	552.0	403	0.072463766	Tumor	P6	Endothelial cells	Endo_1	9.93196868896484	-0.9816794395446781
GC06T:CAACCAACACATTTCT	GC06T	18560.0	4990	0.03970905	Tumor	P6	Endothelial cells	Endo_4	11.907084465026902	-4.97138404846191
GC06T:CAACCAACACCTCGGA	GC06T	12848.0	3698	0.032534245	Tumor	P6	Endothelial cells	Endo_1	10.982092857360803	0.974770486354828
GC06T:CAACTAGAGGTGTTAA	GC06T	7492.0	2983	0.08889482	Tumor	P6	Endothelial cells	Endo_1	12.488433837890598	0.47967162728309604
GC06T:CAAGAAATCGCTTGTC	GC06T	14399.0	3602	0.07187999	Tumor	P6	Fibroblasts	Fib_1	-6.10995721817017	5.87021732330322
GC06T:CAAGATCGTAATCGTC	GC06T	10892.0	3713	0.031858243	Tumor	P6	Endothelial cells	Endo_1	12.559913635253901	-3.4663534164428698
GC06T:CAAGGCCTCAGAGACG	GC06T	16010.0	4123	0.035852592	Tumor	P6	Fibroblasts	Fib_1	-6.7769513130188	5.835739612579349
GC06T:CACAAACCAAGTACCT	GC06T	18161.0	4772	0.059357964	Tumor	P6	Endothelial cells	Endo_1	12.4718914031982	0.0258966144174337
GC06T:CACACAATCGGCTACG	GC06T	12939.0	4031	0.054331865	Tumor	P6	Endothelial cells	Endo_1	12.400716781616199	-3.79377150535583
GC06T:CACACCTAGAGGTTGC	GC06T	18927.0	4706	0.052517567	Tumor	P6	Endothelial cells	Endo_1	12.4221363067627	-2.09604334831238
GC06T:CACACCTCATTGCGGC	GC06T	8947.0	2905	0.06292612	Tumor	P6	Endothelial cells	Endo_1	10.831988334655799	1.3472412824630702
GC06T:CACACCTTCAAGGCTT	GC06T	21404.0	5273	0.03742291	Tumor	P6	Endothelial cells	Endo_1	11.390838623046902	-2.0885379314422603
GC06T:CACAGGCAGTGAATTG	GC06T	21469.0	4867	0.035493035	Tumor	P6	Endothelial cells	Endo_3	9.647233963012699	1.59081208705902
GC06T:CACAGGCGTTCGTGAT	GC06T	7822.0	2506	0.056251597	Tumor	P6	Smooth muscle cells	SMC_2	-3.6113522052764906	-13.468165397644
GC06T:CACAGTACACTTACGA	GC06T	1699.0	907	0.19070041	Tumor	P6	Endothelial cells	Endo_1	9.05833625793457	-2.79877853393555
GC06T:CACATTTCACCATGTA	GC06T	2181.0	981	0.080238424	Tumor	P6	Endothelial cells	Endo_1	9.773557662963869	1.3222056627273602
GC06T:CACATTTGTAAAGTCA	GC06T	11511.0	3681	0.02562766	Tumor	P6	Endothelial cells	Endo_4	11.640851020813	-6.41026496887207
GC06T:CACATTTGTGCCTGGT	GC06T	26144.0	5169	0.033124235	Tumor	P6	Fibroblasts	Fib_1	-6.0976824760437	7.58312273025513
GC06T:CACATTTGTTCAACCA	GC06T	31649.0	6240	0.03282884	Tumor	P6	Fibroblasts	Fib_1	-5.8608088493347195	7.241450309753421
GC06T:CACCACTGTTAAGACA	GC06T	2219.0	1125	0.21856692	Tumor	P6	Endothelial cells	Endo_3	10.5080976486206	3.0157659053802504
GC06T:CAGAGAGAGTGCGTGA	GC06T	4177.0	1603	0.096001916	Tumor	P6	Fibroblasts	Fib_3	-4.282739162445069	5.27392244338989
GC06T:CAGAGAGCAGGCAGTA	GC06T	13226.0	3644	0.04528958	Tumor	P6	Endothelial cells	Endo_3	9.33977127075195	1.82812023162842
GC06T:CAGATCACAGACAGGT	GC06T	23580.0	5198	0.047625106	Tumor	P6	Endothelial cells	Endo_3	9.94125747680664	0.79122269153595
GC06T:CAGATCATCGAGGTAG	GC06T	1768.0	909	0.23133484	Tumor	P6	Endothelial cells	Endo_1	9.11182498931885	1.008913397789
GC06T:CAGCAGCCAACTGGCC	GC06T	21701.0	5514	0.033039954	Tumor	P6	Endothelial cells	Endo_1	11.6996974945068	0.40257203578948997
GC06T:CAGCAGCGTCCAGTGC	GC06T	546.0	357	0.16666667	Tumor	P6	Fibroblasts	Fib_3	-4.5107216835022	7.09182214736938
GC06T:CAGCATAAGTAAGTAC	GC06T	15186.0	3987	0.025352297	Tumor	P6	Endothelial cells	Endo_1	12.6311483383179	-0.285110741853714
GC06T:CAGCATACACATGACT	GC06T	1079.0	578	0.19462465	Tumor	P6	Smooth muscle cells	SMC_1	0.209185004234314	-11.8492441177368
GC06T:CAGCCGAAGTACGCGA	GC06T	20524.0	4943	0.03849152	Tumor	P6	Endothelial cells	Endo_1	12.610051155090302	-0.275020360946655
GC06T:CAGCCGATCACAATGC	GC06T	15468.0	4453	0.044543575	Tumor	P6	Endothelial cells	Endo_1	11.275883674621598	-2.9309995174408
GC06T:CAGCCGATCAGTTTGG	GC06T	21941.0	5221	0.032997586	Tumor	P6	Endothelial cells	Endo_1	11.097039222717301	0.308662623167038
GC06T:CAGCTAAAGGAATGGA	GC06T	1584.0	873	0.1875	Tumor	P6	Endothelial cells	Endo_1	11.0985021591187	-0.6638472676277161
GC06T:CAGCTAACAGTGACAG	GC06T	826.0	509	0.23002422	Tumor	P6	Endothelial cells	Endo_1	10.485323905944801	-0.554890692234039
GC06T:CAGCTGGCATATGAGA	GC06T	12384.0	3759	0.06750646	Tumor	P6	Endothelial cells	Endo_1	13.4431705474854	-1.7069299221038798
GC06T:CAGCTGGGTACCTACA	GC06T	16327.0	4188	0.04422123	Tumor	P6	Endothelial cells	Endo_3	9.341267585754391	1.75593388080597
GC06T:CAGGTGCAGTAGATGT	GC06T	2388.0	1034	0.27428812	Tumor	P6	Endothelial cells	Endo_1	10.069695472717301	-0.270912975072861
GC06T:CAGGTGCCAGTATGCT	GC06T	5686.0	2023	0.23109391	Tumor	P6	Endothelial cells	Endo_1	9.11569309234619	-1.3507978916168202
GC06T:CAGTCCTCAGTCGATT	GC06T	1453.0	695	0.28905714	Tumor	P6	Fibroblasts	Fib_3	-3.919926404953	6.0036916732788095
GC06T:CAGTCCTGTAGCGTCC	GC06T	14707.0	4197	0.053103965	Tumor	P6	Endothelial cells	Endo_1	12.6109962463379	-1.5543851852416999
GC06T:CATCAAGCAAGTAGTA	GC06T	5224.0	2010	0.0003828484	Tumor	P6	Endothelial cells	Endo_1	9.91965103149414	-1.06805324554443
GC06T:CATCAAGTCCCTCAGT	GC06T	985.0	529	0.2680203	Tumor	P6	Endothelial cells	Endo_1	10.6456270217896	-1.86018657684326
GC06T:CATCAAGTCCGTCAAA	GC06T	3453.0	1624	0.20648712	Tumor	P6	Endothelial cells	Endo_1	11.780158042907699	-1.03400528430939
GC06T:CATCAAGTCTAACTGG	GC06T	1190.0	674	0.23193277	Tumor	P6	Endothelial cells	Endo_1	9.85503196716309	-0.0471438616514206
GC06T:CATCCACGTTCAACCA	GC06T	36105.0	6246	0.039468218	Tumor	P6	Endothelial cells	Endo_1	11.9088220596313	-0.919411838054657
GC06T:CATCGGGCAGTGAGTG	GC06T	11187.0	3451	0.05238223	Tumor	P6	Endothelial cells	Endo_3	10.1351461410522	1.81174087524414
GC06T:CATCGGGCATCCCATC	GC06T	9134.0	2754	0.054302607	Tumor	P6	Endothelial cells	Endo_1	13.473987579345698	-1.39583742618561
GC06T:CATGGCGTCCGTTGTC	GC06T	6094.0	2496	0.034131933	Tumor	P6	Endothelial cells	Endo_4	11.8034086227417	-5.130939960479741
GC06T:CATTCGCAGAAACCTA	GC06T	23318.0	5233	0.06690111	Tumor	P6	Endothelial cells	Endo_1	12.6808023452759	-1.73125743865967
GC06T:CCAATCCGTAAAGGAG	GC06T	19172.0	4787	0.046369705	Tumor	P6	Endothelial cells	Endo_2	8.257627487182619	-2.6793873310089102
GC06T:CCAATCCGTACAGCAG	GC06T	12657.0	3965	0.040451925	Tumor	P6	Endothelial cells	Endo_3	10.691430091857901	1.08008074760437
GC06T:CCAATCCGTAGCACGA	GC06T	10044.0	3241	0.039127838	Tumor	P6	Endothelial cells	Endo_1	11.699353218078599	-2.92719483375549
GC06T:CCAATCCGTAGCTGCC	GC06T	897.0	499	0.29208472	Tumor	P6	Endothelial cells	Endo_1	9.01492977142334	0.21994063258171104
GC06T:CCAGCGATCTCGCATC	GC06T	17465.0	4760	0.045691382	Tumor	P6	Endothelial cells	Endo_1	11.3853979110718	0.870118737220764
GC06T:CCATGTCAGAACAACT	GC06T	4933.0	1952	0.06020677	Tumor	P6	Smooth muscle cells	SMC_2	-3.54641890525818	-13.3429765701294
GC06T:CCATTCGCACGCATCG	GC06T	5440.0	2330	0.058088236	Tumor	P6	Endothelial cells	Endo_4	11.979962348938	-6.014704704284671
GC06T:CCCAATCCACAGGTTT	GC06T	11698.0	3367	0.028295435	Tumor	P6	Endothelial cells	Endo_1	10.5995025634766	1.4132707118988002
GC06T:CCCAATCCAGGTCTCG	GC06T	2349.0	1241	0.07024266	Tumor	P6	Endothelial cells	Endo_1	11.7456531524658	-3.1698627471923797
GC06T:CCCAGTTAGCGTTGCC	GC06T	30197.0	6104	0.03136073	Tumor	P6	Endothelial cells	Endo_1	10.144990921020499	-2.1520178318023704
GC06T:CCCAGTTCATGTTCCC	GC06T	3544.0	1553	0.09791196	Tumor	P6	Endothelial cells	Endo_3	9.62387275695801	3.2912232875823997
GC06T:CCCATACCATCGATGT	GC06T	1324.0	639	0.054380666	Tumor	P6	Smooth muscle cells	SMC_1	-0.364910155534744	-9.154603958129881
GC06T:CCCTCCTAGCCAGAAC	GC06T	2219.0	989	0.29292473	Tumor	P6	Endothelial cells	Endo_1	8.95649147033691	0.21061755716800698
GC06T:CCCTCCTGTGTTTGTG	GC06T	3139.0	1526	0.110226184	Tumor	P6	Endothelial cells	Endo_1	10.5151739120483	0.647540986537933
GC06T:CCGGTAGAGACATAAC	GC06T	3024.0	1352	0.22453703	Tumor	P6	Endothelial cells	Endo_1	11.3872232437134	-0.653668820858002
GC06T:CCGGTAGTCTGGTATG	GC06T	11522.0	3629	0.045391425	Tumor	P6	Endothelial cells	Endo_1	11.272934913635302	-2.847496509552
GC06T:CCGTACTTCGTACGGC	GC06T	19116.0	4431	0.04017577	Tumor	P6	Endothelial cells	Endo_1	11.8528833389282	-2.0807294845581104
GC06T:CCGTACTTCTTGTATC	GC06T	24407.0	5548	0.06387512	Tumor	P6	Endothelial cells	Endo_1	11.850949287414599	-1.6985614299774199
GC06T:CCGTGGAAGCGCTCCA	GC06T	4405.0	1539	0.058342792	Tumor	P6	Endothelial cells	Endo_1	10.058776855468802	0.6000015139579771
GC06T:CCGTGGAAGTGAACGC	GC06T	5089.0	1765	0.057575163	Tumor	P6	Smooth muscle cells	SMC_2	-4.23015546798706	-12.617467880249
GC06T:CCGTTCATCACAATGC	GC06T	37659.0	6551	0.057064712	Tumor	P6	Endothelial cells	Endo_1	11.8998565673828	-1.1217843294143701
GC06T:CCTAAAGAGCTTTGGT	GC06T	12229.0	3203	0.056913894	Tumor	P6	Endothelial cells	Endo_3	9.35689544677734	1.71658611297607
GC06T:CCTAAAGTCTACTATC	GC06T	10440.0	3095	0.05210728	Tumor	P6	Smooth muscle cells	SMC_1	-2.89546847343445	-13.4390459060669
GC06T:CCTACACGTTGTGGAG	GC06T	5417.0	1933	0.0871331	Tumor	P6	Endothelial cells	Endo_1	11.395953178405799	-0.0134124094620347
GC06T:CCTAGCTGTACCGAGA	GC06T	3760.0	1538	0.28936172	Tumor	P6	Endothelial cells	Endo_1	12.355473518371598	-1.88298881053925
GC06T:CCTCTGAAGCCCAACC	GC06T	2448.0	1123	0.22017974	Tumor	P6	Endothelial cells	Endo_1	11.194428443908699	-1.5426644086837802
GC06T:CCTCTGACAGACACTT	GC06T	1765.0	893	0.13541077	Tumor	P6	Fibroblasts	Fib_3	-3.77424693107605	6.8850407600402805
GC06T:CCTCTGATCGGATGGA	GC06T	3679.0	1672	0.14705083	Tumor	P6	Endothelial cells	Endo_1	10.384589195251499	0.558773338794708
GC06T:CCTTCGACAGCCAGAA	GC06T	9773.0	3084	0.08226747	Tumor	P6	Fibroblasts	Fib_1	-7.337528228759769	8.27063655853271
GC06T:CCTTTCTGTAATCGTC	GC06T	7370.0	2642	0.031071912	Tumor	P6	Smooth muscle cells	SMC_1	0.8766151070594791	-11.0752038955688
GC06T:CCTTTCTGTCCAGTTA	GC06T	2231.0	1111	0.10309278	Tumor	P6	Endothelial cells	Endo_1	9.96154689788818	0.673083066940308
GC06T:CCTTTCTGTTAGGGTG	GC06T	943.0	489	0.29798517	Tumor	P6	Smooth muscle cells	SMC_1	-0.754525542259216	-12.177318572997999
GC06T:CCTTTCTTCTGCAGTA	GC06T	3597.0	1595	0.1206561	Tumor	P6	Endothelial cells	Endo_1	11.5452404022217	-1.2513217926025402
GC06T:CGAACATAGCTGAAAT	GC06T	6061.0	2312	0.082659625	Tumor	P6	Smooth muscle cells	SMC_1	-0.17775481939315804	-12.4008235931396
GC06T:CGAATGTCATGTTGAC	GC06T	27859.0	5775	0.033561867	Tumor	P6	Endothelial cells	Endo_3	9.06652069091797	1.5096240043640101
GC06T:CGACCTTAGTCATCCA	GC06T	16159.0	4158	0.035583884	Tumor	P6	Smooth muscle cells	SMC_1	1.15867280960083	-10.2824296951294
GC06T:CGACCTTAGTGTGAAT	GC06T	8301.0	3187	0.02794844	Tumor	P6	Fibroblasts	Fib_1	-6.5811061859130895	9.32105445861816
GC06T:CGACTTCCACCGTTGG	GC06T	16399.0	4241	0.04622233	Tumor	P6	Endothelial cells	Endo_1	12.8385696411133	-0.48218545317649797
GC06T:CGACTTCTCTTGACGA	GC06T	1601.0	833	0.21798876	Tumor	P6	Endothelial cells	Endo_1	9.494855880737301	-0.11859931796789198
GC06T:CGAGAAGGTCTAGAGG	GC06T	11098.0	3285	0.049828798	Tumor	P6	Fibroblasts	Fib_2	-5.89105939865112	8.25565147399902
GC06T:CGAGAAGTCGTTGCCT	GC06T	10240.0	3146	0.07519531	Tumor	P6	Endothelial cells	Endo_1	11.9475431442261	-1.0837185382843002
GC06T:CGAGCACCATCAGTAC	GC06T	14476.0	3747	0.044832826	Tumor	P6	Endothelial cells	Endo_3	9.364988327026369	1.9450272321701003
GC06T:CGAGCCAAGGGTTTCT	GC06T	7638.0	2339	0.04124116	Tumor	P6	Fibroblasts	Fib_2	-3.93683123588562	9.2147274017334
GC06T:CGAGCCACACCGGAAA	GC06T	19805.0	4718	0.039636455	Tumor	P6	Fibroblasts	Fib_1	-6.23411226272583	4.8158917427063
GC06T:CGAGCCACATTAGCCA	GC06T	526.0	325	0.121673	Tumor	P6	Smooth muscle cells	SMC_2	-2.82736277580261	-11.9585790634155
GC06T:CGAGCCAGTAAATACG	GC06T	22039.0	4833	0.053496074	Tumor	P6	Endothelial cells	Endo_3	9.28854274749756	1.4955141544341999
GC06T:CGAGCCAGTGATGTCT	GC06T	25036.0	5568	0.038744207	Tumor	P6	Endothelial cells	Endo_1	11.7463598251343	-1.9045302867889398
GC06T:CGATCGGGTAGCGTAG	GC06T	7015.0	2154	0.045473985	Tumor	P6	Endothelial cells	Endo_3	10.546637535095199	1.61195182800293
GC06T:CGATCGGTCCGTACAA	GC06T	15078.0	4206	0.044568244	Tumor	P6	Endothelial cells	Endo_1	12.0884456634521	-2.46348786354065
GC06T:CGATGGCAGAGGTTGC	GC06T	21414.0	4989	0.034510132	Tumor	P6	Fibroblasts	Fib_1	-7.39453935623169	5.09409379959106
GC06T:CGATGTACACTAGTAC	GC06T	10518.0	3247	0.054668188	Tumor	P6	Endothelial cells	Endo_1	12.557025909423801	-3.21339559555054
GC06T:CGATGTACAGCTGTAT	GC06T	2291.0	1147	0.21169795	Tumor	P6	Smooth muscle cells	SMC_1	-0.272412329912186	-10.754736900329599
GC06T:CGATTGAGTAACGCGA	GC06T	13462.0	3627	0.05370673	Tumor	P6	Endothelial cells	Endo_1	12.8273601531982	-2.02933669090271
GC06T:CGATTGATCCAGAAGG	GC06T	29744.0	5902	0.04740452	Tumor	P6	Endothelial cells	Endo_1	12.186779975891099	-1.55489563941956
GC06T:CGCGGTAGTTCCGTCT	GC06T	35124.0	5747	0.04421478	Tumor	P6	Fibroblasts	Fib_1	-5.838871955871579	7.1177072525024405
GC06T:CGCGGTATCATTATCC	GC06T	1684.0	741	0.24940617	Tumor	P6	Endothelial cells	Endo_1	11.0793294906616	-1.42181575298309
GC06T:CGCGTTTAGAGGGCTT	GC06T	2132.0	964	0.1979362	Tumor	P6	Endothelial cells	Endo_1	11.1654396057129	-0.674299001693726
GC06T:CGCGTTTCACGTGAGA	GC06T	9518.0	2868	0.04055474	Tumor	P6	Smooth muscle cells	SMC_1	0.29692116379737893	-11.654986381530799
GC06T:CGCGTTTGTACTTGAC	GC06T	4515.0	1771	0.12602437	Tumor	P6	Endothelial cells	Endo_1	12.8098649978638	-0.119858436286449
GC06T:CGCGTTTTCGCAAACT	GC06T	13077.0	3683	0.03410568	Tumor	P6	Fibroblasts	Fib_1	-6.84315490722656	6.45689153671265
GC06T:CGCTATCAGCGATAGC	GC06T	20591.0	4983	0.033218395	Tumor	P6	Endothelial cells	Endo_1	11.992664337158198	0.27533915638923606
GC06T:CGCTATCTCGTTGCCT	GC06T	2725.0	1275	0.22055046	Tumor	P6	Endothelial cells	Endo_1	10.328408241272	0.297957837581635
GC06T:CGCTGGACAAGGCTCC	GC06T	3277.0	1482	0.12602991	Tumor	P6	Endothelial cells	Endo_1	9.23511028289795	1.17462825775146
GC06T:CGCTTCAGTCTTGATG	GC06T	7059.0	2408	0.08655617	Tumor	P6	Fibroblasts	Fib_1	-7.36266088485718	8.74803829193115
GC06T:CGGACGTGTACCATCA	GC06T	1059.0	554	0.20868744	Tumor	P6	Endothelial cells	Endo_1	9.33881568908691	0.161627694964409
GC06T:CGGACGTGTCTGCCAG	GC06T	12099.0	3481	0.052235723	Tumor	P6	Endothelial cells	Endo_1	11.9657316207886	0.7196989655494691
GC06T:CGGACTGAGTCCTCCT	GC06T	8686.0	2747	0.06723463	Tumor	P6	Smooth muscle cells	SMC_2	-3.62460732460022	-13.259831428527802
GC06T:CGGACTGCACATTAGC	GC06T	17245.0	4612	0.044360686	Tumor	P6	Endothelial cells	Endo_3	10.0992441177368	1.1127029657363898
GC06T:CGTAGCGTCATCACCC	GC06T	2794.0	1400	0.062992126	Tumor	P6	Endothelial cells	Endo_1	11.6635332107544	-2.62309741973877
GC06T:CGTAGCGTCTCTGCTG	GC06T	14913.0	3871	0.036880575	Tumor	P6	Endothelial cells	Endo_1	11.213259696960401	0.836039662361145
GC06T:CGTAGCGTCTGATTCT	GC06T	1033.0	606	0.18877058	Tumor	P6	Endothelial cells	Endo_1	10.938133239746099	-1.41246676445007
GC06T:CGTAGGCTCAACTCTT	GC06T	10591.0	3149	0.03616278	Tumor	P6	Endothelial cells	Endo_3	9.05722045898438	2.69385719299316
GC06T:CGTCACTAGATGGGTC	GC06T	17031.0	4400	0.046855733	Tumor	P6	Endothelial cells	Endo_3	8.67854309082031	2.19575929641724
GC06T:CGTCAGGGTTCAGCGC	GC06T	6148.0	2180	0.066363044	Tumor	P6	Smooth muscle cells	SMC_2	-3.53033041954041	-13.2938766479492
GC06T:CGTCAGGTCAGCAACT	GC06T	18254.0	4367	0.046072096	Tumor	P6	Endothelial cells	Endo_3	8.835652351379391	1.85134613513947
GC06T:CGTCCATGTAAATGTG	GC06T	2320.0	1093	0.24568966	Tumor	P6	Endothelial cells	Endo_1	11.3852005004883	-0.9037097692489621
GC06T:CGTCCATGTGCCTGCA	GC06T	2607.0	1308	0.15995397	Tumor	P6	Endothelial cells	Endo_1	10.1392641067505	-0.21154770255088798
GC06T:CGTCTACCATTGGCGC	GC06T	15735.0	4178	0.026819194	Tumor	P6	Smooth muscle cells	SMC_1	0.972208917140961	-9.90838718414307
GC06T:CGTCTACTCATTTGGG	GC06T	1776.0	998	0.16216215	Tumor	P6	Endothelial cells	Endo_1	10.037542343139599	-3.1158037185668905
GC06T:CGTGAGCGTTATCCGA	GC06T	13731.0	3883	0.050032772	Tumor	P6	Endothelial cells	Endo_1	11.2525730133057	-2.3675954341888397
GC06T:CGTGAGCTCAAACGGG	GC06T	5309.0	1985	0.0631004	Tumor	P6	Smooth muscle cells	SMC_2	-4.45707750320435	-12.665442466735803
GC06T:CGTGAGCTCACTTCAT	GC06T	19287.0	4534	0.07880956	Tumor	P6	Endothelial cells	Endo_1	12.1713333129883	-0.24777300655841802
GC06T:CGTGTCTTCCAGAAGG	GC06T	1529.0	776	0.29169393	Tumor	P6	Endothelial cells	Endo_1	9.44704341888428	-0.0358487851917744
GC06T:CGTTAGAAGAGAACAG	GC06T	1866.0	951	0.23954985	Tumor	P6	Endothelial cells	Endo_1	12.042213439941401	-3.79460620880127
GC06T:CGTTCTGAGAGGTAGA	GC06T	2613.0	1187	0.27477995	Tumor	P6	Endothelial cells	Endo_1	11.274733543396001	-1.4747308492660502
GC06T:CGTTCTGAGGAGCGTT	GC06T	2418.0	1198	0.1650124	Tumor	P6	Endothelial cells	Endo_1	11.4045152664185	-0.697248101234436
GC06T:CGTTCTGCATATGCTG	GC06T	11384.0	3632	0.037772313	Tumor	P6	Endothelial cells	Endo_1	11.582745552063	-2.96775913238525
GC06T:CGTTCTGCATTCCTCG	GC06T	28943.0	5676	0.03410151	Tumor	P6	Fibroblasts	Fib_1	-5.421387195587161	6.02441263198853
GC06T:CGTTCTGTCCCAACGG	GC06T	17272.0	4581	0.05066003	Tumor	P6	Endothelial cells	Endo_1	12.7435054779053	-0.394877523183823
GC06T:CGTTGGGCATCCGGGT	GC06T	18422.0	4355	0.03729237	Tumor	P6	Endothelial cells	Endo_1	12.042110443115199	-2.0772497653961204
GC06T:CGTTGGGGTTCAGTAC	GC06T	1988.0	999	0.25452715	Tumor	P6	Endothelial cells	Endo_4	11.673717498779302	-5.18424463272095
GC06T:CTAAGACCAAGCGATG	GC06T	17544.0	4309	0.06150251	Tumor	P6	Endothelial cells	Endo_3	9.80990505218506	1.529620885849
GC06T:CTAATGGCAACTGGCC	GC06T	12626.0	3628	0.057738002	Tumor	P6	Endothelial cells	Endo_3	9.91993236541748	1.61396908760071
GC06T:CTAATGGCACCGGAAA	GC06T	25716.0	5413	0.04576917	Tumor	P6	Endothelial cells	Endo_1	12.0194902420044	-0.9578788280487059
GC06T:CTAATGGGTCTGATTG	GC06T	9683.0	3241	0.030672312	Tumor	P6	Endothelial cells	Endo_3	10.5379943847656	1.16958904266357
GC06T:CTACACCCATTTGCCC	GC06T	3219.0	1189	0.24510717	Tumor	P6	Smooth muscle cells	SMC_1	-0.926232993602753	-12.5719594955444
GC06T:CTACACCGTTGCGCAC	GC06T	6431.0	2586	0.025345981	Tumor	P6	Endothelial cells	Endo_4	11.4284191131592	-6.42789554595947
GC06T:CTACGTCTCAGGCCCA	GC06T	14637.0	3471	0.042085126	Tumor	P6	Endothelial cells	Endo_3	9.5040225982666	1.71671319007874
GC06T:CTACGTCTCGTTGACA	GC06T	1578.0	715	0.265526	Tumor	P6	Fibroblasts	Fib_3	-3.9041366577148398	6.3959264755249
GC06T:CTAGAGTCAATGCCAT	GC06T	11959.0	3625	0.042562086	Tumor	P6	Endothelial cells	Endo_3	9.88330078125	1.7920463085174598
GC06T:CTAGTGACAACAACCT	GC06T	27967.0	5329	0.030106911	Tumor	P6	Fibroblasts	Fib_1	-5.497815608978269	6.255258083343509
GC06T:CTAGTGAGTAGATTAG	GC06T	24030.0	5254	0.045859344	Tumor	P6	Fibroblasts	Fib_1	-5.84759283065796	6.249255180358889
GC06T:CTAGTGAGTGTGCCTG	GC06T	7718.0	2869	0.05415911	Tumor	P6	Endothelial cells	Endo_3	9.32720375061035	3.3042392730712904
GC06T:CTCACACAGTCACGCC	GC06T	16553.0	4235	0.02827282	Tumor	P6	Endothelial cells	Endo_3	10.0885543823242	1.56507670879364
GC06T:CTCAGAAAGGATTCGG	GC06T	14513.0	4260	0.05284917	Tumor	P6	Endothelial cells	Endo_1	11.4941911697388	-1.08837342262268
GC06T:CTCCTAGTCCAGAAGG	GC06T	13078.0	3720	0.043049395	Tumor	P6	Endothelial cells	Endo_3	9.97072505950928	1.67094242572784
GC06T:CTCCTAGTCTAAGCCA	GC06T	11925.0	3921	0.056268346	Tumor	P6	Smooth muscle cells	SMC_1	0.641793191432953	-10.923588752746598
GC06T:CTCGAAAAGGGTCGAT	GC06T	15541.0	4058	0.02856959	Tumor	P6	Endothelial cells	Endo_1	12.113604545593299	-2.60657143592834
GC06T:CTCGAGGAGCCAACAG	GC06T	14455.0	3899	0.05119336	Tumor	P6	Endothelial cells	Endo_1	12.446197509765598	0.22092482447624198
GC06T:CTCGGAGAGCGTAGTG	GC06T	850.0	569	0.06117647	Tumor	P6	Myofibroblasts	Myofibroblasts	-8.00392150878906	1.11827003955841
GC06T:CTCGGAGCATCGGGTC	GC06T	1443.0	728	0.16424116	Tumor	P6	Smooth muscle cells	SMC_1	-0.16033603250980402	-11.187295913696301
GC06T:CTCGGGACACGTCAGC	GC06T	2998.0	1339	0.096731156	Tumor	P6	Endothelial cells	Endo_3	9.733466148376461	3.05213594436646
GC06T:CTCGTCAGTTTCGCTC	GC06T	23572.0	4701	0.031902257	Tumor	P6	Fibroblasts	Fib_1	-6.4830493927002	6.02410078048706
GC06T:CTCTAATTCGTCACGG	GC06T	6069.0	2483	0.06623826	Tumor	P6	Endothelial cells	Endo_2	9.750203132629391	-2.7960512638092
GC06T:CTCTGGTCACCGGAAA	GC06T	9980.0	3463	0.035270542	Tumor	P6	Smooth muscle cells	SMC_1	0.885834693908691	-10.861106872558599
GC06T:CTCTGGTCAGGACCCT	GC06T	18886.0	4923	0.03574076	Tumor	P6	Smooth muscle cells	SMC_1	0.56229567527771	-9.55070495605469
GC06T:CTGAAACCACGGTGTC	GC06T	18236.0	4400	0.040085547	Tumor	P6	Endothelial cells	Endo_1	12.087212562561	-0.695684671401978
GC06T:CTGAAGTGTGAAGGCT	GC06T	12704.0	3544	0.062027708	Tumor	P6	Endothelial cells	Endo_1	12.5715618133545	-0.11519910395145401
GC06T:CTGATAGTCATCGATG	GC06T	20733.0	5320	0.05295905	Tumor	P6	Endothelial cells	Endo_1	12.1015291213989	-3.1126434803008998
GC06T:CTGATCCGTAAGCACG	GC06T	2292.0	1080	0.2757417	Tumor	P6	Endothelial cells	Endo_1	10.4241142272949	2.5143053531646697
GC06T:CTGATCCTCATTCACT	GC06T	16423.0	4493	0.050234426	Tumor	P6	Endothelial cells	Endo_1	11.2074975967407	0.970102667808533
GC06T:CTGCCTAGTACCTACA	GC06T	33395.0	6147	0.049917653	Tumor	P6	Endothelial cells	Endo_1	12.063490867614698	-1.40196573734283
GC06T:CTGCTGTAGCTCAACT	GC06T	7534.0	2859	0.032386515	Tumor	P6	Fibroblasts	Fib_1	-6.65962934494019	9.24463844299316
GC06T:CTGCTGTAGGCCCTCA	GC06T	30551.0	5620	0.046021406	Tumor	P6	Endothelial cells	Endo_1	12.072229385376	-0.7177873849868771
GC06T:CTGCTGTAGTTAGCGG	GC06T	6458.0	2295	0.13936204	Tumor	P6	Endothelial cells	Endo_1	9.8963680267334	1.23739969730377
GC06T:CTGCTGTTCGTTTGCC	GC06T	4550.0	2021	0.041758243	Tumor	P6	Smooth muscle cells	SMC_1	-0.0980008468031883	-12.6500253677368
GC06T:CTGGTCTCACGTGAGA	GC06T	1360.0	733	0.24705882	Tumor	P6	Endothelial cells	Endo_1	11.0594902038574	-0.661325931549072
GC06T:CTGGTCTTCCGTCATC	GC06T	9588.0	3134	0.049853984	Tumor	P6	Endothelial cells	Endo_3	8.797844886779789	3.68612337112427
GC06T:CTGTGCTGTACCCAAT	GC06T	17355.0	4753	0.031172574	Tumor	P6	Endothelial cells	Endo_1	12.210193634033198	-3.30393743515015
GC06T:CTGTGCTGTCCGTGAC	GC06T	19810.0	4366	0.045027763	Tumor	P6	Endothelial cells	Endo_1	12.357887268066401	-0.7320249080657959
GC06T:CTGTTTACAAGTTAAG	GC06T	2313.0	1089	0.28793773	Tumor	P6	Fibroblasts	Fib_1	-6.87389898300171	5.309916973114009
GC06T:CTGTTTAGTTGCGTTA	GC06T	9161.0	3005	0.04420915	Tumor	P6	Endothelial cells	Endo_3	10.7282600402832	1.6663681268691999
GC06T:CTTAACTAGATGGCGT	GC06T	16839.0	4406	0.047568146	Tumor	P6	Endothelial cells	Endo_1	11.510805130004899	0.567757189273834
GC06T:CTTAACTCAAGTTAAG	GC06T	9991.0	3604	0.029626664	Tumor	P6	Endothelial cells	Endo_1	11.9448089599609	-3.6056091785430895
GC06T:CTTAACTCACCAGATT	GC06T	11711.0	3529	0.0837674	Tumor	P6	Endothelial cells	Endo_1	12.5432872772217	-3.3860425949096697
GC06T:CTTAACTGTTTCCACC	GC06T	9817.0	3264	0.03687481	Tumor	P6	Endothelial cells	Endo_2	10.7432088851929	-4.70760917663574
GC06T:CTTACCGGTAAGTTCC	GC06T	10973.0	3129	0.04356147	Tumor	P6	Endothelial cells	Endo_3	10.175226211547901	1.72638666629791
GC06T:CTTACCGGTATTCTCT	GC06T	9194.0	2973	0.063845985	Tumor	P6	Endothelial cells	Endo_1	11.060060501098599	-2.6923952102661097
GC06T:CTTAGGATCATTGCCC	GC06T	3440.0	1709	0.03226744	Tumor	P6	Endothelial cells	Endo_3	9.82706832885742	2.67336130142212
GC06T:CTTCTCTGTACACCGC	GC06T	1728.0	1015	0.0931713	Tumor	P6	Endothelial cells	Endo_1	11.069541931152301	-1.37941646575928
GC06T:CTTGGCTAGCGGCTTC	GC06T	15159.0	4233	0.033709347	Tumor	P6	Endothelial cells	Endo_3	9.66028213500977	1.79106462001801
GC06T:CTTTGCGGTTATGTGC	GC06T	19358.0	4609	0.062196508	Tumor	P6	Endothelial cells	Endo_1	11.9752101898193	-2.0194942951202397
GC06T:GAAACTCAGCGAAGGG	GC06T	5505.0	1878	0.07520436	Tumor	P6	Smooth muscle cells	SMC_2	-3.7231860160827597	-13.1478729248047
GC06T:GAAACTCAGTGACTCT	GC06T	15605.0	3954	0.21992952	Tumor	P6	Fibroblasts	Fib_4	-6.11080551147461	1.91574549674988
GC06T:GAAATGACAGCTGCAC	GC06T	16722.0	4105	0.040306184	Tumor	P6	Endothelial cells	Endo_3	9.03632164001465	1.8600692749023402
GC06T:GAACGGACAATGGAGC	GC06T	9187.0	2813	0.072384894	Tumor	P6	Smooth muscle cells	SMC_1	-0.940040409564972	-12.1887950897217
GC06T:GAAGCAGGTCTCACCT	GC06T	13747.0	3442	0.047501273	Tumor	P6	Endothelial cells	Endo_3	9.7414493560791	1.62426781654358
GC06T:GAAGCAGGTGACGGTA	GC06T	1909.0	915	0.23205867	Tumor	P6	Endothelial cells	Endo_1	10.5269508361816	1.28121590614319
GC06T:GAATAAGAGATCCCGC	GC06T	7586.0	2421	0.07289744	Tumor	P6	Endothelial cells	Endo_2	9.34166049957275	-0.8992916941642758
GC06T:GAATAAGCAGACTCGC	GC06T	17930.0	4877	0.079921916	Tumor	P6	Endothelial cells	Endo_1	13.273822784423801	-1.8496012687683099
GC06T:GACACGCGTCGAACAG	GC06T	8028.0	2706	0.06302939	Tumor	P6	Endothelial cells	Endo_2	9.10761833190918	-1.73714625835419
GC06T:GACCAATCAGCGTAAG	GC06T	6099.0	2435	0.043285783	Tumor	P6	Smooth muscle cells	SMC_1	0.640966892242432	-10.474007606506301
GC06T:GACCAATGTTTGACTG	GC06T	19701.0	4818	0.04172377	Tumor	P6	Smooth muscle cells	SMC_1	1.29945981502533	-11.1290616989136
GC06T:GACGCGTTCAACACGT	GC06T	3632.0	1752	0.11729075	Tumor	P6	Endothelial cells	Endo_1	11.4845495223999	-2.37196493148804
GC06T:GACGTGCAGGCTAGCA	GC06T	14989.0	3811	0.053239044	Tumor	P6	Endothelial cells	Endo_3	9.74938201904297	1.45408654212952
GC06T:GACGTGCTCAGGATCT	GC06T	1807.0	900	0.27836192	Tumor	P6	Endothelial cells	Endo_1	11.0698986053467	-0.7472457885742191
GC06T:GACGTTACATAGAAAC	GC06T	16279.0	4443	0.027274402	Tumor	P6	Endothelial cells	Endo_4	11.896961212158198	-5.038965225219731
GC06T:GACGTTATCTCCAGGG	GC06T	2496.0	1120	0.11258013	Tumor	P6	Endothelial cells	Endo_1	10.121955871582001	-0.41303539276122997
GC06T:GACTAACGTTGGTGGA	GC06T	8229.0	2444	0.055656824	Tumor	P6	Smooth muscle cells	SMC_2	-4.825814247131349	-12.4162092208862
GC06T:GACTACAAGCATCATC	GC06T	16148.0	4373	0.07883329	Tumor	P6	Endothelial cells	Endo_1	12.862820625305199	-1.47930884361267
GC06T:GACTACACATGTCTCC	GC06T	26821.0	5759	0.03784348	Tumor	P6	Smooth muscle cells	SMC_1	0.6799945235252379	-9.05736923217773
GC06T:GAGCAGAAGAGTAAGG	GC06T	1754.0	843	0.28278223	Tumor	P6	Endothelial cells	Endo_1	10.361405372619599	0.9219415783882141
GC06T:GAGCAGATCCGCAAGC	GC06T	1779.0	782	0.29960653	Tumor	P6	Smooth muscle cells	SMC_2	-3.4987456798553502	-13.988651275634801
GC06T:GAGGTGACACCACGTG	GC06T	4633.0	2070	0.16468811	Tumor	P6	Endothelial cells	Endo_1	12.143209457397498	-1.81426548957825
GC06T:GAGTCCGAGACAGACC	GC06T	2440.0	1189	0.15737705	Tumor	P6	Smooth muscle cells	SMC_1	-0.0829059332609177	-10.928627014160199
GC06T:GAGTCCGGTAGCGATG	GC06T	36507.0	6402	0.02511847	Tumor	P6	Fibroblasts	Fib_1	-5.37348985671997	8.5075511932373
GC06T:GATCAGTTCTCATTCA	GC06T	1977.0	1092	0.06828528	Tumor	P6	Endothelial cells	Endo_1	11.865801811218299	-2.86799430847168
GC06T:GATCGATAGTGACATA	GC06T	8807.0	2923	0.055410467	Tumor	P6	Endothelial cells	Endo_1	11.373571395874	-2.92464327812195
GC06T:GATCGATAGTTCGATC	GC06T	2437.0	931	0.20517029	Tumor	P6	Endothelial cells	Endo_1	10.2499523162842	-1.46093165874481
GC06T:GATCGATCAGCCAATT	GC06T	2487.0	1155	0.12947325	Tumor	P6	Endothelial cells	Endo_1	9.20216178894043	0.798856616020203
GC06T:GATCGATTCTAACCGA	GC06T	2498.0	1201	0.21056846	Tumor	P6	Smooth muscle cells	SMC_1	0.37721857428550704	-10.438754081726099
GC06T:GATCGCGAGATCCTGT	GC06T	9011.0	3312	0.01520364	Tumor	P6	Endothelial cells	Endo_4	11.866816520690902	-6.70039844512939
GC06T:GATCGCGCACCGAATT	GC06T	3426.0	1227	0.15323994	Tumor	P6	Fibroblasts	Fib_3	-3.90059924125671	5.67358160018921
GC06T:GATCGCGTCTGATACG	GC06T	6782.0	2401	0.07844294	Tumor	P6	Endothelial cells	Endo_1	12.9538221359253	-0.517070293426514
GC06T:GATCTAGCATTTCAGG	GC06T	2352.0	1033	0.23511904	Tumor	P6	Endothelial cells	Endo_1	9.16274166107178	-0.0849987119436264
GC06T:GATGCTACAAACCTAC	GC06T	14385.0	3866	0.048522767	Tumor	P6	Smooth muscle cells	SMC_1	0.266408205032349	-12.4027576446533
GC06T:GATTCAGCAGACTCGC	GC06T	11606.0	3606	0.058331896	Tumor	P6	Endothelial cells	Endo_1	13.091566085815401	-1.9581435918808001
GC06T:GCACATAGTGCATCTA	GC06T	16572.0	4665	0.03487811	Tumor	P6	Endothelial cells	Endo_1	10.9865055084229	-2.3660192489624
GC06T:GCACTCTAGCTTCGCG	GC06T	1666.0	914	0.20828332	Tumor	P6	Endothelial cells	Endo_1	11.1285219192505	-1.0356010198593102
GC06T:GCAGCCATCACATGCA	GC06T	21281.0	4692	0.039236877	Tumor	P6	Fibroblasts	Fib_1	-6.867670059204099	8.01026248931885
GC06T:GCATGATCAGTTCATG	GC06T	10586.0	2976	0.03400718	Tumor	P6	Endothelial cells	Endo_1	11.4434080123901	-0.267222136259079
GC06T:GCATGCGCATGTAGTC	GC06T	3661.0	1443	0.062551215	Tumor	P6	Endothelial cells	Endo_3	9.99988174438477	1.4312490224838301
GC06T:GCATGCGTCGTTACAG	GC06T	1190.0	593	0.29915968	Tumor	P6	Endothelial cells	Endo_1	11.4566802978516	-1.5088974237441999
GC06T:GCCAAATGTCGACTGC	GC06T	13648.0	3646	0.034070928	Tumor	P6	Endothelial cells	Endo_3	9.55216598510742	1.5717484951019298
GC06T:GCCTCTAAGCAATATG	GC06T	26991.0	5632	0.028305732	Tumor	P6	Endothelial cells	Endo_3	9.27333831787109	1.32883203029633
GC06T:GCCTCTATCGTTTGCC	GC06T	5693.0	1926	0.0873002	Tumor	P6	Smooth muscle cells	SMC_2	-3.5518150329589804	-13.1452951431274
GC06T:GCGACCAAGAACAACT	GC06T	5694.0	1961	0.16842291	Tumor	P6	Endothelial cells	Endo_1	10.9312229156494	-0.40438237786293
GC06T:GCGACCAGTGTTGAGG	GC06T	14338.0	3915	0.07867206	Tumor	P6	Endothelial cells	Endo_1	11.3753137588501	-1.32572901248932
GC06T:GCGACCATCGCCTGTT	GC06T	1975.0	1039	0.2572152	Tumor	P6	Endothelial cells	Endo_1	9.8383207321167	1.58719754219055
GC06T:GCGAGAAAGGATGTAT	GC06T	9922.0	3300	0.039205804	Tumor	P6	Endothelial cells	Endo_3	9.5369176864624	2.3677573204040496
GC06T:GCGCAACTCCAAATGC	GC06T	3906.0	1720	0.20276497	Tumor	P6	Endothelial cells	Endo_1	12.0577402114868	-1.6463841199874898
GC06T:GCGCAGTAGACTTGAA	GC06T	15080.0	3932	0.046087533	Tumor	P6	Endothelial cells	Endo_3	8.69059467315674	2.12059283256531
GC06T:GCGCCAAGTGTATGGG	GC06T	30473.0	5247	0.028845208	Tumor	P6	Smooth muscle cells	SMC_1	0.8958986401557919	-8.8212308883667
GC06T:GCGCCAAGTTCTCATT	GC06T	5746.0	2379	0.09084581	Tumor	P6	Endothelial cells	Endo_1	10.9476757049561	1.5549958944320699
GC06T:GCGCGATTCAAACCAC	GC06T	2245.0	1051	0.26681516	Tumor	P6	Endothelial cells	Endo_1	10.922361373901401	-1.02453410625458
GC06T:GCGGGTTCAATGTAAG	GC06T	4492.0	2033	0.16740872	Tumor	P6	Endothelial cells	Endo_1	12.150153160095199	-1.9636595249176
GC06T:GCTCCTATCGCAAACT	GC06T	22599.0	5550	0.028319838	Tumor	P6	Endothelial cells	Endo_1	12.5081691741943	-1.9946084022522
GC06T:GCTCTGTCAGTCAGCC	GC06T	7508.0	2444	0.05780501	Tumor	P6	Endothelial cells	Endo_3	8.75351047515869	2.3934359550476096
GC06T:GCTGCAGTCCGAAGAG	GC06T	14013.0	3644	0.062727466	Tumor	P6	Fibroblasts	Fib_1	-6.69600391387939	5.434936046600339
GC06T:GCTGCGAAGGAATTAC	GC06T	5963.0	2133	0.057353683	Tumor	P6	Endothelial cells	Endo_3	9.18082809448242	2.0893933773040803
GC06T:GCTGCGAAGTGTACGG	GC06T	8173.0	3060	0.069986545	Tumor	P6	Endothelial cells	Endo_1	12.3326425552368	-3.88483595848083
GC06T:GCTGCTTCAGGGTTAG	GC06T	16303.0	4545	0.03894989	Tumor	P6	Endothelial cells	Endo_1	12.2028703689575	-2.30646562576294
GC06T:GCTGCTTGTACATGTC	GC06T	4297.0	1895	0.24086572	Tumor	P6	Smooth muscle cells	SMC_1	-0.35285317897796603	-10.3786029815674
GC06T:GCTGCTTTCTTCTGGC	GC06T	2444.0	1223	0.14361702	Tumor	P6	Endothelial cells	Endo_1	10.554780960082999	-0.45293602347374
GC06T:GCTGGGTCACTTACGA	GC06T	16662.0	4446	0.036490217	Tumor	P6	Endothelial cells	Endo_3	9.5786075592041	1.68328285217285
GC06T:GCTGGGTGTAGAAAGG	GC06T	10471.0	3693	0.044790372	Tumor	P6	Endothelial cells	Endo_2	10.7062835693359	0.389758586883545
GC06T:GCTGGGTGTAGAGTGC	GC06T	4221.0	1798	0.14380479	Tumor	P6	Smooth muscle cells	SMC_1	0.0119823925197124	-10.769770622253402
GC06T:GCTGGGTTCACGAAGG	GC06T	3451.0	1656	0.14749348	Tumor	P6	Endothelial cells	Endo_1	11.5447645187378	-1.2719438076019298
GC06T:GCTGGGTTCGCCAGCA	GC06T	18216.0	4927	0.045399647	Tumor	P6	Endothelial cells	Endo_1	12.506488800048801	-0.0141156436875463
GC06T:GCTTCCAAGGCGATAC	GC06T	11332.0	3595	0.036621954	Tumor	P6	Endothelial cells	Endo_3	10.026008605957001	0.49276074767112704
GC06T:GCTTCCAGTAACGTTC	GC06T	36583.0	6067	0.08771834	Tumor	P6	Endothelial cells	Endo_3	8.91719055175781	1.6219937801361102
GC06T:GCTTGAACACGTCTCT	GC06T	1806.0	705	0.2962348	Tumor	P6	Endothelial cells	Endo_1	10.0010223388672	-0.127638354897499
GC06T:GGAAAGCAGCCACGTC	GC06T	6498.0	2298	0.04478301	Tumor	P6	Endothelial cells	Endo_3	10.748314857482901	2.1812152862548797
GC06T:GGAAAGCGTGGTCCGT	GC06T	6286.0	2199	0.05233853	Tumor	P6	Endothelial cells	Endo_1	12.4912109375	0.144964426755905
GC06T:GGAATAAAGACAAGCC	GC06T	10195.0	3544	0.03119176	Tumor	P6	Endothelial cells	Endo_1	12.1808624267578	-4.1758108139038095
GC06T:GGACAAGAGGCGCTCT	GC06T	15803.0	4129	0.05505284	Tumor	P6	Endothelial cells	Endo_1	12.1590728759766	-2.3935022354126
GC06T:GGACAAGCAAAGGCGT	GC06T	22619.0	4723	0.04297272	Tumor	P6	Fibroblasts	Fib_1	-6.72625589370728	7.65310096740723
GC06T:GGACAAGTCATGCAAC	GC06T	17933.0	4607	0.06418335	Tumor	P6	Endothelial cells	Endo_1	12.454962730407699	-2.5758914947509797
GC06T:GGACAGAGTTGTCGCG	GC06T	3380.0	1330	0.055621304	Tumor	P6	Smooth muscle cells	SMC_2	-3.9374179840087904	-12.4123058319092
GC06T:GGACATTAGATGTAAC	GC06T	5608.0	2318	0.04689729	Tumor	P6	Endothelial cells	Endo_3	9.58260726928711	2.60539031028748
GC06T:GGACATTCAATGTTGC	GC06T	1533.0	806	0.23091976	Tumor	P6	Endothelial cells	Endo_3	10.4744024276733	2.85047602653503
GC06T:GGACGTCCATGTCCTC	GC06T	9725.0	3028	0.045655526	Tumor	P6	Endothelial cells	Endo_3	9.185426712036131	2.7259767055511497
GC06T:GGAGCAAGTTCATGGT	GC06T	19371.0	4552	0.037014093	Tumor	P6	Smooth muscle cells	SMC_1	0.8701825141906742	-9.526960372924801
GC06T:GGAGCAAGTTGTACAC	GC06T	10731.0	2909	0.17127948	Tumor	P6	Smooth muscle cells	SMC_1	-0.267133593559265	-9.281660079956051
GC06T:GGATTACCAACTGGCC	GC06T	15556.0	4087	0.06383389	Tumor	P6	Endothelial cells	Endo_1	12.626331329345698	0.0116372238844633
GC06T:GGCCGATTCTAACTCT	GC06T	7495.0	2663	0.053635757	Tumor	P6	Fibroblasts	Fib_2	-6.10488128662109	9.62891387939453
GC06T:GGCTGGTAGAGACTAT	GC06T	805.0	509	0.20124224	Tumor	P6	Endothelial cells	Endo_1	10.5993490219116	-1.28395164012909
GC06T:GGCTGGTGTCGAAAGC	GC06T	16234.0	4281	0.062215105	Tumor	P6	Endothelial cells	Endo_1	13.056855201721199	-1.8373334407806399
GC06T:GGCTGGTTCAATACCG	GC06T	30258.0	6168	0.05238284	Tumor	P6	Endothelial cells	Endo_1	11.865607261657699	-0.139321863651276
GC06T:GGGAATGGTTATCGGT	GC06T	5725.0	2258	0.07004367	Tumor	P6	Endothelial cells	Endo_2	9.61613082885742	-2.55732131004333
GC06T:GGGAATGTCAACTCTT	GC06T	5205.0	2020	0.10739674	Tumor	P6	Endothelial cells	Endo_3	10.4062280654907	1.96132016181946
GC06T:GGGAGATAGGGAACGG	GC06T	13845.0	3771	0.059227157	Tumor	P6	Endothelial cells	Endo_1	13.1918087005615	-0.780631065368652
GC06T:GGGAGATCAACTTGAC	GC06T	4065.0	1733	0.08511685	Tumor	P6	Endothelial cells	Endo_3	9.70885848999023	3.3218545913696302
GC06T:GGGAGATTCCCAAGAT	GC06T	11818.0	3662	0.07581655	Tumor	P6	Smooth muscle cells	SMC_1	0.929381787776947	-10.979419708252001
GC06T:GGGATGACACTTAAGC	GC06T	13461.0	3743	0.06641409	Tumor	P6	Endothelial cells	Endo_1	13.140810012817399	-1.48034393787384
GC06T:GGGATGACATAGAAAC	GC06T	25370.0	5580	0.07410327	Tumor	P6	Smooth muscle cells	SMC_1	0.610412240028381	-9.85281085968018
GC06T:GGGCACTAGAACAATC	GC06T	21806.0	4770	0.030083463	Tumor	P6	Endothelial cells	Endo_3	9.39218521118164	1.5252887010574299
GC06T:GGGCACTCAGTAAGAT	GC06T	3199.0	1426	0.073147856	Tumor	P6	Smooth muscle cells	SMC_1	-0.24081490933895103	-10.6131134033203
GC06T:GGGCATCCATGACGGA	GC06T	18129.0	4754	0.047272325	Tumor	P6	Endothelial cells	Endo_3	10.960614204406701	1.35216665267944
GC06T:GGGTCTGAGCAGGCTA	GC06T	24919.0	4785	0.035595328	Tumor	P6	Fibroblasts	Fib_1	-6.78197431564331	7.868961334228519
GC06T:GGGTCTGAGTGCGATG	GC06T	7014.0	2462	0.040062733	Tumor	P6	Endothelial cells	Endo_1	12.267727851867699	-0.16479703783989
GC06T:GGGTTGCGTAGCACGA	GC06T	10297.0	3360	0.04253666	Tumor	P6	Smooth muscle cells	SMC_1	-1.3861912488937398	-12.5531101226807
GC06T:GGGTTGCGTCCGAACC	GC06T	4693.0	1625	0.119752824	Tumor	P6	Endothelial cells	Endo_1	9.67667102813721	0.996769547462463
GC06T:GGGTTGCGTGTTTGTG	GC06T	14140.0	3952	0.041867044	Tumor	P6	Smooth muscle cells	SMC_1	-0.906370878219604	-12.9473972320557
GC06T:GGTATTGCAAGTCATC	GC06T	2705.0	1300	0.20369686	Tumor	P6	Endothelial cells	Endo_1	11.265166282653801	-0.515358507633209
GC06T:GGTATTGCAATTCCTT	GC06T	18408.0	4750	0.046012603	Tumor	P6	Smooth muscle cells	SMC_1	1.1308344602584801	-10.098257064819302
GC06T:GGTGAAGGTGTCAATC	GC06T	16389.0	3940	0.04753188	Tumor	P6	Smooth muscle cells	SMC_1	0.675890982151031	-12.0285224914551
GC06T:GGTGCGTAGAGTAAGG	GC06T	2141.0	1094	0.23446988	Tumor	P6	Endothelial cells	Endo_1	11.3494558334351	-1.49531543254852
GC06T:GGTGCGTAGTCGCCGT	GC06T	2983.0	1473	0.06436473	Tumor	P6	Fibroblasts	Fib_2	-6.30888271331787	10.0111074447632
GC06T:GGTGCGTCAAAGCGGT	GC06T	15770.0	4167	0.044705138	Tumor	P6	Endothelial cells	Endo_1	10.5705785751343	1.07379722595215
GC06T:GGTGCGTTCAAACCGT	GC06T	530.0	339	0.06981132	Tumor	P6	Smooth muscle cells	SMC_2	-2.6904294490814196	-11.6802082061768
GC06T:GGTGTTAAGAAAGTGG	GC06T	19574.0	4596	0.055635028	Tumor	P6	Endothelial cells	Endo_3	8.52133274078369	2.03428149223328
GC06T:GTAACGTCAATAGAGT	GC06T	7824.0	2847	0.051252555	Tumor	P6	Smooth muscle cells	SMC_1	-1.02716076374054	-12.7279577255249
GC06T:GTAACGTCATGGATGG	GC06T	18530.0	4801	0.0988667	Tumor	P6	Endothelial cells	Endo_1	12.0941381454468	-2.47533202171326
GC06T:GTACGTAAGAGCTGCA	GC06T	8597.0	2785	0.045364663	Tumor	P6	Smooth muscle cells	SMC_1	-1.48502540588379	-13.1014041900635
GC06T:GTACTCCCAATGGACG	GC06T	870.0	455	0.19425288	Tumor	P6	Endothelial cells	Endo_1	11.031012535095199	-0.5434189438819891
GC06T:GTACTTTGTAATAGCA	GC06T	7993.0	2737	0.034029774	Tumor	P6	Endothelial cells	Endo_3	9.63121795654297	1.98891723155975
GC06T:GTACTTTGTCGGCACT	GC06T	19806.0	4634	0.047712814	Tumor	P6	Endothelial cells	Endo_1	12.2888517379761	-0.484259486198425
GC06T:GTAGGCCAGGAGTACC	GC06T	19160.0	4408	0.052557413	Tumor	P6	Endothelial cells	Endo_1	12.339691162109402	-0.0829912126064301
GC06T:GTAGGCCCATTTGCTT	GC06T	15166.0	3944	0.04259528	Tumor	P6	Endothelial cells	Endo_1	11.8440818786621	-2.35207486152649
GC06T:GTAGGCCTCCGCAGTG	GC06T	24084.0	5405	0.04276698	Tumor	P6	Endothelial cells	Endo_1	12.007152557372999	-2.13142108917236
GC06T:GTAGTCAAGGATGTAT	GC06T	20102.0	4592	0.05919809	Tumor	P6	Endothelial cells	Endo_3	9.09292316436768	1.6518087387084999
GC06T:GTATCTTAGACTAGGC	GC06T	12890.0	3351	0.048487198	Tumor	P6	Endothelial cells	Endo_3	8.89315509796143	2.0420548915863
GC06T:GTATCTTAGAGACGAA	GC06T	11029.0	3510	0.024299573	Tumor	P6	Endothelial cells	Endo_2	10.3077230453491	-4.58102035522461
GC06T:GTATCTTCACAACGCC	GC06T	35830.0	6003	0.022690482	Tumor	P6	Fibroblasts	Fib_1	-6.09026288986206	7.292132377624509
GC06T:GTCATTTAGCTAAGAT	GC06T	12792.0	3806	0.051282052	Tumor	P6	Endothelial cells	Endo_1	12.5072546005249	-3.0687792301177996
GC06T:GTCATTTTCCACGTGG	GC06T	17944.0	4330	0.06431119	Tumor	P6	Endothelial cells	Endo_1	11.8379602432251	-2.10258650779724
GC06T:GTCATTTTCGAATCCA	GC06T	1457.0	906	0.07137955	Tumor	P6	Endothelial cells	Endo_1	10.848660469055199	-0.534354269504547
GC06T:GTCGGGTCACATTCGA	GC06T	5790.0	2236	0.067875646	Tumor	P6	Endothelial cells	Endo_3	9.66408061981201	3.29723620414734
GC06T:GTCTCGTCAACCGCCA	GC06T	7986.0	2772	0.039444026	Tumor	P6	Endothelial cells	Endo_4	11.504625320434599	-6.5796818733215305
GC06T:GTCTTCGCATTGTGCA	GC06T	13070.0	3445	0.047054324	Tumor	P6	Endothelial cells	Endo_1	10.671150207519501	0.10594616830349
GC06T:GTGAAGGGTATAGTAG	GC06T	13641.0	3959	0.07176893	Tumor	P6	Smooth muscle cells	SMC_1	-2.5167028903961204	-13.365471839904801
GC06T:GTGAAGGTCAGTCAGT	GC06T	13973.0	3991	0.042295855	Tumor	P6	Endothelial cells	Endo_1	11.251238822937	1.06190228462219
GC06T:GTGAAGGTCCGTAGGC	GC06T	2020.0	957	0.29653466	Tumor	P6	Endothelial cells	Endo_1	10.934995651245101	-0.40794962644577004
GC06T:GTGCAGCTCAACACAC	GC06T	18431.0	4398	0.06342575	Tumor	P6	Smooth muscle cells	SMC_1	1.1930325031280502	-11.4398813247681
GC06T:GTGCATACATGCCTTC	GC06T	16057.0	4271	0.044964813	Tumor	P6	Endothelial cells	Endo_1	11.104382514953599	-2.35302996635437
GC06T:GTGCATATCTGATACG	GC06T	4362.0	1929	0.12012838	Tumor	P6	Endothelial cells	Endo_3	9.60547637939453	2.05984306335449
GC06T:GTGCGGTCACAGACAG	GC06T	27396.0	5698	0.050700832	Tumor	P6	Endothelial cells	Endo_1	12.3827238082886	-0.364235371351242
GC06T:GTGCGGTTCTACGAGT	GC06T	1558.0	863	0.23491655	Tumor	P6	Endothelial cells	Endo_1	11.0551977157593	-1.28656589984894
GC06T:GTGCTTCCATCACAAC	GC06T	1694.0	936	0.17060213	Tumor	P6	Endothelial cells	Endo_1	10.385355949401902	-3.34557247161865
GC06T:GTGCTTCCATTCGACA	GC06T	13798.0	3770	0.058559213	Tumor	P6	Smooth muscle cells	SMC_1	1.13486206531525	-10.355752944946301
GC06T:GTGGGTCTCCTTTACA	GC06T	17602.0	4877	0.045960687	Tumor	P6	Myofibroblasts	Myofibroblasts	-8.54181289672852	0.919941782951355
GC06T:GTGTGCGCATGCGCAC	GC06T	9671.0	3077	0.02202461	Tumor	P6	Endothelial cells	Endo_4	11.251317024231	-4.48013019561768
GC06T:GTGTGCGCATGTTGAC	GC06T	24718.0	5498	0.045149285	Tumor	P6	Endothelial cells	Endo_1	12.0825033187866	-0.380338281393051
GC06T:GTGTGCGTCTGAGGGA	GC06T	5869.0	1947	0.046856362	Tumor	P6	Endothelial cells	Endo_1	10.151469230651902	0.270358979701996
GC06T:GTGTTAGGTACTCAAC	GC06T	7776.0	2393	0.16705246	Tumor	P6	Smooth muscle cells	SMC_2	-3.61965584754944	-13.956025123596199
GC06T:GTGTTAGGTTGAACTC	GC06T	18125.0	4713	0.051034484	Tumor	P6	Endothelial cells	Endo_1	12.2823476791382	-3.0744450092315696
GC06T:GTTAAGCGTACATCCA	GC06T	10529.0	3167	0.04340393	Tumor	P6	Endothelial cells	Endo_1	11.530766487121598	1.0238108634948702
GC06T:GTTACAGTCGCAAGCC	GC06T	2234.0	1091	0.23142345	Tumor	P6	Endothelial cells	Endo_1	9.86992835998535	-0.0118696074932814
GC06T:GTTCGGGCATTGGCGC	GC06T	8849.0	3007	0.062492937	Tumor	P6	Smooth muscle cells	SMC_1	-2.2873525619506805	-13.2047443389893
GC06T:GTTCGGGGTGACAAAT	GC06T	1231.0	685	0.24939074	Tumor	P6	Endothelial cells	Endo_1	11.108623504638699	-0.631062388420105
GC06T:GTTCTCGGTTCAGGCC	GC06T	8562.0	2739	0.0529082	Tumor	P6	Endothelial cells	Endo_3	9.48573398590088	2.0354700088501
GC06T:GTTCTCGGTTCCTCCA	GC06T	13072.0	3821	0.044063646	Tumor	P6	Endothelial cells	Endo_1	11.511365890502901	-1.17398655414581
GC06T:GTTCTCGTCCGTCAAA	GC06T	4962.0	1778	0.078194275	Tumor	P6	Smooth muscle cells	SMC_1	-0.12777490913867998	-10.6544771194458
GC06T:GTTTCTACAGGTGCCT	GC06T	8031.0	2538	0.07570664	Tumor	P6	Myofibroblasts	Myofibroblasts	-8.54691314697266	0.633456885814667
GC06T:TAAGAGAAGGCAGTCA	GC06T	11274.0	3330	0.054106794	Tumor	P6	Endothelial cells	Endo_1	11.3426179885864	0.9111289381980899
GC06T:TAAGAGAGTAGTACCT	GC06T	16414.0	4072	0.040026806	Tumor	P6	Endothelial cells	Endo_1	11.153482437133801	0.708442091941833
GC06T:TAAGAGATCTTCTGGC	GC06T	1414.0	791	0.13507779	Tumor	P6	Endothelial cells	Endo_1	11.6615896224976	-1.14475107192993
GC06T:TAAGTGCTCCAAACTG	GC06T	3124.0	1736	0.030089628	Tumor	P6	Endothelial cells	Endo_1	11.165142059326199	-0.590743541717529
GC06T:TACACGACAGCCACCA	GC06T	19390.0	4531	0.032490976	Tumor	P6	Smooth muscle cells	SMC_1	0.9484024643898009	-9.75245189666748
GC06T:TACACGACAGGATTGG	GC06T	1513.0	788	0.19167218	Tumor	P6	Endothelial cells	Endo_1	11.0835018157959	-0.5486076474189759
GC06T:TACACGAGTCCAACTA	GC06T	2913.0	1320	0.13903193	Tumor	P6	Endothelial cells	Endo_1	9.70071315765381	0.305079817771912
GC06T:TACCTATAGACTACAA	GC06T	8876.0	3048	0.05058585	Tumor	P6	Smooth muscle cells	SMC_1	-1.5324715375900302	-13.1701765060425
GC06T:TACGGATTCGCCCTTA	GC06T	1674.0	876	0.17741935	Tumor	P6	Endothelial cells	Endo_1	10.459295272827099	-0.416505217552185
GC06T:TACGGGCTCCTCCTAG	GC06T	19195.0	4387	0.077520184	Tumor	P6	Myofibroblasts	Myofibroblasts	-8.56547546386719	1.01713788509369
GC06T:TACGGTAAGAATCTCC	GC06T	7023.0	2610	0.06222412	Tumor	P6	Endothelial cells	Endo_1	10.746551513671902	-0.190367370843887
GC06T:TACTCGCCAGTTCCCT	GC06T	31146.0	5786	0.04466063	Tumor	P6	Endothelial cells	Endo_1	11.857882499694801	-0.251279503107071
GC06T:TACTCGCTCGTTTGCC	GC06T	12369.0	3787	0.037593983	Tumor	P6	Endothelial cells	Endo_1	11.8643465042114	-2.81560587882996
GC06T:TACTTACAGGCTATCT	GC06T	2864.0	1158	0.22171788	Tumor	P6	Endothelial cells	Endo_1	9.24717617034912	0.13172745704650898
GC06T:TACTTGTAGTCAATAG	GC06T	7676.0	2257	0.00039082856	Tumor	P6	Endothelial cells	Endo_1	9.68747711181641	0.784577250480652
GC06T:TACTTGTCAAGTAGTA	GC06T	2097.0	1072	0.29089174	Tumor	P6	Endothelial cells	Endo_1	11.3288259506226	-1.28452265262604
GC06T:TAGACCAGTCTCTCGT	GC06T	25273.0	5238	0.038895264	Tumor	P6	Fibroblasts	Fib_1	-6.0335259437561	6.64082145690918
GC06T:TAGCCGGAGCGGATCA	GC06T	18059.0	4036	0.049947396	Tumor	P6	Smooth muscle cells	SMC_1	1.04324793815613	-11.642834663391099
GC06T:TAGCCGGCAGTGAGTG	GC06T	1547.0	836	0.14932127	Tumor	P6	Endothelial cells	Endo_1	10.855322837829599	-0.340309649705887
GC06T:TAGGCATTCAGCTGGC	GC06T	15515.0	4389	0.045955528	Tumor	P6	Endothelial cells	Endo_1	13.068942070007301	-1.72613096237183
GC06T:TAGTTGGCAGGCTGAA	GC06T	36064.0	6075	0.043034606	Tumor	P6	Fibroblasts	Fib_1	-5.30191421508789	6.16191625595093
GC06T:TATCTCACAGGGCATA	GC06T	10868.0	3373	0.035517115	Tumor	P6	Endothelial cells	Endo_3	10.4322481155396	1.02577948570251
GC06T:TATCTCAGTAATCACC	GC06T	821.0	545	0.13398294	Tumor	P6	Smooth muscle cells	SMC_1	-0.34842792153358504	-10.0784120559692
GC06T:TATGCCCAGGCATGGT	GC06T	9277.0	2597	0.10520642	Tumor	P6	Endothelial cells	Endo_3	9.32418251037598	1.4206267595291102
GC06T:TATGCCCGTTTGTTGG	GC06T	4024.0	1751	0.19284295	Tumor	P6	Endothelial cells	Endo_1	12.7916173934937	-1.71405911445618
GC06T:TATTACCTCTGCTGCT	GC06T	2059.0	1141	0.15881495	Tumor	P6	Endothelial cells	Endo_1	11.1142158508301	-0.8342377543449399
GC06T:TATTACCTCTGTTGAG	GC06T	3146.0	1254	0.26827717	Tumor	P6	Endothelial cells	Endo_1	11.274409294128402	-1.75486838817596
GC06T:TCAACGATCCTAGAAC	GC06T	12878.0	3798	0.04131076	Tumor	P6	Endothelial cells	Endo_3	9.976236343383789	1.7188093662261998
GC06T:TCAACGATCTGGAGCC	GC06T	12870.0	3699	0.055944055	Tumor	P6	Fibroblasts	Fib_1	-6.29674577713013	6.38309621810913
GC06T:TCACAAGGTCGCATAT	GC06T	2589.0	1398	0.13480107	Tumor	P6	Endothelial cells	Endo_1	12.5059461593628	-2.6802215576171897
GC06T:TCACGAATCAGATAAG	GC06T	10516.0	3592	0.05534424	Tumor	P6	Fibroblasts	Fib_1	-7.4649133682251	8.90278720855713
GC06T:TCACGAATCTGACCTC	GC06T	5158.0	2026	0.04245832	Tumor	P6	Endothelial cells	Endo_1	10.2943162918091	-0.719206690788269
GC06T:TCAGATGAGCAGCCTC	GC06T	10885.0	3227	0.039503906	Tumor	P6	Endothelial cells	Endo_3	10.1525354385376	1.5520343780517598
GC06T:TCAGCAAAGTACATGA	GC06T	23263.0	4945	0.04711344	Tumor	P6	Fibroblasts	Fib_1	-6.554296970367429	7.9750771522522
GC06T:TCAGCAAGTACTTGAC	GC06T	5618.0	1980	0.03186187	Tumor	P6	Fibroblasts	Fib_2	-4.49438333511353	9.65735340118408
GC06T:TCAGCTCAGCTAAACA	GC06T	14095.0	3839	0.061724015	Tumor	P6	Endothelial cells	Endo_3	9.821897506713869	1.76208353042603
GC06T:TCAGCTCCAAGCCATT	GC06T	5465.0	1916	0.09295517	Tumor	P6	Smooth muscle cells	SMC_1	0.596219480037689	-12.120862007141099
GC06T:TCAGCTCTCTGTGCAA	GC06T	7477.0	2668	0.05042129	Tumor	P6	Endothelial cells	Endo_3	9.47364139556885	1.9995822906494098
GC06T:TCAGGATGTCCCGACA	GC06T	10351.0	3282	0.0482079	Tumor	P6	Endothelial cells	Endo_1	12.724431037902802	-2.4700114727020295
GC06T:TCATTTGTCGCAAACT	GC06T	4495.0	1835	0.12458287	Tumor	P6	Smooth muscle cells	SMC_1	-0.365353941917419	-10.2400979995728
GC06T:TCCACACTCTCCAGGG	GC06T	14787.0	4282	0.036991954	Tumor	P6	Endothelial cells	Endo_4	11.928121566772498	-5.274046897888179
GC06T:TCCCGATAGCTACCTA	GC06T	14520.0	4049	0.06315427	Tumor	P6	Endothelial cells	Endo_1	12.326885223388699	-1.48656797409058
GC06T:TCCCGATTCCAAATGC	GC06T	2125.0	988	0.28047058	Tumor	P6	Endothelial cells	Endo_1	11.4666690826416	-0.683697283267975
GC06T:TCGCGAGAGATGAGAG	GC06T	11580.0	3588	0.04015544	Tumor	P6	Endothelial cells	Endo_3	9.76095008850098	1.73590040206909
GC06T:TCGCGAGAGCCCTAAT	GC06T	6953.0	2565	0.08039695	Tumor	P6	Endothelial cells	Endo_3	11.0040187835693	1.9498904943466202
GC06T:TCGCGAGTCCGCATCT	GC06T	14584.0	3798	0.046420734	Tumor	P6	Endothelial cells	Endo_1	11.941069602966301	0.340669333934784
GC06T:TCGCGTTCAACACGCC	GC06T	1972.0	880	0.22870183	Tumor	P6	Endothelial cells	Endo_1	10.1389656066895	-0.4446875154972079
GC06T:TCGGGACCATTCTTAC	GC06T	2368.0	1030	0.26013514	Tumor	P6	Endothelial cells	Endo_1	11.1750326156616	-0.196622520685196
GC06T:TCGGGACTCTATCCCG	GC06T	3020.0	1086	0.2910596	Tumor	P6	Endothelial cells	Endo_1	10.5885305404663	-1.9378592967987098
GC06T:TCGTACCTCAACGAAA	GC06T	2374.0	1306	0.15754002	Tumor	P6	Endothelial cells	Endo_1	12.100250244140598	-1.7429292201995803
GC06T:TCGTAGAGTGTTAAGA	GC06T	13768.0	3767	0.0509878	Tumor	P6	Endothelial cells	Endo_1	13.485842704772901	-1.4152637720108
GC06T:TCTATTGAGAGCTGGT	GC06T	14276.0	3899	0.035374053	Tumor	P6	Smooth muscle cells	SMC_2	-4.6878805160522505	-12.228789329528801
GC06T:TCTATTGCAATGGACG	GC06T	24788.0	5148	0.04421494	Tumor	P6	Fibroblasts	Fib_1	-6.51729536056519	7.86808061599731
GC06T:TCTATTGTCAGTCCCT	GC06T	18156.0	4597	0.052820005	Tumor	P6	Endothelial cells	Endo_3	9.70643615722656	1.4047651290893601
GC06T:TCTCATAGTAATAGCA	GC06T	9933.0	3438	0.029094936	Tumor	P6	Fibroblasts	Fib_1	-7.65974617004395	7.53353118896484
GC06T:TCTGAGATCGCATGGC	GC06T	14828.0	3944	0.05712166	Tumor	P6	Endothelial cells	Endo_1	12.4813814163208	-0.12356020510196698
GC06T:TCTGGAATCTCAAACG	GC06T	11761.0	3819	0.02746365	Tumor	P6	Endothelial cells	Endo_4	11.8229312896729	-6.65680027008057
GC06T:TCTTCGGCACATAACC	GC06T	788.0	463	0.20431472	Tumor	P6	Endothelial cells	Endo_1	9.47511577606201	0.0108889639377594
GC06T:TCTTCGGCATCACGAT	GC06T	15130.0	3875	0.04130866	Tumor	P6	Endothelial cells	Endo_1	11.5766448974609	-1.5224341154098502
GC06T:TCTTCGGGTATGAAAC	GC06T	3866.0	1623	0.065700985	Tumor	P6	Endothelial cells	Endo_3	10.0279321670532	1.6928768157959
GC06T:TCTTCGGGTGGCGAAT	GC06T	8572.0	2611	0.059496034	Tumor	P6	Fibroblasts	Fib_1	-6.715167999267581	8.48303890228271
GC06T:TCTTCGGTCTGGCGAC	GC06T	6752.0	2616	0.019549763	Tumor	P6	Endothelial cells	Endo_4	12.087111473083501	-7.230603694915769
GC06T:TGAAAGAAGCATGGCA	GC06T	3615.0	1472	0.12337483	Tumor	P6	Endothelial cells	Endo_1	9.77604675292969	-0.850229024887085
GC06T:TGACGGCAGATGAGAG	GC06T	3508.0	1717	0.031356897	Tumor	P6	Endothelial cells	Endo_1	12.680675506591802	-3.25774121284485
GC06T:TGACGGCAGCCGTCGT	GC06T	11487.0	3472	0.035605468	Tumor	P6	Smooth muscle cells	SMC_1	-2.47171521186829	-13.094964027404801
GC06T:TGACGGCAGGAATGGA	GC06T	14818.0	4136	0.035699826	Tumor	P6	Endothelial cells	Endo_3	10.564473152160598	1.27790987491608
GC06T:TGACGGCCACCGTTGG	GC06T	5028.0	1992	0.07438345	Tumor	P6	Smooth muscle cells	SMC_2	-3.7202167510986297	-13.0298538208008
GC06T:TGACTAGTCCGCATCT	GC06T	2923.0	1202	0.13137189	Tumor	P6	Endothelial cells	Endo_1	9.35143184661865	0.385583728551865
GC06T:TGACTAGTCTGCGTAA	GC06T	24422.0	5352	0.030464336	Tumor	P6	Endothelial cells	Endo_4	11.762104988098098	-6.57659387588501
GC06T:TGACTTTCAAACTGCT	GC06T	2139.0	952	0.27068722	Tumor	P6	Endothelial cells	Endo_1	11.350975036621099	-0.7176722884178158
GC06T:TGAGAGGTCGTTACAG	GC06T	3105.0	1569	0.1378422	Tumor	P6	Endothelial cells	Endo_3	10.6209182739258	1.62012028694153
GC06T:TGAGAGGTCTGTGCAA	GC06T	29106.0	5120	0.032433175	Tumor	P6	Fibroblasts	Fib_1	-5.41182279586792	6.007461071014401
GC06T:TGAGGGAAGGGAGTAA	GC06T	24639.0	5411	0.032184746	Tumor	P6	Fibroblasts	Fib_1	-5.879745960235599	7.295334815979
GC06T:TGCCAAACAGGTGCCT	GC06T	12456.0	3564	0.03339756	Tumor	P6	Endothelial cells	Endo_3	8.7037296295166	2.36651849746704
GC06T:TGCCCATAGCCCAACC	GC06T	8876.0	2789	0.04686796	Tumor	P6	Endothelial cells	Endo_3	10.690889358520499	1.3815490007400502
GC06T:TGCCCATCAACACCCG	GC06T	25009.0	5412	0.032908153	Tumor	P6	Endothelial cells	Endo_1	12.178241729736301	-0.10739586502313601
GC06T:TGCCCATTCAGGATCT	GC06T	2386.0	1100	0.093042746	Tumor	P6	Fibroblasts	Fib_4	-7.87906360626221	4.85696840286255
GC06T:TGCCCTATCTCTGCTG	GC06T	16544.0	4255	0.036508705	Tumor	P6	Endothelial cells	Endo_3	8.77870273590088	1.9663099050521897
GC06T:TGCGGGTAGACTGGGT	GC06T	12370.0	3619	0.052869845	Tumor	P6	Endothelial cells	Endo_3	9.39347839355469	2.16848731040955
GC06T:TGCGTGGAGGACGAAA	GC06T	16003.0	4529	0.032181464	Tumor	P6	Endothelial cells	Endo_2	9.66007709503174	-2.572096824646
GC06T:TGCGTGGGTGCGATAG	GC06T	5450.0	2306	0.055045873	Tumor	P6	Endothelial cells	Endo_3	9.39983558654785	3.5177981853485094
GC06T:TGCTACCAGAGGTTGC	GC06T	10960.0	3388	0.05100365	Tumor	P6	Endothelial cells	Endo_3	9.814409255981449	1.94991731643677
GC06T:TGCTACCAGGATGTAT	GC06T	3396.0	1605	0.25706714	Tumor	P6	Endothelial cells	Endo_1	11.2862138748169	-1.18605804443359
GC06T:TGCTACCGTACTTAGC	GC06T	11480.0	3349	0.037891988	Tumor	P6	Endothelial cells	Endo_3	8.50715637207031	2.6248621940612797
GC06T:TGCTACCGTCCGACGT	GC06T	7156.0	2681	0.028647289	Tumor	P6	Smooth muscle cells	SMC_1	0.959565818309784	-10.955430030822802
GC06T:TGCTACCTCCAGTATG	GC06T	16317.0	4463	0.057057057	Tumor	P6	Endothelial cells	Endo_1	13.103960990905799	-1.0414845943450899
GC06T:TGCTACCTCCGAGCCA	GC06T	7082.0	2316	0.109997176	Tumor	P6	Smooth muscle cells	SMC_1	-0.482856631278992	-9.65750598907471
GC06T:TGCTGCTCAAAGAATC	GC06T	12972.0	3749	0.019657724	Tumor	P6	Endothelial cells	Endo_3	8.78385734558105	2.1754302978515603
GC06T:TGGACGCAGTTAGGTA	GC06T	5149.0	2394	0.0592348	Tumor	P6	Endothelial cells	Endo_1	11.5943822860718	-2.78323602676392
GC06T:TGGCGCAAGCTGTCTA	GC06T	15962.0	4395	0.020548804	Tumor	P6	Fibroblasts	Fib_1	-6.87831115722656	7.07693099975586
GC06T:TGGCGCACAGGGTATG	GC06T	23925.0	5069	0.049028214	Tumor	P6	Fibroblasts	Fib_1	-6.6407036781311	5.41618156433105
GC06T:TGGCTGGTCCTCTAGC	GC06T	5595.0	2194	0.1562109	Tumor	P6	Fibroblasts	Fib_1	-7.51814603805542	7.80563831329346
GC06T:TGGGAAGAGGATGGTC	GC06T	11326.0	3589	0.05094473	Tumor	P6	Endothelial cells	Endo_1	11.9680957794189	-2.18339371681213
GC06T:TGGGCGTAGCGTAATA	GC06T	6944.0	2494	0.05529954	Tumor	P6	Endothelial cells	Endo_1	12.9282140731812	-0.126733526587486
GC06T:TGGGCGTGTACAGACG	GC06T	10470.0	3311	0.023877745	Tumor	P6	Endothelial cells	Endo_4	11.8045902252197	-6.400977611541751
GC06T:TGGGCGTGTTGGTAAA	GC06T	1214.0	640	0.28912684	Tumor	P6	Endothelial cells	Endo_1	11.3364038467407	-1.2413862943649299
GC06T:TGGTTAGCAGATGGCA	GC06T	34043.0	6324	0.046676263	Tumor	P6	Fibroblasts	Fib_1	-5.27211380004883	6.11454248428345
GC06T:TGGTTAGCATGCAATC	GC06T	2916.0	1269	0.27640605	Tumor	P6	Endothelial cells	Endo_1	11.7318897247314	-1.59913146495819
GC06T:TGGTTCCCAGCTCCGA	GC06T	1319.0	856	0.030326005	Tumor	P6	Endothelial cells	Endo_1	11.553230285644501	-2.33418202400208
GC06T:TGGTTCCTCGTCCAGG	GC06T	3184.0	1631	0.1133794	Tumor	P6	Smooth muscle cells	SMC_1	-0.23335200548172	-10.7555017471313
GC06T:TGTATTCGTAGCCTCG	GC06T	15733.0	4461	0.03775504	Tumor	P6	Endothelial cells	Endo_4	12.1473903656006	-4.31383752822876
GC06T:TGTGTTTGTAAGTAGT	GC06T	1470.0	873	0.12040816	Tumor	P6	Endothelial cells	Endo_1	10.7041025161743	-0.453183710575104
GC06T:TGTGTTTGTGATGTGG	GC06T	15506.0	4198	0.04224171	Tumor	P6	Endothelial cells	Endo_3	10.349419593811001	0.9994829893112179
GC06T:TGTTCCGAGACTTTCG	GC06T	1963.0	755	0.2679572	Tumor	P6	Fibroblasts	Fib_3	-3.81788778305054	6.30638551712036
GC06T:TGTTCCGAGAGGACGG	GC06T	11456.0	3000	0.08877444	Tumor	P6	Endothelial cells	Endo_1	11.5484170913696	0.033810917288065
GC06T:TGTTCCGCAAGTTCTG	GC06T	10622.0	3488	0.05460365	Tumor	P6	Endothelial cells	Endo_1	11.718071937561	-2.8677718639373797
GC06T:TTAACTCTCTCTAGGA	GC06T	16478.0	4458	0.073552616	Tumor	P6	Endothelial cells	Endo_1	12.8121700286865	-2.55666041374207
GC06T:TTAGGACAGTGATCGG	GC06T	7506.0	2184	0.08752998	Tumor	P6	Smooth muscle cells	SMC_2	-4.32111406326294	-11.948754310607901
GC06T:TTAGGACCAATCGAAA	GC06T	23080.0	5005	0.037348352	Tumor	P6	Smooth muscle cells	SMC_1	0.665556073188782	-9.02275848388672
GC06T:TTAGGACGTTACGCGC	GC06T	16296.0	3838	0.08499018	Tumor	P6	Smooth muscle cells	SMC_1	-0.999632060527802	-11.445152282714801
GC06T:TTAGGACTCCGCTGTT	GC06T	13049.0	3604	0.051958006	Tumor	P6	Endothelial cells	Endo_1	11.9672393798828	0.47253480553627
GC06T:TTAGTTCTCAAGAAGT	GC06T	18145.0	4611	0.052135576	Tumor	P6	Endothelial cells	Endo_1	12.3932104110718	-1.5242516994476298
GC06T:TTATGCTCAGCTGTTA	GC06T	4377.0	1950	0.06374229	Tumor	P6	Smooth muscle cells	SMC_1	-0.25797101855278	-10.7605857849121
GC06T:TTATGCTCATCAGTAC	GC06T	16628.0	4240	0.058515757	Tumor	P6	Endothelial cells	Endo_1	12.496593475341802	-0.0667216181755066
GC06T:TTATGCTTCATGTAGC	GC06T	1916.0	964	0.14613779	Tumor	P6	Endothelial cells	Endo_1	10.50523853302	-2.1784393787384
GC06T:TTCCCAGCAGTCTTCC	GC06T	4262.0	1781	0.06405444	Tumor	P6	Fibroblasts	Fib_1	-8.924492835998539	5.8547043800354
GC06T:TTCCCAGCATTAGGCT	GC06T	14533.0	4361	0.05257001	Tumor	P6	Endothelial cells	Endo_1	12.638063430786099	-2.73404502868652
GC06T:TTCGAAGGTCGCGGTT	GC06T	13429.0	3689	0.043264575	Tumor	P6	Fibroblasts	Fib_1	-6.96592235565186	6.06439208984375
GC06T:TTCGGTCGTCGAAAGC	GC06T	1038.0	562	0.25626203	Tumor	P6	Endothelial cells	Endo_1	9.150458335876461	0.13820141553878798
GC06T:TTCTACATCAGCTCTC	GC06T	15728.0	4265	0.03929298	Tumor	P6	Endothelial cells	Endo_1	11.8666210174561	-1.7361626625061002
GC06T:TTCTCCTTCCTCTAGC	GC06T	20555.0	4971	0.030114327	Tumor	P6	Endothelial cells	Endo_1	12.8941097259521	-1.63020360469818
GC06T:TTCTTAGAGGAATGGA	GC06T	1449.0	863	0.0020703934	Tumor	P6	Endothelial cells	Endo_1	9.85209560394287	-1.07470953464508
GC06T:TTGAACGAGTCTCGGC	GC06T	12393.0	3697	0.024691358	Tumor	P6	Endothelial cells	Endo_3	8.57586002349854	2.6685059070587203
GC06T:TTGAACGCAGCTTAAC	GC06T	1991.0	978	0.16725263	Tumor	P6	Endothelial cells	Endo_1	9.27798366546631	0.251902133226395
GC06T:TTGAACGTCAGCGATT	GC06T	7504.0	2406	0.055836886	Tumor	P6	Endothelial cells	Endo_3	9.42606258392334	1.628986120224
GC06T:TTGACTTAGGACGAAA	GC06T	16890.0	4595	0.04813499	Tumor	P6	Smooth muscle cells	SMC_1	-0.433912962675095	-12.520031929016099
GC06T:TTGGAACAGCCAGTTT	GC06T	14782.0	4134	0.062373158	Tumor	P6	Fibroblasts	Fib_1	-6.33899021148682	5.93872737884521
GC06T:TTGTAGGAGTGGTCCC	GC06T	5815.0	2179	0.05606191	Tumor	P6	Endothelial cells	Endo_3	10.789267539978	1.79464399814606
GC06T:TTGTAGGGTCCCGACA	GC06T	673.0	513	0.05052006	Tumor	P6	Endothelial cells	Endo_1	10.1509008407593	-1.12099707126617
GC06T:TTGTAGGGTGGAAAGA	GC06T	23614.0	5487	0.04425341	Tumor	P6	Endothelial cells	Endo_1	11.7364330291748	-1.93044412136078
GC06T:TTTACTGAGGCATGGT	GC06T	18995.0	4726	0.03374572	Tumor	P6	Endothelial cells	Endo_3	9.62896347045898	1.5361001491546598
GC06T:TTTACTGCAAGTAATG	GC06T	2541.0	1248	0.29830775	Tumor	P6	Endothelial cells	Endo_1	10.5909862518311	0.7889690399169921
GC06T:TTTATGCAGGAGTTGC	GC06T	1250.0	624	0.276	Tumor	P6	Endothelial cells	Endo_1	9.09388732910156	0.28922984004020696
GC06T:TTTATGCTCAAGGTAA	GC06T	1360.0	674	0.29264706	Tumor	P6	Endothelial cells	Endo_1	9.13931941986084	0.867317080497742
GC06T:TTTCCTCCAATTGCTG	GC06T	2057.0	1073	0.19008264	Tumor	P6	Endothelial cells	Endo_1	10.1315107345581	0.8734276294708249
GC06T:TTTGCGCGTCTTGCGG	GC06T	8999.0	2693	0.04467163	Tumor	P6	Endothelial cells	Endo_1	10.4223899841309	0.738864898681641
GC06T:TTTGCGCTCGAGGTAG	GC06T	3229.0	1370	0.12511614	Tumor	P6	Endothelial cells	Endo_1	10.274725914001499	0.7818837761878971
GC06T:TTTGGTTCATTCTTAC	GC06T	9809.0	3324	0.029054949	Tumor	P6	Smooth muscle cells	SMC_1	0.39891779422759993	-10.68297290802
GC06T:TTTGGTTTCAGTGCAT	GC06T	11116.0	3390	0.043540843	Tumor	P6	Endothelial cells	Endo_3	9.484354019165039	2.33615040779114
GC07P:AAAGATGAGAGTTGGC	GC07P	1221.0	759	0.07289107	Paratumor	P7	Myofibroblasts	Myofibroblasts	-8.18877696990967	0.6041220426559449
GC07P:ACGATACAGAAGATTC	GC07P	8021.0	2541	0.04014462	Paratumor	P7	Fibroblasts	Fib_5	-10.6212110519409	3.5705828666687
GC07P:ACGGCCATCTCGAGTA	GC07P	2684.0	1504	0.12704918	Paratumor	P7	Myofibroblasts	Myofibroblasts	-8.03423500061035	0.6252425312995911
GC07P:AGCCTAAGTGTAATGA	GC07P	3251.0	1313	0.17471547	Paratumor	P7	Smooth muscle cells	SMC_2	-4.66983699798584	-13.330388069152802
GC07P:AGCGTCGAGTTCGCGC	GC07P	970.0	532	0.041237112	Paratumor	P7	Fibroblasts	Fib_5	-10.843041419982901	2.9668741226196302
GC07P:ATCGAGTTCTAGCACA	GC07P	6299.0	2579	0.032862358	Paratumor	P7	Fibroblasts	Fib_2	-4.7327389717102095	11.005568504333501
GC07P:CACACCTTCGCACTCT	GC07P	2983.0	1563	0.06469997	Paratumor	P7	Fibroblasts	Fib_2	-5.94437742233276	10.6070966720581
GC07P:CACTCCAAGGATTCGG	GC07P	11698.0	3153	0.01743888	Paratumor	P7	Fibroblasts	Fib_5	-11.2230911254883	3.57514882087708
GC07P:CAGAATCCAACGATCT	GC07P	1953.0	740	0.17460318	Paratumor	P7	Fibroblasts	Fib_3	-5.5669040679931605	4.187190532684331
GC07P:CCTACACGTCAAGCGA	GC07P	3735.0	1480	0.16198125	Paratumor	P7	Smooth muscle cells	SMC_2	-4.5883994102478	-13.217381477356
GC07P:CGTTAGACATGCAACT	GC07P	3376.0	1334	0.18572275	Paratumor	P7	Fibroblasts	Fib_3	-6.07006072998047	3.9544723033905
GC07P:CTAATGGCATGAACCT	GC07P	4087.0	1779	0.047467582	Paratumor	P7	Fibroblasts	Fib_2	-6.20015954971313	10.119083404541
GC07P:GACGTGCTCGGATGGA	GC07P	1289.0	722	0.1768813	Paratumor	P7	Fibroblasts	Fib_3	-4.10249662399292	8.245425224304201
GC07P:GAGTCCGAGCGGATCA	GC07P	6341.0	1770	0.085317776	Paratumor	P7	Smooth muscle cells	SMC_2	-4.77939510345459	-12.330829620361301
GC07P:GATCGCGTCAAACAAG	GC07P	1472.0	808	0.19361413	Paratumor	P7	Fibroblasts	Fib_2	-5.2291769981384295	10.5341758728027
GC07P:GCTGCAGTCTGGTATG	GC07P	2170.0	1308	0.07281106	Paratumor	P7	Myofibroblasts	Myofibroblasts	-8.45102024078369	0.5408367514610289
GC07P:GGACATTCACTGTTAG	GC07P	2107.0	1202	0.06644518	Paratumor	P7	Myofibroblasts	Myofibroblasts	-8.503358840942381	0.5715569257736209
GC07P:GGGCACTCACTGAAGG	GC07P	9000.0	2938	0.027333334	Paratumor	P7	Fibroblasts	Fib_5	-10.9568195343018	3.4660460948944105
GC07P:GGTGCGTTCAGTTAGC	GC07P	8730.0	2716	0.03860252	Paratumor	P7	Fibroblasts	Fib_5	-11.1460313796997	3.4306674003601096
GC07P:GTCCTCAGTCAACTGT	GC07P	1216.0	718	0.1118421	Paratumor	P7	Smooth muscle cells	SMC_1	0.848737180233002	-11.4436931610107
GC07P:TACCTTATCTGATACG	GC07P	6354.0	2641	0.049889833	Paratumor	P7	Fibroblasts	Fib_2	-5.48612785339355	10.935153007507301
GC07P:TCCCGATAGATAGGAG	GC07P	12209.0	3191	0.067245476	Paratumor	P7	Smooth muscle cells	SMC_2	-4.63982629776001	-12.380741119384801
GC07P:TGCACCTTCCCTAATT	GC07P	796.0	544	0.1080402	Paratumor	P7	Fibroblasts	Fib_3	-4.3092622756958	9.59730529785156
GC07P:TGCCCATCAGCTCGCA	GC07P	4610.0	2062	0.0516269	Paratumor	P7	Myofibroblasts	Myofibroblasts	-7.835009574890139	0.5882449746131899
GC07P:TTGCGTCAGGATATAC	GC07P	964.0	589	0.09647303	Paratumor	P7	Endothelial cells	Endo_2	7.76151275634766	-3.10326743125916
GC07T:AAAGATGAGTCTCGGC	GC07T	4867.0	2010	0.038422026	Tumor	P7	Endothelial cells	Endo_2	9.04068756103516	-2.65188193321228
GC07T:AAAGATGCACGCCAGT	GC07T	5856.0	2046	0.10177596	Tumor	P7	Endothelial cells	Endo_3	10.2401533126831	2.33441829681396
GC07T:AAAGATGCAGTAACGG	GC07T	11209.0	3421	0.044874653	Tumor	P7	Endothelial cells	Endo_3	9.929436683654789	1.6917940378189098
GC07T:AAAGATGGTGAAGGCT	GC07T	18448.0	4388	0.04618387	Tumor	P7	Fibroblasts	Fib_2	-5.491765975952151	8.75001430511475
GC07T:AAAGATGGTGTATGGG	GC07T	10609.0	3359	0.051371478	Tumor	P7	Endothelial cells	Endo_2	7.9248752593994105	-2.60518765449524
GC07T:AAAGTAGAGTGGCACA	GC07T	5152.0	1773	0.10190217	Tumor	P7	Smooth muscle cells	SMC_2	-3.2479670047759996	-12.2869424819946
GC07T:AAAGTAGTCAGAAATG	GC07T	9531.0	3464	0.008708425	Tumor	P7	Fibroblasts	Fib_4	-5.02282762527466	2.14920544624329
GC07T:AAAGTAGTCCTTGGTC	GC07T	19736.0	4495	0.04271382	Tumor	P7	Fibroblasts	Fib_1	-6.00392293930054	5.94696807861328
GC07T:AACACGTGTTGAGGTG	GC07T	6656.0	2763	0.0390625	Tumor	P7	Endothelial cells	Endo_1	11.7220726013184	-1.60134828090668
GC07T:AACCGCGAGTGGCACA	GC07T	5648.0	1911	0.025672805	Tumor	P7	Smooth muscle cells	SMC_1	-2.2670280933380096	-11.2291860580444
GC07T:AACCGCGCAAAGGTGC	GC07T	14077.0	3914	0.030475244	Tumor	P7	Endothelial cells	Endo_1	12.3709106445312	-2.1912248134613
GC07T:AACCGCGCACCGAATT	GC07T	16593.0	3813	0.043693125	Tumor	P7	Fibroblasts	Fib_2	-5.38422346115112	8.598451614379881
GC07T:AACGTTGCAAGCGAGT	GC07T	5371.0	2014	0.0411469	Tumor	P7	Smooth muscle cells	SMC_2	-3.71111059188843	-13.1490726470947
GC07T:AACGTTGTCGAACGGA	GC07T	10588.0	3113	0.04127314	Tumor	P7	Smooth muscle cells	SMC_1	0.780999898910522	-11.7331552505493
GC07T:AACTCAGAGCGCCTCA	GC07T	14984.0	3492	0.037172984	Tumor	P7	Fibroblasts	Fib_5	-9.90398788452148	2.66932439804077
GC07T:AACTCAGCACCGGAAA	GC07T	4971.0	2093	0.16656609	Tumor	P7	Endothelial cells	Endo_2	9.849164962768551	-3.0525360107421897
GC07T:AACTCAGTCGCCATAA	GC07T	9108.0	3017	0.055555556	Tumor	P7	Fibroblasts	Fib_1	-7.087124824523929	9.46890640258789
GC07T:AACTCTTAGTACGACG	GC07T	28312.0	5083	0.049872845	Tumor	P7	Smooth muscle cells	SMC_1	0.6715083122253421	-8.687070846557619
GC07T:AACTGGTAGGACATTA	GC07T	2033.0	864	0.1283817	Tumor	P7	Fibroblasts	Fib_3	-5.10588693618774	3.6888644695282
GC07T:AACTGGTAGGTAAACT	GC07T	1401.0	779	0.15917201	Tumor	P7	Fibroblasts	Fib_3	-5.21620273590088	8.302585601806639
GC07T:AACTGGTGTCTAGCCG	GC07T	3224.0	1472	0.066066995	Tumor	P7	Endothelial cells	Endo_2	8.342761993408201	-3.63695335388184
GC07T:AACTGGTTCAGCTTAG	GC07T	12757.0	3412	0.04091871	Tumor	P7	Smooth muscle cells	SMC_2	-3.36093235015869	-13.3599328994751
GC07T:AACTTTCGTTGTTTGG	GC07T	11723.0	3160	0.040262733	Tumor	P7	Smooth muscle cells	SMC_1	0.6099027395248411	-10.730386734008801
GC07T:AAGACCTGTTACGGAG	GC07T	11196.0	3234	0.046087887	Tumor	P7	Endothelial cells	Endo_1	12.547917366027802	-0.44409880042076094
GC07T:AAGGAGCTCCTTGCCA	GC07T	12185.0	3502	0.025933525	Tumor	P7	Endothelial cells	Endo_1	13.0392723083496	-0.675463676452637
GC07T:AAGGCAGAGAAACGAG	GC07T	4820.0	2157	0.05186722	Tumor	P7	Endothelial cells	Endo_1	11.3083171844482	-2.89314651489258
GC07T:AAGTCTGCAACAACCT	GC07T	17819.0	4285	0.032998484	Tumor	P7	Smooth muscle cells	SMC_1	1.07534289360046	-10.220359802246099
GC07T:AAGTCTGTCCCTTGCA	GC07T	9591.0	2768	0.033468876	Tumor	P7	Smooth muscle cells	SMC_1	0.883780479431152	-10.787181854247999
GC07T:AATCGGTCAGCTATTG	GC07T	11491.0	2953	0.1716996	Tumor	P7	Myofibroblasts	Myofibroblasts	-7.726910591125491	0.821484863758087
GC07T:ACACCAAAGATCTGAA	GC07T	13731.0	3607	0.08134877	Tumor	P7	Smooth muscle cells	SMC_2	-3.2590320110321005	-13.3756847381592
GC07T:ACACCAACAAGCTGGA	GC07T	1379.0	647	0.22915156	Tumor	P7	Endothelial cells	Endo_1	-1.3955286741256698	-13.058442115783699
GC07T:ACACCAACAGTTTACG	GC07T	13671.0	3387	0.04637554	Tumor	P7	Fibroblasts	Fib_2	-3.59591746330261	9.73763370513916
GC07T:ACACCAAGTAAACCTC	GC07T	6844.0	2401	0.07042665	Tumor	P7	Smooth muscle cells	SMC_1	-2.5608923435211204	-12.775594711303699
GC07T:ACACCAATCAACGCTA	GC07T	35495.0	6115	0.02786308	Tumor	P7	Endothelial cells	Endo_1	11.6669578552246	-0.337163358926773
GC07T:ACACCCTCACGAGAGT	GC07T	44559.0	6383	0.028075136	Tumor	P7	Endothelial cells	Endo_1	9.60404109954834	-2.1296982765197803
GC07T:ACACCCTGTAGCTCCG	GC07T	8745.0	2854	0.11663808	Tumor	P7	Smooth muscle cells	SMC_1	-0.616366744041443	-9.58263778686523
GC07T:ACACCCTGTATGGTTC	GC07T	9375.0	3199	0.046186667	Tumor	P7	Endothelial cells	Endo_1	13.1429796218872	-1.85549187660217
GC07T:ACACCCTTCACCTCGT	GC07T	11624.0	2937	0.054456297	Tumor	P7	Fibroblasts	Fib_1	-6.46899509429932	6.75036191940308
GC07T:ACACCCTTCTCCGGTT	GC07T	15505.0	4089	0.02715253	Tumor	P7	Endothelial cells	Endo_1	12.186640739440902	-2.82667684555054
GC07T:ACACCGGGTACGCACC	GC07T	9704.0	2936	0.04245672	Tumor	P7	Smooth muscle cells	SMC_1	-0.55808687210083	-12.7844572067261
GC07T:ACACTGATCGGCTTGG	GC07T	42970.0	5389	0.073749125	Tumor	P7	Fibroblasts	Fib_3	-4.89467430114746	6.23780918121338
GC07T:ACATCAGAGGGAACGG	GC07T	17654.0	4566	0.052565992	Tumor	P7	Endothelial cells	Endo_1	10.828042984008801	1.0544852018356299
GC07T:ACATCAGCACAGGCCT	GC07T	3296.0	1532	0.033677183	Tumor	P7	Smooth muscle cells	SMC_1	-0.008200994692742821	-11.255202293396001
GC07T:ACATGGTAGTCAAGGC	GC07T	8305.0	3072	0.030945214	Tumor	P7	Endothelial cells	Endo_1	12.0861053466797	-2.4737012386322
GC07T:ACATGGTCAGTCACTA	GC07T	12530.0	3977	0.031284917	Tumor	P7	Endothelial cells	Endo_1	12.5537624359131	-0.788886368274689
GC07T:ACCAGTAGTTCAGCGC	GC07T	15326.0	4182	0.03941015	Tumor	P7	Endothelial cells	Endo_3	9.73421764373779	1.75508332252502
GC07T:ACCAGTATCGCATGGC	GC07T	6386.0	2277	0.10977138	Tumor	P7	Fibroblasts	Fib_4	-6.63425064086914	2.4531569480896
GC07T:ACCAGTATCGTAGGAG	GC07T	2978.0	1320	0.036601745	Tumor	P7	Smooth muscle cells	SMC_2	-2.8575255870819105	-12.9554834365845
GC07T:ACCGTAAGTACGCACC	GC07T	9165.0	2765	0.06175668	Tumor	P7	Smooth muscle cells	SMC_2	-4.15903854370117	-11.9681034088135
GC07T:ACCGTAATCGACCAGC	GC07T	5861.0	2224	0.02900529	Tumor	P7	Smooth muscle cells	SMC_1	-1.8128086328506499	-13.1292285919189
GC07T:ACCTTTACACGGCGTT	GC07T	12453.0	3216	0.03693889	Tumor	P7	Fibroblasts	Fib_5	-9.72699069976807	2.47175002098083
GC07T:ACCTTTATCGCCAGCA	GC07T	18579.0	4564	0.037676945	Tumor	P7	Fibroblasts	Fib_4	-5.06148910522461	2.12881731987
GC07T:ACGAGCCAGCCCTAAT	GC07T	9798.0	2958	0.04286589	Tumor	P7	Smooth muscle cells	SMC_1	0.925208806991577	-11.8496541976929
GC07T:ACGAGCCGTACTCTCC	GC07T	9595.0	2994	0.04283481	Tumor	P7	Endothelial cells	Endo_1	12.6543712615967	-0.9256397485733029
GC07T:ACGAGCCGTCTCCCTA	GC07T	1053.0	577	0.10161444	Tumor	P7	Endothelial cells	Endo_1	10.6823997497559	-1.2726548910141002
GC07T:ACGAGGATCACGCGGT	GC07T	5448.0	1779	0.07085169	Tumor	P7	Endothelial cells	Endo_3	9.88884162902832	2.65040731430054
GC07T:ACGATACAGAGTCGGT	GC07T	10891.0	3116	0.026994767	Tumor	P7	Fibroblasts	Fib_1	-6.729162693023679	4.8353171348571795
GC07T:ACGATACCATCATCCC	GC07T	13499.0	3902	0.04207719	Tumor	P7	Endothelial cells	Endo_1	13.0828495025635	-0.585269927978516
GC07T:ACGATGTAGTCGTTTG	GC07T	3711.0	1745	0.08676907	Tumor	P7	Fibroblasts	Fib_1	-6.9836921691894505	6.509201526641849
GC07T:ACGATGTTCCGTAGGC	GC07T	4185.0	1629	0.03345281	Tumor	P7	Smooth muscle cells	SMC_2	-3.6282989978790297	-12.5487375259399
GC07T:ACGCAGCCAGCGTTCG	GC07T	6497.0	2165	0.10158534	Tumor	P7	Myofibroblasts	Myofibroblasts	-8.18568992614746	0.649694621562958
GC07T:ACGCAGCGTTCGAATC	GC07T	3976.0	1904	0.02112676	Tumor	P7	Smooth muscle cells	SMC_1	-0.009618581272661691	-10.824727058410598
GC07T:ACGCAGCTCTTCGGTC	GC07T	18523.0	4498	0.029962748	Tumor	P7	Endothelial cells	Endo_1	11.5394201278687	0.6321834921836851
GC07T:ACGCCAGAGGCAGTCA	GC07T	12868.0	3742	0.06403481	Tumor	P7	Endothelial cells	Endo_2	9.50770473480225	-2.55630826950073
GC07T:ACGCCAGCACGTAAGG	GC07T	19504.0	4396	0.04706727	Tumor	P7	Fibroblasts	Fib_1	-5.71466875076294	5.94873189926147
GC07T:ACGGAGAGTACTCGCG	GC07T	12396.0	2857	0.15561472	Tumor	P7	Smooth muscle cells	SMC_2	-4.53735160827637	-12.4296865463257
GC07T:ACGGAGAGTAGAAAGG	GC07T	9811.0	3335	0.05565182	Tumor	P7	Endothelial cells	Endo_1	12.1316375732422	-2.7711002826690696
GC07T:ACGGAGATCGGAATCT	GC07T	7055.0	1924	0.05357902	Tumor	P7	Fibroblasts	Fib_1	-3.12665772438049	-11.7233200073242
GC07T:ACGGCCAAGTGCAAGC	GC07T	57721.0	6555	0.05902531	Tumor	P7	Fibroblasts	Fib_1	-5.0508122444152805	6.301763534545901
GC07T:ACGGCCACATCCAACA	GC07T	9209.0	3197	0.033119775	Tumor	P7	Endothelial cells	Endo_3	10.0531330108643	1.4628698825836202
GC07T:ACGGGCTAGCGTTTAC	GC07T	1041.0	658	0.12487993	Tumor	P7	Endothelial cells	Endo_1	10.0351142883301	-2.4228723049163796
GC07T:ACGTCAAGTACAGACG	GC07T	7180.0	2440	0.033147633	Tumor	P7	Smooth muscle cells	SMC_2	-3.7112832069397004	-12.6346950531006
GC07T:ACTATCTCAAAGTCAA	GC07T	7006.0	2546	0.033685412	Tumor	P7	Smooth muscle cells	SMC_1	0.8971202373504642	-11.0373315811157
GC07T:ACTATCTTCTGAGGGA	GC07T	4172.0	1801	0.11001918	Tumor	P7	Endothelial cells	Endo_1	11.3538761138916	-2.15273857116699
GC07T:ACTGAACAGCCAGGAT	GC07T	2892.0	1025	0.16182573	Tumor	P7	Fibroblasts	Fib_3	-3.70396304130554	7.0352287292480495
GC07T:ACTGAACCAGACGCAA	GC07T	14738.0	3933	0.038811237	Tumor	P7	Endothelial cells	Endo_1	12.0535402297974	0.5143392682075499
GC07T:ACTGAGTCATTCGACA	GC07T	15496.0	4191	0.0586603	Tumor	P7	Fibroblasts	Fib_1	-6.05447769165039	5.94654893875122
GC07T:ACTGATGGTAAACGCG	GC07T	8905.0	3015	0.021673217	Tumor	P7	Endothelial cells	Endo_4	11.8789758682251	-6.57289743423462
GC07T:ACTGCTCAGCGTTCCG	GC07T	9184.0	2633	0.033754356	Tumor	P7	Endothelial cells	Endo_3	8.857217788696289	2.96775317192078
GC07T:ACTGCTCAGGATGGTC	GC07T	25231.0	5138	0.038682573	Tumor	P7	Smooth muscle cells	SMC_1	0.884314239025116	-9.15144443511963
GC07T:ACTGCTCCACAGACTT	GC07T	21001.0	4571	0.03323651	Tumor	P7	Smooth muscle cells	SMC_2	-3.90564227104187	-12.9527149200439
GC07T:ACTGCTCTCGTTACGA	GC07T	7974.0	3137	0.027840482	Tumor	P7	Endothelial cells	Endo_1	11.5523529052734	-2.77882361412048
GC07T:ACTGTCCGTGCGAAAC	GC07T	6602.0	2165	0.027415935	Tumor	P7	Smooth muscle cells	SMC_2	-4.70405673980713	-12.400637626647901
GC07T:ACTTACTAGATCGGGT	GC07T	4477.0	1553	0.036184944	Tumor	P7	Fibroblasts	Fib_4	-7.41160774230957	2.6702291965484597
GC07T:ACTTACTCACATAACC	GC07T	23730.0	5403	0.06000843	Tumor	P7	Endothelial cells	Endo_1	11.844403266906701	-1.82074451446533
GC07T:ACTTACTTCTATGTGG	GC07T	26843.0	5750	0.04407108	Tumor	P7	Endothelial cells	Endo_1	12.6631927490234	-1.83464241027832
GC07T:AGACGTTCAGCTGCTG	GC07T	4461.0	1857	0.06299036	Tumor	P7	Endothelial cells	Endo_3	9.36749839782715	3.608078956604
GC07T:AGAGCTTAGACCCACC	GC07T	4614.0	2011	0.023407022	Tumor	P7	Endothelial cells	Endo_2	9.2865743637085	-4.14434576034546
GC07T:AGAGCTTCAAATACAG	GC07T	4142.0	1505	0.1880734	Tumor	P7	Fibroblasts	Fib_2	-5.5027289390564	8.630444526672362
GC07T:AGAGCTTCACTTGGAT	GC07T	14609.0	4237	0.04011226	Tumor	P7	Endothelial cells	Endo_1	12.1864719390869	-1.44341158866882
GC07T:AGAGTGGGTTTGCATG	GC07T	8712.0	3138	0.04591368	Tumor	P7	Endothelial cells	Endo_1	12.5631465911865	-1.69957637786865
GC07T:AGAGTGGTCGCCCTTA	GC07T	5875.0	1797	0.10757447	Tumor	P7	Fibroblasts	Fib_2	-6.48043966293335	8.805971145629881
GC07T:AGATCTGAGTTGTCGT	GC07T	6076.0	2498	0.030118499	Tumor	P7	Endothelial cells	Endo_1	11.580841064453098	-2.62820029258728
GC07T:AGATCTGCATCGATGT	GC07T	5925.0	2428	0.043544304	Tumor	P7	Endothelial cells	Endo_3	10.043463706970199	2.79726791381836
GC07T:AGATTGCAGAGTAAGG	GC07T	12919.0	3515	0.2103104	Tumor	P7	Endothelial cells	Endo_1	11.1424388885498	-2.8159701824188197
GC07T:AGATTGCGTCCGCTGA	GC07T	10654.0	3265	0.039046366	Tumor	P7	Endothelial cells	Endo_2	9.39876937866211	-2.6731748580932595
GC07T:AGCATACTCGGTCCGA	GC07T	11660.0	3621	0.032075472	Tumor	P7	Endothelial cells	Endo_1	11.282010078430199	-2.60042142868042
GC07T:AGCATACTCGTTTAGG	GC07T	5472.0	1913	0.036549706	Tumor	P7	Smooth muscle cells	SMC_2	-4.37215518951416	-12.375062942504899
GC07T:AGCCTAAAGAAGGTGA	GC07T	18647.0	4571	0.053198908	Tumor	P7	Endothelial cells	Endo_1	12.5630836486816	-0.16322311758995098
GC07T:AGCCTAAAGGCTATCT	GC07T	8424.0	2819	0.02374169	Tumor	P7	Smooth muscle cells	SMC_1	-2.23060011863708	-13.151207923889197
GC07T:AGCGTATTCTGTCAAG	GC07T	10604.0	2799	0.044511504	Tumor	P7	Smooth muscle cells	SMC_2	-4.277130126953121	-12.946537971496598
GC07T:AGCGTCGCACGCGAAA	GC07T	8744.0	3000	0.028247941	Tumor	P7	Endothelial cells	Endo_1	12.8644599914551	-2.03449726104736
GC07T:AGCGTCGCATTATCTC	GC07T	3035.0	1398	0.028995058	Tumor	P7	Endothelial cells	Endo_2	8.98399925231934	-3.7279434204101602
GC07T:AGCGTCGTCATTCACT	GC07T	2989.0	1381	0.032786883	Tumor	P7	Fibroblasts	Fib_2	-5.38113927841187	10.722918510437
GC07T:AGCTCCTGTACCGCTG	GC07T	9415.0	2799	0.06755178	Tumor	P7	Smooth muscle cells	SMC_2	-4.030310153961181	-13.1302137374878
GC07T:AGCTCTCTCAGGCCCA	GC07T	12764.0	3847	0.033061735	Tumor	P7	Endothelial cells	Endo_1	12.354640007019	0.47917896509170504
GC07T:AGCTTGACATGGATGG	GC07T	4015.0	1690	0.103611454	Tumor	P7	Endothelial cells	Endo_2	9.73310089111328	-2.64737391471863
GC07T:AGGCCGTAGCTTATCG	GC07T	13040.0	3936	0.04447853	Tumor	P7	Endothelial cells	Endo_1	12.254146575927699	-3.09978890419006
GC07T:AGGGTGAAGTATCTCG	GC07T	6820.0	2536	0.041348975	Tumor	P7	Endothelial cells	Endo_3	9.24271774291992	3.5164136886596697
GC07T:AGGGTGACATCTGGTA	GC07T	26952.0	5061	0.023040961	Tumor	P7	Smooth muscle cells	SMC_1	1.25173807144165	-11.3826265335083
GC07T:AGGTCATCATGCCTTC	GC07T	3948.0	1873	0.05420466	Tumor	P7	Fibroblasts	Fib_2	-5.0094490051269505	8.58896064758301
GC07T:AGGTCATGTAGAGTGC	GC07T	5088.0	1969	0.05581761	Tumor	P7	Smooth muscle cells	SMC_1	-0.348946243524551	-10.747271537780799
GC07T:AGTAGTCCATGCAACT	GC07T	8433.0	2836	0.053243212	Tumor	P7	Smooth muscle cells	SMC_1	0.0404554717242718	-11.7446613311768
GC07T:AGTCTTTTCCACTCCA	GC07T	22595.0	3967	0.07298075	Tumor	P7	Smooth muscle cells	SMC_1	0.115349821746349	-8.83643913269043
GC07T:AGTGAGGCAGCTGTAT	GC07T	29606.0	5296	0.055495508	Tumor	P7	Fibroblasts	Fib_1	-5.43680047988892	6.3328127861022905
GC07T:AGTGAGGCATTGCGGC	GC07T	6461.0	2419	0.041170098	Tumor	P7	Endothelial cells	Endo_3	10.3815860748291	2.48360013961792
GC07T:AGTGGGATCCGCATCT	GC07T	5701.0	1992	0.05086827	Tumor	P7	Smooth muscle cells	SMC_2	-3.6578605175018297	-12.702056884765598
GC07T:AGTGTCAGTCACTTCC	GC07T	1933.0	903	0.07087429	Tumor	P7	Smooth muscle cells	SMC_1	-0.126850590109825	-10.5970754623413
GC07T:AGTGTCAGTCCATGAT	GC07T	14698.0	3719	0.111579806	Tumor	P7	Fibroblasts	Fib_2	-4.60037517547607	9.821492195129391
GC07T:AGTGTCATCCAACCAA	GC07T	15070.0	3958	0.061380226	Tumor	P7	Endothelial cells	Endo_3	9.315813064575199	1.7562655210495002
GC07T:ATAACGCCACAGGAGT	GC07T	9353.0	2680	0.051213514	Tumor	P7	Fibroblasts	Fib_1	-7.01426124572754	7.95851278305054
GC07T:ATAACGCCAGGTGCCT	GC07T	14154.0	3738	0.055108096	Tumor	P7	Smooth muscle cells	SMC_1	0.494409710168839	-9.59509181976318
GC07T:ATAAGAGGTTTAAGCC	GC07T	1001.0	653	0.062937066	Tumor	P7	Endothelial cells	Endo_2	8.79013156890869	-2.37148785591125
GC07T:ATAGACCGTTACGTCA	GC07T	6282.0	2394	0.1450175	Tumor	P7	Endothelial cells	Endo_2	10.2540655136108	-2.88134217262268
GC07T:ATAGACCTCGTTACGA	GC07T	6564.0	2476	0.028184034	Tumor	P7	Endothelial cells	Endo_4	12.319643020629899	-6.8955512046814
GC07T:ATCACGAGTTAAAGTG	GC07T	8600.0	2721	0.049651165	Tumor	P7	Fibroblasts	Fib_4	-5.388390064239499	2.67584681510925
GC07T:ATCACGATCGGTGTCG	GC07T	5691.0	1944	0.030574592	Tumor	P7	Smooth muscle cells	SMC_2	-3.5899245738983194	-12.892314910888699
GC07T:ATCATCTAGAGGGATA	GC07T	4151.0	1690	0.04239942	Tumor	P7	Smooth muscle cells	SMC_1	0.35508188605308505	-12.3437824249268
GC07T:ATCATCTCAGTATCTG	GC07T	16328.0	4179	0.051077902	Tumor	P7	Fibroblasts	Fib_2	-6.03979921340942	8.2622241973877
GC07T:ATCATCTGTTTAGCTG	GC07T	5848.0	2400	0.03231874	Tumor	P7	Endothelial cells	Endo_2	9.38290882110596	-2.51130485534668
GC07T:ATCCACCAGACAAAGG	GC07T	520.0	375	0.0	Tumor	P7	Endothelial cells	Endo_1	9.80876731872559	-0.6285994052886961
GC07T:ATCCGAAAGGGTATCG	GC07T	15606.0	4110	0.055171087	Tumor	P7	Endothelial cells	Endo_1	11.4184112548828	0.745339930057526
GC07T:ATCCGAAAGTTGAGAT	GC07T	6095.0	2231	0.07973749	Tumor	P7	Smooth muscle cells	SMC_2	-3.52030563354492	-13.31529712677
GC07T:ATCCGAACAAAGAATC	GC07T	10158.0	2945	0.07343965	Tumor	P7	Smooth muscle cells	SMC_2	-4.6150164604187	-12.978759765625
GC07T:ATCTACTAGTGTCTCA	GC07T	1158.0	710	0.1373057	Tumor	P7	Endothelial cells	Endo_1	10.1637268066406	-2.91055369377136
GC07T:ATCTGCCAGCAATATG	GC07T	12806.0	3804	0.02631579	Tumor	P7	Fibroblasts	Fib_4	-6.25128173828125	3.0646421909332298
GC07T:ATCTGCCAGTCTCGGC	GC07T	11575.0	3459	0.036889847	Tumor	P7	Endothelial cells	Endo_1	12.035493850708	-1.2385549545288101
GC07T:ATCTGCCCATTATCTC	GC07T	2143.0	1169	0.0643957	Tumor	P7	Endothelial cells	Endo_2	8.709132194519041	-3.36453723907471
GC07T:ATCTGCCGTAAGTGGC	GC07T	15742.0	3490	0.06307966	Tumor	P7	Fibroblasts	Fib_5	-9.34025192260742	5.29724073410034
GC07T:ATCTGCCTCAACCAAC	GC07T	13853.0	3878	0.04092976	Tumor	P7	Fibroblasts	Fib_1	-7.16507625579834	9.18089199066162
GC07T:ATGAGGGAGGTGATAT	GC07T	8706.0	3248	0.07270848	Tumor	P7	Endothelial cells	Endo_3	10.882914543151902	2.3539209365844704
GC07T:ATGAGGGCACGCATCG	GC07T	17051.0	4156	0.02914785	Tumor	P7	Endothelial cells	Endo_3	9.47511291503906	1.51815664768219
GC07T:ATGGGAGAGTCAAGCG	GC07T	4579.0	1642	0.091723084	Tumor	P7	Fibroblasts	Fib_4	-8.79514408111572	3.14781785011292
GC07T:ATGTGTGAGATGGGTC	GC07T	28354.0	5894	0.049023066	Tumor	P7	Endothelial cells	Endo_1	11.5113191604614	-1.89298141002655
GC07T:ATGTGTGGTCAAAGCG	GC07T	3774.0	1456	0.051934287	Tumor	P7	Smooth muscle cells	SMC_1	-2.06743097305298	-11.2338266372681
GC07T:ATTATCCGTACCGCTG	GC07T	5571.0	2173	0.040567223	Tumor	P7	Endothelial cells	Endo_2	8.99983215332031	-3.8514161109924303
GC07T:ATTGGTGTCAGCTCTC	GC07T	2357.0	1268	0.09800594	Tumor	P7	Myofibroblasts	Myofibroblasts	-8.1149845123291	0.646950125694275
GC07T:ATTTCTGGTTAGTGGG	GC07T	13799.0	3798	0.049061526	Tumor	P7	Endothelial cells	Endo_3	10.572930335998501	1.28497838973999
GC07T:CAACCAAAGCTTTGGT	GC07T	4337.0	1847	0.055568364	Tumor	P7	Endothelial cells	Endo_2	8.07779598236084	-3.68695878982544
GC07T:CAACCAATCAGAGACG	GC07T	3811.0	1182	0.066386774	Tumor	P7	Fibroblasts	Fib_3	-4.00698184967041	5.3106837272644
GC07T:CAACCTCAGCCTTGAT	GC07T	6940.0	2467	0.038616713	Tumor	P7	Smooth muscle cells	SMC_1	-0.22373703122139002	-12.775944709777802
GC07T:CAACCTCCAGGGTATG	GC07T	6191.0	2336	0.036181554	Tumor	P7	Smooth muscle cells	SMC_1	0.39303091168403603	-10.654335975647
GC07T:CAACCTCGTGCGATAG	GC07T	14548.0	3749	0.03718724	Tumor	P7	Endothelial cells	Endo_3	8.6578197479248	2.1298766136169403
GC07T:CAACCTCGTGTTTGTG	GC07T	4084.0	1910	0.08643487	Tumor	P7	Myofibroblasts	Myofibroblasts	-8.408459663391112	0.581035137176514
GC07T:CAACCTCTCTCGTTTA	GC07T	9358.0	2832	0.07661893	Tumor	P7	Smooth muscle cells	SMC_1	0.950200796127319	-10.775176048278801
GC07T:CAACTAGAGTGGGTTG	GC07T	23766.0	5032	0.0439283	Tumor	P7	Endothelial cells	Endo_1	12.468083381652802	-1.8893551826477097
GC07T:CAAGAAATCATGTGGT	GC07T	7434.0	2388	0.110573046	Tumor	P7	Fibroblasts	Fib_4	-4.87901878356934	2.2220480442047097
GC07T:CAAGATCTCATAAAGG	GC07T	3604.0	1591	0.10294118	Tumor	P7	Fibroblasts	Fib_4	-9.93978977203369	2.5068781375885
GC07T:CACAAACAGGCGACAT	GC07T	13742.0	3676	0.028671227	Tumor	P7	Smooth muscle cells	SMC_2	-2.89692664146423	-13.1857309341431
GC07T:CACACAAAGAAGATTC	GC07T	18924.0	4077	0.07334602	Tumor	P7	Fibroblasts	Fib_2	-5.517282009124759	8.602908134460451
GC07T:CACACAATCGCTTAGA	GC07T	3827.0	1606	0.14371571	Tumor	P7	Fibroblasts	Fib_4	-8.65029716491699	2.77944946289062
GC07T:CACACAATCGGCTACG	GC07T	7195.0	2455	0.034746353	Tumor	P7	Smooth muscle cells	SMC_1	0.5915008783340451	-11.1557102203369
GC07T:CACACAATCTGTTGAG	GC07T	13979.0	4116	0.035839472	Tumor	P7	Endothelial cells	Endo_3	10.125771522522	1.53012681007385
GC07T:CACACTCTCACAACGT	GC07T	2322.0	1215	0.15030147	Tumor	P7	Endothelial cells	Endo_1	10.7712755203247	1.3429635763168302
GC07T:CACAGGCCACAAGTAA	GC07T	8470.0	2633	0.054309327	Tumor	P7	Smooth muscle cells	SMC_2	-3.55070376396179	-13.0691919326782
GC07T:CACAGGCCACGACGAA	GC07T	18038.0	4549	0.021621022	Tumor	P7	Endothelial cells	Endo_3	8.774477005004881	1.9282977581024199
GC07T:CACAGGCTCTAACTCT	GC07T	512.0	333	0.060546875	Tumor	P7	Fibroblasts	Fib_3	-3.42034482955933	6.26382064819336
GC07T:CACAGTAAGACTAAGT	GC07T	10883.0	3763	0.033079114	Tumor	P7	Endothelial cells	Endo_1	11.436285972595199	-2.97392296791077
GC07T:CACATAGGTTGTTTGG	GC07T	15207.0	4260	0.052936148	Tumor	P7	Endothelial cells	Endo_1	12.1488819122314	0.49336779117584206
GC07T:CACATTTGTGTTGGGA	GC07T	6650.0	2011	0.14330827	Tumor	P7	Smooth muscle cells	SMC_1	-0.386963456869125	-9.362568855285641
GC07T:CACATTTTCATTATCC	GC07T	20980.0	4892	0.05119161	Tumor	P7	Smooth muscle cells	SMC_1	0.8570072054862979	-9.793145179748539
GC07T:CACCACTGTGCTAGCC	GC07T	15446.0	3967	0.047908843	Tumor	P7	Endothelial cells	Endo_2	8.40546321868896	-2.47820067405701
GC07T:CACCAGGTCCTCATTA	GC07T	4213.0	1610	0.10847377	Tumor	P7	Fibroblasts	Fib_4	-9.01525402069092	2.7606627941131605
GC07T:CACCTTGTCGGCTACG	GC07T	19854.0	4306	0.02523421	Tumor	P7	Smooth muscle cells	SMC_1	-2.6059336662292503	-13.151852607727099
GC07T:CACTCCACATGGGACA	GC07T	573.0	312	0.2582897	Tumor	P7	Fibroblasts	Fib_3	-5.068541526794429	10.4114093780518
GC07T:CACTCCATCGGCTACG	GC07T	4391.0	1844	0.04099294	Tumor	P7	Smooth muscle cells	SMC_2	-2.35464882850647	-13.162803649902301
GC07T:CAGAATCTCTGAGGGA	GC07T	7917.0	2581	0.075912595	Tumor	P7	Fibroblasts	Fib_4	-5.69711971282959	2.06385684013367
GC07T:CAGAGAGCAGCTTAAC	GC07T	6357.0	2299	0.17209375	Tumor	P7	Fibroblasts	Fib_2	-7.45128726959229	7.80947113037109
GC07T:CAGAGAGGTTGTACAC	GC07T	5177.0	1893	0.0432683	Tumor	P7	Fibroblasts	Fib_2	-5.75733280181885	8.69674015045166
GC07T:CAGATCAAGTACGATA	GC07T	12047.0	3468	0.04557151	Tumor	P7	Endothelial cells	Endo_3	8.368016242980959	3.18958497047424
GC07T:CAGATCACAGCTGTAT	GC07T	5362.0	2328	0.073293544	Tumor	P7	Endothelial cells	Endo_1	11.749993324279801	-2.5007531642913796
GC07T:CAGCAGCAGCAGGCTA	GC07T	11637.0	3606	0.010483801	Tumor	P7	Endothelial cells	Endo_2	8.341907501220701	-3.0629234313964804
GC07T:CAGCAGCGTTCGTTGA	GC07T	2443.0	1291	0.054441262	Tumor	P7	Endothelial cells	Endo_1	10.7613744735718	-0.82118034362793
GC07T:CAGCAGCTCCCTCAGT	GC07T	9387.0	3085	0.023223607	Tumor	P7	Smooth muscle cells	SMC_1	0.8474450111389159	-11.284070014953599
GC07T:CAGCATAAGAGTACAT	GC07T	7495.0	2413	0.04149433	Tumor	P7	Smooth muscle cells	SMC_2	-3.4890973567962598	-13.136639595031701
GC07T:CAGCGACGTGCTGTAT	GC07T	9555.0	3014	0.018942961	Tumor	P7	Endothelial cells	Endo_3	9.736650466918949	2.6047694683075
GC07T:CAGCTAATCAGGTAAA	GC07T	10921.0	2914	0.033238713	Tumor	P7	Fibroblasts	Fib_5	-9.56426048278809	2.98351263999939
GC07T:CAGCTGGTCATGTCCC	GC07T	16814.0	4100	0.10342572	Tumor	P7	Fibroblasts	Fib_1	-6.84537315368652	6.57845830917358
GC07T:CAGGTGCCAGGTGCCT	GC07T	11424.0	3104	0.039565828	Tumor	P7	Smooth muscle cells	SMC_1	0.8522775173187259	-10.3335886001587
GC07T:CAGGTGCCATCGGAAG	GC07T	10620.0	3512	0.02551789	Tumor	P7	Endothelial cells	Endo_1	12.4330005645752	-2.7161884307861297
GC07T:CAGGTGCGTTTAGCTG	GC07T	3521.0	1451	0.21073559	Tumor	P7	Endothelial cells	Endo_1	11.5626373291016	-1.32489442825317
GC07T:CAGTAACAGTCAATAG	GC07T	18498.0	4303	0.06665585	Tumor	P7	Fibroblasts	Fib_1	-5.96309375762939	6.74831390380859
GC07T:CAGTAACAGTGAATTG	GC07T	1996.0	1077	0.10771543	Tumor	P7	Smooth muscle cells	SMC_1	-0.09002885222435002	-10.771942138671902
GC07T:CAGTCCTAGAGAACAG	GC07T	31526.0	5517	0.032639727	Tumor	P7	Smooth muscle cells	SMC_1	0.9077461361885071	-8.80934429168701
GC07T:CAGTCCTCAGGAATGC	GC07T	42399.0	6698	0.023915658	Tumor	P7	Fibroblasts	Fib_3	-3.1306462287902797	7.8913888931274405
GC07T:CATATTCTCTGTCTAT	GC07T	18382.0	4842	0.063268416	Tumor	P7	Endothelial cells	Endo_3	9.01072883605957	1.64580082893372
GC07T:CATCAAGCAGTATAAG	GC07T	16675.0	4028	0.052833583	Tumor	P7	Fibroblasts	Fib_1	-6.004625797271731	6.10027265548706
GC07T:CATCAAGGTCTGCAAT	GC07T	17664.0	3993	0.0679914	Tumor	P7	Smooth muscle cells	SMC_1	0.6661725044250489	-8.9723596572876
GC07T:CATCAAGGTGTATGGG	GC07T	5960.0	1964	0.059060402	Tumor	P7	Smooth muscle cells	SMC_2	-3.48099780082703	-12.784271240234402
GC07T:CATCAGATCAGCCTAA	GC07T	3486.0	1520	0.033562824	Tumor	P7	Smooth muscle cells	SMC_1	-1.90498316287994	-13.186634063720698
GC07T:CATCAGATCATCACCC	GC07T	5893.0	2092	0.04615646	Tumor	P7	Smooth muscle cells	SMC_1	-2.20793843269348	-13.189537048339801
GC07T:CATCCACCATACGCCG	GC07T	2687.0	583	0.16821735	Tumor	P7	Fibroblasts	Fib_1	-5.895634651184079	5.90392303466797
GC07T:CATCGAATCAAGATCC	GC07T	3933.0	1652	0.08415967	Tumor	P7	Endothelial cells	Endo_2	8.489013671875	-3.30979943275452
GC07T:CATCGGGGTCAAACTC	GC07T	11551.0	3291	0.043719158	Tumor	P7	Endothelial cells	Endo_3	9.80084228515625	2.31393074989319
GC07T:CATGACACAGGTCGTC	GC07T	10905.0	3324	0.029802842	Tumor	P7	Endothelial cells	Endo_3	8.31279563903809	3.08887147903442
GC07T:CATGACAGTAGGAGTC	GC07T	6715.0	2058	0.043782577	Tumor	P7	Smooth muscle cells	SMC_2	-4.6606707572937	-12.270075798034698
GC07T:CATGACATCCAAGTAC	GC07T	11796.0	3410	0.05069515	Tumor	P7	Endothelial cells	Endo_3	9.99636650085449	2.06238651275635
GC07T:CATGCCTAGAGATGAG	GC07T	9288.0	2781	0.14254953	Tumor	P7	Fibroblasts	Fib_1	-7.18205165863037	8.324037551879881
GC07T:CATGCCTCATATGAGA	GC07T	3560.0	1557	0.016853932	Tumor	P7	Smooth muscle cells	SMC_2	-4.34388113021851	-12.0162668228149
GC07T:CATGCCTGTCAGATAA	GC07T	5905.0	2381	0.035393734	Tumor	P7	Endothelial cells	Endo_2	10.0139636993408	-4.66198587417603
GC07T:CATGGCGCAATCTGCA	GC07T	7436.0	2620	0.050968263	Tumor	P7	Smooth muscle cells	SMC_1	0.54088968038559	-11.2782955169678
GC07T:CATGGCGGTACTTCTT	GC07T	5143.0	1985	0.023916002	Tumor	P7	Smooth muscle cells	SMC_2	-2.43761801719666	-13.133452415466301
GC07T:CATGGCGGTTGAGTTC	GC07T	7621.0	2346	0.045794517	Tumor	P7	Fibroblasts	Fib_4	-4.96675586700439	3.4552843570709197
GC07T:CATTATCCACATTTCT	GC07T	5948.0	2191	0.033456624	Tumor	P7	Smooth muscle cells	SMC_2	-4.77831125259399	-12.5911779403687
GC07T:CATTATCTCTGTTGAG	GC07T	15147.0	4152	0.00046213772	Tumor	P7	Fibroblasts	Fib_2	-5.30778026580811	9.05348873138428
GC07T:CATTCGCCATTATCTC	GC07T	8104.0	2743	0.033193484	Tumor	P7	Smooth muscle cells	SMC_2	-3.52970242500305	-13.1334705352783
GC07T:CATTCGCGTTTAGCTG	GC07T	11400.0	3152	0.033157896	Tumor	P7	Smooth muscle cells	SMC_2	-3.4771852493286097	-13.026988983154302
GC07T:CATTCGCTCAACGAAA	GC07T	6545.0	2651	0.06646295	Tumor	P7	Fibroblasts	Fib_1	-6.88942670822144	4.3134651184082005
GC07T:CATTCGCTCCACTCCA	GC07T	15005.0	4389	0.040253248	Tumor	P7	Endothelial cells	Endo_2	10.4313545227051	-2.50359225273132
GC07T:CCAATCCAGGGTTCCC	GC07T	2145.0	1174	0.08531468	Tumor	P7	Endothelial cells	Endo_1	10.474477767944302	-2.01515960693359
GC07T:CCACCTACACTATCTT	GC07T	25436.0	5343	0.044621795	Tumor	P7	Fibroblasts	Fib_1	-5.90840816497803	7.1305851936340305
GC07T:CCACCTATCCGCAAGC	GC07T	10001.0	3090	0.03629637	Tumor	P7	Smooth muscle cells	SMC_1	0.495991915464401	-10.2538528442383
GC07T:CCACGGAAGCTAACTC	GC07T	11001.0	3337	0.034633216	Tumor	P7	Smooth muscle cells	SMC_2	-3.3998990058898904	-13.2741985321045
GC07T:CCACGGACACTACAGT	GC07T	4424.0	1732	0.023282098	Tumor	P7	Smooth muscle cells	SMC_2	-3.3938512802124	-12.662148475647
GC07T:CCACGGAGTAAAGGAG	GC07T	16334.0	4385	0.047140934	Tumor	P7	Endothelial cells	Endo_1	13.184427261352502	-1.79937303066254
GC07T:CCACTACTCCAGATCA	GC07T	6358.0	2540	0.028939918	Tumor	P7	Smooth muscle cells	SMC_1	-2.30376052856445	-13.2495470046997
GC07T:CCAGCGACAAGAGGCT	GC07T	18227.0	4502	0.04339716	Tumor	P7	Endothelial cells	Endo_1	11.5924463272095	0.466419845819473
GC07T:CCAGCGACACATGGGA	GC07T	6217.0	2173	0.100852504	Tumor	P7	Endothelial cells	Endo_3	8.95867156982422	3.27200222015381
GC07T:CCATGTCTCATAACCG	GC07T	10061.0	2931	0.028128417	Tumor	P7	Fibroblasts	Fib_3	-4.07236862182617	7.01493644714355
GC07T:CCATTCGCACTCAGGC	GC07T	3615.0	1599	0.048962656	Tumor	P7	Fibroblasts	Fib_5	-10.7183446884155	2.5682208538055398
GC07T:CCCAATCCAATAGCAA	GC07T	5855.0	2311	0.034500428	Tumor	P7	Endothelial cells	Endo_2	8.50350856781006	-2.0329568386077903
GC07T:CCCAATCCACACATGT	GC07T	10637.0	2959	0.04296324	Tumor	P7	Fibroblasts	Fib_4	-5.74534463882446	2.58418726921082
GC07T:CCCAGTTCATCAGTCA	GC07T	9499.0	3129	0.039898936	Tumor	P7	Endothelial cells	Endo_4	11.633848190307601	-7.06203317642212
GC07T:CCCAGTTTCAGCACAT	GC07T	4399.0	1923	0.06728802	Tumor	P7	Endothelial cells	Endo_1	11.5815887451172	-2.52278280258179
GC07T:CCCATACCACCATGTA	GC07T	3819.0	1497	0.031421836	Tumor	P7	Fibroblasts	Fib_1	-7.58503818511963	7.211444854736331
GC07T:CCCATACGTAAAGGAG	GC07T	785.0	442	0.22420382	Tumor	P7	Fibroblasts	Fib_1	-5.82964420318604	6.39868974685669
GC07T:CCCTCCTAGCGTGAAC	GC07T	2817.0	1381	0.1828186	Tumor	P7	Fibroblasts	Fib_4	-8.905837059021	2.687992811203
GC07T:CCGTACTAGCGTGTCC	GC07T	2134.0	977	0.14807872	Tumor	P7	Smooth muscle cells	SMC_2	-3.8019361495971697	-12.361584663391099
GC07T:CCGTTCACACTGTTAG	GC07T	9268.0	3047	0.054380666	Tumor	P7	Endothelial cells	Endo_1	11.190636634826697	1.4662615060806299
GC07T:CCGTTCAGTGTCCTCT	GC07T	19181.0	4447	0.049111098	Tumor	P7	Endothelial cells	Endo_1	13.4210290908813	-1.47433972358704
GC07T:CCGTTCATCGGTGTTA	GC07T	27451.0	5579	0.025390696	Tumor	P7	Endothelial cells	Endo_4	11.631236076355	-6.6043415069580105
GC07T:CCTACACGTTCAGACT	GC07T	12080.0	3140	0.051986754	Tumor	P7	Fibroblasts	Fib_2	-4.981579780578611	8.89185333251953
GC07T:CCTACACTCTCTAAGG	GC07T	4099.0	1878	0.2429861	Tumor	P7	Endothelial cells	Endo_1	11.438805580139197	-0.45261991024017295
GC07T:CCTACCAAGACAGGCT	GC07T	2014.0	1122	0.08291956	Tumor	P7	Endothelial cells	Endo_1	10.6168642044067	-0.9042000770568851
GC07T:CCTACCACACGTGAGA	GC07T	14253.0	3665	0.038237564	Tumor	P7	Smooth muscle cells	SMC_1	1.2860187292099	-10.8638696670532
GC07T:CCTCTGACAATCTACG	GC07T	17557.0	4769	0.045394998	Tumor	P7	Endothelial cells	Endo_2	8.30667209625244	-2.45805716514587
GC07T:CCTCTGATCGGTCCGA	GC07T	27785.0	5639	0.041245278	Tumor	P7	Endothelial cells	Endo_3	9.22201824188232	1.5238221883773797
GC07T:CCTCTGATCTCATTCA	GC07T	25633.0	5001	0.053212654	Tumor	P7	Fibroblasts	Fib_1	-5.6552734375	6.139489650726321
GC07T:CCTTACGAGCGATGAC	GC07T	9965.0	3402	0.07165078	Tumor	P7	Endothelial cells	Endo_1	12.7535572052002	-1.35051310062408
GC07T:CCTTACGGTCGCATAT	GC07T	43051.0	6061	0.037374277	Tumor	P7	Smooth muscle cells	SMC_1	0.806959450244904	-8.68906307220459
GC07T:CCTTCCCGTGAGTGAC	GC07T	1980.0	995	0.21111111	Tumor	P7	Myofibroblasts	Myofibroblasts	-8.55604457855225	0.471746176481247
GC07T:CCTTCGACACGGATAG	GC07T	3223.0	1389	0.19422898	Tumor	P7	Smooth muscle cells	SMC_2	-3.21305704116821	-12.549462318420401
GC07T:CCTTTCTCAGTATAAG	GC07T	14589.0	3967	0.04832408	Tumor	P7	Fibroblasts	Fib_4	-5.059515476226809	2.15448260307312
GC07T:CGAACATGTTCGCGAC	GC07T	8365.0	2540	0.029647341	Tumor	P7	Fibroblasts	Fib_2	-7.39892864227295	9.05154323577881
GC07T:CGAATGTGTATCTGCA	GC07T	18162.0	4226	0.050379913	Tumor	P7	Fibroblasts	Fib_1	-6.447692394256589	5.54871273040771
GC07T:CGAATGTTCGGTGTTA	GC07T	5746.0	2189	0.024364775	Tumor	P7	Smooth muscle cells	SMC_1	-1.49938428401947	-12.9310083389282
GC07T:CGACTTCAGAGCTGCA	GC07T	6185.0	2238	0.049797896	Tumor	P7	Smooth muscle cells	SMC_1	-1.85693693161011	-13.0744218826294
GC07T:CGACTTCGTGATGTCT	GC07T	7714.0	2682	0.050946333	Tumor	P7	Fibroblasts	Fib_2	-4.441224098205571	11.0319490432739
GC07T:CGACTTCGTTTCCACC	GC07T	2018.0	1042	0.18830526	Tumor	P7	Myofibroblasts	Myofibroblasts	-8.18320369720459	0.39395183324813793
GC07T:CGAGAAGGTACATCCA	GC07T	24576.0	4174	0.053344727	Tumor	P7	Fibroblasts	Fib_1	-6.8742160797119105	5.27295398712158
GC07T:CGAGCACAGGGCTTGA	GC07T	17647.0	4310	0.036323454	Tumor	P7	Fibroblasts	Fib_4	-7.9477066993713406	3.6566195487976096
GC07T:CGAGCACAGGTGCAAC	GC07T	14224.0	4115	0.04773622	Tumor	P7	Endothelial cells	Endo_3	9.23720932006836	1.851442694664
GC07T:CGAGCCACAAACCTAC	GC07T	14290.0	4060	0.04030791	Tumor	P7	Endothelial cells	Endo_3	10.286463737487802	0.8074854016304019
GC07T:CGATGGCAGAATTGTG	GC07T	12106.0	3627	0.034528334	Tumor	P7	Smooth muscle cells	SMC_1	-1.05123746395111	-10.7414493560791
GC07T:CGCCAAGTCCGTACAA	GC07T	11418.0	3313	0.053862322	Tumor	P7	Fibroblasts	Fib_4	-4.92922353744507	2.9344513416290297
GC07T:CGCGGTACAAAGAATC	GC07T	10004.0	3255	0.044782087	Tumor	P7	Endothelial cells	Endo_1	13.0455865859985	-0.510658800601959
GC07T:CGCGGTATCGCCCTTA	GC07T	7041.0	2554	0.06604175	Tumor	P7	Endothelial cells	Endo_2	9.763200759887699	-2.6174762248992898
GC07T:CGCGTTTCACGTAAGG	GC07T	27983.0	5411	0.040774755	Tumor	P7	Fibroblasts	Fib_2	-5.36339521408081	8.62498092651367
GC07T:CGCTGGATCCCTAACC	GC07T	8801.0	3021	0.046131123	Tumor	P7	Endothelial cells	Endo_2	7.90704441070557	-3.1428420543670694
GC07T:CGGACACTCCGATATG	GC07T	2714.0	1093	0.04826824	Tumor	P7	Smooth muscle cells	SMC_1	-0.621565222740173	-10.445978164672901
GC07T:CGGACACTCTCGTTTA	GC07T	20551.0	4373	0.04603182	Tumor	P7	Fibroblasts	Fib_1	-6.25054693222046	9.0980110168457
GC07T:CGGACGTAGGGCATGT	GC07T	3395.0	1162	0.055964652	Tumor	P7	Smooth muscle cells	SMC_2	-4.4619083404541	-12.3960304260254
GC07T:CGGACGTAGGGTTTCT	GC07T	19171.0	4217	0.044807263	Tumor	P7	Fibroblasts	Fib_2	-5.1382331848144505	8.6842565536499
GC07T:CGGACTGGTACCGTAT	GC07T	12619.0	3607	0.0681512	Tumor	P7	Fibroblasts	Fib_2	-5.67796325683594	8.31868171691895
GC07T:CGGAGCTCAATCCGAT	GC07T	11481.0	3400	0.00017420086	Tumor	P7	Fibroblasts	Fib_2	-5.31415176391602	9.21183681488037
GC07T:CGGAGCTTCGTAGGTT	GC07T	4295.0	1832	0.048428405	Tumor	P7	Endothelial cells	Endo_2	9.99148941040039	-2.63658571243286
GC07T:CGGAGTCAGCCCTAAT	GC07T	5096.0	1878	0.03021978	Tumor	P7	Fibroblasts	Fib_2	-6.26762247085571	9.87608528137207
GC07T:CGGAGTCGTATCTGCA	GC07T	5600.0	2244	0.059464287	Tumor	P7	Endothelial cells	Endo_2	9.314690589904789	-2.32642269134521
GC07T:CGGGTCAAGACCCACC	GC07T	13741.0	4058	0.020740848	Tumor	P7	Endothelial cells	Endo_4	11.982564926147498	-5.0395040512085005
GC07T:CGGGTCACATGCCACG	GC07T	4587.0	1742	0.15064313	Tumor	P7	Fibroblasts	Fib_2	-5.8718562126159695	9.59158039093018
GC07T:CGGGTCATCAGGCAAG	GC07T	6094.0	2506	0.06137184	Tumor	P7	Endothelial cells	Endo_3	9.97657871246338	3.11290836334229
GC07T:CGGTTAAAGATGTTAG	GC07T	1041.0	571	0.20461094	Tumor	P7	Endothelial cells	Endo_1	8.80048656463623	-3.6302032470703103
GC07T:CGTAGCGCAAGAAAGG	GC07T	2600.0	1255	0.08384615	Tumor	P7	Endothelial cells	Endo_2	9.53938102722168	-2.76273822784424
GC07T:CGTAGCGTCTGTCTCG	GC07T	11781.0	3085	0.030812325	Tumor	P7	Fibroblasts	Fib_1	-9.26284122467041	5.52811622619629
GC07T:CGTAGGCTCGTAGATC	GC07T	8327.0	2934	0.030142909	Tumor	P7	Endothelial cells	Endo_4	11.9116153717041	-6.95930624008179
GC07T:CGTCCATTCATTGCCC	GC07T	5376.0	1956	0.07012649	Tumor	P7	Fibroblasts	Fib_4	-4.89129161834717	3.11423563957214
GC07T:CGTCCATTCGGCGCTA	GC07T	2218.0	1100	0.10685302	Tumor	P7	Fibroblasts	Fib_3	-3.89075422286987	7.19187068939209
GC07T:CGTGAGCAGTGCGTGA	GC07T	5266.0	2042	0.047474366	Tumor	P7	Fibroblasts	Fib_2	-5.7449688911438	11.023043632507301
GC07T:CGTGTAAGTAAATACG	GC07T	3567.0	1874	0.04008971	Tumor	P7	Endothelial cells	Endo_2	10.8274440765381	-4.93402671813965
GC07T:CGTGTAATCTCCAACC	GC07T	8416.0	2841	0.04336977	Tumor	P7	Endothelial cells	Endo_1	12.820134162902802	-2.12981843948364
GC07T:CGTGTCTTCAGATAAG	GC07T	10698.0	3448	0.037857544	Tumor	P7	Endothelial cells	Endo_2	9.03288745880127	-2.72299480438232
GC07T:CGTTAGAAGCTGCGAA	GC07T	25471.0	5049	0.045306426	Tumor	P7	Fibroblasts	Fib_5	-9.64552402496338	2.59344053268433
GC07T:CGTTAGACAAGCCGTC	GC07T	37788.0	5934	0.05374722	Tumor	P7	Fibroblasts	Fib_1	-5.28364753723145	6.25035905838013
GC07T:CGTTAGACAGTGACAG	GC07T	1913.0	1137	0.10454783	Tumor	P7	Endothelial cells	Endo_2	10.5991830825806	-4.6109337806701705
GC07T:CGTTGGGCACGGCTAC	GC07T	8295.0	2854	0.028450875	Tumor	P7	Fibroblasts	Fib_2	-6.9165949821472195	9.93840408325195
GC07T:CTAAGACAGATGCGAC	GC07T	4603.0	1665	0.15250923	Tumor	P7	Smooth muscle cells	SMC_1	-0.0881577655673027	-10.1104688644409
GC07T:CTAAGACTCCACTGGG	GC07T	17817.0	4256	0.023572993	Tumor	P7	Smooth muscle cells	SMC_1	1.17288589477539	-10.4121885299683
GC07T:CTAATGGCAAGGACAC	GC07T	27610.0	5707	0.078812025	Tumor	P7	Smooth muscle cells	SMC_1	1.0530799627304102	-8.88046360015869
GC07T:CTAATGGTCCGCGGTA	GC07T	14752.0	3675	0.03863883	Tumor	P7	Smooth muscle cells	SMC_1	1.2190078496933	-10.9635105133057
GC07T:CTACACCGTGCTCTTC	GC07T	13891.0	3667	0.1545605	Tumor	P7	Fibroblasts	Fib_1	-6.774738311767581	5.5945749282836905
GC07T:CTACATTAGGACATTA	GC07T	7645.0	2621	0.042119034	Tumor	P7	Fibroblasts	Fib_4	-6.098871231079099	3.7570433616638197
GC07T:CTACATTGTCTAAACC	GC07T	13900.0	3813	0.036978416	Tumor	P7	Endothelial cells	Endo_3	10.472855567932099	1.61762201786041
GC07T:CTACATTTCAGTCAGT	GC07T	7257.0	2547	0.15364476	Tumor	P7	Fibroblasts	Fib_2	-6.06233263015747	7.87860298156738
GC07T:CTACCCAGTCACCTAA	GC07T	14607.0	4213	0.06270966	Tumor	P7	Endothelial cells	Endo_3	8.71314525604248	2.34079146385193
GC07T:CTACGTCTCCCTTGCA	GC07T	9476.0	2740	0.03851836	Tumor	P7	Smooth muscle cells	SMC_1	0.546375393867493	-10.4370756149292
GC07T:CTACGTCTCTTCCTTC	GC07T	14939.0	3960	0.059575606	Tumor	P7	Endothelial cells	Endo_3	8.87568664550781	1.94884431362152
GC07T:CTAGAGTCAGATGAGC	GC07T	5224.0	1910	0.15256508	Tumor	P7	Smooth muscle cells	SMC_2	-3.67576313018799	-13.846356391906701
GC07T:CTAGAGTGTCAGCTAT	GC07T	10445.0	2945	0.036859743	Tumor	P7	Fibroblasts	Fib_1	-6.57590103149414	7.74522924423218
GC07T:CTAGCCTAGATGTGTA	GC07T	6129.0	2076	0.04356339	Tumor	P7	Smooth muscle cells	SMC_2	-4.675726413726809	-12.507866859436
GC07T:CTAGCCTAGCTACCTA	GC07T	13284.0	3398	0.00015055705	Tumor	P7	Fibroblasts	Fib_2	-6.02868318557739	8.6613597869873
GC07T:CTAGTGATCCACGAAT	GC07T	4509.0	1621	0.18629408	Tumor	P7	Fibroblasts	Fib_2	-5.17439031600952	10.5929002761841
GC07T:CTAGTGATCGTTTAGG	GC07T	5386.0	2416	0.044931304	Tumor	P7	Endothelial cells	Endo_3	9.48088550567627	3.0552592277526895
GC07T:CTCACACAGAAACGAG	GC07T	9254.0	2833	0.03987465	Tumor	P7	Smooth muscle cells	SMC_1	-2.5648596286773704	-13.196571350097699
GC07T:CTCAGAAAGGCCCTCA	GC07T	16647.0	4287	0.052081455	Tumor	P7	Endothelial cells	Endo_1	12.483114242553699	-0.0934068188071251
GC07T:CTCAGAAAGTGAACAT	GC07T	14586.0	3970	0.11661868	Tumor	P7	Endothelial cells	Endo_1	11.9448862075806	-1.58936679363251
GC07T:CTCAGAACAAGCCGTC	GC07T	1650.0	758	0.2551515	Tumor	P7	Fibroblasts	Fib_4	-6.138835906982419	2.56260466575623
GC07T:CTCAGAACACCCATTC	GC07T	8532.0	2467	0.095405534	Tumor	P7	Fibroblasts	Fib_4	-6.43734264373779	7.00558614730835
GC07T:CTCATTATCCCTTGTG	GC07T	8859.0	3191	0.03815329	Tumor	P7	Endothelial cells	Endo_1	10.6547231674194	0.9338691830635071
GC07T:CTCGAAAAGGTACTCT	GC07T	11876.0	3585	0.023408554	Tumor	P7	Smooth muscle cells	SMC_1	0.6419766545295721	-10.5193357467651
GC07T:CTCGGAGGTAGAGCTG	GC07T	3716.0	1596	0.07642627	Tumor	P7	Endothelial cells	Endo_2	9.04058265686035	-2.1132831573486297
GC07T:CTCGGGAAGCCCAACC	GC07T	1934.0	904	0.17218201	Tumor	P7	Fibroblasts	Fib_5	-10.0455780029297	2.45323014259338
GC07T:CTCGGGACAGTATGCT	GC07T	7864.0	2930	0.06625127	Tumor	P7	Endothelial cells	Endo_2	9.50235748291016	-3.00214815139771
GC07T:CTCGTACAGATCCCAT	GC07T	9854.0	3016	0.06220824	Tumor	P7	Endothelial cells	Endo_3	10.8129014968872	1.8531730175018302
GC07T:CTCGTCATCTTATCTG	GC07T	3639.0	1818	0.12640835	Tumor	P7	Myofibroblasts	Myofibroblasts	-8.04255485534668	0.602685272693634
GC07T:CTCTAATCAGATTGCT	GC07T	17226.0	4262	0.07308719	Tumor	P7	Fibroblasts	Fib_1	-6.0553617477417	5.96925687789917
GC07T:CTCTACGAGGTAAACT	GC07T	4897.0	1759	0.109454766	Tumor	P7	Fibroblasts	Fib_2	-4.99972343444824	10.253068923950199
GC07T:CTCTACGAGTGTGAAT	GC07T	5704.0	1909	0.08818373	Tumor	P7	Fibroblasts	Fib_2	-6.86800050735474	9.88330459594727
GC07T:CTCTACGTCGCTTAGA	GC07T	8639.0	2966	0.03472624	Tumor	P7	Myofibroblasts	Myofibroblasts	-7.55977630615234	1.0398873090744
GC07T:CTCTGGTAGACAAGCC	GC07T	7458.0	2698	0.047733977	Tumor	P7	Fibroblasts	Fib_5	-9.69529342651367	2.5856690406799303
GC07T:CTCTGGTAGGCAATTA	GC07T	5692.0	2523	0.103478566	Tumor	P7	Endothelial cells	Endo_1	10.138859748840302	-2.06746435165405
GC07T:CTCTGGTAGTACATGA	GC07T	18470.0	4188	0.000108283704	Tumor	P7	Smooth muscle cells	SMC_1	1.07992970943451	-10.750563621521001
GC07T:CTCTGGTCATGCCCGA	GC07T	22376.0	5042	0.062477656	Tumor	P7	Endothelial cells	Endo_1	12.3722972869873	-1.45123481750488
GC07T:CTGAAACCACAAGTAA	GC07T	10859.0	3237	0.027903121	Tumor	P7	Fibroblasts	Fib_1	-7.69584846496582	5.213025093078611
GC07T:CTGAAACTCATTCACT	GC07T	4207.0	1675	0.14309484	Tumor	P7	Fibroblasts	Fib_2	-6.213833808898929	8.71406650543213
GC07T:CTGAAACTCCCAAGTA	GC07T	7026.0	2419	0.02633077	Tumor	P7	Endothelial cells	Endo_4	11.8168201446533	-6.62232542037964
GC07T:CTGAAACTCGACGGAA	GC07T	26583.0	4908	0.054508522	Tumor	P7	Smooth muscle cells	SMC_1	0.931784331798553	-8.80280017852783
GC07T:CTGAAGTAGCTGTTCA	GC07T	6295.0	2363	0.039714057	Tumor	P7	Endothelial cells	Endo_3	9.32397556304932	3.20015978813171
GC07T:CTGATAGCAACACGCC	GC07T	20269.0	4685	0.052543294	Tumor	P7	Endothelial cells	Endo_1	12.153052330017099	-1.8694783449173
GC07T:CTGATAGGTTACGTCA	GC07T	1369.0	693	0.17311907	Tumor	P7	Smooth muscle cells	SMC_2	-3.80535459518433	-12.5253591537476
GC07T:CTGATAGTCTGATACG	GC07T	1085.0	547	0.27373272	Tumor	P7	Smooth muscle cells	SMC_1	-0.0197820998728275	-10.7700881958008
GC07T:CTGCCTAAGGAGTACC	GC07T	1736.0	976	0.030529954	Tumor	P7	Endothelial cells	Endo_1	10.5346250534058	-0.797158658504486
GC07T:CTGCTGTAGCGATATA	GC07T	11645.0	3808	0.04242164	Tumor	P7	Endothelial cells	Endo_1	11.9392995834351	0.848267436027527
GC07T:CTGGTCTCATAGAAAC	GC07T	15930.0	4082	0.024105461	Tumor	P7	Smooth muscle cells	SMC_1	0.9975309371948241	-11.261869430542
GC07T:CTGGTCTGTCCGTGAC	GC07T	22387.0	5083	0.04288203	Tumor	P7	Fibroblasts	Fib_2	-4.0143113136291495	10.697443008422901
GC07T:CTGGTCTTCGGCGGTT	GC07T	11415.0	3331	0.026544021	Tumor	P7	Smooth muscle cells	SMC_1	0.7884497046470641	-11.0142660140991
GC07T:CTGTGCTAGCTCCTCT	GC07T	12851.0	3478	0.03377169	Tumor	P7	Fibroblasts	Fib_1	-6.72175741195679	6.615655422210691
GC07T:CTTACCGGTACCGAGA	GC07T	10583.0	3470	0.05688368	Tumor	P7	Endothelial cells	Endo_1	13.404513359069801	-1.5864187479019198
GC07T:CTTACCGGTCTAAACC	GC07T	9115.0	3192	0.019418541	Tumor	P7	Endothelial cells	Endo_2	10.706159591674801	-5.01117420196533
GC07T:CTTAGGAAGTAGTGCG	GC07T	9879.0	3227	0.019030266	Tumor	P7	Endothelial cells	Endo_2	10.1989431381226	-4.701269149780269
GC07T:CTTAGGAAGTGGGATC	GC07T	17268.0	3779	0.030229326	Tumor	P7	Smooth muscle cells	SMC_1	0.792130351066589	-9.79915809631348
GC07T:CTTAGGATCTCATTCA	GC07T	16325.0	4674	0.04575804	Tumor	P7	Endothelial cells	Endo_3	8.92068481445312	1.8563545942306499
GC07T:CTTCTCTAGGCCATAG	GC07T	8813.0	2811	0.03710428	Tumor	P7	Smooth muscle cells	SMC_1	0.725152730941772	-12.042572021484402
GC07T:CTTCTCTGTCTAGCGC	GC07T	3985.0	1824	0.09209536	Tumor	P7	Fibroblasts	Fib_1	-7.096124649047849	6.64077997207642
GC07T:GAAACTCAGAGGTACC	GC07T	6533.0	2299	0.040869433	Tumor	P7	Smooth muscle cells	SMC_1	0.6802360415458679	-11.627909660339402
GC07T:GAAATGAAGGGATACC	GC07T	10642.0	3265	0.039090395	Tumor	P7	Smooth muscle cells	SMC_1	-2.56601905822754	-13.201732635497999
GC07T:GAAATGAGTCAGATAA	GC07T	21553.0	5434	0.025889667	Tumor	P7	Endothelial cells	Endo_1	11.6549758911133	-2.27879476547241
GC07T:GAACCTAAGATGTGTA	GC07T	6848.0	2344	0.03621495	Tumor	P7	Smooth muscle cells	SMC_2	-3.85728931427002	-13.225811958313
GC07T:GAACCTACAAAGTGCG	GC07T	7069.0	2483	0.06606309	Tumor	P7	Endothelial cells	Endo_2	9.22793006896973	-3.3342969417572004
GC07T:GAACCTACACATGTGT	GC07T	14045.0	3714	0.02762549	Tumor	P7	Fibroblasts	Fib_1	-7.515676975250241	5.140509128570559
GC07T:GAACCTATCACCATAG	GC07T	14431.0	3794	0.053218763	Tumor	P7	Fibroblasts	Fib_1	-6.98936033248901	4.75003957748413
GC07T:GAACGGACAAACGTGG	GC07T	7770.0	2361	0.06293436	Tumor	P7	Smooth muscle cells	SMC_2	-4.70722103118896	-12.522114753723098
GC07T:GAACGGAGTTCCAACA	GC07T	4355.0	1839	0.05740528	Tumor	P7	Smooth muscle cells	SMC_1	-1.1158518791198702	-10.564931869506802
GC07T:GAATAAGCATGACATC	GC07T	22612.0	5122	0.031885725	Tumor	P7	Endothelial cells	Endo_1	11.5987129211426	-2.00131297111511
GC07T:GACACGCTCACTATTC	GC07T	22400.0	4946	0.04830357	Tumor	P7	Endothelial cells	Endo_2	8.58074283599854	-2.38648009300232
GC07T:GACAGAGGTATATGGA	GC07T	8043.0	2624	0.0411538	Tumor	P7	Smooth muscle cells	SMC_2	-3.8669996261596697	-13.208928108215302
GC07T:GACCAATCAGATCGGA	GC07T	1742.0	651	0.0706085	Tumor	P7	Fibroblasts	Fib_3	-4.02077341079712	-11.883171081542999
GC07T:GACCAATCAGGAATCG	GC07T	11663.0	3687	0.03601132	Tumor	P7	Endothelial cells	Endo_2	8.087192535400389	-2.65668416023254
GC07T:GACCAATGTCAAAGCG	GC07T	4001.0	1813	0.10122469	Tumor	P7	Fibroblasts	Fib_1	-7.27591419219971	7.47880411148071
GC07T:GACCTGGGTTAAAGTG	GC07T	12257.0	3730	0.034510892	Tumor	P7	Endothelial cells	Endo_1	12.547898292541499	-3.0155010223388703
GC07T:GACGGCTGTCCGTTAA	GC07T	4844.0	1940	0.039636664	Tumor	P7	Smooth muscle cells	SMC_1	-0.319955140352249	-11.9178876876831
GC07T:GACTAACAGTGGAGTC	GC07T	15922.0	4182	0.04697902	Tumor	P7	Endothelial cells	Endo_3	10.124457359313999	1.27229106426239
GC07T:GACTAACGTGGGTCAA	GC07T	10330.0	2919	0.08373669	Tumor	P7	Fibroblasts	Fib_1	-6.325931549072269	6.18998622894287
GC07T:GACTAACTCACGAAGG	GC07T	9052.0	2537	0.07015024	Tumor	P7	Smooth muscle cells	SMC_2	-3.24400901794434	-13.307231903076199
GC07T:GACTACAAGTGCTGCC	GC07T	17757.0	4210	0.043588445	Tumor	P7	Endothelial cells	Endo_1	13.2832632064819	-1.71967351436615
GC07T:GACTACAGTTTAAGCC	GC07T	8831.0	2787	0.045294985	Tumor	P7	Fibroblasts	Fib_1	-6.83376216888428	6.73850345611572
GC07T:GACTACATCAAGAAGT	GC07T	21138.0	4667	0.06239947	Tumor	P7	Fibroblasts	Fib_1	-6.41982507705688	5.35124158859253
GC07T:GACTGCGAGGCGACAT	GC07T	10092.0	3104	0.030618312	Tumor	P7	Smooth muscle cells	SMC_2	-3.3615534305572496	-12.8286466598511
GC07T:GACTGCGCACCATCCT	GC07T	15993.0	4036	0.04752079	Tumor	P7	Fibroblasts	Fib_2	-5.42218828201294	10.6077556610107
GC07T:GAGCAGACAAGCTGTT	GC07T	5745.0	2350	0.099564835	Tumor	P7	Fibroblasts	Fib_1	-6.42068147659302	4.31274366378784
GC07T:GAGCAGACACGAAATA	GC07T	2989.0	1078	0.25995317	Tumor	P7	Fibroblasts	Fib_3	-3.85302329063416	6.89606809616089
GC07T:GAGTCCGCAACGCACC	GC07T	15991.0	3860	0.042086173	Tumor	P7	Fibroblasts	Fib_1	-5.92474889755249	6.41245937347412
GC07T:GAGTCCGGTCAAACTC	GC07T	5169.0	1827	0.042754885	Tumor	P7	Smooth muscle cells	SMC_2	-4.66384172439575	-12.2644195556641
GC07T:GATCAGTCACGAGAGT	GC07T	4990.0	1815	0.13106212	Tumor	P7	Smooth muscle cells	SMC_1	-0.160961821675301	-10.9178028106689
GC07T:GATCAGTGTCGCGAAA	GC07T	11979.0	3421	0.06678354	Tumor	P7	Smooth muscle cells	SMC_1	1.10342347621918	-10.6312503814697
GC07T:GATCAGTGTTCAGTAC	GC07T	2186.0	1186	0.11116194	Tumor	P7	Endothelial cells	Endo_1	11.5112781524658	-2.21906495094299
GC07T:GATCGATCAAAGTCAA	GC07T	27312.0	5875	0.044925306	Tumor	P7	Endothelial cells	Endo_1	12.021491050720199	-1.62895905971527
GC07T:GATCGATTCAGCGATT	GC07T	10599.0	3506	0.045192942	Tumor	P7	Endothelial cells	Endo_1	10.837871551513699	-0.0698949247598648
GC07T:GATCGCGCAAATCCGT	GC07T	2683.0	1134	0.08386135	Tumor	P7	Smooth muscle cells	SMC_1	-1.52318060398102	-10.8264770507812
GC07T:GATCGCGCAGATTGCT	GC07T	2335.0	1339	0.0895075	Tumor	P7	Endothelial cells	Endo_2	9.36385917663574	-3.50228881835938
GC07T:GATCGCGCAGGAATCG	GC07T	7429.0	2415	0.028402207	Tumor	P7	Smooth muscle cells	SMC_1	-2.31778025627136	-13.208742141723599
GC07T:GATCGCGGTGTGACCC	GC07T	899.0	492	0.19577308	Tumor	P7	Fibroblasts	Fib_3	-4.9876589775085405	3.85281443595886
GC07T:GATCTAGAGCTGAACG	GC07T	7058.0	2469	0.037120998	Tumor	P7	Smooth muscle cells	SMC_2	-3.53833055496216	-13.1641521453857
GC07T:GATGCTAAGCAGATCG	GC07T	3961.0	1635	0.15324412	Tumor	P7	Endothelial cells	Endo_3	9.34443759918213	3.67994666099548
GC07T:GATGCTACATCGGTTA	GC07T	7403.0	2728	0.022018101	Tumor	P7	Endothelial cells	Endo_4	11.8650636672974	-7.2258181571960405
GC07T:GATGCTAGTTGTACAC	GC07T	13442.0	3603	0.02097902	Tumor	P7	Fibroblasts	Fib_5	-9.832883834838869	2.4573743343353303
GC07T:GATGCTATCAGTGCAT	GC07T	17081.0	4079	0.052690122	Tumor	P7	Smooth muscle cells	SMC_1	1.3115006685257	-11.1387453079224
GC07T:GATGCTATCCTATTCA	GC07T	7716.0	2603	0.06324521	Tumor	P7	Fibroblasts	Fib_2	-6.5334987640380895	10.2568063735962
GC07T:GATTCAGAGTGGTAAT	GC07T	15319.0	3725	0.035576735	Tumor	P7	Endothelial cells	Endo_3	9.77913570404053	1.2711079120636002
GC07T:GATTCAGGTCGGCTCA	GC07T	2314.0	1081	0.24848747	Tumor	P7	Smooth muscle cells	SMC_1	-0.274456948041916	-10.824312210083
GC07T:GCAAACTGTAAGTGTA	GC07T	11867.0	3262	0.075924836	Tumor	P7	Fibroblasts	Fib_2	-5.26873636245728	9.93355178833008
GC07T:GCAATCAAGACGCAAC	GC07T	23659.0	4998	0.040238388	Tumor	P7	Smooth muscle cells	SMC_1	0.727150917053223	-8.90055751800537
GC07T:GCAATCAAGTAGCCGA	GC07T	4413.0	1934	0.014955812	Tumor	P7	Endothelial cells	Endo_4	11.3254842758179	-6.285840034484861
GC07T:GCAATCAAGTCCTCCT	GC07T	2356.0	1064	0.08573854	Tumor	P7	Endothelial cells	Endo_2	9.083062171936039	-3.05880975723267
GC07T:GCACATAAGGCATTGG	GC07T	11560.0	3287	0.038754325	Tumor	P7	Smooth muscle cells	SMC_2	-3.2651386260986297	-13.308514595031701
GC07T:GCACATACACTTAAGC	GC07T	25698.0	5224	0.034049343	Tumor	P7	Endothelial cells	Endo_3	9.12570858001709	1.49836790561676
GC07T:GCAGCCAAGTGGTAGC	GC07T	8282.0	2768	0.038155034	Tumor	P7	Fibroblasts	Fib_2	-4.90666818618774	10.2275514602661
GC07T:GCAGTTAGTGTAACGG	GC07T	4976.0	2052	0.055868167	Tumor	P7	Smooth muscle cells	SMC_1	-0.323854625225067	-10.2521505355835
GC07T:GCATACAAGTGTACCT	GC07T	15856.0	3566	0.03739909	Tumor	P7	Fibroblasts	Fib_2	-5.90259456634521	8.164731979370119
GC07T:GCATACACATCCCACT	GC07T	6972.0	2581	0.118330464	Tumor	P7	Endothelial cells	Endo_4	11.929986000061	-6.60717582702637
GC07T:GCATACATCTTGTTTG	GC07T	1604.0	949	0.117830426	Tumor	P7	Endothelial cells	Endo_1	10.7150926589966	-1.28589057922363
GC07T:GCATGATTCCATTCTA	GC07T	8073.0	2858	0.050414965	Tumor	P7	Smooth muscle cells	SMC_1	0.652624547481537	-10.8744506835938
GC07T:GCATGTAAGAGTTGGC	GC07T	8111.0	2640	0.04426088	Tumor	P7	Smooth muscle cells	SMC_1	-2.09204125404358	-13.041560173034698
GC07T:GCATGTACATGAAGTA	GC07T	12208.0	3521	0.027686764	Tumor	P7	Endothelial cells	Endo_1	10.4230813980103	0.893364012241364
GC07T:GCATGTACATGCATGT	GC07T	1984.0	864	0.11491936	Tumor	P7	Fibroblasts	Fib_1	-6.041632175445559	5.81836271286011
GC07T:GCATGTAGTCGCGGTT	GC07T	9144.0	2709	0.03860455	Tumor	P7	Fibroblasts	Fib_1	-6.89501523971558	6.8260383605957005
GC07T:GCCTCTACAAGACGTG	GC07T	2940.0	1509	0.10442177	Tumor	P7	Endothelial cells	Endo_1	9.44537830352783	0.10875360667705498
GC07T:GCGACCAGTTGAGGTG	GC07T	17504.0	4174	0.04284735	Tumor	P7	Endothelial cells	Endo_1	12.2880611419678	0.041270837187766994
GC07T:GCGACCATCAGGCAAG	GC07T	1757.0	1011	0.2168469	Tumor	P7	Endothelial cells	Endo_1	11.2920589447021	-0.766230165958405
GC07T:GCGAGAAAGACGCAAC	GC07T	11962.0	3498	0.039123893	Tumor	P7	Fibroblasts	Fib_4	-4.86726665496826	2.41935253143311
GC07T:GCGAGAAAGTCTCAAC	GC07T	2465.0	956	0.13346855	Tumor	P7	Fibroblasts	Fib_3	-4.55377769470215	4.67191696166992
GC07T:GCGAGAAGTCAAAGCG	GC07T	43442.0	5139	0.022259565	Tumor	P7	Fibroblasts	Fib_1	-5.09346628189087	6.1491403579711905
GC07T:GCGCAACCAGGTTTCA	GC07T	18138.0	4167	0.064119525	Tumor	P7	Fibroblasts	Fib_1	-6.00454139709473	6.82820177078247
GC07T:GCGCAGTGTCGTCTTC	GC07T	8640.0	2874	0.060532406	Tumor	P7	Fibroblasts	Fib_2	-4.709227561950679	10.857314109802198
GC07T:GCGCAGTGTGTAAGTA	GC07T	5003.0	1666	0.14031582	Tumor	P7	Smooth muscle cells	SMC_2	-3.46221137046814	-13.5195398330688
GC07T:GCGCCAAGTTCCTCCA	GC07T	1925.0	928	0.18545455	Tumor	P7	Fibroblasts	Fib_3	-4.33626651763916	9.07614231109619
GC07T:GCGCCAATCAACCAAC	GC07T	11698.0	3411	0.033424515	Tumor	P7	Smooth muscle cells	SMC_1	1.00745809078217	-11.232468605041499
GC07T:GCGGGTTCAAGCTGTT	GC07T	15689.0	3890	0.033654153	Tumor	P7	Smooth muscle cells	SMC_2	-3.24158835411072	-13.285152435302699
GC07T:GCTCTGTAGCGCTTAT	GC07T	4951.0	1821	0.07715613	Tumor	P7	Smooth muscle cells	SMC_2	-3.3412487506866495	-13.138300895690902
GC07T:GCTCTGTAGCTTTGGT	GC07T	8592.0	3173	0.03410149	Tumor	P7	Endothelial cells	Endo_3	9.37689590454102	2.64340138435364
GC07T:GCTCTGTGTTGATTGC	GC07T	12659.0	4043	0.06493404	Tumor	P7	Endothelial cells	Endo_1	12.0156517028809	-1.74503636360168
GC07T:GCTGCAGGTGCGAAAC	GC07T	9650.0	2947	0.035647668	Tumor	P7	Smooth muscle cells	SMC_2	-4.8183856010437	-12.520618438720698
GC07T:GCTGCGAAGTGAATTG	GC07T	16947.0	4009	0.051454533	Tumor	P7	Fibroblasts	Fib_4	-5.30453062057495	2.0305278301239
GC07T:GCTGCGACACGCGAAA	GC07T	13923.0	3729	0.032392446	Tumor	P7	Endothelial cells	Endo_3	9.762375831604	1.88399183750153
GC07T:GCTGCGAGTAGAAAGG	GC07T	15077.0	3852	0.038535517	Tumor	P7	Smooth muscle cells	SMC_1	-2.9789054393768297	-13.324435234069801
GC07T:GCTGCGATCGCCAAAT	GC07T	11482.0	3047	0.020553911	Tumor	P7	Smooth muscle cells	SMC_2	-3.6510024070739706	-12.9994506835938
GC07T:GCTGGGTCAATCCAAC	GC07T	20064.0	4872	0.031150319	Tumor	P7	Endothelial cells	Endo_2	9.23777675628662	-2.51061725616455
GC07T:GCTGGGTGTCTCTCGT	GC07T	18992.0	4803	0.03396167	Tumor	P7	Endothelial cells	Endo_3	9.11736583709717	1.71011412143707
GC07T:GCTGGGTGTGTTAAGA	GC07T	3409.0	1776	0.07450865	Tumor	P7	Endothelial cells	Endo_1	11.470451354980499	-1.25340437889099
GC07T:GCTTCCAAGACCACGA	GC07T	14788.0	4123	0.034757912	Tumor	P7	Endothelial cells	Endo_3	8.67564010620117	2.23602938652039
GC07T:GCTTCCACACCTCGTT	GC07T	2725.0	1266	0.16477065	Tumor	P7	Endothelial cells	Endo_1	10.6394071578979	-0.841211020946503
GC07T:GCTTCCATCTGGCGTG	GC07T	18375.0	3939	0.046802722	Tumor	P7	Fibroblasts	Fib_1	-6.2922687530517605	6.41970491409302
GC07T:GCTTGAACACGTAAGG	GC07T	15898.0	4061	0.0633413	Tumor	P7	Fibroblasts	Fib_4	-5.669507026672361	8.05894947052002
GC07T:GCTTGAACAGAAGCAC	GC07T	9988.0	3118	0.038145773	Tumor	P7	Endothelial cells	Endo_2	7.88895082473755	-2.68449211120605
GC07T:GGAACTTGTACTTGAC	GC07T	10297.0	2850	0.02350199	Tumor	P7	Smooth muscle cells	SMC_2	-4.69117832183838	-12.130592346191401
GC07T:GGAATAAAGTACGCCC	GC07T	8184.0	2284	0.07991202	Tumor	P7	Fibroblasts	Fib_1	-6.034515380859379	4.44100332260132
GC07T:GGAATAAAGTGTCCAT	GC07T	27981.0	5258	0.04792538	Tumor	P7	Fibroblasts	Fib_5	-9.58762168884277	2.7268095016479506
GC07T:GGAATAACAGGCTGAA	GC07T	26653.0	5904	0.032904364	Tumor	P7	Endothelial cells	Endo_1	12.1930503845215	-1.78579390048981
GC07T:GGAATAAGTGTTTGGT	GC07T	10008.0	3164	0.04506395	Tumor	P7	Endothelial cells	Endo_1	11.521507263183599	-2.74910974502563
GC07T:GGACAAGCAATCCAAC	GC07T	13333.0	3724	0.04125103	Tumor	P7	Smooth muscle cells	SMC_1	-2.63957953453064	-13.146669387817399
GC07T:GGACATTCACTTCGAA	GC07T	21953.0	4747	0.027786635	Tumor	P7	Fibroblasts	Fib_2	-5.47156524658203	8.51506519317627
GC07T:GGACGTCAGCACACAG	GC07T	9060.0	3059	0.037637968	Tumor	P7	Endothelial cells	Endo_3	9.50414276123047	2.86337542533875
GC07T:GGACGTCCAAACCTAC	GC07T	6830.0	2557	0.028696924	Tumor	P7	Endothelial cells	Endo_3	10.2442302703857	1.4036468267440803
GC07T:GGACGTCCAGCTCCGA	GC07T	3529.0	1456	0.06460754	Tumor	P7	Smooth muscle cells	SMC_2	-3.81938910484314	-13.3601684570312
GC07T:GGAGCAACAGACAAAT	GC07T	13484.0	3986	0.043384753	Tumor	P7	Endothelial cells	Endo_3	10.017127990722699	1.80827975273132
GC07T:GGAGCAACAGATTGCT	GC07T	5822.0	2068	0.026623154	Tumor	P7	Smooth muscle cells	SMC_1	-2.27742481231689	-13.213085174560499
GC07T:GGATGTTAGAAACGAG	GC07T	41814.0	5929	0.036973264	Tumor	P7	Smooth muscle cells	SMC_1	0.894129037857056	-8.7302188873291
GC07T:GGATGTTAGATCCGAG	GC07T	4584.0	1663	0.05431937	Tumor	P7	Smooth muscle cells	SMC_1	-1.3892148733139	-10.665885925292999
GC07T:GGATGTTAGGCTATCT	GC07T	6598.0	2146	0.017732646	Tumor	P7	Smooth muscle cells	SMC_2	-4.6090230941772505	-12.3407487869263
GC07T:GGATGTTAGGGCACTA	GC07T	8727.0	3004	0.042511746	Tumor	P7	Endothelial cells	Endo_2	9.73495864868164	-2.55969500541687
GC07T:GGATGTTGTCGGCACT	GC07T	2133.0	1132	0.07219878	Tumor	P7	Endothelial cells	Endo_1	10.1053810119629	-2.6860249042511
GC07T:GGCAATTAGCATGGCA	GC07T	5887.0	1946	0.038729403	Tumor	P7	Smooth muscle cells	SMC_1	-1.71420753002167	-11.038586616516099
GC07T:GGCAATTCAATCTGCA	GC07T	25434.0	5299	0.04254148	Tumor	P7	Fibroblasts	Fib_2	-5.29090261459351	8.64489650726318
GC07T:GGCCGATCATCACGAT	GC07T	1497.0	811	0.0006680027	Tumor	P7	Endothelial cells	Endo_1	9.89151477813721	-0.028664231300354
GC07T:GGCCGATCATTAACCG	GC07T	15800.0	3814	0.07341772	Tumor	P7	Fibroblasts	Fib_4	-5.49812507629395	1.9970932006835902
GC07T:GGCGACTAGCTAGTCT	GC07T	18857.0	4882	0.035583604	Tumor	P7	Endothelial cells	Endo_1	11.1935167312622	-2.15801119804382
GC07T:GGCGACTAGTAACCCT	GC07T	15463.0	3595	0.05102503	Tumor	P7	Fibroblasts	Fib_1	-6.55450868606567	7.680579662323001
GC07T:GGCGACTTCTTCATGT	GC07T	6472.0	2511	0.05763288	Tumor	P7	Endothelial cells	Endo_1	11.012096405029302	0.805379986763
GC07T:GGCGTGTAGAGTAATC	GC07T	10430.0	3154	0.052157238	Tumor	P7	Fibroblasts	Fib_2	-5.62547206878662	8.77409553527832
GC07T:GGCGTGTCACGGACAA	GC07T	1904.0	956	0.19222689	Tumor	P7	Endothelial cells	Endo_3	10.5154848098755	2.95947957038879
GC07T:GGCGTGTCATCACCCT	GC07T	6181.0	2116	0.03462223	Tumor	P7	Fibroblasts	Fib_1	-6.740539073944089	8.36195755004883
GC07T:GGCTCGAAGGAACTGC	GC07T	24158.0	4906	0.026450865	Tumor	P7	Smooth muscle cells	SMC_1	0.45856761932372997	-8.82784366607666
GC07T:GGGAATGAGGTGGGTT	GC07T	5533.0	2034	0.0272908	Tumor	P7	Smooth muscle cells	SMC_1	-2.23194026947021	-13.214612960815401
GC07T:GGGAATGGTGGGTCAA	GC07T	4067.0	1437	0.15588886	Tumor	P7	Smooth muscle cells	SMC_1	-0.701426386833191	-12.794545173645
GC07T:GGGATGACAAGGCTCC	GC07T	2935.0	1302	0.18637139	Tumor	P7	Endothelial cells	Endo_1	11.1325235366821	-0.6077871322631839
GC07T:GGGATGACACGAAAGC	GC07T	1825.0	818	0.22630137	Tumor	P7	Endothelial cells	Endo_1	10.2130174636841	1.9511638879776
GC07T:GGGATGATCACCCTCA	GC07T	15199.0	3979	0.037305087	Tumor	P7	Endothelial cells	Endo_3	9.92640209197998	1.61015212535858
GC07T:GGGCACTCACATAACC	GC07T	7387.0	2853	0.029240558	Tumor	P7	Endothelial cells	Endo_2	10.0442657470703	-3.01368641853333
GC07T:GGGCATCTCGCGATCG	GC07T	6805.0	2361	0.054518737	Tumor	P7	Fibroblasts	Fib_2	-5.53850317001343	11.008154869079599
GC07T:GGGTCTGAGCTACCTA	GC07T	10332.0	3099	0.035230353	Tumor	P7	Smooth muscle cells	SMC_2	-3.61613726615906	-13.187259674072301
GC07T:GGGTCTGTCCAGAGGA	GC07T	22087.0	5301	0.03893693	Tumor	P7	Endothelial cells	Endo_1	11.993140220642099	0.189408525824547
GC07T:GGGTTGCTCTTCTGGC	GC07T	33821.0	5875	0.03243547	Tumor	P7	Endothelial cells	Endo_1	11.6928205490112	-0.259984582662582
GC07T:GGTATTGAGATAGGAG	GC07T	21367.0	4452	0.04127861	Tumor	P7	Fibroblasts	Fib_2	-3.7886970043182404	10.312725067138699
GC07T:GGTATTGAGATGCCTT	GC07T	3309.0	1513	0.13569054	Tumor	P7	Fibroblasts	Fib_2	-5.10224294662476	9.742166519165039
GC07T:GGTGCGTTCTCGTATT	GC07T	3484.0	1646	0.046498276	Tumor	P7	Endothelial cells	Endo_2	8.42756175994873	-3.3861393928527797
GC07T:GGTGTTAAGCCGTCGT	GC07T	3803.0	1352	0.11701289	Tumor	P7	Fibroblasts	Fib_4	-5.42892932891846	2.15355324745178
GC07T:GGTGTTATCTTCGAGA	GC07T	18212.0	4460	0.043432903	Tumor	P7	Endothelial cells	Endo_3	8.71787643432617	1.98602390289307
GC07T:GTAACGTAGTGAACAT	GC07T	4705.0	1717	0.044420827	Tumor	P7	Smooth muscle cells	SMC_1	0.21482904255390198	-11.1623802185059
GC07T:GTAACGTGTGACGCCT	GC07T	8051.0	2938	0.03130046	Tumor	P7	Endothelial cells	Endo_1	13.076552391052198	-1.84913969039917
GC07T:GTACTCCAGATGTCGG	GC07T	8631.0	3142	0.15038814	Tumor	P7	Myofibroblasts	Myofibroblasts	-7.62180519104004	0.70634526014328
GC07T:GTAGGCCAGGGATACC	GC07T	3188.0	1643	0.14084065	Tumor	P7	Fibroblasts	Fib_4	-6.81734561920166	2.4087507724762003
GC07T:GTAGGCCCAAGTCATC	GC07T	3660.0	1917	0.051639345	Tumor	P7	Smooth muscle cells	SMC_1	0.0296181682497263	-10.7024068832397
GC07T:GTAGTCACACTGAAGG	GC07T	3415.0	1559	0.12972182	Tumor	P7	Endothelial cells	Endo_1	12.9508228302002	-1.16062653064728
GC07T:GTAGTCAGTTCTGGTA	GC07T	3071.0	1464	0.1019212	Tumor	P7	Fibroblasts	Fib_2	-6.50416660308838	10.4301452636719
GC07T:GTATTCTAGAAACCAT	GC07T	4966.0	2000	0.041683447	Tumor	P7	Smooth muscle cells	SMC_2	-3.5115487575531	-12.672229766845698
GC07T:GTATTCTAGAGGTTAT	GC07T	929.0	518	0.2497309	Tumor	P7	Myofibroblasts	Myofibroblasts	-7.565533638000491	0.8492785096168521
GC07T:GTATTCTAGTTGTAGA	GC07T	6587.0	2640	0.05085775	Tumor	P7	Endothelial cells	Endo_2	8.09694290161133	-3.02354955673218
GC07T:GTATTCTTCAATCACG	GC07T	10583.0	3140	0.04204857	Tumor	P7	Fibroblasts	Fib_2	-4.133234024047851	10.343599319457999
GC07T:GTATTCTTCGTTTAGG	GC07T	8035.0	2867	0.034474175	Tumor	P7	Smooth muscle cells	SMC_1	0.835367560386658	-11.6753978729248
GC07T:GTATTCTTCTCGAGTA	GC07T	15438.0	3875	0.035367277	Tumor	P7	Fibroblasts	Fib_2	-4.389427185058589	10.8302869796753
GC07T:GTCAAGTTCGCAAGCC	GC07T	8574.0	2658	0.033706553	Tumor	P7	Fibroblasts	Fib_1	-6.91300868988037	8.20664310455322
GC07T:GTCACGGCATCTACGA	GC07T	9945.0	3097	0.042031173	Tumor	P7	Smooth muscle cells	SMC_2	-3.32628893852234	-13.317523956298801
GC07T:GTCACGGGTATGGTTC	GC07T	8607.0	3006	0.033461135	Tumor	P7	Endothelial cells	Endo_2	8.008326530456541	-2.48873353004456
GC07T:GTCATTTAGGGTCGAT	GC07T	17019.0	4360	0.030612845	Tumor	P7	Smooth muscle cells	SMC_1	-0.48099449276924106	-9.1462287902832
GC07T:GTCATTTCATCCAACA	GC07T	25993.0	5541	0.028892394	Tumor	P7	Fibroblasts	Fib_5	-8.22679042816162	3.34943795204163
GC07T:GTCATTTTCGTCACGG	GC07T	9855.0	3245	0.07305936	Tumor	P7	Endothelial cells	Endo_2	10.0181379318237	0.8383423089981079
GC07T:GTCCTCAAGGACCACA	GC07T	16545.0	3857	0.03995165	Tumor	P7	Smooth muscle cells	SMC_1	1.20683240890503	-11.260005950927699
GC07T:GTCCTCACAAGCTGTT	GC07T	11022.0	3271	0.052440573	Tumor	P7	Fibroblasts	Fib_1	-5.78713750839233	4.08257150650024
GC07T:GTCGGGTAGCAGGTCA	GC07T	3107.0	1415	0.031219827	Tumor	P7	Fibroblasts	Fib_5	-9.63005542755127	2.52556967735291
GC07T:GTCTCGTAGCCAACAG	GC07T	3001.0	1461	0.18360546	Tumor	P7	Smooth muscle cells	SMC_1	-0.369694739580154	-10.5623340606689
GC07T:GTCTCGTCAAGCTGAG	GC07T	1546.0	770	0.21474774	Tumor	P7	Fibroblasts	Fib_3	-4.77111530303955	9.05448532104492
GC07T:GTCTCGTTCTTACCGC	GC07T	5779.0	2439	0.08115591	Tumor	P7	Endothelial cells	Endo_1	11.7924280166626	-0.7828959822654721
GC07T:GTCTTCGGTAAGGGAA	GC07T	22282.0	5229	0.027959788	Tumor	P7	Endothelial cells	Endo_1	12.256107330322301	-1.91846692562103
GC07T:GTCTTCGGTTGATTGC	GC07T	2748.0	1132	0.04621543	Tumor	P7	Smooth muscle cells	SMC_2	-3.68804216384888	-12.4421234130859
GC07T:GTGAAGGGTTCGTGAT	GC07T	5629.0	2213	0.021495825	Tumor	P7	Endothelial cells	Endo_2	9.880757331848141	-2.52407813072205
GC07T:GTGCAGCTCGGTTAAC	GC07T	15630.0	4202	0.03256558	Tumor	P7	Endothelial cells	Endo_1	12.1271371841431	-3.31031346321106
GC07T:GTGCTTCAGCAACGGT	GC07T	9332.0	3385	0.048328333	Tumor	P7	Endothelial cells	Endo_1	11.642520904541	-1.77924430370331
GC07T:GTGGGTCGTACTTGAC	GC07T	9559.0	3509	0.028873313	Tumor	P7	Fibroblasts	Fib_4	-7.93065595626831	2.70661592483521
GC07T:GTGGGTCTCGTTTATC	GC07T	14623.0	3837	0.025849689	Tumor	P7	Fibroblasts	Fib_5	-10.7116813659668	2.92120790481567
GC07T:GTGTGCGCAACTGCTA	GC07T	5153.0	1861	0.17252086	Tumor	P7	Smooth muscle cells	SMC_1	-0.857892990112305	-12.1567840576172
GC07T:GTGTGCGCACAAGCCC	GC07T	4169.0	1609	0.041256897	Tumor	P7	Smooth muscle cells	SMC_2	-4.2528800964355495	-12.4434299468994
GC07T:GTGTGCGGTCATGCAT	GC07T	11350.0	3520	0.02986784	Tumor	P7	Endothelial cells	Endo_4	11.9981241226196	-5.28994274139404
GC07T:GTGTTAGAGGGCATGT	GC07T	3682.0	1813	0.059750136	Tumor	P7	Endothelial cells	Endo_2	9.75916767120361	-2.93297839164734
GC07T:GTGTTAGCATCAGTAC	GC07T	15919.0	4203	0.038444627	Tumor	P7	Fibroblasts	Fib_5	-9.73412036895752	2.5043199062347403
GC07T:GTTAAGCGTTATTCTC	GC07T	9278.0	2873	0.010778185	Tumor	P7	Endothelial cells	Endo_2	8.198267936706541	-2.9540641307830797
GC07T:GTTCGGGCAGACAAAT	GC07T	15841.0	3789	0.044315383	Tumor	P7	Fibroblasts	Fib_1	-6.583325386047361	6.4436960220336905
GC07T:GTTCGGGCATTCTCAT	GC07T	6752.0	2293	0.049170617	Tumor	P7	Smooth muscle cells	SMC_1	-2.03689408302307	-11.1176843643188
GC07T:GTTCGGGGTAGGAGTC	GC07T	5348.0	2007	0.03627524	Tumor	P7	Fibroblasts	Fib_2	-4.6554799079895	9.764445304870609
GC07T:GTTCTCGCAAGTCATC	GC07T	9079.0	3194	0.02103756	Tumor	P7	Endothelial cells	Endo_4	11.810656547546401	-7.00679349899292
GC07T:TAAACCGCAGGACGTA	GC07T	21915.0	4822	0.036413416	Tumor	P7	Myofibroblasts	Myofibroblasts	-6.32114124298096	7.65564107894897
GC07T:TAAGCGTAGTCGCCGT	GC07T	9322.0	3023	0.041836515	Tumor	P7	Endothelial cells	Endo_1	11.136746406555199	1.0361467599868799
GC07T:TAAGCGTCACACTGCG	GC07T	2908.0	1085	0.26341128	Tumor	P7	Fibroblasts	Fib_2	-5.6200122833252	8.6964168548584
GC07T:TAAGTGCAGGTGGGTT	GC07T	5546.0	2317	0.082942665	Tumor	P7	Endothelial cells	Endo_2	10.188316345214801	-4.41052436828613
GC07T:TAAGTGCGTGCCTGCA	GC07T	17871.0	4520	0.058474623	Tumor	P7	Endothelial cells	Endo_3	9.75849151611328	1.3336324691772499
GC07T:TAAGTGCGTTAAGATG	GC07T	16272.0	4118	0.017268928	Tumor	P7	Endothelial cells	Endo_2	9.91704082489014	-3.6997733116149902
GC07T:TAAGTGCTCTCTGTCG	GC07T	848.0	495	0.1403302	Tumor	P7	Endothelial cells	Endo_1	10.597432136535598	-0.7495698928833009
GC07T:TACACGACAGTCGATT	GC07T	8954.0	2767	0.021331249	Tumor	P7	Smooth muscle cells	SMC_2	-4.79368782043457	-12.295660972595199
GC07T:TACAGTGAGATGCCAG	GC07T	10412.0	3448	0.029485209	Tumor	P7	Endothelial cells	Endo_4	11.9574975967407	-6.61236810684204
GC07T:TACAGTGCAATAAGCA	GC07T	6472.0	2410	0.049134735	Tumor	P7	Smooth muscle cells	SMC_1	-2.24104380607605	-13.242290496826199
GC07T:TACCTATAGGCATTGG	GC07T	4069.0	1699	0.05898255	Tumor	P7	Myofibroblasts	Myofibroblasts	-8.261549949646	0.8548744320869449
GC07T:TACCTATCAGGAATCG	GC07T	7735.0	2631	0.14570136	Tumor	P7	Fibroblasts	Fib_5	-9.9350061416626	2.41199445724487
GC07T:TACCTATGTTTGACTG	GC07T	1960.0	878	0.115816325	Tumor	P7	Fibroblasts	Fib_1	-6.05729675292969	5.89484453201294
GC07T:TACCTTAGTGCGAAAC	GC07T	12388.0	3461	0.02486277	Tumor	P7	Fibroblasts	Fib_2	-5.23446130752563	8.807737350463869
GC07T:TACCTTATCAGGTAAA	GC07T	18893.0	4203	0.062404066	Tumor	P7	Fibroblasts	Fib_1	-6.07945919036865	6.68660163879395
GC07T:TACTCGCCAAGGACTG	GC07T	11408.0	3275	0.03769285	Tumor	P7	Fibroblasts	Fib_2	-3.70507144927979	10.3701009750366
GC07T:TACTCGCCACCAGATT	GC07T	23986.0	4939	0.036979906	Tumor	P7	Smooth muscle cells	SMC_1	-2.72706294059753	-13.1410160064697
GC07T:TACTTGTCAGATAATG	GC07T	15242.0	4097	0.030967064	Tumor	P7	Fibroblasts	Fib_1	-6.381414890289309	5.580856800079349
GC07T:TAGACCAGTCGCGAAA	GC07T	8224.0	2480	0.04815175	Tumor	P7	Smooth muscle cells	SMC_1	-0.6991682648658749	-12.503955841064501
GC07T:TAGACCATCCTCATTA	GC07T	17570.0	4380	0.03944223	Tumor	P7	Endothelial cells	Endo_3	9.18417358398438	1.8247926235199
GC07T:TAGCCGGCAGCTGTTA	GC07T	15341.0	4180	0.03735089	Tumor	P7	Fibroblasts	Fib_1	-8.55008983612061	5.33110761642456
GC07T:TAGGCATGTAAGGGCT	GC07T	20698.0	4849	0.049618322	Tumor	P7	Endothelial cells	Endo_1	12.514174461364698	-0.185981318354607
GC07T:TAGTGGTAGATAGTCA	GC07T	6630.0	2277	0.10648567	Tumor	P7	Fibroblasts	Fib_2	-4.530138969421389	10.8235530853271
GC07T:TAGTGGTCAGGTTTCA	GC07T	4237.0	1760	0.032334197	Tumor	P7	Smooth muscle cells	SMC_1	-0.758619129657745	-8.982278823852539
GC07T:TAGTTGGAGACAGGCT	GC07T	20512.0	4791	0.03905031	Tumor	P7	Fibroblasts	Fib_2	-5.5426459312439	10.235841751098599
GC07T:TAGTTGGCATACGCTA	GC07T	10582.0	3118	0.04942355	Tumor	P7	Fibroblasts	Fib_1	-6.90187168121338	9.20993232727051
GC07T:TAGTTGGCATTGGCGC	GC07T	30448.0	5343	0.03192328	Tumor	P7	Fibroblasts	Fib_1	-5.78150224685669	7.0916953086853
GC07T:TAGTTGGGTCTTCTCG	GC07T	10486.0	3484	0.040053405	Tumor	P7	Endothelial cells	Endo_2	8.1244421005249	-2.61981654167175
GC07T:TATCAGGCAGTTAACC	GC07T	9183.0	3095	0.025481869	Tumor	P7	Endothelial cells	Endo_2	9.93399047851562	-2.55170345306396
GC07T:TATCAGGGTGTTGAGG	GC07T	12782.0	3367	0.040916916	Tumor	P7	Fibroblasts	Fib_2	-5.97507381439209	8.342604637146
GC07T:TATCAGGGTTAAGTAG	GC07T	6286.0	2552	0.054406617	Tumor	P7	Endothelial cells	Endo_1	12.017706871032699	-2.40413784980774
GC07T:TATCTCACATGCCCGA	GC07T	5319.0	1967	0.030268848	Tumor	P7	Smooth muscle cells	SMC_2	-3.66602754592896	-12.6001672744751
GC07T:TATCTCAGTACCGTTA	GC07T	36770.0	6289	0.06385641	Tumor	P7	Endothelial cells	Endo_1	12.006047248840302	-1.26574850082397
GC07T:TATCTCATCCGGGTGT	GC07T	5064.0	2128	0.12026066	Tumor	P7	Fibroblasts	Fib_5	-9.13712406158447	4.88801002502441
GC07T:TATGCCCAGTGGTCCC	GC07T	5819.0	2285	0.039697543	Tumor	P7	Fibroblasts	Fib_4	-5.3728199005127	2.0294342041015603
GC07T:TATGCCCCACAGGAGT	GC07T	1162.0	616	0.05938038	Tumor	P7	Smooth muscle cells	SMC_1	0.0796860009431839	-10.336404800415
GC07T:TATTACCTCTCTGAGA	GC07T	2794.0	1348	0.119183965	Tumor	P7	Endothelial cells	Endo_3	9.07080364227295	3.6724917888641397
GC07T:TCAACGAAGAGAGCTC	GC07T	5796.0	2036	0.08988958	Tumor	P7	Fibroblasts	Fib_1	-7.22803735733032	8.92198944091797
GC07T:TCAACGACAGTACACT	GC07T	15748.0	4339	0.031559564	Tumor	P7	Endothelial cells	Endo_3	8.82766819000244	1.99326920509338
GC07T:TCAATCTAGACTACAA	GC07T	6303.0	2683	0.18927495	Tumor	P7	Myofibroblasts	Myofibroblasts	-8.2767505645752	0.564600110054016
GC07T:TCAATCTCAGATGAGC	GC07T	13326.0	3904	0.026939817	Tumor	P7	Fibroblasts	Fib_5	-9.20164394378662	3.18792366981506
GC07T:TCAATCTCATCCGTGG	GC07T	11342.0	3448	0.00017633574	Tumor	P7	Fibroblasts	Fib_4	-5.7720041275024405	8.04162120819092
GC07T:TCAATCTGTTAGAACA	GC07T	9659.0	3322	0.03488974	Tumor	P7	Endothelial cells	Endo_2	9.29254245758057	-2.65815019607544
GC07T:TCACAAGCAACGATCT	GC07T	4897.0	1835	0.10884215	Tumor	P7	Fibroblasts	Fib_5	-9.90299129486084	2.3946099281311004
GC07T:TCAGATGAGAGACGAA	GC07T	18164.0	3950	0.046025105	Tumor	P7	Fibroblasts	Fib_1	-6.2216477394104	4.93354558944702
GC07T:TCAGATGAGGGCTTCC	GC07T	7704.0	2401	0.0014278297	Tumor	P7	Fibroblasts	Fib_2	-5.503170013427731	9.085455894470211
GC07T:TCAGCAAAGCAACGGT	GC07T	12718.0	3743	0.03491115	Tumor	P7	Fibroblasts	Fib_5	-9.72191143035889	2.53092479705811
GC07T:TCAGCAACATATACCG	GC07T	8878.0	2886	0.04246452	Tumor	P7	Smooth muscle cells	SMC_1	-2.1809315681457497	-12.738424301147498
GC07T:TCAGCAAGTCTTCTCG	GC07T	23735.0	4686	0.028902465	Tumor	P7	Fibroblasts	Fib_1	-6.0170693397522	6.80817461013794
GC07T:TCAGCAAGTGCCTGCA	GC07T	13897.0	3532	0.035403326	Tumor	P7	Fibroblasts	Fib_1	-6.55884647369385	7.32048463821411
GC07T:TCAGCTCAGGTGCTTT	GC07T	12102.0	3665	0.037101306	Tumor	P7	Endothelial cells	Endo_4	11.8229103088379	-6.701083183288571
GC07T:TCAGCTCAGTGATCGG	GC07T	6005.0	2482	0.038801	Tumor	P7	Smooth muscle cells	SMC_1	-0.37481343746185297	-10.4402389526367
GC07T:TCAGCTCTCTAACCGA	GC07T	5996.0	2124	0.027018012	Tumor	P7	Smooth muscle cells	SMC_2	-3.7749438285827597	-12.752322196960401
GC07T:TCAGGATGTAACGTTC	GC07T	12946.0	3771	0.023095937	Tumor	P7	Endothelial cells	Endo_2	8.00628757476807	-2.63669228553772
GC07T:TCAGGATTCCCTGACT	GC07T	3396.0	1674	0.077738516	Tumor	P7	Endothelial cells	Endo_1	11.720592498779302	-1.2400338649749798
GC07T:TCAGGATTCTGCAAGT	GC07T	5787.0	1906	0.06860204	Tumor	P7	Fibroblasts	Fib_4	-2.2349064350128196	-11.055668830871598
GC07T:TCAGGTAAGGCATGGT	GC07T	14632.0	3991	0.03629032	Tumor	P7	Fibroblasts	Fib_2	-5.4281477928161594	9.36477088928223
GC07T:TCAGGTATCTGTCCGT	GC07T	10525.0	3497	0.028788598	Tumor	P7	Endothelial cells	Endo_4	12.1009359359741	-4.238317966461181
GC07T:TCATTACTCTGTCCGT	GC07T	3958.0	1477	0.09676605	Tumor	P7	Fibroblasts	Fib_3	-4.21881151199341	5.04803800582886
GC07T:TCATTTGAGGCAGTCA	GC07T	19963.0	4679	0.046786554	Tumor	P7	Smooth muscle cells	SMC_1	0.993580520153046	-9.6764497756958
GC07T:TCCACACAGATGCGAC	GC07T	9645.0	3467	0.01855884	Tumor	P7	Endothelial cells	Endo_1	10.4491262435913	-2.5198953151702903
GC07T:TCCCGATAGAGCTGGT	GC07T	15868.0	3810	0.052495588	Tumor	P7	Smooth muscle cells	SMC_1	0.13994631171226501	-9.54171848297119
GC07T:TCGAGGCAGGGATGGG	GC07T	2839.0	1324	0.04050722	Tumor	P7	Endothelial cells	Endo_3	10.0950450897217	2.44906997680664
GC07T:TCGAGGCCAAATACAG	GC07T	6417.0	2190	0.06903537	Tumor	P7	Fibroblasts	Fib_4	-5.10215425491333	2.0418298244476296
GC07T:TCGAGGCCATACGCCG	GC07T	24073.0	5243	0.045860507	Tumor	P7	Endothelial cells	Endo_1	12.350975990295401	-1.8010059595108
GC07T:TCGAGGCTCAGTTAGC	GC07T	35565.0	5653	0.052832842	Tumor	P7	Fibroblasts	Fib_5	-8.414219856262209	3.56551146507263
GC07T:TCGCGAGTCTCTGTCG	GC07T	12667.0	3787	0.016815348	Tumor	P7	Endothelial cells	Endo_4	11.7221097946167	-6.81058502197266
GC07T:TCGGGACCATTAGGCT	GC07T	4208.0	1625	0.04515209	Tumor	P7	Smooth muscle cells	SMC_2	-3.68014550209045	-12.579216957092301
GC07T:TCGGTAAAGTTAACGA	GC07T	6235.0	2175	0.035926223	Tumor	P7	Smooth muscle cells	SMC_2	-3.35476326942444	-12.8602304458618
GC07T:TCGGTAACAATCTGCA	GC07T	1755.0	972	0.1048433	Tumor	P7	Smooth muscle cells	SMC_1	-0.217437267303467	-11.2135171890259
GC07T:TCGGTAACAGCTCGAC	GC07T	28346.0	5479	0.04928385	Tumor	P7	Endothelial cells	Endo_1	11.8260154724121	-0.0905096083879471
GC07T:TCGTACCGTCGCATAT	GC07T	6473.0	2511	0.04989958	Tumor	P7	Endothelial cells	Endo_1	11.0157299041748	1.26902520656586
GC07T:TCGTAGAAGCCAGGAT	GC07T	7415.0	2475	0.041132838	Tumor	P7	Smooth muscle cells	SMC_1	-0.43135306239128096	-12.9196863174438
GC07T:TCGTAGACATTAGCCA	GC07T	16629.0	3963	0.047266822	Tumor	P7	Fibroblasts	Fib_1	-6.595110893249509	7.46553659439087
GC07T:TCGTAGAGTTCCACGG	GC07T	6444.0	2529	0.06176288	Tumor	P7	Myofibroblasts	Myofibroblasts	-8.18162727355957	0.7471236586570741
GC07T:TCTATTGGTCTAGTGT	GC07T	2579.0	949	0.06514153	Tumor	P7	Smooth muscle cells	SMC_2	-3.9083895683288596	-12.281603813171401
GC07T:TCTCTAAGTTGATTGC	GC07T	7714.0	2424	0.04096448	Tumor	P7	Fibroblasts	Fib_1	-9.34673023223877	5.59048986434937
GC07T:TCTGAGAAGGAGTAGA	GC07T	8133.0	2835	0.0986106	Tumor	P7	Smooth muscle cells	SMC_1	1.17380630970001	-11.0065460205078
GC07T:TCTTCGGCAAATTGCC	GC07T	7126.0	2353	0.036486108	Tumor	P7	Fibroblasts	Fib_2	-6.901373386383059	9.729533195495609
GC07T:TCTTCGGCAGGTCCAC	GC07T	17837.0	4271	0.025396647	Tumor	P7	Endothelial cells	Endo_3	9.53338050842285	1.46781229972839
GC07T:TCTTCGGTCGGTGTTA	GC07T	7031.0	2334	0.029725501	Tumor	P7	Smooth muscle cells	SMC_2	-3.76838159561157	-13.298820495605499
GC07T:TCTTTCCCAGTTCCCT	GC07T	8223.0	2537	0.101179615	Tumor	P7	Smooth muscle cells	SMC_2	-3.54069781303406	-13.6144800186157
GC07T:TGAAAGACAGATCTGT	GC07T	4986.0	1996	0.04993983	Tumor	P7	Endothelial cells	Endo_4	11.5327472686768	-6.55602264404297
GC07T:TGACAACTCTGCCAGG	GC07T	15251.0	4268	0.04242345	Tumor	P7	Endothelial cells	Endo_1	12.7157325744629	0.019649438560009
GC07T:TGACGGCCATGCATGT	GC07T	25479.0	5279	0.034852233	Tumor	P7	Endothelial cells	Endo_2	8.89039897918701	-2.33452224731445
GC07T:TGACTAGAGCCAGTAG	GC07T	3459.0	1452	0.16681121	Tumor	P7	Fibroblasts	Fib_4	-5.37104034423828	2.19252920150757
GC07T:TGACTAGAGGGATCTG	GC07T	25938.0	3952	0.12579998	Tumor	P7	Fibroblasts	Fib_1	-5.357911109924321	5.90126705169678
GC07T:TGACTAGCAGCTGCAC	GC07T	8576.0	2817	0.087103546	Tumor	P7	Fibroblasts	Fib_4	-7.16274547576904	2.47038340568542
GC07T:TGACTAGTCTTGCAAG	GC07T	6155.0	2157	0.14735986	Tumor	P7	Smooth muscle cells	SMC_2	-3.81149792671204	-13.797599792480499
GC07T:TGACTTTAGCTTTGGT	GC07T	10466.0	3444	0.040129945	Tumor	P7	Smooth muscle cells	SMC_1	-1.47892653942108	-13.0615749359131
GC07T:TGAGAGGGTCTCCATC	GC07T	7924.0	2757	0.065118626	Tumor	P7	Endothelial cells	Endo_2	8.770876884460451	-1.9362804889679
GC07T:TGAGAGGTCCGTACAA	GC07T	5188.0	1890	0.03681573	Tumor	P7	Smooth muscle cells	SMC_2	-3.5368251800537096	-12.7473459243774
GC07T:TGAGGGACATGATCCA	GC07T	4497.0	1421	0.026017345	Tumor	P7	Smooth muscle cells	SMC_2	-3.6334331035614	-12.6373291015625
GC07T:TGCACCTAGGGTCGAT	GC07T	24821.0	4921	0.043269813	Tumor	P7	Fibroblasts	Fib_1	-5.73524379730225	6.34668779373169
GC07T:TGCACCTCAATCTACG	GC07T	2702.0	1259	0.12324204	Tumor	P7	Endothelial cells	Endo_1	12.9663600921631	-1.11855602264404
GC07T:TGCACCTCATTAACCG	GC07T	27787.0	5220	0.042789795	Tumor	P7	Smooth muscle cells	SMC_1	0.9690456390380859	-9.094831466674801
GC07T:TGCACCTGTCAAAGCG	GC07T	1605.0	896	0.11588785	Tumor	P7	Endothelial cells	Endo_1	10.048161506652802	-3.40030241012573
GC07T:TGCCCATTCGGTCCGA	GC07T	537.0	367	0.06331471	Tumor	P7	Fibroblasts	Fib_3	-3.3568773269653303	6.316771984100339
GC07T:TGCCCTATCGGTCCGA	GC07T	16263.0	4053	0.04132079	Tumor	P7	Fibroblasts	Fib_3	-4.780513286590581	4.67954206466675
GC07T:TGCGCAGAGGTGCTAG	GC07T	19977.0	4569	0.032287132	Tumor	P7	Endothelial cells	Endo_3	8.89072418212891	1.9418808221816999
GC07T:TGCGCAGTCTACTATC	GC07T	3461.0	1720	0.068188384	Tumor	P7	Endothelial cells	Endo_1	12.680567741394	-2.0236015319824197
GC07T:TGCGGGTCATGCAACT	GC07T	16953.0	4563	0.043591104	Tumor	P7	Endothelial cells	Endo_3	9.81756114959717	1.6614689826965299
GC07T:TGCGGGTGTTTGTTGG	GC07T	23553.0	4525	0.05931304	Tumor	P7	Endothelial cells	Endo_3	9.52056884765625	1.33159959316254
GC07T:TGCTACCCAAACAACA	GC07T	4763.0	1965	0.06004619	Tumor	P7	Endothelial cells	Endo_3	10.155919075012198	2.6960711479187
GC07T:TGCTGCTAGGGATCTG	GC07T	690.0	427	0.08695652	Tumor	P7	Endothelial cells	Endo_1	-3.38010048866272	6.224300384521481
GC07T:TGGACGCGTATGGTTC	GC07T	5451.0	1987	0.037424326	Tumor	P7	Fibroblasts	Fib_2	-6.2628698348999	10.4916696548462
GC07T:TGGCGCATCCCGACTT	GC07T	20361.0	4155	0.033593636	Tumor	P7	Fibroblasts	Fib_1	-5.76628065109253	6.916955471038821
GC07T:TGGCTGGAGGGATGGG	GC07T	13985.0	3816	0.015016088	Tumor	P7	Smooth muscle cells	SMC_1	0.838968932628632	-10.991328239440902
GC07T:TGGCTGGCAGATGAGC	GC07T	8910.0	2778	0.037037037	Tumor	P7	Fibroblasts	Fib_2	-3.95119309425354	10.824450492858901
GC07T:TGGGAAGAGTTACGGG	GC07T	7469.0	2849	0.06105235	Tumor	P7	Fibroblasts	Fib_5	-9.49938488006592	2.6460163593292205
GC07T:TGGGAAGCAAGCCGCT	GC07T	5783.0	2050	0.051011585	Tumor	P7	Fibroblasts	Fib_4	-5.613904476165769	2.55167174339294
GC07T:TGGGCGTGTGGTAACG	GC07T	14856.0	3924	0.018107163	Tumor	P7	Endothelial cells	Endo_4	11.817352294921902	-6.805841445922849
GC07T:TGTCCCACAGAAGCAC	GC07T	4662.0	1536	0.06113256	Tumor	P7	Fibroblasts	Fib_2	-4.5591130256652805	10.6805534362793
GC07T:TGTCCCAGTGGTCTCG	GC07T	8911.0	2921	0.021883067	Tumor	P7	Smooth muscle cells	SMC_1	-0.391451269388199	-9.178079605102539
GC07T:TGTCCCAGTTCCCGAG	GC07T	6107.0	2423	0.07155723	Tumor	P7	Myofibroblasts	Myofibroblasts	-8.114182472229	0.687035620212555
GC07T:TGTGTTTGTTATTCTC	GC07T	3973.0	1767	0.043040525	Tumor	P7	Smooth muscle cells	SMC_1	-0.317663222551346	-11.408206939697301
GC07T:TGTTCCGTCTTAACCT	GC07T	16547.0	4189	0.03366169	Tumor	P7	Endothelial cells	Endo_3	9.25045013427734	1.7183097600936899
GC07T:TTAACTCAGAATTCCC	GC07T	11943.0	3397	0.03784644	Tumor	P7	Endothelial cells	Endo_3	9.87802886962891	1.8902763128280602
GC07T:TTAACTCTCAGTGCAT	GC07T	14568.0	3794	0.07543932	Tumor	P7	Smooth muscle cells	SMC_2	-4.39742708206177	-12.932072639465302
GC07T:TTAGGCACATAGGATA	GC07T	13047.0	3848	0.037633173	Tumor	P7	Endothelial cells	Endo_3	9.98315906524658	1.39127850532532
GC07T:TTAGGCAGTTTAGCTG	GC07T	18060.0	4612	0.057696566	Tumor	P7	Smooth muscle cells	SMC_1	0.5455502271652221	-9.547980308532711
GC07T:TTAGGCATCCAAACAC	GC07T	12171.0	3436	0.038945034	Tumor	P7	Endothelial cells	Endo_3	8.46218299865723	2.6279749870300297
GC07T:TTAGTTCCAATAGCAA	GC07T	717.0	507	0.047419805	Tumor	P7	Fibroblasts	Fib_2	-5.907629489898679	8.808064460754391
GC07T:TTAGTTCTCTCACATT	GC07T	20073.0	4247	0.049967617	Tumor	P7	Fibroblasts	Fib_3	-4.89285087585449	4.6163210868835405
GC07T:TTCCCAGAGCCCAACC	GC07T	14159.0	4082	0.040327705	Tumor	P7	Endothelial cells	Endo_3	9.466142654418949	1.6455291509628303
GC07T:TTCCCAGCAACTGGCC	GC07T	16274.0	3891	0.026483962	Tumor	P7	Smooth muscle cells	SMC_1	1.02623677253723	-10.925427436828599
GC07T:TTCCCAGGTAAGGATT	GC07T	7841.0	2979	0.023466395	Tumor	P7	Endothelial cells	Endo_4	11.7903890609741	-6.077703475952151
GC07T:TTCGAAGAGTATCGAA	GC07T	4685.0	1619	0.06296691	Tumor	P7	Fibroblasts	Fib_2	-4.23018074035645	10.087775230407699
GC07T:TTCGGTCGTTCGCGAC	GC07T	11302.0	3427	0.012652628	Tumor	P7	Endothelial cells	Endo_2	10.348443031311001	-4.9073977470397905
GC07T:TTCTACAGTCCGAACC	GC07T	9465.0	3199	0.023666138	Tumor	P7	Endothelial cells	Endo_2	10.075157165527301	-4.437499046325679
GC07T:TTCTACATCGGCGGTT	GC07T	4846.0	1939	0.043953776	Tumor	P7	Endothelial cells	Endo_3	10.1916646957397	2.73310279846191
GC07T:TTCTCAAAGGCTAGAC	GC07T	3790.0	1447	0.19577837	Tumor	P7	Fibroblasts	Fib_2	-6.25260305404663	10.102322578430199
GC07T:TTCTCCTCATGGTCTA	GC07T	29390.0	6023	0.039979585	Tumor	P7	Endothelial cells	Endo_1	11.9019775390625	-1.70498239994049
GC07T:TTCTCCTGTCTGCAAT	GC07T	20267.0	4672	0.037203334	Tumor	P7	Smooth muscle cells	SMC_1	-2.99435997009277	-13.3213329315186
GC07T:TTCTTAGGTTGTTTGG	GC07T	11502.0	3397	0.046687532	Tumor	P7	Endothelial cells	Endo_1	13.270686149597198	-0.9920489192008969
GC07T:TTCTTAGTCGATAGAA	GC07T	4328.0	1373	0.1887708	Tumor	P7	Fibroblasts	Fib_3	-4.0843358039856	7.17081642150879
GC07T:TTGAACGAGACGCAAC	GC07T	15056.0	4015	0.038124334	Tumor	P7	Endothelial cells	Endo_1	13.4109945297241	-1.4782128334045401
GC07T:TTGAACGCACAGCCCA	GC07T	9142.0	3111	0.033143733	Tumor	P7	Endothelial cells	Endo_1	10.275278091430698	-2.6143369674682595
GC07T:TTGCCGTGTACCGCTG	GC07T	4169.0	1739	0.07795634	Tumor	P7	Endothelial cells	Endo_3	8.93141555786133	3.63727998733521
GC07T:TTGGAACCAGGGCATA	GC07T	1578.0	859	0.17237009	Tumor	P7	Fibroblasts	Fib_1	-7.24695253372192	7.616528987884519
GC07T:TTGGCAACATAGGATA	GC07T	11149.0	3364	0.03309714	Tumor	P7	Smooth muscle cells	SMC_2	-3.6634659767150897	-13.234959602356
GC07T:TTGTAGGAGAGAGCTC	GC07T	11254.0	3100	0.07073041	Tumor	P7	Fibroblasts	Fib_2	-6.22090244293213	8.836249351501461
GC07T:TTGTAGGGTACCATCA	GC07T	4533.0	1815	0.09044783	Tumor	P7	Endothelial cells	Endo_3	10.4375343322754	2.52768206596375
GC07T:TTGTAGGTCAGCCTAA	GC07T	8193.0	2616	0.04259734	Tumor	P7	Fibroblasts	Fib_2	-4.46464967727661	10.974883079528801
GC07T:TTGTAGGTCGCAAACT	GC07T	21848.0	4898	0.038218603	Tumor	P7	Endothelial cells	Endo_1	12.5565919876099	-1.85246241092682
GC07T:TTTACTGAGTACACCT	GC07T	2572.0	1267	0.1893468	Tumor	P7	Fibroblasts	Fib_3	-5.69959163665771	4.06083679199219
GC07T:TTTATGCAGCGAAGGG	GC07T	14010.0	4245	0.054032832	Tumor	P7	Smooth muscle cells	SMC_1	1.22728145122528	-11.3447523117065
GC07T:TTTCCTCTCGGTTAAC	GC07T	11653.0	3113	0.029177036	Tumor	P7	Fibroblasts	Fib_5	-9.94630146026611	2.4909720420837402
GC07T:TTTGCGCCAGTATCTG	GC07T	3298.0	1517	0.06731352	Tumor	P7	Endothelial cells	Endo_4	11.9063987731934	-6.9783616065979
GC07T:TTTGCGCGTAGGCTGA	GC07T	8003.0	2507	0.03261277	Tumor	P7	Smooth muscle cells	SMC_2	-3.54197716712952	-12.7661657333374
GC07T:TTTGCGCGTGAGCGAT	GC07T	10565.0	3017	0.02943682	Tumor	P7	Smooth muscle cells	SMC_2	-3.52639937400818	-13.213978767395
GC08P:AAACGGGGTACAAGTA	GC08P	4934.0	2042	0.050466154	Paratumor	P8	Fibroblasts	Fib_5	-10.726935386657699	2.81613731384277
GC08P:AAACGGGTCCTCAACC	GC08P	2713.0	1094	0.08219683	Paratumor	P8	Smooth muscle cells	SMC_1	-2.08150315284729	-11.3129405975342
GC08P:AAAGTAGAGTCACGCC	GC08P	4174.0	1893	0.0718735	Paratumor	P8	Myofibroblasts	Myofibroblasts	-8.01249408721924	0.678740620613098
GC08P:AAAGTAGCATGCCACG	GC08P	7046.0	2520	0.063582174	Paratumor	P8	Fibroblasts	Fib_5	-10.9467039108276	3.20297241210938
GC08P:AAAGTAGGTAATAGCA	GC08P	3511.0	1475	0.11506693	Paratumor	P8	Fibroblasts	Fib_4	-7.36283683776855	2.6868484020233194
GC08P:AAATGCCCATCCGCGA	GC08P	3627.0	1409	0.084367245	Paratumor	P8	Fibroblasts	Fib_3	-3.7609937191009504	7.77740335464478
GC08P:AACCGCGGTTAAGGGC	GC08P	6270.0	1984	0.0553429	Paratumor	P8	Fibroblasts	Fib_4	-7.27459716796875	2.95155477523804
GC08P:AACGTTGCACAGACAG	GC08P	4622.0	1972	0.0826482	Paratumor	P8	Endothelial cells	Endo_3	10.0760250091553	3.09114623069763
GC08P:AACGTTGTCAGTTGAC	GC08P	3939.0	1532	0.10764153	Paratumor	P8	Endothelial cells	Endo_3	9.01231479644775	3.3268895149230997
GC08P:AACTCAGTCCAGTAGT	GC08P	2169.0	988	0.26602122	Paratumor	P8	Endothelial cells	Endo_1	9.59946155548096	2.75847411155701
GC08P:AACTCCCCACCCTATC	GC08P	5199.0	2132	0.090402	Paratumor	P8	Fibroblasts	Fib_4	-8.30428314208984	2.7367184162139906
GC08P:AACTCTTAGAATAGGG	GC08P	3885.0	1612	0.10990991	Paratumor	P8	Fibroblasts	Fib_2	-3.73251557350159	9.64278030395508
GC08P:AACTGGTCATGCCTTC	GC08P	6666.0	2382	0.05130513	Paratumor	P8	Fibroblasts	Fib_4	-4.92051410675049	3.13284778594971
GC08P:AACTGGTCATGCTGGC	GC08P	4487.0	1890	0.12257633	Paratumor	P8	Smooth muscle cells	SMC_1	0.26830834150314303	-10.7906312942505
GC08P:AACTGGTTCAAACCAC	GC08P	4588.0	1879	0.03901482	Paratumor	P8	Endothelial cells	Endo_2	8.33039093017578	-2.7334845066070597
GC08P:AAGCCGCCAATCCAAC	GC08P	9286.0	2794	0.054059874	Paratumor	P8	Fibroblasts	Fib_5	-9.67085075378418	3.28736209869385
GC08P:AAGCCGCTCTACTCAT	GC08P	1245.0	813	0.04819277	Paratumor	P8	Fibroblasts	Fib_3	-3.41423583030701	8.79313468933105
GC08P:AAGTCTGAGTGAACAT	GC08P	6000.0	2442	0.053166665	Paratumor	P8	Endothelial cells	Endo_3	10.5062685012817	0.5223129391670229
GC08P:ACACCGGGTATAAACG	GC08P	14394.0	3994	0.04217035	Paratumor	P8	Endothelial cells	Endo_3	10.049386978149402	1.38952207565308
GC08P:ACACCGGGTTGTTTGG	GC08P	2163.0	1105	0.079981506	Paratumor	P8	Smooth muscle cells	SMC_1	-1.70728743076324	-11.0072565078735
GC08P:ACATACGAGAGTTGGC	GC08P	5749.0	2298	0.035484433	Paratumor	P8	Endothelial cells	Endo_2	8.28621578216553	-2.0438079833984397
GC08P:ACATACGCAGGAATCG	GC08P	8095.0	2675	0.1278567	Paratumor	P8	Fibroblasts	Fib_5	-11.5859384536743	2.80268025398254
GC08P:ACATCAGAGATGTGTA	GC08P	5761.0	2438	0.10449575	Paratumor	P8	Myofibroblasts	Myofibroblasts	-7.928637504577639	0.5678929686546329
GC08P:ACATGGTGTTAAAGTG	GC08P	2830.0	1460	0.11731449	Paratumor	P8	Myofibroblasts	Myofibroblasts	-8.04977130889893	0.6392086148262021
GC08P:ACCAGTAAGGCGCTCT	GC08P	4456.0	1665	0.101211846	Paratumor	P8	Fibroblasts	Fib_4	-9.08799457550049	3.1130681037902797
GC08P:ACCCACTGTGGAAAGA	GC08P	4930.0	1802	0.07423935	Paratumor	P8	Fibroblasts	Fib_4	-9.27053928375244	3.26364207267761
GC08P:ACCGTAAGTTTAGGAA	GC08P	8664.0	2707	0.049515236	Paratumor	P8	Endothelial cells	Endo_3	8.36635684967041	3.36413145065308
GC08P:ACGAGCCGTATCAGTC	GC08P	11243.0	3201	0.15156098	Paratumor	P8	Endothelial cells	Endo_2	9.047383308410641	-4.249071598052979
GC08P:ACGAGGAAGAGGTAGA	GC08P	5992.0	2296	0.051902536	Paratumor	P8	Endothelial cells	Endo_3	10.039942741394	2.52858996391296
GC08P:ACGATACAGAGTAAGG	GC08P	3384.0	1388	0.064420804	Paratumor	P8	Fibroblasts	Fib_2	-3.9640696048736603	9.606858253479
GC08P:ACGATACTCGTGTAGT	GC08P	2185.0	1069	0.10480549	Paratumor	P8	Fibroblasts	Fib_2	-4.4677877426147505	9.90915393829346
GC08P:ACGCAGCGTATCAGTC	GC08P	8308.0	2640	0.051757343	Paratumor	P8	Endothelial cells	Endo_3	8.757871627807619	3.7760410308837904
GC08P:ACGCCAGCATCAGTAC	GC08P	6135.0	2182	0.05753871	Paratumor	P8	Endothelial cells	Endo_3	10.393345832824698	1.88485050201416
GC08P:ACGGCCAAGGAGTTTA	GC08P	4506.0	1984	0.03683977	Paratumor	P8	Endothelial cells	Endo_4	12.1626224517822	-6.65364217758179
GC08P:ACGGCCAAGGTAGCCA	GC08P	6592.0	2382	0.14320388	Paratumor	P8	Fibroblasts	Fib_4	-8.458653450012209	2.78297185897827
GC08P:ACGGGCTAGAGCCTAG	GC08P	7336.0	2812	0.069111235	Paratumor	P8	Fibroblasts	Fib_2	-5.11519718170166	10.685358047485401
GC08P:ACGGGCTAGTGTGGCA	GC08P	9768.0	2819	0.0497543	Paratumor	P8	Fibroblasts	Fib_5	-11.140245437622099	3.34448289871216
GC08P:ACGGGCTTCTAGAGTC	GC08P	7745.0	2221	0.067785665	Paratumor	P8	Smooth muscle cells	SMC_2	-4.73895597457886	-12.501903533935499
GC08P:ACGTCAAGTCAACTGT	GC08P	6730.0	2556	0.066716194	Paratumor	P8	Fibroblasts	Fib_4	-7.3766183853149405	2.46486115455627
GC08P:ACTATCTTCCCTAACC	GC08P	8540.0	2693	0.04531616	Paratumor	P8	Fibroblasts	Fib_5	-10.547125816345199	3.5625641345977797
GC08P:ACTGAACCATCTACGA	GC08P	4229.0	1857	0.029321352	Paratumor	P8	Endothelial cells	Endo_4	11.5037755966187	-6.751793384551999
GC08P:ACTGAACGTCCCGACA	GC08P	7483.0	2264	0.08285447	Paratumor	P8	Fibroblasts	Fib_5	-10.465126037597699	3.6678693294525098
GC08P:ACTGAGTCAGGTCGTC	GC08P	8270.0	2717	0.058887545	Paratumor	P8	Fibroblasts	Fib_4	-5.170132160186769	2.2247772216796897
GC08P:ACTGAGTTCCCGGATG	GC08P	2832.0	901	0.14230226	Paratumor	P8	Fibroblasts	Fib_3	-3.8196043968200697	6.58699178695679
GC08P:ACTGAGTTCTCTTGAT	GC08P	9397.0	3020	0.08641056	Paratumor	P8	Endothelial cells	Endo_3	10.1297578811646	2.3223648071289102
GC08P:ACTGATGAGACTAGGC	GC08P	10571.0	3246	0.036420394	Paratumor	P8	Endothelial cells	Endo_3	8.56812191009521	2.74681353569031
GC08P:ACTGATGCAGCTTCGG	GC08P	5952.0	2196	0.08215726	Paratumor	P8	Endothelial cells	Endo_3	8.44400119781494	3.9105167388916002
GC08P:ACTGATGGTTGCTCCT	GC08P	1414.0	773	0.2708628	Paratumor	P8	Endothelial cells	Endo_1	10.6198720932007	1.3899018764495803
GC08P:ACTGCTCTCCCTAACC	GC08P	7607.0	2800	0.046010252	Paratumor	P8	Endothelial cells	Endo_2	8.347193717956541	-2.2637705802917503
GC08P:ACTTACTAGCCAGAAC	GC08P	5213.0	1765	0.060042202	Paratumor	P8	Smooth muscle cells	SMC_2	-4.46093559265137	-12.58544921875
GC08P:ACTTACTCAGTCGATT	GC08P	8980.0	2690	0.06024499	Paratumor	P8	Fibroblasts	Fib_5	-10.306904792785598	3.5363917350769003
GC08P:ACTTACTTCAAGAAGT	GC08P	2378.0	1262	0.17199327	Paratumor	P8	Myofibroblasts	Myofibroblasts	-7.9821872711181605	0.48651915788650496
GC08P:ACTTGTTTCATGGTCA	GC08P	5979.0	2226	0.070747614	Paratumor	P8	Fibroblasts	Fib_5	-11.4223384857178	2.78241872787476
GC08P:AGAATAGGTATGGTTC	GC08P	1228.0	622	0.28257328	Paratumor	P8	Fibroblasts	Fib_3	-4.1320471763610795	5.992639064788821
GC08P:AGAATAGTCCAGGGCT	GC08P	3215.0	1544	0.08926905	Paratumor	P8	Fibroblasts	Fib_2	-3.93678188323975	10.4423208236694
GC08P:AGAGCGATCGGTGTCG	GC08P	4381.0	1697	0.030358365	Paratumor	P8	Endothelial cells	Endo_3	8.55110263824463	2.9537932872772203
GC08P:AGAGCTTCAGAGCCAA	GC08P	8304.0	2329	0.10561176	Paratumor	P8	Smooth muscle cells	SMC_2	-4.68385934829712	-12.550263404846199
GC08P:AGAGTGGCATGCTGGC	GC08P	4679.0	1871	0.12459927	Paratumor	P8	Fibroblasts	Fib_4	-8.48412990570068	2.8128857612609903
GC08P:AGAGTGGGTCGCGGTT	GC08P	3819.0	1651	0.023828227	Paratumor	P8	Smooth muscle cells	SMC_1	0.6953493356704711	-10.9007091522217
GC08P:AGATTGCCAGGACGTA	GC08P	5090.0	1953	0.055206288	Paratumor	P8	Smooth muscle cells	SMC_1	1.13865494728088	-10.9370603561401
GC08P:AGCAGCCGTAGGCATG	GC08P	3836.0	1495	0.06256517	Paratumor	P8	Smooth muscle cells	SMC_1	-2.0897676944732697	-11.5508708953857
GC08P:AGCAGCCGTGTTCGAT	GC08P	817.0	453	0.21052632	Paratumor	P8	Endothelial cells	Endo_1	10.3227949142456	-3.71397519111633
GC08P:AGCATACAGCCGCCTA	GC08P	5188.0	2151	0.044140324	Paratumor	P8	Fibroblasts	Fib_2	-5.02457857131958	10.264503479003901
GC08P:AGCATACGTCCAGTAT	GC08P	3885.0	1827	0.025225226	Paratumor	P8	Endothelial cells	Endo_4	11.7380199432373	-7.00656986236572
GC08P:AGCCTAACATGCATGT	GC08P	6345.0	2017	0.08526399	Paratumor	P8	Fibroblasts	Fib_4	-9.11988735198975	3.19894242286682
GC08P:AGCGGTCCAGCTCGCA	GC08P	4500.0	2002	0.116222225	Paratumor	P8	Myofibroblasts	Myofibroblasts	-8.59778499603271	0.5354366302490229
GC08P:AGCGTATTCCAAGCCG	GC08P	9694.0	2895	0.054879308	Paratumor	P8	Fibroblasts	Fib_5	-10.0297212600708	3.56145572662354
GC08P:AGCTTGATCGGGAGTA	GC08P	5229.0	1900	0.03805699	Paratumor	P8	Endothelial cells	Endo_2	8.58386135101318	-3.84241580963135
GC08P:AGGCCACAGACCTTTG	GC08P	9546.0	2901	0.045568824	Paratumor	P8	Endothelial cells	Endo_3	10.015690803527802	1.89529085159302
GC08P:AGGCCACAGATGTGTA	GC08P	9078.0	3266	0.049239922	Paratumor	P8	Endothelial cells	Endo_2	9.411886215209961	-4.22547435760498
GC08P:AGGGAGTGTAAGTGGC	GC08P	655.0	407	0.0961832	Paratumor	P8	Fibroblasts	Fib_3	-4.52867937088013	5.07375192642212
GC08P:AGGGAGTTCAGAGACG	GC08P	4013.0	1739	0.13107401	Paratumor	P8	Fibroblasts	Fib_2	-5.5750904083252	9.268999099731449
GC08P:AGGGATGGTGCGAAAC	GC08P	9538.0	2747	0.066156425	Paratumor	P8	Smooth muscle cells	SMC_2	-4.8323392868042	-12.9097318649292
GC08P:AGGGTGACAACACCTA	GC08P	10196.0	3074	0.052569635	Paratumor	P8	Endothelial cells	Endo_3	8.19988918304443	3.6108014583587598
GC08P:AGGGTGATCAAACAAG	GC08P	3407.0	1637	0.07513942	Paratumor	P8	Fibroblasts	Fib_2	-5.209930419921879	11.1153621673584
GC08P:AGGGTGATCTTTACAC	GC08P	5002.0	2299	0.11735306	Paratumor	P8	Myofibroblasts	Myofibroblasts	-8.039675712585451	0.6048115491867071
GC08P:AGGTCATCACACCGAC	GC08P	889.0	487	0.12935883	Paratumor	P8	Fibroblasts	Fib_3	-7.1348385810852095	3.8268020153045694
GC08P:AGGTCCGGTGACGCCT	GC08P	912.0	607	0.098684214	Paratumor	P8	Endothelial cells	Endo_4	11.6911888122559	-6.9474835395813
GC08P:AGTCTTTAGAAACGAG	GC08P	6725.0	2480	0.11881041	Paratumor	P8	Smooth muscle cells	SMC_2	-3.06978225708008	-13.657665252685499
GC08P:AGTCTTTCAACTGCGC	GC08P	5263.0	2199	0.04636139	Paratumor	P8	Fibroblasts	Fib_4	-7.0464339256286594	2.48077630996704
GC08P:AGTGGGAAGAGTACAT	GC08P	2113.0	1052	0.17321344	Paratumor	P8	Smooth muscle cells	SMC_1	-1.13438308238983	-10.6041698455811
GC08P:AGTGGGAGTTGTACAC	GC08P	4578.0	1570	0.045434687	Paratumor	P8	Fibroblasts	Fib_4	-9.44929504394531	3.15511703491211
GC08P:AGTGTCACACAGACTT	GC08P	3068.0	1172	0.08539765	Paratumor	P8	Fibroblasts	Fib_3	-3.70199155807495	7.411925792694089
GC08P:AGTGTCAGTTATCCGA	GC08P	2144.0	1084	0.14412314	Paratumor	P8	Endothelial cells	Endo_4	12.277889251709	-6.80051326751709
GC08P:AGTGTCATCTCCCTGA	GC08P	11630.0	3026	0.057007737	Paratumor	P8	Fibroblasts	Fib_4	-8.44572639465332	2.9892716407775897
GC08P:ATAACGCGTTGATTGC	GC08P	1199.0	697	0.04503753	Paratumor	P8	Endothelial cells	Endo_4	11.4558115005493	-7.4671926498413095
GC08P:ATAAGAGAGGTTACCT	GC08P	10472.0	3249	0.056627195	Paratumor	P8	Fibroblasts	Fib_5	-10.3234424591064	3.2952299118042006
GC08P:ATAAGAGGTAGCAAAT	GC08P	8697.0	2743	0.07048407	Paratumor	P8	Fibroblasts	Fib_5	-11.544558525085401	3.0019688606262203
GC08P:ATAAGAGTCAACTCTT	GC08P	6216.0	2167	0.109877735	Paratumor	P8	Fibroblasts	Fib_5	-10.638897895813	3.5355439186096205
GC08P:ATAAGAGTCGTACCGG	GC08P	8646.0	2731	0.051815867	Paratumor	P8	Endothelial cells	Endo_3	8.13018321990967	3.21015906333923
GC08P:ATAGACCCAAGCGAGT	GC08P	1758.0	940	0.055176336	Paratumor	P8	Fibroblasts	Fib_4	-9.38006496429443	3.09018087387085
GC08P:ATCATGGTCACAATGC	GC08P	12867.0	3321	0.04779669	Paratumor	P8	Fibroblasts	Fib_5	-11.1146631240845	3.4964425563812296
GC08P:ATCCACCAGATGCCAG	GC08P	10611.0	3036	0.029120725	Paratumor	P8	Fibroblasts	Fib_5	-11.361046791076697	3.13310742378235
GC08P:ATCCACCGTTGTGGAG	GC08P	3673.0	1555	0.06534168	Paratumor	P8	Smooth muscle cells	SMC_1	-1.9155547618866	-11.3669958114624
GC08P:ATCTGCCGTACGACCC	GC08P	4305.0	1810	0.06666667	Paratumor	P8	Fibroblasts	Fib_2	-5.95174789428711	8.88347816467285
GC08P:ATGAGGGCACGTCAGC	GC08P	717.0	371	0.26220363	Paratumor	P8	Fibroblasts	Fib_3	-3.37911009788513	7.10870456695557
GC08P:ATGAGGGCAGACAGGT	GC08P	9673.0	2653	0.06916159	Paratumor	P8	Smooth muscle cells	SMC_2	-4.791007041931151	-12.4792804718018
GC08P:ATGTGTGGTACGACCC	GC08P	1640.0	742	0.11402439	Paratumor	P8	Fibroblasts	Fib_3	-4.64637517929077	4.625271320343019
GC08P:ATTACTCCACGAAATA	GC08P	6718.0	2385	0.09437332	Paratumor	P8	Smooth muscle cells	SMC_1	-2.59749698638916	-11.6544790267944
GC08P:ATTACTCTCCTTGACC	GC08P	7934.0	2975	0.0291152	Paratumor	P8	Endothelial cells	Endo_4	11.119328498840302	-5.91202545166016
GC08P:ATTATCCGTTCACGGC	GC08P	2282.0	1149	0.041191936	Paratumor	P8	Fibroblasts	Fib_4	-9.41006660461426	3.1262526512146
GC08P:ATTCTACCAGCGAACA	GC08P	6795.0	2344	0.042531274	Paratumor	P8	Endothelial cells	Endo_3	8.144069671630861	3.56296062469482
GC08P:ATTTCTGGTTGTCGCG	GC08P	7801.0	2383	0.037815664	Paratumor	P8	Endothelial cells	Endo_3	8.5916051864624	2.7512226104736297
GC08P:CAACCTCTCGCCAGCA	GC08P	9673.0	3013	0.04724491	Paratumor	P8	Endothelial cells	Endo_3	8.123195648193361	3.5763111114502
GC08P:CAACTAGCACAGATTC	GC08P	13733.0	3882	0.05097211	Paratumor	P8	Endothelial cells	Endo_3	10.1245555877686	0.6548593044281011
GC08P:CAACTAGCATAAAGGT	GC08P	2453.0	1248	0.20016307	Paratumor	P8	Fibroblasts	Fib_2	-5.66920900344849	9.58880233764648
GC08P:CAAGATCAGTCACGCC	GC08P	10763.0	3079	0.061785746	Paratumor	P8	Fibroblasts	Fib_5	-11.1799144744873	3.31548309326172
GC08P:CAAGTTGGTTCAGTAC	GC08P	10697.0	3213	0.047302984	Paratumor	P8	Fibroblasts	Fib_5	-11.6789398193359	2.9507236480712904
GC08P:CACAAACGTGCGGTAA	GC08P	8329.0	2378	0.060871653	Paratumor	P8	Endothelial cells	Endo_3	8.27250289916992	3.2244586944580096
GC08P:CACAAACTCTAACTTC	GC08P	8806.0	2832	0.048716784	Paratumor	P8	Endothelial cells	Endo_3	8.23928642272949	3.5459001064300497
GC08P:CACACAAGTACTTGAC	GC08P	5918.0	2181	0.091922946	Paratumor	P8	Fibroblasts	Fib_5	-9.78586578369141	2.51716327667236
GC08P:CACACCTGTATAATGG	GC08P	6357.0	2145	0.06323738	Paratumor	P8	Endothelial cells	Endo_3	8.59673118591309	4.08345413208008
GC08P:CACACCTTCGCGCCAA	GC08P	2059.0	930	0.20592521	Paratumor	P8	Fibroblasts	Fib_3	-4.7264108657836905	4.62176752090454
GC08P:CACACTCGTACCATCA	GC08P	10243.0	3462	0.0395392	Paratumor	P8	Smooth muscle cells	SMC_1	0.18878561258315998	-12.461275100708
GC08P:CACACTCTCACAAACC	GC08P	6831.0	2377	0.08402869	Paratumor	P8	Smooth muscle cells	SMC_1	-1.8583182096481299	-11.210080146789599
GC08P:CACAGGCGTGTATGGG	GC08P	6111.0	1934	0.0690558	Paratumor	P8	Fibroblasts	Fib_5	-10.6555128097534	3.33222723007202
GC08P:CACATAGGTTAGAACA	GC08P	3075.0	1363	0.08747967	Paratumor	P8	Fibroblasts	Fib_3	-3.6868748664855997	7.62147760391235
GC08P:CACCACTAGCAATCTC	GC08P	9210.0	2745	0.059391964	Paratumor	P8	Fibroblasts	Fib_5	-11.3069353103638	3.33598518371582
GC08P:CACCAGGAGTGCGTGA	GC08P	4019.0	1651	0.05001244	Paratumor	P8	Fibroblasts	Fib_2	-3.8956093788147004	9.774717330932619
GC08P:CAGAGAGCATGCAATC	GC08P	2828.0	1456	0.074257426	Paratumor	P8	Smooth muscle cells	SMC_1	-1.0971491336822499	-10.706758499145499
GC08P:CAGAGAGCATTTGCCC	GC08P	5810.0	2172	0.08106712	Paratumor	P8	Fibroblasts	Fib_4	-5.6502685546875	1.69275784492493
GC08P:CAGAGAGGTGGAAAGA	GC08P	5137.0	2009	0.13879697	Paratumor	P8	Fibroblasts	Fib_5	-10.2982215881348	3.36489796638489
GC08P:CAGATCACAATGAAAC	GC08P	12372.0	3263	0.04485936	Paratumor	P8	Endothelial cells	Endo_3	8.61948680877686	2.90589094161987
GC08P:CAGATCATCAACGAAA	GC08P	10023.0	3016	0.06944029	Paratumor	P8	Endothelial cells	Endo_3	8.49943065643311	3.2964537143707298
GC08P:CAGCATAAGGCCCTCA	GC08P	5820.0	2228	0.044329897	Paratumor	P8	Endothelial cells	Endo_3	8.84179401397705	3.2983717918396
GC08P:CAGCCGATCGCCAGCA	GC08P	4670.0	2073	0.04796574	Paratumor	P8	Endothelial cells	Endo_3	10.7926197052002	2.38138365745544
GC08P:CAGCGACCATGCGCAC	GC08P	7192.0	2708	0.0714683	Paratumor	P8	Fibroblasts	Fib_4	-5.44394445419312	1.80201733112335
GC08P:CAGCGACGTCCGTGAC	GC08P	4181.0	1638	0.09447501	Paratumor	P8	Fibroblasts	Fib_4	-4.86277961730957	3.24245285987854
GC08P:CAGTAACTCTCTGTCG	GC08P	9658.0	2934	0.10644025	Paratumor	P8	Fibroblasts	Fib_2	-5.426410675048831	9.16896438598633
GC08P:CATATTCCAGACTCGC	GC08P	8389.0	2323	0.043032542	Paratumor	P8	Endothelial cells	Endo_3	9.01400184631348	2.8821179866790803
GC08P:CATATTCGTAAGCACG	GC08P	5556.0	1939	0.063534915	Paratumor	P8	Fibroblasts	Fib_5	-11.613673210144	2.7403721809387203
GC08P:CATCAAGAGAGGGCTT	GC08P	8897.0	2662	0.040125884	Paratumor	P8	Endothelial cells	Endo_3	8.18129253387451	3.6302332878112797
GC08P:CATCAAGAGGCATGTG	GC08P	3425.0	1389	0.07737226	Paratumor	P8	Fibroblasts	Fib_2	-4.22156810760498	9.83927249908447
GC08P:CATCCACAGATATGCA	GC08P	3167.0	1497	0.07893906	Paratumor	P8	Fibroblasts	Fib_4	-6.0252947807312	2.94668555259705
GC08P:CATCCACAGTGCAAGC	GC08P	6150.0	2603	0.05804878	Paratumor	P8	Myofibroblasts	Myofibroblasts	-8.11222648620605	0.851959884166718
GC08P:CATCCACGTCCTCTTG	GC08P	2450.0	1059	0.22897959	Paratumor	P8	Fibroblasts	Fib_2	-5.04519271850586	9.31159019470215
GC08P:CATCGAAGTTCGTGAT	GC08P	2471.0	1203	0.062322944	Paratumor	P8	Endothelial cells	Endo_4	11.4218530654907	-7.04663848876953
GC08P:CATGCCTAGTTGAGTA	GC08P	7458.0	2814	0.118798606	Paratumor	P8	Fibroblasts	Fib_4	-10.1665468215942	3.09475183486938
GC08P:CATTCGCCAATGGATA	GC08P	6185.0	2362	0.059175424	Paratumor	P8	Fibroblasts	Fib_5	-11.1133365631104	2.6882512569427504
GC08P:CATTCGCGTCCTAGCG	GC08P	10752.0	3074	0.08389137	Paratumor	P8	Fibroblasts	Fib_5	-11.5811309814453	3.0169060230255096
GC08P:CCAATCCAGCCGCCTA	GC08P	9518.0	3150	0.09224627	Paratumor	P8	Fibroblasts	Fib_4	-7.8599648475647	2.66507029533386
GC08P:CCAATCCGTTACCGAT	GC08P	2199.0	1258	0.08594816	Paratumor	P8	Myofibroblasts	Myofibroblasts	-8.0035228729248	0.631025433540344
GC08P:CCACGGAAGTGGGCTA	GC08P	6388.0	2148	0.04774577	Paratumor	P8	Fibroblasts	Fib_5	-11.657919883728	2.86182618141174
GC08P:CCACGGACAGTACACT	GC08P	7907.0	2570	0.050841026	Paratumor	P8	Fibroblasts	Fib_5	-11.6407461166382	2.78443646430969
GC08P:CCACTACCACTTACGA	GC08P	11041.0	3235	0.044923466	Paratumor	P8	Endothelial cells	Endo_3	8.27717971801758	3.66712331771851
GC08P:CCACTACCAGTAGAGC	GC08P	3696.0	1651	0.18560606	Paratumor	P8	Fibroblasts	Fib_4	-6.29097175598145	2.0645298957824703
GC08P:CCAGCGAGTCTGCAAT	GC08P	6254.0	2410	0.043012474	Paratumor	P8	Fibroblasts	Fib_2	-5.658344268798831	9.78310871124268
GC08P:CCATTCGCACGTCAGC	GC08P	9204.0	2824	0.079965234	Paratumor	P8	Fibroblasts	Fib_5	-9.87301254272461	3.39737176895142
GC08P:CCATTCGTCTGTTGAG	GC08P	4184.0	1789	0.015057362	Paratumor	P8	Endothelial cells	Endo_4	11.859926223754899	-7.41359710693359
GC08P:CCCAGTTAGACCTTTG	GC08P	679.0	445	0.008836525	Paratumor	P8	Endothelial cells	Endo_1	9.510796546936039	-1.92814838886261
GC08P:CCCAGTTAGGACATTA	GC08P	1404.0	750	0.055555556	Paratumor	P8	Endothelial cells	Endo_1	9.66917896270752	0.9635408520698551
GC08P:CCCAGTTTCCAAGCCG	GC08P	4702.0	1721	0.104849	Paratumor	P8	Smooth muscle cells	SMC_2	-4.21323108673096	-13.2277212142944
GC08P:CCGGGATGTCTAGCCG	GC08P	10328.0	3188	0.05974051	Paratumor	P8	Fibroblasts	Fib_5	-11.0282592773438	3.2350037097930895
GC08P:CCGGGATTCAACACGT	GC08P	10228.0	3039	0.037543997	Paratumor	P8	Endothelial cells	Endo_3	8.72240161895752	3.8393754959106405
GC08P:CCGTACTTCTAACTCT	GC08P	6038.0	2149	0.07303743	Paratumor	P8	Smooth muscle cells	SMC_1	-2.56318378448486	-11.625537872314501
GC08P:CCGTTCAGTGATAAAC	GC08P	1975.0	1062	0.06379747	Paratumor	P8	Fibroblasts	Fib_4	-8.831000328063961	3.12137866020203
GC08P:CCGTTCAGTTCAGCGC	GC08P	8674.0	2721	0.05153332	Paratumor	P8	Fibroblasts	Fib_5	-11.4601764678955	2.7487998008727996
GC08P:CCTAAAGAGATCCTGT	GC08P	8772.0	2650	0.051641587	Paratumor	P8	Endothelial cells	Endo_3	9.92883205413818	2.04987335205078
GC08P:CCTACCATCTCTAAGG	GC08P	8214.0	2893	0.054784514	Paratumor	P8	Fibroblasts	Fib_4	-9.09249591827393	3.0399773120880096
GC08P:CCTAGCTGTCCAGTTA	GC08P	11397.0	3447	0.07054488	Paratumor	P8	Fibroblasts	Fib_4	-7.4865984916687	2.53398895263672
GC08P:CCTATTAAGAACTGTA	GC08P	1278.0	772	0.08841941	Paratumor	P8	Endothelial cells	Endo_2	8.56279563903809	-3.32025361061096
GC08P:CCTATTAAGCCCAGCT	GC08P	2316.0	1147	0.044905007	Paratumor	P8	Fibroblasts	Fib_2	-3.9742121696472203	9.71373271942139
GC08P:CCTCTGAAGAGTACAT	GC08P	12228.0	3741	0.067877	Paratumor	P8	Fibroblasts	Fib_5	-9.94884777069092	2.3702442646026602
GC08P:CCTCTGATCGTGGACC	GC08P	9752.0	3116	0.04942576	Paratumor	P8	Fibroblasts	Fib_5	-11.402005195617699	3.26258540153503
GC08P:CCTTCGAGTCAGAGGT	GC08P	3254.0	1527	0.054701906	Paratumor	P8	Fibroblasts	Fib_4	-6.90816783905029	2.76988554000854
GC08P:CCTTCGAGTCTGGTCG	GC08P	776.0	479	0.22293815	Paratumor	P8	Endothelial cells	Endo_1	10.719017028808599	-4.43819332122803
GC08P:CCTTCGATCAACACGT	GC08P	5733.0	2311	0.1268097	Paratumor	P8	Myofibroblasts	Myofibroblasts	-7.89689064025879	0.746964395046234
GC08P:CCTTTCTCAGATTGCT	GC08P	7427.0	2206	0.07001481	Paratumor	P8	Smooth muscle cells	SMC_2	-4.8000807762146	-12.6181058883667
GC08P:CCTTTCTCATGGAATA	GC08P	3960.0	1858	0.08383838	Paratumor	P8	Fibroblasts	Fib_2	-5.3099365234375	10.613582611084
GC08P:CGAATGTCAATGAATG	GC08P	2638.0	1351	0.07808946	Paratumor	P8	Fibroblasts	Fib_5	-10.7762136459351	2.9766478538513197
GC08P:CGACTTCTCTGCCAGG	GC08P	3738.0	1656	0.088550024	Paratumor	P8	Fibroblasts	Fib_4	-5.4921760559082005	2.27697348594666
GC08P:CGAGAAGTCAACGGGA	GC08P	2160.0	958	0.102314815	Paratumor	P8	Smooth muscle cells	SMC_1	-2.08683013916016	-11.235548973083501
GC08P:CGAGCCATCAGGATCT	GC08P	993.0	644	0.11178248	Paratumor	P8	Fibroblasts	Fib_3	-4.13516664505005	9.28300762176514
GC08P:CGATCGGCAGGATTGG	GC08P	6643.0	2346	0.05027849	Paratumor	P8	Fibroblasts	Fib_5	-11.2914371490479	3.12910342216492
GC08P:CGATGGCAGTGTGAAT	GC08P	9419.0	2938	0.05711859	Paratumor	P8	Endothelial cells	Endo_3	8.25656318664551	3.7549276351928698
GC08P:CGATGGCCAGTGACAG	GC08P	3046.0	1226	0.22291529	Paratumor	P8	Fibroblasts	Fib_2	-5.166749000549321	8.67615222930908
GC08P:CGATGTACAGCCACCA	GC08P	5212.0	2128	0.052379124	Paratumor	P8	Endothelial cells	Endo_2	8.43497371673584	-2.8240749835968
GC08P:CGCCAAGGTCTAGTCA	GC08P	9505.0	2797	0.044923723	Paratumor	P8	Endothelial cells	Endo_3	8.484339714050291	3.0548527240753196
GC08P:CGCTATCGTCGGGTCT	GC08P	8695.0	2966	0.047613572	Paratumor	P8	Fibroblasts	Fib_5	-10.440363883972198	3.02464699745178
GC08P:CGCTTCATCAGTACGT	GC08P	809.0	583	0.0074165636	Paratumor	P8	Endothelial cells	Endo_1	9.7268590927124	-1.50695729255676
GC08P:CGGACGTCACAACGCC	GC08P	3979.0	1670	0.15958783	Paratumor	P8	Fibroblasts	Fib_2	-6.012542724609379	8.53036212921143
GC08P:CGGAGCTCAACAACCT	GC08P	2046.0	1009	0.09481916	Paratumor	P8	Fibroblasts	Fib_2	-5.174232482910161	11.3030481338501
GC08P:CGGAGTCAGGCGATAC	GC08P	1629.0	742	0.19766729	Paratumor	P8	Fibroblasts	Fib_3	-4.48756742477417	4.73678970336914
GC08P:CGGAGTCGTTCGCGAC	GC08P	540.0	394	0.14814815	Paratumor	P8	Endothelial cells	Endo_1	10.1838350296021	-3.3700621128082298
GC08P:CGGCTAGCATGTTGAC	GC08P	7610.0	2229	0.2065703	Paratumor	P8	Endothelial cells	Endo_3	9.20041370391846	3.42781352996826
GC08P:CGGCTAGTCGAATGCT	GC08P	3594.0	1603	0.14385086	Paratumor	P8	Fibroblasts	Fib_2	-6.001685619354251	8.97692584991455
GC08P:CGGGTCAAGAGACGAA	GC08P	15682.0	3790	0.02965183	Paratumor	P8	Fibroblasts	Fib_5	-10.4162168502808	2.80155396461487
GC08P:CGGTTAACAGTACACT	GC08P	10771.0	3128	0.05143441	Paratumor	P8	Endothelial cells	Endo_3	9.95064926147461	1.7896696329116801
GC08P:CGGTTAATCGAGGTAG	GC08P	1397.0	528	0.22190408	Paratumor	P8	Fibroblasts	Fib_3	-3.93625545501709	5.95089340209961
GC08P:CGTAGGCAGTGACATA	GC08P	2072.0	1114	0.18243243	Paratumor	P8	Endothelial cells	Endo_3	10.911889076232901	1.78546965122223
GC08P:CGTAGGCCAGCGATCC	GC08P	5509.0	1653	0.18569614	Paratumor	P8	Endothelial cells	Endo_3	8.38787937164307	3.01388072967529
GC08P:CGTCAGGAGACAAAGG	GC08P	4128.0	1880	0.086482555	Paratumor	P8	Fibroblasts	Fib_4	-4.872585773468019	2.4105005264282204
GC08P:CGTCAGGAGATCGATA	GC08P	3670.0	1659	0.07820164	Paratumor	P8	Fibroblasts	Fib_4	-5.854867458343509	2.35495233535767
GC08P:CGTCAGGCATGGAATA	GC08P	5327.0	2059	0.08616482	Paratumor	P8	Fibroblasts	Fib_4	-9.00028610229492	3.0839872360229506
GC08P:CGTCCATTCATGGTCA	GC08P	7218.0	2565	0.07896924	Paratumor	P8	Smooth muscle cells	SMC_2	-4.68595266342163	-13.0386610031128
GC08P:CGTGAGCGTTAAGTAG	GC08P	12123.0	3608	0.04041904	Paratumor	P8	Fibroblasts	Fib_2	-5.39015865325928	8.916727066040039
GC08P:CGTGAGCTCAATCACG	GC08P	2474.0	1200	0.08286176	Paratumor	P8	Fibroblasts	Fib_2	-4.93242835998535	10.5142107009888
GC08P:CGTGTAATCTGAAAGA	GC08P	1987.0	833	0.1348767	Paratumor	P8	Fibroblasts	Fib_4	-10.2949085235596	3.3836703300476096
GC08P:CGTGTCTAGTGTTGAA	GC08P	8759.0	2780	0.047379836	Paratumor	P8	Fibroblasts	Fib_5	-11.5529432296753	3.0563745498657204
GC08P:CGTTCTGAGTTGAGTA	GC08P	7838.0	2644	0.14621077	Paratumor	P8	Endothelial cells	Endo_2	8.542385101318361	-3.83141684532166
GC08P:CGTTCTGTCTGTTGAG	GC08P	3435.0	1530	0.06259097	Paratumor	P8	Fibroblasts	Fib_2	-4.556829929351809	10.6036252975464
GC08P:CGTTGGGGTAGGCATG	GC08P	1087.0	596	0.24103037	Paratumor	P8	Fibroblasts	Fib_3	-4.64933109283447	9.432699203491211
GC08P:CTAATGGAGGCAGTCA	GC08P	1445.0	706	0.2152249	Paratumor	P8	Fibroblasts	Fib_3	-5.627465724945071	4.36599683761597
GC08P:CTACGTCTCGACAGCC	GC08P	1764.0	1044	0.07482993	Paratumor	P8	Myofibroblasts	Myofibroblasts	-8.57686424255371	0.50721001625061
GC08P:CTAGAGTCAAGGTTTC	GC08P	4956.0	1968	0.035310734	Paratumor	P8	Fibroblasts	Fib_1	-6.646615505218509	5.73094034194946
GC08P:CTAGAGTCACCAACCG	GC08P	1556.0	722	0.09318766	Paratumor	P8	Fibroblasts	Fib_3	-3.5124058723449703	7.02119922637939
GC08P:CTAGCCTGTTTAAGCC	GC08P	4590.0	1809	0.031154685	Paratumor	P8	Endothelial cells	Endo_3	9.96511936187744	2.64854645729065
GC08P:CTAGCCTTCACTATTC	GC08P	7500.0	2657	0.0548	Paratumor	P8	Fibroblasts	Fib_4	-9.499349594116211	3.0328824520111097
GC08P:CTAGTGACAACAACCT	GC08P	4270.0	1888	0.095784545	Paratumor	P8	Smooth muscle cells	SMC_1	-2.06678366661072	-11.2719278335571
GC08P:CTAGTGACAGGGAGAG	GC08P	6067.0	2126	0.060491182	Paratumor	P8	Fibroblasts	Fib_4	-5.33229446411133	2.82711434364319
GC08P:CTCACACTCGACCAGC	GC08P	2634.0	1394	0.08314351	Paratumor	P8	Smooth muscle cells	SMC_1	-0.61458146572113	-12.519793510437
GC08P:CTCAGAAGTTCGCGAC	GC08P	13222.0	3254	0.068144	Paratumor	P8	Endothelial cells	Endo_3	8.65223121643066	2.5188539028167702
GC08P:CTCAGAATCAACGAAA	GC08P	5835.0	1977	0.073350474	Paratumor	P8	Smooth muscle cells	SMC_1	0.48486801981926003	-12.3342790603638
GC08P:CTCAGAATCCGATATG	GC08P	6723.0	2699	0.05949725	Paratumor	P8	Endothelial cells	Endo_2	8.67744922637939	-2.4163801670074503
GC08P:CTCATTAAGGTGCAAC	GC08P	2018.0	919	0.07433102	Paratumor	P8	Fibroblasts	Fib_4	-7.55277919769287	3.3019247055053698
GC08P:CTCATTACAATTGCTG	GC08P	2993.0	1168	0.27497494	Paratumor	P8	Fibroblasts	Fib_3	-4.50409412384033	8.65730571746826
GC08P:CTCCTAGAGGCCATAG	GC08P	6402.0	2469	0.061074663	Paratumor	P8	Endothelial cells	Endo_3	8.66021347045898	3.98481631278992
GC08P:CTCCTAGGTCTCTCGT	GC08P	1464.0	799	0.015027323	Paratumor	P8	Fibroblasts	Fib_4	-9.62741470336914	3.1947052478790297
GC08P:CTCGGAGAGGCTCATT	GC08P	858.0	548	0.11888112	Paratumor	P8	Endothelial cells	Endo_1	10.0587692260742	-2.96251225471497
GC08P:CTCGGGATCTGCCAGG	GC08P	8677.0	2745	0.026967846	Paratumor	P8	Fibroblasts	Fib_2	-5.565359592437741	8.56128978729248
GC08P:CTCGTCACAAGTTAAG	GC08P	6261.0	2524	0.116275355	Paratumor	P8	Myofibroblasts	Myofibroblasts	-7.59992790222168	0.96483039855957
GC08P:CTCGTCATCCTTGACC	GC08P	9096.0	2816	0.046943713	Paratumor	P8	Endothelial cells	Endo_3	8.139158248901369	3.5025758743286097
GC08P:CTCGTCATCTTACCTA	GC08P	2415.0	1209	0.11966874	Paratumor	P8	Fibroblasts	Fib_4	-9.18102645874023	2.9477391242980997
GC08P:CTGATCCGTGCCTGCA	GC08P	5842.0	2149	0.08370421	Paratumor	P8	Endothelial cells	Endo_3	8.62379837036133	2.92429423332214
GC08P:CTGCCTAGTCTGGTCG	GC08P	6259.0	2704	0.043617193	Paratumor	P8	Myofibroblasts	Myofibroblasts	-7.9783148765564	0.7160872220993041
GC08P:CTGCGGATCATTATCC	GC08P	933.0	472	0.08145767	Paratumor	P8	Smooth muscle cells	SMC_2	-3.72303295135498	-12.025710105896001
GC08P:CTGTGCTCAATCGAAA	GC08P	5404.0	2050	0.07216877	Paratumor	P8	Fibroblasts	Fib_2	-4.71315383911133	10.952763557434098
GC08P:CTGTTTAGTATTAGCC	GC08P	5918.0	2321	0.110510305	Paratumor	P8	Endothelial cells	Endo_3	10.2596378326416	3.1135277748107897
GC08P:CTTAACTAGATGGGTC	GC08P	2860.0	1391	0.10314685	Paratumor	P8	Fibroblasts	Fib_4	-7.29396486282349	2.51255655288696
GC08P:CTTACCGCAGTACACT	GC08P	1891.0	907	0.20359598	Paratumor	P8	Fibroblasts	Fib_4	-5.0401329994201705	3.19516348838806
GC08P:CTTAGGAGTTGAACTC	GC08P	4114.0	1690	0.089693725	Paratumor	P8	Fibroblasts	Fib_5	-11.1648921966553	2.55213689804077
GC08P:CTTAGGATCGGCGCAT	GC08P	6039.0	2276	0.037092235	Paratumor	P8	Endothelial cells	Endo_3	10.286416053772	1.16757130622864
GC08P:CTTGGCTGTCACACGC	GC08P	1084.0	623	0.17250922	Paratumor	P8	Endothelial cells	Endo_1	9.73108673095703	1.05152320861816
GC08P:CTTGGCTTCCGCGCAA	GC08P	4855.0	1814	0.053759012	Paratumor	P8	Endothelial cells	Endo_2	7.7677297592163095	-3.19942307472229
GC08P:CTTTGCGGTATATGAG	GC08P	4238.0	1695	0.13496932	Paratumor	P8	Endothelial cells	Endo_4	11.5570764541626	-6.68981838226318
GC08P:GAAACTCGTAAGGGCT	GC08P	8680.0	2705	0.04907834	Paratumor	P8	Endothelial cells	Endo_3	8.18556499481201	3.4320502281189
GC08P:GAAACTCGTCATACTG	GC08P	3158.0	1673	0.054781508	Paratumor	P8	Fibroblasts	Fib_2	-5.02382612228394	11.0029716491699
GC08P:GAACATCAGACACGAC	GC08P	5634.0	1953	0.05342563	Paratumor	P8	Fibroblasts	Fib_2	-5.5619626045227095	8.539626121521
GC08P:GAACATCGTAGCGATG	GC08P	9592.0	2983	0.041909926	Paratumor	P8	Endothelial cells	Endo_3	8.21072387695312	3.7668685913085898
GC08P:GAACGGACACAGACAG	GC08P	2002.0	1056	0.04795205	Paratumor	P8	Fibroblasts	Fib_5	-9.49723529815674	3.00182127952576
GC08P:GAAGCAGTCTTTAGGG	GC08P	5977.0	1809	0.08181362	Paratumor	P8	Smooth muscle cells	SMC_2	-4.65835857391357	-12.224553108215302
GC08P:GAATAAGCAACGCACC	GC08P	8526.0	2637	0.06145907	Paratumor	P8	Endothelial cells	Endo_3	10.1340579986572	2.01246023178101
GC08P:GAATGAAGTTACCAGT	GC08P	3041.0	1188	0.11114765	Paratumor	P8	Fibroblasts	Fib_3	-3.65606951713562	7.451340675354
GC08P:GACACGCGTACCAGTT	GC08P	2406.0	1012	0.2319202	Paratumor	P8	Fibroblasts	Fib_4	-4.89859390258789	2.82911109924316
GC08P:GACCAATTCTAACTTC	GC08P	1989.0	923	0.1503268	Paratumor	P8	Fibroblasts	Fib_2	-4.5071702003479	9.2375602722168
GC08P:GACCTGGGTTGCGCAC	GC08P	5079.0	1779	0.092144124	Paratumor	P8	Smooth muscle cells	SMC_2	-4.497998237609861	-12.349463462829599
GC08P:GACGGCTAGTGGGCTA	GC08P	6641.0	2303	0.030868845	Paratumor	P8	Endothelial cells	Endo_3	8.408046722412111	3.25379776954651
GC08P:GACGGCTGTATAATGG	GC08P	2696.0	1403	0.06045994	Paratumor	P8	Fibroblasts	Fib_2	-3.65583944320679	9.65363693237305
GC08P:GACGTTAAGCTAACTC	GC08P	1682.0	926	0.07966706	Paratumor	P8	Fibroblasts	Fib_3	-3.67438673973083	9.036073684692381
GC08P:GACGTTAAGTGGCACA	GC08P	2662.0	1341	0.093538694	Paratumor	P8	Fibroblasts	Fib_4	-9.305304527282711	2.89611411094666
GC08P:GACTAACCAGGATTGG	GC08P	2046.0	898	0.25953078	Paratumor	P8	Fibroblasts	Fib_3	-4.31144618988037	8.17348384857178
GC08P:GACTACAAGACTAAGT	GC08P	8864.0	2721	0.05313628	Paratumor	P8	Fibroblasts	Fib_5	-11.331042289733901	2.96997618675232
GC08P:GACTACAAGGGAGTAA	GC08P	13854.0	3819	0.054424714	Paratumor	P8	Endothelial cells	Endo_2	8.086926460266112	-2.435298204422
GC08P:GACTACATCAGGTTCA	GC08P	6738.0	2345	0.07450282	Paratumor	P8	Fibroblasts	Fib_5	-10.580934524536099	3.50255060195923
GC08P:GACTGCGAGAGGACGG	GC08P	3489.0	1628	0.055889938	Paratumor	P8	Smooth muscle cells	SMC_1	-1.58942079544067	-10.863187789917
GC08P:GACTGCGCACAGACTT	GC08P	1710.0	991	0.15497077	Paratumor	P8	Smooth muscle cells	SMC_1	-1.68646192550659	-10.8473339080811
GC08P:GAGGTGAAGACTGTAA	GC08P	2253.0	1103	0.09098979	Paratumor	P8	Fibroblasts	Fib_3	-3.7053411006927504	7.36902141571045
GC08P:GAGGTGAAGGGATGGG	GC08P	1600.0	749	0.22875	Paratumor	P8	Fibroblasts	Fib_3	-5.28865242004395	4.29382801055908
GC08P:GATCAGTCAGCATACT	GC08P	10018.0	3141	0.06518267	Paratumor	P8	Fibroblasts	Fib_5	-11.1838827133179	3.13425612449646
GC08P:GATCGCGGTTCTGTTT	GC08P	3945.0	1656	0.14245881	Paratumor	P8	Myofibroblasts	Myofibroblasts	-8.086682319641112	1.26088726520538
GC08P:GATGAAAAGTAACCCT	GC08P	7947.0	2654	0.08946773	Paratumor	P8	Fibroblasts	Fib_5	-10.4470529556274	3.04872989654541
GC08P:GATGAAAAGTGTTAGA	GC08P	7982.0	2808	0.045477323	Paratumor	P8	Endothelial cells	Endo_2	8.34321403503418	-2.93124032020569
GC08P:GATGAAAGTAGAAAGG	GC08P	1683.0	927	0.26737967	Paratumor	P8	Myofibroblasts	Myofibroblasts	-8.35347175598145	0.495752483606339
GC08P:GATGAGGCATCGGTTA	GC08P	2768.0	1209	0.15643063	Paratumor	P8	Fibroblasts	Fib_2	-6.2234411239624	10.4290733337402
GC08P:GATGCTAGTTGGGACA	GC08P	1510.0	799	0.19205298	Paratumor	P8	Endothelial cells	Endo_4	12.113517761230499	-6.4838080406189
GC08P:GATTCAGGTGCAACTT	GC08P	6903.0	2290	0.04968854	Paratumor	P8	Fibroblasts	Fib_5	-11.530855178833	2.91302943229675
GC08P:GCAAACTAGAATGTGT	GC08P	6630.0	2684	0.02775264	Paratumor	P8	Endothelial cells	Endo_2	9.07458782196045	-3.6882758140564
GC08P:GCAAACTCATCGATGT	GC08P	8997.0	2772	0.051572748	Paratumor	P8	Smooth muscle cells	SMC_2	-4.669434547424321	-12.3194313049316
GC08P:GCAATCACATATACGC	GC08P	3863.0	1480	0.2562775	Paratumor	P8	Endothelial cells	Endo_2	8.53169250488281	-1.7686067819595301
GC08P:GCACATAAGCACGCCT	GC08P	4270.0	1939	0.059484776	Paratumor	P8	Fibroblasts	Fib_4	-8.132616996765138	2.7332918643951403
GC08P:GCACTCTGTTACGCGC	GC08P	6555.0	2454	0.06788711	Paratumor	P8	Fibroblasts	Fib_5	-11.079324722289998	2.5960485935211204
GC08P:GCAGTTACATCCGTGG	GC08P	5607.0	2061	0.06349207	Paratumor	P8	Fibroblasts	Fib_2	-4.77171468734741	10.615321159362802
GC08P:GCAGTTAGTGGACGAT	GC08P	1911.0	1035	0.111983255	Paratumor	P8	Fibroblasts	Fib_2	-4.94887161254883	10.5294227600098
GC08P:GCATACAAGGTGACCA	GC08P	9843.0	2378	0.04175556	Paratumor	P8	Smooth muscle cells	SMC_2	-4.6642951965332005	-12.526172637939501
GC08P:GCATACACATGATCCA	GC08P	3533.0	1131	0.12991792	Paratumor	P8	Fibroblasts	Fib_5	-11.7672758102417	2.8220806121826203
GC08P:GCATACATCACCTCGT	GC08P	10883.0	3146	0.034824956	Paratumor	P8	Endothelial cells	Endo_3	8.32509803771973	3.0961751937866198
GC08P:GCATGATGTCTTTCAT	GC08P	11848.0	3584	0.045577314	Paratumor	P8	Fibroblasts	Fib_5	-11.0992879867554	3.35985040664673
GC08P:GCATGATTCTCAAGTG	GC08P	2848.0	1442	0.052317414	Paratumor	P8	Endothelial cells	Endo_2	9.08661842346191	-4.044752120971681
GC08P:GCATGCGAGATCCTGT	GC08P	4192.0	1897	0.17056298	Paratumor	P8	Smooth muscle cells	SMC_1	0.138777881860733	-10.8993978500366
GC08P:GCATGTAAGTGTACTC	GC08P	7495.0	2481	0.09793195	Paratumor	P8	Fibroblasts	Fib_5	-10.4459867477417	3.3761820793151895
GC08P:GCCTCTAGTAAATGAC	GC08P	4278.0	1807	0.002337541	Paratumor	P8	Fibroblasts	Fib_5	-11.079009056091301	2.9831106662750204
GC08P:GCGACCATCATCACCC	GC08P	841.0	384	0.24970274	Paratumor	P8	Fibroblasts	Fib_3	-3.64291763305664	7.311959743499759
GC08P:GCGACCATCTTTAGGG	GC08P	2332.0	1202	0.108490564	Paratumor	P8	Fibroblasts	Fib_5	-10.6942300796509	2.68095254898071
GC08P:GCGCAGTAGTACGCCC	GC08P	634.0	385	0.23817034	Paratumor	P8	Endothelial cells	Endo_1	9.976176261901859	0.0754145309329033
GC08P:GCGCAGTCACCGTTGG	GC08P	8073.0	2658	0.028861638	Paratumor	P8	Fibroblasts	Fib_4	-4.912646293640139	2.33082747459412
GC08P:GCGCCAAAGATCCCAT	GC08P	6302.0	2117	0.086639166	Paratumor	P8	Endothelial cells	Endo_3	8.62923336029053	3.0144197940826403
GC08P:GCGCGATAGGCGTACA	GC08P	2723.0	1305	0.095115684	Paratumor	P8	Endothelial cells	Endo_4	12.2610177993774	-6.59292268753052
GC08P:GCGCGATTCTGCCAGG	GC08P	5943.0	2344	0.053676594	Paratumor	P8	Endothelial cells	Endo_3	10.4632320404053	2.4314608573913596
GC08P:GCTCTGTGTTCCAACA	GC08P	11094.0	2976	0.05020732	Paratumor	P8	Smooth muscle cells	SMC_2	-4.789538383483889	-12.363990783691401
GC08P:GCTGCTTTCTTCTGGC	GC08P	12025.0	2943	0.28066528	Paratumor	P8	Endothelial cells	Endo_3	8.740918159484862	3.3756721019744904
GC08P:GCTGGGTAGGTAGCCA	GC08P	10852.0	3562	0.038794693	Paratumor	P8	Endothelial cells	Endo_3	10.5200147628784	2.4566535949707
GC08P:GCTGGGTAGGTGCACA	GC08P	4700.0	2209	0.105531916	Paratumor	P8	Myofibroblasts	Myofibroblasts	-8.23981666564941	0.6783941388130191
GC08P:GCTGGGTGTACAGTTC	GC08P	5033.0	2298	0.029207231	Paratumor	P8	Fibroblasts	Fib_2	-5.270377159118651	11.312376022338901
GC08P:GCTGGGTTCAGTTCGA	GC08P	11729.0	3110	0.063432515	Paratumor	P8	Smooth muscle cells	SMC_2	-4.90441656112671	-12.6118173599243
GC08P:GCTGGGTTCGTGGGAA	GC08P	5902.0	2735	0.038292103	Paratumor	P8	Fibroblasts	Fib_2	-4.84308052062988	10.8290491104126
GC08P:GGAAAGCAGGTGGGTT	GC08P	10604.0	3038	0.17229347	Paratumor	P8	Smooth muscle cells	SMC_2	-3.3138058185577406	-13.7327013015747
GC08P:GGAAAGCTCATGTCTT	GC08P	7375.0	2412	0.03281356	Paratumor	P8	Endothelial cells	Endo_3	8.633358955383299	3.22961831092834
GC08P:GGAAAGCTCTGTCCGT	GC08P	2136.0	1169	0.053370785	Paratumor	P8	Smooth muscle cells	SMC_1	0.44719004631042497	-10.7092418670654
GC08P:GGAACTTGTAAGCACG	GC08P	8931.0	2673	0.070876725	Paratumor	P8	Endothelial cells	Endo_3	9.80461120605469	1.930291056633
GC08P:GGAGCAAGTCTACCTC	GC08P	5081.0	2103	0.07006495	Paratumor	P8	Smooth muscle cells	SMC_1	-2.02965044975281	-11.253185272216802
GC08P:GGATGTTCACCCAGTG	GC08P	2190.0	1042	0.19497716	Paratumor	P8	Fibroblasts	Fib_4	-7.9169597625732395	2.67353773117065
GC08P:GGATGTTCATATACGC	GC08P	2544.0	1231	0.0990566	Paratumor	P8	Fibroblasts	Fib_4	-8.640932083129881	2.8581788539886497
GC08P:GGATTACGTGTAAGTA	GC08P	3515.0	1633	0.029587483	Paratumor	P8	Endothelial cells	Endo_4	12.040326118469201	-6.8311481475830105
GC08P:GGCAATTTCACGATGT	GC08P	7722.0	2855	0.05788656	Paratumor	P8	Fibroblasts	Fib_5	-11.357303619384801	2.63487100601196
GC08P:GGCAATTTCAGCGATT	GC08P	4344.0	1369	0.12177716	Paratumor	P8	Fibroblasts	Fib_5	-10.9302644729614	3.0370070934295694
GC08P:GGCCGATAGCTACCGC	GC08P	4820.0	1959	0.05186722	Paratumor	P8	Smooth muscle cells	SMC_1	0.877438724040985	-11.7635650634766
GC08P:GGCCGATAGCTAGCCC	GC08P	6403.0	2090	0.039044198	Paratumor	P8	Endothelial cells	Endo_3	8.503087043762209	3.21227049827576
GC08P:GGCCGATAGTTAGGTA	GC08P	6720.0	2408	0.056845237	Paratumor	P8	Fibroblasts	Fib_5	-11.1341991424561	2.70224356651306
GC08P:GGCTCGACATCTCCCA	GC08P	2893.0	1287	0.11994469	Paratumor	P8	Fibroblasts	Fib_4	-5.53334760665894	1.7754694223403897
GC08P:GGCTGGTGTAGGCTGA	GC08P	4807.0	2021	0.091533184	Paratumor	P8	Fibroblasts	Fib_4	-9.25396633148193	2.9750983715057404
GC08P:GGGACCTCATCCCACT	GC08P	2886.0	1429	0.06618156	Paratumor	P8	Fibroblasts	Fib_2	-4.8505654335022	10.4727602005005
GC08P:GGGACCTTCTTGCATT	GC08P	2068.0	926	0.22195359	Paratumor	P8	Fibroblasts	Fib_3	-3.8942461013793905	7.413174629211429
GC08P:GGGATGACACGACTCG	GC08P	6049.0	2024	0.08216234	Paratumor	P8	Fibroblasts	Fib_5	-11.511482238769501	2.70366764068604
GC08P:GGGCATCAGGCCCGTT	GC08P	9446.0	2960	0.028054202	Paratumor	P8	Fibroblasts	Fib_5	-11.211794853210401	3.0724904537200897
GC08P:GGGTTGCGTATCACCA	GC08P	1847.0	861	0.2046562	Paratumor	P8	Myofibroblasts	Myofibroblasts	-8.54204750061035	0.467485755681992
GC08P:GGGTTGCTCCGAGCCA	GC08P	2290.0	1107	0.119650654	Paratumor	P8	Smooth muscle cells	SMC_1	-2.14445304870605	-13.1912479400635
GC08P:GGTGCGTTCGACCAGC	GC08P	4642.0	1776	0.053209823	Paratumor	P8	Fibroblasts	Fib_2	-4.759041786193849	10.4354991912842
GC08P:GGTGTTACACGTGAGA	GC08P	9757.0	2753	0.08629702	Paratumor	P8	Endothelial cells	Endo_3	9.535529136657711	2.34846806526184
GC08P:GTAACGTTCTAACTGG	GC08P	5046.0	1923	0.0895759	Paratumor	P8	Fibroblasts	Fib_4	-5.47152948379517	1.8170770406723002
GC08P:GTAACTGGTTTACTCT	GC08P	10205.0	3202	0.047819696	Paratumor	P8	Fibroblasts	Fib_5	-11.276572227478	3.3623332977294904
GC08P:GTACGTAGTATTCGTG	GC08P	9632.0	2955	0.06862541	Paratumor	P8	Fibroblasts	Fib_5	-10.7295026779175	3.61385679244995
GC08P:GTACTCCCAAGCCGCT	GC08P	4527.0	1656	0.054561518	Paratumor	P8	Endothelial cells	Endo_1	9.540304183959961	1.21521055698395
GC08P:GTAGGCCTCTTCATGT	GC08P	1561.0	900	0.003203075	Paratumor	P8	Endothelial cells	Endo_1	9.54279136657715	-1.8831946849823
GC08P:GTATCTTAGACACGAC	GC08P	9938.0	2922	0.057154357	Paratumor	P8	Fibroblasts	Fib_5	-10.8445520401001	3.6535482406616198
GC08P:GTATTCTTCGAGAGCA	GC08P	9413.0	2968	0.098162115	Paratumor	P8	Fibroblasts	Fib_5	-11.143977165222198	3.12684202194214
GC08P:GTCAAGTTCTGAAAGA	GC08P	9009.0	2688	0.051615052	Paratumor	P8	Endothelial cells	Endo_3	8.32195091247559	3.3222644329071005
GC08P:GTCACAACACACCGCA	GC08P	3564.0	1592	0.042087544	Paratumor	P8	Fibroblasts	Fib_2	-4.18438816070557	10.628378868103
GC08P:GTCACGGGTTCAGTAC	GC08P	2407.0	1353	0.02617366	Paratumor	P8	Fibroblasts	Fib_2	-5.199591159820559	10.9262075424194
GC08P:GTCATTTAGTGAACGC	GC08P	2047.0	1005	0.20664386	Paratumor	P8	Smooth muscle cells	SMC_1	-1.51064336299896	-10.6909132003784
GC08P:GTCATTTTCAAACGGG	GC08P	5277.0	1978	0.059124503	Paratumor	P8	Fibroblasts	Fib_2	-5.119507789611821	9.09888076782227
GC08P:GTCCTCAAGACTCGGA	GC08P	9538.0	2560	0.077479556	Paratumor	P8	Smooth muscle cells	SMC_2	-4.93293142318726	-12.650291442871099
GC08P:GTCGGGTAGATATGGT	GC08P	4175.0	2038	0.07760479	Paratumor	P8	Myofibroblasts	Myofibroblasts	-7.8314704895019505	0.631297707557678
GC08P:GTCGGGTAGCTTTGGT	GC08P	3542.0	1561	0.06691135	Paratumor	P8	Fibroblasts	Fib_4	-8.64596652984619	2.93304944038391
GC08P:GTCGGGTTCTCGTTTA	GC08P	4838.0	1796	0.1167838	Paratumor	P8	Fibroblasts	Fib_4	-9.00662517547607	3.19769549369812
GC08P:GTCGTAAGTTGGAGGT	GC08P	9571.0	2795	0.08034688	Paratumor	P8	Fibroblasts	Fib_5	-10.8838043212891	3.2210023403167702
GC08P:GTCTCGTGTTGTGGAG	GC08P	3488.0	1297	0.047305048	Paratumor	P8	Smooth muscle cells	SMC_2	-4.2722287178039595	-12.4619626998901
GC08P:GTCTTCGAGACTTTCG	GC08P	5783.0	2265	0.047034413	Paratumor	P8	Endothelial cells	Endo_2	8.33434009552002	-1.96807324886322
GC08P:GTCTTCGAGTACGTAA	GC08P	1731.0	1041	0.09127672	Paratumor	P8	Myofibroblasts	Myofibroblasts	-8.29581260681152	0.492381185293198
GC08P:GTGCGGTGTCCTCTTG	GC08P	4338.0	1849	0.064084835	Paratumor	P8	Smooth muscle cells	SMC_1	-2.32912278175354	-11.6154041290283
GC08P:GTGCGGTGTGTAAGTA	GC08P	1989.0	887	0.07239819	Paratumor	P8	Fibroblasts	Fib_5	-9.52746200561523	2.7054135799408
GC08P:GTGTGCGGTGGGTATG	GC08P	4786.0	1405	0.25720853	Paratumor	P8	Smooth muscle cells	SMC_2	-4.5832576751709	-13.140215873718299
GC08P:GTGTGCGTCTTGTATC	GC08P	9462.0	2658	0.09955612	Paratumor	P8	Fibroblasts	Fib_5	-11.259706497192399	3.47002720832825
GC08P:GTTAAGCCAGTTAACC	GC08P	11655.0	3282	0.05070785	Paratumor	P8	Fibroblasts	Fib_5	-10.7518720626831	3.7255997657775897
GC08P:GTTACAGTCGCATGAT	GC08P	4068.0	1663	0.084562436	Paratumor	P8	Fibroblasts	Fib_2	-3.7788310050964395	9.79516983032227
GC08P:GTTCATTAGGTGTGGT	GC08P	5933.0	2312	0.062531605	Paratumor	P8	Fibroblasts	Fib_4	-9.34843158721924	3.22618937492371
GC08P:TAAACCGGTTACAGAA	GC08P	3728.0	1618	0.04479614	Paratumor	P8	Endothelial cells	Endo_2	8.06498146057129	-3.44787859916687
GC08P:TAAGAGAAGATCGATA	GC08P	8359.0	2440	0.06424213	Paratumor	P8	Endothelial cells	Endo_3	8.3564395904541	2.86124682426453
GC08P:TAAGCGTAGCAGGCTA	GC08P	1578.0	788	0.14321926	Paratumor	P8	Myofibroblasts	Myofibroblasts	-8.55086231231689	5.890559196472171
GC08P:TAAGCGTCACCATCCT	GC08P	758.0	338	0.25461742	Paratumor	P8	Fibroblasts	Fib_3	-3.5364966392517103	6.695969104766849
GC08P:TAAGCGTGTGCTAGCC	GC08P	6257.0	2223	0.061371263	Paratumor	P8	Fibroblasts	Fib_5	-11.1798629760742	2.7969498634338397
GC08P:TAAGTGCGTCCGAACC	GC08P	4036.0	1425	0.081268586	Paratumor	P8	Fibroblasts	Fib_4	-8.70115852355957	3.06867241859436
GC08P:TACACGAAGAGAGCTC	GC08P	988.0	440	0.23785426	Paratumor	P8	Fibroblasts	Fib_3	-3.88420796394348	7.9460759162902805
GC08P:TACACGACACATCCGG	GC08P	9813.0	3140	0.034036484	Paratumor	P8	Endothelial cells	Endo_3	10.017411231994599	0.9448645710945129
GC08P:TACCTTATCTTGTATC	GC08P	11083.0	3344	0.045204367	Paratumor	P8	Endothelial cells	Endo_3	8.167514801025389	3.61045551300049
GC08P:TACGGATCACTAAGTC	GC08P	4048.0	1822	0.11215415	Paratumor	P8	Fibroblasts	Fib_2	-5.803062915801999	9.41678237915039
GC08P:TACGGGCTCTGCTGCT	GC08P	7721.0	2520	0.041445408	Paratumor	P8	Endothelial cells	Endo_3	8.59682655334473	3.40536737442017
GC08P:TACGGTATCACGCGGT	GC08P	8303.0	2586	0.03673371	Paratumor	P8	Endothelial cells	Endo_3	10.044913291931199	2.07101488113403
GC08P:TACTCATAGGCCATAG	GC08P	10930.0	3369	0.060750227	Paratumor	P8	Fibroblasts	Fib_5	-11.1684885025024	3.3319492340087904
GC08P:TACTCGCAGTAATCCC	GC08P	5634.0	2011	0.11022364	Paratumor	P8	Fibroblasts	Fib_2	-3.77124834060669	10.4959192276001
GC08P:TACTCGCAGTATCGAA	GC08P	7423.0	2492	0.10049845	Paratumor	P8	Smooth muscle cells	SMC_2	-3.7784731388092	-13.716178894042999
GC08P:TACTTACAGGTGATAT	GC08P	12919.0	3840	0.05936992	Paratumor	P8	Fibroblasts	Fib_5	-11.056224822997999	3.08141016960144
GC08P:TAGACCAGTACCATCA	GC08P	4479.0	1693	0.1406564	Paratumor	P8	Fibroblasts	Fib_2	-4.63499593734741	10.163498878479
GC08P:TAGCCGGAGTAATCCC	GC08P	3496.0	1523	0.05778032	Paratumor	P8	Smooth muscle cells	SMC_1	-1.7336643934249898	-10.898060798645
GC08P:TAGCCGGCAAATTGCC	GC08P	6141.0	2017	0.07034685	Paratumor	P8	Fibroblasts	Fib_4	-8.71605396270752	3.06898164749146
GC08P:TAGGCATTCCGTCAAA	GC08P	1001.0	533	0.1988012	Paratumor	P8	Smooth muscle cells	SMC_1	-0.8047046065330509	-9.59034442901611
GC08P:TAGGCATTCTTACCGC	GC08P	7596.0	2523	0.054239072	Paratumor	P8	Endothelial cells	Endo_3	9.93163204193115	2.14371919631958
GC08P:TAGTGGTGTGCCTTGG	GC08P	8041.0	2671	0.0545952	Paratumor	P8	Fibroblasts	Fib_4	-9.05254554748535	3.09300780296326
GC08P:TAGTTGGAGACGCTTT	GC08P	2244.0	1369	0.05124777	Paratumor	P8	Myofibroblasts	Myofibroblasts	-7.895733833312991	0.593305945396423
GC08P:TATCAGGCAGCCTATA	GC08P	3734.0	1564	0.063203	Paratumor	P8	Fibroblasts	Fib_2	-3.7784285545349103	9.7984037399292
GC08P:TATGCCCAGAAACCTA	GC08P	9042.0	2953	0.08239327	Paratumor	P8	Smooth muscle cells	SMC_1	-2.60644674301147	-13.4749603271484
GC08P:TATTACCGTGTTTGGT	GC08P	4050.0	1779	0.07703704	Paratumor	P8	Smooth muscle cells	SMC_1	-1.76909291744232	-10.9685754776001
GC08P:TCACAAGAGAAGAAGC	GC08P	10589.0	2816	0.22580037	Paratumor	P8	Fibroblasts	Fib_5	-9.43937301635742	3.2418639659881605
GC08P:TCACAAGCAAGGTTTC	GC08P	776.0	517	0.016752576	Paratumor	P8	Endothelial cells	Endo_1	9.707357406616211	-1.48769664764404
GC08P:TCACAAGTCCTCATTA	GC08P	947.0	456	0.22280887	Paratumor	P8	Fibroblasts	Fib_3	-4.72556495666504	4.81030607223511
GC08P:TCAGCTCCATGTAAGA	GC08P	1187.0	701	0.07750632	Paratumor	P8	Fibroblasts	Fib_3	-3.57657194137573	8.92404937744141
GC08P:TCAGGATCAGTAAGAT	GC08P	2429.0	1260	0.26183614	Paratumor	P8	Myofibroblasts	Myofibroblasts	-7.82710886001587	0.430144995450974
GC08P:TCAGGTACAATCGGTT	GC08P	11210.0	3208	0.06387154	Paratumor	P8	Fibroblasts	Fib_5	-11.3987369537354	3.08871841430664
GC08P:TCAGGTATCGCATGAT	GC08P	4802.0	2013	0.029154519	Paratumor	P8	Endothelial cells	Endo_4	11.9474458694458	-6.977482795715329
GC08P:TCATTACAGTGTCCAT	GC08P	9637.0	3148	0.03963889	Paratumor	P8	Fibroblasts	Fib_4	-7.88880920410156	2.6875374317169203
GC08P:TCATTTGAGGCAGGTT	GC08P	10116.0	2968	0.049920917	Paratumor	P8	Fibroblasts	Fib_5	-11.337188720703098	2.89952850341797
GC08P:TCATTTGCATATACGC	GC08P	7748.0	2666	0.037041817	Paratumor	P8	Fibroblasts	Fib_5	-11.5064916610718	3.0438835620880096
GC08P:TCATTTGGTTCCGGCA	GC08P	2893.0	1093	0.07673695	Paratumor	P8	Fibroblasts	Fib_4	-7.310663223266599	2.8633055686950697
GC08P:TCCACACCACGTTGGC	GC08P	4786.0	2051	0.08900961	Paratumor	P8	Endothelial cells	Endo_4	11.958552360534698	-7.2807321548461905
GC08P:TCCACACTCTGTGCAA	GC08P	3937.0	1788	0.082804166	Paratumor	P8	Fibroblasts	Fib_4	-5.442003726959231	2.78932070732117
GC08P:TCGCGAGTCATTGCGA	GC08P	3031.0	1608	0.05674695	Paratumor	P8	Myofibroblasts	Myofibroblasts	-7.84999418258667	0.49852967262268105
GC08P:TCTATTGTCGCAAACT	GC08P	1407.0	706	0.11940298	Paratumor	P8	Fibroblasts	Fib_3	-3.4528391361236603	7.06046056747437
GC08P:TCTCATAAGCCCGAAA	GC08P	2306.0	1234	0.07241978	Paratumor	P8	Fibroblasts	Fib_2	-4.4655046463012695	10.355508804321301
GC08P:TCTCATAGTAAGAGAG	GC08P	9290.0	3067	0.043595262	Paratumor	P8	Endothelial cells	Endo_3	10.261964797973599	2.2384922504425
GC08P:TCTCATATCCACGACG	GC08P	8954.0	2839	0.046459682	Paratumor	P8	Fibroblasts	Fib_5	-11.2621755599976	3.32970261573792
GC08P:TCTCTAATCCCTCAGT	GC08P	1472.0	729	0.22826087	Paratumor	P8	Myofibroblasts	Myofibroblasts	-8.49698066711426	0.360130369663239
GC08P:TCTGAGACAAACAACA	GC08P	4507.0	2042	0.08253828	Paratumor	P8	Fibroblasts	Fib_4	-7.906081199646	2.6757776737213104
GC08P:TCTGAGACATTCACTT	GC08P	5728.0	2393	0.04347067	Paratumor	P8	Endothelial cells	Endo_4	11.992297172546401	-6.785675048828121
GC08P:TCTGAGATCGTGTAGT	GC08P	1493.0	704	0.10314802	Paratumor	P8	Fibroblasts	Fib_4	-7.06428337097168	3.3768291473388703
GC08P:TCTGAGATCTGTACGA	GC08P	8966.0	2909	0.058666073	Paratumor	P8	Endothelial cells	Endo_3	8.45048046112061	3.76203393936157
GC08P:TCTTCGGGTCCGTCAG	GC08P	11714.0	3377	0.07418474	Paratumor	P8	Smooth muscle cells	SMC_2	-3.24062943458557	-11.742420196533198
GC08P:TGAAAGAAGATCCTGT	GC08P	2600.0	1332	0.14423077	Paratumor	P8	Myofibroblasts	Myofibroblasts	-8.26229763031006	0.6904867887496949
GC08P:TGAAAGAGTAACGTTC	GC08P	3612.0	1515	0.065891474	Paratumor	P8	Fibroblasts	Fib_2	-4.3078284263610795	9.29994297027588
GC08P:TGAAAGATCTTTAGGG	GC08P	3195.0	1269	0.12456964	Paratumor	P8	Fibroblasts	Fib_5	-10.105402946472198	3.07568573951721
GC08P:TGACGGCCATCGGACC	GC08P	3652.0	1387	0.059693318	Paratumor	P8	Fibroblasts	Fib_1	-7.61037158966064	6.4873332977294895
GC08P:TGACTTTCAGACAAAT	GC08P	10390.0	3175	0.067564964	Paratumor	P8	Endothelial cells	Endo_3	8.42060279846191	3.39506959915161
GC08P:TGAGCCGTCTTCGAGA	GC08P	8011.0	2512	0.07851704	Paratumor	P8	Smooth muscle cells	SMC_2	-4.042249202728271	-13.5089645385742
GC08P:TGAGGGAAGTGTACTC	GC08P	2410.0	1229	0.16970955	Paratumor	P8	Myofibroblasts	Myofibroblasts	-8.315966606140138	0.453565984964371
GC08P:TGATTTCTCTGGTGTA	GC08P	4449.0	1877	0.10856372	Paratumor	P8	Fibroblasts	Fib_4	-5.781371593475339	1.89678812026978
GC08P:TGCACCTGTCGCGAAA	GC08P	1422.0	711	0.13431786	Paratumor	P8	Fibroblasts	Fib_3	-3.9362952709198	5.93674039840698
GC08P:TGCCAAAAGAAGGCCT	GC08P	3020.0	1267	0.23543046	Paratumor	P8	Fibroblasts	Fib_4	-8.33981895446777	2.8688766956329306
GC08P:TGCCCTAGTATAATGG	GC08P	9005.0	3025	0.04019989	Paratumor	P8	Endothelial cells	Endo_3	8.62285804748535	3.7123637199401895
GC08P:TGCGCAGCATCGTCGG	GC08P	8725.0	2758	0.03426934	Paratumor	P8	Endothelial cells	Endo_3	8.65841865539551	2.86047625541687
GC08P:TGCTACCTCAAACCGT	GC08P	3518.0	1672	0.03979534	Paratumor	P8	Endothelial cells	Endo_4	12.0920734405518	-6.74737310409546
GC08P:TGGCGCAGTGCTCTTC	GC08P	5909.0	2145	0.041969877	Paratumor	P8	Fibroblasts	Fib_5	-10.6171178817749	3.4904859066009504
GC08P:TGGCTGGCAGTCCTTC	GC08P	2316.0	1018	0.21157168	Paratumor	P8	Fibroblasts	Fib_3	-4.80898523330688	4.1537036895752
GC08P:TGGTTAGCATAGTAAG	GC08P	5952.0	2543	0.05645161	Paratumor	P8	Endothelial cells	Endo_2	9.03415298461914	-1.24766266345978
GC08P:TGGTTCCTCACTTATC	GC08P	9596.0	2936	0.04981242	Paratumor	P8	Endothelial cells	Endo_3	8.25678062438965	3.45184946060181
GC08P:TGTATTCCACCTTGTC	GC08P	5093.0	1989	0.05870803	Paratumor	P8	Endothelial cells	Endo_3	9.04430866241455	3.70131731033325
GC08P:TGTTCCGTCGTGGGAA	GC08P	5920.0	2356	0.042905405	Paratumor	P8	Endothelial cells	Endo_3	9.00857543945312	3.77102828025818
GC08P:TTAACTCGTAGCGTAG	GC08P	3264.0	1486	0.080269605	Paratumor	P8	Fibroblasts	Fib_2	-4.29196977615356	10.0093088150024
GC08P:TTAGGACGTACAGACG	GC08P	11243.0	3168	0.06955439	Paratumor	P8	Fibroblasts	Fib_5	-10.747204780578599	3.65080833435059
GC08P:TTAGGACGTGTTCTTT	GC08P	8394.0	2543	0.04967834	Paratumor	P8	Fibroblasts	Fib_5	-10.6435012817383	3.44042873382568
GC08P:TTATGCTCACGGCCAT	GC08P	2100.0	1121	0.05142857	Paratumor	P8	Smooth muscle cells	SMC_1	-2.06290006637573	-11.2239933013916
GC08P:TTCCCAGTCAGGCAAG	GC08P	2806.0	1266	0.08766928	Paratumor	P8	Smooth muscle cells	SMC_1	-1.6737152338028	-10.8751058578491
GC08P:TTCGAAGAGCCGGTAA	GC08P	3170.0	1383	0.051735017	Paratumor	P8	Endothelial cells	Endo_2	7.883362293243411	-3.26272797584534
GC08P:TTCGGTCCACGCGAAA	GC08P	6722.0	2371	0.06039869	Paratumor	P8	Endothelial cells	Endo_3	8.98491954803467	2.8156785964965803
GC08P:TTCTACAAGGTAAACT	GC08P	2555.0	1387	0.009784736	Paratumor	P8	Endothelial cells	Endo_2	8.24485206604004	-3.33796858787537
GC08P:TTCTCAATCTTGAGGT	GC08P	9197.0	2684	0.06621724	Paratumor	P8	Smooth muscle cells	SMC_2	-4.81426334381104	-12.560988426208501
GC08P:TTCTCCTAGTGTCCCG	GC08P	2676.0	1254	0.259716	Paratumor	P8	Myofibroblasts	Myofibroblasts	-7.9318742752075195	0.500648260116577
GC08P:TTCTCCTCACGCATCG	GC08P	5605.0	2183	0.09313113	Paratumor	P8	Fibroblasts	Fib_4	-10.546217918396	2.8800945281982404
GC08P:TTGAACGGTGTATGGG	GC08P	7093.0	2442	0.04088538	Paratumor	P8	Endothelial cells	Endo_3	8.59458923339844	3.17084693908691
GC08P:TTGACTTCACTTACGA	GC08P	705.0	382	0.15177305	Paratumor	P8	Fibroblasts	Fib_3	-3.4322996139526403	6.67415475845337
GC08P:TTGACTTTCCCGGATG	GC08P	1002.0	559	0.29540917	Paratumor	P8	Myofibroblasts	Myofibroblasts	-8.49484157562256	0.370862185955048
GC08P:TTGCGTCAGCGCCTCA	GC08P	8729.0	2609	0.05235422	Paratumor	P8	Endothelial cells	Endo_3	9.961652755737301	2.10455203056335
GC08P:TTGCGTCCAATAGCAA	GC08P	8202.0	2625	0.036332604	Paratumor	P8	Endothelial cells	Endo_3	9.33175659179688	2.4930214881897004
GC08P:TTGCGTCCAATGTTGC	GC08P	5843.0	2436	0.05904501	Paratumor	P8	Fibroblasts	Fib_2	-4.30545902252197	10.8282032012939
GC08P:TTGGCAAAGACACTAA	GC08P	13797.0	3887	0.048488803	Paratumor	P8	Fibroblasts	Fib_1	-6.477896213531491	8.2420825958252
GC08P:TTGGCAAAGTCCGGTC	GC08P	1987.0	1088	0.1434323	Paratumor	P8	Myofibroblasts	Myofibroblasts	-8.35496616363525	0.494328022003174
GC08P:TTGGCAACAGGACGTA	GC08P	6394.0	2348	0.058179542	Paratumor	P8	Endothelial cells	Endo_2	7.89029884338379	-3.0414369106292702
GC08P:TTGTAGGTCATAGCAC	GC08P	8668.0	2867	0.043954775	Paratumor	P8	Fibroblasts	Fib_4	-8.96613693237305	3.1236782073974596
GC08P:TTTATGCAGGGTGTTG	GC08P	5797.0	2077	0.049508367	Paratumor	P8	Fibroblasts	Fib_5	-11.179602622985803	3.17742919921875
GC08P:TTTCCTCGTGGTACAG	GC08P	6594.0	2297	0.07476494	Paratumor	P8	Smooth muscle cells	SMC_2	-3.65758657455444	-13.3904762268066
GC08P:TTTGCGCAGCCTTGAT	GC08P	9848.0	2881	0.05168562	Paratumor	P8	Endothelial cells	Endo_3	8.336460113525389	3.21092629432678
GC08P:TTTGCGCGTCTTGTCC	GC08P	1000.0	594	0.045	Paratumor	P8	Fibroblasts	Fib_3	-3.49641060829163	8.76612758636475
GC08P:TTTGTCAAGAGAACAG	GC08P	1242.0	690	0.22141707	Paratumor	P8	Endothelial cells	Endo_1	10.7237014770508	-4.24830341339111
GC08P:TTTGTCAAGCTGTCTA	GC08P	1717.0	989	0.1508445	Paratumor	P8	Myofibroblasts	Myofibroblasts	-8.41346168518066	0.46864509582519503
GC08P:TTTGTCAAGGCAAAGA	GC08P	12234.0	3348	0.04601929	Paratumor	P8	Fibroblasts	Fib_5	-10.810696601867699	3.6543288230896
GC08P:TTTGTCACAACGCACC	GC08P	3749.0	1853	0.0776207	Paratumor	P8	Myofibroblasts	Myofibroblasts	-8.492550849914549	0.605044603347778
GC08T-S1:AAAGATGGTGTTTGTG	GC08T-S1	5643.0	2106	0.07602339	Tumor	P8	Smooth muscle cells	SMC_1	-0.279114454984665	-10.1902637481689
GC08T-S1:AAAGTAGCACATCCAA	GC08T-S1	5912.0	2526	0.08812585	Tumor	P8	Fibroblasts	Fib_2	-6.4112377166748	10.2361946105957
GC08T-S1:AAATGCCAGGCCCGTT	GC08T-S1	13956.0	3700	0.041845802	Tumor	P8	Fibroblasts	Fib_1	-7.0778980255127	7.75654411315918
GC08T-S1:AACACGTCATGTAAGA	GC08T-S1	2195.0	1242	0.097949885	Tumor	P8	Smooth muscle cells	SMC_1	-1.2305946350097698	-10.4052143096924
GC08T-S1:AACGTTGTCATCGATG	GC08T-S1	19869.0	4670	0.039257135	Tumor	P8	Fibroblasts	Fib_1	-6.689091682434079	6.51052093505859
GC08T-S1:AACTCAGAGCTCCCAG	GC08T-S1	1274.0	723	0.10361067	Tumor	P8	Fibroblasts	Fib_4	-6.39783430099487	2.96526384353638
GC08T-S1:AACTCAGAGTGTCCCG	GC08T-S1	10217.0	3052	0.03973769	Tumor	P8	Smooth muscle cells	SMC_1	1.16108727455139	-10.898005485534698
GC08T-S1:AACTCTTAGGGCTCTC	GC08T-S1	7564.0	2786	0.047329456	Tumor	P8	Endothelial cells	Endo_1	12.7780981063843	-0.982157707214355
GC08T-S1:AACTCTTCATACCATG	GC08T-S1	9450.0	3228	0.055449735	Tumor	P8	Endothelial cells	Endo_1	12.234081268310499	-4.19310903549194
GC08T-S1:AACTGGTGTACAGCAG	GC08T-S1	15140.0	3838	0.030581241	Tumor	P8	Fibroblasts	Fib_1	-7.81954431533813	8.21696281433105
GC08T-S1:AAGGCAGTCAGCTCTC	GC08T-S1	8210.0	2954	0.051644336	Tumor	P8	Fibroblasts	Fib_1	-7.34620571136475	8.33145904541016
GC08T-S1:AAGGTTCGTGAAATCA	GC08T-S1	13007.0	3669	0.03298224	Tumor	P8	Fibroblasts	Fib_2	-7.04375886917114	9.70138168334961
GC08T-S1:AAGGTTCGTGGCAAAC	GC08T-S1	1896.0	1082	0.10443038	Tumor	P8	Endothelial cells	Endo_1	10.740864753723098	1.02409791946411
GC08T-S1:AAGGTTCGTTTGGCGC	GC08T-S1	5372.0	2180	0.03685778	Tumor	P8	Smooth muscle cells	SMC_1	0.22931979596614802	-12.0703439712524
GC08T-S1:AAGTCTGGTTCTGGTA	GC08T-S1	5731.0	2145	0.05496423	Tumor	P8	Smooth muscle cells	SMC_1	0.0492328405380249	-12.451393127441401
GC08T-S1:AATCCAGGTCTAGGTT	GC08T-S1	5423.0	2232	0.05642633	Tumor	P8	Smooth muscle cells	SMC_1	-1.43753480911255	-13.1345958709717
GC08T-S1:AATCCAGTCGGACAAG	GC08T-S1	11337.0	3472	0.036341183	Tumor	P8	Fibroblasts	Fib_1	-7.02415657043457	9.148603439331051
GC08T-S1:ACACCAATCCACGTTC	GC08T-S1	7716.0	2731	0.07348367	Tumor	P8	Smooth muscle cells	SMC_1	-2.64610552787781	-13.2720327377319
GC08T-S1:ACACCCTCACGGCTAC	GC08T-S1	1092.0	558	0.28846154	Tumor	P8	Endothelial cells	Endo_1	11.277723312377901	-1.17086482048035
GC08T-S1:ACACTGACACTTAAGC	GC08T-S1	10035.0	3143	0.04803189	Tumor	P8	Endothelial cells	Endo_3	8.88391208648682	3.17345428466797
GC08T-S1:ACATCAGCATTTCACT	GC08T-S1	11205.0	3629	0.057385094	Tumor	P8	Endothelial cells	Endo_1	12.8326892852783	-0.571488559246063
GC08T-S1:ACATGGTAGCAGGCTA	GC08T-S1	7840.0	2946	0.040816326	Tumor	P8	Fibroblasts	Fib_1	-7.724370956420901	7.91295623779297
GC08T-S1:ACCCACTAGATATACG	GC08T-S1	18285.0	4541	0.051517636	Tumor	P8	Fibroblasts	Fib_1	-5.863811492919919	6.22025537490845
GC08T-S1:ACCCACTAGGACGAAA	GC08T-S1	5526.0	2396	0.032754254	Tumor	P8	Endothelial cells	Endo_2	8.99623203277588	-3.2358622550964395
GC08T-S1:ACCGTAAGTCGGCTCA	GC08T-S1	1286.0	750	0.057542767	Tumor	P8	Smooth muscle cells	SMC_1	-0.431271940469742	-11.0341339111328
GC08T-S1:ACCTTTACACGCGAAA	GC08T-S1	8865.0	2820	0.059785675	Tumor	P8	Endothelial cells	Endo_3	9.83151340484619	2.91983318328857
GC08T-S1:ACGAGCCCAGTTTACG	GC08T-S1	7829.0	2611	0.079703666	Tumor	P8	Smooth muscle cells	SMC_1	-2.63709688186646	-13.3290338516235
GC08T-S1:ACGCAGCGTCGATTGT	GC08T-S1	10984.0	3281	0.041970138	Tumor	P8	Smooth muscle cells	SMC_1	0.0578702837228775	-9.82363319396973
GC08T-S1:ACGCCAGCAAAGTGCG	GC08T-S1	6700.0	2377	0.041940298	Tumor	P8	Fibroblasts	Fib_1	-6.552398681640621	8.4566822052002
GC08T-S1:ACGCCAGTCAACGGGA	GC08T-S1	6786.0	2503	0.06483938	Tumor	P8	Endothelial cells	Endo_3	9.77982234954834	3.19249057769775
GC08T-S1:ACGGCCAAGTGGGTTG	GC08T-S1	7155.0	2622	0.07141859	Tumor	P8	Fibroblasts	Fib_1	-6.670443534851071	8.35704612731934
GC08T-S1:ACGGGCTGTCGACTGC	GC08T-S1	15610.0	3864	0.039013453	Tumor	P8	Fibroblasts	Fib_4	-5.18436813354492	2.70722484588623
GC08T-S1:ACGTCAAAGCTAACAA	GC08T-S1	2897.0	1438	0.039351054	Tumor	P8	Fibroblasts	Fib_2	-6.598327159881589	9.93913841247559
GC08T-S1:ACTATCTAGTTATCGC	GC08T-S1	1049.0	621	0.07435653	Tumor	P8	Smooth muscle cells	SMC_2	-2.72851347923279	-13.045660972595199
GC08T-S1:ACTATCTTCGCTGATA	GC08T-S1	7172.0	2853	0.028304517	Tumor	P8	Endothelial cells	Endo_2	8.67888832092285	-3.7246413230896
GC08T-S1:ACTGAACCATGTCCTC	GC08T-S1	6279.0	2499	0.04666348	Tumor	P8	Endothelial cells	Endo_1	12.4050979614258	0.256721198558807
GC08T-S1:ACTGATGGTCGCCATG	GC08T-S1	5405.0	1966	0.027382053	Tumor	P8	Endothelial cells	Endo_3	8.71492290496826	2.9325406551361097
GC08T-S1:ACTGCTCTCCACGACG	GC08T-S1	23499.0	4968	0.058130134	Tumor	P8	Endothelial cells	Endo_1	11.9101667404175	-1.96001982688904
GC08T-S1:AGATTGCAGAACAATC	GC08T-S1	9334.0	3142	0.05249625	Tumor	P8	Fibroblasts	Fib_1	-7.1480388641357395	7.48545074462891
GC08T-S1:AGCAGCCAGGACAGAA	GC08T-S1	12197.0	3419	0.03779618	Tumor	P8	Fibroblasts	Fib_2	-6.15197658538818	10.6503534317017
GC08T-S1:AGCATACAGTCCCACG	GC08T-S1	17686.0	4163	0.037713446	Tumor	P8	Fibroblasts	Fib_2	-5.37852382659912	8.59667491912842
GC08T-S1:AGCGTATGTCGATTGT	GC08T-S1	1197.0	762	0.0	Tumor	P8	Endothelial cells	Endo_1	9.874307632446289	0.7943683862686161
GC08T-S1:AGCGTCGCACAACGTT	GC08T-S1	1526.0	874	0.10812582	Tumor	P8	Endothelial cells	Endo_1	9.39826583862305	-1.01630842685699
GC08T-S1:AGGCCGTAGAGCTATA	GC08T-S1	10635.0	3269	0.033568405	Tumor	P8	Fibroblasts	Fib_4	-5.125328063964839	2.4062364101409903
GC08T-S1:AGGCCGTTCCCTAATT	GC08T-S1	7946.0	2774	0.06091115	Tumor	P8	Fibroblasts	Fib_1	-6.99045276641846	6.430495738983151
GC08T-S1:AGGGATGTCTGTCAAG	GC08T-S1	11336.0	3036	0.09394848	Tumor	P8	Fibroblasts	Fib_4	-5.5632209777832005	3.2925853729248
GC08T-S1:AGGTCATGTGAAGGCT	GC08T-S1	1982.0	1107	0.13017154	Tumor	P8	Endothelial cells	Endo_2	10.4949493408203	-4.461676120758059
GC08T-S1:AGGTCCGGTCCCTTGT	GC08T-S1	15888.0	3859	0.04619839	Tumor	P8	Fibroblasts	Fib_2	-6.0831184387207005	7.76902341842651
GC08T-S1:AGGTCCGTCTGGTATG	GC08T-S1	7603.0	2918	0.07457583	Tumor	P8	Fibroblasts	Fib_1	-6.8616032600402805	7.74196290969849
GC08T-S1:AGTAGTCTCACCTCGT	GC08T-S1	10224.0	3089	0.03178795	Tumor	P8	Endothelial cells	Endo_3	9.036558151245119	3.04422521591187
GC08T-S1:AGTGAGGTCAGCACAT	GC08T-S1	12210.0	3671	0.05208845	Tumor	P8	Endothelial cells	Endo_2	8.35873603820801	-2.56344079971313
GC08T-S1:AGTGAGGTCAGCTCTC	GC08T-S1	5419.0	2094	0.10001846	Tumor	P8	Fibroblasts	Fib_2	-4.6881422996521	10.872595787048303
GC08T-S1:ATAACGCGTACTCAAC	GC08T-S1	12945.0	3576	0.05631518	Tumor	P8	Fibroblasts	Fib_1	-8.14760684967041	5.49651098251343
GC08T-S1:ATAAGAGGTTCGTCTC	GC08T-S1	1123.0	718	0.023152271	Tumor	P8	Endothelial cells	Endo_4	11.064570426940902	-6.92237091064453
GC08T-S1:ATCATGGGTCGTGGCT	GC08T-S1	3824.0	1665	0.03922594	Tumor	P8	Fibroblasts	Fib_2	-6.14998722076416	10.421531677246099
GC08T-S1:ATCGAGTTCACCTTAT	GC08T-S1	6021.0	2622	0.050822124	Tumor	P8	Smooth muscle cells	SMC_1	0.20315438508987402	-10.503819465637198
GC08T-S1:ATGAGGGGTCAGTGGA	GC08T-S1	13644.0	3939	0.038111992	Tumor	P8	Endothelial cells	Endo_1	9.533872604370119	3.1056506633758505
GC08T-S1:ATGCGATAGGTAGCTG	GC08T-S1	9174.0	3145	0.06431219	Tumor	P8	Fibroblasts	Fib_1	-8.1979923248291	5.57972288131714
GC08T-S1:ATTCTACCATCTCGCT	GC08T-S1	16449.0	4336	0.04413642	Tumor	P8	Fibroblasts	Fib_2	-6.20643424987793	7.88507843017578
GC08T-S1:ATTCTACTCTGTTTGT	GC08T-S1	985.0	634	0.07106599	Tumor	P8	Fibroblasts	Fib_3	-6.10184812545776	9.51461410522461
GC08T-S1:ATTGGTGTCTTGCCGT	GC08T-S1	7550.0	2508	0.023841059	Tumor	P8	Fibroblasts	Fib_4	-4.8852419853210405	2.2667043209075897
GC08T-S1:CAACCTCAGGCTCTTA	GC08T-S1	3414.0	1532	0.05125952	Tumor	P8	Fibroblasts	Fib_4	-5.79586410522461	3.70857048034668
GC08T-S1:CAACCTCTCCGTTGCT	GC08T-S1	8317.0	2838	0.028976794	Tumor	P8	Endothelial cells	Endo_2	10.2185564041138	-0.0258569046854973
GC08T-S1:CAACTAGCAGGGCATA	GC08T-S1	10673.0	3336	0.034948	Tumor	P8	Endothelial cells	Endo_1	11.6566896438599	0.577727794647217
GC08T-S1:CAACTAGTCATGTCTT	GC08T-S1	7728.0	2846	0.070263974	Tumor	P8	Fibroblasts	Fib_1	-6.70678520202637	5.07707118988037
GC08T-S1:CAAGATCCATGCCCGA	GC08T-S1	8148.0	2817	0.091556214	Tumor	P8	Fibroblasts	Fib_2	-6.293437957763669	8.57651901245117
GC08T-S1:CAAGTTGTCAGTACGT	GC08T-S1	3313.0	1577	0.15605192	Tumor	P8	Endothelial cells	Endo_1	12.672370910644501	-0.8446533083915709
GC08T-S1:CACAAACAGCTGATAA	GC08T-S1	6964.0	2879	0.039345205	Tumor	P8	Endothelial cells	Endo_4	12.0726919174194	-4.60530996322632
GC08T-S1:CACATAGCACAGGAGT	GC08T-S1	12560.0	3921	0.055254776	Tumor	P8	Endothelial cells	Endo_1	12.1813707351685	0.34009531140327504
GC08T-S1:CACATAGTCCTAAGTG	GC08T-S1	7233.0	2792	0.036775887	Tumor	P8	Endothelial cells	Endo_4	11.763099670410199	-4.27712965011597
GC08T-S1:CACCAGGAGCACCGCT	GC08T-S1	9239.0	3303	0.062452648	Tumor	P8	Endothelial cells	Endo_1	11.808235168457001	0.814070224761963
GC08T-S1:CACCAGGGTTTGTTTC	GC08T-S1	8100.0	2726	0.06728395	Tumor	P8	Fibroblasts	Fib_2	-6.03951072692871	10.3637228012085
GC08T-S1:CACCTTGTCCTGCTTG	GC08T-S1	8101.0	3077	0.04061227	Tumor	P8	Fibroblasts	Fib_1	-8.37587356567383	5.00187730789185
GC08T-S1:CAGAGAGAGCACACAG	GC08T-S1	5360.0	2187	0.06809702	Tumor	P8	Endothelial cells	Endo_3	10.3111352920532	2.40900588035583
GC08T-S1:CAGCAGCAGATATGCA	GC08T-S1	8567.0	3080	0.04564025	Tumor	P8	Endothelial cells	Endo_3	10.089883804321301	3.1285412311553995
GC08T-S1:CAGCAGCCATCTCCCA	GC08T-S1	6143.0	2381	0.046557058	Tumor	P8	Fibroblasts	Fib_2	-6.45626401901245	8.69041347503662
GC08T-S1:CAGGTGCAGTGCCAGA	GC08T-S1	8564.0	2886	0.03993461	Tumor	P8	Fibroblasts	Fib_1	-6.99818229675293	5.499725341796879
GC08T-S1:CAGGTGCCATAAAGGT	GC08T-S1	11479.0	3698	0.051398207	Tumor	P8	Endothelial cells	Endo_1	12.3239898681641	-1.63277924060822
GC08T-S1:CAGTAACTCCATTCTA	GC08T-S1	6274.0	2162	0.09180746	Tumor	P8	Fibroblasts	Fib_1	-7.26652050018311	7.69324827194214
GC08T-S1:CAGTCCTCAACACCCG	GC08T-S1	8696.0	3005	0.050023	Tumor	P8	Smooth muscle cells	SMC_1	0.5841482281684879	-12.326924324035598
GC08T-S1:CAGTCCTCACTGAAGG	GC08T-S1	10384.0	3336	0.04044684	Tumor	P8	Endothelial cells	Endo_1	11.8220663070679	0.978785157203674
GC08T-S1:CATATTCGTTTGGCGC	GC08T-S1	9592.0	2946	0.038156796	Tumor	P8	Fibroblasts	Fib_2	-6.044066905975339	8.41257476806641
GC08T-S1:CATCCACGTTCGCTAA	GC08T-S1	8123.0	2855	0.05896836	Tumor	P8	Fibroblasts	Fib_1	-8.40958309173584	5.22288370132446
GC08T-S1:CATCGAACACCAGGTC	GC08T-S1	7683.0	2628	0.065599374	Tumor	P8	Endothelial cells	Endo_1	12.471041679382301	0.102802157402039
GC08T-S1:CATCGAAGTAGCGCAA	GC08T-S1	1643.0	883	0.19050518	Tumor	P8	Fibroblasts	Fib_3	-5.12672805786133	10.2786560058594
GC08T-S1:CATGCCTGTGCGGTAA	GC08T-S1	13377.0	3669	0.031397175	Tumor	P8	Endothelial cells	Endo_1	12.5422677993774	-1.87756979465485
GC08T-S1:CATGGCGTCAAGCCTA	GC08T-S1	5391.0	2340	0.05268039	Tumor	P8	Endothelial cells	Endo_2	8.53075790405273	-3.14594602584839
GC08T-S1:CATTATCAGGTTACCT	GC08T-S1	6919.0	2700	0.057522763	Tumor	P8	Endothelial cells	Endo_1	12.414920806884801	0.524714291095734
GC08T-S1:CATTATCGTACCGTTA	GC08T-S1	17985.0	4536	0.06622185	Tumor	P8	Smooth muscle cells	SMC_1	-2.95622968673706	-13.3155965805054
GC08T-S1:CATTCGCAGGACAGCT	GC08T-S1	8335.0	2855	0.038512297	Tumor	P8	Fibroblasts	Fib_2	-5.11324882507324	10.4741315841675
GC08T-S1:CCAATCCAGAGGGATA	GC08T-S1	5509.0	1827	0.09729534	Tumor	P8	Fibroblasts	Fib_1	-6.7291560173034695	9.00651264190674
GC08T-S1:CCAATCCCACCTATCC	GC08T-S1	9583.0	3108	0.03287071	Tumor	P8	Fibroblasts	Fib_2	-6.098702907562259	8.3998498916626
GC08T-S1:CCAATCCTCAACACGT	GC08T-S1	2254.0	974	0.29236913	Tumor	P8	Endothelial cells	Endo_1	11.3428640365601	-0.6049858927726751
GC08T-S1:CCACGGAGTTGTGGCC	GC08T-S1	9235.0	2775	0.045479156	Tumor	P8	Fibroblasts	Fib_2	-5.57556056976318	9.34835624694824
GC08T-S1:CCACGGATCTGTTTGT	GC08T-S1	8478.0	2714	0.03927813	Tumor	P8	Fibroblasts	Fib_1	-7.87430381774902	7.83600664138794
GC08T-S1:CCACTACTCATAACCG	GC08T-S1	8538.0	3117	0.04720075	Tumor	P8	Endothelial cells	Endo_3	10.586771965026902	2.9033260345458998
GC08T-S1:CCACTACTCGTGTAGT	GC08T-S1	829.0	560	0.0048250905	Tumor	P8	Endothelial cells	Endo_1	9.75713539123535	-1.6090612411499
GC08T-S1:CCGGGATCATCTACGA	GC08T-S1	3838.0	1678	0.052110475	Tumor	P8	Fibroblasts	Fib_4	-5.07273054122925	2.61437129974365
GC08T-S1:CCGTACTCATACTCTT	GC08T-S1	5845.0	2394	0.03130881	Tumor	P8	Endothelial cells	Endo_1	11.0907554626465	-2.8308072090148904
GC08T-S1:CCGTACTTCTGTTGAG	GC08T-S1	7626.0	2799	0.055205874	Tumor	P8	Endothelial cells	Endo_1	12.3070869445801	-1.5762519836425801
GC08T-S1:CCTAAAGCAAAGAATC	GC08T-S1	5222.0	1986	0.07315205	Tumor	P8	Smooth muscle cells	SMC_1	-1.70769417285919	-12.7042741775513
GC08T-S1:CCTAGCTAGTTGCAGG	GC08T-S1	12337.0	3564	0.033719704	Tumor	P8	Fibroblasts	Fib_1	-6.619799613952639	8.76279544830322
GC08T-S1:CCTCAGTGTTATGTGC	GC08T-S1	2397.0	1179	0.1268252	Tumor	P8	Fibroblasts	Fib_3	-5.7443537712097195	9.76175308227539
GC08T-S1:CCTCAGTTCCTTGGTC	GC08T-S1	8469.0	2882	0.03943795	Tumor	P8	Fibroblasts	Fib_1	-7.676630973815921	7.798245429992679
GC08T-S1:CCTTACGCAGCCAGAA	GC08T-S1	15964.0	3955	0.03852418	Tumor	P8	Fibroblasts	Fib_1	-7.548104763031009	5.15037965774536
GC08T-S1:CCTTACGTCATACGGT	GC08T-S1	14714.0	3993	0.04043768	Tumor	P8	Smooth muscle cells	SMC_1	1.05664539337158	-11.030249595642099
GC08T-S1:CCTTCCCTCCATTCTA	GC08T-S1	4510.0	1983	0.12217295	Tumor	P8	Endothelial cells	Endo_3	10.667716979980499	2.80344915390015
GC08T-S1:CCTTCGACAGATCCAT	GC08T-S1	6961.0	2599	0.052865967	Tumor	P8	Fibroblasts	Fib_2	-6.982425689697269	9.19477653503418
GC08T-S1:CGAGAAGAGATCCGAG	GC08T-S1	12190.0	3492	0.049384743	Tumor	P8	Fibroblasts	Fib_2	-6.00275087356567	8.35349464416504
GC08T-S1:CGAGAAGGTGTAACGG	GC08T-S1	12918.0	3668	0.0272488	Tumor	P8	Fibroblasts	Fib_1	-7.51808071136475	8.74738597869873
GC08T-S1:CGAGCCATCCTCCTAG	GC08T-S1	20298.0	4643	0.1276973	Tumor	P8	Fibroblasts	Fib_2	-4.7678050994873	9.85494232177734
GC08T-S1:CGAGCCATCTTCATGT	GC08T-S1	10205.0	3284	0.0466438	Tumor	P8	Fibroblasts	Fib_1	-7.040198802948001	7.67138576507568
GC08T-S1:CGATCGGCATGCATGT	GC08T-S1	2639.0	1129	0.22660099	Tumor	P8	Myofibroblasts	Myofibroblasts	-8.65008544921875	0.501760244369507
GC08T-S1:CGCGGTAGTAGGACAC	GC08T-S1	18486.0	4045	0.08433409	Tumor	P8	Fibroblasts	Fib_1	-5.8520212173461905	6.70048046112061
GC08T-S1:CGCTATCGTCGAACAG	GC08T-S1	5491.0	2394	0.06501548	Tumor	P8	Endothelial cells	Endo_3	10.4283866882324	3.01949715614319
GC08T-S1:CGCTGGACATATGAGA	GC08T-S1	7399.0	2834	0.041627247	Tumor	P8	Endothelial cells	Endo_2	9.83658027648926	-2.8234920501708998
GC08T-S1:CGCTTCATCCCTTGTG	GC08T-S1	3948.0	1732	0.0017730496	Tumor	P8	Endothelial cells	Endo_2	9.46517372131348	-4.36401128768921
GC08T-S1:CGGACACTCGGATGGA	GC08T-S1	7765.0	2691	0.052028332	Tumor	P8	Fibroblasts	Fib_2	-4.71962022781372	10.806262969970698
GC08T-S1:CGTAGGCGTCGATTGT	GC08T-S1	5641.0	2220	0.03474561	Tumor	P8	Fibroblasts	Fib_2	-6.10527467727661	8.81782817840576
GC08T-S1:CGTCAGGTCGCGGATC	GC08T-S1	5205.0	2038	0.05456292	Tumor	P8	Fibroblasts	Fib_2	-5.181861877441411	9.39923858642578
GC08T-S1:CGTCTACAGTCATGCT	GC08T-S1	14305.0	4009	0.036560643	Tumor	P8	Fibroblasts	Fib_1	-7.1668405532836905	8.59552669525146
GC08T-S1:CGTGAGCGTTACTGAC	GC08T-S1	5521.0	2213	0.061583046	Tumor	P8	Fibroblasts	Fib_2	-6.1989574432373	10.1308221817017
GC08T-S1:CGTTAGACAATTCCTT	GC08T-S1	7484.0	2765	0.07495991	Tumor	P8	Endothelial cells	Endo_3	11.007548332214402	1.1014986038208001
GC08T-S1:CGTTCTGTCGTTGACA	GC08T-S1	12977.0	3490	0.07274409	Tumor	P8	Smooth muscle cells	SMC_1	1.1707222461700402	-10.442684173584
GC08T-S1:CTAATGGTCATATCGG	GC08T-S1	10924.0	3442	0.063712925	Tumor	P8	Endothelial cells	Endo_1	12.083778381347699	0.5698431730270389
GC08T-S1:CTACCCATCATGTCCC	GC08T-S1	2572.0	1292	0.08203732	Tumor	P8	Endothelial cells	Endo_2	9.54665374755859	-3.1150739192962598
GC08T-S1:CTACGTCCAAGCGAGT	GC08T-S1	1893.0	959	0.15636556	Tumor	P8	Fibroblasts	Fib_1	-6.016955375671389	9.09389495849609
GC08T-S1:CTACGTCTCGTAGATC	GC08T-S1	3274.0	1680	0.028711056	Tumor	P8	Endothelial cells	Endo_4	11.5848121643066	-7.32274055480957
GC08T-S1:CTAGAGTCAAGCCTAT	GC08T-S1	7713.0	2609	0.045766886	Tumor	P8	Endothelial cells	Endo_1	10.809088706970199	1.8890351057052601
GC08T-S1:CTAGAGTGTGCTGTAT	GC08T-S1	10780.0	3194	0.041836735	Tumor	P8	Endothelial cells	Endo_1	12.903656959533699	-0.177395522594452
GC08T-S1:CTAGTGATCATGGTCA	GC08T-S1	13821.0	3927	0.039649807	Tumor	P8	Fibroblasts	Fib_1	-8.8358097076416	5.74651670455933
GC08T-S1:CTCACACAGCTAGGCA	GC08T-S1	8411.0	2751	0.054333612	Tumor	P8	Smooth muscle cells	SMC_1	0.411136329174042	-11.385594367981
GC08T-S1:CTCACACGTTGTGGCC	GC08T-S1	5493.0	1987	0.041871473	Tumor	P8	Smooth muscle cells	SMC_1	0.76308673620224	-10.6053094863892
GC08T-S1:CTCATTAGTCAGGACA	GC08T-S1	1203.0	742	0.15544473	Tumor	P8	Smooth muscle cells	SMC_1	-0.21406753361225103	-10.5238246917725
GC08T-S1:CTCGGAGCAGCCAATT	GC08T-S1	6182.0	2401	0.065674536	Tumor	P8	Endothelial cells	Endo_3	8.93216133117676	3.24972438812256
GC08T-S1:CTCTACGAGGGAAACA	GC08T-S1	8073.0	2803	0.05710393	Tumor	P8	Endothelial cells	Endo_2	9.09004020690918	-1.14760291576385
GC08T-S1:CTCTACGCACAGTCGC	GC08T-S1	10533.0	3131	0.051742144	Tumor	P8	Fibroblasts	Fib_1	-6.53647422790527	7.24289274215698
GC08T-S1:CTCTACGCACGAGAGT	GC08T-S1	10196.0	3183	0.049136918	Tumor	P8	Endothelial cells	Endo_1	11.7860269546509	-2.6058192253112797
GC08T-S1:CTCTGGTGTGTGTGCC	GC08T-S1	15968.0	4014	0.030561123	Tumor	P8	Fibroblasts	Fib_1	-7.1391506195068395	7.61199760437012
GC08T-S1:CTGATCCCAGTTCATG	GC08T-S1	8837.0	2924	0.043114178	Tumor	P8	Smooth muscle cells	SMC_1	0.993640780448914	-11.0923290252686
GC08T-S1:CTGATCCGTAGCTTGT	GC08T-S1	3944.0	1810	0.040314402	Tumor	P8	Smooth muscle cells	SMC_1	-0.27548649907112105	-10.6694679260254
GC08T-S1:CTGCGGAAGTCATGCT	GC08T-S1	11591.0	3546	0.04236045	Tumor	P8	Endothelial cells	Endo_1	12.710376739502001	-0.17673268914222698
GC08T-S1:CTGTTTAGTAGAGGAA	GC08T-S1	12850.0	3867	0.047470815	Tumor	P8	Fibroblasts	Fib_1	-7.55906581878662	8.4917688369751
GC08T-S1:CTGTTTATCCTGCCAT	GC08T-S1	6039.0	2426	0.06623613	Tumor	P8	Endothelial cells	Endo_3	10.151312828063999	2.56604909896851
GC08T-S1:CTTAACTCAGGTTTCA	GC08T-S1	11272.0	3393	0.07673882	Tumor	P8	Fibroblasts	Fib_4	-5.30663108825684	2.77231550216675
GC08T-S1:CTTGGCTTCTTTACGT	GC08T-S1	9452.0	3350	0.032056708	Tumor	P8	Endothelial cells	Endo_2	10.737990379333501	-4.58101463317871
GC08T-S1:CTTTGCGAGCAGGCTA	GC08T-S1	1091.0	526	0.29514208	Tumor	P8	Fibroblasts	Fib_3	-4.99243354797363	9.33177757263184
GC08T-S1:GAAATGACACATCTTT	GC08T-S1	17283.0	4332	0.114274144	Tumor	P8	Smooth muscle cells	SMC_1	0.197263538837433	-9.83289813995361
GC08T-S1:GAACATCCATCGGGTC	GC08T-S1	6651.0	2364	0.037287626	Tumor	P8	Endothelial cells	Endo_2	10.2094507217407	-2.07391333580017
GC08T-S1:GACACGCAGCCAACAG	GC08T-S1	14045.0	3767	0.045710217	Tumor	P8	Fibroblasts	Fib_1	-7.134586334228519	7.233520030975339
GC08T-S1:GACACGCAGTCATGCT	GC08T-S1	3274.0	1486	0.0009163103	Tumor	P8	Endothelial cells	Endo_2	9.41909503936768	-2.44729709625244
GC08T-S1:GACGCGTGTCCGACGT	GC08T-S1	1565.0	767	0.2715655	Tumor	P8	Endothelial cells	Endo_1	11.7385730743408	-1.15302121639252
GC08T-S1:GACGTGCTCGCCGTGA	GC08T-S1	10463.0	3458	0.04329542	Tumor	P8	Fibroblasts	Fib_2	-5.91404390335083	10.132098197937
GC08T-S1:GACTGCGAGAGCCTAG	GC08T-S1	4719.0	2074	0.05763933	Tumor	P8	Endothelial cells	Endo_3	10.778689384460401	2.34923934936523
GC08T-S1:GACTGCGTCGGTGTTA	GC08T-S1	10329.0	3076	0.060509246	Tumor	P8	Fibroblasts	Fib_1	-6.54772281646729	6.833666801452639
GC08T-S1:GAGCAGACACTGAAGG	GC08T-S1	10169.0	3346	0.034024976	Tumor	P8	Fibroblasts	Fib_1	-6.6988410949707005	8.57141780853271
GC08T-S1:GAGCAGAGTAATCACC	GC08T-S1	10520.0	3244	0.0378327	Tumor	P8	Fibroblasts	Fib_2	-6.56028127670288	8.73065567016602
GC08T-S1:GAGTCCGAGGACCACA	GC08T-S1	9618.0	3121	0.041796632	Tumor	P8	Endothelial cells	Endo_1	12.575809478759801	-2.13467121124268
GC08T-S1:GATCGCGAGAGCTGCA	GC08T-S1	10328.0	3311	0.042989932	Tumor	P8	Endothelial cells	Endo_1	10.3490238189697	-0.20221009850502
GC08T-S1:GATCGCGTCGTTTGCC	GC08T-S1	4107.0	1797	0.025809593	Tumor	P8	Endothelial cells	Endo_3	10.470344543457001	2.0744593143463104
GC08T-S1:GATCGTAAGTGGTCCC	GC08T-S1	4302.0	1890	0.035332404	Tumor	P8	Endothelial cells	Endo_4	12.091444969177198	-4.84227418899536
GC08T-S1:GATCTAGCACTAAGTC	GC08T-S1	10762.0	3395	0.09812303	Tumor	P8	Fibroblasts	Fib_1	-6.44823980331421	6.49316072463989
GC08T-S1:GATGAAAGTGACTCAT	GC08T-S1	1810.0	944	0.17513812	Tumor	P8	Fibroblasts	Fib_3	-4.718817234039309	9.22124767303467
GC08T-S1:GATGCTACAACGATCT	GC08T-S1	13113.0	3852	0.03805384	Tumor	P8	Fibroblasts	Fib_2	-5.95644664764404	10.742443084716802
GC08T-S1:GATTCAGAGACAAAGG	GC08T-S1	2624.0	1345	0.07926829	Tumor	P8	Smooth muscle cells	SMC_1	-0.0967863798141479	-10.7223339080811
GC08T-S1:GCAATCAAGTACGTTC	GC08T-S1	5983.0	2416	0.07387598	Tumor	P8	Fibroblasts	Fib_4	-5.88077354431152	2.79246997833252
GC08T-S1:GCAATCACATTAGGCT	GC08T-S1	12279.0	3702	0.04006841	Tumor	P8	Fibroblasts	Fib_1	-6.710731029510501	8.77905654907227
GC08T-S1:GCAATCAGTGTCTGAT	GC08T-S1	3448.0	1663	0.08758701	Tumor	P8	Myofibroblasts	Myofibroblasts	-8.43602561950684	0.504008412361145
GC08T-S1:GCACATAAGTACACCT	GC08T-S1	8328.0	2922	0.05367435	Tumor	P8	Endothelial cells	Endo_1	10.8581790924072	0.13918061554431901
GC08T-S1:GCACATAGTAATAGCA	GC08T-S1	5053.0	2178	0.049079753	Tumor	P8	Endothelial cells	Endo_1	12.073345184326199	-2.4653868675231903
GC08T-S1:GCATGATGTAGCGTGA	GC08T-S1	6101.0	2192	0.06097361	Tumor	P8	Smooth muscle cells	SMC_1	-0.234621196985245	-12.7913036346436
GC08T-S1:GCATGCGAGTTTCCTT	GC08T-S1	918.0	485	0.2788671	Tumor	P8	Fibroblasts	Fib_3	-3.36586284637451	8.07467937469482
GC08T-S1:GCGAGAACAGTATAAG	GC08T-S1	7339.0	2619	0.052186947	Tumor	P8	Endothelial cells	Endo_2	9.14821529388428	-1.1749783754348797
GC08T-S1:GCGCCAACAAGAGTCG	GC08T-S1	9393.0	2986	0.043117214	Tumor	P8	Fibroblasts	Fib_2	-7.277324676513669	7.18108463287354
GC08T-S1:GCGCCAACACAACGTT	GC08T-S1	10061.0	2811	0.062419243	Tumor	P8	Smooth muscle cells	SMC_2	-3.2578494548797594	-13.1548719406128
GC08T-S1:GCGCCAACACGAAATA	GC08T-S1	4373.0	2015	0.038874913	Tumor	P8	Fibroblasts	Fib_2	-5.17565774917603	9.81892108917236
GC08T-S1:GCTGCAGAGGGTGTGT	GC08T-S1	14985.0	3863	0.03963964	Tumor	P8	Fibroblasts	Fib_1	-6.37105941772461	7.893432140350339
GC08T-S1:GCTTCCATCAACACCA	GC08T-S1	7345.0	2848	0.02300885	Tumor	P8	Endothelial cells	Endo_1	11.901735305786099	0.93085777759552
GC08T-S1:GGAAAGCTCCCAACGG	GC08T-S1	4767.0	2094	0.05034613	Tumor	P8	Smooth muscle cells	SMC_1	0.56180077791214	-11.575958251953098
GC08T-S1:GGACGTCGTGTTGGGA	GC08T-S1	2677.0	1192	0.059394844	Tumor	P8	Fibroblasts	Fib_1	-8.21420001983643	5.7028312683105495
GC08T-S1:GGATTACTCATGTCTT	GC08T-S1	2599.0	1487	0.058868796	Tumor	P8	Smooth muscle cells	SMC_1	-1.49598324298859	-12.9825019836426
GC08T-S1:GGATTACTCGCGCCAA	GC08T-S1	4861.0	1961	0.05862991	Tumor	P8	Smooth muscle cells	SMC_1	-1.9559290409088101	-13.2372989654541
GC08T-S1:GGCCGATGTAGCGCTC	GC08T-S1	7352.0	2672	0.06447225	Tumor	P8	Endothelial cells	Endo_3	10.5046014785767	2.57248258590698
GC08T-S1:GGCTGGTGTCATTAGC	GC08T-S1	1562.0	925	0.030729834	Tumor	P8	Fibroblasts	Fib_1	-7.65486860275269	6.71030426025391
GC08T-S1:GGCTGGTGTCCGAACC	GC08T-S1	791.0	506	0.19342604	Tumor	P8	Endothelial cells	Endo_4	11.7416410446167	-5.755671501159671
GC08T-S1:GGGAGATTCTTCGGTC	GC08T-S1	6972.0	2378	0.05938038	Tumor	P8	Smooth muscle cells	SMC_1	-2.30403351783752	-13.2757472991943
GC08T-S1:GGGATGATCTTTAGGG	GC08T-S1	5877.0	2353	0.06891271	Tumor	P8	Endothelial cells	Endo_1	11.1765298843384	0.5042045712471009
GC08T-S1:GGGCATCAGTATGACA	GC08T-S1	1377.0	654	0.28467682	Tumor	P8	Endothelial cells	Endo_1	11.4507884979248	-1.5166509151458702
GC08T-S1:GGGCATCAGTGGACGT	GC08T-S1	4671.0	2185	0.052665383	Tumor	P8	Fibroblasts	Fib_2	-7.04958343505859	9.548662185668949
GC08T-S1:GGGCATCCAGCTCGAC	GC08T-S1	10735.0	3271	0.030926874	Tumor	P8	Fibroblasts	Fib_2	-6.195532321929929	8.25953578948975
GC08T-S1:GGGTCTGTCTAACTCT	GC08T-S1	8332.0	3119	0.043326933	Tumor	P8	Fibroblasts	Fib_1	-7.7199535369873	8.33735466003418
GC08T-S1:GGGTTGCGTCAGAGGT	GC08T-S1	571.0	399	0.13309982	Tumor	P8	Endothelial cells	Endo_1	10.782350540161099	-1.16103434562683
GC08T-S1:GGTATTGAGATCCCAT	GC08T-S1	9977.0	2967	0.061742008	Tumor	P8	Smooth muscle cells	SMC_1	0.956093668937683	-10.569355964660598
GC08T-S1:GGTATTGCAAGAGGCT	GC08T-S1	15221.0	4025	0.04112739	Tumor	P8	Fibroblasts	Fib_1	-7.48617792129517	8.81053829193115
GC08T-S1:GGTGAAGAGCAGACTG	GC08T-S1	1918.0	1047	0.11991658	Tumor	P8	Endothelial cells	Endo_3	10.899035453796401	2.2164781093597403
GC08T-S1:GTAACGTTCTCCTATA	GC08T-S1	5344.0	2235	0.060067367	Tumor	P8	Endothelial cells	Endo_1	12.451255798339801	-2.9726722240448
GC08T-S1:GTAACTGCACCTCGGA	GC08T-S1	11450.0	3401	0.0530131	Tumor	P8	Fibroblasts	Fib_2	-6.9006462097167995	9.531496047973631
GC08T-S1:GTACGTAAGATGTTAG	GC08T-S1	10828.0	3451	0.05088659	Tumor	P8	Endothelial cells	Endo_3	10.7357168197632	1.8363679647445699
GC08T-S1:GTACGTAGTTCAGTAC	GC08T-S1	9997.0	3118	0.059317794	Tumor	P8	Fibroblasts	Fib_1	-7.10964488983154	7.602370738983151
GC08T-S1:GTACTTTGTACAGTTC	GC08T-S1	6953.0	2566	0.058535885	Tumor	P8	Fibroblasts	Fib_2	-6.44762897491455	10.293354034423801
GC08T-S1:GTAGGCCTCTGACCTC	GC08T-S1	7392.0	2529	0.04112554	Tumor	P8	Endothelial cells	Endo_3	9.64357280731201	2.7639565467834504
GC08T-S1:GTAGTCAAGTTTGCGT	GC08T-S1	5663.0	2287	0.051562775	Tumor	P8	Endothelial cells	Endo_3	10.2427768707275	2.9401013851165803
GC08T-S1:GTCAAGTCATGGTCAT	GC08T-S1	4964.0	1894	0.06607574	Tumor	P8	Endothelial cells	Endo_3	10.3984375	2.4514992237091096
GC08T-S1:GTGCAGCTCCGCGGTA	GC08T-S1	4300.0	2000	0.03790698	Tumor	P8	Fibroblasts	Fib_2	-3.99074912071228	10.6490488052368
GC08T-S1:GTGCATATCCAAAGTC	GC08T-S1	2508.0	1265	0.12799042	Tumor	P8	Smooth muscle cells	SMC_1	-1.9295425415039098	-12.717036247253402
GC08T-S1:GTGTTAGTCAGCAACT	GC08T-S1	7162.0	2428	0.10569673	Tumor	P8	Fibroblasts	Fib_1	-8.15592765808105	5.07679319381714
GC08T-S1:GTTCGGGAGAGTACAT	GC08T-S1	1854.0	973	0.14023733	Tumor	P8	Fibroblasts	Fib_1	-6.470486640930179	9.04069137573242
GC08T-S1:GTTTCTAGTAGCGCTC	GC08T-S1	2263.0	1271	0.030490499	Tumor	P8	Smooth muscle cells	SMC_1	-0.166695863008499	-11.4859676361084
GC08T-S1:TAAACCGGTCTCTTAT	GC08T-S1	7278.0	2636	0.05015114	Tumor	P8	Endothelial cells	Endo_1	12.6021089553833	-3.16575694084167
GC08T-S1:TAAGAGAAGAGGGCTT	GC08T-S1	6740.0	2311	0.06602374	Tumor	P8	Smooth muscle cells	SMC_1	-0.490438044071198	-10.1174020767212
GC08T-S1:TAAGAGACACACCGCA	GC08T-S1	4457.0	1810	0.07404084	Tumor	P8	Endothelial cells	Endo_3	10.0110607147217	3.11427903175354
GC08T-S1:TAAGCGTAGACACGAC	GC08T-S1	14684.0	3983	0.050326888	Tumor	P8	Endothelial cells	Endo_1	12.246880531311	-2.39722657203674
GC08T-S1:TAAGTGCAGCCCAACC	GC08T-S1	12965.0	3316	0.06710374	Tumor	P8	Fibroblasts	Fib_2	-5.35347557067871	9.00587368011475
GC08T-S1:TACACGAGTAACGTTC	GC08T-S1	2471.0	1015	0.20194253	Tumor	P8	Fibroblasts	Fib_2	-6.295742988586429	10.365942955017099
GC08T-S1:TACAGTGGTTATGTGC	GC08T-S1	3136.0	1509	0.21141581	Tumor	P8	Endothelial cells	Endo_1	12.102948188781701	-2.10669922828674
GC08T-S1:TACAGTGTCGGTTCGG	GC08T-S1	10333.0	3143	0.048872545	Tumor	P8	Endothelial cells	Endo_3	10.356229782104501	0.5260996222496029
GC08T-S1:TACCTTAGTTACAGAA	GC08T-S1	6212.0	2298	0.1052801	Tumor	P8	Fibroblasts	Fib_4	-6.4576911926269505	2.20205640792847
GC08T-S1:TACGGATAGCGAGAAA	GC08T-S1	4085.0	1949	0.04749082	Tumor	P8	Endothelial cells	Endo_3	10.1821746826172	3.16274929046631
GC08T-S1:TACGGATAGCTGAAAT	GC08T-S1	16916.0	4119	0.045814615	Tumor	P8	Fibroblasts	Fib_1	-6.53441286087036	6.61685705184937
GC08T-S1:TACGGTAGTAAGCACG	GC08T-S1	4706.0	1815	0.10199745	Tumor	P8	Smooth muscle cells	SMC_1	0.341752141714096	-12.1971378326416
GC08T-S1:TACTCATCATCGGTTA	GC08T-S1	1312.0	609	0.2827744	Tumor	P8	Myofibroblasts	Myofibroblasts	-8.41322231292725	0.3977363109588621
GC08T-S1:TACTTACTCATTCACT	GC08T-S1	17746.0	4386	0.039051052	Tumor	P8	Fibroblasts	Fib_2	-6.4657998085022	10.0944776535034
GC08T-S1:TAGACCAAGTATTGGA	GC08T-S1	12880.0	3801	0.048059005	Tumor	P8	Fibroblasts	Fib_2	-6.998059749603269	9.84711170196533
GC08T-S1:TAGGCATTCCTATTCA	GC08T-S1	7794.0	2796	0.061200924	Tumor	P8	Endothelial cells	Endo_3	9.90018272399902	3.23328948020935
GC08T-S1:TAGTTGGAGTCCCACG	GC08T-S1	5604.0	2157	0.11759458	Tumor	P8	Smooth muscle cells	SMC_1	-0.251767605543137	-10.9312200546265
GC08T-S1:TAGTTGGCAGTCGTGC	GC08T-S1	4048.0	1875	0.031620555	Tumor	P8	Fibroblasts	Fib_2	-5.98536014556885	10.692511558532699
GC08T-S1:TATCAGGAGTTTAGGA	GC08T-S1	5862.0	2365	0.062265437	Tumor	P8	Endothelial cells	Endo_3	10.8691396713257	2.05945134162903
GC08T-S1:TATCTCACAGTGACAG	GC08T-S1	1822.0	1100	0.03183315	Tumor	P8	Fibroblasts	Fib_1	-7.675555229187009	7.07564401626587
GC08T-S1:TATGCCCTCAAACGGG	GC08T-S1	16040.0	4753	0.04413965	Tumor	P8	Fibroblasts	Fib_1	-7.276489734649661	6.63107872009277
GC08T-S1:TATTACCCACCGGAAA	GC08T-S1	4332.0	1704	0.07248384	Tumor	P8	Fibroblasts	Fib_2	-4.0207691192627	10.637606620788599
GC08T-S1:TCAACGATCGGCGGTT	GC08T-S1	6126.0	2365	0.05076722	Tumor	P8	Fibroblasts	Fib_2	-5.57251167297363	10.5204172134399
GC08T-S1:TCACAAGAGTGGTAAT	GC08T-S1	674.0	478	0.022255193	Tumor	P8	Endothelial cells	Endo_1	9.94768333435059	-1.0018128156661998
GC08T-S1:TCAGATGCATCGATTG	GC08T-S1	4230.0	1960	0.09881797	Tumor	P8	Fibroblasts	Fib_1	-7.22440004348755	9.30058860778809
GC08T-S1:TCAGATGGTCATGCAT	GC08T-S1	7470.0	2675	0.05729585	Tumor	P8	Fibroblasts	Fib_2	-6.0769739151001	8.132702827453612
GC08T-S1:TCAGCAACAATGGACG	GC08T-S1	7541.0	2939	0.035539053	Tumor	P8	Endothelial cells	Endo_1	10.5926971435547	-2.51203322410583
GC08T-S1:TCAGCAACACGTCAGC	GC08T-S1	4230.0	1805	0.099054374	Tumor	P8	Endothelial cells	Endo_2	8.238011360168459	-3.5451812744140603
GC08T-S1:TCCACACGTGTTAAGA	GC08T-S1	6968.0	2638	0.04334099	Tumor	P8	Fibroblasts	Fib_1	-7.5357980728149405	7.886681079864499
GC08T-S1:TCGCGAGTCTCGTTTA	GC08T-S1	6379.0	2675	0.03621257	Tumor	P8	Endothelial cells	Endo_2	9.2376070022583	-1.2552664279937702
GC08T-S1:TCGGTAAAGAGTACAT	GC08T-S1	27634.0	5021	0.050191794	Tumor	P8	Fibroblasts	Fib_1	-5.6208000183105495	6.53487682342529
GC08T-S1:TCGGTAACAATGGTCT	GC08T-S1	7597.0	2985	0.05225747	Tumor	P8	Endothelial cells	Endo_4	12.1220035552979	-5.0941057205200195
GC08T-S1:TCGTACCCAATCCGAT	GC08T-S1	7688.0	2561	0.048777316	Tumor	P8	Fibroblasts	Fib_2	-5.605754852294919	9.14102172851562
GC08T-S1:TCTATTGTCAATACCG	GC08T-S1	3273.0	1670	0.11243507	Tumor	P8	Smooth muscle cells	SMC_1	0.0732137411832809	-10.3296537399292
GC08T-S1:TCTCATATCCACGTTC	GC08T-S1	6619.0	2541	0.051669437	Tumor	P8	Endothelial cells	Endo_3	10.6019163131714	2.14125347137451
GC08T-S1:TCTCATATCCATGAAC	GC08T-S1	2371.0	1240	0.08140025	Tumor	P8	Smooth muscle cells	SMC_1	0.15573590993881198	-10.6464424133301
GC08T-S1:TCTCTAATCAAGCCTA	GC08T-S1	14558.0	4100	0.06333288	Tumor	P8	Endothelial cells	Endo_1	13.1371622085571	-1.7072993516922
GC08T-S1:TCTTCGGAGACTCGGA	GC08T-S1	7909.0	2916	0.04931091	Tumor	P8	Endothelial cells	Endo_1	13.4151258468628	-1.5391986370086699
GC08T-S1:TCTTTCCCAGCTGCAC	GC08T-S1	12268.0	3637	0.044016954	Tumor	P8	Smooth muscle cells	SMC_1	0.812935769557953	-10.5268449783325
GC08T-S1:TGAGAGGGTTCCGGCA	GC08T-S1	15469.0	3884	0.033227745	Tumor	P8	Fibroblasts	Fib_1	-6.81534767150879	9.78142738342285
GC08T-S1:TGAGCCGAGGTGACCA	GC08T-S1	6574.0	2629	0.03194402	Tumor	P8	Endothelial cells	Endo_2	8.84683322906494	-2.0183737277984597
GC08T-S1:TGAGCCGTCGATAGAA	GC08T-S1	3156.0	1597	0.059252217	Tumor	P8	Endothelial cells	Endo_3	10.2682580947876	2.9817636013031
GC08T-S1:TGCCAAAAGTGGAGAA	GC08T-S1	6993.0	2524	0.10439011	Tumor	P8	Fibroblasts	Fib_4	-5.728632926940921	1.8766666650772101
GC08T-S1:TGCTGCTAGAGCTATA	GC08T-S1	11552.0	3595	0.03566482	Tumor	P8	Fibroblasts	Fib_2	-5.27825212478638	11.067808151245101
GC08T-S1:TGGACGCAGCCCAACC	GC08T-S1	6332.0	2287	0.051800378	Tumor	P8	Endothelial cells	Endo_3	9.773031234741211	2.70245575904846
GC08T-S1:TGGACGCGTTTCGCTC	GC08T-S1	7283.0	2449	0.07153645	Tumor	P8	Fibroblasts	Fib_1	-7.782540798187259	1.25554764270782
GC08T-S1:TGGACGCTCACCTTAT	GC08T-S1	4274.0	2000	0.06715021	Tumor	P8	Smooth muscle cells	SMC_1	-0.305754661560059	-10.5788440704346
GC08T-S1:TGGCTGGTCAGAGGTG	GC08T-S1	14291.0	4085	0.044993352	Tumor	P8	Endothelial cells	Endo_1	12.4644269943237	-2.2910523414611803
GC08T-S1:TGGGCGTTCCGTTGCT	GC08T-S1	8602.0	3044	0.08974657	Tumor	P8	Endothelial cells	Endo_1	11.602728843689	-2.86761069297791
GC08T-S1:TGGTTAGCATCTCGCT	GC08T-S1	9032.0	3025	0.048937112	Tumor	P8	Fibroblasts	Fib_4	-6.663658618926999	3.9668490886688197
GC08T-S1:TGGTTCCCAAGTAATG	GC08T-S1	14401.0	3760	0.046524547	Tumor	P8	Smooth muscle cells	SMC_1	-0.0106089999899268	-9.65108585357666
GC08T-S1:TGTATTCAGCGTTTAC	GC08T-S1	16566.0	3978	0.03724496	Tumor	P8	Fibroblasts	Fib_1	-6.6249895095825195	6.024789333343509
GC08T-S1:TTAACTCAGATGTCGG	GC08T-S1	2118.0	967	0.20254958	Tumor	P8	Smooth muscle cells	SMC_1	-0.28394490480423	-12.520428657531701
GC08T-S1:TTAACTCTCAGCTCGG	GC08T-S1	7527.0	2426	0.052743457	Tumor	P8	Smooth muscle cells	SMC_1	-0.0146259991452098	-12.289796829223599
GC08T-S1:TTCCCAGAGTATTGGA	GC08T-S1	9345.0	3034	0.060032103	Tumor	P8	Endothelial cells	Endo_3	10.037133216857901	3.03866291046143
GC08T-S1:TTCGAAGAGCGTCTAT	GC08T-S1	1489.0	848	0.030221626	Tumor	P8	Endothelial cells	Endo_1	13.002480506897	-1.43650877475739
GC08T-S1:TTCGAAGCAGTCCTTC	GC08T-S1	5524.0	2124	0.058110066	Tumor	P8	Endothelial cells	Endo_3	9.75018692016602	3.14785432815552
GC08T-S1:TTCGGTCTCACGATGT	GC08T-S1	12747.0	4114	0.035459325	Tumor	P8	Smooth muscle cells	SMC_1	0.459825992584229	-11.255069732666
GC08T-S1:TTCTACATCCACGAAT	GC08T-S1	3026.0	1564	0.119960345	Tumor	P8	Endothelial cells	Endo_4	11.8364200592041	-5.8110671043396
GC08T-S1:TTCTCAACATACAGCT	GC08T-S1	7950.0	2761	0.077987425	Tumor	P8	Fibroblasts	Fib_2	-6.08269453048706	9.59746551513672
GC08T-S1:TTCTTAGCAAGAGGCT	GC08T-S1	1621.0	897	0.26280075	Tumor	P8	Endothelial cells	Endo_1	11.260505676269501	-1.2272127866745
GC08T-S1:TTCTTAGTCCTAGGGC	GC08T-S1	6913.0	2696	0.061478373	Tumor	P8	Endothelial cells	Endo_3	10.2928953170776	2.85242867469788
GC08T-S1:TTGCGTCCACGGTAGA	GC08T-S1	5312.0	2197	0.03125	Tumor	P8	Endothelial cells	Endo_2	9.290731430053711	-4.21048402786255
GC08T-S1:TTTATGCTCTTAACCT	GC08T-S1	8928.0	3166	0.038642474	Tumor	P8	Fibroblasts	Fib_1	-7.4197502136230495	8.8971586227417
GC08T-S1:TTTGCGCCACACGCTG	GC08T-S1	10956.0	3177	0.04271632	Tumor	P8	Endothelial cells	Endo_1	13.186997413635302	-1.77332818508148
GC08T-S1:TTTGCGCGTCCGAATT	GC08T-S1	3458.0	1637	0.06043956	Tumor	P8	Smooth muscle cells	SMC_1	0.124594062566757	-10.722508430481
GC08T-S2:AACGTTGCATTGCGGC	GC08T-S2	12954.0	3517	0.047475684	Tumor	P8	Smooth muscle cells	SMC_1	0.5803455114364621	-9.78293418884277
GC08T-S2:AAGGAGCCATTGCGGC	GC08T-S2	13981.0	3653	0.056505255	Tumor	P8	Smooth muscle cells	SMC_1	1.2028273344039901	-10.752910614013699
GC08T-S2:AATCCAGGTATCGCAT	GC08T-S2	10910.0	3573	0.069935836	Tumor	P8	Endothelial cells	Endo_1	13.1859645843506	-1.02107512950897
GC08T-S2:ACATCAGTCGGATGGA	GC08T-S2	14888.0	3609	0.02962117	Tumor	P8	Smooth muscle cells	SMC_1	-0.818609356880188	-12.7290306091309
GC08T-S2:ACCAGTAAGTGGAGTC	GC08T-S2	15839.0	4259	0.059662856	Tumor	P8	Endothelial cells	Endo_1	12.1635408401489	-3.1166198253631605
GC08T-S2:ACCGTAATCACAATGC	GC08T-S2	15658.0	4452	0.053008046	Tumor	P8	Endothelial cells	Endo_1	13.0652532577515	-1.03205466270447
GC08T-S2:ACGCAGCTCAACACGT	GC08T-S2	24808.0	5274	0.047444373	Tumor	P8	Endothelial cells	Endo_1	12.378292083740199	-1.90925812721252
GC08T-S2:ACTGAGTCATAAGACA	GC08T-S2	30539.0	5674	0.040767543	Tumor	P8	Fibroblasts	Fib_1	-5.7931013107299805	7.037706851959231
GC08T-S2:ACTGTCCAGCCGCCTA	GC08T-S2	21801.0	5137	0.034081005	Tumor	P8	Smooth muscle cells	SMC_1	0.390667319297791	-9.19156455993652
GC08T-S2:ACTTTCAAGTGTTTGC	GC08T-S2	7641.0	2710	0.06975527	Tumor	P8	Smooth muscle cells	SMC_1	0.5456227660179139	-11.6635141372681
GC08T-S2:AGAGCTTAGAACAACT	GC08T-S2	8001.0	2798	0.07811523	Tumor	P8	Smooth muscle cells	SMC_1	0.344955652952194	-11.815235137939501
GC08T-S2:AGTCTTTCACGCTTTC	GC08T-S2	28873.0	5310	0.028885117	Tumor	P8	Fibroblasts	Fib_1	-6.11981344223022	7.49092817306519
GC08T-S2:ATAAGAGGTGGTAACG	GC08T-S2	2808.0	1142	0.2596154	Tumor	P8	Smooth muscle cells	SMC_1	0.706201016902924	-10.937161445617699
GC08T-S2:ATCATCTTCACCTTAT	GC08T-S2	43410.0	6783	0.042041004	Tumor	P8	Fibroblasts	Fib_1	-5.7700834274292	6.96830654144287
GC08T-S2:ATCATGGAGCTAAGAT	GC08T-S2	15872.0	4298	0.041141633	Tumor	P8	Smooth muscle cells	SMC_1	-1.38775360584259	-13.067402839660598
GC08T-S2:ATCGAGTAGAAGATTC	GC08T-S2	28801.0	5478	0.031144751	Tumor	P8	Fibroblasts	Fib_1	-5.43606090545654	6.05344533920288
GC08T-S2:ATTTCTGTCCGCATAA	GC08T-S2	22859.0	5734	0.049039766	Tumor	P8	Endothelial cells	Endo_1	12.123309135437	-3.41283345222473
GC08T-S2:CAAGTTGAGAGCTATA	GC08T-S2	17875.0	4215	0.036755245	Tumor	P8	Smooth muscle cells	SMC_1	0.6100215911865229	-9.33162879943848
GC08T-S2:CACAGTACAAATCCGT	GC08T-S2	20423.0	4959	0.03780052	Tumor	P8	Smooth muscle cells	SMC_1	0.920826613903046	-9.81313323974609
GC08T-S2:CACATTTTCGGAAACG	GC08T-S2	13783.0	3858	0.04686933	Tumor	P8	Fibroblasts	Fib_1	-9.349058151245119	5.694382190704349
GC08T-S2:CAGAATCAGAGATGAG	GC08T-S2	5366.0	1730	0.29146478	Tumor	P8	Fibroblasts	Fib_3	-4.68195056915283	5.58831119537354
GC08T-S2:CAGAATCAGCGAAGGG	GC08T-S2	21912.0	4973	0.05170683	Tumor	P8	Smooth muscle cells	SMC_1	1.3393746614456201	-10.9874601364136
GC08T-S2:CAGAATCTCGGCGCTA	GC08T-S2	15169.0	4042	0.046146747	Tumor	P8	Fibroblasts	Fib_1	-9.280355453491211	5.71226358413696
GC08T-S2:CAGAGAGTCACATGCA	GC08T-S2	24950.0	4959	0.056312624	Tumor	P8	Smooth muscle cells	SMC_1	0.93888521194458	-9.06600761413574
GC08T-S2:CAGCTAAAGGTGACCA	GC08T-S2	15603.0	4453	0.048067678	Tumor	P8	Endothelial cells	Endo_1	12.3286218643188	-2.4269700050354
GC08T-S2:CATATGGGTCTGCAAT	GC08T-S2	14388.0	3605	0.058103975	Tumor	P8	Fibroblasts	Fib_1	-7.300855159759519	7.52474212646484
GC08T-S2:CATCGAACATCATCCC	GC08T-S2	26978.0	5065	0.021536067	Tumor	P8	Fibroblasts	Fib_1	-5.47705078125	5.95105314254761
GC08T-S2:CATTATCAGGTTCCTA	GC08T-S2	24553.0	4993	0.03791797	Tumor	P8	Fibroblasts	Fib_1	-6.87403964996338	7.390576839447019
GC08T-S2:CCAATCCCACTAGTAC	GC08T-S2	32444.0	5853	0.07585378	Tumor	P8	Smooth muscle cells	SMC_1	-1.8335558176040603	-13.102839469909698
GC08T-S2:CCAGCGAAGCACACAG	GC08T-S2	24405.0	5156	0.040688384	Tumor	P8	Fibroblasts	Fib_1	-6.536452293396	8.10860061645508
GC08T-S2:CCAGCGAGTTATGTGC	GC08T-S2	13051.0	3998	0.04421117	Tumor	P8	Endothelial cells	Endo_1	13.082177162170401	-0.9187447428703309
GC08T-S2:CCGTGGAGTCTAGTCA	GC08T-S2	20212.0	4806	0.04220265	Tumor	P8	Smooth muscle cells	SMC_1	0.771934688091278	-9.8758487701416
GC08T-S2:CCGTTCATCTGAGGGA	GC08T-S2	12800.0	3314	0.03828125	Tumor	P8	Fibroblasts	Fib_1	-6.03569841384888	6.053213596343991
GC08T-S2:CCTAAAGCAGAGCCAA	GC08T-S2	18982.0	4375	0.023706669	Tumor	P8	Smooth muscle cells	SMC_1	-0.0996590405702591	-12.667844772338901
GC08T-S2:CCTAAAGTCTGACCTC	GC08T-S2	25990.0	5181	0.035744518	Tumor	P8	Fibroblasts	Fib_1	-6.79698133468628	8.46781539916992
GC08T-S2:CCTACCAAGCTGCCCA	GC08T-S2	17068.0	3889	0.040016405	Tumor	P8	Fibroblasts	Fib_1	-5.672717094421389	5.704425811767581
GC08T-S2:CGAGAAGAGTACATGA	GC08T-S2	36041.0	6035	0.058544435	Tumor	P8	Smooth muscle cells	SMC_1	1.0345653295516999	-8.85995006561279
GC08T-S2:CGATGTATCTCTAAGG	GC08T-S2	30965.0	5831	0.03675117	Tumor	P8	Smooth muscle cells	SMC_1	0.6616334319114691	-8.75528717041016
GC08T-S2:CGCTATCCACGCATCG	GC08T-S2	22290.0	4764	0.03216689	Tumor	P8	Fibroblasts	Fib_1	-6.87566041946411	7.68189811706543
GC08T-S2:CGTAGCGTCGGTTCGG	GC08T-S2	7641.0	2490	0.03860751	Tumor	P8	Endothelial cells	Endo_1	13.5391330718994	-1.2558490037918102
GC08T-S2:CGTCACTCACGACTCG	GC08T-S2	24981.0	5109	0.026259957	Tumor	P8	Fibroblasts	Fib_1	-6.25795698165894	8.000657081604
GC08T-S2:CGTTAGACAGACACTT	GC08T-S2	2317.0	1250	0.2205438	Tumor	P8	Endothelial cells	Endo_1	11.9938554763794	-4.36472225189209
GC08T-S2:CGTTGGGCAGTAGAGC	GC08T-S2	29867.0	5442	0.039341077	Tumor	P8	Smooth muscle cells	SMC_1	0.989294588565826	-8.95488452911377
GC08T-S2:CTAACTTTCCGTTGCT	GC08T-S2	32285.0	5836	0.035837077	Tumor	P8	Smooth muscle cells	SMC_1	0.9679120779037479	-8.95425701141357
GC08T-S2:CTAATGGCAAGCTGAG	GC08T-S2	16561.0	4486	0.054404926	Tumor	P8	Endothelial cells	Endo_1	12.545926094055199	-2.50167465209961
GC08T-S2:CTCCTAGTCATCTGCC	GC08T-S2	28358.0	5495	0.035474997	Tumor	P8	Fibroblasts	Fib_1	-6.40703248977661	7.698702812194821
GC08T-S2:CTCGAAATCTCTGCTG	GC08T-S2	3024.0	1400	0.1957672	Tumor	P8	Endothelial cells	Endo_1	11.4753160476685	-0.862234354019165
GC08T-S2:CTGAAACTCCGATATG	GC08T-S2	7144.0	2499	0.06774916	Tumor	P8	Smooth muscle cells	SMC_1	-0.256247371435165	-9.66597938537598
GC08T-S2:CTGCCTAAGGCCGAAT	GC08T-S2	21798.0	5018	0.030828517	Tumor	P8	Fibroblasts	Fib_1	-7.07774257659912	7.73574304580688
GC08T-S2:CTTACCGGTCACAAGG	GC08T-S2	25390.0	5127	0.026664041	Tumor	P8	Fibroblasts	Fib_1	-6.82561826705933	7.46764373779297
GC08T-S2:GAAACTCAGATGCGAC	GC08T-S2	13900.0	4111	0.03294964	Tumor	P8	Endothelial cells	Endo_1	12.7654685974121	-2.93215560913086
GC08T-S2:GACGGCTCACGCTTTC	GC08T-S2	14848.0	4124	0.04370959	Tumor	P8	Smooth muscle cells	SMC_1	1.02258706092834	-11.2855844497681
GC08T-S2:GACGTTAAGGGAAACA	GC08T-S2	1108.0	751	0.0072202166	Tumor	P8	Endothelial cells	Endo_1	10.0750045776367	-1.24559056758881
GC08T-S2:GAGGTGAAGCTACCTA	GC08T-S2	23526.0	5062	0.035450142	Tumor	P8	Smooth muscle cells	SMC_1	0.733922183513641	-11.9914045333862
GC08T-S2:GATCGATAGAAGAAGC	GC08T-S2	19445.0	4424	0.03533042	Tumor	P8	Fibroblasts	Fib_1	-6.29150295257568	5.84883737564087
GC08T-S2:GATCGTAAGTCGTTTG	GC08T-S2	23362.0	5358	0.036983136	Tumor	P8	Endothelial cells	Endo_4	11.9220285415649	-4.96632766723633
GC08T-S2:GCGAGAATCTATCCTA	GC08T-S2	25085.0	5139	0.047119793	Tumor	P8	Smooth muscle cells	SMC_1	0.6715180277824399	-8.8274393081665
GC08T-S2:GCGGGTTGTTCCACTC	GC08T-S2	6741.0	2729	0.05043762	Tumor	P8	Endothelial cells	Endo_1	11.061110496521001	-2.87133169174194
GC08T-S2:GCTTCCAAGCGTAGTG	GC08T-S2	13561.0	3746	0.04660423	Tumor	P8	Endothelial cells	Endo_1	13.3105316162109	-1.0769870281219498
GC08T-S2:GGAGCAAGTGTCTGAT	GC08T-S2	13558.0	3563	0.03414958	Tumor	P8	Fibroblasts	Fib_1	-6.17012071609497	5.95631885528564
GC08T-S2:GGCAATTCACGGCGTT	GC08T-S2	24379.0	4966	0.054309037	Tumor	P8	Smooth muscle cells	SMC_1	1.01783084869385	-9.1242561340332
GC08T-S2:GGCCGATGTATTAGCC	GC08T-S2	29231.0	5230	0.034141835	Tumor	P8	Fibroblasts	Fib_1	-6.105175971984861	7.34054803848267
GC08T-S2:GGGACCTGTTGACGTT	GC08T-S2	20469.0	4728	0.026381357	Tumor	P8	Fibroblasts	Fib_1	-6.94725131988525	7.7759304046630895
GC08T-S2:GGGATGATCAACGAAA	GC08T-S2	32221.0	5283	0.041432608	Tumor	P8	Fibroblasts	Fib_1	-6.136155128479	7.59023094177246
GC08T-S2:GTATCTTTCGAGAACG	GC08T-S2	29512.0	5332	0.045405257	Tumor	P8	Smooth muscle cells	SMC_1	0.7634705901145941	-8.78435230255127
GC08T-S2:GTGAAGGCATCTACGA	GC08T-S2	21531.0	4620	0.043286424	Tumor	P8	Smooth muscle cells	SMC_1	-1.1070837974548302	-12.830091476440401
GC08T-S2:GTGCAGCCACCCAGTG	GC08T-S2	29497.0	5341	0.03363054	Tumor	P8	Fibroblasts	Fib_1	-6.72839546203613	7.916767120361331
GC08T-S2:GTGCGGTGTAGGGTAC	GC08T-S2	13941.0	3735	0.03894986	Tumor	P8	Smooth muscle cells	SMC_1	0.980161428451538	-11.670086860656701
GC08T-S2:GTTCGGGCAGCTGGCT	GC08T-S2	22702.0	5007	0.046824068	Tumor	P8	Smooth muscle cells	SMC_1	1.0033004283905	-9.5999002456665
GC08T-S2:TAAGTGCGTACATGTC	GC08T-S2	16750.0	4240	0.04674627	Tumor	P8	Endothelial cells	Endo_1	12.449595451355	-1.7161048650741597
GC08T-S2:TACTCATCAATCACAC	GC08T-S2	869.0	571	0.002301496	Tumor	P8	Fibroblasts	Fib_1	-7.109613418579099	6.078683376312259
GC08T-S2:TAGGCATTCGTGGGAA	GC08T-S2	2709.0	1351	0.20228867	Tumor	P8	Endothelial cells	Endo_1	11.443599700927699	-0.808701455593109
GC08T-S2:TATGCCCGTTAGAACA	GC08T-S2	16824.0	4523	0.04790775	Tumor	P8	Endothelial cells	Endo_1	13.039710044860803	-2.43596386909485
GC08T-S2:TCAGGTAGTCGTTGTA	GC08T-S2	15137.0	4009	0.05086873	Tumor	P8	Endothelial cells	Endo_1	12.8258962631226	-2.00365328788757
GC08T-S2:TCTCTAAGTGACGCCT	GC08T-S2	16510.0	4244	0.04112659	Tumor	P8	Endothelial cells	Endo_1	12.8992338180542	-2.68749284744263
GC08T-S2:TGAAAGATCGCGCCAA	GC08T-S2	1954.0	891	0.027123848	Tumor	P8	Endothelial cells	Endo_1	10.0980968475342	-0.8860067129135129
GC08T-S2:TGACTAGCACGGCTAC	GC08T-S2	31480.0	5462	0.03208386	Tumor	P8	Fibroblasts	Fib_1	-6.52190971374512	7.34891414642334
GC08T-S2:TGCGGGTCACCAGATT	GC08T-S2	13981.0	4104	0.053715758	Tumor	P8	Endothelial cells	Endo_1	12.924497604370101	-2.14900159835815
GC08T-S2:TGCGGGTGTCGCGAAA	GC08T-S2	13415.0	3876	0.031233694	Tumor	P8	Endothelial cells	Endo_1	12.0787963867188	-2.4603226184845
GC08T-S2:TGCTACCCATCAGTAC	GC08T-S2	27026.0	5368	0.036446385	Tumor	P8	Fibroblasts	Fib_1	-6.98587417602539	7.854907035827639
GC08T-S2:TGGACGCTCAGGATCT	GC08T-S2	33619.0	5815	0.035307415	Tumor	P8	Fibroblasts	Fib_1	-5.946712493896481	7.09710597991943
GC08T-S2:TGGGAAGCATAGACTC	GC08T-S2	14923.0	3727	0.09830463	Tumor	P8	Smooth muscle cells	SMC_1	1.33054661750793	-10.6538200378418
GC08T-S2:TGGTTAGAGGTACTCT	GC08T-S2	20293.0	4977	0.06317449	Tumor	P8	Endothelial cells	Endo_1	12.6678075790405	-2.20403265953064
GC08T-S2:TGTTCCGCACTAGTAC	GC08T-S2	24494.0	4801	0.052176043	Tumor	P8	Smooth muscle cells	SMC_1	1.13299167156219	-11.493082046508801
GC08T-S2:TTGACTTTCCACGACG	GC08T-S2	24898.0	4937	0.037352398	Tumor	P8	Smooth muscle cells	SMC_1	0.36336517333984397	-8.91836452484131
GC08T-S2:TTGCCGTTCATCATTC	GC08T-S2	11224.0	3800	0.018442623	Tumor	P8	Endothelial cells	Endo_4	12.1540946960449	-4.50992488861084
GC08T-S2:TTTCCTCAGTGTACGG	GC08T-S2	6521.0	2247	0.032357	Tumor	P8	Fibroblasts	Fib_1	-7.16180324554443	6.2862234115600595
GC08T-S2:TTTGCGCAGAATGTTG	GC08T-S2	14871.0	4199	0.03490014	Tumor	P8	Endothelial cells	Endo_1	12.6036214828491	-3.04858803749084
GC09P:AAACCTGAGCACCGTC	GC09P	3540.0	1717	0.14548023	Paratumor	P9	Myofibroblasts	Myofibroblasts	-7.8704519271850595	0.5728172063827509
GC09P:AAACCTGGTTCAGACT	GC09P	2550.0	1230	0.1662745	Paratumor	P9	Smooth muscle cells	SMC_1	-0.0284786410629749	-10.4414405822754
GC09P:AAACGGGAGCAATATG	GC09P	7259.0	2722	0.045323048	Paratumor	P9	Fibroblasts	Fib_5	-11.2552909851074	2.65228748321533
GC09P:AAAGCAAAGTCTTGCA	GC09P	1837.0	977	0.11105063	Paratumor	P9	Endothelial cells	Endo_4	11.352935791015598	-5.84143733978271
GC09P:AAAGCAAGTCCGAACC	GC09P	2943.0	1282	0.14984709	Paratumor	P9	Myofibroblasts	Myofibroblasts	-7.9377646446228	0.636224985122681
GC09P:AAATGCCCACGGCGTT	GC09P	11424.0	3300	0.09418768	Paratumor	P9	Fibroblasts	Fib_5	-11.400139808654801	3.2616963386535605
GC09P:AACACGTAGTGGACGT	GC09P	4883.0	1892	0.081916854	Paratumor	P9	Smooth muscle cells	SMC_1	-1.94219696521759	-11.2670488357544
GC09P:AACCATGGTACAGACG	GC09P	8231.0	2734	0.10533349	Paratumor	P9	Smooth muscle cells	SMC_1	0.408297330141068	-11.8544588088989
GC09P:AACCATGGTTGAGTTC	GC09P	2656.0	1073	0.11822289	Paratumor	P9	Smooth muscle cells	SMC_2	-3.9516513347625697	-12.1279010772705
GC09P:AACCGCGTCGAGAGCA	GC09P	2454.0	1253	0.041157294	Paratumor	P9	Endothelial cells	Endo_4	11.5499000549316	-7.4280710220336905
GC09P:AACTCAGCACGCCAGT	GC09P	12530.0	2932	0.29002395	Paratumor	P9	Smooth muscle cells	SMC_2	-3.9191517829895	-13.662172317504899
GC09P:AACTCCCAGTGGTAGC	GC09P	2864.0	1239	0.061452515	Paratumor	P9	Fibroblasts	Fib_3	-3.73281192779541	7.4892263412475595
GC09P:AACTCCCTCGTTTAGG	GC09P	15754.0	4484	0.055668402	Paratumor	P9	Smooth muscle cells	SMC_1	0.10012818872928599	-10.4046049118042
GC09P:AAGACCTCACCTGGTG	GC09P	5844.0	2310	0.046714578	Paratumor	P9	Endothelial cells	Endo_2	8.72530937194824	-2.90385985374451
GC09P:AAGACCTTCAGCATGT	GC09P	1128.0	618	0.18173759	Paratumor	P9	Endothelial cells	Endo_1	10.237820625305199	0.311518341302872
GC09P:AAGCCGCAGCGTGAAC	GC09P	15515.0	3638	0.03551402	Paratumor	P9	Fibroblasts	Fib_5	-11.5362997055054	3.3030600547790496
GC09P:AAGCCGCAGGTGCTAG	GC09P	2431.0	1174	0.030028794	Paratumor	P9	Smooth muscle cells	SMC_1	-0.641952931880951	-10.306648254394501
GC09P:AAGGAGCCATGGATGG	GC09P	8921.0	3009	0.05515077	Paratumor	P9	Myofibroblasts	Myofibroblasts	-8.100185394287111	0.8560737371444699
GC09P:AAGGTTCAGGATTCGG	GC09P	7845.0	2439	0.096494585	Paratumor	P9	Smooth muscle cells	SMC_2	-4.61281442642212	-13.0295248031616
GC09P:AAGTCTGGTTATGCGT	GC09P	5316.0	2021	0.06884876	Paratumor	P9	Endothelial cells	Endo_3	10.1298036575317	2.7174024581909197
GC09P:AATCCAGTCAACGGCC	GC09P	3360.0	1631	0.114583336	Paratumor	P9	Smooth muscle cells	SMC_2	-2.8777914047241198	-12.346167564392099
GC09P:AATCGGTGTACTTCTT	GC09P	6036.0	2234	0.15059642	Paratumor	P9	Fibroblasts	Fib_3	-8.64761257171631	2.8242738246917702
GC09P:AATCGGTTCACATAGC	GC09P	6763.0	2441	0.09862487	Paratumor	P9	Fibroblasts	Fib_2	-6.64881706237793	7.79939746856689
GC09P:ACACCAACACTAGTAC	GC09P	10068.0	2727	0.052046087	Paratumor	P9	Fibroblasts	Fib_5	-10.7020082473755	3.72507691383362
GC09P:ACACCCTAGTTAAGTG	GC09P	2140.0	955	0.19018692	Paratumor	P9	Fibroblasts	Fib_3	-4.06499481201172	7.84698152542114
GC09P:ACACCCTCATCTCGCT	GC09P	10008.0	3300	0.043165468	Paratumor	P9	Smooth muscle cells	SMC_1	0.848616063594818	-11.025858879089402
GC09P:ACACTGAGTAAATGAC	GC09P	8093.0	2745	0.05881626	Paratumor	P9	Endothelial cells	Endo_3	9.63316345214844	3.05548763275146
GC09P:ACATACGCATGCCCGA	GC09P	8235.0	2581	0.103339404	Paratumor	P9	Smooth muscle cells	SMC_1	-2.5249638557434104	-13.3584337234497
GC09P:ACATCAGCATCTCGCT	GC09P	14663.0	3573	0.031985268	Paratumor	P9	Fibroblasts	Fib_5	-11.4539546966553	3.5176928043365496
GC09P:ACATCAGTCTGTTGAG	GC09P	12874.0	3292	0.040469162	Paratumor	P9	Fibroblasts	Fib_5	-11.1717443466187	3.3797664642333998
GC09P:ACATGGTCAGTCACTA	GC09P	7159.0	2285	0.08297248	Paratumor	P9	Smooth muscle cells	SMC_2	-4.69061613082886	-13.194906234741199
GC09P:ACGAGGAAGCGATGAC	GC09P	3834.0	1476	0.06833594	Paratumor	P9	Smooth muscle cells	SMC_2	-3.5234925746917702	-12.6784029006958
GC09P:ACGAGGAGTCGCATAT	GC09P	1775.0	921	0.09971831	Paratumor	P9	Myofibroblasts	Myofibroblasts	-8.72179412841797	5.495470523834231
GC09P:ACGAGGATCTTCTGGC	GC09P	5646.0	2390	0.04746723	Paratumor	P9	Fibroblasts	Fib_2	-5.60494232177734	10.5688171386719
GC09P:ACGATACGTGAAGGCT	GC09P	5965.0	2159	0.068399	Paratumor	P9	Fibroblasts	Fib_2	-4.67595863342285	10.7138147354126
GC09P:ACGATGTGTCCGTTAA	GC09P	13583.0	3372	0.058455423	Paratumor	P9	Fibroblasts	Fib_1	-6.33671998977661	6.20311498641968
GC09P:ACGCAGCGTACATGTC	GC09P	13669.0	3526	0.06869559	Paratumor	P9	Fibroblasts	Fib_5	-11.1198120117188	3.6712260246276895
GC09P:ACGCCGACATACTACG	GC09P	1989.0	795	0.26847664	Paratumor	P9	Fibroblasts	Fib_3	-4.20721626281738	7.56620788574219
GC09P:ACGGCCAAGCTAACTC	GC09P	15147.0	4030	0.05294778	Paratumor	P9	Fibroblasts	Fib_2	-5.76645851135254	8.24957847595215
GC09P:ACGGCCAGTGCTCTTC	GC09P	2518.0	901	0.1810961	Paratumor	P9	Endothelial cells	Endo_1	9.25783634185791	1.36689805984497
GC09P:ACGGGTCCACAGACTT	GC09P	9118.0	3177	0.04770783	Paratumor	P9	Smooth muscle cells	SMC_1	-0.471536666154861	-9.888813972473141
GC09P:ACTATCTTCAAACAAG	GC09P	11780.0	3320	0.0950764	Paratumor	P9	Smooth muscle cells	SMC_2	-3.6324687004089395	-13.084836006164599
GC09P:ACTGAACAGCGAAGGG	GC09P	10922.0	3034	0.037447356	Paratumor	P9	Fibroblasts	Fib_4	-10.621150970459	3.61919379234314
GC09P:ACTGCTCTCTTGAGGT	GC09P	1430.0	724	0.23986015	Paratumor	P9	Endothelial cells	Endo_1	9.16309642791748	-1.96921586990356
GC09P:ACTTGTTCACGTAAGG	GC09P	2743.0	1485	0.08713088	Paratumor	P9	Endothelial cells	Endo_4	11.811089515686	-5.68778991699219
GC09P:ACTTGTTTCATGTGGT	GC09P	2294.0	1270	0.10156931	Paratumor	P9	Myofibroblasts	Myofibroblasts	-7.732183933258059	0.7570166587829591
GC09P:ACTTTCAGTCACTTCC	GC09P	7614.0	2634	0.042027842	Paratumor	P9	Fibroblasts	Fib_2	-5.50174474716187	10.9965124130249
GC09P:AGAGCGATCTCAACTT	GC09P	4851.0	1786	0.084518656	Paratumor	P9	Fibroblasts	Fib_5	-10.830625534057601	2.98670935630798
GC09P:AGAGCTTTCATGTCCC	GC09P	8978.0	2830	0.06226331	Paratumor	P9	Fibroblasts	Fib_2	-5.50613880157471	8.81057739257812
GC09P:AGAGTGGGTTGAACTC	GC09P	18306.0	4129	0.057740632	Paratumor	P9	Fibroblasts	Fib_5	-11.130767822265598	3.5962920188903795
GC09P:AGATTGCAGTTGTAGA	GC09P	3032.0	1348	0.15963061	Paratumor	P9	Smooth muscle cells	SMC_1	-0.21613998711109197	-10.2515106201172
GC09P:AGCATACCACGGATAG	GC09P	1029.0	651	0.1681244	Paratumor	P9	Endothelial cells	Endo_4	12.490439414978	-6.43558216094971
GC09P:AGCATACGTCTTCGTC	GC09P	4231.0	1589	0.19782557	Paratumor	P9	Fibroblasts	Fib_1	-6.80794715881348	5.417999267578121
GC09P:AGCATACGTGATGTGG	GC09P	5439.0	1811	0.061040632	Paratumor	P9	Smooth muscle cells	SMC_2	-4.40614080429077	-12.694709777832001
GC09P:AGCGGTCAGCGTAATA	GC09P	3157.0	1469	0.1279696	Paratumor	P9	Fibroblasts	Fib_4	-6.330528736114499	2.30147266387939
GC09P:AGCGTCGAGCGATTCT	GC09P	2335.0	1075	0.03468951	Paratumor	P9	Fibroblasts	Fib_2	-4.22663593292236	10.253218650817901
GC09P:AGCTCTCGTCACCCAG	GC09P	9834.0	2694	0.06823266	Paratumor	P9	Smooth muscle cells	SMC_2	-4.779906272888179	-12.324687004089402
GC09P:AGCTTGAAGCTGTCTA	GC09P	5686.0	2091	0.0872318	Paratumor	P9	Smooth muscle cells	SMC_2	-3.4080791473388703	-12.844120025634801
GC09P:AGCTTGAAGGCTCTTA	GC09P	7068.0	2437	0.08135258	Paratumor	P9	Fibroblasts	Fib_5	-11.390905380249	2.74091029167175
GC09P:AGGCCACAGCCGTCGT	GC09P	1160.0	571	0.12672414	Paratumor	P9	Fibroblasts	Fib_4	-6.626845836639401	3.00365281105042
GC09P:AGGCCACGTAGGAGTC	GC09P	4949.0	1408	0.16670035	Paratumor	P9	Smooth muscle cells	SMC_1	-2.7136900424957298	-13.184775352478
GC09P:AGGCCGTCAATCGAAA	GC09P	1924.0	997	0.1923077	Paratumor	P9	Endothelial cells	Endo_1	9.21599102020264	-1.85501778125763
GC09P:AGGGTGAGTATCTGCA	GC09P	10016.0	3374	0.036940895	Paratumor	P9	Fibroblasts	Fib_2	-6.74068403244019	10.235867500305199
GC09P:AGGTCCGGTGCAGACA	GC09P	10178.0	3411	0.062389467	Paratumor	P9	Fibroblasts	Fib_5	-11.088852882385302	2.68049955368042
GC09P:AGTAGTCAGTGTACTC	GC09P	8843.0	2924	0.04082325	Paratumor	P9	Myofibroblasts	Myofibroblasts	-7.911888599395749	0.831214010715485
GC09P:AGTAGTCGTAAGAGGA	GC09P	1844.0	883	0.15672451	Paratumor	P9	Myofibroblasts	Myofibroblasts	-7.37609672546387	0.974745333194733
GC09P:AGTGGGAGTACCGTTA	GC09P	3403.0	1593	0.16015281	Paratumor	P9	Myofibroblasts	Myofibroblasts	-7.85235166549683	0.51143753528595
GC09P:AGTGGGATCCAGAGGA	GC09P	13993.0	3825	0.046880584	Paratumor	P9	Myofibroblasts	Myofibroblasts	-7.169719696044919	1.31398177146912
GC09P:AGTGTCAAGTGAAGTT	GC09P	15477.0	3202	0.26025715	Paratumor	P9	Fibroblasts	Fib_5	-11.0634126663208	3.64950585365295
GC09P:AGTGTCAGTCTTCTCG	GC09P	9735.0	3060	0.116178736	Paratumor	P9	Fibroblasts	Fib_4	-8.15209007263184	2.7445437908172594
GC09P:AGTGTCAGTGCCTGTG	GC09P	8215.0	2951	0.054534387	Paratumor	P9	Endothelial cells	Endo_1	13.194989204406701	-1.6228281259536699
GC09P:ATAAGAGAGGGATCTG	GC09P	8259.0	2965	0.08560359	Paratumor	P9	Endothelial cells	Endo_1	11.825836181640598	-2.4179356098175
GC09P:ATAAGAGCAGTAACGG	GC09P	5693.0	1999	0.08501669	Paratumor	P9	Smooth muscle cells	SMC_2	-4.61720943450928	-12.522336006164599
GC09P:ATCACGAAGGATTCGG	GC09P	9077.0	2671	0.05574529	Paratumor	P9	Endothelial cells	Endo_3	9.36890888214111	2.6970126628875697
GC09P:ATCATCTGTAAGGATT	GC09P	5656.0	2013	0.047206506	Paratumor	P9	Endothelial cells	Endo_4	12.4098863601685	-6.12410545349121
GC09P:ATCCACCTCTGCGACG	GC09P	11734.0	2991	0.07286518	Paratumor	P9	Fibroblasts	Fib_5	-11.3049583435059	3.45635771751404
GC09P:ATCCGAATCTAACTCT	GC09P	4026.0	1872	0.098857425	Paratumor	P9	Smooth muscle cells	SMC_1	-0.40031266212463396	-10.3900032043457
GC09P:ATCGAGTTCAACGGCC	GC09P	1007.0	656	0.1469712	Paratumor	P9	Endothelial cells	Endo_1	8.66547679901123	-2.2271907329559304
GC09P:ATGAGGGCACACTGCG	GC09P	14537.0	3930	0.06314921	Paratumor	P9	Fibroblasts	Fib_2	-5.79793453216553	9.04155540466309
GC09P:ATGAGGGTCTCCAACC	GC09P	3701.0	1554	0.19751419	Paratumor	P9	Smooth muscle cells	SMC_2	-3.64488983154297	-13.227276802063
GC09P:ATGCGATAGGTTCCTA	GC09P	1982.0	864	0.12815338	Paratumor	P9	Fibroblasts	Fib_4	-7.326471328735349	2.99462628364563
GC09P:ATGCGATGTCACCCAG	GC09P	7887.0	2640	0.061113223	Paratumor	P9	Smooth muscle cells	SMC_2	-3.1828217506408705	-13.401762008667
GC09P:ATGTGTGTCTGCGACG	GC09P	1773.0	849	0.23519458	Paratumor	P9	Endothelial cells	Endo_1	9.09923362731934	-1.47363924980164
GC09P:ATTACTCTCGACCAGC	GC09P	17881.0	4624	0.051171634	Paratumor	P9	Myofibroblasts	Myofibroblasts	-7.739436149597171	0.9040468335151669
GC09P:ATTACTCTCTTAACCT	GC09P	1007.0	565	0.10427011	Paratumor	P9	Endothelial cells	Endo_2	8.99257183074951	-2.9435114860534703
GC09P:ATTATCCAGAGGTACC	GC09P	1499.0	717	0.17811875	Paratumor	P9	Fibroblasts	Fib_3	-3.6363558769226096	8.30069923400879
GC09P:ATTATCCCAATGGAAT	GC09P	3934.0	1447	0.06964921	Paratumor	P9	Fibroblasts	Fib_3	-4.0868844985961905	6.81468915939331
GC09P:ATTGGACAGTTACCCA	GC09P	8061.0	2856	0.046644337	Paratumor	P9	Endothelial cells	Endo_2	7.8722243309021	-3.19960522651672
GC09P:ATTTCTGAGCGCCTCA	GC09P	2682.0	1320	0.08463833	Paratumor	P9	Myofibroblasts	Myofibroblasts	-7.29250240325928	1.1945202350616497
GC09P:CAACCTCTCATAACCG	GC09P	4085.0	1650	0.10403917	Paratumor	P9	Smooth muscle cells	SMC_2	-3.61670923233032	-13.6069278717041
GC09P:CAAGAAAAGCCTATGT	GC09P	3041.0	1274	0.2735942	Paratumor	P9	Smooth muscle cells	SMC_1	-2.97677445411682	-13.775637626647901
GC09P:CAAGATCCAGCTGGCT	GC09P	8285.0	2807	0.09716355	Paratumor	P9	Fibroblasts	Fib_4	-10.216423988342301	2.63828706741333
GC09P:CAAGGCCTCAGTGCAT	GC09P	2166.0	1179	0.010156971	Paratumor	P9	Smooth muscle cells	SMC_2	-3.9213848114013703	-12.5568532943726
GC09P:CACAAACTCAGTTTGG	GC09P	11126.0	2914	0.091767035	Paratumor	P9	Fibroblasts	Fib_4	-8.88951778411865	2.97137808799744
GC09P:CACACCTCAACACCTA	GC09P	10076.0	3466	0.04396586	Paratumor	P9	Endothelial cells	Endo_2	9.62010669708252	-3.07315492630005
GC09P:CACACTCAGTAGGTGC	GC09P	1624.0	678	0.18719211	Paratumor	P9	Smooth muscle cells	SMC_2	-3.7572085857391397	-12.061968803405799
GC09P:CACACTCCAAGGTGTG	GC09P	9759.0	2879	0.08259043	Paratumor	P9	Fibroblasts	Fib_4	-8.751355171203612	2.99805378913879
GC09P:CACACTCCAGGGTACA	GC09P	10334.0	2969	0.10286433	Paratumor	P9	Fibroblasts	Fib_5	-10.060628890991199	3.30277156829834
GC09P:CACACTCCATTTCACT	GC09P	10055.0	3324	0.037891597	Paratumor	P9	Fibroblasts	Fib_2	-5.30601167678833	11.123984336853
GC09P:CACAGGCGTAGGCATG	GC09P	969.0	546	0.28276575	Paratumor	P9	Endothelial cells	Endo_1	10.3965320587158	0.35170066356658897
GC09P:CACAGTAAGTGAACGC	GC09P	6491.0	2388	0.13973194	Paratumor	P9	Endothelial cells	Endo_1	11.2023239135742	-2.8991639614105202
GC09P:CACAGTAAGTGAATTG	GC09P	6044.0	2522	0.07627399	Paratumor	P9	Myofibroblasts	Myofibroblasts	-7.53765439987183	0.86674302816391
GC09P:CACATAGCATTGTGCA	GC09P	2156.0	1124	0.17578849	Paratumor	P9	Smooth muscle cells	SMC_1	-0.00354831898584962	-12.649862289428699
GC09P:CACATAGTCCAAACAC	GC09P	1330.0	691	0.281203	Paratumor	P9	Fibroblasts	Fib_3	-4.26830101013184	8.36537456512451
GC09P:CACATTTAGGGCACTA	GC09P	962.0	474	0.22141372	Paratumor	P9	Endothelial cells	Endo_1	10.0203714370728	-3.31786060333252
GC09P:CACATTTAGGGCTTGA	GC09P	10199.0	2980	0.044808313	Paratumor	P9	Endothelial cells	Endo_3	9.0713996887207	2.69125294685364
GC09P:CACATTTGTTCTGAAC	GC09P	3864.0	1737	0.051501036	Paratumor	P9	Endothelial cells	Endo_4	12.1707916259766	-6.3748054504394505
GC09P:CACCACTGTTCTCATT	GC09P	981.0	537	0.23037717	Paratumor	P9	Endothelial cells	Endo_1	10.3493537902832	-3.86526370048523
GC09P:CACCACTTCACCGGGT	GC09P	6259.0	2401	0.04745167	Paratumor	P9	Fibroblasts	Fib_2	-4.85684680938721	11.035397529602099
GC09P:CACCTTGAGCCAGGAT	GC09P	4475.0	1989	0.09787709	Paratumor	P9	Fibroblasts	Fib_2	-5.89795017242432	9.79549407958984
GC09P:CACTCCAGTTCGTTGA	GC09P	11567.0	3342	0.08135212	Paratumor	P9	Endothelial cells	Endo_3	9.00121784210205	2.82028222084045
GC09P:CAGAATCGTGCAGGTA	GC09P	2022.0	910	0.28635016	Paratumor	P9	Endothelial cells	Endo_1	10.2590379714966	-0.744012951850891
GC09P:CAGAGAGAGGGAACGG	GC09P	10891.0	3147	0.07299605	Paratumor	P9	Smooth muscle cells	SMC_1	-2.4380726814269997	-13.306652069091802
GC09P:CAGATCACATAACCTG	GC09P	3795.0	1589	0.085639	Paratumor	P9	Smooth muscle cells	SMC_2	-3.7802753448486297	-12.278087615966802
GC09P:CAGATCAGTCCGAAGA	GC09P	5766.0	2284	0.035900105	Paratumor	P9	Fibroblasts	Fib_5	-11.3376712799072	2.70287656784058
GC09P:CAGCCGAAGCGTAGTG	GC09P	1648.0	836	0.10618932	Paratumor	P9	Fibroblasts	Fib_3	-4.70050764083862	9.67168045043945
GC09P:CAGCCGAAGGGTGTTG	GC09P	917.0	530	0.18320611	Paratumor	P9	Myofibroblasts	Myofibroblasts	-8.47909355163574	0.36231386661529497
GC09P:CAGCGACCAGGATCGA	GC09P	5368.0	2361	0.09146796	Paratumor	P9	Myofibroblasts	Myofibroblasts	-8.03978633880615	0.535250723361969
GC09P:CAGCGACTCTGTCAAG	GC09P	13181.0	3811	0.052955013	Paratumor	P9	Endothelial cells	Endo_1	11.6572885513306	0.8776531219482421
GC09P:CAGGTGCAGCCTCGTG	GC09P	8348.0	2567	0.075227596	Paratumor	P9	Endothelial cells	Endo_3	9.396261215209961	2.7905867099762003
GC09P:CAGGTGCGTCTTTCAT	GC09P	3588.0	1653	0.107580826	Paratumor	P9	Fibroblasts	Fib_4	-7.01776790618896	2.35631322860718
GC09P:CAGTAACCATGGTTGT	GC09P	1273.0	701	0.073055774	Paratumor	P9	Fibroblasts	Fib_4	-6.5074748992919895	3.34583473205566
GC09P:CATATTCCATCCAACA	GC09P	3517.0	1611	0.12311629	Paratumor	P9	Smooth muscle cells	SMC_1	-0.645677447319031	-10.392183303832999
GC09P:CATATTCCATTGGCGC	GC09P	7405.0	2292	0.098176904	Paratumor	P9	Fibroblasts	Fib_5	-11.7263708114624	2.91566228866577
GC09P:CATCAAGGTGGTCCGT	GC09P	1403.0	795	0.18246615	Paratumor	P9	Fibroblasts	Fib_2	-4.90901565551758	9.9504861831665
GC09P:CATCAAGGTGGTTTCA	GC09P	5607.0	2163	0.03905832	Paratumor	P9	Endothelial cells	Endo_2	7.72999572753906	-3.2273986339569105
GC09P:CATCAGAAGGGTCGAT	GC09P	7031.0	2336	0.101123594	Paratumor	P9	Smooth muscle cells	SMC_2	-3.89952993392944	-12.684825897216802
GC09P:CATCCACTCTGGTGTA	GC09P	2677.0	1320	0.16772507	Paratumor	P9	Fibroblasts	Fib_2	-5.59656572341919	9.38882637023926
GC09P:CATCGAAAGTCAATAG	GC09P	6894.0	2369	0.12851755	Paratumor	P9	Fibroblasts	Fib_4	-9.213499069213869	3.0811164379119904
GC09P:CATCGAATCCACGTTC	GC09P	4603.0	1649	0.27395177	Paratumor	P9	Fibroblasts	Fib_2	-5.1462898254394505	10.757284164428699
GC09P:CATGGCGGTATAGGTA	GC09P	7475.0	2128	0.082408026	Paratumor	P9	Smooth muscle cells	SMC_2	-4.8366580009460405	-12.163920402526902
GC09P:CATGGCGTCGCCCTTA	GC09P	10210.0	2973	0.04427032	Paratumor	P9	Endothelial cells	Endo_3	8.55580520629883	2.96570920944214
GC09P:CATTATCAGGCAGGTT	GC09P	6502.0	2171	0.10043064	Paratumor	P9	Fibroblasts	Fib_5	-9.91046142578125	3.2985816001892103
GC09P:CATTCGCCAGCATGAG	GC09P	9814.0	3215	0.046260443	Paratumor	P9	Fibroblasts	Fib_2	-5.747553825378421	9.342570304870609
GC09P:CATTCGCTCTTCGGTC	GC09P	8515.0	2971	0.064474456	Paratumor	P9	Fibroblasts	Fib_4	-5.81594371795654	8.04139804840088
GC09P:CCACGGAAGCCGATTT	GC09P	8213.0	2945	0.06854986	Paratumor	P9	Myofibroblasts	Myofibroblasts	-8.34212303161621	0.577163636684418
GC09P:CCACGGAGTACCGCTG	GC09P	7033.0	1965	0.12924783	Paratumor	P9	Smooth muscle cells	SMC_2	-4.58155679702759	-13.154747009277301
GC09P:CCACTACTCCGCATAA	GC09P	923.0	523	0.22860238	Paratumor	P9	Endothelial cells	Endo_1	10.666954040527301	-3.86595511436462
GC09P:CCAGCGATCGCCAGCA	GC09P	8382.0	2859	0.09162491	Paratumor	P9	Myofibroblasts	Myofibroblasts	-7.73546695709229	0.74479866027832
GC09P:CCCAATCCACAGTCGC	GC09P	978.0	510	0.24437627	Paratumor	P9	Endothelial cells	Endo_1	9.6072940826416	-3.21989965438843
GC09P:CCCAATCGTTCACGGC	GC09P	6142.0	2536	0.035004884	Paratumor	P9	Fibroblasts	Fib_2	-5.993658065795901	8.930806159973141
GC09P:CCCATACTCCTGCCAT	GC09P	1282.0	715	0.0600624	Paratumor	P9	Fibroblasts	Fib_2	-3.80071043968201	9.9740571975708
GC09P:CCCTCCTAGGAGTTTA	GC09P	4040.0	1970	0.09034654	Paratumor	P9	Endothelial cells	Endo_2	10.4072141647339	-2.79852294921875
GC09P:CCCTCCTCACAACGCC	GC09P	2460.0	1072	0.15406504	Paratumor	P9	Smooth muscle cells	SMC_1	-1.63846457004547	-10.752359390258801
GC09P:CCCTCCTCATCTCCCA	GC09P	5506.0	1699	0.08009444	Paratumor	P9	Smooth muscle cells	SMC_2	-4.4936146736145	-12.6838989257812
GC09P:CCCTCCTGTTGTTTGG	GC09P	5098.0	1839	0.05531581	Paratumor	P9	Smooth muscle cells	SMC_2	-4.07438945770264	-12.8857412338257
GC09P:CCCTCCTTCAAAGTAG	GC09P	7442.0	2397	0.05307713	Paratumor	P9	Smooth muscle cells	SMC_2	-4.873162746429441	-12.502942085266099
GC09P:CCGGGATAGATATACG	GC09P	6959.0	2351	0.062365282	Paratumor	P9	Fibroblasts	Fib_2	-4.53066301345825	10.847919464111301
GC09P:CCGGGATGTTACCGAT	GC09P	2966.0	1538	0.08462576	Paratumor	P9	Smooth muscle cells	SMC_1	-1.47548758983612	-10.795416831970199
GC09P:CCGTGGAAGTGCAAGC	GC09P	4686.0	1874	0.12355954	Paratumor	P9	Fibroblasts	Fib_5	-9.84066390991211	2.41910481452942
GC09P:CCGTTCAGTACCGTTA	GC09P	5459.0	2142	0.02509617	Paratumor	P9	Smooth muscle cells	SMC_1	0.757704257965088	-11.6950511932373
GC09P:CCTAAAGAGTCACGCC	GC09P	2229.0	1320	0.054733064	Paratumor	P9	Fibroblasts	Fib_4	-6.6313972473144505	4.12777328491211
GC09P:CCTAAAGCAGGTTTCA	GC09P	8137.0	2353	0.08504363	Paratumor	P9	Smooth muscle cells	SMC_2	-4.8810324668884295	-12.4917316436768
GC09P:CCTAAAGCATCCCATC	GC09P	3869.0	1381	0.11191522	Paratumor	P9	Smooth muscle cells	SMC_2	-4.53547668457031	-12.459132194519
GC09P:CCTACACTCTGCCCTA	GC09P	3038.0	1213	0.24061882	Paratumor	P9	Myofibroblasts	Myofibroblasts	-7.87050104141235	0.629608452320099
GC09P:CCTACCAGTATTCGTG	GC09P	3503.0	1859	0.041678563	Paratumor	P9	Fibroblasts	Fib_5	-11.199808120727502	2.56855225563049
GC09P:CCTAGCTCAACGATGG	GC09P	1790.0	1088	0.12234637	Paratumor	P9	Endothelial cells	Endo_2	9.8750581741333	-4.01132678985596
GC09P:CCTATTAAGCAGATCG	GC09P	6593.0	2253	0.05824359	Paratumor	P9	Fibroblasts	Fib_1	-6.78649663925171	7.89188289642334
GC09P:CCTATTACACCTTGTC	GC09P	2992.0	1186	0.028409092	Paratumor	P9	Fibroblasts	Fib_5	-9.72852420806885	3.06430625915527
GC09P:CCTCAGTCAGGGTACA	GC09P	3754.0	1386	0.15183803	Paratumor	P9	Smooth muscle cells	SMC_2	-3.48921084403992	-12.095723152160598
GC09P:CCTCAGTTCATGCAAC	GC09P	9913.0	2844	0.059416927	Paratumor	P9	Endothelial cells	Endo_3	9.74082279205322	2.2535829544067405
GC09P:CCTCTGACAACGATGG	GC09P	1471.0	808	0.16383412	Paratumor	P9	Fibroblasts	Fib_3	-4.60026693344116	8.93215560913086
GC09P:CCTTACGTCACAGGCC	GC09P	10983.0	3120	0.023764	Paratumor	P9	Fibroblasts	Fib_5	-11.2488212585449	3.34905004501343
GC09P:CCTTACGTCCACGCAG	GC09P	3089.0	1482	0.12949175	Paratumor	P9	Fibroblasts	Fib_2	-6.86778688430786	9.77665424346924
GC09P:CCTTCGATCCGTCATC	GC09P	11048.0	3167	0.06272628	Paratumor	P9	Myofibroblasts	Myofibroblasts	-7.66966962814331	0.9344022870063778
GC09P:CGAACATAGGATGGAA	GC09P	2225.0	1105	0.14337079	Paratumor	P9	Smooth muscle cells	SMC_1	-0.0787019059062004	-10.222448348999
GC09P:CGAATGTAGTCAAGCG	GC09P	9229.0	3030	0.05070972	Paratumor	P9	Fibroblasts	Fib_2	-5.75504541397095	8.979410171508789
GC09P:CGACCTTAGCTCTCGG	GC09P	7787.0	2650	0.08295878	Paratumor	P9	Fibroblasts	Fib_2	-5.89837455749512	9.45971393585205
GC09P:CGACTTCAGGAGCGTT	GC09P	8955.0	2914	0.042434394	Paratumor	P9	Fibroblasts	Fib_2	-5.74386930465698	9.01297378540039
GC09P:CGAGAAGTCTCGCTTG	GC09P	6215.0	2083	0.088012874	Paratumor	P9	Endothelial cells	Endo_3	9.70948696136475	2.96234679222107
GC09P:CGAGCACTCTTACCGC	GC09P	673.0	430	0.15007429	Paratumor	P9	Fibroblasts	Fib_4	-7.04688262939453	1.26390326023102
GC09P:CGATCGGAGCAGCCTC	GC09P	2156.0	1224	0.033395175	Paratumor	P9	Endothelial cells	Endo_2	8.322817802429201	-3.07921242713928
GC09P:CGATGGCAGACTGGGT	GC09P	6813.0	2691	0.04271246	Paratumor	P9	Endothelial cells	Endo_4	12.313037872314501	-6.167574882507321
GC09P:CGCCAAGGTGACAAAT	GC09P	1336.0	713	0.2005988	Paratumor	P9	Fibroblasts	Fib_3	-4.191735744476319	9.302267074584961
GC09P:CGCGGTAAGTACATGA	GC09P	13576.0	3407	0.052003536	Paratumor	P9	Fibroblasts	Fib_1	-7.12825679779053	7.821502685546879
GC09P:CGCGTTTTCGTAGGTT	GC09P	8813.0	2756	0.07420856	Paratumor	P9	Fibroblasts	Fib_5	-9.8373556137085	3.3824536800384504
GC09P:CGCTATCCATCCGTGG	GC09P	4810.0	1873	0.07817048	Paratumor	P9	Fibroblasts	Fib_4	-9.59117889404297	3.19639754295349
GC09P:CGCTGGAAGGGATCTG	GC09P	4088.0	1848	0.110078275	Paratumor	P9	Smooth muscle cells	SMC_1	-0.11025170981883999	-10.826418876647901
GC09P:CGCTGGAGTAGCCTAT	GC09P	12135.0	3827	0.047466006	Paratumor	P9	Endothelial cells	Endo_1	12.7241048812866	0.0003782007843256
GC09P:CGCTGGAGTAGGCATG	GC09P	7016.0	2204	0.08024515	Paratumor	P9	Smooth muscle cells	SMC_2	-4.77976942062378	-12.7866916656494
GC09P:CGCTGGAGTTGATTCG	GC09P	6945.0	2719	0.05788337	Paratumor	P9	Endothelial cells	Endo_1	10.6012706756592	-2.5750715732574503
GC09P:CGCTTCAGTAGAGGAA	GC09P	7151.0	2993	0.027688434	Paratumor	P9	Endothelial cells	Endo_2	9.66750717163086	-4.516698837280269
GC09P:CGGACACGTCTGCCAG	GC09P	7815.0	2706	0.037108127	Paratumor	P9	Fibroblasts	Fib_2	-5.29951763153076	9.7952766418457
GC09P:CGGACGTAGCCACTAT	GC09P	10596.0	2814	0.07748207	Paratumor	P9	Smooth muscle cells	SMC_2	-4.76247310638428	-12.268613815307601
GC09P:CGGACTGGTCAGAAGC	GC09P	10506.0	3330	0.07928803	Paratumor	P9	Myofibroblasts	Myofibroblasts	-7.89714813232422	0.6844366788864139
GC09P:CGGAGTCGTCCGTCAG	GC09P	2540.0	1330	0.08149606	Paratumor	P9	Smooth muscle cells	SMC_1	-0.323664605617523	-10.496213912963901
GC09P:CGGGTCACAACTGCTA	GC09P	2905.0	1355	0.21893287	Paratumor	P9	Endothelial cells	Endo_3	9.004007339477539	3.51809024810791
GC09P:CGTAGCGTCCAAACTG	GC09P	1131.0	738	0.04862953	Paratumor	P9	Endothelial cells	Endo_3	8.88406658172607	3.06615662574768
GC09P:CGTAGCGTCTACGAGT	GC09P	1260.0	661	0.16825397	Paratumor	P9	Endothelial cells	Endo_2	9.109619140625	-4.042260646820069
GC09P:CGTAGCGTCTGTCAAG	GC09P	2325.0	1136	0.05548387	Paratumor	P9	Endothelial cells	Endo_2	8.9235897064209	-3.8356950283050497
GC09P:CGTAGGCGTTCCACAA	GC09P	10288.0	2945	0.110031106	Paratumor	P9	Fibroblasts	Fib_4	-5.900377750396731	2.5705163478851296
GC09P:CGTCAGGCATGGGAAC	GC09P	7605.0	2411	0.057462197	Paratumor	P9	Smooth muscle cells	SMC_1	-1.4926983118057298	-12.0759954452515
GC09P:CGTCAGGTCGTTACAG	GC09P	2771.0	1366	0.0649585	Paratumor	P9	Endothelial cells	Endo_4	12.4093818664551	-5.961865901947019
GC09P:CGTCCATCAATGTTGC	GC09P	849.0	507	0.17196701	Paratumor	P9	Fibroblasts	Fib_3	-3.08189558982849	8.43893527984619
GC09P:CGTCCATCATAAAGGT	GC09P	6606.0	2637	0.06418408	Paratumor	P9	Endothelial cells	Endo_2	8.741748809814451	-3.4496760368347203
GC09P:CGTCCATCATTCGACA	GC09P	1395.0	775	0.16845877	Paratumor	P9	Fibroblasts	Fib_3	-5.452871799468991	9.32664394378662
GC09P:CGTCCATTCGGAAATA	GC09P	2579.0	1196	0.17952695	Paratumor	P9	Fibroblasts	Fib_3	-3.6923520565033	7.43392133712769
GC09P:CGTCTACCAAGTAGTA	GC09P	4431.0	2048	0.03024148	Paratumor	P9	Endothelial cells	Endo_4	11.8031511306763	-6.735186576843259
GC09P:CGTGTAATCTAACGGT	GC09P	1975.0	942	0.09468354	Paratumor	P9	Fibroblasts	Fib_3	-3.6970949172973597	8.97437000274658
GC09P:CGTGTCTAGACACGAC	GC09P	5465.0	2080	0.039524246	Paratumor	P9	Endothelial cells	Endo_3	9.81821537017822	3.1238694190979
GC09P:CGTGTCTTCACAATGC	GC09P	12681.0	3531	0.08981942	Paratumor	P9	Endothelial cells	Endo_3	10.2737159729004	2.38691663742065
GC09P:CGTTAGACAAGGACAC	GC09P	2110.0	915	0.23317535	Paratumor	P9	Fibroblasts	Fib_3	-3.74233865737915	7.26922464370728
GC09P:CGTTGGGGTTCCATGA	GC09P	5481.0	1829	0.10363072	Paratumor	P9	Smooth muscle cells	SMC_2	-4.8068947792053205	-12.4780435562134
GC09P:CTAACTTTCAAGGCTT	GC09P	5101.0	1979	0.11056656	Paratumor	P9	Smooth muscle cells	SMC_1	-1.37780547142029	-10.5924787521362
GC09P:CTAAGACAGAAACGAG	GC09P	4108.0	1654	0.1852483	Paratumor	P9	Smooth muscle cells	SMC_2	-4.01634931564331	-13.193112373352099
GC09P:CTAAGACCACGAAAGC	GC09P	7845.0	2530	0.07405991	Paratumor	P9	Endothelial cells	Endo_3	9.88490676879883	2.12855195999146
GC09P:CTACCCAAGTTTAGGA	GC09P	813.0	447	0.27306274	Paratumor	P9	Fibroblasts	Fib_3	-4.471020698547361	9.16178607940674
GC09P:CTACCCAGTCCAGTTA	GC09P	8238.0	2426	0.10949259	Paratumor	P9	Smooth muscle cells	SMC_2	-4.80611276626587	-12.4806385040283
GC09P:CTAGTGACAAAGGTGC	GC09P	15521.0	3438	0.05167193	Paratumor	P9	Fibroblasts	Fib_4	-8.78633499145508	3.05593848228455
GC09P:CTAGTGATCAGTGCAT	GC09P	1584.0	864	0.15025252	Paratumor	P9	Smooth muscle cells	SMC_1	0.432498872280121	-10.6627416610718
GC09P:CTAGTGATCTTGACGA	GC09P	7768.0	2696	0.20417096	Paratumor	P9	Myofibroblasts	Myofibroblasts	-8.032069206237791	0.6847655177116391
GC09P:CTCAGAACACCACCAG	GC09P	1523.0	755	0.24556796	Paratumor	P9	Endothelial cells	Endo_1	9.87420654296875	0.5179436206817629
GC09P:CTCAGAAGTGCCTGTG	GC09P	5192.0	1848	0.10227273	Paratumor	P9	Smooth muscle cells	SMC_2	-4.39481544494629	-13.154688835144
GC09P:CTCATTAAGTACACCT	GC09P	648.0	342	0.1388889	Paratumor	P9	Fibroblasts	Fib_3	-3.61341333389282	5.98921203613281
GC09P:CTCCTAGAGTTCCACA	GC09P	592.0	485	0.032094594	Paratumor	P9	Endothelial cells	Endo_1	10.5272960662842	-0.838259518146515
GC09P:CTCGAAACAGACAAAT	GC09P	1565.0	845	0.10415336	Paratumor	P9	Endothelial cells	Endo_4	12.1675128936768	-6.7004275321960405
GC09P:CTCGAAATCAGCTGGC	GC09P	3012.0	1196	0.23306774	Paratumor	P9	Fibroblasts	Fib_4	-6.4779567718505895	2.0824205875396697
GC09P:CTCGGAGGTACTTCTT	GC09P	1941.0	878	0.22926326	Paratumor	P9	Smooth muscle cells	SMC_1	-3.4277865886688197	-12.1922445297241
GC09P:CTCGGGACAGGACGTA	GC09P	6391.0	1928	0.094038494	Paratumor	P9	Smooth muscle cells	SMC_2	-4.745909690856929	-12.5838041305542
GC09P:CTCGTACAGGATGCGT	GC09P	2311.0	1022	0.19385548	Paratumor	P9	Endothelial cells	Endo_3	9.224446296691891	3.58799815177917
GC09P:CTCGTCAAGCATCATC	GC09P	2530.0	1352	0.11501976	Paratumor	P9	Endothelial cells	Endo_1	10.3374547958374	-2.7257704734802206
GC09P:CTCGTCAAGCTCCTCT	GC09P	10921.0	3593	0.061624393	Paratumor	P9	Endothelial cells	Endo_3	10.1167135238647	2.8059282302856405
GC09P:CTCGTCAGTGGGTCAA	GC09P	4598.0	1660	0.06655067	Paratumor	P9	Smooth muscle cells	SMC_2	-3.61930465698242	-12.775244712829599
GC09P:CTGAAGTAGGGCTTGA	GC09P	6450.0	2139	0.19503877	Paratumor	P9	Smooth muscle cells	SMC_1	-0.23441278934478801	-10.272627830505401
GC09P:CTGAAGTCAATGGACG	GC09P	7082.0	2411	0.07935611	Paratumor	P9	Endothelial cells	Endo_3	9.22689151763916	3.5929958820343
GC09P:CTGATCCCATTACGAC	GC09P	2935.0	1244	0.066439524	Paratumor	P9	Fibroblasts	Fib_1	-7.3737320899963406	9.026594161987301
GC09P:CTGCCTACAACGCACC	GC09P	6055.0	2330	0.060941372	Paratumor	P9	Fibroblasts	Fib_2	-5.443374156951901	10.9961557388306
GC09P:CTGCGGAAGAGATGAG	GC09P	2727.0	1043	0.122112215	Paratumor	P9	Fibroblasts	Fib_3	-3.59829783439636	7.17419099807739
GC09P:CTGCGGAAGTACGATA	GC09P	5746.0	1945	0.16272189	Paratumor	P9	Smooth muscle cells	SMC_2	-4.26488542556763	-13.7599058151245
GC09P:CTGCGGATCTCGTTTA	GC09P	1463.0	605	0.18386877	Paratumor	P9	Fibroblasts	Fib_4	-7.33412170410156	3.25875568389893
GC09P:CTGGTCTCAGATCGGA	GC09P	4036.0	1791	0.07705649	Paratumor	P9	Myofibroblasts	Myofibroblasts	-8.35432529449463	0.468384474515915
GC09P:CTGGTCTCAGGTGCCT	GC09P	13063.0	3348	0.054045778	Paratumor	P9	Fibroblasts	Fib_5	-11.3381881713867	3.2499520778656
GC09P:CTGTGCTCAAGGGTCA	GC09P	1783.0	907	0.25462702	Paratumor	P9	Fibroblasts	Fib_3	-4.5025954246521	8.66244316101074
GC09P:CTTAGGAAGCCGTCGT	GC09P	2733.0	1362	0.11745335	Paratumor	P9	Smooth muscle cells	SMC_1	-0.11215898394584699	-10.7209463119507
GC09P:CTTCTCTCAAACTGCT	GC09P	5581.0	2106	0.11521233	Paratumor	P9	Fibroblasts	Fib_2	-6.36625528335571	7.997437000274661
GC09P:CTTGGCTAGAGCCTAG	GC09P	8459.0	2675	0.065728806	Paratumor	P9	Endothelial cells	Endo_3	8.9529972076416	2.9225902557373
GC09P:GAAACTCAGTTACGGG	GC09P	1478.0	719	0.21447903	Paratumor	P9	Fibroblasts	Fib_3	-5.05833148956299	9.36238193511963
GC09P:GAAATGACATAGTAAG	GC09P	9849.0	2876	0.0738146	Paratumor	P9	Endothelial cells	Endo_3	9.88056373596191	1.9782958030700701
GC09P:GAAATGAGTCGCGTGT	GC09P	501.0	399	0.015968064	Paratumor	P9	Fibroblasts	Fib_3	-3.27521562576294	8.323033332824709
GC09P:GAATAAGAGTTCCACA	GC09P	6997.0	2692	0.07717593	Paratumor	P9	Myofibroblasts	Myofibroblasts	-8.36910438537598	0.6172193288803101
GC09P:GAATGAAAGAAGCCCA	GC09P	11230.0	3489	0.0005342832	Paratumor	P9	Smooth muscle cells	SMC_1	0.781769990921021	-10.2259702682495
GC09P:GACACGCGTCAGAAGC	GC09P	10731.0	3243	0.051439755	Paratumor	P9	Fibroblasts	Fib_4	-7.69059610366821	2.62661409378052
GC09P:GACAGAGCAGACACTT	GC09P	14145.0	3824	0.057334747	Paratumor	P9	Myofibroblasts	Myofibroblasts	-7.82208967208862	0.8675589561462399
GC09P:GACCAATTCGGAATCT	GC09P	13644.0	3495	0.05408971	Paratumor	P9	Fibroblasts	Fib_5	-10.868509292602502	3.67735385894775
GC09P:GACGCGTGTGACAAAT	GC09P	4660.0	1910	0.05686695	Paratumor	P9	Fibroblasts	Fib_2	-6.5078630447387695	10.3766403198242
GC09P:GACGTTACAATAGAGT	GC09P	3206.0	1553	0.13724267	Paratumor	P9	Smooth muscle cells	SMC_1	-0.37472572922706604	-10.5507822036743
GC09P:GACTAACAGCGATAGC	GC09P	7407.0	2750	0.101660594	Paratumor	P9	Smooth muscle cells	SMC_1	0.143204241991043	-10.6863889694214
GC09P:GACTAACTCCAGAAGG	GC09P	8262.0	2545	0.056402806	Paratumor	P9	Smooth muscle cells	SMC_2	-4.11349821090698	-12.9772214889526
GC09P:GACTACAGTGCGATAG	GC09P	7608.0	2381	0.10949001	Paratumor	P9	Fibroblasts	Fib_4	-9.48349380493164	3.1778178215026895
GC09P:GACTGCGAGTGAAGTT	GC09P	11282.0	3274	0.055841163	Paratumor	P9	Fibroblasts	Fib_2	-5.28320264816284	8.81661224365234
GC09P:GACTGCGCAAGCCATT	GC09P	6032.0	1874	0.2558024	Paratumor	P9	Smooth muscle cells	SMC_2	-3.50420022010803	-13.9203243255615
GC09P:GACTGCGGTCCCTTGT	GC09P	2426.0	1213	0.1405606	Paratumor	P9	Myofibroblasts	Myofibroblasts	-8.04125213623047	0.651880919933319
GC09P:GAGTCCGAGCGATCCC	GC09P	3401.0	1362	0.16877389	Paratumor	P9	Myofibroblasts	Myofibroblasts	-8.05667018890381	0.487595468759537
GC09P:GAGTCCGCAAATACAG	GC09P	2366.0	994	0.22062553	Paratumor	P9	Fibroblasts	Fib_3	-4.6354341506958	8.37815189361572
GC09P:GAGTCCGTCCTCCTAG	GC09P	11482.0	3381	0.048771992	Paratumor	P9	Fibroblasts	Fib_2	-5.50030660629272	9.121500968933109
GC09P:GATCAGTGTTGGTAAA	GC09P	13065.0	3719	0.10547264	Paratumor	P9	Endothelial cells	Endo_1	12.357384681701697	-1.42908358573914
GC09P:GATCGATTCTGATACG	GC09P	1780.0	969	0.18932584	Paratumor	P9	Endothelial cells	Endo_4	11.585487365722699	-5.87161588668823
GC09P:GATCGTAGTCCGACGT	GC09P	3543.0	1383	0.05870731	Paratumor	P9	Smooth muscle cells	SMC_1	0.608163297176361	-10.7324838638306
GC09P:GATCGTAGTTACTGAC	GC09P	2124.0	1250	0.060263652	Paratumor	P9	Myofibroblasts	Myofibroblasts	-8.06508255004883	0.652522444725037
GC09P:GATTCAGCAATCCGAT	GC09P	7714.0	2274	0.08102152	Paratumor	P9	Fibroblasts	Fib_5	-11.046471595764197	3.3636386394500697
GC09P:GATTCAGGTAAGCACG	GC09P	3105.0	1452	0.17874396	Paratumor	P9	Endothelial cells	Endo_3	10.6101932525635	2.5491385459899902
GC09P:GCAATCATCCAAGTAC	GC09P	2031.0	1021	0.2530773	Paratumor	P9	Endothelial cells	Endo_2	9.891134262084961	-3.24435520172119
GC09P:GCACATATCTGGCGAC	GC09P	11841.0	2936	0.07414914	Paratumor	P9	Fibroblasts	Fib_5	-11.6586408615112	3.4030768871307404
GC09P:GCACTCTGTATGCTTG	GC09P	16405.0	4181	0.035781775	Paratumor	P9	Fibroblasts	Fib_2	-6.18666744232178	7.9514651298522905
GC09P:GCAGTTAAGAGGGATA	GC09P	4121.0	1794	0.11866052	Paratumor	P9	Myofibroblasts	Myofibroblasts	-7.49411344528198	0.940039932727814
GC09P:GCATGATCAAACCCAT	GC09P	3652.0	1341	0.09255203	Paratumor	P9	Fibroblasts	Fib_4	-7.33233785629272	3.1379206180572496
GC09P:GCATGCGTCGCCATAA	GC09P	2442.0	965	0.07043407	Paratumor	P9	Fibroblasts	Fib_3	-3.4394943714141806	6.7351779937744105
GC09P:GCCAAATCACTATCTT	GC09P	11082.0	3188	0.031672984	Paratumor	P9	Fibroblasts	Fib_5	-11.461419105529801	3.20548820495605
GC09P:GCCTCTACACGGTTTA	GC09P	925.0	541	0.28432432	Paratumor	P9	Endothelial cells	Endo_1	11.402599334716802	-4.9155330657959
GC09P:GCGACCAAGTAATCCC	GC09P	12432.0	3057	0.054054055	Paratumor	P9	Fibroblasts	Fib_5	-11.3303308486938	3.59230208396912
GC09P:GCGAGAAGTTATGCGT	GC09P	8004.0	2543	0.06234383	Paratumor	P9	Endothelial cells	Endo_3	10.416934967041	2.39647603034973
GC09P:GCGAGAATCCCGGATG	GC09P	4604.0	2122	0.13727194	Paratumor	P9	Endothelial cells	Endo_1	10.5957345962524	-2.47649741172791
GC09P:GCGCAACAGACTGTAA	GC09P	2307.0	948	0.06068487	Paratumor	P9	Fibroblasts	Fib_3	-3.4030916690826403	6.5233860015869105
GC09P:GCGCAACCAGATGGCA	GC09P	2391.0	930	0.115014635	Paratumor	P9	Fibroblasts	Fib_3	-3.55425310134888	6.36614799499512
GC09P:GCGCAACCATCCGCGA	GC09P	2988.0	1483	0.09738956	Paratumor	P9	Smooth muscle cells	SMC_1	-0.0458207353949547	-10.9419593811035
GC09P:GCGCAACTCAGCTCGG	GC09P	9753.0	2770	0.0784374	Paratumor	P9	Fibroblasts	Fib_5	-10.3883905410767	3.38619637489319
GC09P:GCGCGATAGTATTGGA	GC09P	3006.0	1367	0.0924817	Paratumor	P9	Smooth muscle cells	SMC_2	-3.4687948226928698	-13.321424484252901
GC09P:GCGGGTTCACCAGTTA	GC09P	925.0	536	0.21945946	Paratumor	P9	Endothelial cells	Endo_1	10.7495012283325	-4.1203498840332005
GC09P:GCGGGTTCATAGAAAC	GC09P	9070.0	3085	0.06207277	Paratumor	P9	Fibroblasts	Fib_4	-9.148050308227539	2.9349119663238503
GC09P:GCTCTGTAGATCTGAA	GC09P	9567.0	3129	0.034911677	Paratumor	P9	Endothelial cells	Endo_3	8.728515625	3.1656908988952597
GC09P:GCTGGGTGTTGCGTTA	GC09P	578.0	423	0.055363324	Paratumor	P9	Endothelial cells	Endo_1	9.24318695068359	-2.7366139888763397
GC09P:GCTTGAAAGGTGGGTT	GC09P	1305.0	776	0.123371646	Paratumor	P9	Endothelial cells	Endo_2	10.730386734008801	-5.12969970703125
GC09P:GGAAAGCTCTGCAGTA	GC09P	7757.0	2669	0.055433802	Paratumor	P9	Fibroblasts	Fib_2	-5.36588430404663	9.60749340057373
GC09P:GGAAAGCTCTTTACGT	GC09P	6579.0	2240	0.11187111	Paratumor	P9	Smooth muscle cells	SMC_2	-3.70095682144165	-13.5281715393066
GC09P:GGAATAACAGCTTCGG	GC09P	1809.0	989	0.15588723	Paratumor	P9	Endothelial cells	Endo_2	9.40399646759033	-3.25843715667725
GC09P:GGAATAATCTTAACCT	GC09P	11459.0	3158	0.080111705	Paratumor	P9	Fibroblasts	Fib_5	-9.89189434051514	3.5003871917724596
GC09P:GGACAAGCACTTACGA	GC09P	6519.0	2594	0.048320293	Paratumor	P9	Fibroblasts	Fib_2	-5.6962604522705105	11.0356616973877
GC09P:GGACAAGGTAACGTTC	GC09P	1965.0	990	0.24580152	Paratumor	P9	Fibroblasts	Fib_3	-5.30590772628784	9.97286796569824
GC09P:GGACAAGTCGAGAGCA	GC09P	9688.0	3011	0.06564823	Paratumor	P9	Fibroblasts	Fib_2	-6.49079370498657	9.21424579620361
GC09P:GGACATTAGAGGTTAT	GC09P	8130.0	3084	0.09434194	Paratumor	P9	Endothelial cells	Endo_3	9.21260356903076	3.4094080924987797
GC09P:GGACATTCATATGAGA	GC09P	4062.0	1693	0.037666176	Paratumor	P9	Smooth muscle cells	SMC_1	0.741193950176239	-10.78600025177
GC09P:GGACGTCAGCTAACAA	GC09P	10811.0	3284	0.06548885	Paratumor	P9	Myofibroblasts	Myofibroblasts	-7.867436408996579	0.9374281167984009
GC09P:GGAGCAATCAGGCCCA	GC09P	12915.0	3146	0.07278358	Paratumor	P9	Fibroblasts	Fib_5	-9.39865779876709	3.2624452114105202
GC09P:GGCAATTCATGTTCCC	GC09P	2788.0	860	0.29662842	Paratumor	P9	Fibroblasts	Fib_5	-10.7646198272705	3.32949423789978
GC09P:GGCAATTGTCAACTGT	GC09P	827.0	487	0.15719467	Paratumor	P9	Endothelial cells	Endo_1	10.0060739517212	-2.41831755638123
GC09P:GGCGACTAGCCTATGT	GC09P	8859.0	2889	0.050118525	Paratumor	P9	Endothelial cells	Endo_4	12.5619869232178	-6.3466796875
GC09P:GGCGTGTCACCGGAAA	GC09P	8449.0	2158	0.18522902	Paratumor	P9	Smooth muscle cells	SMC_2	-4.32493352890015	-12.6752471923828
GC09P:GGCTCGATCCGCAGTG	GC09P	5470.0	2428	0.016819013	Paratumor	P9	Endothelial cells	Endo_4	11.8383703231812	-7.10711479187012
GC09P:GGGAATGTCCAGTATG	GC09P	8758.0	3243	0.05617721	Paratumor	P9	Endothelial cells	Endo_3	10.1129941940308	2.95520639419556
GC09P:GGGACCTGTATGAAAC	GC09P	11279.0	3429	0.093448	Paratumor	P9	Smooth muscle cells	SMC_2	-3.1489250659942596	-13.596639633178699
GC09P:GGGAGATCATCACAAC	GC09P	2432.0	991	0.29070723	Paratumor	P9	Fibroblasts	Fib_4	-5.896960258483889	2.16825437545776
GC09P:GGGAGATTCACGGTTA	GC09P	3950.0	1552	0.21164557	Paratumor	P9	Fibroblasts	Fib_4	-5.68199968338013	1.82034015655518
GC09P:GGGATGACATATACCG	GC09P	3063.0	1172	0.24159321	Paratumor	P9	Fibroblasts	Fib_3	-4.95186042785645	9.23336887359619
GC09P:GGGCACTTCAATAAGG	GC09P	1442.0	814	0.11234397	Paratumor	P9	Myofibroblasts	Myofibroblasts	-8.511805534362791	0.565178453922272
GC09P:GGGTCTGCAAGTTCTG	GC09P	998.0	578	0.20841683	Paratumor	P9	Endothelial cells	Endo_4	12.2420835494995	-6.37154293060303
GC09P:GGGTCTGGTTAAGACA	GC09P	632.0	491	0.0015822785	Paratumor	P9	Endothelial cells	Endo_1	9.64196681976318	0.9949516057968141
GC09P:GGGTTGCTCTTGTCAT	GC09P	4755.0	1768	0.15373291	Paratumor	P9	Smooth muscle cells	SMC_2	-3.71958327293396	-13.9837322235107
GC09P:GGTGAAGCATGTCCTC	GC09P	5498.0	2313	0.036740635	Paratumor	P9	Endothelial cells	Endo_4	11.8992013931274	-6.46517467498779
GC09P:GGTGCGTCACCTGGTG	GC09P	685.0	423	0.07591241	Paratumor	P9	Fibroblasts	Fib_3	-3.9468173980712904	5.5110979080200195
GC09P:GTAACTGGTCTCAACA	GC09P	6682.0	1604	0.26219696	Paratumor	P9	Smooth muscle cells	SMC_2	-4.63534927368164	-12.726763725280799
GC09P:GTAACTGGTTATCACG	GC09P	3390.0	1548	0.0761062	Paratumor	P9	Fibroblasts	Fib_5	-11.3033123016357	2.6030945777893097
GC09P:GTACTCCAGGACTGGT	GC09P	1775.0	852	0.19492958	Paratumor	P9	Endothelial cells	Endo_1	11.855267524719201	-0.41858121752739
GC09P:GTACTCCCAGACTCGC	GC09P	7398.0	2843	0.07015409	Paratumor	P9	Endothelial cells	Endo_1	11.4331960678101	-2.85419392585754
GC09P:GTATTCTCAGCTTAAC	GC09P	2974.0	1484	0.055817083	Paratumor	P9	Smooth muscle cells	SMC_1	-0.353719294071198	-10.534830093383801
GC09P:GTCAAGTAGCGTAATA	GC09P	9248.0	2857	0.11634948	Paratumor	P9	Smooth muscle cells	SMC_2	-4.74820327758789	-12.176197052002001
GC09P:GTCGGGTAGTCTCCTC	GC09P	658.0	448	0.12462006	Paratumor	P9	Endothelial cells	Endo_1	8.67636680603027	-2.99081540107727
GC09P:GTCTCGTAGTACGATA	GC09P	4688.0	2184	0.047354948	Paratumor	P9	Myofibroblasts	Myofibroblasts	-7.75004005432129	0.680018782615662
GC09P:GTGAAGGGTTACGGAG	GC09P	4445.0	1765	0.11023622	Paratumor	P9	Myofibroblasts	Myofibroblasts	-8.42683792114258	0.736334145069122
GC09P:GTGCAGCTCATGTCCC	GC09P	3924.0	1775	0.057849135	Paratumor	P9	Endothelial cells	Endo_4	11.9477024078369	-6.62365198135376
GC09P:GTGCATAGTCCCGACA	GC09P	1359.0	597	0.16703458	Paratumor	P9	Smooth muscle cells	SMC_2	-3.72639632225037	-12.085421562194801
GC09P:GTGCGGTGTTATTCTC	GC09P	4581.0	1890	0.14189042	Paratumor	P9	Myofibroblasts	Myofibroblasts	-7.70091247558594	0.720813632011414
GC09P:GTGCGGTTCCCACTTG	GC09P	7730.0	2615	0.047347996	Paratumor	P9	Fibroblasts	Fib_2	-5.725121021270749	8.83311653137207
GC09P:GTGCTTCCATATGCTG	GC09P	4645.0	1832	0.2146394	Paratumor	P9	Fibroblasts	Fib_2	-5.15718698501587	10.8060855865479
GC09P:GTGTGCGGTCGCGAAA	GC09P	4220.0	1280	0.27180094	Paratumor	P9	Fibroblasts	Fib_5	-10.797281265258801	3.14643168449402
GC09P:GTTACAGCAGGTCTCG	GC09P	5334.0	1913	0.07911511	Paratumor	P9	Fibroblasts	Fib_4	-8.61463069915771	3.05787181854248
GC09P:GTTACAGCATGGTCTA	GC09P	2238.0	1114	0.15862377	Paratumor	P9	Smooth muscle cells	SMC_2	-3.5857779979705797	-12.115859031677198
GC09P:GTTACAGGTTGTCTTT	GC09P	9987.0	3277	0.09101833	Paratumor	P9	Fibroblasts	Fib_2	-4.9766092300414995	9.82044315338135
GC09P:GTTTCTAGTGAAGGCT	GC09P	735.0	433	0.2897959	Paratumor	P9	Endothelial cells	Endo_1	10.271566390991199	-3.67209386825562
GC09P:TAAACCGAGTTCGCAT	GC09P	4109.0	1526	0.077391095	Paratumor	P9	Smooth muscle cells	SMC_2	-4.12098026275635	-12.9247951507568
GC09P:TAAGAGAAGCGCCTCA	GC09P	2010.0	977	0.15422885	Paratumor	P9	Smooth muscle cells	SMC_1	-1.4893513917923	-10.6085891723633
GC09P:TAAGAGAGTCCATGAT	GC09P	593.0	415	0.0016863407	Paratumor	P9	Fibroblasts	Fib_3	-6.834589004516599	3.95848941802979
GC09P:TAAGAGAGTTACTGAC	GC09P	5408.0	2150	0.03735207	Paratumor	P9	Endothelial cells	Endo_2	8.744785308837889	-2.19888520240784
GC09P:TAAGCGTAGACAGAGA	GC09P	6981.0	2364	0.09740725	Paratumor	P9	Fibroblasts	Fib_4	-4.92429733276367	3.21262097358704
GC09P:TAAGCGTAGACAGGCT	GC09P	1297.0	709	0.18195836	Paratumor	P9	Smooth muscle cells	SMC_1	-0.123291492462158	-10.0241804122925
GC09P:TAAGTGCAGACAGGCT	GC09P	2289.0	946	0.26605505	Paratumor	P9	Fibroblasts	Fib_3	-4.53680896759033	8.49299049377441
GC09P:TACACGATCTCGCATC	GC09P	1408.0	801	0.20738636	Paratumor	P9	Endothelial cells	Endo_1	9.797221183776859	-3.18411636352539
GC09P:TACAGTGGTAGCCTCG	GC09P	4800.0	1715	0.0775	Paratumor	P9	Smooth muscle cells	SMC_2	-4.20931959152222	-13.130247116088901
GC09P:TACAGTGGTCAAACTC	GC09P	4183.0	1862	0.09538609	Paratumor	P9	Smooth muscle cells	SMC_1	-1.41387605667114	-10.6055727005005
GC09P:TACCTATCACATAACC	GC09P	3744.0	1494	0.24465811	Paratumor	P9	Fibroblasts	Fib_2	-5.15765523910522	10.632438659667999
GC09P:TACCTTATCGTGGGAA	GC09P	3855.0	1605	0.14526589	Paratumor	P9	Fibroblasts	Fib_4	-5.13701295852661	2.25085473060608
GC09P:TACGGATCATTGGCGC	GC09P	6958.0	2217	0.12000575	Paratumor	P9	Smooth muscle cells	SMC_2	-3.61610078811646	-13.7417430877686
GC09P:TACGGGCCAGGATTGG	GC09P	2571.0	1420	0.10346169	Paratumor	P9	Smooth muscle cells	SMC_1	-0.271528691053391	-10.8246517181396
GC09P:TACGGTAAGGTTACCT	GC09P	10648.0	3147	0.119271226	Paratumor	P9	Smooth muscle cells	SMC_2	-3.6953573226928698	-13.9172868728638
GC09P:TACGGTAAGTCACGCC	GC09P	7340.0	2522	0.08201635	Paratumor	P9	Smooth muscle cells	SMC_2	-4.523438453674321	-13.3760385513306
GC09P:TACGGTACACACTGCG	GC09P	4014.0	1493	0.08619831	Paratumor	P9	Smooth muscle cells	SMC_2	-4.00105905532837	-13.1667919158936
GC09P:TACGGTATCAGGTAAA	GC09P	3210.0	1425	0.26915887	Paratumor	P9	Myofibroblasts	Myofibroblasts	-7.80413150787354	0.41259375214576705
GC09P:TACTCGCCAGCGATCC	GC09P	6053.0	1861	0.10705435	Paratumor	P9	Smooth muscle cells	SMC_2	-4.64697551727295	-12.472433090210002
GC09P:TACTCGCGTTAAAGAC	GC09P	3673.0	1472	0.12115437	Paratumor	P9	Smooth muscle cells	SMC_2	-3.79261469841003	-12.8231716156006
GC09P:TACTTGTGTCCCGACA	GC09P	6823.0	2285	0.07489374	Paratumor	P9	Smooth muscle cells	SMC_2	-4.53993320465088	-12.917631149292
GC09P:TACTTGTTCTACTTAC	GC09P	3723.0	1709	0.041633092	Paratumor	P9	Endothelial cells	Endo_4	11.3056554794312	-6.46161603927612
GC09P:TAGAGCTAGTACGATA	GC09P	11594.0	3142	0.059082285	Paratumor	P9	Fibroblasts	Fib_5	-9.77940559387207	2.4899730682373
GC09P:TAGCCGGTCCCAAGTA	GC09P	6531.0	2243	0.104731284	Paratumor	P9	Smooth muscle cells	SMC_2	-3.3924574851989706	-13.2326135635376
GC09P:TAGGCATAGGCCGAAT	GC09P	8692.0	3034	0.04314312	Paratumor	P9	Smooth muscle cells	SMC_1	0.542027831077576	-12.0280447006226
GC09P:TAGGCATAGTCGATAA	GC09P	14500.0	4039	0.054482758	Paratumor	P9	Myofibroblasts	Myofibroblasts	-7.6642279624939	0.9333051443099979
GC09P:TATCAGGTCATCGATG	GC09P	3915.0	1862	0.1210728	Paratumor	P9	Smooth muscle cells	SMC_1	-0.423647344112396	-10.523901939392099
GC09P:TCAATCTCACAGGTTT	GC09P	5475.0	2160	0.11269406	Paratumor	P9	Myofibroblasts	Myofibroblasts	-8.23761081695557	0.698824167251587
GC09P:TCACAAGTCATTGCGA	GC09P	12235.0	3074	0.06563138	Paratumor	P9	Endothelial cells	Endo_3	9.64415264129639	2.2254817485809304
GC09P:TCACGAATCCTGCAGG	GC09P	771.0	521	0.012970169	Paratumor	P9	Fibroblasts	Fib_3	-3.39671444892883	6.81088638305664
GC09P:TCATTTGAGCTAACAA	GC09P	4816.0	1984	0.13102159	Paratumor	P9	Fibroblasts	Fib_2	-5.751678466796879	10.144603729248
GC09P:TCCCGATGTGATAAGT	GC09P	2798.0	1116	0.086847745	Paratumor	P9	Smooth muscle cells	SMC_2	-4.33404779434204	-12.358917236328098
GC09P:TCGCGAGAGCTGCGAA	GC09P	11473.0	2936	0.18661204	Paratumor	P9	Endothelial cells	Endo_3	8.57487964630127	3.3684368133544904
GC09P:TCGCGAGAGTGTACCT	GC09P	5208.0	1661	0.11616743	Paratumor	P9	Smooth muscle cells	SMC_2	-4.74531507492065	-12.861975669860803
GC09P:TCGGGACCATGGATGG	GC09P	12709.0	3459	0.05153828	Paratumor	P9	Fibroblasts	Fib_4	-10.1375703811646	3.46509599685669
GC09P:TCGTACCGTAGCGATG	GC09P	12311.0	2946	0.0461376	Paratumor	P9	Fibroblasts	Fib_5	-10.563992500305199	3.6147065162658705
GC09P:TCGTAGATCTTGTTTG	GC09P	9258.0	3342	0.058003888	Paratumor	P9	Endothelial cells	Endo_3	10.3516082763672	1.30451631546021
GC09P:TCTCATAAGTACCGGA	GC09P	13589.0	3635	0.066303626	Paratumor	P9	Fibroblasts	Fib_5	-11.229952812194801	3.5731432437896697
GC09P:TCTGAGAAGGAGTAGA	GC09P	18413.0	3394	0.02976158	Paratumor	P9	Endothelial cells	Endo_3	8.77662467956543	2.00574207305908
GC09P:TCTGAGAGTATAGGTA	GC09P	14618.0	4408	0.051375017	Paratumor	P9	Endothelial cells	Endo_4	11.913228034973098	-6.69070196151733
GC09P:TCTTCGGAGTGTGGCA	GC09P	577.0	330	0.14558059	Paratumor	P9	Endothelial cells	Endo_1	9.33627128601074	-0.5044816732406621
GC09P:TCTTCGGTCAAACGGG	GC09P	10227.0	2726	0.096802585	Paratumor	P9	Smooth muscle cells	SMC_2	-4.805245399475099	-12.6612548828125
GC09P:TCTTTCCTCATCGATG	GC09P	2373.0	1181	0.17909819	Paratumor	P9	Fibroblasts	Fib_3	-4.98626327514648	9.11190509796143
GC09P:TGACGGCTCAAGCCTA	GC09P	3306.0	1463	0.11584997	Paratumor	P9	Smooth muscle cells	SMC_1	-1.39609670639038	-10.5457038879395
GC09P:TGACGGCTCTCGTTTA	GC09P	6307.0	2722	0.08657048	Paratumor	P9	Endothelial cells	Endo_3	10.871417045593299	2.3671472072601296
GC09P:TGACTTTAGGCCCTTG	GC09P	6084.0	2403	0.04503616	Paratumor	P9	Endothelial cells	Endo_2	8.137111663818361	-3.29354453086853
GC09P:TGAGAGGCACGAGGTA	GC09P	4761.0	1941	0.17874396	Paratumor	P9	Myofibroblasts	Myofibroblasts	-8.2755069732666	0.7018578052520749
GC09P:TGAGCATAGAAACGCC	GC09P	8562.0	2766	0.04905396	Paratumor	P9	Endothelial cells	Endo_2	8.38447570800781	-1.91225695610046
GC09P:TGAGCATAGCAATATG	GC09P	2402.0	1043	0.2997502	Paratumor	P9	Fibroblasts	Fib_3	-4.5732140541076705	8.67290687561035
GC09P:TGAGCATAGCGTTTAC	GC09P	8243.0	2395	0.08188766	Paratumor	P9	Smooth muscle cells	SMC_2	-4.77994585037231	-12.1677598953247
GC09P:TGAGCATCAGCTCGCA	GC09P	5766.0	1887	0.07839057	Paratumor	P9	Smooth muscle cells	SMC_2	-3.7159228324890097	-12.149894714355499
GC09P:TGAGCCGAGATAGTCA	GC09P	1414.0	690	0.18953323	Paratumor	P9	Myofibroblasts	Myofibroblasts	-8.72202110290527	0.508478283882141
GC09P:TGAGCCGAGCACACAG	GC09P	1223.0	679	0.17906787	Paratumor	P9	Endothelial cells	Endo_1	9.66869163513184	-3.19263529777527
GC09P:TGCACCTCAGCTCGCA	GC09P	2571.0	1132	0.28432515	Paratumor	P9	Smooth muscle cells	SMC_2	-4.146001815795899	-13.6804037094116
GC09P:TGCACCTTCGTGGTCG	GC09P	5552.0	2087	0.095100865	Paratumor	P9	Smooth muscle cells	SMC_2	-2.9599976539611803	-13.482478141784698
GC09P:TGCCCATGTGACCAAG	GC09P	11440.0	3516	0.05944056	Paratumor	P9	Endothelial cells	Endo_3	10.2600574493408	2.35537815093994
GC09P:TGCGCAGGTTGTGGCC	GC09P	2512.0	1037	0.2281051	Paratumor	P9	Smooth muscle cells	SMC_2	-4.05873346328735	-12.8401136398315
GC09P:TGCGGGTCAACACGCC	GC09P	609.0	370	0.21839081	Paratumor	P9	Endothelial cells	Endo_1	11.1049022674561	-1.1930971145629898
GC09P:TGCGGGTCACAGACAG	GC09P	6876.0	2347	0.043484583	Paratumor	P9	Fibroblasts	Fib_1	-7.2498893737792995	8.0380687713623
GC09P:TGCGGGTCAGGGTTAG	GC09P	2269.0	1237	0.15249008	Paratumor	P9	Smooth muscle cells	SMC_1	-0.46540826559066795	-10.2083530426025
GC09P:TGCTGCTAGACATAAC	GC09P	7499.0	2322	0.1862915	Paratumor	P9	Fibroblasts	Fib_3	-4.40901899337769	5.6334552764892605
GC09P:TGGACGCCAGTTCCCT	GC09P	1336.0	696	0.25523952	Paratumor	P9	Endothelial cells	Endo_1	9.82641696929932	-3.39675974845886
GC09P:TGGCCAGAGAAGAAGC	GC09P	6844.0	2471	0.16861485	Paratumor	P9	Smooth muscle cells	SMC_1	-0.19350877404213	-10.909828186035199
GC09P:TGGGAAGAGACCCACC	GC09P	19283.0	4002	0.046880674	Paratumor	P9	Fibroblasts	Fib_5	-11.177625656127901	3.6645302772522004
GC09P:TGGTTCCTCCTTGACC	GC09P	4829.0	1987	0.028370263	Paratumor	P9	Endothelial cells	Endo_4	12.5617589950562	-6.45009279251099
GC09P:TGTATTCCATAAGACA	GC09P	7052.0	2320	0.08635848	Paratumor	P9	Endothelial cells	Endo_3	8.58870887756348	3.3390929698944105
GC09P:TGTATTCGTATGGTTC	GC09P	1633.0	670	0.25842008	Paratumor	P9	Fibroblasts	Fib_3	-4.8483605384826705	9.3341121673584
GC09P:TGTGTTTAGGATGGAA	GC09P	2113.0	1021	0.28537625	Paratumor	P9	Endothelial cells	Endo_1	11.318096160888699	-0.691443264484406
GC09P:TTAACTCCAGGACGTA	GC09P	6692.0	2603	0.10789002	Paratumor	P9	Myofibroblasts	Myofibroblasts	-8.29878234863281	0.601667821407318
GC09P:TTAACTCTCATAAAGG	GC09P	4161.0	1516	0.10958904	Paratumor	P9	Fibroblasts	Fib_4	-7.6705646514892605	2.6910459995269798
GC09P:TTAGGACTCTCACATT	GC09P	6580.0	2165	0.13297872	Paratumor	P9	Fibroblasts	Fib_5	-10.1741323471069	3.2194516658783
GC09P:TTAGGACTCTGATACG	GC09P	2475.0	1059	0.24121211	Paratumor	P9	Fibroblasts	Fib_4	-7.11121368408203	2.4702396392822297
GC09P:TTAGTTCAGATGTTAG	GC09P	15113.0	3725	0.08290876	Paratumor	P9	Fibroblasts	Fib_5	-10.607872009277301	3.73901319503784
GC09P:TTCTCAAGTGCTTCTC	GC09P	1153.0	624	0.19167389	Paratumor	P9	Fibroblasts	Fib_3	-4.42705965042114	9.48504066467285
GC09P:TTCTCCTAGATATGGT	GC09P	2121.0	1199	0.14144272	Paratumor	P9	Fibroblasts	Fib_2	-5.9534158706665	10.1081495285034
GC09P:TTCTCCTTCTGGTTCC	GC09P	1813.0	849	0.2636514	Paratumor	P9	Fibroblasts	Fib_3	-4.63287830352783	8.61566066741943
GC09P:TTGAACGAGTCAAGGC	GC09P	8255.0	2619	0.05427014	Paratumor	P9	Endothelial cells	Endo_3	8.41424655914307	3.6023547649383505
GC09P:TTGACTTAGCGATCCC	GC09P	4997.0	1901	0.043826297	Paratumor	P9	Fibroblasts	Fib_2	-4.54266929626465	10.312051773071301
GC09P:TTGCCGTCAGGGCATA	GC09P	3780.0	1734	0.04312169	Paratumor	P9	Endothelial cells	Endo_4	12.4394788742065	-5.95132064819336
GC09P:TTGCCGTTCTAGCACA	GC09P	2225.0	899	0.14831461	Paratumor	P9	Fibroblasts	Fib_5	-10.7058258056641	2.8087925910949703
GC09P:TTGCGTCCACACAGAG	GC09P	2847.0	1039	0.13277134	Paratumor	P9	Smooth muscle cells	SMC_2	-4.46395397186279	-12.4252834320068
GC09P:TTGCGTCTCCCAAGTA	GC09P	3291.0	1536	0.0607718	Paratumor	P9	Endothelial cells	Endo_3	9.27804660797119	3.70295691490173
GC09P:TTGGAACCAAGGACAC	GC09P	2401.0	891	0.110787176	Paratumor	P9	Fibroblasts	Fib_3	-3.62744355201721	7.157739162445071
GC09P:TTGGAACTCCCTCTTT	GC09P	1819.0	965	0.047828477	Paratumor	P9	Endothelial cells	Endo_4	11.6820287704468	-7.367037773132321
GC09P:TTGTAGGGTCCTGCTT	GC09P	3797.0	1488	0.080853306	Paratumor	P9	Fibroblasts	Fib_5	-11.059471130371099	2.8475520610809304
GC09P:TTTACTGTCCTCATTA	GC09P	6471.0	2505	0.03739762	Paratumor	P9	Endothelial cells	Endo_2	7.77510690689087	-3.23139405250549
GC09P:TTTACTGTCGTCGTTC	GC09P	3931.0	1587	0.10887815	Paratumor	P9	Myofibroblasts	Myofibroblasts	-8.01941394805908	0.72242933511734
GC09P:TTTATGCCATACAGCT	GC09P	13462.0	3128	0.06418066	Paratumor	P9	Fibroblasts	Fib_5	-10.274953842163098	3.49504852294922
GC09P:TTTCCTCAGGCTATCT	GC09P	8226.0	2959	0.05312424	Paratumor	P9	Smooth muscle cells	SMC_1	0.993337750434875	-10.744510650634801
GC09P:TTTGCGCTCTCCAGGG	GC09P	5884.0	2420	0.06271244	Paratumor	P9	Endothelial cells	Endo_2	9.47072887420654	-2.28342008590698
GC09P:TTTGGTTAGTCCGTAT	GC09P	7229.0	2454	0.054502696	Paratumor	P9	Fibroblasts	Fib_5	-11.3440198898315	2.9102246761322004
GC09P:TTTGTCACATCTCGCT	GC09P	5549.0	2391	0.101639934	Paratumor	P9	Myofibroblasts	Myofibroblasts	-7.839468479156491	0.842007398605347
GC09T:AAACGGGAGTGGGCTA	GC09T	7406.0	2671	0.052660007	Tumor	P9	Endothelial cells	Endo_1	11.0493879318237	-2.64852356910706
GC09T:AAAGTAGGTCGCGTGT	GC09T	5959.0	2206	0.08978017	Tumor	P9	Smooth muscle cells	SMC_1	-2.0925102233886697	-13.2860269546509
GC09T:AAGGAGCAGGACTGGT	GC09T	2255.0	1137	0.15875831	Tumor	P9	Endothelial cells	Endo_1	9.57355308532715	-0.6306281089782709
GC09T:AATCCAGGTATAAACG	GC09T	13588.0	3759	0.020385634	Tumor	P9	Fibroblasts	Fib_1	-6.152884006500241	5.86149549484253
GC09T:ACACCAATCGACGGAA	GC09T	9397.0	3207	0.05044163	Tumor	P9	Endothelial cells	Endo_2	9.80004978179932	-2.55452179908752
GC09T:ACACCCTGTTCGTCTC	GC09T	13377.0	3851	0.016221873	Tumor	P9	Smooth muscle cells	SMC_1	-0.56430983543396	-9.836689949035641
GC09T:ACACCCTTCCCAGGTG	GC09T	8289.0	2989	0.042345278	Tumor	P9	Endothelial cells	Endo_1	11.239143371582001	1.22440838813782
GC09T:ACACTGACACTTACGA	GC09T	5944.0	2249	0.023553163	Tumor	P9	Myofibroblasts	Myofibroblasts	-8.45973968505859	0.624054253101349
GC09T:ACACTGAGTTCCCGAG	GC09T	9943.0	3657	0.026249623	Tumor	P9	Endothelial cells	Endo_1	12.6602964401245	-3.0855176448822004
GC09T:ACATGGTCATATACGC	GC09T	8805.0	2859	0.0879046	Tumor	P9	Fibroblasts	Fib_2	-6.3721418380737305	7.95104217529297
GC09T:ACGATGTGTATAGTAG	GC09T	6826.0	2702	0.04893056	Tumor	P9	Fibroblasts	Fib_1	-7.524325370788571	7.56526374816895
GC09T:ACGCCGATCCTCTAGC	GC09T	3564.0	1504	0.12177329	Tumor	P9	Fibroblasts	Fib_1	-6.77312898635864	5.81862545013428
GC09T:AGAATAGTCTTACCGC	GC09T	2783.0	1702	0.056773268	Tumor	P9	Smooth muscle cells	SMC_1	0.112381458282471	-10.1954965591431
GC09T:AGACGTTAGCGCTCCA	GC09T	5181.0	2271	0.044585988	Tumor	P9	Endothelial cells	Endo_1	11.205792427063	-2.9385929107666002
GC09T:AGAGCGAAGTCTTGCA	GC09T	7565.0	2693	0.05181758	Tumor	P9	Fibroblasts	Fib_1	-6.9745078086853	7.86761808395386
GC09T:AGATCTGTCCTTTCTC	GC09T	8787.0	3268	0.056333218	Tumor	P9	Endothelial cells	Endo_1	11.918163299560499	0.702659428119659
GC09T:AGTTGGTAGGATGCGT	GC09T	8236.0	3026	0.0541525	Tumor	P9	Endothelial cells	Endo_1	12.8386993408203	-1.18646228313446
GC09T:ATAGACCGTACAGACG	GC09T	7329.0	2640	0.06331014	Tumor	P9	Fibroblasts	Fib_1	-7.40359258651733	5.98486518859863
GC09T:ATCATCTCAAGCCGCT	GC09T	1035.0	583	0.10821256	Tumor	P9	Fibroblasts	Fib_3	-4.568158626556401	5.12379932403564
GC09T:ATCTACTGTAGCGATG	GC09T	13522.0	3951	0.04866144	Tumor	P9	Fibroblasts	Fib_1	-6.26261234283447	6.14429044723511
GC09T:ATCTGCCTCAGCCTAA	GC09T	8673.0	3370	0.016603252	Tumor	P9	Smooth muscle cells	SMC_1	-0.18550646305084198	-9.78341293334961
GC09T:ATGTGTGCAGTCAGCC	GC09T	6522.0	2115	0.14535418	Tumor	P9	Smooth muscle cells	SMC_1	-0.178925484418869	-12.7024440765381
GC09T:ATTTCTGCATGTAGTC	GC09T	9482.0	2755	0.054313436	Tumor	P9	Smooth muscle cells	SMC_1	-0.880427777767181	-12.2843704223633
GC09T:CACAGGCCACCTTGTC	GC09T	12654.0	3591	0.057057057	Tumor	P9	Fibroblasts	Fib_1	-6.38383436203003	5.89874505996704
GC09T:CACATTTGTCATACTG	GC09T	5832.0	2491	0.08213306	Tumor	P9	Endothelial cells	Endo_1	11.459836006164599	-2.78825092315674
GC09T:CACCTTGAGTAATCCC	GC09T	3511.0	1591	0.118199944	Tumor	P9	Smooth muscle cells	SMC_1	-0.352981358766556	-10.507103919982901
GC09T:CACCTTGCAATGGACG	GC09T	15273.0	4394	0.04471944	Tumor	P9	Endothelial cells	Endo_1	11.3712854385376	-3.10438108444214
GC09T:CATCCACAGAACAACT	GC09T	4269.0	1689	0.050363082	Tumor	P9	Smooth muscle cells	SMC_1	-1.6109827756881698	-12.888048171997099
GC09T:CATCGGGCATGCCTTC	GC09T	2118.0	1086	0.14258735	Tumor	P9	Endothelial cells	Endo_1	9.91050720214844	-3.3611235618591295
GC09T:CATCGGGTCTTCGAGA	GC09T	13755.0	4143	0.044420213	Tumor	P9	Endothelial cells	Endo_1	12.369964599609402	-2.73942446708679
GC09T:CATGACAGTCCATGAT	GC09T	14379.0	4084	0.035051115	Tumor	P9	Endothelial cells	Endo_1	11.9251136779785	-2.8318254947662402
GC09T:CATGCCTAGTGCTGCC	GC09T	4033.0	1771	0.054054055	Tumor	P9	Fibroblasts	Fib_1	-6.71635866165161	6.422133922576901
GC09T:CATTCGCGTATTCGTG	GC09T	9407.0	2955	0.063888595	Tumor	P9	Fibroblasts	Fib_1	-6.7162613868713406	6.412358283996579
GC09T:CCATGTCAGTCGCCGT	GC09T	2022.0	1201	0.115232445	Tumor	P9	Smooth muscle cells	SMC_1	-0.163844481110573	-9.80421829223633
GC09T:CCCTCCTAGACACTAA	GC09T	7919.0	2822	0.0495012	Tumor	P9	Smooth muscle cells	SMC_1	-0.9662950038909909	-12.844102859497099
GC09T:CCGTACTCAGTGACAG	GC09T	7669.0	2795	0.036771417	Tumor	P9	Smooth muscle cells	SMC_1	0.6561941504478449	-10.548686027526902
GC09T:CCGTGGACACATGGGA	GC09T	2217.0	1035	0.16644114	Tumor	P9	Smooth muscle cells	SMC_1	-0.12980546057224301	-12.132698059082001
GC09T:CCTAAAGGTACTTCTT	GC09T	5702.0	2165	0.08347948	Tumor	P9	Endothelial cells	Endo_4	11.7042675018311	-6.345337390899661
GC09T:CGAACATGTGTCCTCT	GC09T	11118.0	3748	0.042093903	Tumor	P9	Endothelial cells	Endo_1	12.535762786865199	-3.27607011795044
GC09T:CGACTTCTCTCCGGTT	GC09T	5933.0	2095	0.075846955	Tumor	P9	Fibroblasts	Fib_1	-7.3462209701538095	5.528570652008059
GC09T:CGTGTCTGTTAAGATG	GC09T	2842.0	1290	0.1643209	Tumor	P9	Fibroblasts	Fib_3	-4.61224555969238	5.11593151092529
GC09T:CTACACCAGCTAGGCA	GC09T	7270.0	2470	0.051581845	Tumor	P9	Fibroblasts	Fib_1	-6.289620876312259	8.61215305328369
GC09T:CTCGAGGAGCACAGGT	GC09T	10689.0	3625	0.043689776	Tumor	P9	Endothelial cells	Endo_1	12.571460723877001	0.359815925359726
GC09T:CTCGGGACAGCTGTTA	GC09T	6442.0	2360	0.048742626	Tumor	P9	Smooth muscle cells	SMC_1	0.656080961227417	-11.944934844970698
GC09T:CTGCCTAAGAGTGAGA	GC09T	11524.0	3615	0.05197848	Tumor	P9	Endothelial cells	Endo_1	12.3445072174072	0.673171579837799
GC09T:CTTTGCGAGCTAGCCC	GC09T	3302.0	1356	0.105087824	Tumor	P9	Fibroblasts	Fib_1	-6.78652715682983	6.20265913009644
GC09T:GAAATGAGTTAAGATG	GC09T	4311.0	1713	0.045233123	Tumor	P9	Smooth muscle cells	SMC_2	-3.94937491416931	-12.6005964279175
GC09T:GACCAATGTAGAAGGA	GC09T	10906.0	3321	0.04227031	Tumor	P9	Fibroblasts	Fib_1	-8.289524078369139	6.62302207946777
GC09T:GCGAGAACAAGGCTCC	GC09T	633.0	349	0.22116904	Tumor	P9	Endothelial cells	Endo_1	0.455333441495895	-11.128315925598098
GC09T:GCGCGATAGGTCATCT	GC09T	9671.0	3737	0.044462826	Tumor	P9	Endothelial cells	Endo_4	12.092866897583	-4.55163812637329
GC09T:GCTGCTTCATGCCCGA	GC09T	12897.0	3596	0.040396992	Tumor	P9	Fibroblasts	Fib_1	-7.55773639678955	5.304237365722661
GC09T:GCTGGGTAGATCACGG	GC09T	12739.0	3930	0.042389512	Tumor	P9	Fibroblasts	Fib_1	-6.415451526641849	6.31269645690918
GC09T:GCTGGGTCACACCGAC	GC09T	8152.0	2929	0.053729147	Tumor	P9	Endothelial cells	Endo_1	11.5647945404053	1.1698921918868999
GC09T:GCTGGGTTCCAAGCCG	GC09T	2379.0	1428	0.11223203	Tumor	P9	Fibroblasts	Fib_3	-4.75053215026855	4.38513994216919
GC09T:GGAAAGCTCTCTAAGG	GC09T	1845.0	961	0.16314363	Tumor	P9	Smooth muscle cells	SMC_1	-0.27620825171470603	-10.2197895050049
GC09T:GGAATAATCAACACAC	GC09T	3613.0	1678	0.060614448	Tumor	P9	Smooth muscle cells	SMC_1	0.5946900248527529	-11.0150585174561
GC09T:GGACAGATCATACGGT	GC09T	19606.0	5205	0.03881465	Tumor	P9	Endothelial cells	Endo_1	12.5174236297607	-0.14869315922260298
GC09T:GGACATTGTAGGCTGA	GC09T	2724.0	1122	0.10168869	Tumor	P9	Fibroblasts	Fib_4	-5.146248817443849	2.9757475852966295
GC09T:GGGAGATGTGGTGTAG	GC09T	5748.0	2402	0.041405708	Tumor	P9	Smooth muscle cells	SMC_1	-0.509665906429291	-9.55079460144043
GC09T:GTAGGCCGTTAGAACA	GC09T	4778.0	2117	0.17308497	Tumor	P9	Fibroblasts	Fib_1	-8.30684661865234	5.24697685241699
GC09T:GTGCAGCCAGTATAAG	GC09T	23255.0	5511	0.038185336	Tumor	P9	Endothelial cells	Endo_1	13.409775733947802	-1.5317353010177601
GC09T:GTGCATAGTGATGTGG	GC09T	9612.0	3220	0.024760716	Tumor	P9	Fibroblasts	Fib_1	-6.73038148880005	7.67973756790161
GC09T:GTGTGCGGTTGACGTT	GC09T	5277.0	1920	0.12507106	Tumor	P9	Myofibroblasts	Myofibroblasts	-9.252461433410641	5.75522184371948
GC09T:TACTTACTCGAACGGA	GC09T	13000.0	3981	0.044153847	Tumor	P9	Endothelial cells	Endo_1	12.1968660354614	-2.54324793815613
GC09T:TAGCCGGCAGATGGCA	GC09T	4308.0	1774	0.035051066	Tumor	P9	Fibroblasts	Fib_1	-7.17065858840942	7.276583671569821
GC09T:TAGGCATAGTCATCCA	GC09T	8913.0	3341	0.05463929	Tumor	P9	Endothelial cells	Endo_1	11.3355770111084	-2.89354038238525
GC09T:TCACAAGGTAGCGCTC	GC09T	8546.0	3008	0.0695062	Tumor	P9	Smooth muscle cells	SMC_1	0.556545555591583	-10.5438642501831
GC09T:TCACGAAGTCCGTCAG	GC09T	2761.0	1098	0.11227816	Tumor	P9	Fibroblasts	Fib_4	-5.23138475418091	2.97240996360779
GC09T:TCAGGTACAAGTCATC	GC09T	11502.0	3466	0.04294905	Tumor	P9	Fibroblasts	Fib_1	-6.40864896774292	6.121606349945071
GC09T:TCCACACAGACAGACC	GC09T	10908.0	3680	0.04492116	Tumor	P9	Endothelial cells	Endo_1	11.594554901122999	1.06094121932983
GC09T:TCGCGAGTCCGTAGGC	GC09T	6460.0	1992	0.06594427	Tumor	P9	Smooth muscle cells	SMC_1	-1.3158894777298	-10.5160980224609
GC09T:TGACGGCCACGACGAA	GC09T	10455.0	3346	0.05824964	Tumor	P9	Fibroblasts	Fib_1	-6.1760768890380895	6.017959117889401
GC09T:TGCCCATCAAAGGCGT	GC09T	6435.0	2296	0.06013986	Tumor	P9	Fibroblasts	Fib_1	-6.87963199615479	5.689706325531009
GC09T:TGCCCTAGTGGCTCCA	GC09T	15387.0	4499	0.030025346	Tumor	P9	Endothelial cells	Endo_1	12.7202863693237	-2.9051091670990004
GC09T:TGCTGCTGTGCCTGCA	GC09T	707.0	480	0.17114569	Tumor	P9	Endothelial cells	Endo_1	11.2504243850708	-1.3195803165435802
GC09T:TGGACGCCACGCTTTC	GC09T	3108.0	1457	0.107464604	Tumor	P9	Smooth muscle cells	SMC_1	-0.32335883378982505	-10.391950607299801
GC09T:TGTCCCAAGTATTGGA	GC09T	15393.0	4468	0.035860457	Tumor	P9	Endothelial cells	Endo_1	12.6808748245239	-3.1891722679138197
GC09T:TTAGTTCAGAAAGTGG	GC09T	5557.0	1649	0.05272629	Tumor	P9	Fibroblasts	Fib_3	-3.9375805854797403	6.6249737739563
GC09T:TTATGCTGTCCCGACA	GC09T	6924.0	2107	0.069757365	Tumor	P9	Fibroblasts	Fib_3	-4.56247568130493	8.29536819458008
GC09T:TTCTCCTCAGGCTGAA	GC09T	10098.0	3193	0.055654585	Tumor	P9	Smooth muscle cells	SMC_1	-1.81661701202393	-13.1344146728516
GC09T:TTGCGTCGTTCTGAAC	GC09T	2883.0	1388	0.04231703	Tumor	P9	Smooth muscle cells	SMC_1	0.37919801473617604	-11.3001155853271
GC09T:TTGGCAAAGTAAGTAC	GC09T	6645.0	2824	0.04589917	Tumor	P9	Endothelial cells	Endo_1	11.985767364502001	-3.07707142829895
GC09T:TTGGCAAAGTGCCATT	GC09T	3743.0	1796	0.09377505	Tumor	P9	Fibroblasts	Fib_1	-7.41368055343628	3.9287505149841295
