	batch	n_counts	n_genes	percent_mito	tissue	patient	myeloid_cluster	UMAP_x	UMAP_y
GC10P-R2:AAACCTGTCACCCTCA	GC10P-R2	3170.0	1082	0.0533123	P	GC10	Mφ_THBS1	0.02074723	-7.4973884
GC10P-R2:AAAGATGGTACTTGAC	GC10P-R2	4427.0	1443	0.032979444	P	GC10	Mφ_THBS1	1.3665769	-4.9128466
GC10P-R2:AAAGTAGCATTCCTCG	GC10P-R2	11558.0	2990	0.04403876	P	GC10	cDC2_CD1C	2.1186416	0.57217973
GC10P-R2:AAATGCCAGTAGGCCA	GC10P-R2	4216.0	1283	0.04411765	P	GC10	Mφ_THBS1	1.3754447	-6.013788
GC10P-R2:AAATGCCGTGCCTGCA	GC10P-R2	3995.0	1201	0.029536922	P	GC10	Mφ_THBS1	1.4808829	-7.2134876
GC10P-R2:AACCATGTCAACGCTA	GC10P-R2	3098.0	1000	0.054228533	P	GC10	Mφ_THBS1	1.2037748	-5.8244977
GC10P-R2:AACGTTGGTCATACTG	GC10P-R2	14712.0	3250	0.04846384	P	GC10	Mφ_APOE	-3.0346544	-1.2462142
GC10P-R2:AACTCAGCAATGTTGC	GC10P-R2	11878.0	2635	0.031991918	P	GC10	cDC2_CD1C	0.9266335	-1.6271955
GC10P-R2:AACTCCCCAGGGAGAG	GC10P-R2	2944.0	990	0.036005434	P	GC10	Mφ_THBS1	0.8447653	-7.145048
GC10P-R2:AACTTTCCAGGTCCAC	GC10P-R2	8607.0	2172	0.01754386	P	GC10	Mφ_APOE	0.05767237	-1.6110193
GC10P-R2:AACTTTCGTAAATGAC	GC10P-R2	9830.0	2591	0.037945066	P	GC10	Mφ_APOE	-0.2904826	-0.28485024
GC10P-R2:AAGACCTTCGTGACAT	GC10P-R2	2568.0	902	0.07320872	P	GC10	Mφ_THBS1	1.4240174	-5.5651374
GC10P-R2:AAGTCTGCATGCATGT	GC10P-R2	1852.0	776	0.038336933	P	GC10	Mφ_THBS1	0.6493101	-5.8534822
GC10P-R2:ACACCAATCCCAAGAT	GC10P-R2	16426.0	3467	0.0349446	P	GC10	cDC2_CD1C	1.6792891	0.6482335
GC10P-R2:ACACCAATCTAACTGG	GC10P-R2	568.0	345	0.00528169	P	GC10	Mφ_APOE	-1.1321641	-0.556277
GC10P-R2:ACACTGAAGAGAACAG	GC10P-R2	2290.0	878	0.024017468	P	GC10	Mφ_THBS1	0.5239285	-6.473314
GC10P-R2:ACACTGATCAAAGACA	GC10P-R2	6055.0	1684	0.024772914	P	GC10	Mφ_THBS1	0.9131132	-5.5648785
GC10P-R2:ACATACGTCGTCCGTT	GC10P-R2	4550.0	1365	0.023956044	P	GC10	Mono_FCGR3A	5.1570516	-3.7188578
GC10P-R2:ACCAGTATCATCATTC	GC10P-R2	2383.0	900	0.033990767	P	GC10	Mφ_THBS1	0.25910607	-7.096117
GC10P-R2:ACGAGCCCAAGTTAAG	GC10P-R2	8704.0	2033	0.05951287	P	GC10	cDC2_CD1C	1.8995156	-2.0285366
GC10P-R2:ACGAGGACAATTGCTG	GC10P-R2	5243.0	1616	0.039290484	P	GC10	Mφ_THBS1	2.2708306	-6.4381585
GC10P-R2:ACGATACAGGTACTCT	GC10P-R2	6081.0	1788	0.06051636	P	GC10	Mono_FCGR3A	6.4203258	-3.0168698
GC10P-R2:ACGCCAGCATCGACGC	GC10P-R2	11386.0	2595	0.0336378	P	GC10	cDC2_CD1C	1.5300705	-1.6370425
GC10P-R2:ACGCCGATCTATCGCC	GC10P-R2	4089.0	1172	0.036194667	P	GC10	Mφ_THBS1	-0.17641668	-6.723036
GC10P-R2:ACGGCCACAGAGTGTG	GC10P-R2	6591.0	1751	0.04536489	P	GC10	cDC2_CD1C	1.0560143	-3.377844
GC10P-R2:ACGTCAAGTTACGGAG	GC10P-R2	11815.0	2199	0.025645366	P	GC10	cDC2_CD1C	2.492925	-1.3050851
GC10P-R2:ACTGAACCATATGGTC	GC10P-R2	6334.0	1710	0.0404168	P	GC10	cDC2_CD1C	1.2377254	-2.248507
GC10P-R2:ACTGAACCATCCTTGC	GC10P-R2	5584.0	1732	0.027936963	P	GC10	Mφ_APOE	0.37172168	-0.71279514
GC10P-R2:ACTGTCCAGACTCGGA	GC10P-R2	5607.0	1671	0.029962547	P	GC10	Mφ_THBS1	0.20931996	-3.4985747
GC10P-R2:ACTGTCCGTCACAAGG	GC10P-R2	5122.0	1818	0.04509957	P	GC10	Mono_FCGR3A	6.3434596	-2.4364061
GC10P-R2:ACTGTCCGTTCGTCTC	GC10P-R2	7983.0	2390	0.022923714	P	GC10	Mφ_APOE	-1.9714701	-0.9945531
GC10P-R2:AGACGTTGTCATATGC	GC10P-R2	2110.0	853	0.08388626	P	GC10	Mφ_THBS1	0.065469675	-7.4439864
GC10P-R2:AGAGCTTAGGAGTCTG	GC10P-R2	8681.0	2182	0.042276237	P	GC10	Mono_FCGR3A	5.6358566	-2.9708757
GC10P-R2:AGAGTGGGTTCGCTAA	GC10P-R2	4881.0	1701	0.021511985	P	GC10	Mono_CD14	4.2843113	-7.0885496
GC10P-R2:AGAGTGGGTTGTACAC	GC10P-R2	5589.0	1775	0.033100735	P	GC10	Mono_CD14	5.681101	-6.449783
GC10P-R2:AGAGTGGTCACCACCT	GC10P-R2	10787.0	2561	0.0465375	P	GC10	Mφ_THBS1	-1.1399868	-4.9234347
GC10P-R2:AGATCTGGTGTCGCTG	GC10P-R2	6394.0	1731	0.02173913	P	GC10	Mφ_APOE	-0.3248157	-1.3311446
GC10P-R2:AGCCTAAGTCAGCTAT	GC10P-R2	5620.0	1600	0.04039146	P	GC10	Mφ_THBS1	-0.40615574	-3.2975698
GC10P-R2:AGCGTATCACCTCGGA	GC10P-R2	4707.0	1405	0.022094753	P	GC10	Mφ_THBS1	1.9453546	-5.13771
GC10P-R2:AGCGTCGTCCTCATTA	GC10P-R2	606.0	329	0.02970297	P	GC10	cDC2_CD1C	0.23316482	-2.2235334
GC10P-R2:AGCGTCGTCGAATGCT	GC10P-R2	1616.0	624	0.020420792	P	GC10	Mφ_THBS1	1.6669084	-4.3286586
GC10P-R2:AGCTTGAGTTATGCGT	GC10P-R2	6718.0	1964	0.01786246	P	GC10	Mono_CD14	2.2894082	-4.8120875
GC10P-R2:AGCTTGATCATGCATG	GC10P-R2	4104.0	1499	0.035331383	P	GC10	Mono_FCGR3A	6.112173	-2.457566
GC10P-R2:AGGTCCGAGGTCGGAT	GC10P-R2	4848.0	1410	0.018564356	P	GC10	Mono_FCGR3A	4.84058	-3.5741818
GC10P-R2:AGGTCCGTCAGTACGT	GC10P-R2	13059.0	3027	0.029634735	P	GC10	cDC2_CD1C	1.4782687	-2.3338478
GC10P-R2:AGTCTTTAGGGTCGAT	GC10P-R2	8126.0	1934	0.026704406	P	GC10	cDC2_CD1C	2.5513914	-2.482157
GC10P-R2:AGTGGGAAGTACGACG	GC10P-R2	7523.0	1977	0.031636316	P	GC10	cDC2_CD1C	1.7263718	-3.6219256
GC10P-R2:AGTGTCATCGCATGAT	GC10P-R2	889.0	475	0.05624297	P	GC10	Mφ_APOE	-1.2289923	0.4948298
GC10P-R2:AGTTGGTGTGAGTATA	GC10P-R2	20755.0	4191	0.084943384	P	GC10	cDC2_CD1C	0.40383652	0.31744945
GC10P-R2:ATAGACCAGTCCGGTC	GC10P-R2	1281.0	613	0.035909444	P	GC10	Mφ_THBS1	0.33486545	-6.635492
GC10P-R2:ATCATCTTCATTATCC	GC10P-R2	4617.0	1401	0.024258176	P	GC10	Mφ_THBS1	0.9633771	-5.549277
GC10P-R2:ATCCACCCACCTATCC	GC10P-R2	8242.0	2082	0.03288037	P	GC10	Mφ_THBS1	1.7223874	-7.317018
GC10P-R2:ATCCACCGTGGTGTAG	GC10P-R2	4558.0	1469	0.02501097	P	GC10	Mφ_APOE	-0.57066613	0.051895857
GC10P-R2:ATCCGAAGTTACGGAG	GC10P-R2	7260.0	1774	0.045867767	P	GC10	DC_LAMP3	4.733269	-0.47295383
GC10P-R2:ATCTACTAGCGTAGTG	GC10P-R2	2825.0	942	0.031858407	P	GC10	Mφ_THBS1	0.73009574	-6.437218
GC10P-R2:ATCTGCCTCGGCATCG	GC10P-R2	19723.0	3888	0.061856717	P	GC10	cDC2_CD1C	1.5078655	0.913781
GC10P-R2:ATGCGATGTCAGAAGC	GC10P-R2	5901.0	1710	0.023216404	P	GC10	Mφ_THBS1	2.0667458	-6.920171
GC10P-R2:ATGCGATTCAATACCG	GC10P-R2	3478.0	1155	0.05146636	P	GC10	Mφ_THBS1	0.5154197	-7.3971286
GC10P-R2:ATGCGATTCATGTAGC	GC10P-R2	4289.0	1310	0.038004197	P	GC10	Mφ_THBS1	1.2469298	-5.3278627
GC10P-R2:ATTTCTGTCTAGAGTC	GC10P-R2	3607.0	1149	0.039367896	P	GC10	Mφ_THBS1	1.7135744	-7.0317802
GC10P-R2:CAACCAAGTCTTGATG	GC10P-R2	2772.0	958	0.05266955	P	GC10	Mφ_THBS1	1.0971075	-7.079973
GC10P-R2:CAACCAATCGTAGATC	GC10P-R2	3919.0	1442	0.031640723	P	GC10	Mono_FCGR3A	6.2645583	-2.5552678
GC10P-R2:CAACCTCTCGACGGAA	GC10P-R2	1305.0	697	0.083524905	P	GC10	Mφ_APOE	-1.2890484	1.4511564
GC10P-R2:CACAAACCAGACAAAT	GC10P-R2	4223.0	1322	0.027468624	P	GC10	Mφ_THBS1	-0.008521848	-7.58949
GC10P-R2:CACACTCAGAGATGAG	GC10P-R2	2175.0	840	0.058390804	P	GC10	Mφ_THBS1	-0.44087255	-6.34864
GC10P-R2:CACCACTCATGGTTGT	GC10P-R2	1607.0	851	0.0497822	P	GC10	Mφ_APOE	-1.54018	1.2266558
GC10P-R2:CACCAGGAGATGCCTT	GC10P-R2	4741.0	1588	0.022780005	P	GC10	Mφ_THBS1	1.3842226	-7.1338263
GC10P-R2:CACCAGGGTTACGGAG	GC10P-R2	10017.0	2580	0.046321254	P	GC10	Mono_FCGR3A	6.908481	-3.057385
GC10P-R2:CACCTTGAGACCCACC	GC10P-R2	6815.0	1710	0.030961115	P	GC10	Mφ_THBS1	0.7093688	-5.973841
GC10P-R2:CAGAATCAGGTGTTAA	GC10P-R2	5095.0	1483	0.033169772	P	GC10	Mφ_THBS1	1.344633	-7.707301
GC10P-R2:CAGAATCGTGTGAAAT	GC10P-R2	5520.0	1568	0.05869565	P	GC10	Mφ_THBS1	1.1275042	-6.810468
GC10P-R2:CAGATCACAAGGTTTC	GC10P-R2	9882.0	2099	0.04644809	P	GC10	cDC1_XCR1	1.5047832	2.8395908
GC10P-R2:CAGCAGCAGATCCCAT	GC10P-R2	10965.0	2445	0.032010943	P	GC10	cDC2_CD1C	1.1197237	-1.7210485
GC10P-R2:CAGCATAAGCACCGCT	GC10P-R2	11025.0	2577	0.022312924	P	GC10	cDC2_CD1C	0.34752563	-1.4226632
GC10P-R2:CAGCGACAGTGTCCCG	GC10P-R2	14905.0	3056	0.034753438	P	GC10	cDC2_CD1C	0.88884175	-1.6936556
GC10P-R2:CAGCGACAGTGTTTGC	GC10P-R2	4010.0	1322	0.0319202	P	GC10	Mφ_THBS1	1.0521902	-6.641979
GC10P-R2:CAGCGACCACGCGAAA	GC10P-R2	4516.0	1662	0.029229406	P	GC10	Mφ_APOE	-0.66656387	0.34366345
GC10P-R2:CAGCTGGGTGTAAGTA	GC10P-R2	10858.0	2398	0.03343157	P	GC10	cDC2_CD1C	2.2257535	-1.5697144
GC10P-R2:CAGTAACAGCGTAATA	GC10P-R2	13089.0	2909	0.028344411	P	GC10	cDC2_CD1C	0.051031265	-1.380685
GC10P-R2:CAGTAACGTTATGTGC	GC10P-R2	3381.0	1070	0.027210884	P	GC10	Mφ_THBS1	1.5530595	-6.6759524
GC10P-R2:CATATGGTCTTCTGGC	GC10P-R2	5471.0	1631	0.028696764	P	GC10	Mono_FCGR3A	5.574681	-3.5663164
GC10P-R2:CATCAAGTCCCGGATG	GC10P-R2	14139.0	3096	0.04979136	P	GC10	cDC2_CD1C	2.5823777	-1.6833215
GC10P-R2:CATGACACAGTCAGCC	GC10P-R2	4768.0	1686	0.057676174	P	GC10	Mφ_APOE	-0.7221778	-0.8071526
GC10P-R2:CCACCTAAGGGAAACA	GC10P-R2	2412.0	923	0.026119404	P	GC10	Mφ_THBS1	0.7796998	-6.041254
GC10P-R2:CCACGGACACAGACAG	GC10P-R2	11011.0	2715	0.028062847	P	GC10	cDC1_XCR1	1.0126463	3.064999
GC10P-R2:CCACGGAGTCAGAAGC	GC10P-R2	6010.0	1664	0.04359401	P	GC10	Mφ_THBS1	-1.1384854	-5.0988913
GC10P-R2:CCACGGATCACCTCGT	GC10P-R2	1425.0	745	0.032280702	P	GC10	Mφ_APOE	-1.2993526	0.87891966
GC10P-R2:CCACGGATCGATAGAA	GC10P-R2	4352.0	1412	0.03193934	P	GC10	Mφ_THBS1	1.4511719	-7.530758
GC10P-R2:CCAGCGACATGTTGAC	GC10P-R2	6145.0	1638	0.032058585	P	GC10	Mono_FCGR3A	1.3644402	-4.8943686
GC10P-R2:CCCAATCGTCTAAACC	GC10P-R2	5676.0	1617	0.0521494	P	GC10	cDC2_CD1C	0.71599746	-2.1563213
GC10P-R2:CCCAGTTCACTTACGA	GC10P-R2	1447.0	633	0.0276434	P	GC10	Mφ_THBS1	0.07825139	-6.152914
GC10P-R2:CCCTCCTCAGGATTGG	GC10P-R2	7321.0	1984	0.03455812	P	GC10	Mφ_THBS1	0.12505187	-7.17214
GC10P-R2:CCCTCCTTCCCACTTG	GC10P-R2	5412.0	1814	0.022172948	P	GC10	Mφ_THBS1	0.60735106	-7.550022
GC10P-R2:CCGTACTCAGCTTAAC	GC10P-R2	10992.0	2952	0.030203784	P	GC10	Mφ_APOE	0.6026507	-0.5227594
GC10P-R2:CCGTGGAGTTGCGCAC	GC10P-R2	1440.0	795	0.015277778	P	GC10	Mφ_APOE	-1.4423982	0.84338033
GC10P-R2:CCTAAAGAGGCATGGT	GC10P-R2	3180.0	1148	0.044654086	P	GC10	Mφ_THBS1	1.4732939	-4.7140865
GC10P-R2:CCTACACAGCTAGGCA	GC10P-R2	5597.0	1820	0.032338753	P	GC10	Mono_FCGR3A	6.417097	-2.676326
GC10P-R2:CCTACACGTAAGGATT	GC10P-R2	926.0	453	0.047516197	P	GC10	Mφ_THBS1	-0.23045865	-6.413528
GC10P-R2:CCTACACTCCTCAACC	GC10P-R2	3695.0	1225	0.034100134	P	GC10	Mφ_THBS1	0.81851006	-6.6970034
GC10P-R2:CCTACCACAAGTAGTA	GC10P-R2	3119.0	1330	0.036229562	P	GC10	Mφ_APOE	-0.57942075	-0.12210175
GC10P-R2:CCTAGCTAGCAGCCTC	GC10P-R2	9765.0	1877	0.043522786	P	GC10	DC_LAMP3	4.5503197	-1.1261681
GC10P-R2:CCTCTGAGTTTAAGCC	GC10P-R2	6969.0	1817	0.04792653	P	GC10	Mφ_THBS1	0.99908435	-7.642362
GC10P-R2:CCTTTCTAGCAAATCA	GC10P-R2	9036.0	1978	0.041722	P	GC10	cDC2_CD1C	1.3332705	-4.2330713
GC10P-R2:CCTTTCTAGCTTATCG	GC10P-R2	6983.0	2244	0.028927395	P	GC10	Mono_FCGR3A	6.941515	-2.372368
GC10P-R2:CCTTTCTCAAGACACG	GC10P-R2	13213.0	3098	0.033906	P	GC10	cDC2_CD1C	0.026501246	-1.3620423
GC10P-R2:CCTTTCTCAGCCTTTC	GC10P-R2	4364.0	1317	0.04926673	P	GC10	Mφ_THBS1	1.1402075	-6.4356055
GC10P-R2:CGAATGTAGTCTCGGC	GC10P-R2	5358.0	1577	0.027622247	P	GC10	Mφ_THBS1	0.6131134	-6.9524403
GC10P-R2:CGAATGTTCCTCCTAG	GC10P-R2	1721.0	710	0.027309705	P	GC10	Mφ_THBS1	0.40105337	-7.17647
GC10P-R2:CGACCTTAGGCAAAGA	GC10P-R2	12355.0	2753	0.07859166	P	GC10	cDC2_CD1C	1.4347248	-1.5891271
GC10P-R2:CGACTTCAGGGATGGG	GC10P-R2	5236.0	1646	0.075630255	P	GC10	cDC2_CD1C	0.78505015	-1.0476098
GC10P-R2:CGAGCACCATCAGTAC	GC10P-R2	4459.0	1414	0.04776856	P	GC10	Mφ_THBS1	2.3809967	-5.9479823
GC10P-R2:CGATCGGAGACCACGA	GC10P-R2	2593.0	1002	0.037022755	P	GC10	Mφ_THBS1	1.0171914	-6.036603
GC10P-R2:CGATCGGGTGGCGAAT	GC10P-R2	2751.0	978	0.032351874	P	GC10	Mφ_THBS1	1.2141584	-6.089577
GC10P-R2:CGATGTAAGAACAATC	GC10P-R2	11096.0	2482	0.03758111	P	GC10	cDC2_CD1C	2.3148017	-1.4025906
GC10P-R2:CGATTGACAGTCAGAG	GC10P-R2	5489.0	1527	0.028056113	P	GC10	Mφ_THBS1	1.9067186	-6.790818
GC10P-R2:CGCGTTTCATCTGGTA	GC10P-R2	6071.0	1643	0.03310822	P	GC10	Mφ_THBS1	1.2282819	-4.9544663
GC10P-R2:CGCTGGATCGACGGAA	GC10P-R2	3184.0	1164	0.03611809	P	GC10	Mφ_THBS1	0.34786722	-6.752482
GC10P-R2:CGGACACTCTCAAGTG	GC10P-R2	10075.0	2454	0.026203474	P	GC10	cDC2_CD1C	1.091061	-1.00084
GC10P-R2:CGGAGTCGTAGTGAAT	GC10P-R2	7157.0	2028	0.034511667	P	GC10	Mono_FCGR3A	5.5959997	-3.3830354
GC10P-R2:CGGCTAGAGGCTAGAC	GC10P-R2	13107.0	2676	0.036697946	P	GC10	cDC2_CD1C	1.4855413	-1.7987987
GC10P-R2:CGGCTAGCACCTATCC	GC10P-R2	5888.0	1802	0.03566576	P	GC10	Mono_FCGR3A	5.400664	-3.0086884
GC10P-R2:CGGTTAAAGGGCTCTC	GC10P-R2	11253.0	2367	0.049053587	P	GC10	cDC2_CD1C	1.0004202	-1.1029146
GC10P-R2:CGGTTAACAGACGCAA	GC10P-R2	16818.0	3237	0.039719347	P	GC10	Mφ_APOE	-1.9575317	-0.65363973
GC10P-R2:CGGTTAACATACTACG	GC10P-R2	5299.0	1752	0.027741084	P	GC10	Mφ_THBS1	1.5726501	-7.725811
GC10P-R2:CGTAGCGAGCAGATCG	GC10P-R2	2970.0	1015	0.035353534	P	GC10	Mφ_THBS1	0.8232827	-6.858249
GC10P-R2:CGTAGCGCAGGTTTCA	GC10P-R2	3638.0	1126	0.032160528	P	GC10	Mφ_THBS1	1.7932465	-6.193655
GC10P-R2:CGTCACTCACGGATAG	GC10P-R2	2289.0	849	0.020096112	P	GC10	Mφ_THBS1	0.46901444	-6.817424
GC10P-R2:CGTGAGCCACCAGGTC	GC10P-R2	4416.0	1472	0.02853261	P	GC10	Mφ_THBS1	-0.12788528	-4.5550046
GC10P-R2:CGTGTCTTCCAGAAGG	GC10P-R2	2229.0	852	0.067294754	P	GC10	cDC2_CD1C	0.018066792	-2.7819297
GC10P-R2:CGTTCTGTCCCATTTA	GC10P-R2	3728.0	1336	0.024946352	P	GC10	Mφ_THBS1	-1.0030854	-3.67228
GC10P-R2:CTAAGACCAGCTCGCA	GC10P-R2	6912.0	1799	0.023292825	P	GC10	Mφ_THBS1	1.6193236	-7.4033723
GC10P-R2:CTAAGACCATCACAAC	GC10P-R2	3615.0	1362	0.04702628	P	GC10	Mφ_APOE	-1.5322888	1.383267
GC10P-R2:CTAAGACCATTCTCAT	GC10P-R2	4020.0	1394	0.06318408	P	GC10	Mφ_THBS1	2.0360394	-6.909455
GC10P-R2:CTAATGGTCGTACCGG	GC10P-R2	6124.0	1769	0.046701502	P	GC10	Mono_FCGR3A	5.7802033	-2.9582756
GC10P-R2:CTACCCATCATGTCTT	GC10P-R2	4523.0	1515	0.024983417	P	GC10	Mφ_THBS1	0.38168094	-5.122819
GC10P-R2:CTACGTCCAAGGTTTC	GC10P-R2	5540.0	1662	0.040252708	P	GC10	Mφ_THBS1	1.2039789	-6.8065414
GC10P-R2:CTAGAGTCACTAGTAC	GC10P-R2	8485.0	2213	0.038067177	P	GC10	Mφ_APOE	-0.87314147	-1.3176075
GC10P-R2:CTAGTGAAGGTAAACT	GC10P-R2	13970.0	3002	0.03836793	P	GC10	cDC2_CD1C	1.9230335	-1.2065681
GC10P-R2:CTAGTGAAGTCCGGTC	GC10P-R2	3910.0	1175	0.035805628	P	GC10	Mφ_THBS1	0.78071374	-5.239146
GC10P-R2:CTAGTGAGTCTGCAAT	GC10P-R2	2474.0	1022	0.092966855	P	GC10	Mφ_THBS1	0.54195136	-6.912709
GC10P-R2:CTAGTGATCTAACGGT	GC10P-R2	3418.0	1339	0.03715623	P	GC10	Mφ_APOE	0.04901635	-2.3259676
GC10P-R2:CTAGTGATCTAAGCCA	GC10P-R2	8118.0	2048	0.037694015	P	GC10	Mφ_THBS1	-0.08720431	-4.1312833
GC10P-R2:CTCACACAGCCACTAT	GC10P-R2	7777.0	1762	0.039861128	P	GC10	Mφ_THBS1	-0.17861754	-7.1181045
GC10P-R2:CTCATTAAGCGTCAAG	GC10P-R2	16573.0	3228	0.023954624	P	GC10	cDC2_CD1C	0.5091243	-1.0185261
GC10P-R2:CTCATTAAGTTTGCGT	GC10P-R2	1776.0	757	0.026463963	P	GC10	Mono_FCGR3A	5.350643	-3.4106646
GC10P-R2:CTCCTAGGTGTGTGCC	GC10P-R2	2497.0	872	0.018021626	P	GC10	Mφ_THBS1	0.27048096	-6.9714665
GC10P-R2:CTCGAAAAGGTGATAT	GC10P-R2	5885.0	1808	0.03024639	P	GC10	Mono_FCGR3A	4.978418	-3.4863732
GC10P-R2:CTCGTACCACGGCGTT	GC10P-R2	2967.0	983	0.020559488	P	GC10	Mφ_THBS1	1.4079592	-5.4209294
GC10P-R2:CTCTAATTCGGCTTGG	GC10P-R2	1831.0	743	0.056253415	P	GC10	Mono_CD14	2.330839	-5.754539
GC10P-R2:CTCTACGGTCACTTCC	GC10P-R2	5995.0	1669	0.047206003	P	GC10	Mφ_THBS1	1.8971027	-6.223227
GC10P-R2:CTCTGGTAGCCGATTT	GC10P-R2	8233.0	2833	0.02465687	P	GC10	Mono_FCGR3A	7.8644624	-2.1473737
GC10P-R2:CTGAAACAGAGGTACC	GC10P-R2	5143.0	1438	0.04063776	P	GC10	Mφ_THBS1	1.8085592	-5.576334
GC10P-R2:CTGAAGTAGTGGCACA	GC10P-R2	4418.0	1277	0.033952013	P	GC10	Mφ_THBS1	1.0743206	-6.833095
GC10P-R2:CTGCCTATCCCTTGTG	GC10P-R2	8651.0	2154	0.047971334	P	GC10	Mφ_THBS1	1.7885311	-6.4372325
GC10P-R2:CTGCCTATCGGAATCT	GC10P-R2	4075.0	1398	0.046380367	P	GC10	Mφ_THBS1	0.53834367	-7.777936
GC10P-R2:CTGCGGAAGACACGAC	GC10P-R2	5759.0	1760	0.03629102	P	GC10	Mφ_THBS1	0.574848	-3.2742949
GC10P-R2:CTGCGGAAGAGGGATA	GC10P-R2	6301.0	1597	0.04031106	P	GC10	cDC2_CD1C	1.8730903	-1.9415646
GC10P-R2:CTGCTGTGTCCGAATT	GC10P-R2	635.0	481	0.031496063	P	GC10	Mφ_APOE	-1.342674	1.3955376
GC10P-R2:CTGGTCTCACGTAAGG	GC10P-R2	7786.0	1954	0.038016953	P	GC10	cDC2_CD1C	2.4104972	-2.400508
GC10P-R2:GAACGGAGTACCAGTT	GC10P-R2	5335.0	1561	0.029053422	P	GC10	Mono_FCGR3A	5.11648	-3.1873193
GC10P-R2:GAACGGAGTGTGACCC	GC10P-R2	4861.0	1464	0.030034972	P	GC10	Mφ_APOE	-0.7089223	-1.4224553
GC10P-R2:GAAGCAGAGTAGCCGA	GC10P-R2	1001.0	471	0.07892108	P	GC10	Mφ_THBS1	-0.29623458	-5.809546
GC10P-R2:GAATAAGAGGCTCAGA	GC10P-R2	8141.0	2166	0.03758752	P	GC10	Mφ_THBS1	1.7261989	-6.971828
GC10P-R2:GAATAAGCATTGGGCC	GC10P-R2	12346.0	2568	0.03993196	P	GC10	Mφ_THBS1	-0.070328474	-3.1533678
GC10P-R2:GACACGCCAGCCAATT	GC10P-R2	18824.0	3448	0.030758606	P	GC10	cDC2_CD1C	1.6361563	0.5878399
GC10P-R2:GACAGAGTCCTTGACC	GC10P-R2	6981.0	1812	0.036241226	P	GC10	Mφ_THBS1	1.4801766	-6.9192367
GC10P-R2:GACCAATAGCAGCCTC	GC10P-R2	4284.0	1430	0.025910364	P	GC10	Mφ_THBS1	-0.11285793	-3.8361878
GC10P-R2:GACCAATAGGACAGAA	GC10P-R2	961.0	534	0.047866806	P	GC10	Mφ_APOE	-1.261036	-0.08609614
GC10P-R2:GACGCGTCATGACGGA	GC10P-R2	6522.0	1663	0.06194419	P	GC10	DC_LAMP3	4.5936184	-1.116909
GC10P-R2:GACTGCGCATCAGTCA	GC10P-R2	3499.0	1111	0.046298943	P	GC10	Mφ_THBS1	0.8683921	-6.50793
GC10P-R2:GAGCAGAAGTAACCCT	GC10P-R2	10177.0	2520	0.024368674	P	GC10	Mφ_APOE	-0.49116752	-0.52348596
GC10P-R2:GAGGTGAAGAAGAAGC	GC10P-R2	2598.0	972	0.035411857	P	GC10	Mφ_THBS1	1.1096803	-7.2542195
GC10P-R2:GAGTCCGAGGCCATAG	GC10P-R2	1618.0	848	0.069839306	P	GC10	Mono_CD14	3.1872163	-6.949415
GC10P-R2:GAGTCCGGTGATGCCC	GC10P-R2	518.0	331	0.034749035	P	GC10	Mφ_APOE	-0.20054553	-0.8881258
GC10P-R2:GAGTCCGTCGATAGAA	GC10P-R2	3421.0	1236	0.026015785	P	GC10	Mφ_THBS1	0.2693636	-7.688927
GC10P-R2:GATCGATAGCGTAATA	GC10P-R2	9050.0	2388	0.05723757	P	GC10	Mφ_THBS1	2.3565679	-6.3582454
GC10P-R2:GATCGATGTGATAAAC	GC10P-R2	9435.0	2074	0.048224695	P	GC10	cDC2_CD1C	1.6103593	-2.5861704
GC10P-R2:GATCGCGTCCTCCTAG	GC10P-R2	3269.0	1007	0.03181401	P	GC10	Mφ_THBS1	1.6480386	-5.375589
GC10P-R2:GATCGTAGTTATGTGC	GC10P-R2	7546.0	1852	0.059766766	P	GC10	cDC2_CD1C	1.2562741	-2.1488116
GC10P-R2:GATCTAGCACACATGT	GC10P-R2	5087.0	1528	0.02850403	P	GC10	Mφ_THBS1	-0.8455217	-6.575317
GC10P-R2:GATGAGGAGTGACATA	GC10P-R2	14541.0	2863	0.03555464	P	GC10	DC_LAMP3	4.5246944	-0.5162202
GC10P-R2:GCAAACTAGTGGGCTA	GC10P-R2	731.0	386	0.0013679891	P	GC10	Mφ_APOE	-0.3531018	-1.6557525
GC10P-R2:GCAAACTTCCGCAAGC	GC10P-R2	2150.0	794	0.05627907	P	GC10	Mφ_THBS1	-0.13872682	-6.9219503
GC10P-R2:GCATGCGCAGCCTGTG	GC10P-R2	14458.0	3101	0.03714207	P	GC10	cDC2_CD1C	1.784658	-0.9503454
GC10P-R2:GCATGCGGTATAAACG	GC10P-R2	4750.0	1386	0.027157895	P	GC10	Mφ_THBS1	1.2332203	-7.463059
GC10P-R2:GCGACCATCGGATGGA	GC10P-R2	3939.0	1396	0.043158162	P	GC10	Mono_CD14	3.0383234	-4.314047
GC10P-R2:GCGCAACGTTCGTGAT	GC10P-R2	3469.0	1146	0.043528393	P	GC10	Mφ_THBS1	1.0583447	-7.2369814
GC10P-R2:GCGCCAAAGATCTGCT	GC10P-R2	2069.0	822	0.03866602	P	GC10	Mφ_THBS1	0.18609364	-6.970711
GC10P-R2:GCGGGTTTCCAGTATG	GC10P-R2	996.0	492	0.050200805	P	GC10	Mφ_APOE	-0.47864944	-1.4810278
GC10P-R2:GCTCCTAAGTTATCGC	GC10P-R2	7953.0	2095	0.033697974	P	GC10	Mφ_THBS1	0.9979621	-6.526944
GC10P-R2:GCTCTGTCAGTATCTG	GC10P-R2	24508.0	4392	0.028031664	P	GC10	cDC2_CD1C	0.10806983	-1.0612358
GC10P-R2:GCTGCGACAAATTGCC	GC10P-R2	4340.0	1432	0.030414747	P	GC10	Mφ_THBS1	1.8729764	-6.6108365
GC10P-R2:GCTGCGATCGTTTGCC	GC10P-R2	6202.0	1572	0.09367946	P	GC10	DC_LAMP3	4.795848	-0.81209934
GC10P-R2:GCTGCTTGTTGCGTTA	GC10P-R2	3191.0	1136	0.02726418	P	GC10	Mφ_THBS1	0.6719678	-5.6402807
GC10P-R2:GCTGGGTTCCAGTAGT	GC10P-R2	2902.0	1068	0.034803584	P	GC10	Mφ_THBS1	0.1858969	-7.3781166
GC10P-R2:GCTTCCACATTACGAC	GC10P-R2	4276.0	1328	0.033676334	P	GC10	Mφ_THBS1	0.78968906	-7.495596
GC10P-R2:GGAATAACATCTGGTA	GC10P-R2	1746.0	754	0.024054984	P	GC10	Mφ_APOE	-0.3027619	-2.3460662
GC10P-R2:GGACATTCAAACCCAT	GC10P-R2	5078.0	1398	0.048838124	P	GC10	Mφ_THBS1	-1.8172588	-6.9402623
GC10P-R2:GGACGTCAGCTTCGCG	GC10P-R2	17818.0	3556	0.04141879	P	GC10	cDC2_CD1C	1.1096807	0.874329
GC10P-R2:GGACGTCGTAAGGGCT	GC10P-R2	8158.0	2104	0.024515813	P	GC10	Mφ_THBS1	1.8278697	-4.3247724
GC10P-R2:GGCTGGTAGCTAGTCT	GC10P-R2	658.0	359	0.0045592706	P	GC10	Mφ_APOE	-0.6130684	-1.2729547
GC10P-R2:GGCTGGTAGGCCATAG	GC10P-R2	8466.0	2315	0.039097566	P	GC10	Mφ_THBS1	0.011703822	-6.4742346
GC10P-R2:GGCTGGTCAGCCTATA	GC10P-R2	5031.0	1483	0.03617571	P	GC10	Mφ_THBS1	-0.7100112	-7.142171
GC10P-R2:GGCTGGTTCTGTCAAG	GC10P-R2	2066.0	813	0.058567278	P	GC10	Mφ_THBS1	-0.49828118	-6.658422
GC10P-R2:GGGAATGCACCACCAG	GC10P-R2	12778.0	3044	0.023086555	P	GC10	cDC2_CD1C	0.438142	-1.2812935
GC10P-R2:GGGAATGCATTGGCGC	GC10P-R2	6211.0	1603	0.037675094	P	GC10	cDC2_CD1C	1.2280419	-4.5615582
GC10P-R2:GGGACCTTCCTTGCCA	GC10P-R2	1417.0	593	0.022582922	P	GC10	Mφ_THBS1	-0.49748325	-6.1942596
GC10P-R2:GGGCATCAGATGAGAG	GC10P-R2	9958.0	2655	0.017473388	P	GC10	cDC2_CD1C	0.41348734	-2.9358475
GC10P-R2:GGGCATCGTAGGGTAC	GC10P-R2	4271.0	1300	0.01170686	P	GC10	Mφ_THBS1	0.9285845	-5.479399
GC10P-R2:GGGCATCTCACCACCT	GC10P-R2	13161.0	3129	0.02606185	P	GC10	cDC2_CD1C	0.8410068	-2.0687408
GC10P-R2:GGGCATCTCTTAGAGC	GC10P-R2	1403.0	685	0.041339986	P	GC10	Mφ_APOE	-1.0686077	0.8302091
GC10P-R2:GGGTCTGGTGCATCTA	GC10P-R2	2828.0	967	0.019448373	P	GC10	Mφ_THBS1	0.21631506	-7.6194983
GC10P-R2:GGGTTGCAGTCGATAA	GC10P-R2	7800.0	2064	0.035384614	P	GC10	Mφ_THBS1	1.9841855	-7.0412745
GC10P-R2:GGTATTGGTAGCAAAT	GC10P-R2	28249.0	5224	0.042337783	P	GC10	cDC2_CD1C	0.17268844	0.45568475
GC10P-R2:GGTGAAGCACGGATAG	GC10P-R2	1963.0	730	0.013245033	P	GC10	Mφ_THBS1	1.0299989	-6.822449
GC10P-R2:GGTGCGTCAAGTCATC	GC10P-R2	3502.0	1079	0.022558538	P	GC10	Mφ_THBS1	1.4376308	-6.7319436
GC10P-R2:GTAACGTGTAGAGGAA	GC10P-R2	23302.0	4331	0.04407347	P	GC10	cDC2_CD1C	-0.41787538	-1.0276104
GC10P-R2:GTAACTGTCCAGGGCT	GC10P-R2	4038.0	1283	0.04110946	P	GC10	Mono_CD14	2.288538	-3.4477553
GC10P-R2:GTAGGCCCAGCTTAAC	GC10P-R2	6486.0	1725	0.039469626	P	GC10	Mφ_THBS1	1.6241921	-6.4564943
GC10P-R2:GTAGGCCGTACGCTGC	GC10P-R2	3011.0	968	0.038193293	P	GC10	Mφ_THBS1	0.6206024	-6.915846
GC10P-R2:GTAGTCACAATAGCAA	GC10P-R2	9443.0	2296	0.032193158	P	GC10	Mφ_APOE	0.09641377	-2.4966974
GC10P-R2:GTATCTTAGCGTCAAG	GC10P-R2	6312.0	1717	0.0898289	P	GC10	DC_LAMP3	4.7405677	-1.0795801
GC10P-R2:GTATTCTGTTAAGAAC	GC10P-R2	9426.0	2022	0.047422025	P	GC10	DC_LAMP3	4.88404	-0.42914814
GC10P-R2:GTCAAGTCATCCGTGG	GC10P-R2	3487.0	1220	0.04903929	P	GC10	Mono_FCGR3A	5.161355	-3.1453242
GC10P-R2:GTCACAAGTATAGGGC	GC10P-R2	3401.0	1179	0.038224053	P	GC10	Mφ_THBS1	-1.0956906	-6.3970428
GC10P-R2:GTCATTTAGAGCCCAA	GC10P-R2	3050.0	1130	0.06262295	P	GC10	Mφ_THBS1	2.7887201	-6.757602
GC10P-R2:GTCATTTGTAGGGTAC	GC10P-R2	4883.0	1419	0.030309236	P	GC10	Mφ_THBS1	1.9869176	-5.7890077
GC10P-R2:GTGCATAAGCTAGGCA	GC10P-R2	2378.0	1119	0.059714045	P	GC10	Mφ_APOE	-1.280186	1.3232424
GC10P-R2:GTGCATAAGGTGCTAG	GC10P-R2	1138.0	517	0.017574692	P	GC10	Mφ_APOE	-0.084443145	-1.8015976
GC10P-R2:GTGCGGTAGGATGTAT	GC10P-R2	2134.0	852	0.035613872	P	GC10	Mφ_THBS1	-0.0060216365	-7.4248657
GC10P-R2:GTGCGGTGTGTGGCTC	GC10P-R2	1526.0	557	0.035386633	P	GC10	Mφ_THBS1	1.3233826	-4.0661044
GC10P-R2:GTGCTTCCAGGAATGC	GC10P-R2	4075.0	1592	0.04220859	P	GC10	Mφ_APOE	-1.1908808	0.8765226
GC10P-R2:GTGGGTCCAGGGTACA	GC10P-R2	6805.0	2006	0.028802352	P	GC10	Mono_FCGR3A	5.3830237	-3.0977583
GC10P-R2:GTTCATTGTAGCAAAT	GC10P-R2	1464.0	807	0.07308743	P	GC10	Mφ_APOE	-1.642296	1.0821344
GC10P-R2:GTTTCTATCCCTAACC	GC10P-R2	5269.0	1723	0.052951224	P	GC10	Mono_FCGR3A	6.502317	-2.5593274
GC10P-R2:TAAACCGGTTATGTGC	GC10P-R2	3277.0	1141	0.031736344	P	GC10	Mφ_THBS1	1.2720685	-6.6145163
GC10P-R2:TACAGTGTCCCTTGCA	GC10P-R2	4802.0	1438	0.021032903	P	GC10	Mφ_THBS1	1.0679399	-4.7989
GC10P-R2:TACCTATCAGCTGCTG	GC10P-R2	7817.0	2314	0.025969042	P	GC10	pDC_LILRA4	4.291762	2.879699
GC10P-R2:TACCTATTCCAGGGCT	GC10P-R2	5696.0	1872	0.03019663	P	GC10	Mφ_APOE	-0.9609122	-0.57317793
GC10P-R2:TACTTGTGTCTCTCGT	GC10P-R2	2986.0	1003	0.03148024	P	GC10	Mφ_THBS1	0.38510534	-7.6248713
GC10P-R2:TAGGCATGTGACAAAT	GC10P-R2	3692.0	1353	0.025460456	P	GC10	Mono_FCGR3A	6.0773134	-2.9638402
GC10P-R2:TAGTGGTTCCAGGGCT	GC10P-R2	3162.0	1094	0.023086654	P	GC10	Mφ_THBS1	1.3711276	-6.181143
GC10P-R2:TAGTTGGAGTGGTAAT	GC10P-R2	2635.0	918	0.05199241	P	GC10	Mono_FCGR3A	2.0039783	-4.090843
GC10P-R2:TATGCCCTCTCTAGGA	GC10P-R2	2224.0	917	0.05980216	P	GC10	Mφ_THBS1	0.55785143	-7.7228727
GC10P-R2:TCAACGACAGCCTTGG	GC10P-R2	2354.0	800	0.047578588	P	GC10	cDC2_CD1C	2.0927994	-3.78687
GC10P-R2:TCAACGATCGCCAGCA	GC10P-R2	1924.0	778	0.074324325	P	GC10	Mφ_THBS1	-0.20201519	-6.112844
GC10P-R2:TCACGAAGTCCTGCTT	GC10P-R2	5713.0	1607	0.04323473	P	GC10	Mφ_THBS1	1.8251842	-6.751382
GC10P-R2:TCAGATGGTTGTGGAG	GC10P-R2	4675.0	1378	0.0342246	P	GC10	Mφ_THBS1	0.27969941	-3.9438217
GC10P-R2:TCAGATGTCTTCATGT	GC10P-R2	2986.0	1056	0.038178165	P	GC10	Mφ_THBS1	0.5665371	-7.548273
GC10P-R2:TCAGCAAGTTTGTTGG	GC10P-R2	3711.0	1152	0.039611965	P	GC10	Mφ_THBS1	1.5864403	-6.2352977
GC10P-R2:TCAGCTCAGCTGAACG	GC10P-R2	5611.0	1585	0.053466406	P	GC10	cDC2_CD1C	0.9032512	-2.268119
GC10P-R2:TCGAGGCGTAGCGATG	GC10P-R2	5254.0	1373	0.036733918	P	GC10	Mφ_THBS1	1.050812	-7.187212
GC10P-R2:TCGCGAGAGAGCTTCT	GC10P-R2	3113.0	1064	0.028268551	P	GC10	Mφ_THBS1	0.8174129	-6.8054056
GC10P-R2:TCGCGAGTCTGATTCT	GC10P-R2	3148.0	1039	0.024777636	P	GC10	Mφ_THBS1	0.6719724	-6.6941924
GC10P-R2:TCGCGTTCAACAACCT	GC10P-R2	6563.0	1954	0.044948958	P	GC10	Mφ_THBS1	1.5878135	-6.2933693
GC10P-R2:TCGTAGAAGCTAACAA	GC10P-R2	3433.0	1025	0.056801632	P	GC10	Mφ_THBS1	0.019860739	-5.7119765
GC10P-R2:TCGTAGATCTATCGCC	GC10P-R2	4929.0	1506	0.038547374	P	GC10	Mφ_THBS1	1.6887832	-6.7437687
GC10P-R2:TCTATTGTCTGCTTGC	GC10P-R2	4498.0	1477	0.01734104	P	GC10	Mφ_THBS1	1.550101	-7.261258
GC10P-R2:TCTCATAAGCAGCCTC	GC10P-R2	5669.0	1805	0.074263535	P	GC10	Mφ_THBS1	0.71267396	-5.9347043
GC10P-R2:TCTCTAAGTTATCACG	GC10P-R2	6719.0	2051	0.037952077	P	GC10	Mono_FCGR3A	6.6881943	-2.6824439
GC10P-R2:TCTCTAATCCCAAGAT	GC10P-R2	10562.0	2372	0.025089946	P	GC10	cDC2_CD1C	2.6763663	-0.64674693
GC10P-R2:TCTGAGAAGATCTGCT	GC10P-R2	11820.0	2714	0.036971234	P	GC10	cDC2_CD1C	2.0417304	-1.0253426
GC10P-R2:TCTGAGAAGCGATGAC	GC10P-R2	2581.0	976	0.019372337	P	GC10	Mφ_THBS1	0.9277825	-7.2689857
GC10P-R2:TCTTCGGCAATCCGAT	GC10P-R2	6655.0	1977	0.030353118	P	GC10	Mφ_THBS1	1.9497529	-6.49264
GC10P-R2:TCTTTCCTCCCATTTA	GC10P-R2	5391.0	1561	0.03375997	P	GC10	Mφ_THBS1	1.734635	-5.3186517
GC10P-R2:TGACGGCAGCCTCGTG	GC10P-R2	6274.0	1466	0.039368823	P	GC10	cDC2_CD1C	1.4240868	-2.4649704
GC10P-R2:TGACGGCAGTTGAGTA	GC10P-R2	1594.0	694	0.02697616	P	GC10	Mφ_THBS1	2.0289948	-6.318782
GC10P-R2:TGACTTTCATTTGCCC	GC10P-R2	15388.0	3244	0.03418248	P	GC10	cDC1_XCR1	0.7784904	2.539406
GC10P-R2:TGAGAGGTCTGAAAGA	GC10P-R2	7828.0	2536	0.039729178	P	GC10	Mono_CD14	3.2208695	-5.041903
GC10P-R2:TGAGGGATCGTTACGA	GC10P-R2	12313.0	2774	0.040201414	P	GC10	cDC2_CD1C	1.8913251	-1.9174963
GC10P-R2:TGATTTCCAAGTACCT	GC10P-R2	2602.0	989	0.026133744	P	GC10	Mφ_THBS1	1.4114194	-5.093352
GC10P-R2:TGCACCTAGCTAGTGG	GC10P-R2	6105.0	1918	0.039148238	P	GC10	Mono_FCGR3A	7.67977	-2.9220011
GC10P-R2:TGCCAAAGTGATGATA	GC10P-R2	4635.0	1512	0.027615966	P	GC10	Mφ_THBS1	1.4858626	-5.5570636
GC10P-R2:TGCGCAGGTAGCGTCC	GC10P-R2	5525.0	1413	0.035113122	P	GC10	cDC2_CD1C	1.9914114	-2.3447332
GC10P-R2:TGCTACCGTCTTCGTC	GC10P-R2	14878.0	2612	0.030380428	P	GC10	cDC1_XCR1	1.0479482	3.1221156
GC10P-R2:TGCTACCTCGTGTAGT	GC10P-R2	1020.0	573	0.023529412	P	GC10	Mφ_THBS1	0.5058376	-5.2499743
GC10P-R2:TGGCGCAAGGGTATCG	GC10P-R2	15233.0	3306	0.043195695	P	GC10	Mφ_APOE	-1.800916	-0.6994483
GC10P-R2:TGGCGCAGTCTAGCGC	GC10P-R2	10234.0	2798	0.073969126	P	GC10	Mφ_APOE	-0.7709203	-0.6400135
GC10P-R2:TGGCTGGGTTTGTGTG	GC10P-R2	2293.0	811	0.03663323	P	GC10	Mφ_THBS1	0.5573494	-6.660868
GC10P-R2:TGGGCGTAGGTAGCTG	GC10P-R2	6184.0	1668	0.03735446	P	GC10	Mφ_THBS1	-0.48234457	-5.8390656
GC10P-R2:TGGTTAGAGAAGATTC	GC10P-R2	10293.0	2691	0.06761877	P	GC10	cDC2_CD1C	1.6849226	0.20157488
GC10P-R2:TGGTTCCCACGAAAGC	GC10P-R2	1793.0	744	0.05577245	P	GC10	Mφ_THBS1	1.7437757	-5.345416
GC10P-R2:TGTATTCGTATGGTTC	GC10P-R2	4777.0	1582	0.031191124	P	GC10	Mφ_THBS1	2.01877	-5.9914265
GC10P-R2:TGTGGTACATAGGATA	GC10P-R2	1809.0	906	0.043117743	P	GC10	Mφ_APOE	-1.5025783	1.4528993
GC10P-R2:TGTGTTTAGGCTCAGA	GC10P-R2	7241.0	2233	0.07747549	P	GC10	Mono_FCGR3A	6.6512275	-2.4937396
GC10P-R2:TTAACTCGTCTCCATC	GC10P-R2	3114.0	968	0.036929995	P	GC10	Mφ_THBS1	0.34374622	-6.5331416
GC10P-R2:TTAACTCTCTTCCTTC	GC10P-R2	4009.0	1357	0.06585183	P	GC10	Mφ_THBS1	0.78966445	-6.948262
GC10P-R2:TTAGGACAGCCAACAG	GC10P-R2	5941.0	1669	0.03770409	P	GC10	Mφ_THBS1	0.87018275	-5.284708
GC10P-R2:TTAGGACAGGCTAGCA	GC10P-R2	8279.0	2123	0.044329025	P	GC10	cDC2_CD1C	0.27552834	-1.125161
GC10P-R2:TTAGTTCTCAACGCTA	GC10P-R2	10222.0	2482	0.02631579	P	GC10	cDC2_CD1C	0.01641554	-2.9068189
GC10P-R2:TTCGAAGGTTGATTGC	GC10P-R2	15541.0	3436	0.028054822	P	GC10	Mφ_APOE	-2.4182348	-1.3354697
GC10P-R2:TTCGGTCAGGTGCAAC	GC10P-R2	16534.0	3120	0.036107413	P	GC10	cDC2_CD1C	2.3845084	-1.0133089
GC10P-R2:TTCGGTCCACGAGGTA	GC10P-R2	13584.0	2801	0.028268551	P	GC10	cDC2_CD1C	1.6649599	0.78517574
GC10P-R2:TTCGGTCGTTATGCGT	GC10P-R2	2324.0	955	0.03829604	P	GC10	Mono_CD14	2.8713794	-5.649478
GC10P-R2:TTCTACATCAAGAAGT	GC10P-R2	3562.0	1423	0.08309938	P	GC10	Mono_FCGR3A	6.806109	-2.2117634
GC10P-R2:TTGAACGCATGAACCT	GC10P-R2	4419.0	1350	0.039149128	P	GC10	Mφ_THBS1	0.9765822	-5.1822586
GC10P-R2:TTGACTTGTGAACCTT	GC10P-R2	9854.0	2894	0.04414451	P	GC10	pDC_LILRA4	4.6122847	3.1340017
GC10P-R2:TTGCCGTAGGGTGTGT	GC10P-R2	4648.0	1502	0.032056797	P	GC10	Mφ_THBS1	1.1057547	-5.6252527
GC10P-R2:TTGGAACCAAACCTAC	GC10P-R2	2725.0	932	0.02091743	P	GC10	Mφ_THBS1	1.1206638	-4.8588457
GC10P-R2:TTGGAACGTACGACCC	GC10P-R2	2253.0	825	0.08965823	P	GC10	Mφ_THBS1	0.9043044	-5.8256736
GC10P-R2:TTGGCAATCTTGAGGT	GC10P-R2	3961.0	1284	0.0340823	P	GC10	Mφ_THBS1	1.3091638	-7.3104186
GC10P-R2:TTTACTGCAGATCTGT	GC10P-R2	876.0	411	0.033105023	P	GC10	Mφ_THBS1	1.3536874	-5.4810095
GC10P-R2:TTTATGCTCGGTGTCG	GC10P-R2	4636.0	1647	0.02976704	P	GC10	Mono_CD14	5.283811	-4.861024
GC10P-R2:TTTCCTCTCATACGGT	GC10P-R2	6000.0	2020	0.032166667	P	GC10	Mono_FCGR3A	6.151919	-3.0377433
GC10P-R2:TTTGGTTAGGATGTAT	GC10P-R2	3849.0	1482	0.048064433	P	GC10	Mφ_APOE	-1.8451235	0.9392201
GC10P-R2:TTTGGTTGTGCGATAG	GC10P-R2	4454.0	1407	0.04647508	P	GC10	Mφ_THBS1	1.4143527	-7.3475575
GC10P-R2:TTTGTCATCTTAGCCC	GC10P-R2	6193.0	1929	0.060390763	P	GC10	Mφ_APOE	-1.293518	-1.3601019
GC10P-R1:AAACGGGTCTCCGGTT	GC10P-R1	7148.0	2359	0.036653608	P	GC10	Mono_FCGR3A	7.33523	-2.8920798
GC10P-R1:AAAGCAATCATTATCC	GC10P-R1	6795.0	1753	0.040029433	P	GC10	cDC2_CD1C	1.5677547	-2.3600276
GC10P-R1:AAAGCAATCTCTGAGA	GC10P-R1	4201.0	1266	0.032373246	P	GC10	Mφ_THBS1	0.69837695	-5.2077527
GC10P-R1:AAAGTAGCATAGGATA	GC10P-R1	1623.0	715	0.06531115	P	GC10	Mono_FCGR3A	4.5422935	-3.503413
GC10P-R1:AAAGTAGGTTAGGGTG	GC10P-R1	7763.0	2429	0.03233286	P	GC10	Mono_FCGR3A	7.9685183	-2.7860014
GC10P-R1:AAATGCCGTTACAGAA	GC10P-R1	2548.0	903	0.06122449	P	GC10	Mφ_THBS1	0.8722404	-6.404351
GC10P-R1:AACCGCGAGATGTTAG	GC10P-R1	23099.0	4410	0.034157325	P	GC10	cDC2_CD1C	0.16900876	-0.08945935
GC10P-R1:AACGTTGAGCGTCTAT	GC10P-R1	1653.0	733	0.013309135	P	GC10	Mφ_THBS1	1.4151602	-5.4775662
GC10P-R1:AACGTTGAGGATGGTC	GC10P-R1	5410.0	1404	0.028650647	P	GC10	cDC2_CD1C	1.59526	-3.5720918
GC10P-R1:AACTCAGCAGATCCAT	GC10P-R1	4078.0	1265	0.017410496	P	GC10	Mφ_THBS1	1.272478	-7.749574
GC10P-R1:AACTCCCAGCTGGAAC	GC10P-R1	3425.0	1274	0.03270073	P	GC10	Mφ_THBS1	0.530505	-6.502299
GC10P-R1:AACTGGTAGGCAATTA	GC10P-R1	15394.0	3436	0.092438616	P	GC10	Mφ_APOE	0.145144	-0.41291276
GC10P-R1:AACTGGTCAATGAAAC	GC10P-R1	7980.0	2084	0.03934837	P	GC10	Mφ_THBS1	1.5591427	-7.756068
GC10P-R1:AACTTTCTCTAGCACA	GC10P-R1	6834.0	1745	0.034533218	P	GC10	Mφ_THBS1	1.0920391	-7.0125523
GC10P-R1:AAGACCTTCTTCAACT	GC10P-R1	6592.0	1799	0.030188106	P	GC10	Mφ_THBS1	-2.0863996	-3.5559192
GC10P-R1:AAGCCGCCAAGTTAAG	GC10P-R1	3674.0	1280	0.04028307	P	GC10	Mφ_THBS1	1.1258212	-6.271303
GC10P-R1:AAGGAGCCAAGCGCTC	GC10P-R1	2988.0	1023	0.0957162	P	GC10	Mφ_THBS1	0.5018673	-5.1512556
GC10P-R1:AAGGCAGGTACTCGCG	GC10P-R1	3751.0	1316	0.02106105	P	GC10	Mφ_THBS1	1.0082846	-7.059303
GC10P-R1:AAGTCTGTCAGTGCAT	GC10P-R1	14147.0	2797	0.033576023	P	GC10	cDC2_CD1C	2.151922	-1.1336278
GC10P-R1:AATCCAGAGGAGTCTG	GC10P-R1	9075.0	2012	0.05046832	P	GC10	cDC2_CD1C	0.6705696	-1.2552384
GC10P-R1:ACACCAAAGCGGATCA	GC10P-R1	1550.0	660	0.032903224	P	GC10	Mφ_THBS1	-0.030040342	-5.9027233
GC10P-R1:ACACCAAAGGATGCGT	GC10P-R1	12572.0	2323	0.023703467	P	GC10	cDC1_XCR1	1.3698831	2.8776665
GC10P-R1:ACACTGAAGCCGGTAA	GC10P-R1	5069.0	1479	0.050503056	P	GC10	Mφ_THBS1	1.6822455	-6.9126925
GC10P-R1:ACACTGAGTACAGCAG	GC10P-R1	1253.0	730	0.024740623	P	GC10	Mφ_APOE	-1.3662939	1.0999175
GC10P-R1:ACAGCCGTCACCACCT	GC10P-R1	6901.0	2075	0.038400233	P	GC10	Mφ_THBS1	0.16779874	-7.733044
GC10P-R1:ACAGCTATCAGTTTGG	GC10P-R1	4113.0	1178	0.01750547	P	GC10	Mφ_THBS1	1.6255525	-6.563226
GC10P-R1:ACATCAGCAAGTCATC	GC10P-R1	7071.0	2089	0.040446896	P	GC10	Mφ_APOE	-0.3229935	-1.0854276
GC10P-R1:ACATGGTAGGACACCA	GC10P-R1	3893.0	1291	0.042126894	P	GC10	Mφ_THBS1	0.7499162	-7.0343933
GC10P-R1:ACCAGTATCCAGTAGT	GC10P-R1	4987.0	1770	0.06938039	P	GC10	Mono_CD14	3.6901622	-5.4015265
GC10P-R1:ACCCACTAGTCACGCC	GC10P-R1	6186.0	1670	0.033624314	P	GC10	Mφ_THBS1	1.070355	-4.905138
GC10P-R1:ACCCACTCAAGAGTCG	GC10P-R1	3981.0	1158	0.017834716	P	GC10	Mφ_THBS1	0.75491154	-6.4984574
GC10P-R1:ACCCACTTCGAGGTAG	GC10P-R1	3690.0	1319	0.014905149	P	GC10	Mono_FCGR3A	5.1606193	-3.4804473
GC10P-R1:ACCGTAACACAAGCCC	GC10P-R1	3867.0	1289	0.029738816	P	GC10	Mφ_THBS1	0.9501723	-6.7323966
GC10P-R1:ACGAGCCTCAGTTTGG	GC10P-R1	15821.0	3077	0.033373363	P	GC10	cDC2_CD1C	2.0708044	-1.3291981
GC10P-R1:ACGAGGACAGCTCGCA	GC10P-R1	17035.0	3590	0.03246258	P	GC10	cDC2_CD1C	0.13735358	-1.2612448
GC10P-R1:ACGATACAGAGCTATA	GC10P-R1	7571.0	1960	0.04834236	P	GC10	cDC1_XCR1	1.219882	2.8843856
GC10P-R1:ACGATACAGGAACTGC	GC10P-R1	6699.0	1824	0.03716973	P	GC10	Mono_FCGR3A	5.7802577	-3.0094643
GC10P-R1:ACGCCGAAGCACAGGT	GC10P-R1	10780.0	2421	0.04211503	P	GC10	cDC2_CD1C	1.603686	-0.88600826
GC10P-R1:ACGGGCTTCTGTCTAT	GC10P-R1	6795.0	1840	0.04415011	P	GC10	Mφ_THBS1	1.5268022	-5.9016895
GC10P-R1:ACTATCTCAACTGGCC	GC10P-R1	5004.0	1408	0.043565147	P	GC10	Mφ_THBS1	1.2951709	-7.587789
GC10P-R1:ACTGAACCAGAGTGTG	GC10P-R1	8367.0	2016	0.05163141	P	GC10	cDC2_CD1C	1.2436948	-3.7939193
GC10P-R1:ACTGAGTAGCCCAATT	GC10P-R1	5469.0	1540	0.04845493	P	GC10	Mφ_THBS1	1.2243646	-7.6751065
GC10P-R1:ACTGATGCAGGGTACA	GC10P-R1	3327.0	1151	0.021641118	P	GC10	Mφ_THBS1	1.6396122	-6.955469
GC10P-R1:ACTGCTCCAGTATCTG	GC10P-R1	6463.0	1808	0.0304812	P	GC10	Mφ_THBS1	1.6034775	-7.192536
GC10P-R1:ACTGCTCTCGTATCAG	GC10P-R1	5518.0	1626	0.04458137	P	GC10	Mφ_THBS1	0.7455562	-4.318149
GC10P-R1:ACTGTCCTCAAACCAC	GC10P-R1	10740.0	2657	0.041992553	P	GC10	cDC2_CD1C	0.5542581	-1.1818384
GC10P-R1:ACTTACTTCAGAGACG	GC10P-R1	7438.0	1506	0.051626783	P	GC10	DC_LAMP3	4.6171427	-0.39540026
GC10P-R1:ACTTGTTAGGCGATAC	GC10P-R1	9274.0	2194	0.0258788	P	GC10	Mφ_APOE	-0.2649128	-0.17427929
GC10P-R1:ACTTGTTTCATGTAGC	GC10P-R1	13491.0	3164	0.038321845	P	GC10	cDC2_CD1C	1.2544734	-0.75673425
GC10P-R1:AGAATAGAGTCTCGGC	GC10P-R1	5512.0	1362	0.03338171	P	GC10	cDC2_CD1C	2.0849698	-3.0589507
GC10P-R1:AGAATAGGTAAGGATT	GC10P-R1	16099.0	3282	0.040002484	P	GC10	cDC2_CD1C	0.78734416	-1.462478
GC10P-R1:AGAATAGGTCCTCCAT	GC10P-R1	983.0	498	0.028484233	P	GC10	Mφ_THBS1	0.28797805	-6.41843
GC10P-R1:AGAGCGAGTGACAAAT	GC10P-R1	2390.0	857	0.041841004	P	GC10	Mφ_THBS1	1.394002	-6.173024
GC10P-R1:AGAGCTTAGTGGTAGC	GC10P-R1	1645.0	625	0.056534953	P	GC10	Mφ_THBS1	0.22120711	-5.5260706
GC10P-R1:AGAGTGGCAAGCGAGT	GC10P-R1	1034.0	452	0.0967118	P	GC10	Mφ_THBS1	0.05082556	-4.8125076
GC10P-R1:AGATTGCCATAAAGGT	GC10P-R1	3172.0	1120	0.03373266	P	GC10	Mono_FCGR3A	5.003982	-3.2603867
GC10P-R1:AGCAGCCTCAGCGATT	GC10P-R1	3375.0	1151	0.045333333	P	GC10	Mφ_THBS1	0.16915484	-6.1852603
GC10P-R1:AGCATACCATGCTGGC	GC10P-R1	2028.0	804	0.041913215	P	GC10	Mφ_THBS1	-0.11024506	-6.3085585
GC10P-R1:AGCCTAAAGGGATACC	GC10P-R1	4422.0	1351	0.018317504	P	GC10	Mφ_THBS1	1.3020759	-5.9684625
GC10P-R1:AGCGGTCCATGGGAAC	GC10P-R1	4277.0	1179	0.04138415	P	GC10	Mφ_THBS1	0.9445135	-7.5646596
GC10P-R1:AGCGTATAGTCAAGCG	GC10P-R1	16022.0	3087	0.027899139	P	GC10	cDC1_XCR1	1.2062163	3.2240527
GC10P-R1:AGCGTATCAATAGAGT	GC10P-R1	5896.0	1589	0.037652645	P	GC10	Mφ_THBS1	1.4082111	-6.2781153
GC10P-R1:AGCTCCTCACAGGAGT	GC10P-R1	5630.0	1668	0.045115452	P	GC10	Mφ_THBS1	1.4599042	-6.983007
GC10P-R1:AGGCCACCAGCAGTTT	GC10P-R1	5191.0	1538	0.07435947	P	GC10	Mφ_THBS1	0.698086	-4.247396
GC10P-R1:AGGGATGTCAGAGGTG	GC10P-R1	4497.0	1583	0.026239716	P	GC10	Mφ_THBS1	0.7455202	-7.520842
GC10P-R1:AGGGTGACAAGGGTCA	GC10P-R1	9323.0	2378	0.05663413	P	GC10	cDC2_CD1C	1.1444991	-1.5410411
GC10P-R1:AGTCTTTTCACTATTC	GC10P-R1	3917.0	1273	0.03344396	P	GC10	cDC2_CD1C	1.8915075	-2.5660474
GC10P-R1:AGTCTTTTCCTATTCA	GC10P-R1	9653.0	2538	0.044027764	P	GC10	cDC2_CD1C	-0.0704723	-2.7117207
GC10P-R1:AGTTGGTGTCCGAACC	GC10P-R1	4114.0	1200	0.042537678	P	GC10	Mφ_THBS1	-0.047958173	-7.5089097
GC10P-R1:ATAAGAGAGCCACGTC	GC10P-R1	4590.0	1622	0.023093682	P	GC10	Mono_CD14	4.7833796	-7.067851
GC10P-R1:ATAGACCTCCATGAAC	GC10P-R1	13957.0	2789	0.02572186	P	GC10	cDC2_CD1C	1.2339166	-1.3791633
GC10P-R1:ATCACGATCCGAATGT	GC10P-R1	4649.0	1340	0.039363302	P	GC10	Mφ_THBS1	1.6188959	-5.8604727
GC10P-R1:ATCATGGCAAGGACAC	GC10P-R1	8309.0	2054	0.03129137	P	GC10	Mφ_THBS1	1.3545103	-5.36962
GC10P-R1:ATCATGGGTTCTGTTT	GC10P-R1	4193.0	1445	0.09444312	P	GC10	DC_LAMP3	4.834305	-0.90241516
GC10P-R1:ATCCACCAGAGCTGGT	GC10P-R1	3316.0	1084	0.04041013	P	GC10	Mono_FCGR3A	4.6888933	-3.5391273
GC10P-R1:ATCTGCCTCTGACCTC	GC10P-R1	6622.0	1990	0.07067351	P	GC10	Mono_FCGR3A	6.2987313	-2.436381
GC10P-R1:ATGAGGGAGATGTGTA	GC10P-R1	3856.0	1232	0.04330913	P	GC10	Mφ_THBS1	0.6691127	-7.4349008
GC10P-R1:ATGAGGGAGGGAACGG	GC10P-R1	1057.0	548	0.030274361	P	GC10	Mφ_THBS1	0.5542804	-6.1263723
GC10P-R1:ATGAGGGTCTTGTCAT	GC10P-R1	4163.0	1297	0.03819361	P	GC10	Mφ_THBS1	-0.439079	-3.0872636
GC10P-R1:ATGCGATGTTTGGCGC	GC10P-R1	882.0	473	0.06349207	P	GC10	Mφ_THBS1	0.475111	-3.7388601
GC10P-R1:ATGTGTGAGAGAGCTC	GC10P-R1	8227.0	1823	0.027348973	P	GC10	DC_LAMP3	4.485215	-0.8057692
GC10P-R1:ATTACTCGTTCCATGA	GC10P-R1	7044.0	1947	0.025979556	P	GC10	Mφ_APOE	-2.212375	-2.3712335
GC10P-R1:ATTATCCGTGAGGGAG	GC10P-R1	4634.0	1371	0.035390593	P	GC10	Mφ_THBS1	1.5196807	-7.5137377
GC10P-R1:ATTATCCGTTTGTTGG	GC10P-R1	2137.0	989	0.09967244	P	GC10	Mono_CD14	2.808828	-5.6968412
GC10P-R1:ATTGGACGTCTAAAGA	GC10P-R1	1957.0	763	0.047521718	P	GC10	Mφ_THBS1	-0.5334809	-6.8153515
GC10P-R1:ATTGGACTCGCTAGCG	GC10P-R1	4046.0	1220	0.02990608	P	GC10	Mφ_THBS1	0.618775	-7.072217
GC10P-R1:ATTTCTGAGTGCCATT	GC10P-R1	2315.0	888	0.03974082	P	GC10	Mφ_THBS1	1.0799603	-6.0546565
GC10P-R1:ATTTCTGCAGGGTTAG	GC10P-R1	751.0	403	0.021304926	P	GC10	Mφ_THBS1	0.14835034	-6.0368013
GC10P-R1:ATTTCTGGTCGAGATG	GC10P-R1	1526.0	591	0.067496724	P	GC10	Mφ_THBS1	0.55738765	-6.182407
GC10P-R1:CAACTAGTCCTTGCCA	GC10P-R1	11103.0	2434	0.029721696	P	GC10	cDC2_CD1C	2.2522368	-2.860639
GC10P-R1:CAAGAAAAGCGTAGTG	GC10P-R1	2300.0	828	0.016521739	P	GC10	Mφ_THBS1	1.6016335	-5.526598
GC10P-R1:CAAGAAAAGGGATCTG	GC10P-R1	6073.0	1665	0.04495307	P	GC10	Mφ_THBS1	1.8266449	-6.8933153
GC10P-R1:CACACCTTCCAAACAC	GC10P-R1	6710.0	1781	0.07004471	P	GC10	Mφ_THBS1	-0.520454	-7.1259465
GC10P-R1:CACACTCAGATTACCC	GC10P-R1	5557.0	1625	0.019254994	P	GC10	Mφ_THBS1	1.3969666	-7.0094867
GC10P-R1:CACAGGCAGATCTGAA	GC10P-R1	5260.0	1542	0.058174904	P	GC10	Mono_FCGR3A	5.1022034	-3.0462751
GC10P-R1:CACAGTAGTCAAGCGA	GC10P-R1	1421.0	623	0.037297677	P	GC10	Mφ_THBS1	-0.52756363	-6.080675
GC10P-R1:CACAGTATCAGTTCGA	GC10P-R1	8780.0	2261	0.04851936	P	GC10	Mφ_THBS1	1.5317872	-5.6153226
GC10P-R1:CACATAGCATGCGCAC	GC10P-R1	3434.0	1111	0.030867793	P	GC10	Mφ_THBS1	0.80429435	-6.9200344
GC10P-R1:CACCACTCAATCACAC	GC10P-R1	7766.0	1902	0.09940767	P	GC10	Mφ_THBS1	1.2268157	-7.3218203
GC10P-R1:CACCACTTCGGTCCGA	GC10P-R1	1140.0	522	0.0377193	P	GC10	Mφ_THBS1	0.41559365	-6.072966
GC10P-R1:CACCAGGTCGTACCGG	GC10P-R1	5621.0	1698	0.029710015	P	GC10	Mφ_THBS1	0.20583099	-6.882188
GC10P-R1:CAGAATCAGCACAGGT	GC10P-R1	5251.0	1338	0.033326987	P	GC10	Mφ_THBS1	1.6907834	-6.6576877
GC10P-R1:CAGAATCCAATAAGCA	GC10P-R1	2418.0	891	0.06823821	P	GC10	Mφ_THBS1	-0.41965562	-6.3921947
GC10P-R1:CAGAATCCATGATCCA	GC10P-R1	5735.0	1682	0.055448998	P	GC10	Mφ_APOE	-0.25229657	-1.0434035
GC10P-R1:CAGAGAGTCAACCATG	GC10P-R1	856.0	484	0.060747664	P	GC10	Mφ_APOE	-1.134462	0.9268053
GC10P-R1:CAGATCAAGGAGTTTA	GC10P-R1	5667.0	1675	0.050997	P	GC10	Mφ_THBS1	1.4878577	-5.9983983
GC10P-R1:CAGCAGCGTTAGAACA	GC10P-R1	18850.0	3141	0.043395225	P	GC10	cDC2_CD1C	2.489286	-1.0506785
GC10P-R1:CAGCATAAGGAATTAC	GC10P-R1	6274.0	1616	0.025023907	P	GC10	Mφ_THBS1	1.0112902	-7.9876275
GC10P-R1:CAGCATACAATCCGAT	GC10P-R1	4018.0	1360	0.08810353	P	GC10	Mφ_THBS1	0.91283786	-7.3256097
GC10P-R1:CAGCTAATCTGACCTC	GC10P-R1	973.0	485	0.020554984	P	GC10	Mφ_THBS1	1.2303356	-5.2823668
GC10P-R1:CAGCTGGTCCTGCTTG	GC10P-R1	7468.0	1759	0.038028922	P	GC10	Mφ_THBS1	-0.033566903	-8.011756
GC10P-R1:CAGGTGCGTCGGATCC	GC10P-R1	536.0	325	0.05597015	P	GC10	Mφ_THBS1	0.056851953	-4.4722013
GC10P-R1:CATATGGTCCTCAACC	GC10P-R1	579.0	336	0.08290155	P	GC10	Mφ_THBS1	0.2929113	-5.1687694
GC10P-R1:CATCAGAGTTCAACCA	GC10P-R1	3522.0	1145	0.038898353	P	GC10	Mφ_THBS1	1.3090508	-6.985929
GC10P-R1:CATCCACTCCGCATCT	GC10P-R1	19197.0	3893	0.033078086	P	GC10	Mφ_APOE	-0.3672475	-0.535282
GC10P-R1:CATCGAAGTTGATTGC	GC10P-R1	6591.0	1931	0.041723564	P	GC10	Mono_FCGR3A	6.306381	-2.7095654
GC10P-R1:CATCGGGAGTGACTCT	GC10P-R1	10422.0	2152	0.021780849	P	GC10	cDC2_CD1C	1.1423296	-1.7869594
GC10P-R1:CATCGGGCATTTCACT	GC10P-R1	6221.0	1604	0.041633178	P	GC10	Mφ_THBS1	1.5552509	-6.8300314
GC10P-R1:CATCGGGTCCCAAGTA	GC10P-R1	3546.0	1175	0.035250988	P	GC10	Mφ_THBS1	1.4564359	-6.750911
GC10P-R1:CATTATCCACGGATAG	GC10P-R1	3318.0	1093	0.0198915	P	GC10	Mφ_THBS1	1.6297781	-5.929015
GC10P-R1:CCACCTAAGATCGATA	GC10P-R1	14601.0	3343	0.04575029	P	GC10	cDC2_CD1C	1.6414093	-0.24513431
GC10P-R1:CCACGGACATCGTCGG	GC10P-R1	1303.0	537	0.09669992	P	GC10	Mφ_THBS1	1.9095505	-5.131156
GC10P-R1:CCACGGATCACTTACT	GC10P-R1	2496.0	946	0.030849358	P	GC10	Mφ_THBS1	1.5385376	-6.5313253
GC10P-R1:CCACTACGTCTGCAAT	GC10P-R1	5963.0	1639	0.06691263	P	GC10	Mφ_THBS1	0.16692704	-6.9468703
GC10P-R1:CCAGCGAGTGAGGCTA	GC10P-R1	2218.0	850	0.026149685	P	GC10	Mφ_THBS1	1.2171196	-4.8883705
GC10P-R1:CCAGCGATCCAGTAGT	GC10P-R1	5653.0	1691	0.04953122	P	GC10	Mφ_APOE	-0.66899616	-0.55674374
GC10P-R1:CCATGTCGTCTAAAGA	GC10P-R1	2306.0	964	0.021682568	P	GC10	Mφ_THBS1	0.1874038	-5.5095925
GC10P-R1:CCATTCGCATGAAGTA	GC10P-R1	7429.0	1946	0.03499798	P	GC10	Mφ_THBS1	1.1857857	-7.652672
GC10P-R1:CCATTCGTCAACGGCC	GC10P-R1	3015.0	975	0.08325042	P	GC10	Mφ_THBS1	0.55603296	-7.0372567
GC10P-R1:CCCTCCTCACATCCAA	GC10P-R1	1373.0	660	0.03423161	P	GC10	Mφ_APOE	-1.2553854	-0.45598647
GC10P-R1:CCCTCCTGTAGCCTAT	GC10P-R1	662.0	386	0.010574019	P	GC10	Mφ_APOE	-0.5959548	-2.291299
GC10P-R1:CCTAAAGTCGGAGCAA	GC10P-R1	4301.0	1418	0.028132992	P	GC10	Mφ_THBS1	1.3077021	-6.2203097
GC10P-R1:CCTACACAGTGAACAT	GC10P-R1	4357.0	1357	0.03259123	P	GC10	Mφ_THBS1	1.2189915	-6.7706857
GC10P-R1:CCTAGCTCACAGGCCT	GC10P-R1	14891.0	2917	0.025048688	P	GC10	cDC1_XCR1	0.9549557	3.0412445
GC10P-R1:CCTAGCTCAGATCTGT	GC10P-R1	6243.0	1754	0.022104757	P	GC10	cDC2_CD1C	1.308411	-3.798987
GC10P-R1:CCTATTACAAGGACTG	GC10P-R1	2638.0	965	0.049279757	P	GC10	cDC2_CD1C	0.63064384	-3.1447644
GC10P-R1:CCTATTATCAGTCAGT	GC10P-R1	1659.0	654	0.051235683	P	GC10	Mφ_THBS1	0.15086967	-5.8866386
GC10P-R1:CCTCAGTAGCCCAATT	GC10P-R1	3378.0	1106	0.03848431	P	GC10	Mφ_THBS1	0.34111184	-7.559786
GC10P-R1:CCTTACGGTGAACCTT	GC10P-R1	10453.0	2623	0.027647566	P	GC10	cDC2_CD1C	1.9593784	0.5006533
GC10P-R1:CGAACATGTCTTCGTC	GC10P-R1	5632.0	1592	0.03675426	P	GC10	Mφ_THBS1	0.59651315	-5.1263943
GC10P-R1:CGAATGTAGGATGGAA	GC10P-R1	4804.0	1539	0.026852623	P	GC10	Mφ_THBS1	1.1861538	-7.443809
GC10P-R1:CGACCTTCAGCTGTGC	GC10P-R1	4872.0	1507	0.041666668	P	GC10	Mφ_THBS1	0.4742107	-7.4490776
GC10P-R1:CGACCTTTCTTGAGGT	GC10P-R1	1491.0	652	0.027498323	P	GC10	Mφ_THBS1	0.42110333	-5.951289
GC10P-R1:CGAGCCAAGCTAGCCC	GC10P-R1	8775.0	1881	0.034985755	P	GC10	cDC2_CD1C	2.3367615	-2.2845747
GC10P-R1:CGAGCCACAAGACACG	GC10P-R1	5260.0	1618	0.04619772	P	GC10	Mφ_THBS1	1.6866286	-7.190366
GC10P-R1:CGATGGCTCATCTGCC	GC10P-R1	5882.0	1488	0.039612375	P	GC10	Mφ_THBS1	0.4784331	-5.5848002
GC10P-R1:CGATGTACATGTTGAC	GC10P-R1	2716.0	864	0.09167894	P	GC10	Mφ_THBS1	-0.0031769194	-6.1352825
GC10P-R1:CGCGGTATCCGTTGTC	GC10P-R1	6139.0	1663	0.050171036	P	GC10	cDC2_CD1C	2.0750356	-4.1823792
GC10P-R1:CGCGTTTCAGGAATGC	GC10P-R1	23601.0	4143	0.030125841	P	GC10	Mφ_APOE	-1.8503073	-0.506053
GC10P-R1:CGCTATCAGCGATTCT	GC10P-R1	6122.0	1777	0.036752693	P	GC10	Mono_FCGR3A	5.344651	-3.198926
GC10P-R1:CGCTGGACATTTGCTT	GC10P-R1	8633.0	2214	0.017027684	P	GC10	Mφ_THBS1	0.019590797	-2.6202261
GC10P-R1:CGCTGGAGTGTTAAGA	GC10P-R1	12582.0	2806	0.030758226	P	GC10	Mφ_APOE	-2.2649784	-0.8669811
GC10P-R1:CGCTTCAGTACAGACG	GC10P-R1	3659.0	1330	0.015851326	P	GC10	Mφ_THBS1	0.44559863	-7.765286
GC10P-R1:CGGACACCATCTATGG	GC10P-R1	5519.0	1486	0.022830224	P	GC10	Mφ_THBS1	1.5424389	-7.216153
GC10P-R1:CGGCTAGCATCGGGTC	GC10P-R1	604.0	344	0.014900662	P	GC10	Mφ_THBS1	0.03633241	-3.6416175
GC10P-R1:CGTAGCGGTTCAGACT	GC10P-R1	4818.0	1499	0.02988792	P	GC10	Mφ_THBS1	1.119232	-7.3461046
GC10P-R1:CGTAGGCAGGCATGTG	GC10P-R1	3263.0	1084	0.078148946	P	GC10	Mφ_THBS1	0.84437454	-6.4030085
GC10P-R1:CGTCACTGTCACAAGG	GC10P-R1	8748.0	2102	0.03417924	P	GC10	cDC2_CD1C	0.2888789	-2.780633
GC10P-R1:CGTCAGGAGGCCCTCA	GC10P-R1	5249.0	1472	0.024195084	P	GC10	Mφ_THBS1	1.6280321	-6.6170683
GC10P-R1:CGTCAGGGTTTCCACC	GC10P-R1	5915.0	1655	0.043110736	P	GC10	cDC2_CD1C	1.2769623	-3.6770878
GC10P-R1:CGTCTACGTCATCGGC	GC10P-R1	4591.0	1371	0.04465258	P	GC10	Mono_FCGR3A	4.8066134	-3.2211616
GC10P-R1:CGTCTACGTCTCTCTG	GC10P-R1	4682.0	1331	0.03139684	P	GC10	Mφ_THBS1	0.9635309	-7.1767645
GC10P-R1:CGTCTACGTGATAAAC	GC10P-R1	4857.0	1511	0.0426189	P	GC10	Mφ_THBS1	-0.48366368	-4.8897557
GC10P-R1:CGTGTAAAGCCTCGTG	GC10P-R1	1401.0	575	0.016416846	P	GC10	Mφ_THBS1	1.4692286	-5.131072
GC10P-R1:CGTGTCTCAAACTGCT	GC10P-R1	886.0	424	0.020316027	P	GC10	Mφ_THBS1	0.35906744	-4.817292
GC10P-R1:CGTTCTGGTCTCTCTG	GC10P-R1	3969.0	1294	0.022675738	P	GC10	Mφ_THBS1	-0.15550098	-5.812432
GC10P-R1:CGTTGGGTCAGTTCGA	GC10P-R1	4344.0	1742	0.037983425	P	GC10	Mono_CD14	3.3791506	-6.8875976
GC10P-R1:CTAACTTAGACACTAA	GC10P-R1	4400.0	1379	0.040681817	P	GC10	Mφ_THBS1	-0.17454247	-6.9620504
GC10P-R1:CTAACTTAGGTGGGTT	GC10P-R1	4833.0	1420	0.087109454	P	GC10	Mφ_APOE	0.25844324	-1.4246603
GC10P-R1:CTAACTTCATTACGAC	GC10P-R1	7809.0	2084	0.050582662	P	GC10	Mφ_APOE	-0.08275453	-0.662263
GC10P-R1:CTAACTTGTAGGGTAC	GC10P-R1	1705.0	686	0.02052786	P	GC10	Mφ_THBS1	0.97508657	-6.099734
GC10P-R1:CTAATGGAGGAATTAC	GC10P-R1	11956.0	2681	0.045834728	P	GC10	Mono_FCGR3A	5.129592	-2.905009
GC10P-R1:CTAATGGCACAGTCGC	GC10P-R1	1040.0	487	0.008653847	P	GC10	Mφ_APOE	-1.4641064	-1.1788528
GC10P-R1:CTAATGGCACTGTTAG	GC10P-R1	3872.0	1176	0.04390496	P	GC10	Mφ_THBS1	0.8683405	-7.0868692
GC10P-R1:CTACACCAGCAATCTC	GC10P-R1	6999.0	2010	0.035290755	P	GC10	Mφ_THBS1	1.8378958	-6.262263
GC10P-R1:CTACACCGTCTCGTTC	GC10P-R1	6013.0	1603	0.03176451	P	GC10	Mφ_THBS1	1.9499198	-6.8515697
GC10P-R1:CTACATTCACCTGGTG	GC10P-R1	4022.0	1283	0.014420686	P	GC10	Mφ_THBS1	1.2629185	-5.1416326
GC10P-R1:CTACATTGTCGGCTCA	GC10P-R1	9027.0	2475	0.049961228	P	GC10	Mono_FCGR3A	6.8283963	-2.6160443
GC10P-R1:CTACCCAGTTTGCATG	GC10P-R1	11139.0	2879	0.035820093	P	GC10	cDC2_CD1C	1.7118021	0.47363523
GC10P-R1:CTACCCATCATCACCC	GC10P-R1	17780.0	3745	0.043419573	P	GC10	Mφ_APOE	-2.329655	-0.9532975
GC10P-R1:CTAGAGTCATTTGCCC	GC10P-R1	3334.0	1056	0.032993402	P	GC10	Mφ_THBS1	0.9160856	-6.138304
GC10P-R1:CTAGCCTCAGCCTTGG	GC10P-R1	1427.0	730	0.060266294	P	GC10	Mφ_APOE	-1.3810135	1.360781
GC10P-R1:CTAGTGAAGTTACCCA	GC10P-R1	4264.0	1274	0.04948405	P	GC10	Mφ_THBS1	1.5997357	-7.3043227
GC10P-R1:CTCAGAAAGTTATCGC	GC10P-R1	4975.0	1485	0.027939698	P	GC10	Mφ_THBS1	1.8628753	-6.976953
GC10P-R1:CTCATTAAGACTTTCG	GC10P-R1	753.0	408	0.035856575	P	GC10	Mφ_THBS1	0.5906835	-4.860585
GC10P-R1:CTCATTAAGAGGTTAT	GC10P-R1	3646.0	1084	0.07295667	P	GC10	cDC2_CD1C	1.7976549	-2.386845
GC10P-R1:CTCATTATCCATGAGT	GC10P-R1	13287.0	2386	0.040565968	P	GC10	cDC2_CD1C	2.812878	-1.1880018
GC10P-R1:CTCGAAAAGGTGCACA	GC10P-R1	16931.0	3433	0.035378892	P	GC10	cDC2_CD1C	0.30417404	-0.6904007
GC10P-R1:CTCGAGGAGACGCACA	GC10P-R1	3128.0	1015	0.035485934	P	GC10	Mφ_THBS1	0.32108888	-5.4048615
GC10P-R1:CTCGGAGTCTTACCGC	GC10P-R1	8847.0	2271	0.046795525	P	GC10	Mφ_APOE	-1.7292398	0.047897518
GC10P-R1:CTCGGGAGTGCAGACA	GC10P-R1	2592.0	846	0.030092593	P	GC10	cDC2_CD1C	2.2695303	-3.581548
GC10P-R1:CTCGTACAGTGTCTCA	GC10P-R1	6146.0	1701	0.030914417	P	GC10	Mφ_THBS1	1.1332754	-4.3774643
GC10P-R1:CTCTACGAGCTGTCTA	GC10P-R1	7439.0	1784	0.030783707	P	GC10	cDC2_CD1C	2.1177225	-3.1831958
GC10P-R1:CTCTGGTCACCACCAG	GC10P-R1	3495.0	1198	0.050643776	P	GC10	Mφ_THBS1	-0.019030897	-7.174305
GC10P-R1:CTGAAACAGCTAGTGG	GC10P-R1	5714.0	1492	0.045152258	P	GC10	Mφ_THBS1	1.9114162	-6.321338
GC10P-R1:CTGAAGTAGGCAGTCA	GC10P-R1	8222.0	2023	0.03964972	P	GC10	Mφ_THBS1	1.5254662	-6.8224945
GC10P-R1:CTGCGGAGTTGGACCC	GC10P-R1	4380.0	1309	0.033333335	P	GC10	Mφ_THBS1	1.1078045	-6.949018
GC10P-R1:CTGCTGTTCTCCAACC	GC10P-R1	664.0	387	0.090361446	P	GC10	Mφ_APOE	-1.3536316	0.366204
GC10P-R1:CTTAACTAGTGAATTG	GC10P-R1	6916.0	1811	0.09282822	P	GC10	Mφ_THBS1	1.246653	-4.7082777
GC10P-R1:CTTAACTCAGTTCCCT	GC10P-R1	11296.0	2466	0.035676345	P	GC10	cDC2_CD1C	2.6096225	-0.79433984
GC10P-R1:CTTAACTGTATGGTTC	GC10P-R1	4101.0	1258	0.032674957	P	GC10	cDC2_CD1C	1.5804131	-3.6308267
GC10P-R1:CTTACCGAGATATGCA	GC10P-R1	7860.0	2065	0.046564884	P	GC10	Mφ_APOE	-0.06525775	-1.6687686
GC10P-R1:CTTACCGCAATGTAAG	GC10P-R1	2612.0	971	0.017993875	P	GC10	Mφ_THBS1	-0.27245092	-5.90201
GC10P-R1:CTTAGGAAGATGTGTA	GC10P-R1	4366.0	1309	0.04145671	P	GC10	Mφ_THBS1	0.84950346	-6.552013
GC10P-R1:CTTAGGAGTCCGCTGA	GC10P-R1	13419.0	2883	0.043743946	P	GC10	cDC2_CD1C	1.8254946	0.6629566
GC10P-R1:CTTTGCGCATCAGTAC	GC10P-R1	8119.0	2046	0.03768937	P	GC10	cDC2_CD1C	2.0055914	-3.574296
GC10P-R1:GAACGGACAGGACGTA	GC10P-R1	3304.0	1085	0.032082323	P	GC10	Mφ_THBS1	0.78867906	-4.4424386
GC10P-R1:GAAGCAGCATTTGCTT	GC10P-R1	3100.0	1023	0.026129032	P	GC10	Mφ_THBS1	1.3167616	-6.6525235
GC10P-R1:GAATGAAAGCTTATCG	GC10P-R1	7471.0	2202	0.036675144	P	GC10	Mφ_THBS1	2.0106452	-5.5765204
GC10P-R1:GAATGAAAGTGGCACA	GC10P-R1	2618.0	944	0.019480519	P	GC10	Mφ_THBS1	1.3381419	-6.7350826
GC10P-R1:GACACGCGTATAGTAG	GC10P-R1	5176.0	1579	0.045401856	P	GC10	Mφ_THBS1	0.13014038	-7.2547526
GC10P-R1:GACACGCGTCCGAATT	GC10P-R1	3508.0	1178	0.0336374	P	GC10	Mφ_THBS1	0.2115421	-7.7438903
GC10P-R1:GACAGAGCAGATGGGT	GC10P-R1	5544.0	1527	0.051226553	P	GC10	Mφ_THBS1	-0.13440433	-6.855397
GC10P-R1:GACCAATAGACCACGA	GC10P-R1	8540.0	2762	0.024941452	P	GC10	pDC_LILRA4	4.6194835	2.9236422
GC10P-R1:GACCAATCAGGTGGAT	GC10P-R1	6375.0	1690	0.038431372	P	GC10	Mφ_THBS1	1.6166071	-6.842546
GC10P-R1:GACGGCTAGGTTACCT	GC10P-R1	9558.0	2433	0.04593011	P	GC10	cDC2_CD1C	2.5569806	-2.0395389
GC10P-R1:GACGTTAGTAAGAGAG	GC10P-R1	6232.0	1702	0.048620027	P	GC10	Mφ_THBS1	1.5474821	-6.8985934
GC10P-R1:GACGTTATCACCGGGT	GC10P-R1	3784.0	1193	0.032505285	P	GC10	Mφ_THBS1	0.9980631	-6.470079
GC10P-R1:GACTAACTCACAATGC	GC10P-R1	1037.0	471	0.07618129	P	GC10	cDC2_CD1C	2.3912053	-3.552959
GC10P-R1:GACTGCGCATGTAAGA	GC10P-R1	2306.0	921	0.031222897	P	GC10	Mφ_THBS1	0.3999827	-6.1430936
GC10P-R1:GAGCAGAGTACCTACA	GC10P-R1	2780.0	1085	0.07086331	P	GC10	Mφ_THBS1	1.3599011	-5.3041816
GC10P-R1:GAGGTGAGTAGCAAAT	GC10P-R1	19984.0	4146	0.04743795	P	GC10	cDC2_CD1C	0.9694181	0.86968625
GC10P-R1:GATCGATCAAGAAAGG	GC10P-R1	7340.0	2407	0.09359673	P	GC10	Mφ_APOE	-1.5508491	-1.0225989
GC10P-R1:GATCGATGTAAGGGCT	GC10P-R1	3137.0	1198	0.032515142	P	GC10	Mφ_THBS1	1.4040502	-6.101043
GC10P-R1:GATCGTATCAGAGCTT	GC10P-R1	5207.0	1502	0.03898598	P	GC10	Mφ_THBS1	1.5854385	-7.3245625
GC10P-R1:GATCGTATCGACAGCC	GC10P-R1	11531.0	2242	0.03633683	P	GC10	DC_LAMP3	4.303797	-0.8336437
GC10P-R1:GATGAAAAGTGAATTG	GC10P-R1	16581.0	3270	0.033652976	P	GC10	cDC1_XCR1	0.78443813	2.9057999
GC10P-R1:GCAAACTCAGTTTACG	GC10P-R1	903.0	418	0.026578072	P	GC10	Mφ_THBS1	1.6261785	-4.2305746
GC10P-R1:GCAATCACAGACGCCT	GC10P-R1	1321.0	621	0.059046175	P	GC10	Mφ_APOE	-1.4117281	0.106265776
GC10P-R1:GCACATACAACGATCT	GC10P-R1	6876.0	1860	0.03214078	P	GC10	Mφ_THBS1	-0.18083721	-6.2383475
GC10P-R1:GCACTCTAGCGATCCC	GC10P-R1	3791.0	1283	0.021102611	P	GC10	Mφ_THBS1	0.93751734	-4.995449
GC10P-R1:GCAGCCATCACCACCT	GC10P-R1	15455.0	3756	0.035198964	P	GC10	Mφ_APOE	-0.033599157	0.27388686
GC10P-R1:GCATACAAGAAGAAGC	GC10P-R1	4622.0	1305	0.03699697	P	GC10	Mφ_THBS1	1.065912	-5.323741
GC10P-R1:GCATACAAGAATTGTG	GC10P-R1	3213.0	1088	0.012138189	P	GC10	Mφ_THBS1	1.6335403	-6.5529656
GC10P-R1:GCATACATCAGTTGAC	GC10P-R1	7721.0	2147	0.050770625	P	GC10	cDC2_CD1C	0.74605006	-1.3069125
GC10P-R1:GCATACATCGTCCGTT	GC10P-R1	12133.0	2775	0.03255584	P	GC10	Mφ_THBS1	-0.4273219	-2.4866912
GC10P-R1:GCGAGAAGTGCAACGA	GC10P-R1	15366.0	3238	0.0404139	P	GC10	Mφ_APOE	-0.39262715	-0.70829904
GC10P-R1:GCGCCAACAACAACCT	GC10P-R1	12672.0	2851	0.04703283	P	GC10	Mφ_APOE	-1.9110124	-0.5027065
GC10P-R1:GCGCCAAGTAAAGGAG	GC10P-R1	5389.0	1444	0.039896086	P	GC10	cDC2_CD1C	1.4639851	-3.8539948
GC10P-R1:GCTCCTATCACTCCTG	GC10P-R1	10546.0	2347	0.0418168	P	GC10	DC_LAMP3	4.813173	-0.57291585
GC10P-R1:GCTGCGAAGGTGATAT	GC10P-R1	4849.0	1473	0.03773974	P	GC10	Mφ_THBS1	0.00073412334	-7.0811763
GC10P-R1:GCTGCGATCTAACTCT	GC10P-R1	905.0	426	0.061878454	P	GC10	Mφ_THBS1	0.72153544	-5.2751245
GC10P-R1:GCTGGGTAGTAGGTGC	GC10P-R1	7485.0	2344	0.027254509	P	GC10	Mφ_THBS1	-0.7320673	-6.868819
GC10P-R1:GCTGGGTAGTGAAGTT	GC10P-R1	1944.0	772	0.0313786	P	GC10	Mφ_THBS1	0.21340014	-7.2903366
GC10P-R1:GCTGGGTCACCGAATT	GC10P-R1	14551.0	3070	0.033331044	P	GC10	cDC2_CD1C	1.2854453	-1.3321778
GC10P-R1:GCTTCCAAGATGTTAG	GC10P-R1	18134.0	3742	0.0366163	P	GC10	cDC2_CD1C	1.6280785	-0.49479738
GC10P-R1:GCTTCCAGTTCACGGC	GC10P-R1	9137.0	2024	0.064134836	P	GC10	DC_LAMP3	5.017898	-0.43090567
GC10P-R1:GGAAAGCCATGTAGTC	GC10P-R1	3170.0	1097	0.064984225	P	GC10	Mφ_THBS1	1.0001876	-6.562051
GC10P-R1:GGAACTTCACTGCCAG	GC10P-R1	10594.0	2293	0.028884275	P	GC10	cDC2_CD1C	1.7275643	-2.883944
GC10P-R1:GGACATTCAAGCTGAG	GC10P-R1	4209.0	1436	0.024708956	P	GC10	Mφ_THBS1	2.1032524	-5.0363703
GC10P-R1:GGACATTCAGACGCTC	GC10P-R1	4624.0	1280	0.040441178	P	GC10	Mφ_THBS1	1.4784055	-6.37097
GC10P-R1:GGACATTTCCAATGGT	GC10P-R1	4247.0	1407	0.02896162	P	GC10	Mφ_THBS1	0.30604234	-7.7878556
GC10P-R1:GGACGTCAGTCCGGTC	GC10P-R1	18576.0	3107	0.033860896	P	GC10	Mφ_APOE	-1.7267532	-1.3624351
GC10P-R1:GGACGTCAGTGCAAGC	GC10P-R1	8644.0	2133	0.048704304	P	GC10	DC_LAMP3	4.947127	-0.7577682
GC10P-R1:GGAGCAAAGCGCCTTG	GC10P-R1	1328.0	537	0.022590362	P	GC10	Mφ_THBS1	0.46724737	-5.056403
GC10P-R1:GGAGCAACAACTGGCC	GC10P-R1	4722.0	1413	0.027107159	P	GC10	Mφ_THBS1	1.3307735	-7.2008724
GC10P-R1:GGCCGATTCTTGTCAT	GC10P-R1	6110.0	1704	0.055155482	P	GC10	Mφ_APOE	-1.6902642	-2.532385
GC10P-R1:GGCGACTCAATAACGA	GC10P-R1	4466.0	1427	0.043887146	P	GC10	Mφ_THBS1	0.12500837	-7.4909034
GC10P-R1:GGCGTGTTCATGTAGC	GC10P-R1	7336.0	1910	0.03080698	P	GC10	cDC2_CD1C	1.6863455	-1.4981763
GC10P-R1:GGGAATGAGCTGCAAG	GC10P-R1	1466.0	612	0.06548431	P	GC10	Mφ_THBS1	0.13105714	-5.1740856
GC10P-R1:GGGAATGCAGTTCCCT	GC10P-R1	5851.0	1870	0.027174842	P	GC10	Mono_FCGR3A	5.7728844	-3.2153754
GC10P-R1:GGGACCTCATGGTCTA	GC10P-R1	7049.0	1881	0.06000851	P	GC10	Mφ_THBS1	1.4411461	-7.641775
GC10P-R1:GGGACCTTCATGCAAC	GC10P-R1	15412.0	3124	0.026278224	P	GC10	cDC2_CD1C	1.149241	-1.2708259
GC10P-R1:GGGCACTTCGTAGGAG	GC10P-R1	11693.0	2867	0.031984948	P	GC10	cDC2_CD1C	0.008979653	-1.6218573
GC10P-R1:GGGCATCGTTCAGTAC	GC10P-R1	9511.0	2362	0.067185365	P	GC10	Mono_CD14	4.918515	-4.703854
GC10P-R1:GGGTCTGCAAGCGTAG	GC10P-R1	638.0	393	0.053291537	P	GC10	Mφ_APOE	-1.2704151	0.21560948
GC10P-R1:GGTATTGAGGGATACC	GC10P-R1	6846.0	1869	0.03593339	P	GC10	Mφ_THBS1	0.8585127	-3.856059
GC10P-R1:GGTGAAGTCCAGTAGT	GC10P-R1	1681.0	808	0.051754907	P	GC10	Mφ_APOE	-1.3457043	1.0729765
GC10P-R1:GGTGTTAGTCTAACGT	GC10P-R1	3586.0	1113	0.044339098	P	GC10	cDC2_CD1C	1.7120844	-2.8604803
GC10P-R1:GTAACTGAGTGAACGC	GC10P-R1	816.0	371	0.028186275	P	GC10	Mφ_THBS1	1.2678574	-4.8852563
GC10P-R1:GTACGTACAATCTGCA	GC10P-R1	7655.0	2121	0.05016329	P	GC10	cDC2_CD1C	2.016193	0.5031191
GC10P-R1:GTACGTAGTATATGGA	GC10P-R1	4773.0	1546	0.0389692	P	GC10	Mφ_THBS1	0.39354888	-7.7729726
GC10P-R1:GTACTCCAGGACGAAA	GC10P-R1	6718.0	1973	0.045102708	P	GC10	Mono_FCGR3A	6.3317795	-2.765943
GC10P-R1:GTACTCCGTTATTCTC	GC10P-R1	8826.0	2175	0.036483116	P	GC10	Mφ_THBS1	1.528171	-5.576068
GC10P-R1:GTACTCCTCATCGGAT	GC10P-R1	9340.0	2033	0.027944326	P	GC10	cDC2_CD1C	1.952257	-2.0257611
GC10P-R1:GTACTTTCACGGCTAC	GC10P-R1	3728.0	1255	0.034334764	P	GC10	Mφ_APOE	-1.2460489	-0.30464733
GC10P-R1:GTACTTTCAGGTCTCG	GC10P-R1	3264.0	1186	0.04411765	P	GC10	Mφ_THBS1	1.3215206	-6.8229027
GC10P-R1:GTAGTCAAGTTAGCGG	GC10P-R1	3533.0	1119	0.031135013	P	GC10	Mφ_THBS1	1.0771687	-6.6990614
GC10P-R1:GTAGTCACAGCCTGTG	GC10P-R1	13095.0	2680	0.03085147	P	GC10	cDC2_CD1C	1.9857227	-1.6844267
GC10P-R1:GTCAAGTTCGTCCAGG	GC10P-R1	5972.0	1687	0.061788347	P	GC10	Mφ_THBS1	0.412963	-5.10755
GC10P-R1:GTCACGGGTGTTGGGA	GC10P-R1	3181.0	1025	0.023263125	P	GC10	Mφ_THBS1	0.31364128	-4.969968
GC10P-R1:GTCGGGTAGTACGATA	GC10P-R1	10246.0	2584	0.03230529	P	GC10	cDC2_CD1C	1.704257	-1.5174872
GC10P-R1:GTCGGGTTCGTCTGAA	GC10P-R1	9165.0	2418	0.030114567	P	GC10	Mφ_APOE	-0.4331762	-0.70740503
GC10P-R1:GTCGTAAAGGTAGCTG	GC10P-R1	16098.0	3238	0.031618834	P	GC10	cDC1_XCR1	1.0956055	2.965073
GC10P-R1:GTGAAGGTCACATACG	GC10P-R1	2814.0	983	0.024875622	P	GC10	Mφ_THBS1	1.2319871	-5.180772
GC10P-R1:GTGCGGTAGATGTGGC	GC10P-R1	2599.0	939	0.052712582	P	GC10	Mφ_THBS1	1.5706085	-6.429979
GC10P-R1:GTGGGTCGTCAGTGGA	GC10P-R1	6457.0	1848	0.041350473	P	GC10	Mφ_THBS1	1.7488701	-6.207065
GC10P-R1:GTGTTAGCATTGGCGC	GC10P-R1	5823.0	1616	0.042933196	P	GC10	Mφ_THBS1	2.0805242	-5.8440785
GC10P-R1:GTGTTAGGTTAAAGAC	GC10P-R1	4363.0	1297	0.042631216	P	GC10	Mφ_THBS1	0.8822391	-7.7677226
GC10P-R1:GTGTTAGTCTCTGTCG	GC10P-R1	654.0	328	0.025993884	P	GC10	Mφ_THBS1	0.68767166	-5.0241537
GC10P-R1:GTTAAGCGTGTTCTTT	GC10P-R1	9155.0	2453	0.024358274	P	GC10	Mφ_APOE	-2.0388088	-0.8782072
GC10P-R1:GTTACAGTCCGTTGCT	GC10P-R1	5103.0	1442	0.02665099	P	GC10	Mφ_THBS1	0.98402464	-6.188583
GC10P-R1:GTTCATTAGCAAATCA	GC10P-R1	5216.0	1645	0.040644173	P	GC10	Mφ_THBS1	-0.024963124	-7.326999
GC10P-R1:GTTCGGGAGCGATCCC	GC10P-R1	3423.0	960	0.033304118	P	GC10	cDC2_CD1C	1.8829203	-2.8344595
GC10P-R1:TAAGAGACACGGCTAC	GC10P-R1	3379.0	1225	0.040840484	P	GC10	Mono_FCGR3A	6.230656	-3.514243
GC10P-R1:TACCTATCAGCGTTCG	GC10P-R1	14265.0	3175	0.046617597	P	GC10	Mφ_APOE	-0.5260937	-0.48639917
GC10P-R1:TACGGATAGGCAGTCA	GC10P-R1	3898.0	1262	0.023088764	P	GC10	Mφ_THBS1	1.1871786	-6.8190527
GC10P-R1:TACGGATCAAACAACA	GC10P-R1	6538.0	1862	0.026001835	P	GC10	Mφ_THBS1	0.9015727	-5.347981
GC10P-R1:TACGGATCAGCGATCC	GC10P-R1	4222.0	1264	0.023685457	P	GC10	Mono_FCGR3A	3.90721	-3.897123
GC10P-R1:TACTCATTCCTTCAAT	GC10P-R1	5208.0	1538	0.025537634	P	GC10	Mφ_THBS1	1.5440072	-7.3464823
GC10P-R1:TACTCGCAGCAGCCTC	GC10P-R1	6134.0	2090	0.057711117	P	GC10	Mφ_APOE	-0.011165508	-0.8306505
GC10P-R1:TAGTGGTAGCCTATGT	GC10P-R1	2650.0	1088	0.058867924	P	GC10	Mφ_THBS1	0.5343579	-7.6263657
GC10P-R1:TAGTGGTCAGGAATGC	GC10P-R1	20418.0	3729	0.04711529	P	GC10	cDC2_CD1C	0.5196365	-1.1574284
GC10P-R1:TAGTGGTTCTGGCGAC	GC10P-R1	6404.0	1937	0.028107433	P	GC10	Mono_FCGR3A	5.7418857	-2.7657866
GC10P-R1:TAGTTGGCAGTAAGCG	GC10P-R1	11471.0	2759	0.041757476	P	GC10	cDC2_CD1C	1.8074982	-1.366729
GC10P-R1:TATCTCAAGGACGAAA	GC10P-R1	2756.0	1032	0.034107402	P	GC10	Mφ_APOE	-0.8216643	0.37015817
GC10P-R1:TATCTCATCCAGGGCT	GC10P-R1	6003.0	1602	0.03165084	P	GC10	Mφ_THBS1	1.4062469	-5.2549715
GC10P-R1:TATCTCATCTGACCTC	GC10P-R1	3115.0	1126	0.032423757	P	GC10	Mφ_THBS1	0.7985624	-7.6191087
GC10P-R1:TATGCCCGTATCGCAT	GC10P-R1	815.0	483	0.039263804	P	GC10	Mφ_APOE	-0.9368083	-0.15242884
GC10P-R1:TATTACCAGACTTTCG	GC10P-R1	10259.0	2465	0.036455795	P	GC10	cDC2_CD1C	1.1715463	-1.1711153
GC10P-R1:TCAACGAAGACTCGGA	GC10P-R1	8058.0	1922	0.043310996	P	GC10	DC_LAMP3	4.006826	-1.5039994
GC10P-R1:TCAATCTTCCAATGGT	GC10P-R1	7327.0	1974	0.05623038	P	GC10	cDC2_CD1C	1.1881036	-1.1345575
GC10P-R1:TCACAAGGTATTCGTG	GC10P-R1	3047.0	948	0.06071546	P	GC10	Mφ_THBS1	0.76431024	-7.2845974
GC10P-R1:TCAGATGAGCGGCTTC	GC10P-R1	2413.0	891	0.025279734	P	GC10	Mφ_THBS1	0.76891905	-6.287908
GC10P-R1:TCAGATGCATTTCACT	GC10P-R1	7554.0	2385	0.06288059	P	GC10	DC_LAMP3	4.616966	-1.1803757
GC10P-R1:TCAGATGTCCACTCCA	GC10P-R1	3159.0	1073	0.04748338	P	GC10	Mφ_THBS1	-0.26907003	-7.707194
GC10P-R1:TCAGGATCAGCCTATA	GC10P-R1	2704.0	1010	0.021819526	P	GC10	Mφ_THBS1	1.4237453	-6.47427
GC10P-R1:TCAGGATGTAGAGGAA	GC10P-R1	3851.0	1211	0.040249284	P	GC10	Mφ_THBS1	0.93973416	-7.612368
GC10P-R1:TCAGGATGTCATTAGC	GC10P-R1	6216.0	1778	0.03780566	P	GC10	Mφ_THBS1	1.3977126	-7.353542
GC10P-R1:TCAGGATGTGCACTTA	GC10P-R1	4557.0	1369	0.02348036	P	GC10	Mφ_THBS1	0.8214502	-7.425988
GC10P-R1:TCAGGATTCTCGGACG	GC10P-R1	7455.0	2129	0.07780013	P	GC10	cDC2_CD1C	0.5516231	-1.1446112
GC10P-R1:TCAGGTAAGGGCTTGA	GC10P-R1	1976.0	805	0.03340081	P	GC10	Mφ_APOE	-0.31834075	-0.5245327
GC10P-R1:TCGAGGCAGGCGTACA	GC10P-R1	8522.0	2089	0.03508566	P	GC10	Mφ_THBS1	1.2799628	-4.530532
GC10P-R1:TCGAGGCCATCAGTCA	GC10P-R1	9841.0	2565	0.033838026	P	GC10	Mono_CD14	2.6551805	-5.700267
GC10P-R1:TCGGGACTCCGTACAA	GC10P-R1	14250.0	2784	0.04968421	P	GC10	cDC2_CD1C	1.8465254	-1.1760122
GC10P-R1:TCGGTAAAGCCAGTTT	GC10P-R1	2061.0	822	0.03930131	P	GC10	Mφ_THBS1	0.19681986	-6.1893306
GC10P-R1:TCGGTAAAGTGCGTGA	GC10P-R1	2845.0	1049	0.028119508	P	GC10	Mφ_THBS1	1.4625834	-4.8435893
GC10P-R1:TCGTAGAAGTTCGCAT	GC10P-R1	5236.0	1688	0.04316272	P	GC10	cDC2_CD1C	1.030739	-1.3125297
GC10P-R1:TCTATTGAGAGCTGGT	GC10P-R1	3836.0	1311	0.033368092	P	GC10	Mono_FCGR3A	5.9856696	-2.7878716
GC10P-R1:TCTCTAAAGTCCAGGA	GC10P-R1	6359.0	1655	0.056769934	P	GC10	Mφ_THBS1	1.5943557	-7.294746
GC10P-R1:TCTCTAAGTGAGGGAG	GC10P-R1	7699.0	1646	0.028445253	P	GC10	cDC1_XCR1	1.5428836	2.6131086
GC10P-R1:TCTGAGACATCTCCCA	GC10P-R1	6268.0	1773	0.029355457	P	GC10	Mφ_THBS1	1.8125812	-6.78795
GC10P-R1:TCTGAGATCGCTTGTC	GC10P-R1	3204.0	1071	0.033083644	P	GC10	Mφ_THBS1	0.7274955	-7.3861074
GC10P-R1:TCTGGAAGTGAGGGTT	GC10P-R1	5658.0	1813	0.06115235	P	GC10	cDC2_CD1C	1.3915384	-1.3540828
GC10P-R1:TCTTCGGAGCCAGAAC	GC10P-R1	5390.0	1556	0.034508348	P	GC10	Mφ_THBS1	0.24483444	-7.7197375
GC10P-R1:TCTTTCCGTTCAGGCC	GC10P-R1	10625.0	2771	0.022117646	P	GC10	Mφ_THBS1	0.10991679	-4.653257
GC10P-R1:TCTTTCCTCACGGTTA	GC10P-R1	6834.0	1603	0.0074626864	P	GC10	cDC1_XCR1	1.0914872	2.954917
GC10P-R1:TCTTTCCTCCTAAGTG	GC10P-R1	6707.0	1828	0.030117787	P	GC10	Mφ_THBS1	0.20267478	-3.3378804
GC10P-R1:TGAAAGAAGTACGCGA	GC10P-R1	10336.0	2350	0.036667958	P	GC10	cDC1_XCR1	1.1401933	2.9814954
GC10P-R1:TGACAACCATCCCACT	GC10P-R1	12925.0	2972	0.03319149	P	GC10	cDC2_CD1C	0.67001194	-1.4654989
GC10P-R1:TGACGGCGTAAATACG	GC10P-R1	2300.0	760	0.06652174	P	GC10	Mφ_THBS1	1.0345358	-6.2131753
GC10P-R1:TGACTAGCACCAGGCT	GC10P-R1	6811.0	1768	0.044340037	P	GC10	Mφ_THBS1	1.3689249	-7.1750865
GC10P-R1:TGACTTTAGAAGCCCA	GC10P-R1	6258.0	1860	0.0353148	P	GC10	Mono_CD14	2.9591231	-4.8465614
GC10P-R1:TGACTTTAGAGCTATA	GC10P-R1	9006.0	2347	0.03697535	P	GC10	Mono_FCGR3A	4.514707	-3.557617
GC10P-R1:TGACTTTAGCTCCTCT	GC10P-R1	8890.0	1968	0.040607423	P	GC10	Mφ_THBS1	1.1527139	-5.509768
GC10P-R1:TGACTTTTCTGTGCAA	GC10P-R1	8867.0	2356	0.064847186	P	GC10	Mono_FCGR3A	7.3795767	-2.6486096
GC10P-R1:TGAGGGATCGGTGTTA	GC10P-R1	8488.0	2615	0.05113101	P	GC10	Mφ_THBS1	1.6295834	-6.148108
GC10P-R1:TGATTTCTCGCCGTGA	GC10P-R1	14478.0	2770	0.038748447	P	GC10	Mφ_APOE	-0.34580526	-1.0363936
GC10P-R1:TGCCAAAAGAAGGGTA	GC10P-R1	4754.0	1296	0.04122844	P	GC10	Mφ_THBS1	0.9074408	-7.888121
GC10P-R1:TGCCCATTCACAGGCC	GC10P-R1	7751.0	2131	0.024383951	P	GC10	cDC2_CD1C	0.9021209	-2.206045
GC10P-R1:TGCCCTAAGAAACGAG	GC10P-R1	1477.0	758	0.044685174	P	GC10	Mφ_APOE	-1.2272114	1.3117179
GC10P-R1:TGCCCTACAACACCCG	GC10P-R1	8100.0	2010	0.05197531	P	GC10	Mφ_THBS1	1.4778676	-4.5104127
GC10P-R1:TGCGCAGCAATGAAAC	GC10P-R1	3071.0	924	0.03288831	P	GC10	cDC2_CD1C	0.5099896	-1.8053087
GC10P-R1:TGCGGGTTCTGTCTCG	GC10P-R1	2056.0	1023	0.094844356	P	GC10	Mono_CD14	3.3576696	-7.1414294
GC10P-R1:TGCTACCAGATCACGG	GC10P-R1	8311.0	2194	0.035374805	P	GC10	Mono_FCGR3A	5.9806	-2.5170538
GC10P-R1:TGCTACCAGCGCTTAT	GC10P-R1	9315.0	2670	0.049490068	P	GC10	Mφ_APOE	0.14556508	-0.5932234
GC10P-R1:TGCTACCTCATTGCCC	GC10P-R1	10483.0	2633	0.03748927	P	GC10	Mφ_APOE	-0.89719623	-1.3921726
GC10P-R1:TGGACGCAGTGACTCT	GC10P-R1	3868.0	1277	0.032316443	P	GC10	Mφ_THBS1	1.4151306	-6.306448
GC10P-R1:TGGACGCCATACCATG	GC10P-R1	4397.0	1271	0.043438707	P	GC10	Mφ_THBS1	0.18274918	-7.591771
GC10P-R1:TGGCGCATCTGCCAGG	GC10P-R1	4698.0	1501	0.03128991	P	GC10	Mono_FCGR3A	2.0395203	-4.237354
GC10P-R1:TGGCTGGAGATGGGTC	GC10P-R1	1373.0	757	0.043699928	P	GC10	Mφ_THBS1	0.5704081	-6.0270743
GC10P-R1:TGGCTGGCATGGTAGG	GC10P-R1	1624.0	658	0.030172413	P	GC10	Mφ_THBS1	-0.25231037	-5.495061
GC10P-R1:TGGCTGGGTACATCCA	GC10P-R1	13817.0	3053	0.020843888	P	GC10	cDC1_XCR1	1.1446391	3.1168401
GC10P-R1:TGGCTGGGTCCGTCAG	GC10P-R1	2174.0	943	0.026678933	P	GC10	Mφ_APOE	-1.5576926	0.5478845
GC10P-R1:TGGGAAGCACTAGTAC	GC10P-R1	9748.0	2443	0.05488305	P	GC10	Mφ_APOE	-0.075451724	-0.93947667
GC10P-R1:TGGGCGTGTCTCCATC	GC10P-R1	2863.0	952	0.024449877	P	GC10	Mono_FCGR3A	4.763572	-3.6227264
GC10P-R1:TGGTTCCGTCTGGTCG	GC10P-R1	8271.0	2104	0.032885987	P	GC10	Mφ_THBS1	1.4477007	-5.914887
GC10P-R1:TGGTTCCTCTACTCAT	GC10P-R1	11260.0	2441	0.034902308	P	GC10	Mφ_THBS1	1.6852925	-4.134568
GC10P-R1:TGTATTCAGGCATTGG	GC10P-R1	2823.0	1001	0.01594049	P	GC10	Mφ_THBS1	0.090282224	-6.489429
GC10P-R1:TGTCCCACATCGGAAG	GC10P-R1	3749.0	1213	0.027473994	P	GC10	Mφ_THBS1	1.5074955	-6.6018786
GC10P-R1:TGTGGTACAATGCCAT	GC10P-R1	5690.0	1553	0.05149385	P	GC10	Mφ_THBS1	1.6044843	-7.3368573
GC10P-R1:TGTGTTTCAAAGCAAT	GC10P-R1	6833.0	1966	0.03146495	P	GC10	Mono_FCGR3A	5.759122	-2.9255347
GC10P-R1:TTAACTCGTGTAATGA	GC10P-R1	9357.0	2413	0.02981725	P	GC10	cDC2_CD1C	0.33492944	-1.593622
GC10P-R1:TTAACTCTCCACGCAG	GC10P-R1	12529.0	2603	0.037273526	P	GC10	cDC1_XCR1	1.0730963	3.1404195
GC10P-R1:TTAGGACCATTTCACT	GC10P-R1	1071.0	520	0.060690943	P	GC10	Mφ_THBS1	0.08259921	-7.0391726
GC10P-R1:TTAGGCATCAGTTAGC	GC10P-R1	6473.0	1798	0.04526495	P	GC10	Mφ_THBS1	1.147871	-7.804651
GC10P-R1:TTATGCTGTCTAGTCA	GC10P-R1	4502.0	1507	0.027543314	P	GC10	Mφ_THBS1	1.6531178	-7.0956044
GC10P-R1:TTCCCAGCACAGGAGT	GC10P-R1	6209.0	2093	0.05395394	P	GC10	Mφ_APOE	-1.9865452	-0.011116046
GC10P-R1:TTCGAAGGTTGTGGAG	GC10P-R1	1606.0	640	0.056662515	P	GC10	Mφ_THBS1	-0.02827594	-6.2347336
GC10P-R1:TTCGGTCCACTAAGTC	GC10P-R1	19470.0	3854	0.046944015	P	GC10	cDC2_CD1C	-0.047374588	-1.2432218
GC10P-R1:TTCGGTCGTGTTAAGA	GC10P-R1	7307.0	1925	0.050636377	P	GC10	cDC2_CD1C	1.2371261	-1.5031167
GC10P-R1:TTCTCCTCAAAGTGCG	GC10P-R1	3195.0	1287	0.03380282	P	GC10	Mono_FCGR3A	6.086793	-3.1048598
GC10P-R1:TTCTCCTGTTTCGCTC	GC10P-R1	7231.0	2134	0.044945374	P	GC10	Mφ_APOE	-1.7755952	0.45022088
GC10P-R1:TTGACTTAGGTACTCT	GC10P-R1	509.0	320	0.092337914	P	GC10	Mφ_THBS1	-0.010983804	-3.7209733
GC10P-R1:TTGGAACTCTTATCTG	GC10P-R1	4243.0	1414	0.033702567	P	GC10	Mφ_THBS1	0.8325388	-6.220573
GC10P-R1:TTGGCAAGTAGCACGA	GC10P-R1	8121.0	2303	0.035956163	P	GC10	cDC2_CD1C	2.0082636	0.7260934
GC10P-R1:TTGGCAATCTAACTCT	GC10P-R1	13707.0	2952	0.057634786	P	GC10	Mφ_APOE	-0.93164366	-0.67081606
GC10P-R1:TTGTAGGAGCTGGAAC	GC10P-R1	4993.0	1402	0.049268976	P	GC10	Mφ_THBS1	1.7858585	-6.3442545
GC10P-R1:TTTCCTCAGGCATTGG	GC10P-R1	8168.0	2239	0.037830558	P	GC10	Mono_FCGR3A	5.5174847	-3.0424519
GC10P-R1:TTTCCTCGTCAAAGCG	GC10P-R1	5116.0	1883	0.045738857	P	GC10	Mono_FCGR3A	8.022038	-2.4604282
GC10P-R1:TTTGCGCGTCTCGTTC	GC10P-R1	5007.0	1405	0.027960856	P	GC10	Mφ_THBS1	1.2498355	-6.6363826
GC10P-R1:TTTGTCACATGGGAAC	GC10P-R1	11334.0	2628	0.03326275	P	GC10	cDC2_CD1C	1.7748625	-0.3225469
GC10P-R1:TTTGTCATCGAGGTAG	GC10P-R1	2090.0	792	0.006220096	P	GC10	Mφ_APOE	-0.035541713	-1.8733279
GC10T:AAACGGGAGAGATGAG	GC10T	6069.0	1921	0.073158674	T	GC10	Mφ_APOE	-1.8914171	-0.849609
GC10T:AAACGGGCATGGTAGG	GC10T	19466.0	3213	0.04710778	T	GC10	Mφ_APOE	-3.0409207	-1.2389495
GC10T:AAAGATGCACGTCTCT	GC10T	5237.0	1381	0.05594806	T	GC10	Mφ_THBS1	-0.7696195	-7.307994
GC10T:AAAGATGGTCCGTGAC	GC10T	7333.0	1915	0.048547663	T	GC10	Mφ_THBS1	-1.7578814	-3.771139
GC10T:AAAGTAGTCCAAACAC	GC10T	10195.0	2590	0.057086807	T	GC10	Mφ_THBS1	-0.67286044	-3.7846398
GC10T:AAATGCCCATGGAATA	GC10T	7545.0	1930	0.040954273	T	GC10	Mφ_APOE	-3.0633605	-0.3802641
GC10T:AAATGCCGTATAGTAG	GC10T	43336.0	6112	0.049196973	T	GC10	cDC2_CD1C	0.41114733	0.53584796
GC10T:AACCATGTCTCTTGAT	GC10T	15062.0	3027	0.03631656	T	GC10	cDC1_XCR1	0.95025367	2.7404618
GC10T:AACCGCGAGAGGGATA	GC10T	7924.0	2222	0.03306411	T	GC10	Mφ_THBS1	-0.9548291	-4.0990596
GC10T:AACCGCGCAACGATGG	GC10T	14049.0	2830	0.03309844	T	GC10	Mφ_THBS1	-0.63030905	-3.7177947
GC10T:AACCGCGTCAACGGCC	GC10T	19476.0	3261	0.024286302	T	GC10	Mφ_APOE	-3.991433	-0.568405
GC10T:AACGTTGAGTACGTAA	GC10T	34945.0	4527	0.038317356	T	GC10	Mφ_APOE	-3.5775151	-2.054319
GC10T:AACGTTGCATGATCCA	GC10T	3455.0	1291	0.035890013	T	GC10	Mφ_THBS1	-0.5895066	-4.3563857
GC10T:AACGTTGGTTTGACTG	GC10T	10859.0	2692	0.068330415	T	GC10	Mφ_APOE	-2.0401614	0.44387072
GC10T:AACTCAGGTCCATGAT	GC10T	16069.0	3280	0.04561578	T	GC10	Mφ_APOE	-3.7064521	0.17856817
GC10T:AACTCAGGTCTTCGTC	GC10T	5683.0	1553	0.0413514	T	GC10	Mφ_THBS1	-1.8820095	-6.6359406
GC10T:AACTCAGTCTTACCTA	GC10T	19027.0	3285	0.03416198	T	GC10	Mφ_APOE	-3.7424953	-0.39708886
GC10T:AACTCCCAGCTTCGCG	GC10T	6018.0	1864	0.08158857	T	GC10	Mφ_APOE	-1.6680292	0.6739536
GC10T:AACTCCCCACGAAAGC	GC10T	14154.0	2695	0.04620602	T	GC10	Mφ_APOE	-3.3289013	-2.3977997
GC10T:AACTCTTGTACTCAAC	GC10T	11087.0	2741	0.029043023	T	GC10	Mφ_APOE	-1.9217256	-2.281336
GC10T:AACTGGTAGAATGTTG	GC10T	9423.0	2402	0.03905338	T	GC10	Mφ_THBS1	-2.0932968	-4.437144
GC10T:AACTGGTAGAGTGACC	GC10T	6538.0	1602	0.043591313	T	GC10	Mφ_THBS1	-2.5165222	-6.2924323
GC10T:AACTGGTGTAAGAGGA	GC10T	18171.0	3459	0.045236915	T	GC10	Mφ_APOE	-3.0628016	-1.3582255
GC10T:AACTTTCTCATGGTCA	GC10T	7170.0	2036	0.030683404	T	GC10	Mφ_THBS1	-1.330926	-5.127992
GC10T:AACTTTCTCGTTTAGG	GC10T	6306.0	1739	0.04012052	T	GC10	Mφ_THBS1	-2.0990298	-6.834449
GC10T:AAGACCTAGCGTCTAT	GC10T	18712.0	3476	0.025331339	T	GC10	Mφ_APOE	-3.5286508	0.2947849
GC10T:AAGACCTAGTCTCAAC	GC10T	2767.0	1037	0.055294544	T	GC10	Mφ_THBS1	-0.24890082	-7.0127892
GC10T:AAGACCTGTCGACTAT	GC10T	8958.0	2308	0.039741013	T	GC10	Mφ_THBS1	-1.2812637	-3.1832724
GC10T:AAGCCGCGTCTCTCTG	GC10T	1754.0	783	0.0045610033	T	GC10	Mφ_APOE	-1.9172864	-1.3842374
GC10T:AAGGAGCTCCAAGCCG	GC10T	6788.0	1765	0.07203889	T	GC10	Mφ_APOE	-2.379254	0.1551412
GC10T:AAGGCAGTCATCACCC	GC10T	5313.0	1489	0.03500847	T	GC10	Mφ_THBS1	-1.9878445	-6.7031817
GC10T:AAGGTTCGTAATAGCA	GC10T	19542.0	3694	0.048715588	T	GC10	cDC2_CD1C	2.0044892	-1.2771686
GC10T:AAGTCTGTCTTCCTTC	GC10T	10899.0	2758	0.07486925	T	GC10	Mφ_APOE	-2.4609506	-0.48138958
GC10T:AATCGGTAGGTTCCTA	GC10T	3358.0	1059	0.034246575	T	GC10	Mφ_THBS1	-0.467747	-5.994853
GC10T:AATCGGTTCCGCATCT	GC10T	8191.0	1602	0.050421193	T	GC10	Mφ_THBS1	-2.4944177	-6.5776386
GC10T:ACACCAAGTTCAACCA	GC10T	5532.0	1613	0.028561099	T	GC10	Mφ_THBS1	-0.89474785	-4.249716
GC10T:ACACCCTCATGCTAGT	GC10T	4458.0	1315	0.043965902	T	GC10	Mφ_THBS1	0.067370966	-6.9016585
GC10T:ACACCCTGTACTTAGC	GC10T	9058.0	2089	0.054537427	T	GC10	Mφ_THBS1	-1.1266745	-4.164452
GC10T:ACACCCTTCATAACCG	GC10T	2693.0	1059	0.033419978	T	GC10	Mφ_THBS1	-1.2626599	-3.342995
GC10T:ACACCCTTCATGCATG	GC10T	6109.0	2275	0.027173024	T	GC10	Mφ_THBS1	-1.8423705	-4.131409
GC10T:ACACCGGCAAACCCAT	GC10T	6401.0	1726	0.0531167	T	GC10	Mφ_THBS1	-2.3442137	-7.221822
GC10T:ACACCGGCAGGGATTG	GC10T	21173.0	3807	0.030699477	T	GC10	Mφ_APOE	-3.735586	-0.5469614
GC10T:ACACCGGGTATATGAG	GC10T	5614.0	1685	0.047025293	T	GC10	Mφ_THBS1	-2.4392161	-4.90309
GC10T:ACACTGAAGCCAACAG	GC10T	23744.0	3630	0.03331368	T	GC10	Mφ_APOE	-3.722228	0.46506512
GC10T:ACAGCCGCATGAGCGA	GC10T	14384.0	2835	0.059371524	T	GC10	cDC2_CD1C	1.9944565	-2.2914255
GC10T:ACAGCCGCATTCTCAT	GC10T	4541.0	1412	0.052191146	T	GC10	Mφ_THBS1	-2.4100275	-4.9482627
GC10T:ACAGCCGGTAGCACGA	GC10T	20477.0	3322	0.02265957	T	GC10	Mφ_APOE	-3.138573	-1.9498928
GC10T:ACAGCTACATTGGTAC	GC10T	31741.0	5276	0.05444063	T	GC10	Mφ_APOE	-2.4431036	-0.13058087
GC10T:ACAGCTAGTTTGGCGC	GC10T	9482.0	2246	0.057160936	T	GC10	Mφ_THBS1	-1.97467	-4.950878
GC10T:ACAGCTATCGTTGCCT	GC10T	10508.0	2140	0.03559193	T	GC10	Mφ_THBS1	-1.8220662	-6.570463
GC10T:ACATACGCAGTGACAG	GC10T	10484.0	2637	0.03739031	T	GC10	Mφ_THBS1	-1.3400457	-3.2101254
GC10T:ACATACGGTCGACTGC	GC10T	11420.0	2967	0.06462347	T	GC10	Mφ_APOE	-1.8732641	0.14171308
GC10T:ACATACGTCCGTACAA	GC10T	12693.0	2804	0.039076656	T	GC10	Mφ_THBS1	-1.9655085	-3.7080767
GC10T:ACATCAGGTCCAGTAT	GC10T	9033.0	2173	0.056459647	T	GC10	Mφ_THBS1	-2.586203	-5.1483126
GC10T:ACATGGTAGTACCGGA	GC10T	6450.0	1624	0.046511628	T	GC10	Mφ_THBS1	-1.5567942	-7.136528
GC10T:ACATGGTTCAGCAACT	GC10T	9712.0	2394	0.040156506	T	GC10	Mφ_THBS1	-2.2434745	-4.2467237
GC10T:ACCAGTAGTACAGACG	GC10T	17568.0	3617	0.047757287	T	GC10	cDC2_CD1C	1.7808313	0.8347338
GC10T:ACCCACTCAGTATCTG	GC10T	21493.0	3919	0.031731263	T	GC10	Mφ_APOE	-3.7691739	0.09551636
GC10T:ACCCACTCATGCGCAC	GC10T	9584.0	2174	0.036623538	T	GC10	Mφ_THBS1	-2.174947	-6.4984746
GC10T:ACCCACTCATTCCTGC	GC10T	19667.0	3502	0.03228759	T	GC10	Mφ_APOE	-3.888461	0.07758449
GC10T:ACCCACTGTCGAAAGC	GC10T	7403.0	2138	0.07834662	T	GC10	Mφ_THBS1	-2.2919176	-4.7493143
GC10T:ACCCACTTCAGGCGAA	GC10T	6341.0	1719	0.05062293	T	GC10	Mφ_THBS1	-2.1016695	-6.071522
GC10T:ACCGTAAAGAGGGATA	GC10T	3294.0	1241	0.047358833	T	GC10	Mφ_THBS1	-0.79439235	-7.207036
GC10T:ACCGTAAAGTGCCAGA	GC10T	7607.0	2352	0.030103851	T	GC10	pDC_LILRA4	4.6285105	3.085779
GC10T:ACCTTTATCCGCAAGC	GC10T	23531.0	3622	0.049849134	T	GC10	Mφ_APOE	-3.375738	0.40217802
GC10T:ACGAGCCAGACGCACA	GC10T	10934.0	2701	0.022773001	T	GC10	Mφ_THBS1	-0.8129028	-2.865655
GC10T:ACGAGCCAGCAGCGTA	GC10T	6472.0	1744	0.048516687	T	GC10	Mφ_THBS1	-1.7540994	-5.8822165
GC10T:ACGAGCCAGCTCAACT	GC10T	20665.0	3937	0.036099687	T	GC10	Mφ_APOE	-0.9912289	-1.4974293
GC10T:ACGAGCCCACCGTTGG	GC10T	16196.0	2790	0.019264016	T	GC10	Mφ_APOE	-2.8706822	-1.5331984
GC10T:ACGAGCCTCTTGTCAT	GC10T	9464.0	2629	0.03592561	T	GC10	pDC_LILRA4	4.669962	3.0718217
GC10T:ACGAGGAAGTCCAGGA	GC10T	5077.0	1363	0.06558991	T	GC10	Mφ_THBS1	-1.6817565	-6.442635
GC10T:ACGAGGACATCATCCC	GC10T	4454.0	1188	0.046026044	T	GC10	Mφ_THBS1	0.64092183	-5.652379
GC10T:ACGAGGAGTGACAAAT	GC10T	6996.0	543	0.008576329	T	GC10	Mφ_APOE	-2.211498	-1.1656713
GC10T:ACGAGGATCTTTAGGG	GC10T	15094.0	2600	0.0510799	T	GC10	Mφ_APOE	-1.7229937	-0.7271135
GC10T:ACGATACAGGTGTGGT	GC10T	4472.0	1401	0.052101966	T	GC10	Mφ_THBS1	-1.823465	-7.008438
GC10T:ACGATGTGTAGCGTAG	GC10T	3264.0	1175	0.04105392	T	GC10	Mφ_THBS1	-2.5873518	-5.8380294
GC10T:ACGATGTTCTTACCGC	GC10T	6912.0	1958	0.04759838	T	GC10	Mφ_APOE	-2.9282262	-2.567478
GC10T:ACGCCGATCGGATGGA	GC10T	10588.0	2413	0.0355119	T	GC10	Mφ_THBS1	-2.285544	-3.5837681
GC10T:ACGGAGACATAAAGGT	GC10T	5214.0	1554	0.04046797	T	GC10	Mφ_THBS1	-0.3469071	-7.4512696
GC10T:ACGGAGAGTCTAAAGA	GC10T	7513.0	2021	0.038865965	T	GC10	Mφ_THBS1	-2.042488	-4.53393
GC10T:ACGGAGAGTTGGTAAA	GC10T	24736.0	3946	0.03371604	T	GC10	Mφ_APOE	-3.5181105	-1.042424
GC10T:ACGGAGATCGGAGGTA	GC10T	2198.0	778	0.046860784	T	GC10	Mφ_THBS1	-2.3244371	-5.296822
GC10T:ACGGCCAGTCCATCCT	GC10T	19290.0	3728	0.029341627	T	GC10	Mφ_APOE	-3.4025803	-0.52083963
GC10T:ACGGGCTAGATCGGGT	GC10T	8397.0	2081	0.036679767	T	GC10	Mφ_THBS1	-1.7626623	-4.2760777
GC10T:ACGGGCTCAAGTAATG	GC10T	8350.0	2206	0.048622753	T	GC10	Mφ_THBS1	0.74247116	-7.2331934
GC10T:ACGGGCTCACGCATCG	GC10T	15653.0	3069	0.031878874	T	GC10	cDC2_CD1C	2.3939252	-1.088071
GC10T:ACGGGTCAGTGCGATG	GC10T	20911.0	3158	0.04390034	T	GC10	DC_LAMP3	3.4062068	-0.9806434
GC10T:ACGGGTCTCGTCTGCT	GC10T	21591.0	3573	0.019730443	T	GC10	Mφ_APOE	-3.6722667	0.27268624
GC10T:ACGTCAACATTTCACT	GC10T	28180.0	4595	0.031760115	T	GC10	Mφ_APOE	-3.9475315	-0.45864224
GC10T:ACGTCAAGTCGGCTCA	GC10T	17373.0	3316	0.045990907	T	GC10	Mφ_THBS1	-1.6336094	-2.8769398
GC10T:ACGTCAATCTGCAGTA	GC10T	4343.0	1388	0.02970297	T	GC10	Mφ_THBS1	-1.338202	-6.3884053
GC10T:ACTATCTAGCTGTTCA	GC10T	14525.0	3089	0.039242685	T	GC10	cDC2_CD1C	2.2847276	-1.480593
GC10T:ACTATCTCACGTGAGA	GC10T	9236.0	2247	0.08466869	T	GC10	Mφ_APOE	-2.8252244	0.58320284
GC10T:ACTGAACAGGTGATTA	GC10T	8933.0	2141	0.047688346	T	GC10	Mφ_THBS1	-1.2999275	-4.3650184
GC10T:ACTGAACCAGCTTCGG	GC10T	3120.0	1102	0.02275641	T	GC10	Mφ_THBS1	-1.9769608	-7.175885
GC10T:ACTGAACGTGATGCCC	GC10T	10616.0	2488	0.031085154	T	GC10	Mφ_THBS1	-2.0591166	-3.3608274
GC10T:ACTGAACGTTAAGGGC	GC10T	6127.0	1655	0.09188836	T	GC10	cDC1_XCR1	1.4942652	2.7188327
GC10T:ACTGAGTCAATGTAAG	GC10T	8925.0	2388	0.02745098	T	GC10	Mφ_APOE	-1.6264912	-2.354787
GC10T:ACTGAGTCACATTAGC	GC10T	14594.0	2683	0.04248321	T	GC10	Mφ_APOE	-0.20568655	-2.5815232
GC10T:ACTGAGTCATCACCCT	GC10T	9009.0	2114	0.045954045	T	GC10	Mφ_THBS1	-2.1014488	-5.0758963
GC10T:ACTGATGCAAGCCGTC	GC10T	4174.0	1326	0.04168663	T	GC10	Mφ_THBS1	-2.5282488	-5.8761544
GC10T:ACTGCTCCACCCATTC	GC10T	13669.0	2767	0.02955593	T	GC10	cDC2_CD1C	2.103793	-1.4013569
GC10T:ACTGCTCTCACTATTC	GC10T	13705.0	2884	0.029551258	T	GC10	Mφ_APOE	-3.435184	0.73029894
GC10T:ACTGCTCTCCAGAAGG	GC10T	15694.0	3323	0.034726646	T	GC10	Mφ_THBS1	-2.1760952	-5.2965417
GC10T:ACTGTCCGTAATAGCA	GC10T	5481.0	1606	0.042145595	T	GC10	Mφ_THBS1	-1.9504881	-7.4034553
GC10T:ACTTACTGTAGAGGAA	GC10T	20764.0	4051	0.03120786	T	GC10	Mφ_APOE	-0.7867032	-1.0806059
GC10T:ACTTTCATCGAATGGG	GC10T	37739.0	4791	0.030604944	T	GC10	Mφ_APOE	-3.932103	-1.6602349
GC10T:ACTTTCATCGACCAGC	GC10T	14821.0	3407	0.03974091	T	GC10	Mφ_APOE	-3.2186956	-0.30475152
GC10T:AGAATAGGTAAACCTC	GC10T	7442.0	1996	0.028755711	T	GC10	Mφ_THBS1	-2.1204886	-5.63326
GC10T:AGACGTTAGACACTAA	GC10T	11067.0	2371	0.047709405	T	GC10	Mφ_APOE	-0.6179716	-1.6550922
GC10T:AGACGTTCACCAGTTA	GC10T	10681.0	2538	0.05870237	T	GC10	Mφ_THBS1	-0.43680647	-3.8216486
GC10T:AGACGTTGTAGGCTGA	GC10T	20321.0	3725	0.04763545	T	GC10	Mφ_APOE	-2.0603287	-2.2731483
GC10T:AGACGTTGTTAAGACA	GC10T	18984.0	3251	0.057364095	T	GC10	Mφ_APOE	-3.728617	0.1464266
GC10T:AGAGCGACACGAAGCA	GC10T	3316.0	1154	0.036188178	T	GC10	Mφ_THBS1	-0.7965698	-5.308986
GC10T:AGAGCGATCATAACCG	GC10T	21069.0	3478	0.042811714	T	GC10	Mφ_APOE	-3.3829937	-0.25024825
GC10T:AGAGCGATCTGGCGAC	GC10T	11087.0	2351	0.04491747	T	GC10	cDC2_CD1C	1.3557832	-1.3657267
GC10T:AGAGCTTCACCAGTTA	GC10T	6322.0	1765	0.060423918	T	GC10	Mφ_THBS1	1.1336509	-7.0721755
GC10T:AGAGTGGAGCGAGAAA	GC10T	2397.0	868	0.04046725	T	GC10	Mφ_THBS1	-1.3103782	-6.1339693
GC10T:AGAGTGGGTGAGGGTT	GC10T	11296.0	2724	0.055152267	T	GC10	Mφ_APOE	-2.82315	0.7023385
GC10T:AGATTGCAGGAATTAC	GC10T	5667.0	1970	0.037938945	T	GC10	Mφ_THBS1	-1.9780381	-3.4594138
GC10T:AGATTGCGTGTGCCTG	GC10T	2633.0	1012	0.04405621	T	GC10	Mφ_APOE	-2.0608134	-1.7880961
GC10T:AGATTGCTCATAAAGG	GC10T	930.0	551	0.0032258064	T	GC10	Mφ_APOE	-1.0307485	-1.531269
GC10T:AGCAGCCCAACACGCC	GC10T	6684.0	1762	0.04099342	T	GC10	Mφ_THBS1	0.65994865	-7.172699
GC10T:AGCAGCCGTAAGCACG	GC10T	4827.0	1728	0.05738554	T	GC10	Mφ_APOE	-1.6412171	0.6610774
GC10T:AGCATACCACGTCAGC	GC10T	3568.0	1156	0.046524663	T	GC10	Mφ_THBS1	-2.3339071	-6.6273427
GC10T:AGCATACCATCACCCT	GC10T	8504.0	2501	0.023047978	T	GC10	pDC_LILRA4	4.7769394	3.060976
GC10T:AGCATACTCAACACTG	GC10T	16539.0	3280	0.048491444	T	GC10	Mφ_APOE	-3.3684697	0.037884604
GC10T:AGCATACTCTTGTATC	GC10T	5871.0	1597	0.03508772	T	GC10	Mφ_THBS1	-1.9623115	-6.714894
GC10T:AGCCTAAGTACTTCTT	GC10T	1288.0	663	0.0054347827	T	GC10	Mφ_APOE	-1.4467661	-1.6265113
GC10T:AGCCTAATCTACGAGT	GC10T	3126.0	1123	0.054702494	T	GC10	Mφ_THBS1	-1.3877022	-6.3959737
GC10T:AGCGGTCCAAGCCATT	GC10T	12153.0	2723	0.038920432	T	GC10	Mφ_APOE	-3.2389455	-2.362197
GC10T:AGCGTCGAGATGTGGC	GC10T	2893.0	814	0.029035604	T	GC10	Mφ_THBS1	-2.0072465	-5.8989644
GC10T:AGCGTCGAGCTTCGCG	GC10T	1049.0	517	0.0	T	GC10	Mφ_APOE	-1.9131984	-0.67132187
GC10T:AGCGTCGAGGGCTTCC	GC10T	3149.0	1095	0.029850746	T	GC10	Mφ_THBS1	0.030823607	-3.3566442
GC10T:AGCGTCGTCCTTGCCA	GC10T	5703.0	1434	0.04383658	T	GC10	Mφ_APOE	-1.7739253	-0.6422793
GC10T:AGCTCTCAGATCCTGT	GC10T	3601.0	1107	0.019994445	T	GC10	Mφ_THBS1	-2.570871	-6.774364
GC10T:AGCTCTCAGCGTTTAC	GC10T	12539.0	2585	0.04210862	T	GC10	Mφ_THBS1	-1.7542006	-3.6488838
GC10T:AGCTCTCAGTCCAGGA	GC10T	7531.0	1936	0.035055105	T	GC10	Mφ_THBS1	-0.16159181	-7.903749
GC10T:AGCTCTCCATACGCCG	GC10T	13502.0	2930	0.043771293	T	GC10	cDC2_CD1C	1.0560142	-1.9321457
GC10T:AGCTCTCGTGCACTTA	GC10T	2911.0	969	0.04809344	T	GC10	Mφ_THBS1	-2.3492599	-5.4421954
GC10T:AGCTTGAAGGATGTAT	GC10T	18885.0	3271	0.034048185	T	GC10	Mφ_THBS1	-1.9948233	-3.2085612
GC10T:AGCTTGAAGTACACCT	GC10T	5949.0	2409	0.068919145	T	GC10	Mφ_APOE	-1.9837657	0.7667051
GC10T:AGCTTGATCCGTAGGC	GC10T	7907.0	1946	0.038446944	T	GC10	Mφ_THBS1	-1.2625033	-4.7100477
GC10T:AGGCCACAGATATACG	GC10T	2621.0	1105	0.033956505	T	GC10	Mφ_THBS1	-1.8146645	-5.188976
GC10T:AGGCCACCAAGACACG	GC10T	24705.0	3793	0.030236794	T	GC10	Mφ_APOE	-4.00049	-0.03232106
GC10T:AGGCCGTGTGTCAATC	GC10T	10457.0	2577	0.04465908	T	GC10	Mφ_APOE	-3.33942	0.14034559
GC10T:AGGGATGAGTGAAGTT	GC10T	13521.0	2749	0.08209452	T	GC10	Mφ_APOE	-2.3354192	-1.4312172
GC10T:AGGGTGAGTGACGGTA	GC10T	8247.0	2021	0.05832424	T	GC10	Mφ_THBS1	-2.3763554	-4.046161
GC10T:AGGTCATTCTGGTGTA	GC10T	3665.0	1273	0.02346521	T	GC10	Mφ_THBS1	-1.1238548	-7.1271877
GC10T:AGGTCCGCACTGTCGG	GC10T	4965.0	1669	0.086203426	T	GC10	Mφ_THBS1	-1.9742566	-5.7704573
GC10T:AGGTCCGCAGCCTTGG	GC10T	3603.0	1385	0.028032195	T	GC10	DC_LAMP3	4.571789	-0.66968125
GC10T:AGGTCCGTCACCGTAA	GC10T	16393.0	3034	0.05380345	T	GC10	Mφ_APOE	-3.714092	0.40404472
GC10T:AGTCTTTCACGGTTTA	GC10T	11895.0	2740	0.056662463	T	GC10	Mφ_APOE	-1.3651246	-1.7926338
GC10T:AGTCTTTCATTTCACT	GC10T	11686.0	2737	0.077186376	T	GC10	Mφ_THBS1	0.54206437	-2.9489768
GC10T:AGTGAGGCACATTAGC	GC10T	5341.0	1892	0.030518629	T	GC10	pDC_LILRA4	4.8505354	3.011019
GC10T:AGTGAGGCAGTATGCT	GC10T	11203.0	2453	0.0434705	T	GC10	Mφ_THBS1	-2.6871982	-4.9679
GC10T:AGTGGGAGTCACAAGG	GC10T	12907.0	2720	0.03672426	T	GC10	cDC1_XCR1	1.0700524	2.756534
GC10T:AGTGGGAGTGTGAAAT	GC10T	23104.0	3705	0.040382616	T	GC10	Mφ_APOE	-3.6846335	-1.1798172
GC10T:AGTGTCATCCAAAGTC	GC10T	14949.0	2876	0.044417687	T	GC10	Mφ_APOE	-3.4748788	0.7269767
GC10T:AGTGTCATCTTGCAAG	GC10T	19699.0	3893	0.046499822	T	GC10	cDC2_CD1C	-0.4890527	-2.0647042
GC10T:AGTTGGTCAAACTGCT	GC10T	8009.0	1765	0.028093396	T	GC10	Mφ_THBS1	-2.2889805	-6.9466963
GC10T:ATAACGCTCAATCTCT	GC10T	13139.0	3240	0.035999697	T	GC10	Mφ_APOE	-3.5254717	-1.6875423
GC10T:ATAACGCTCGAGAACG	GC10T	9595.0	2307	0.03501824	T	GC10	Mφ_APOE	-2.9567525	-0.0012385866
GC10T:ATAACGCTCTTGAGGT	GC10T	14569.0	3391	0.03644725	T	GC10	cDC2_CD1C	0.70044744	-0.41200748
GC10T:ATAAGAGGTTCTCATT	GC10T	12065.0	2678	0.04732698	T	GC10	Mφ_APOE	-1.8024957	-0.33106798
GC10T:ATAAGAGTCCAACCAA	GC10T	10873.0	2359	0.09325853	T	GC10	Mφ_APOE	-2.4700727	-0.5990033
GC10T:ATAGACCGTGACAAAT	GC10T	13046.0	2879	0.03863253	T	GC10	Mφ_THBS1	-1.2465878	-2.8530765
GC10T:ATCATCTTCAACACAC	GC10T	2515.0	1003	0.06998012	T	GC10	Mφ_APOE	-2.45008	0.155925
GC10T:ATCCACCAGCGCTCCA	GC10T	2363.0	833	0.04274228	T	GC10	Mφ_THBS1	-1.7862867	-5.8549137
GC10T:ATCCACCAGGAGTAGA	GC10T	8492.0	1866	0.046043336	T	GC10	Mφ_THBS1	-1.8950217	-5.5571346
GC10T:ATCCACCGTGACCAAG	GC10T	8309.0	2047	0.033457696	T	GC10	Mφ_THBS1	-2.7487268	-5.3797607
GC10T:ATCCGAAGTCACCCAG	GC10T	10758.0	2894	0.046755902	T	GC10	Mφ_APOE	-2.2463477	0.8057239
GC10T:ATCCGAAGTCACTTCC	GC10T	14149.0	2973	0.042547178	T	GC10	Mφ_APOE	-2.7242591	-0.4790605
GC10T:ATCCGAAGTCAGGACA	GC10T	16560.0	3210	0.032306764	T	GC10	Mφ_APOE	-3.0015318	0.31765965
GC10T:ATCGAGTGTGATGATA	GC10T	24691.0	3701	0.04017658	T	GC10	Mφ_APOE	-3.95644	-0.077959485
GC10T:ATCGAGTGTTGAGTTC	GC10T	3846.0	1150	0.027821112	T	GC10	Mφ_THBS1	0.6055438	-6.9678736
GC10T:ATCGAGTGTTTGACAC	GC10T	1130.0	562	0.046902657	T	GC10	pDC_LILRA4	3.7992997	1.643075
GC10T:ATCTACTAGCACGCCT	GC10T	4917.0	1415	0.0339638	T	GC10	Mφ_THBS1	-1.285934	-6.2100587
GC10T:ATCTACTAGCTAGTCT	GC10T	13537.0	2817	0.040112283	T	GC10	Mφ_APOE	-3.4767056	0.7038507
GC10T:ATCTGCCAGAGCTTCT	GC10T	6218.0	1815	0.028304921	T	GC10	Mφ_THBS1	-1.1299644	-4.343003
GC10T:ATCTGCCAGCTGTCTA	GC10T	7911.0	2170	0.03905954	T	GC10	Mφ_THBS1	-1.9960444	-4.4696617
GC10T:ATGAGGGAGAGACTAT	GC10T	3845.0	1344	0.04213264	T	GC10	Mφ_THBS1	-2.1218812	-4.4093456
GC10T:ATGAGGGCACCCATTC	GC10T	13817.0	2825	0.05681407	T	GC10	Mφ_APOE	-3.3512144	0.56378424
GC10T:ATGAGGGGTTACGTCA	GC10T	7495.0	1881	0.07271514	T	GC10	Mφ_THBS1	-1.6952798	-6.3307695
GC10T:ATGAGGGTCACCGGGT	GC10T	11907.0	2707	0.031746034	T	GC10	Mφ_APOE	-3.6615012	0.084071435
GC10T:ATGCGATCAGACGCTC	GC10T	19124.0	4038	0.05448651	T	GC10	Mφ_APOE	-0.28157726	0.22092356
GC10T:ATGCGATGTATCGCAT	GC10T	10779.0	2487	0.0449949	T	GC10	Mφ_APOE	-2.3538136	0.59286225
GC10T:ATGGGAGAGCTAGTCT	GC10T	4084.0	1241	0.046767876	T	GC10	Mφ_THBS1	-1.6270761	-6.4115543
GC10T:ATGTGTGTCATAAAGG	GC10T	10128.0	2418	0.03959321	T	GC10	Mφ_THBS1	-1.8406383	-6.3264713
GC10T:ATGTGTGTCGGTCCGA	GC10T	5718.0	1649	0.08551941	T	GC10	Mφ_APOE	-2.0768983	0.27467093
GC10T:ATTATCCAGTATGACA	GC10T	6608.0	1696	0.072790556	T	GC10	Mφ_THBS1	-2.8431585	-6.227122
GC10T:ATTATCCCAAAGTCAA	GC10T	15588.0	3016	0.0553631	T	GC10	Mφ_APOE	-3.8295062	-1.7555846
GC10T:ATTGGACCAGTCCTTC	GC10T	10719.0	2085	0.04440713	T	GC10	Mφ_THBS1	-1.5116379	-6.9899564
GC10T:ATTGGTGCAACTGGCC	GC10T	12381.0	2839	0.045795977	T	GC10	Mφ_APOE	-0.6164357	-2.820121
GC10T:ATTGGTGCAGGGTATG	GC10T	6929.0	2072	0.046904314	T	GC10	Mφ_THBS1	-2.2357662	-4.3559923
GC10T:ATTGGTGGTAGCGCTC	GC10T	6700.0	1855	0.05313433	T	GC10	Mφ_THBS1	-2.4434853	-4.7257557
GC10T:ATTGGTGTCAGATAAG	GC10T	2166.0	850	0.01800554	T	GC10	Mφ_THBS1	-0.58111984	-4.884117
GC10T:ATTGGTGTCCCATTTA	GC10T	5396.0	1538	0.040400296	T	GC10	Mφ_THBS1	-2.3227088	-4.2025905
GC10T:ATTTCTGCACAGAGGT	GC10T	9624.0	2319	0.035432253	T	GC10	Mφ_THBS1	-1.5320156	-4.519569
GC10T:ATTTCTGTCAGTTGAC	GC10T	25629.0	4315	0.044012643	T	GC10	Mφ_APOE	-3.0754647	-0.16554902
GC10T:CAACCAATCAGAAATG	GC10T	18449.0	3356	0.045530923	T	GC10	cDC2_CD1C	1.8968023	-1.5199621
GC10T:CAACCAATCGCTTAGA	GC10T	7693.0	1867	0.050825424	T	GC10	Mφ_THBS1	-1.7922473	-7.005092
GC10T:CAACCTCAGGCATGTG	GC10T	4960.0	1657	0.05080645	T	GC10	Mφ_APOE	-2.6401446	0.21158698
GC10T:CAACCTCCATTCGACA	GC10T	11974.0	2493	0.039752796	T	GC10	Mφ_THBS1	-1.1800191	-4.2960644
GC10T:CAACCTCTCAACGAAA	GC10T	32967.0	5147	0.033791367	T	GC10	cDC2_CD1C	0.19161186	0.30669323
GC10T:CAACTAGAGACGCAAC	GC10T	9388.0	2381	0.030570941	T	GC10	Mφ_THBS1	-0.6420993	-4.5381165
GC10T:CAACTAGCACAGCCCA	GC10T	6216.0	1780	0.058397684	T	GC10	Mφ_THBS1	-1.143582	-4.8814807
GC10T:CAAGAAAGTATAGGGC	GC10T	7338.0	2036	0.036385935	T	GC10	Mφ_THBS1	-0.15403223	-4.010108
GC10T:CAAGAAAGTCAGATAA	GC10T	10543.0	2103	0.03907806	T	GC10	DC_LAMP3	4.5308213	-0.26015076
GC10T:CAAGAAATCAAGAAGT	GC10T	6078.0	1926	0.050510038	T	GC10	pDC_LILRA4	4.717535	2.6850178
GC10T:CAAGATCAGCTTTGGT	GC10T	11211.0	2244	0.054143254	T	GC10	DC_LAMP3	4.8942366	-0.4891917
GC10T:CAAGTTGCAGGCGATA	GC10T	8087.0	2202	0.032892298	T	GC10	Mφ_APOE	-2.538044	0.87239766
GC10T:CACAAACAGTGGAGAA	GC10T	3731.0	1182	0.056821227	T	GC10	Mφ_THBS1	-2.6857018	-6.5306516
GC10T:CACAAACCACGACGAA	GC10T	22322.0	4089	0.05783532	T	GC10	Mφ_APOE	-3.1337638	-1.1545945
GC10T:CACACAAAGTTATCGC	GC10T	5403.0	1427	0.048861742	T	GC10	Mφ_THBS1	-1.3544925	-6.750657
GC10T:CACACAAGTTCGGGCT	GC10T	7315.0	1786	0.04456596	T	GC10	Mφ_THBS1	-1.5792543	-4.8767715
GC10T:CACACAATCGTCCGTT	GC10T	15615.0	3519	0.05251361	T	GC10	Mφ_THBS1	-1.1393821	-2.7239456
GC10T:CACACCTAGTACGCGA	GC10T	9726.0	2604	0.034649394	T	GC10	Mφ_THBS1	-1.1436002	-3.8953278
GC10T:CACACCTAGTCCAGGA	GC10T	5453.0	1783	0.053548504	T	GC10	Mφ_APOE	-2.9616776	0.2645596
GC10T:CACACCTCAAGGTTTC	GC10T	34218.0	5131	0.035682973	T	GC10	cDC2_CD1C	0.108264595	-0.5162588
GC10T:CACACCTCACAAGACG	GC10T	8766.0	2131	0.037645448	T	GC10	Mφ_THBS1	-1.8143101	-7.1954274
GC10T:CACACCTGTTTACTCT	GC10T	2694.0	1169	0.06718634	T	GC10	Mφ_APOE	-2.083498	0.34894952
GC10T:CACACTCAGATGCCAG	GC10T	17297.0	3203	0.023241024	T	GC10	cDC2_CD1C	1.6948391	-1.7594734
GC10T:CACACTCGTTCGTTGA	GC10T	18076.0	3237	0.03446559	T	GC10	Mφ_APOE	-3.2157474	0.32825533
GC10T:CACACTCTCGTACGGC	GC10T	2742.0	1010	0.02151714	T	GC10	Mφ_THBS1	-0.5474806	-6.848725
GC10T:CACATTTGTAAGGATT	GC10T	5223.0	1542	0.051885888	T	GC10	Mφ_THBS1	-1.3477806	-4.703618
GC10T:CACCACTTCCAACCAA	GC10T	24243.0	3846	0.03159675	T	GC10	Mφ_APOE	-3.9676435	-0.9958382
GC10T:CACCAGGCATACCATG	GC10T	24909.0	4005	0.037335902	T	GC10	Mφ_APOE	-4.110897	-0.21169639
GC10T:CACCAGGTCCCTCTTT	GC10T	5804.0	1816	0.039627843	T	GC10	Mφ_THBS1	-2.2896638	-6.939166
GC10T:CACCAGGTCGTCTGAA	GC10T	4209.0	1538	0.025421716	T	GC10	Mφ_APOE	-2.0963826	-2.116331
GC10T:CACCAGGTCTTTAGTC	GC10T	7228.0	2012	0.042750414	T	GC10	Mφ_THBS1	-1.4016972	-4.999596
GC10T:CACCTTGAGGAGCGTT	GC10T	3079.0	1050	0.025657682	T	GC10	Mφ_THBS1	-2.2459621	-5.9336157
GC10T:CACTCCAAGTGTCTCA	GC10T	8906.0	2378	0.04019762	T	GC10	Mφ_THBS1	-1.844258	-4.349352
GC10T:CACTCCACAGCTGGCT	GC10T	8573.0	2574	0.06905401	T	GC10	Mφ_THBS1	-2.292059	-4.235897
GC10T:CACTCCATCCCACTTG	GC10T	16586.0	3398	0.03937055	T	GC10	Mφ_APOE	-3.0666766	-0.09275911
GC10T:CAGAATCAGATCGATA	GC10T	22995.0	3948	0.038921505	T	GC10	Mφ_APOE	-3.7754152	-0.37706095
GC10T:CAGAATCGTTGAGGTG	GC10T	5217.0	1442	0.094690435	T	GC10	Mφ_APOE	-2.943551	-0.8278364
GC10T:CAGAGAGGTACAGTGG	GC10T	6519.0	1759	0.04249118	T	GC10	Mφ_THBS1	-2.758058	-5.5371914
GC10T:CAGAGAGGTGGCTCCA	GC10T	11444.0	2607	0.04246767	T	GC10	Mφ_THBS1	-1.6733991	-3.5472867
GC10T:CAGATCAAGGAATTAC	GC10T	9492.0	1943	0.07364096	T	GC10	cDC2_CD1C	1.8367534	-2.5863364
GC10T:CAGATCACAAACGTGG	GC10T	7956.0	2423	0.06611363	T	GC10	Mφ_APOE	-2.1834788	0.4791603
GC10T:CAGATCATCACTTCAT	GC10T	8828.0	2052	0.026959674	T	GC10	Mφ_THBS1	-0.12983035	-4.6686015
GC10T:CAGCATAAGTGGAGAA	GC10T	20878.0	3904	0.031708017	T	GC10	Mφ_APOE	-3.905035	-0.985641
GC10T:CAGCATACAATGGACG	GC10T	6969.0	2111	0.05122686	T	GC10	Mφ_APOE	-1.8774387	0.4167756
GC10T:CAGCATAGTGAGGGAG	GC10T	11637.0	2574	0.029131219	T	GC10	Mφ_APOE	-3.2850473	-2.3244066
GC10T:CAGCATATCTAACCGA	GC10T	22259.0	3740	0.03180736	T	GC10	cDC2_CD1C	1.5527289	-1.3318769
GC10T:CAGCCGAAGATGTTAG	GC10T	16639.0	3297	0.0516858	T	GC10	Mφ_APOE	-2.9408	1.0459517
GC10T:CAGCCGACAATAAGCA	GC10T	28970.0	4402	0.054021403	T	GC10	Mφ_APOE	-3.0109112	-0.48518643
GC10T:CAGCGACGTCTCACCT	GC10T	6439.0	2038	0.035409223	T	GC10	Mφ_THBS1	-0.9635812	-3.536266
GC10T:CAGCGACTCCCGGATG	GC10T	7306.0	1844	0.031891596	T	GC10	Mφ_THBS1	-1.7569014	-6.5844154
GC10T:CAGCTAACACGCTTTC	GC10T	9415.0	2286	0.037599575	T	GC10	Mφ_THBS1	-1.8830538	-3.8767352
GC10T:CAGCTGGTCCTGCCAT	GC10T	11745.0	2690	0.043167304	T	GC10	Mφ_APOE	-0.27083758	-1.1994723
GC10T:CAGGTGCAGTTCGATC	GC10T	13453.0	2784	0.054634653	T	GC10	Mφ_APOE	-3.5796142	0.23667549
GC10T:CAGGTGCGTTAAGATG	GC10T	2786.0	989	0.054558508	T	GC10	Mφ_THBS1	-0.1932044	-5.7111983
GC10T:CAGTAACTCGGAGCAA	GC10T	9082.0	2357	0.048557587	T	GC10	Mφ_THBS1	-0.7121627	-3.7221012
GC10T:CAGTCCTGTCTCAACA	GC10T	19419.0	3419	0.0331119	T	GC10	Mφ_APOE	-1.5221032	-2.0238986
GC10T:CATATTCCAGGCTGAA	GC10T	10201.0	2673	0.058719732	T	GC10	Mφ_THBS1	-2.0265713	-4.105202
GC10T:CATCAAGTCCACGAAT	GC10T	5616.0	1657	0.046296295	T	GC10	Mφ_THBS1	-1.3941398	-6.864722
GC10T:CATCAGATCCAAATGC	GC10T	2574.0	949	0.04817405	T	GC10	Mφ_THBS1	-1.5753847	-5.432506
GC10T:CATCCACAGCTATGCT	GC10T	13563.0	2946	0.03767603	T	GC10	Mφ_THBS1	-1.7214053	-3.6056263
GC10T:CATCCACAGTCCGGTC	GC10T	3152.0	1225	0.042195432	T	GC10	Mφ_THBS1	-0.506167	-6.1931314
GC10T:CATCCACGTAGCTGCC	GC10T	6489.0	1793	0.07967329	T	GC10	Mφ_APOE	-2.1086755	1.1773521
GC10T:CATCCACGTTACTGAC	GC10T	9337.0	2298	0.036628466	T	GC10	Mφ_THBS1	-2.0709589	-4.789857
GC10T:CATCGAAGTCTGATTG	GC10T	14273.0	3002	0.04638128	T	GC10	Mφ_APOE	-1.4117992	-2.7010336
GC10T:CATCGGGCAATCGAAA	GC10T	14431.0	2822	0.0629201	T	GC10	cDC2_CD1C	1.7697511	-1.9607584
GC10T:CATCGGGCACGCGAAA	GC10T	16490.0	2712	0.05773196	T	GC10	cDC1_XCR1	1.2955647	2.8023462
GC10T:CATGACAAGGCGTACA	GC10T	35293.0	4734	0.04386139	T	GC10	Mφ_APOE	-3.872271	-1.3804718
GC10T:CATGACATCATAAAGG	GC10T	12234.0	2738	0.040134054	T	GC10	Mφ_THBS1	-2.1777759	-4.421801
GC10T:CATGCCTAGATCCCAT	GC10T	7042.0	1988	0.028685033	T	GC10	Mφ_THBS1	-2.1887174	-4.583712
GC10T:CATGGCGAGCCAGTAG	GC10T	2801.0	945	0.0324884	T	GC10	Mφ_THBS1	-2.1755397	-6.980432
GC10T:CATGGCGCAAGGTTTC	GC10T	11930.0	2798	0.049455155	T	GC10	Mφ_THBS1	-1.9915366	-3.4600255
GC10T:CATGGCGTCAGGCCCA	GC10T	4947.0	1310	0.039013542	T	GC10	Mφ_THBS1	-1.9008508	-6.717222
GC10T:CATTCGCAGCTAAGAT	GC10T	10457.0	2760	0.04800612	T	GC10	Mφ_APOE	-2.0824695	-0.40824527
GC10T:CATTCGCAGGAGTTTA	GC10T	10912.0	2758	0.044813048	T	GC10	Mφ_THBS1	-0.8544208	-3.6392472
GC10T:CCACCTACAAAGTGCG	GC10T	8104.0	2057	0.031959526	T	GC10	Mφ_THBS1	-1.4141991	-4.5514965
GC10T:CCACGGAGTCGAGTTT	GC10T	10743.0	2396	0.040212233	T	GC10	Mφ_APOE	-2.1934414	-2.5315464
GC10T:CCACTACAGATGTAAC	GC10T	17872.0	3822	0.051868845	T	GC10	Mφ_APOE	-3.585089	-0.6795141
GC10T:CCACTACAGGGCACTA	GC10T	6885.0	1822	0.024836602	T	GC10	Mφ_THBS1	-1.7927728	-5.8281965
GC10T:CCACTACGTTCAACCA	GC10T	13516.0	2823	0.036771234	T	GC10	Mφ_THBS1	-1.6331353	-3.1135097
GC10T:CCACTACTCCTCATTA	GC10T	11637.0	2666	0.025693906	T	GC10	Mφ_APOE	-2.5249736	0.23199627
GC10T:CCAGCGAAGGCCCGTT	GC10T	11766.0	2828	0.038585756	T	GC10	Mφ_APOE	-2.744175	-0.4580397
GC10T:CCAGCGACAATAACGA	GC10T	6850.0	1925	0.052846715	T	GC10	Mφ_APOE	-1.8522265	0.82167304
GC10T:CCAGCGAGTGCATCTA	GC10T	11974.0	2591	0.0695674	T	GC10	Mφ_THBS1	-0.7106144	-4.1317315
GC10T:CCATGTCGTAGCGCAA	GC10T	10907.0	2447	0.038232327	T	GC10	Mφ_THBS1	-2.1914337	-7.146989
GC10T:CCATGTCTCCGTCAAA	GC10T	7552.0	1667	0.03350106	T	GC10	Mφ_THBS1	-1.9606996	-6.3175526
GC10T:CCCAATCAGAGATGAG	GC10T	3578.0	994	0.05897149	T	GC10	Mφ_THBS1	-0.4874666	-4.940891
GC10T:CCCAATCCAATCGGTT	GC10T	17497.0	3466	0.044007543	T	GC10	Mφ_APOE	-2.7455935	0.043506283
GC10T:CCCAATCGTAGTAGTA	GC10T	3116.0	1217	0.05263158	T	GC10	Mφ_THBS1	-2.1090064	-5.2491612
GC10T:CCCAGTTGTCTTGCGG	GC10T	13876.0	2722	0.036609974	T	GC10	Mφ_APOE	-2.6379483	0.27852595
GC10T:CCCAGTTGTTCGCTAA	GC10T	6957.0	1907	0.040534712	T	GC10	Mφ_THBS1	-0.8671631	-4.2802176
GC10T:CCCAGTTTCTGACCTC	GC10T	9626.0	2290	0.032827757	T	GC10	Mφ_APOE	-1.5537285	-0.37010866
GC10T:CCCATACAGCGATTCT	GC10T	1467.0	542	0.044989776	T	GC10	Mφ_APOE	-1.4219319	-1.3976628
GC10T:CCGGGATGTCAACATC	GC10T	12290.0	2919	0.04979658	T	GC10	Mφ_APOE	-3.0816245	-0.510691
GC10T:CCGGTAGTCAATCACG	GC10T	9044.0	2346	0.05738611	T	GC10	Mφ_APOE	-2.0176444	-0.9100084
GC10T:CCGTACTCACAAGCCC	GC10T	4769.0	1455	0.08303627	T	GC10	Mφ_THBS1	-1.6567372	-5.4039507
GC10T:CCGTACTTCATCATTC	GC10T	12224.0	3021	0.07436191	T	GC10	Mφ_APOE	-2.6457415	1.1359662
GC10T:CCGTGGACACAGATTC	GC10T	6021.0	1627	0.052482978	T	GC10	Mφ_APOE	-2.6755564	-0.93584937
GC10T:CCGTGGAGTAGCTCCG	GC10T	14837.0	3099	0.058367595	T	GC10	cDC2_CD1C	-0.1588432	-2.552594
GC10T:CCGTGGATCTTCAACT	GC10T	2673.0	1091	0.04264871	T	GC10	Mφ_THBS1	-0.6378042	-7.0965447
GC10T:CCTAAAGAGAGTACAT	GC10T	7989.0	2587	0.02553511	T	GC10	pDC_LILRA4	4.7387815	3.06757
GC10T:CCTAAAGCACTATCTT	GC10T	4894.0	1478	0.05659992	T	GC10	Mφ_THBS1	-2.570779	-7.017448
GC10T:CCTAAAGGTGTTCGAT	GC10T	6504.0	1717	0.046432965	T	GC10	Mφ_THBS1	-2.2897942	-6.052819
GC10T:CCTAAAGTCATTGCGA	GC10T	7569.0	2019	0.045184303	T	GC10	Mφ_THBS1	-2.0013525	-4.7466393
GC10T:CCTACCATCTTACCGC	GC10T	2083.0	867	0.006721075	T	GC10	Mφ_APOE	-1.4262657	-1.3252127
GC10T:CCTAGCTCACGTCTCT	GC10T	11197.0	2608	0.04135036	T	GC10	Mφ_APOE	-2.8935845	0.5234912
GC10T:CCTCAGTCAATGGATA	GC10T	9219.0	2554	0.024948476	T	GC10	Mφ_THBS1	-1.1639559	-4.2357793
GC10T:CCTCAGTCATCGATGT	GC10T	8473.0	2067	0.030921752	T	GC10	Mφ_APOE	-2.7404628	-1.1238497
GC10T:CCTCAGTTCGGAAACG	GC10T	4724.0	1622	0.053344622	T	GC10	Mφ_APOE	-1.9277036	1.136907
GC10T:CCTCAGTTCGTGGTCG	GC10T	7900.0	1833	0.021518987	T	GC10	Mφ_THBS1	-2.5598853	-6.735267
GC10T:CCTTACGAGGACCACA	GC10T	56901.0	6223	0.038382452	T	GC10	Mφ_APOE	-3.5664454	-1.6614844
GC10T:CCTTACGCAATGGATA	GC10T	5383.0	1564	0.031952444	T	GC10	Mφ_THBS1	-2.3164089	-6.3456173
GC10T:CCTTACGGTTGTCTTT	GC10T	19535.0	3412	0.059431788	T	GC10	Mφ_APOE	-1.425527	-1.6640443
GC10T:CCTTACGTCAGCTCGG	GC10T	18322.0	3545	0.03929702	T	GC10	Mφ_APOE	-1.5968448	-1.9390842
GC10T:CCTTCCCAGAAGGCCT	GC10T	16604.0	2739	0.044688027	T	GC10	DC_LAMP3	3.4398065	-1.0054692
GC10T:CCTTCGATCTTGAGAC	GC10T	5006.0	928	0.07530963	T	GC10	Mφ_APOE	-3.3962026	-0.8974378
GC10T:CCTTTCTCAGGGCATA	GC10T	16556.0	3282	0.049045663	T	GC10	Mφ_APOE	-3.337156	0.38897118
GC10T:CCTTTCTGTAAAGGAG	GC10T	4982.0	1638	0.03693296	T	GC10	Mφ_THBS1	0.38582712	-7.4439583
GC10T:CCTTTCTGTTGACGTT	GC10T	12805.0	2775	0.065599374	T	GC10	cDC2_CD1C	1.0819486	-1.8307142
GC10T:CGAACATAGAGCTGGT	GC10T	5377.0	1684	0.019155663	T	GC10	Mφ_THBS1	-2.5607133	-4.534344
GC10T:CGAACATAGATAGGAG	GC10T	8212.0	2063	0.044934243	T	GC10	Mφ_THBS1	-2.267248	-3.505771
GC10T:CGAACATTCTTACCTA	GC10T	9869.0	2592	0.041848212	T	GC10	Mφ_THBS1	-0.13582838	-3.5449517
GC10T:CGAATGTGTGGTTTCA	GC10T	5568.0	1603	0.034303162	T	GC10	Mφ_THBS1	-0.8260954	-4.9491954
GC10T:CGAATGTTCTCTGCTG	GC10T	8755.0	2140	0.032552827	T	GC10	Mφ_APOE	-2.7171454	0.23058896
GC10T:CGACTTCCAATGTTGC	GC10T	22998.0	3857	0.0353509	T	GC10	Mφ_APOE	-3.4092515	-0.7275333
GC10T:CGAGAAGGTGAGGCTA	GC10T	11946.0	2785	0.046961326	T	GC10	Mφ_APOE	-2.1876256	-0.52823853
GC10T:CGAGCACAGGAGTTTA	GC10T	9014.0	1995	0.057798978	T	GC10	Mφ_THBS1	-2.2987275	-5.0477014
GC10T:CGAGCACCAATGCCAT	GC10T	14621.0	2925	0.03453936	T	GC10	cDC2_CD1C	1.6609423	-1.7915211
GC10T:CGAGCCACATGCCACG	GC10T	9669.0	2308	0.04157617	T	GC10	Mφ_THBS1	-2.1771808	-3.9854085
GC10T:CGATCGGAGAGGTACC	GC10T	6101.0	1817	0.034584496	T	GC10	Mφ_THBS1	-1.6872345	-3.979205
GC10T:CGATCGGAGTCCGTAT	GC10T	20558.0	3668	0.04382722	T	GC10	Mφ_APOE	-2.0047338	-0.83399844
GC10T:CGATCGGCAGGCGATA	GC10T	13547.0	2823	0.048424006	T	GC10	cDC2_CD1C	1.675341	-1.5860541
GC10T:CGATCGGTCTAGAGTC	GC10T	6699.0	1948	0.03552769	T	GC10	Mono_FCGR3A	6.0656886	-3.1007822
GC10T:CGATGGCAGCAACGGT	GC10T	17876.0	3321	0.03429179	T	GC10	Mφ_THBS1	-1.7143286	-3.1516633
GC10T:CGATGGCCAGACGCCT	GC10T	14925.0	3030	0.029145729	T	GC10	cDC2_CD1C	1.2543027	-1.5032327
GC10T:CGATGTAGTGACGGTA	GC10T	18725.0	3717	0.04176235	T	GC10	Mφ_APOE	-3.0782347	-0.4248277
GC10T:CGATGTATCAAGGCTT	GC10T	6855.0	1762	0.049452953	T	GC10	Mφ_THBS1	-1.7173712	-6.8278813
GC10T:CGATTGACATAAAGGT	GC10T	16924.0	3137	0.057374142	T	GC10	Mφ_APOE	-3.7198522	0.07337492
GC10T:CGATTGACATTGGGCC	GC10T	2343.0	828	0.043960735	T	GC10	Mφ_THBS1	-2.4610496	-6.071423
GC10T:CGATTGAGTCACACGC	GC10T	9245.0	2223	0.028988643	T	GC10	DC_LAMP3	4.7113013	-0.9514041
GC10T:CGATTGAGTGTCCTCT	GC10T	15597.0	2979	0.06597423	T	GC10	Mφ_APOE	-3.2549052	-0.107271165
GC10T:CGATTGATCACATAGC	GC10T	2292.0	961	0.020506108	T	GC10	Mφ_THBS1	-1.9641627	-6.4500704
GC10T:CGCCAAGAGCCCTAAT	GC10T	7158.0	2095	0.04484493	T	GC10	Mφ_THBS1	-0.8132757	-3.3291843
GC10T:CGCCAAGCAGCTGGCT	GC10T	12998.0	3483	0.04146792	T	GC10	pDC_LILRA4	4.822429	3.1541877
GC10T:CGCCAAGTCTGATACG	GC10T	19001.0	3270	0.043576654	T	GC10	cDC2_CD1C	2.5919569	-0.8865075
GC10T:CGCGTTTAGCTGAACG	GC10T	8849.0	2116	0.054695446	T	GC10	Mφ_THBS1	-1.1496837	-3.6994736
GC10T:CGCTATCGTCTCTTTA	GC10T	15687.0	3035	0.029451137	T	GC10	Mφ_APOE	0.5776992	-1.4317012
GC10T:CGCTGGACAACTGCTA	GC10T	9762.0	2971	0.015980331	T	GC10	pDC_LILRA4	4.2462587	3.51641
GC10T:CGCTGGACAGACAGGT	GC10T	14598.0	2810	0.048842307	T	GC10	Mφ_APOE	-1.9119005	-1.3405879
GC10T:CGCTGGATCTGATTCT	GC10T	21835.0	3609	0.03883673	T	GC10	Mφ_APOE	-3.5356073	-0.08519045
GC10T:CGCTTCAGTGGGTCAA	GC10T	18452.0	3311	0.028831564	T	GC10	cDC2_CD1C	2.275526	-1.1474872
GC10T:CGCTTCATCCGTAGGC	GC10T	14367.0	3250	0.03361871	T	GC10	Mφ_APOE	-2.9472659	-0.9734868
GC10T:CGGACACAGAAACCAT	GC10T	8919.0	2235	0.07085996	T	GC10	Mφ_THBS1	-2.5548513	-5.4205832
GC10T:CGGACGTCAGGCTCAC	GC10T	17622.0	3476	0.041198503	T	GC10	Mφ_APOE	-3.5812795	-1.6636374
GC10T:CGGACTGCAGGTCTCG	GC10T	15278.0	3164	0.032399528	T	GC10	Mφ_APOE	-0.76280034	-0.6137494
GC10T:CGGAGTCGTAAGGGAA	GC10T	7798.0	2162	0.026032316	T	GC10	Mφ_THBS1	-1.6944144	-4.2885675
GC10T:CGGCTAGTCCAGAGGA	GC10T	13081.0	3096	0.043880437	T	GC10	Mφ_THBS1	-1.1831814	-2.8309944
GC10T:CGGGTCAAGCAGGCTA	GC10T	27773.0	4490	0.032009505	T	GC10	Mφ_APOE	-2.012832	-1.1582788
GC10T:CGGGTCATCGGAAACG	GC10T	4863.0	1548	0.04174378	T	GC10	Mφ_THBS1	-2.45013	-6.4318104
GC10T:CGGTTAACAAAGAATC	GC10T	12829.0	2801	0.049653128	T	GC10	Mφ_APOE	-3.3552878	0.48027536
GC10T:CGGTTAACAGCTCGCA	GC10T	5983.0	1693	0.03827511	T	GC10	Mφ_THBS1	-2.4326015	-6.924102
GC10T:CGGTTAACATGCCACG	GC10T	16300.0	3369	0.03957055	T	GC10	Mφ_APOE	-2.3229122	-2.5471394
GC10T:CGGTTAAGTACAGCAG	GC10T	17037.0	3482	0.047895756	T	GC10	Mφ_APOE	-3.8512363	-0.36240065
GC10T:CGGTTAAGTGCAGGTA	GC10T	8749.0	2424	0.027660305	T	GC10	pDC_LILRA4	4.62489	3.0721357
GC10T:CGGTTAATCAACACCA	GC10T	10702.0	2423	0.05270043	T	GC10	Mφ_THBS1	-1.4621425	-4.2783275
GC10T:CGTAGCGGTTCAGGCC	GC10T	2016.0	776	0.04761905	T	GC10	Mφ_THBS1	-0.5574415	-6.407517
GC10T:CGTAGCGTCCAGAGGA	GC10T	13995.0	2855	0.03808503	T	GC10	Mφ_THBS1	-2.056516	-3.1923883
GC10T:CGTAGGCAGCCAACAG	GC10T	8702.0	2232	0.051022753	T	GC10	Mφ_THBS1	-2.465002	-4.0418878
GC10T:CGTAGGCCAGACAAAT	GC10T	6265.0	2075	0.079648845	T	GC10	Mφ_APOE	-2.269219	0.58885294
GC10T:CGTCACTAGCCAACAG	GC10T	15609.0	3308	0.037478376	T	GC10	cDC2_CD1C	-0.027220832	-2.2530324
GC10T:CGTCACTGTTCCCGAG	GC10T	7839.0	1891	0.03240209	T	GC10	cDC2_CD1C	2.575272	-3.091474
GC10T:CGTCAGGCAGGCGATA	GC10T	6819.0	2284	0.041648336	T	GC10	cDC2_CD1C	1.6668919	0.088305965
GC10T:CGTCCATCAAACGTGG	GC10T	20207.0	4131	0.031870145	T	GC10	Mφ_APOE	-3.578793	0.119685926
GC10T:CGTCCATCAGGACCCT	GC10T	2529.0	863	0.056148674	T	GC10	Mφ_APOE	-0.04773859	-2.3699143
GC10T:CGTCCATTCAAACAAG	GC10T	11471.0	2487	0.0530904	T	GC10	Mφ_APOE	-3.3029478	0.70100695
GC10T:CGTCTACAGACTGGGT	GC10T	5064.0	1457	0.033372827	T	GC10	Mφ_THBS1	-2.4184961	-7.029731
GC10T:CGTCTACCAAGTCTAC	GC10T	13369.0	2985	0.04106515	T	GC10	cDC2_CD1C	1.2691998	-1.7762319
GC10T:CGTCTACGTGCCTGCA	GC10T	8586.0	2077	0.056720242	T	GC10	Mφ_THBS1	-2.0371475	-5.252553
GC10T:CGTGAGCAGAGGACGG	GC10T	2239.0	899	0.0	T	GC10	Mφ_APOE	-0.8043919	-1.8058094
GC10T:CGTGAGCCAGCAGTTT	GC10T	11339.0	2691	0.04656495	T	GC10	Mφ_THBS1	-1.3887832	-4.1950073
GC10T:CGTGTAAAGTCCATAC	GC10T	11341.0	2724	0.03121418	T	GC10	Mφ_APOE	-3.4067006	0.23796076
GC10T:CGTTAGACAACACGCC	GC10T	13221.0	3002	0.06633386	T	GC10	Mφ_APOE	-2.5938995	0.50456595
GC10T:CGTTAGACAGGATCGA	GC10T	5226.0	1593	0.061806355	T	GC10	Mφ_THBS1	-2.6663656	-5.447479
GC10T:CGTTAGAGTATCAGTC	GC10T	8384.0	2087	0.06560115	T	GC10	Mφ_THBS1	-2.451992	-5.4130898
GC10T:CGTTAGAGTGATAAGT	GC10T	20657.0	3651	0.04860338	T	GC10	Mφ_APOE	-2.919254	-1.9956294
GC10T:CGTTAGATCATATCGG	GC10T	8993.0	2349	0.026131436	T	GC10	Mφ_APOE	-2.4959543	-0.22040045
GC10T:CGTTGGGAGCCGTCGT	GC10T	5514.0	1778	0.025571274	T	GC10	pDC_LILRA4	3.6878095	1.0555903
GC10T:CTAATGGAGCCACTAT	GC10T	11959.0	3030	0.021908186	T	GC10	Mφ_APOE	-2.0575569	0.3885105
GC10T:CTAATGGAGTACATGA	GC10T	13217.0	2737	0.054853596	T	GC10	Mφ_THBS1	-2.0915372	-4.581381
GC10T:CTACACCTCGGTCCGA	GC10T	11100.0	2314	0.032162163	T	GC10	Mφ_THBS1	-1.5531093	-4.460786
GC10T:CTACATTGTAGGACAC	GC10T	18995.0	3897	0.04011582	T	GC10	Mφ_APOE	-2.8549757	-0.7647235
GC10T:CTACCCAAGAGCAATT	GC10T	6724.0	2332	0.07019631	T	GC10	Mφ_THBS1	-0.99104166	-2.6821933
GC10T:CTACCCATCGCCAAAT	GC10T	7154.0	1801	0.052977357	T	GC10	Mφ_THBS1	-2.7347746	-6.696245
GC10T:CTAGAGTTCGTGACAT	GC10T	9742.0	2176	0.034489837	T	GC10	cDC2_CD1C	1.3613386	-1.5347334
GC10T:CTAGTGAAGCCTTGAT	GC10T	10456.0	2636	0.045237184	T	GC10	Mφ_APOE	-2.0200627	-0.8771889
GC10T:CTAGTGAAGGAGTTGC	GC10T	6240.0	1850	0.04375	T	GC10	Mφ_THBS1	-0.8495516	-4.3707957
GC10T:CTAGTGAAGTAGGTGC	GC10T	2558.0	985	0.032447223	T	GC10	Mφ_THBS1	-2.212469	-5.4254165
GC10T:CTAGTGATCTGTTTGT	GC10T	17680.0	3281	0.039649323	T	GC10	Mφ_APOE	-3.0179408	-2.1807384
GC10T:CTCACACGTCAATACC	GC10T	6840.0	2146	0.06125731	T	GC10	Mono_CD14	3.1783667	-5.851497
GC10T:CTCACACTCCAACCAA	GC10T	12265.0	2596	0.030819405	T	GC10	cDC2_CD1C	2.1188254	-1.5639373
GC10T:CTCAGAACAAACGCGA	GC10T	5797.0	1756	0.08625151	T	GC10	Mφ_APOE	-3.4624698	-0.72607905
GC10T:CTCCTAGCAAGGTGTG	GC10T	5063.0	1748	0.029429192	T	GC10	Mφ_THBS1	-2.1940315	-4.585733
GC10T:CTCGAAAAGATAGGAG	GC10T	16833.0	3103	0.033743244	T	GC10	Mφ_APOE	-2.6495223	0.1858182
GC10T:CTCGAAACATTTGCCC	GC10T	13164.0	3235	0.040793072	T	GC10	pDC_LILRA4	3.9035463	2.1925628
GC10T:CTCGAAAGTAGTGAAT	GC10T	9357.0	2313	0.05845891	T	GC10	Mφ_THBS1	-0.9566056	-5.422614
GC10T:CTCGAAATCAGTACGT	GC10T	4725.0	1454	0.052910052	T	GC10	Mφ_THBS1	-0.34330425	-7.5569835
GC10T:CTCGAGGCACTTAACG	GC10T	11333.0	2674	0.02461837	T	GC10	Mφ_APOE	-2.3687153	0.04312782
GC10T:CTCGGAGTCCGTAGTA	GC10T	13200.0	2813	0.0375	T	GC10	Mφ_APOE	-3.3390086	0.5143105
GC10T:CTCGGGATCAGTTAGC	GC10T	7906.0	2189	0.057930686	T	GC10	Mφ_THBS1	-1.8816123	-4.0646396
GC10T:CTCGTACAGAGGTAGA	GC10T	20458.0	3210	0.040375404	T	GC10	Mφ_APOE	-3.8142624	0.41633707
GC10T:CTCGTACTCATCGCTC	GC10T	7466.0	1774	0.03777123	T	GC10	Mφ_THBS1	-2.6013424	-5.34118
GC10T:CTCGTACTCATTATCC	GC10T	5964.0	1787	0.0417505	T	GC10	Mφ_THBS1	-2.1654055	-5.279743
GC10T:CTCGTACTCCATGAGT	GC10T	9533.0	2627	0.041330118	T	GC10	pDC_LILRA4	3.788198	1.0103153
GC10T:CTCGTACTCTGCTTGC	GC10T	23981.0	3816	0.028397482	T	GC10	Mφ_APOE	-3.9917095	-0.13427107
GC10T:CTCGTCAGTGTGAAAT	GC10T	11373.0	2451	0.035610657	T	GC10	Mφ_THBS1	-1.3269347	-6.5404882
GC10T:CTCTAATCACTGAAGG	GC10T	20266.0	4608	0.036218297	T	GC10	Mφ_THBS1	-0.9349817	-3.1937933
GC10T:CTCTACGAGCAGGCTA	GC10T	13247.0	2712	0.038197327	T	GC10	DC_LAMP3	4.8876643	-0.3597184
GC10T:CTCTACGAGGGCTCTC	GC10T	6028.0	1703	0.075149305	T	GC10	Mφ_THBS1	-2.6095202	-5.797255
GC10T:CTCTACGCACCCATGG	GC10T	9102.0	1928	0.052625798	T	GC10	Mφ_THBS1	0.16178615	-6.8447824
GC10T:CTCTGGTAGTCGCCGT	GC10T	5322.0	1535	0.031379182	T	GC10	Mφ_THBS1	-2.0406277	-6.430416
GC10T:CTCTGGTCACTTCTGC	GC10T	12795.0	2523	0.044079717	T	GC10	Mφ_APOE	-2.5722084	0.16192953
GC10T:CTGAAACCAGGGTATG	GC10T	13615.0	2814	0.039001103	T	GC10	cDC2_CD1C	-0.72729504	-2.6118152
GC10T:CTGAAACTCACCATAG	GC10T	4058.0	1202	0.045835387	T	GC10	Mφ_THBS1	-1.0011864	-4.18542
GC10T:CTGAAGTAGGAGCGAG	GC10T	6818.0	1808	0.054854795	T	GC10	Mφ_THBS1	-1.9625503	-4.841979
GC10T:CTGAAGTAGGAGTCTG	GC10T	4540.0	1431	0.046255507	T	GC10	Mφ_APOE	-2.1322107	0.27359107
GC10T:CTGATAGGTGATGATA	GC10T	24121.0	4205	0.049997926	T	GC10	Mφ_APOE	-1.5133532	-2.0173028
GC10T:CTGATCCAGAATGTGT	GC10T	2544.0	1030	0.025550315	T	GC10	Mφ_THBS1	-0.69923913	-4.7550874
GC10T:CTGATCCAGCGGATCA	GC10T	5748.0	1898	0.034098815	T	GC10	pDC_LILRA4	4.783875	3.1545122
GC10T:CTGCCTAAGAGTGAGA	GC10T	12542.0	2429	0.03795248	T	GC10	Mφ_THBS1	0.73538214	-3.6783714
GC10T:CTGCCTAAGCTGAACG	GC10T	10443.0	2768	0.04931533	T	GC10	Mφ_THBS1	-1.5323738	-3.87132
GC10T:CTGCCTAAGTCAAGGC	GC10T	10820.0	2704	0.04297597	T	GC10	Mφ_THBS1	-2.3319278	-3.606829
GC10T:CTGCCTAGTACCTACA	GC10T	12099.0	3008	0.042730805	T	GC10	Mφ_THBS1	-2.1274712	-4.237038
GC10T:CTGCGGACAATAGAGT	GC10T	24796.0	3863	0.03617519	T	GC10	Mφ_APOE	-3.097372	-0.99086016
GC10T:CTGCGGACATTACCTT	GC10T	3686.0	1248	0.043678783	T	GC10	Mφ_THBS1	0.5980545	-6.507868
GC10T:CTGCGGAGTGCTAGCC	GC10T	3100.0	925	0.032258064	T	GC10	Mφ_THBS1	-0.017834624	-6.156095
GC10T:CTGCTGTGTGCAGACA	GC10T	17832.0	3507	0.040713325	T	GC10	cDC2_CD1C	1.9163996	-1.4806832
GC10T:CTGGTCTAGTGAAGAG	GC10T	7532.0	2045	0.053239513	T	GC10	Mφ_APOE	-2.7324967	-0.0497029
GC10T:CTGTGCTCAACACCTA	GC10T	10087.0	2659	0.0388619	T	GC10	Mφ_THBS1	-1.57921	-4.194866
GC10T:CTGTTTACACCTGGTG	GC10T	14870.0	2965	0.038332213	T	GC10	Mφ_THBS1	-1.6495571	-3.173401
GC10T:CTGTTTACACGGCTAC	GC10T	2993.0	1337	0.055462748	T	GC10	Mφ_APOE	-1.7181382	0.64360803
GC10T:CTTAACTAGCGATGAC	GC10T	8301.0	2190	0.041320324	T	GC10	Mφ_THBS1	1.4309295	-6.015877
GC10T:CTTAGGACAAGGCTCC	GC10T	9235.0	2277	0.036491606	T	GC10	Mφ_THBS1	-1.907625	-3.4323003
GC10T:CTTAGGAGTACCGCTG	GC10T	5235.0	1495	0.061700094	T	GC10	Mφ_THBS1	-2.4389682	-5.255812
GC10T:CTTCTCTCAAGCGAGT	GC10T	10658.0	2873	0.04503659	T	GC10	Mφ_APOE	-2.587875	0.47339746
GC10T:CTTCTCTTCAATAAGG	GC10T	4516.0	1590	0.09632418	T	GC10	Mφ_THBS1	-2.2495205	-6.131678
GC10T:CTTGGCTAGGACATTA	GC10T	10469.0	2236	0.051485337	T	GC10	DC_LAMP3	4.9283295	-0.5470274
GC10T:CTTTGCGCATGCCTTC	GC10T	8867.0	2228	0.0632683	T	GC10	Mφ_THBS1	-1.7113757	-4.1755257
GC10T:CTTTGCGGTAGCCTCG	GC10T	21815.0	4005	0.034059133	T	GC10	Mφ_APOE	-3.7875516	-0.8820662
GC10T:GAAACTCCACAGACAG	GC10T	16887.0	3237	0.043998342	T	GC10	cDC1_XCR1	0.9332722	2.7976906
GC10T:GAAACTCGTGCAGGTA	GC10T	12165.0	2891	0.032881215	T	GC10	Mφ_APOE	-1.420341	-2.415029
GC10T:GAAACTCTCCAATGGT	GC10T	6882.0	1688	0.078901485	T	GC10	Mφ_APOE	-2.408435	0.50886816
GC10T:GAACATCTCATGGTCA	GC10T	7418.0	1723	0.048395794	T	GC10	Mφ_THBS1	-2.7409725	-6.480479
GC10T:GAACCTAAGCTCCCAG	GC10T	3286.0	1055	0.03834449	T	GC10	Mφ_THBS1	-1.3333848	-4.08855
GC10T:GAACCTATCTCCCTGA	GC10T	4413.0	1335	0.08520281	T	GC10	Mφ_APOE	-1.671749	0.54962987
GC10T:GAACGGACAGTCACTA	GC10T	5075.0	1684	0.03093596	T	GC10	Mφ_THBS1	-0.7169237	-4.5713806
GC10T:GAACGGAGTGCGAAAC	GC10T	3490.0	1178	0.04469914	T	GC10	Mφ_THBS1	-0.7312013	-4.6429625
GC10T:GAAGCAGGTGCAACTT	GC10T	9311.0	2243	0.044463538	T	GC10	Mφ_THBS1	-0.67887634	-3.059187
GC10T:GAAGCAGTCTGCGGCA	GC10T	7213.0	1962	0.04644392	T	GC10	Mφ_APOE	-2.665295	-0.35087156
GC10T:GAATAAGAGTACGATA	GC10T	10746.0	2199	0.044760842	T	GC10	Mφ_THBS1	-1.8494886	-5.0201735
GC10T:GAATAAGCACTGAAGG	GC10T	21034.0	3958	0.04720928	T	GC10	Mφ_APOE	-3.1738646	0.5146325
GC10T:GAATAAGGTAGCAAAT	GC10T	20808.0	3464	0.054209918	T	GC10	Mφ_APOE	-2.4100955	0.42382836
GC10T:GAATAAGGTCCAAGTT	GC10T	6620.0	1509	0.051510572	T	GC10	Mφ_THBS1	-2.0772045	-7.214874
GC10T:GAATAAGGTTCAGGCC	GC10T	8081.0	2085	0.056552406	T	GC10	Mφ_THBS1	-1.2275393	-3.8110447
GC10T:GAATAAGTCTCTGCTG	GC10T	2577.0	952	0.019790454	T	GC10	Mφ_THBS1	-1.867068	-6.8728156
GC10T:GAATGAAAGACATAAC	GC10T	25106.0	4093	0.034931887	T	GC10	Mφ_APOE	-3.0780551	-1.547779
GC10T:GAATGAATCCGCAGTG	GC10T	11167.0	2808	0.0935793	T	GC10	Mφ_APOE	-1.6029972	0.1700662
GC10T:GACACGCGTAGGGTAC	GC10T	2411.0	862	0.07341352	T	GC10	Mφ_THBS1	0.93084896	-6.180786
GC10T:GACACGCTCACTGGGC	GC10T	19667.0	3894	0.037728176	T	GC10	Mφ_THBS1	-1.7313529	-2.9207222
GC10T:GACAGAGAGAAACCTA	GC10T	19315.0	3741	0.04773492	T	GC10	cDC2_CD1C	-0.21809284	-1.4810342
GC10T:GACAGAGAGTATCGAA	GC10T	2555.0	1124	0.08336595	T	GC10	Mφ_THBS1	-1.5116172	-5.5617065
GC10T:GACAGAGTCAACCAAC	GC10T	11274.0	2621	0.07415292	T	GC10	Mono_FCGR3A	7.2403007	-2.6128545
GC10T:GACCAATTCACAACGT	GC10T	9963.0	2135	0.03593295	T	GC10	Mφ_THBS1	-1.820849	-7.453111
GC10T:GACCAATTCGCACTCT	GC10T	11964.0	3118	0.05073554	T	GC10	Mφ_APOE	-2.0168042	-0.10712149
GC10T:GACCTGGAGAGAGCTC	GC10T	3790.0	1257	0.074934036	T	GC10	Mφ_THBS1	-2.4868338	-6.7548676
GC10T:GACCTGGAGGGTCGAT	GC10T	16185.0	3147	0.044238493	T	GC10	Mφ_APOE	-3.299659	-0.22118552
GC10T:GACCTGGCATCCCACT	GC10T	8761.0	2112	0.039493207	T	GC10	Mφ_THBS1	-2.5815358	-6.8293347
GC10T:GACGCGTAGAAGCCCA	GC10T	5705.0	1373	0.047852762	T	GC10	Mφ_THBS1	-1.6798248	-6.746982
GC10T:GACGCGTAGTACCGGA	GC10T	7234.0	1893	0.031241361	T	GC10	Mφ_THBS1	-1.4868379	-4.349406
GC10T:GACGCGTCACAGCGTC	GC10T	7487.0	1927	0.03339121	T	GC10	Mφ_APOE	-1.9356408	-0.39615273
GC10T:GACGGCTCACATCTTT	GC10T	9815.0	2082	0.03321447	T	GC10	Mφ_THBS1	-1.0295355	-5.627245
GC10T:GACGGCTGTTACGCGC	GC10T	8774.0	2091	0.03783907	T	GC10	Mφ_THBS1	-1.1710188	-6.6474304
GC10T:GACGTGCAGCACCGTC	GC10T	5983.0	1644	0.034096606	T	GC10	Mono_FCGR3A	4.548012	-3.2340114
GC10T:GACGTGCTCTATCCTA	GC10T	7065.0	2003	0.026043879	T	GC10	Mφ_THBS1	-1.8494258	-4.2085986
GC10T:GACGTTAAGCACAGGT	GC10T	15030.0	3324	0.025016634	T	GC10	Mφ_APOE	0.022104017	-1.2927706
GC10T:GACGTTAAGGCTCAGA	GC10T	10054.0	2328	0.03600557	T	GC10	Mφ_THBS1	-1.5421263	-4.2847013
GC10T:GACGTTACATCGGAAG	GC10T	19183.0	3077	0.029453162	T	GC10	cDC1_XCR1	1.1526638	2.9384937
GC10T:GACTAACAGGCGACAT	GC10T	7977.0	2057	0.034348752	T	GC10	Mφ_THBS1	-0.6174903	-4.834214
GC10T:GACTAACTCCTAGTGA	GC10T	20742.0	3522	0.044306237	T	GC10	Mφ_APOE	-3.7285483	0.49751168
GC10T:GACTACACAGATCTGT	GC10T	8980.0	2006	0.044766147	T	GC10	Mφ_THBS1	-2.5115154	-5.531666
GC10T:GACTGCGAGTCCCACG	GC10T	20828.0	3612	0.06697714	T	GC10	Mφ_APOE	-3.5381522	0.23470543
GC10T:GACTGCGGTTGGTGGA	GC10T	6965.0	1821	0.044221107	T	GC10	Mφ_THBS1	0.44907594	-4.7886133
GC10T:GAGCAGATCAAGCCTA	GC10T	6518.0	1541	0.036207426	T	GC10	Mφ_THBS1	-2.2860413	-5.8383293
GC10T:GAGGTGAAGTGAACAT	GC10T	2674.0	838	0.046372477	T	GC10	Mφ_THBS1	1.8663825	-5.3549232
GC10T:GAGGTGATCCAAAGTC	GC10T	8870.0	1883	0.042502817	T	GC10	Mφ_THBS1	-1.4164414	-5.928106
GC10T:GAGTCCGAGGCCCTTG	GC10T	10363.0	2731	0.044292193	T	GC10	Mφ_THBS1	-1.7072808	-3.8059955
GC10T:GAGTCCGGTCGCATAT	GC10T	11212.0	2786	0.039957188	T	GC10	Mφ_APOE	-2.8224914	0.46906272
GC10T:GAGTCCGTCCTTGCCA	GC10T	17709.0	3597	0.033598736	T	GC10	Mφ_APOE	-2.9812555	-0.5319673
GC10T:GAGTCCGTCGGCGCTA	GC10T	16425.0	2934	0.03738204	T	GC10	cDC2_CD1C	2.2199435	-1.9058725
GC10T:GATCAGTAGGCTAGCA	GC10T	4897.0	1652	0.08454156	T	GC10	pDC_LILRA4	3.7647057	1.8467826
GC10T:GATCAGTCAGTATCTG	GC10T	10887.0	2616	0.04408928	T	GC10	Mφ_THBS1	-2.0044398	-3.3269815
GC10T:GATCAGTGTAATTGGA	GC10T	14687.0	3031	0.05419759	T	GC10	Mφ_APOE	-2.5239828	0.5866844
GC10T:GATCGATAGTGACATA	GC10T	8074.0	1734	0.045330692	T	GC10	Mφ_THBS1	-1.9482653	-6.947549
GC10T:GATCGCGCACATGTGT	GC10T	7218.0	1761	0.058464948	T	GC10	Mono_FCGR3A	1.493306	-4.49628
GC10T:GATCGCGGTGATGTGG	GC10T	1820.0	801	0.0021978023	T	GC10	cDC2_CD1C	-0.65475875	-2.1309395
GC10T:GATCGCGTCAACCAAC	GC10T	7283.0	1683	0.036798023	T	GC10	Mφ_THBS1	-1.3024098	-4.603308
GC10T:GATCGTACATCCGCGA	GC10T	44417.0	5357	0.044172276	T	GC10	cDC2_CD1C	0.42651987	0.49887362
GC10T:GATCGTATCTGTCTAT	GC10T	8727.0	1991	0.042167984	T	GC10	Mφ_THBS1	-2.5555732	-4.7423897
GC10T:GATCTAGAGCCCAACC	GC10T	9687.0	2315	0.060183752	T	GC10	Mφ_APOE	-1.4171466	-2.7320986
GC10T:GATGAAACAGGGAGAG	GC10T	5283.0	1510	0.043725155	T	GC10	Mφ_THBS1	-1.2346803	-4.566236
GC10T:GATGAAACATGCCTAA	GC10T	1632.0	733	0.04227941	T	GC10	Mφ_THBS1	-0.7216089	-6.68348
GC10T:GATGAAAGTTGCGTTA	GC10T	14820.0	2979	0.04365722	T	GC10	Mφ_APOE	-3.7559295	-0.23273163
GC10T:GATGAGGCAATAACGA	GC10T	7257.0	1923	0.04313077	T	GC10	Mφ_THBS1	-2.654162	-5.5272675
GC10T:GATGAGGGTCGAGTTT	GC10T	11624.0	2285	0.03776669	T	GC10	Mφ_APOE	-3.7504568	-0.23029748
GC10T:GCAAACTAGGAATGGA	GC10T	3366.0	1144	0.06238859	T	GC10	Mφ_THBS1	-1.5223976	-6.767563
GC10T:GCAATCACAGGGTTAG	GC10T	8478.0	2225	0.061217267	T	GC10	Mφ_THBS1	-0.72380227	-5.0240383
GC10T:GCAATCAGTATATGAG	GC10T	22785.0	3585	0.05319289	T	GC10	cDC2_CD1C	1.4335135	-1.7936187
GC10T:GCAATCAGTTACAGAA	GC10T	16104.0	3528	0.04706905	T	GC10	Mφ_APOE	-3.244444	0.56314176
GC10T:GCACATACACGAGGTA	GC10T	12930.0	2902	0.050812066	T	GC10	Mφ_APOE	-2.9599698	0.13176334
GC10T:GCACTCTAGGTGTTAA	GC10T	21316.0	3384	0.034293488	T	GC10	cDC1_XCR1	1.2164525	2.667248
GC10T:GCACTCTCAATAACGA	GC10T	6028.0	1879	0.02322495	T	GC10	Mφ_THBS1	-0.35372642	-7.5591455
GC10T:GCACTCTTCGGTGTCG	GC10T	13876.0	3116	0.038339578	T	GC10	Mφ_APOE	-2.2106128	-0.27027056
GC10T:GCAGCCAAGCCAGGAT	GC10T	16829.0	3405	0.046823934	T	GC10	Mφ_APOE	-3.4407163	-0.5739819
GC10T:GCAGCCAGTTATCACG	GC10T	9135.0	2633	0.046852764	T	GC10	Mono_FCGR3A	8.020239	-2.5663855
GC10T:GCAGCCATCCTATTCA	GC10T	10562.0	2720	0.02953986	T	GC10	Mφ_APOE	-3.3264775	-1.7330376
GC10T:GCATACACAGCGAACA	GC10T	11211.0	2753	0.052983675	T	GC10	Mφ_APOE	-2.2678668	0.26119468
GC10T:GCATACATCGACGGAA	GC10T	8624.0	2111	0.037221707	T	GC10	Mφ_THBS1	-0.7474947	-6.243818
GC10T:GCATACATCTGCCAGG	GC10T	21078.0	3633	0.034158837	T	GC10	Mφ_APOE	-1.0008048	-1.1933306
GC10T:GCATGATAGTGGAGTC	GC10T	15730.0	3059	0.039097268	T	GC10	Mφ_APOE	-3.4798357	-0.3495713
GC10T:GCATGCGAGAAACGAG	GC10T	8886.0	2382	0.07348638	T	GC10	Mφ_APOE	-2.3385985	1.1024152
GC10T:GCATGCGTCGCTTAGA	GC10T	22045.0	3729	0.035427533	T	GC10	Mφ_APOE	-3.8269267	-0.015840823
GC10T:GCATGTACATACTCTT	GC10T	6353.0	1834	0.052258775	T	GC10	Mφ_THBS1	-2.4459171	-7.0481286
GC10T:GCATGTACATCGATGT	GC10T	8737.0	2154	0.03834268	T	GC10	Mφ_APOE	-2.5137308	-0.06089381
GC10T:GCATGTAGTCTCCATC	GC10T	6178.0	1782	0.062479768	T	GC10	Mφ_THBS1	-1.0187899	-3.843246
GC10T:GCCAAATAGTGGAGTC	GC10T	15261.0	3130	0.02588297	T	GC10	cDC2_CD1C	0.46817333	-1.4927756
GC10T:GCCAAATCAATAAGCA	GC10T	4847.0	1614	0.035898495	T	GC10	Mφ_THBS1	-1.7556592	-4.5577507
GC10T:GCCTCTACAATGACCT	GC10T	10817.0	2559	0.04640843	T	GC10	Mφ_THBS1	-0.31700194	-3.7102683
GC10T:GCCTCTACACCTGGTG	GC10T	10075.0	2700	0.027593052	T	GC10	Mφ_THBS1	-1.7980268	-3.1502535
GC10T:GCCTCTAGTAGGGTAC	GC10T	9926.0	2794	0.03012291	T	GC10	Mono_FCGR3A	6.3778415	-2.4143722
GC10T:GCGCCAAAGAACAATC	GC10T	19534.0	3696	0.041568547	T	GC10	cDC2_CD1C	-0.5249208	-2.0681362
GC10T:GCGCCAAAGTGGTAAT	GC10T	9355.0	2263	0.03933725	T	GC10	Mφ_THBS1	-2.0123425	-4.119089
GC10T:GCGCCAAGTCAAAGCG	GC10T	22531.0	3456	0.04287426	T	GC10	Mφ_APOE	-3.3038678	-1.6615266
GC10T:GCGCCAAGTCTAGAGG	GC10T	9516.0	2579	0.041614123	T	GC10	Mφ_APOE	-2.8309605	-1.5127357
GC10T:GCGCGATCACCGAATT	GC10T	9996.0	2551	0.037314925	T	GC10	cDC2_CD1C	2.9179888	0.3215812
GC10T:GCGCGATTCTCTAGGA	GC10T	24835.0	4074	0.0353936	T	GC10	Mφ_APOE	-2.5818472	-1.5197384
GC10T:GCGGGTTCACGGCGTT	GC10T	3870.0	1212	0.031007752	T	GC10	Mφ_THBS1	-0.69030887	-5.1601987
GC10T:GCGGGTTGTCGGATCC	GC10T	11129.0	2541	0.04178273	T	GC10	Mφ_THBS1	-1.628668	-2.9963129
GC10T:GCTCCTAGTCCTCTTG	GC10T	6981.0	1844	0.049849592	T	GC10	Mφ_THBS1	-0.54436696	-6.2259445
GC10T:GCTCCTAGTTGCTCCT	GC10T	6318.0	1936	0.041627098	T	GC10	Mφ_THBS1	-1.182214	-4.599739
GC10T:GCTGCAGAGGGAACGG	GC10T	14056.0	2947	0.045034148	T	GC10	cDC2_CD1C	0.36875153	-2.199693
GC10T:GCTGCAGCATGCCCGA	GC10T	7619.0	1939	0.04948156	T	GC10	cDC2_CD1C	2.3281517	-2.5233326
GC10T:GCTGCGATCCACGCAG	GC10T	8792.0	2376	0.046519563	T	GC10	Mφ_THBS1	-1.8299974	-3.9243767
GC10T:GCTGCGATCTTGCATT	GC10T	13501.0	3123	0.053181246	T	GC10	cDC2_CD1C	-0.4626611	-2.5996747
GC10T:GCTGCTTCAAGAAAGG	GC10T	6026.0	1626	0.043810155	T	GC10	Mφ_THBS1	-0.29708537	-4.2115293
GC10T:GCTGCTTCACAGTCGC	GC10T	7800.0	2005	0.044358976	T	GC10	Mφ_THBS1	-2.287646	-7.196908
GC10T:GCTGGGTAGAACTCGG	GC10T	1637.0	873	0.0012217471	T	GC10	Mφ_APOE	-0.53234744	-0.57907987
GC10T:GCTGGGTCACCCTATC	GC10T	9512.0	2323	0.041526493	T	GC10	Mφ_THBS1	1.4255412	-6.17347
GC10T:GCTGGGTTCGTAGATC	GC10T	21835.0	4433	0.04048546	T	GC10	Mφ_APOE	-2.9617434	0.8281829
GC10T:GGAAAGCGTCGACTGC	GC10T	6906.0	1742	0.032725167	T	GC10	Mφ_APOE	-3.4185596	-0.61108166
GC10T:GGAAAGCGTTCCCTTG	GC10T	8814.0	2046	0.042319037	T	GC10	Mφ_THBS1	-2.676846	-3.4752822
GC10T:GGAATAAAGTCGTTTG	GC10T	12481.0	2874	0.046150148	T	GC10	Mφ_APOE	-2.2551932	1.035329
GC10T:GGAATAACAATAACGA	GC10T	6953.0	2243	0.031209549	T	GC10	pDC_LILRA4	4.6292396	3.0272655
GC10T:GGAATAACACTGTGTA	GC10T	11748.0	2820	0.075672455	T	GC10	Mφ_APOE	-3.1359212	0.6836359
GC10T:GGACAAGTCACTTACT	GC10T	18767.0	3339	0.03799222	T	GC10	cDC2_CD1C	0.6718521	-1.5844758
GC10T:GGACAGACAAGTCTAC	GC10T	5721.0	1637	0.03670687	T	GC10	Mφ_THBS1	-2.3074863	-7.1956167
GC10T:GGACAGATCGGGAGTA	GC10T	3875.0	1324	0.090322584	T	GC10	Mφ_APOE	-2.5428755	0.77763015
GC10T:GGACATTAGCGATTCT	GC10T	12000.0	2587	0.047916666	T	GC10	Mφ_THBS1	-2.2934654	-5.008581
GC10T:GGACATTCACAGACAG	GC10T	8960.0	2949	0.028683037	T	GC10	pDC_LILRA4	4.772418	3.067778
GC10T:GGACATTTCCTGCCAT	GC10T	9469.0	2520	0.029253352	T	GC10	Mφ_THBS1	-1.7629548	-3.9763744
GC10T:GGACGTCTCCGCGCAA	GC10T	8694.0	2058	0.039337475	T	GC10	Mφ_THBS1	0.05070185	-6.5667787
GC10T:GGACGTCTCCTGCTTG	GC10T	8569.0	2375	0.063484654	T	GC10	Mφ_APOE	-2.7688375	0.68410444
GC10T:GGACGTCTCGGAATCT	GC10T	3101.0	1290	0.039342146	T	GC10	Mφ_THBS1	-1.3351036	-3.0671659
GC10T:GGAGCAAAGTACTTGC	GC10T	13849.0	2408	0.03581486	T	GC10	Mφ_THBS1	1.0223095	-3.5189805
GC10T:GGATTACCAAGTTGTC	GC10T	4339.0	1315	0.048859183	T	GC10	Mφ_THBS1	-2.1500077	-6.9456835
GC10T:GGCAATTCAAGTTGTC	GC10T	19897.0	3627	0.041061465	T	GC10	Mφ_APOE	-3.7373097	0.2774301
GC10T:GGCAATTCAGCGATCC	GC10T	11346.0	2798	0.028291909	T	GC10	cDC2_CD1C	0.8393561	-0.50442123
GC10T:GGCCGATAGGAGTACC	GC10T	7754.0	2120	0.06925458	T	GC10	Mφ_THBS1	0.12303329	-5.71269
GC10T:GGCGACTAGTACACCT	GC10T	29158.0	4199	0.03803416	T	GC10	Mφ_APOE	-3.310141	-1.0393347
GC10T:GGCGACTGTTCCCTTG	GC10T	3502.0	1085	0.06739006	T	GC10	Mφ_THBS1	-0.5752538	-7.1529055
GC10T:GGCGTGTCAACTGCGC	GC10T	15534.0	2826	0.034504957	T	GC10	cDC1_XCR1	0.7922691	2.8386784
GC10T:GGCTCGATCTTTCCTC	GC10T	11250.0	2473	0.03928889	T	GC10	Mφ_THBS1	-2.6322112	-4.8390584
GC10T:GGCTGGTAGACACTAA	GC10T	7085.0	1789	0.06337333	T	GC10	Mφ_THBS1	-2.7911825	-6.4859085
GC10T:GGCTGGTAGGTGCTTT	GC10T	27581.0	4548	0.024727168	T	GC10	Mφ_THBS1	-1.5726153	-2.2641838
GC10T:GGCTGGTCAATGGACG	GC10T	13216.0	3155	0.038286924	T	GC10	Mφ_THBS1	-1.6729153	-4.386985
GC10T:GGGAATGTCTAGCACA	GC10T	5532.0	1717	0.034526393	T	GC10	Mφ_THBS1	-1.669164	-3.7910528
GC10T:GGGACCTAGCGACGTA	GC10T	2865.0	1058	0.04363002	T	GC10	Mφ_THBS1	-1.0351181	-7.1574755
GC10T:GGGACCTTCTGTTGAG	GC10T	17392.0	3558	0.037833486	T	GC10	Mφ_APOE	-2.9849315	-0.5065503
GC10T:GGGATGAGTCTCCCTA	GC10T	10690.0	2390	0.031992517	T	GC10	Mφ_APOE	-2.8957257	0.7676573
GC10T:GGGATGATCAGGCCCA	GC10T	1983.0	788	0.047402926	T	GC10	Mφ_THBS1	-1.747126	-6.3370795
GC10T:GGGCACTGTGACTACT	GC10T	8167.0	2141	0.03722297	T	GC10	Mφ_APOE	-2.1716847	-2.4263144
GC10T:GGGCACTTCAAGGCTT	GC10T	10608.0	2695	0.025546758	T	GC10	Mφ_APOE	-1.5969874	-2.7163913
GC10T:GGGCACTTCACGGTTA	GC10T	8583.0	2578	0.029942911	T	GC10	Mφ_THBS1	1.8688116	-6.803176
GC10T:GGGCATCGTACACCGC	GC10T	13960.0	3406	0.0512894	T	GC10	Mφ_APOE	-2.1256561	0.39480183
GC10T:GGGCATCTCAGCAACT	GC10T	2006.0	1044	0.0049850447	T	GC10	Mφ_APOE	-1.1392163	-1.552987
GC10T:GGGCATCTCGGCATCG	GC10T	27663.0	4417	0.03557098	T	GC10	Mφ_APOE	-4.106607	-0.33323243
GC10T:GGGTCTGCAGGGTTAG	GC10T	3206.0	1255	0.036494073	T	GC10	Mφ_THBS1	-1.736066	-7.2900863
GC10T:GGGTCTGTCGCACTCT	GC10T	3044.0	1142	0.06668857	T	GC10	Mφ_THBS1	-2.063958	-4.7296715
GC10T:GGGTTGCCAATAGAGT	GC10T	5549.0	1652	0.047215715	T	GC10	Mφ_THBS1	-2.6409333	-6.703019
GC10T:GGTATTGCACATTCGA	GC10T	23180.0	4395	0.028731665	T	GC10	cDC2_CD1C	0.28973985	0.24376471
GC10T:GGTATTGCACTGTCGG	GC10T	12305.0	2524	0.039577406	T	GC10	Mφ_THBS1	0.84913373	-3.1949193
GC10T:GGTATTGGTCCGTTAA	GC10T	4366.0	1402	0.04832799	T	GC10	Mφ_THBS1	-2.4818017	-5.6668925
GC10T:GGTGAAGGTAGGCATG	GC10T	4522.0	1430	0.047545332	T	GC10	Mφ_THBS1	-1.7534668	-3.8846056
GC10T:GGTGCGTCAGACGTAG	GC10T	6512.0	1648	0.040847667	T	GC10	Mφ_THBS1	-1.4345937	-6.893005
GC10T:GGTGTTAAGATCACGG	GC10T	12039.0	2979	0.04352521	T	GC10	Mφ_THBS1	-1.5693928	-3.4529283
GC10T:GGTGTTAGTTACCGAT	GC10T	2491.0	1154	0.08671217	T	GC10	Mφ_APOE	-1.8154838	0.66555476
GC10T:GTAACGTGTAGTAGTA	GC10T	8263.0	2146	0.046230182	T	GC10	Mφ_THBS1	-0.58507043	-3.8867857
GC10T:GTAACTGGTAAATACG	GC10T	4249.0	1370	0.026594494	T	GC10	Mφ_THBS1	-2.5359843	-6.987949
GC10T:GTAACTGGTATCACCA	GC10T	16292.0	3485	0.052602503	T	GC10	Mφ_APOE	-1.8772861	-1.50124
GC10T:GTACGTAAGGCATGGT	GC10T	10243.0	2280	0.044225324	T	GC10	Mφ_APOE	-2.3350508	0.62370676
GC10T:GTACGTAAGGCCGAAT	GC10T	23690.0	3763	0.05251161	T	GC10	Mφ_APOE	-3.99138	-1.1190933
GC10T:GTACGTAGTTCGAATC	GC10T	19532.0	3256	0.04392791	T	GC10	cDC1_XCR1	1.0135033	3.0146787
GC10T:GTACGTAGTTGAACTC	GC10T	13839.0	2486	0.04357251	T	GC10	cDC1_XCR1	1.5255	2.4413977
GC10T:GTACGTAGTTTGGCGC	GC10T	5103.0	1601	0.047227122	T	GC10	Mφ_THBS1	0.87793595	-4.6400175
GC10T:GTACTCCAGTTGCAGG	GC10T	23093.0	3420	0.05049149	T	GC10	Mφ_APOE	-3.6021702	-0.011476822
GC10T:GTACTCCCAAATCCGT	GC10T	6843.0	1992	0.08505042	T	GC10	Mφ_APOE	-1.8667235	-0.54655886
GC10T:GTACTTTAGTGAATTG	GC10T	12171.0	3238	0.053323474	T	GC10	Mono_CD14	5.4764676	-5.0549645
GC10T:GTACTTTCAAGTTGTC	GC10T	7355.0	1966	0.03385452	T	GC10	Mφ_THBS1	-0.5001086	-3.695975
GC10T:GTACTTTTCCCGACTT	GC10T	3651.0	1159	0.033963297	T	GC10	Mφ_THBS1	-2.1851926	-6.7337236
GC10T:GTAGGCCAGAAACCAT	GC10T	9811.0	2568	0.032514524	T	GC10	Mφ_APOE	-2.5379498	0.44530824
GC10T:GTAGGCCAGGTAGCCA	GC10T	2974.0	1046	0.046402153	T	GC10	Mφ_THBS1	-1.266756	-3.8543203
GC10T:GTAGGCCCAGCGATCC	GC10T	20940.0	3395	0.02913085	T	GC10	Mφ_APOE	-3.72815	-0.63196903
GC10T:GTAGGCCGTCGGATCC	GC10T	21671.0	3533	0.045037147	T	GC10	Mφ_APOE	-3.8166893	-0.8337957
GC10T:GTAGGCCTCATGCTCC	GC10T	1702.0	751	0.022326674	T	GC10	Mφ_THBS1	0.033248585	-6.105746
GC10T:GTAGTCAAGAATAGGG	GC10T	5450.0	1594	0.03853211	T	GC10	Mφ_THBS1	-1.585003	-6.6586213
GC10T:GTAGTCACAAGAGTCG	GC10T	4528.0	1407	0.040636044	T	GC10	Mφ_THBS1	-2.037333	-7.039304
GC10T:GTAGTCACATCAGTCA	GC10T	8845.0	2278	0.044657998	T	GC10	Mφ_THBS1	-1.9223703	-4.481992
GC10T:GTAGTCATCGCGCCAA	GC10T	4334.0	1415	0.03645593	T	GC10	Mφ_THBS1	-1.0234522	-5.7586637
GC10T:GTATCTTCATGCCTTC	GC10T	5043.0	1724	0.048185606	T	GC10	Mono_FCGR3A	6.1737638	-2.5048923
GC10T:GTATCTTGTGCCTTGG	GC10T	4694.0	1483	0.020025564	T	GC10	Mφ_THBS1	-2.3352435	-6.1529865
GC10T:GTATCTTTCCGCGCAA	GC10T	5830.0	1761	0.045969125	T	GC10	Mφ_THBS1	-2.4672048	-5.6074204
GC10T:GTATTCTAGTACATGA	GC10T	5973.0	1743	0.08722585	T	GC10	Mφ_APOE	-2.1062918	1.218107
GC10T:GTATTCTGTAGTGAAT	GC10T	1166.0	582	0.03773585	T	GC10	Mφ_THBS1	-0.36414453	-6.767634
GC10T:GTCAAGTCAGTTCATG	GC10T	15329.0	3453	0.04768739	T	GC10	Mφ_APOE	-3.728257	-0.2701186
GC10T:GTCAAGTGTTATCACG	GC10T	11454.0	2839	0.042779814	T	GC10	Mφ_APOE	-3.2115307	0.016604936
GC10T:GTCAAGTTCATATCGG	GC10T	27688.0	3989	0.04691563	T	GC10	cDC2_CD1C	2.186494	-2.4045925
GC10T:GTCACAAGTAGTAGTA	GC10T	28439.0	4327	0.036674988	T	GC10	Mφ_APOE	-3.982577	-0.49887484
GC10T:GTCACGGAGGCCCGTT	GC10T	23438.0	3729	0.04002048	T	GC10	Mφ_THBS1	-1.7410558	-3.9013805
GC10T:GTCACGGAGTCTCGGC	GC10T	8495.0	2450	0.048852265	T	GC10	Mφ_THBS1	-1.336755	-2.9427388
GC10T:GTCACGGTCGTGACAT	GC10T	9897.0	2513	0.055269275	T	GC10	Mφ_THBS1	-1.1461946	-3.1228497
GC10T:GTCCTCACAAGGACAC	GC10T	2049.0	836	0.052220594	T	GC10	Mφ_THBS1	-0.45654225	-6.753359
GC10T:GTCGGGTAGTTGCAGG	GC10T	3772.0	1195	0.041092258	T	GC10	Mφ_THBS1	-0.3594648	-4.157869
GC10T:GTCGGGTCATATACGC	GC10T	5652.0	2105	0.032731775	T	GC10	pDC_LILRA4	4.701506	3.2533555
GC10T:GTCGGGTTCGGCATCG	GC10T	13206.0	2393	0.04225352	T	GC10	DC_LAMP3	4.5454364	-0.8737852
GC10T:GTCTCGTAGGATGGTC	GC10T	30614.0	4255	0.040994316	T	GC10	Mφ_APOE	-3.7742915	-0.34811214
GC10T:GTCTCGTAGTATCGAA	GC10T	8769.0	2438	0.029649904	T	GC10	Mφ_THBS1	-1.2262139	-2.879268
GC10T:GTCTCGTCAATAGAGT	GC10T	3431.0	1344	0.034975227	T	GC10	Mφ_THBS1	-1.422038	-3.8214772
GC10T:GTCTCGTCATTACCTT	GC10T	8954.0	2267	0.035068125	T	GC10	Mφ_THBS1	-0.9237219	-5.149656
GC10T:GTCTTCGAGCACGCCT	GC10T	10129.0	2312	0.040576562	T	GC10	Mφ_THBS1	-1.8280133	-5.5671773
GC10T:GTCTTCGGTTAAGAAC	GC10T	3010.0	1239	0.042524915	T	GC10	Mφ_THBS1	-1.2873336	-4.3707633
GC10T:GTCTTCGGTTACCGAT	GC10T	25277.0	3710	0.025438145	T	GC10	Mφ_APOE	-3.8087757	0.4425265
GC10T:GTGAAGGAGAGACGAA	GC10T	10908.0	2448	0.037953794	T	GC10	cDC2_CD1C	1.8108788	-2.6746511
GC10T:GTGAAGGCACGAGGTA	GC10T	14229.0	2948	0.0311336	T	GC10	Mφ_THBS1	-1.7836164	-2.8774674
GC10T:GTGAAGGGTCCCTTGT	GC10T	8241.0	2092	0.05157141	T	GC10	Mφ_THBS1	-2.070997	-4.736366
GC10T:GTGAAGGGTCTCACCT	GC10T	14423.0	2893	0.049018927	T	GC10	Mφ_THBS1	-2.1102653	-3.0308995
GC10T:GTGAAGGGTCTTCAAG	GC10T	7035.0	1849	0.039516702	T	GC10	Mφ_THBS1	-1.4928594	-2.9582634
GC10T:GTGCAGCAGCTAAGAT	GC10T	11671.0	2679	0.034530032	T	GC10	Mφ_THBS1	-2.3716671	-3.825913
GC10T:GTGCAGCCAAAGGCGT	GC10T	25821.0	4347	0.030827621	T	GC10	Mφ_APOE	-3.8296869	-0.6734831
GC10T:GTGCATAAGCTCAACT	GC10T	11110.0	2438	0.046444643	T	GC10	Mφ_THBS1	-1.8128755	-4.3311095
GC10T:GTGCGGTCACTCGACG	GC10T	12008.0	2759	0.050466355	T	GC10	Mφ_THBS1	-0.09859325	-3.9815772
GC10T:GTGCGGTTCATAGCAC	GC10T	7289.0	1981	0.04019756	T	GC10	Mφ_THBS1	0.7445113	-7.4084263
GC10T:GTGCTTCCACGTCAGC	GC10T	21535.0	3888	0.018481541	T	GC10	cDC2_CD1C	-1.0423422	-2.0780725
GC10T:GTGCTTCGTTAAAGTG	GC10T	13785.0	3465	0.0437432	T	GC10	Mφ_THBS1	-1.3696461	-3.8631942
GC10T:GTGGGTCAGCGCCTTG	GC10T	22148.0	3932	0.08935344	T	GC10	Mφ_APOE	-4.032083	-0.5305259
GC10T:GTGTGCGAGCTGATAA	GC10T	3932.0	1548	0.019582909	T	GC10	pDC_LILRA4	4.940666	2.3761446
GC10T:GTGTTAGAGCCGATTT	GC10T	3151.0	1215	0.096794665	T	GC10	Mφ_APOE	-2.1176295	0.64407855
GC10T:GTGTTAGCACTTGGAT	GC10T	11626.0	2713	0.05823155	T	GC10	Mφ_APOE	-2.9378486	0.15542904
GC10T:GTGTTAGTCTGGTATG	GC10T	19565.0	3530	0.034858163	T	GC10	Mφ_APOE	-3.910474	-0.14702168
GC10T:GTTAAGCAGGTAAACT	GC10T	10070.0	2793	0.07725918	T	GC10	Mφ_APOE	-3.5002067	-0.56927675
GC10T:GTTAAGCCACTAGTAC	GC10T	3961.0	1280	0.052007068	T	GC10	Mφ_THBS1	-0.9220983	-4.784175
GC10T:GTTAAGCGTCAGGACA	GC10T	5354.0	1500	0.04912215	T	GC10	Mφ_THBS1	-1.2394067	-6.730269
GC10T:GTTAAGCGTCCTAGCG	GC10T	9858.0	2501	0.03296815	T	GC10	Mφ_THBS1	-1.9679898	-3.4802132
GC10T:GTTACAGAGTCTCAAC	GC10T	7405.0	1746	0.047265362	T	GC10	Mφ_THBS1	-2.2163122	-6.9588084
GC10T:GTTACAGCAAAGTCAA	GC10T	8817.0	2141	0.05806964	T	GC10	Mφ_THBS1	-1.420875	-4.4256015
GC10T:GTTACAGCACTGTTAG	GC10T	2909.0	988	0.066345826	T	GC10	Mφ_THBS1	-2.4467185	-6.429034
GC10T:GTTACAGTCTAGCACA	GC10T	18787.0	3008	0.044552084	T	GC10	DC_LAMP3	4.828348	-0.4020197
GC10T:GTTCATTCATGATCCA	GC10T	16795.0	2895	0.03435546	T	GC10	cDC1_XCR1	1.2017564	3.1339254
GC10T:GTTCGGGCATGCCTTC	GC10T	19548.0	3617	0.043226928	T	GC10	Mφ_APOE	-2.0552094	-2.1879542
GC10T:GTTCGGGCATGGGACA	GC10T	6265.0	1664	0.030646449	T	GC10	Mφ_THBS1	-1.9182255	-6.511113
GC10T:GTTCGGGGTAGGCTGA	GC10T	9503.0	2240	0.032831736	T	GC10	Mφ_THBS1	-1.4499032	-6.1815
GC10T:GTTCTCGTCTGGCGTG	GC10T	7009.0	1782	0.049079753	T	GC10	Mφ_THBS1	-1.9845324	-6.755818
GC10T:GTTTCTACACGCTTTC	GC10T	12736.0	2687	0.032349247	T	GC10	Mφ_THBS1	-1.123661	-3.066557
GC10T:TAAACCGAGCTAAGAT	GC10T	21608.0	3565	0.038226582	T	GC10	Mφ_APOE	-3.4469934	-1.0373274
GC10T:TAAACCGCACACGCTG	GC10T	2896.0	1053	0.0013812155	T	GC10	Mφ_APOE	-1.4428215	-1.9376566
GC10T:TAAACCGTCCAGAGGA	GC10T	21008.0	3378	0.030464584	T	GC10	Mφ_APOE	-3.5541155	-0.29784775
GC10T:TAAACCGTCTTCAACT	GC10T	11030.0	2616	0.07343608	T	GC10	Mφ_APOE	-3.731651	0.03253477
GC10T:TAAGAGACAGGAATCG	GC10T	5998.0	1627	0.031177059	T	GC10	Mφ_THBS1	-1.607775	-6.8688602
GC10T:TAAGAGAGTGTGACCC	GC10T	3811.0	1375	0.05641564	T	GC10	Mφ_THBS1	-1.1029544	-3.2280343
GC10T:TAAGCGTAGTAGGTGC	GC10T	11263.0	2449	0.06357098	T	GC10	Mφ_APOE	-1.6197388	-0.52919686
GC10T:TAAGTGCGTACATCCA	GC10T	998.0	463	0.003006012	T	GC10	Mφ_APOE	-1.7880455	-1.2207991
GC10T:TAAGTGCGTACCATCA	GC10T	14626.0	3127	0.034117326	T	GC10	Mφ_APOE	-3.597797	-0.22580253
GC10T:TACACGAAGGGTATCG	GC10T	7431.0	1800	0.049522273	T	GC10	cDC2_CD1C	1.2577459	-2.4876664
GC10T:TACACGAGTACCGTAT	GC10T	3463.0	1120	0.03696217	T	GC10	Mφ_THBS1	-2.1043272	-7.0745845
GC10T:TACACGAGTACGCACC	GC10T	2320.0	903	0.09741379	T	GC10	Mφ_THBS1	-2.3447466	-6.7836123
GC10T:TACACGAGTCCGAAGA	GC10T	5139.0	1488	0.037945125	T	GC10	Mφ_THBS1	-0.41271108	-5.093437
GC10T:TACCTATCAGGACGTA	GC10T	9947.0	2298	0.045842968	T	GC10	Mφ_THBS1	-2.500898	-3.5680618
GC10T:TACCTTACAAAGAATC	GC10T	5290.0	1795	0.05557656	T	GC10	Mono_CD14	4.442638	-5.468974
GC10T:TACGGATGTAAACCTC	GC10T	7892.0	1915	0.0622149	T	GC10	Mφ_THBS1	-2.5800483	-6.2164946
GC10T:TACGGGCCAAGTACCT	GC10T	12783.0	2483	0.037315182	T	GC10	DC_LAMP3	4.81604	-0.49798936
GC10T:TACGGGCGTATAGGGC	GC10T	13460.0	3026	0.02667162	T	GC10	Mφ_THBS1	-2.0921097	-3.2929242
GC10T:TACGGGCGTCACTTCC	GC10T	5714.0	1933	0.08312916	T	GC10	Mφ_APOE	-1.998241	0.7057703
GC10T:TACGGTACAGCAGTTT	GC10T	4120.0	1378	0.044174757	T	GC10	Mφ_THBS1	1.0090014	-5.905985
GC10T:TACTCATAGTTAGCGG	GC10T	3939.0	1215	0.056867227	T	GC10	Mφ_THBS1	-2.632805	-6.429771
GC10T:TACTCATTCCTTGACC	GC10T	7387.0	1938	0.051170975	T	GC10	Mφ_THBS1	-2.4789898	-6.439595
GC10T:TACTCGCCAAGCGAGT	GC10T	6545.0	1904	0.06783804	T	GC10	Mφ_THBS1	-1.2859162	-4.387977
GC10T:TACTCGCCACGACGAA	GC10T	1852.0	851	0.048056155	T	GC10	Mφ_APOE	-1.6158539	-2.716379
GC10T:TACTCGCTCGTCTGAA	GC10T	4119.0	1271	0.037630495	T	GC10	Mφ_THBS1	-1.208125	-7.2295604
GC10T:TACTTACAGCGTTGCC	GC10T	5713.0	1734	0.040609136	T	GC10	Mφ_APOE	-1.6891062	0.50183684
GC10T:TACTTACCAGATGGCA	GC10T	15200.0	3009	0.050657894	T	GC10	Mφ_APOE	-3.2847743	0.80085015
GC10T:TACTTACGTGTTTGGT	GC10T	7730.0	1995	0.04890039	T	GC10	Mφ_THBS1	-2.7721741	-6.355573
GC10T:TACTTGTAGAGACGAA	GC10T	11824.0	2521	0.038650203	T	GC10	Mφ_APOE	-2.7347534	-1.9621567
GC10T:TACTTGTGTACAAGTA	GC10T	18025.0	3370	0.026518725	T	GC10	Mφ_APOE	-2.9592881	-0.5411257
GC10T:TACTTGTTCGAATCCA	GC10T	2261.0	849	0.049977887	T	GC10	Mφ_THBS1	-2.0739295	-6.7727084
GC10T:TAGACCAAGATAGTCA	GC10T	14547.0	2869	0.044476524	T	GC10	cDC2_CD1C	2.425051	-1.6808949
GC10T:TAGAGCTCACCTCGTT	GC10T	39599.0	5166	0.041238416	T	GC10	cDC1_XCR1	0.8011091	1.5799181
GC10T:TAGAGCTTCCAAAGTC	GC10T	2584.0	994	0.02012384	T	GC10	Mφ_THBS1	-0.92666614	-6.076813
GC10T:TAGCCGGCATGTCTCC	GC10T	14457.0	3182	0.049318668	T	GC10	cDC2_CD1C	-0.088152066	-2.0111933
GC10T:TAGCCGGCATTGGGCC	GC10T	20520.0	4068	0.044103313	T	GC10	Mφ_APOE	-1.9019158	-0.4135202
GC10T:TAGCCGGTCGCCAGCA	GC10T	2970.0	1016	0.06127946	T	GC10	Mφ_THBS1	-0.36067626	-6.757495
GC10T:TAGGCATGTAGGACAC	GC10T	12620.0	2718	0.05023772	T	GC10	Mφ_APOE	-3.141863	0.6542566
GC10T:TAGTGGTAGAGCTGGT	GC10T	17178.0	3134	0.04371871	T	GC10	Mφ_APOE	-3.6965709	0.14409271
GC10T:TAGTTGGAGGATGGAA	GC10T	10600.0	2528	0.053113207	T	GC10	Mφ_THBS1	-1.8176433	-4.6350307
GC10T:TAGTTGGCAGGCAGTA	GC10T	9855.0	2418	0.02891933	T	GC10	Mφ_THBS1	-2.422583	-3.7823067
GC10T:TAGTTGGGTCAAACTC	GC10T	15184.0	3469	0.055123813	T	GC10	Mφ_APOE	-1.4096446	-1.066248
GC10T:TAGTTGGGTGTAATGA	GC10T	43566.0	5026	0.03817197	T	GC10	Mφ_APOE	-3.781805	-1.1706545
GC10T:TATCAGGAGCGTCAAG	GC10T	3709.0	1059	0.00026961445	T	GC10	Mφ_APOE	-1.7495698	-2.13203
GC10T:TATCAGGAGTACATGA	GC10T	5225.0	1517	0.05818182	T	GC10	Mφ_THBS1	-2.3330922	-6.054723
GC10T:TATCTCACAAGACACG	GC10T	5665.0	1630	0.06760812	T	GC10	Mφ_THBS1	-2.3391607	-6.9811788
GC10T:TATCTCAGTCTAAACC	GC10T	8057.0	2574	0.031153034	T	GC10	pDC_LILRA4	4.977486	2.917682
GC10T:TATCTCAGTGATGTGG	GC10T	8027.0	1952	0.047963124	T	GC10	Mφ_THBS1	-1.6343265	-4.7616053
GC10T:TATGCCCAGCGATGAC	GC10T	9809.0	2252	0.06208584	T	GC10	Mφ_THBS1	-2.581556	-4.5421267
GC10T:TATTACCTCCTTTACA	GC10T	15276.0	3189	0.054660905	T	GC10	cDC2_CD1C	0.29586148	-1.7319679
GC10T:TCAACGAGTGTTAAGA	GC10T	7366.0	1834	0.040048875	T	GC10	Mφ_THBS1	-0.7085577	-6.5472198
GC10T:TCAATCTGTTAAGTAG	GC10T	16658.0	3224	0.044062912	T	GC10	Mφ_THBS1	-2.562315	-3.280707
GC10T:TCAATCTTCCGCGTTT	GC10T	8972.0	2025	0.035666518	T	GC10	Mφ_THBS1	-2.077125	-5.125603
GC10T:TCACAAGAGTCTTGCA	GC10T	9909.0	2226	0.03824806	T	GC10	Mφ_THBS1	-1.7480022	-3.7012455
GC10T:TCACAAGAGTGCGATG	GC10T	6467.0	1809	0.027524354	T	GC10	Mφ_THBS1	0.39571878	-4.059232
GC10T:TCACAAGCATCGATGT	GC10T	10442.0	2456	0.03236928	T	GC10	Mφ_THBS1	-1.8372712	-3.851943
GC10T:TCACAAGTCGCGCCAA	GC10T	9554.0	2656	0.03433117	T	GC10	pDC_LILRA4	4.839204	3.1301157
GC10T:TCACGAAAGACCTAGG	GC10T	6111.0	1782	0.073474064	T	GC10	Mφ_THBS1	-2.1816902	-5.746411
GC10T:TCACGAAAGTCCTCCT	GC10T	6612.0	1750	0.042044766	T	GC10	Mφ_THBS1	-1.418221	-5.3507013
GC10T:TCACGAAGTCACTTCC	GC10T	11183.0	2027	0.046946257	T	GC10	Mφ_THBS1	-2.009444	-6.452421
GC10T:TCACGAATCCATGAAC	GC10T	7634.0	2207	0.037725963	T	GC10	DC_LAMP3	4.6688824	-0.5385303
GC10T:TCAGATGGTGTAAGTA	GC10T	3741.0	1298	0.026463512	T	GC10	Mφ_THBS1	0.4878463	-6.732934
GC10T:TCAGCAACACGCTTTC	GC10T	7256.0	1811	0.044928335	T	GC10	Mφ_THBS1	-2.5227404	-5.203574
GC10T:TCAGCAACATAAGACA	GC10T	16294.0	3607	0.08794648	T	GC10	Mφ_APOE	-2.4098558	0.40582374
GC10T:TCAGCAATCTGGGCCA	GC10T	23252.0	3818	0.043394115	T	GC10	Mφ_APOE	-3.58929	-0.21513882
GC10T:TCAGCTCGTCAGATAA	GC10T	6089.0	1787	0.024634587	T	GC10	Mφ_THBS1	0.19062716	-6.609072
GC10T:TCAGCTCGTGTGCGTC	GC10T	1964.0	871	0.025967414	T	GC10	Mφ_THBS1	4.3068614	-6.514343
GC10T:TCAGCTCTCGCCATAA	GC10T	6592.0	1792	0.047026698	T	GC10	Mφ_THBS1	-2.5978742	-6.363027
GC10T:TCAGGATGTCTCTTAT	GC10T	8207.0	1945	0.03789448	T	GC10	Mφ_THBS1	-2.2142427	-6.615303
GC10T:TCATTACAGATGCCAG	GC10T	10510.0	2546	0.050237868	T	GC10	Mφ_THBS1	-2.3247619	-4.3222814
GC10T:TCATTACCATCACAAC	GC10T	9748.0	2471	0.050574478	T	GC10	Mφ_THBS1	-2.0682032	-5.018414
GC10T:TCCACACTCACTCTTA	GC10T	10896.0	2607	0.0332232	T	GC10	Mφ_THBS1	-2.416296	-4.085006
GC10T:TCCACACTCTCGGACG	GC10T	22876.0	3933	0.03217346	T	GC10	Mφ_APOE	-3.8257082	-0.6074596
GC10T:TCCCGATCACCTGGTG	GC10T	15462.0	3346	0.030526452	T	GC10	cDC2_CD1C	0.2926711	-1.1962652
GC10T:TCGAGGCGTGTGCGTC	GC10T	5701.0	1697	0.04016839	T	GC10	Mφ_APOE	-1.6643405	-1.5770729
GC10T:TCGCGTTAGCTGCCCA	GC10T	10226.0	2132	0.041365147	T	GC10	cDC2_CD1C	2.5657897	-1.4858017
GC10T:TCGCGTTAGTGGTCCC	GC10T	8767.0	1713	0.04334436	T	GC10	cDC2_CD1C	2.5016246	-2.1464472
GC10T:TCGCGTTTCGCTAGCG	GC10T	7556.0	1768	0.025807306	T	GC10	Mφ_THBS1	-2.5655687	-5.103617
GC10T:TCGGGACCAGTTTACG	GC10T	8748.0	1892	0.03978052	T	GC10	Mφ_THBS1	-1.73183	-6.181332
GC10T:TCGGGACGTTACGCGC	GC10T	10670.0	2624	0.033177134	T	GC10	Mφ_APOE	-1.9518138	-2.520353
GC10T:TCGGGACGTTATCCGA	GC10T	17445.0	3595	0.03382058	T	GC10	cDC2_CD1C	-0.8394943	-2.501169
GC10T:TCGGTAAAGACAAAGG	GC10T	24335.0	3960	0.02391617	T	GC10	Mφ_APOE	-3.5879734	-1.9233998
GC10T:TCGGTAACACTGTGTA	GC10T	20831.0	3618	0.045125052	T	GC10	Mφ_APOE	-3.612088	-0.12329635
GC10T:TCGTACCGTGCTGTAT	GC10T	14300.0	3146	0.053776223	T	GC10	Mφ_APOE	-3.1256583	-0.29509792
GC10T:TCGTAGAGTGCAGTAG	GC10T	14398.0	2881	0.02785109	T	GC10	Mφ_APOE	-2.9306223	-2.448722
GC10T:TCTATTGAGATCACGG	GC10T	10412.0	2675	0.049270075	T	GC10	Mφ_APOE	-2.4986918	0.73354906
GC10T:TCTATTGCAGGTCGTC	GC10T	5827.0	1579	0.03638236	T	GC10	Mφ_THBS1	-2.7850258	-5.778591
GC10T:TCTCATAAGCGTAATA	GC10T	6598.0	1629	0.09154289	T	GC10	cDC1_XCR1	1.2749268	2.516829
GC10T:TCTCATAAGTACGTTC	GC10T	12570.0	2818	0.04280032	T	GC10	Mφ_APOE	-3.5998657	0.0426932
GC10T:TCTCATACAAAGTGCG	GC10T	12127.0	3108	0.05541354	T	GC10	Mφ_APOE	-2.6263773	-0.65183526
GC10T:TCTCATAGTGCAACGA	GC10T	2708.0	1244	0.07163959	T	GC10	Mφ_APOE	-1.9973806	0.28028885
GC10T:TCTCTAATCGAACTGT	GC10T	6739.0	2177	0.040065292	T	GC10	Mφ_THBS1	-2.1362255	-4.2986865
GC10T:TCTCTAATCGTCTGCT	GC10T	6871.0	2143	0.057196915	T	GC10	Mono_FCGR3A	6.374591	-2.1650803
GC10T:TCTCTAATCTTAGAGC	GC10T	7439.0	2064	0.048259176	T	GC10	Mφ_THBS1	-0.5269575	-7.383361
GC10T:TCTGAGAAGTAGGTGC	GC10T	7960.0	2138	0.059547737	T	GC10	Mφ_THBS1	-1.082822	-3.4345176
GC10T:TCTGAGATCGCCTGAG	GC10T	5758.0	1581	0.042549495	T	GC10	Mφ_THBS1	-2.2574034	-6.183447
GC10T:TCTGGAACATACGCTA	GC10T	9176.0	2280	0.04272014	T	GC10	cDC2_CD1C	1.6248481	-2.441963
GC10T:TCTGGAAGTACCAGTT	GC10T	7835.0	1729	0.033950225	T	GC10	Mφ_APOE	-2.675498	-2.4639962
GC10T:TCTGGAAGTTGTACAC	GC10T	10224.0	2548	0.040590767	T	GC10	Mφ_APOE	-3.1325395	0.3999019
GC10T:TCTGGAATCACCCTCA	GC10T	9357.0	2535	0.044886183	T	GC10	Mφ_THBS1	-1.2458388	-3.6248422
GC10T:TCTGGAATCCGTAGTA	GC10T	2545.0	1062	0.091159135	T	GC10	Mφ_APOE	-1.5023373	1.0299146
GC10T:TCTTCGGTCGTTTGCC	GC10T	2448.0	832	0.033088237	T	GC10	Mφ_THBS1	0.72646505	-5.022982
GC10T:TCTTTCCCACTGTTAG	GC10T	13504.0	2904	0.043468602	T	GC10	cDC2_CD1C	2.7139347	-1.9988613
GC10T:TCTTTCCGTCACTGGC	GC10T	14842.0	3256	0.042851366	T	GC10	Mφ_THBS1	-0.4498956	-5.295147
GC10T:TCTTTCCGTCTTCAAG	GC10T	15339.0	3435	0.0466784	T	GC10	Mφ_APOE	-3.2628615	-0.5776954
GC10T:TCTTTCCTCTGTTGAG	GC10T	683.0	371	0.011713031	T	GC10	DC_LAMP3	0.5696076	-2.0145316
GC10T:TGAAAGAAGACCGGAT	GC10T	16804.0	3026	0.04820281	T	GC10	Mφ_APOE	-2.8294427	0.2651742
GC10T:TGACAACCATGAGCGA	GC10T	11427.0	2370	0.059245646	T	GC10	cDC2_CD1C	2.3956254	-1.5900323
GC10T:TGACGGCGTTCATGGT	GC10T	19203.0	3242	0.03499453	T	GC10	cDC1_XCR1	1.035113	2.9902287
GC10T:TGACGGCTCTAACGGT	GC10T	15868.0	2961	0.06932191	T	GC10	Mφ_APOE	-3.5621817	-0.10475755
GC10T:TGACTAGAGGGATGGG	GC10T	12952.0	2665	0.042696107	T	GC10	Mφ_APOE	-2.617124	0.2817252
GC10T:TGACTAGGTAATAGCA	GC10T	28613.0	4322	0.03687135	T	GC10	Mφ_APOE	-3.8436947	-0.61949295
GC10T:TGACTAGTCCACTCCA	GC10T	14719.0	3027	0.033290304	T	GC10	cDC2_CD1C	1.2016348	-1.1133747
GC10T:TGAGAGGCAAAGGCGT	GC10T	16804.0	3272	0.042251844	T	GC10	Mφ_APOE	-4.065489	-0.38573548
GC10T:TGAGAGGCAGGGTTAG	GC10T	5651.0	1696	0.06069722	T	GC10	Mono_FCGR3A	5.5572333	-2.7554636
GC10T:TGAGAGGCAGTTTACG	GC10T	6390.0	1749	0.037245695	T	GC10	Mφ_THBS1	-2.5577886	-6.1495433
GC10T:TGAGCATCATTTGCCC	GC10T	8644.0	2090	0.042110134	T	GC10	Mφ_THBS1	-0.12632638	-3.8786163
GC10T:TGAGCATTCCAGAAGG	GC10T	21474.0	3093	0.035205364	T	GC10	cDC2_CD1C	1.5918199	-1.6781048
GC10T:TGAGGGAAGGAGTCTG	GC10T	7591.0	2165	0.07548413	T	GC10	Mφ_APOE	-1.7846953	0.60160065
GC10T:TGAGGGAAGTGCAAGC	GC10T	3884.0	1402	0.025231719	T	GC10	Mφ_THBS1	-1.389388	-3.6683786
GC10T:TGAGGGACAGATCGGA	GC10T	3835.0	1434	0.07249022	T	GC10	Mφ_THBS1	-1.2215697	-3.6367018
GC10T:TGAGGGACAGGGATTG	GC10T	4276.0	1447	0.03274088	T	GC10	Mφ_THBS1	-1.4100201	-4.6410766
GC10T:TGAGGGAGTAATTGGA	GC10T	11541.0	2610	0.03769171	T	GC10	Mφ_THBS1	-1.9552969	-4.3181047
GC10T:TGAGGGAGTGTTGAGG	GC10T	12798.0	2788	0.029301453	T	GC10	Mφ_APOE	-3.6109564	0.056111947
GC10T:TGAGGGATCTAAGCCA	GC10T	5339.0	1458	0.04495224	T	GC10	Mφ_THBS1	-2.3816676	-7.0809426
GC10T:TGAGGGATCTGCAGTA	GC10T	3790.0	1231	0.045646437	T	GC10	Mφ_THBS1	-2.1356764	-6.878138
GC10T:TGATTTCAGCTCCTCT	GC10T	9760.0	2123	0.06997951	T	GC10	DC_LAMP3	4.890577	-0.7725809
GC10T:TGATTTCCAGGTGGAT	GC10T	1238.0	613	0.046849757	T	GC10	Mφ_THBS1	0.91384226	-5.6545033
GC10T:TGCACCTAGAGTACAT	GC10T	12335.0	2913	0.03948115	T	GC10	Mφ_THBS1	-1.945215	-3.8230407
GC10T:TGCACCTTCTTCGGTC	GC10T	1948.0	706	0.05544148	T	GC10	Mφ_THBS1	0.26776093	-5.654528
GC10T:TGCCAAAAGAGAGCTC	GC10T	11431.0	2762	0.07287201	T	GC10	Mφ_APOE	-2.1405768	-0.55560476
GC10T:TGCCAAACATGCCTTC	GC10T	26771.0	4244	0.03724179	T	GC10	cDC1_XCR1	0.85495085	2.4383423
GC10T:TGCCCATCATCCGGGT	GC10T	11772.0	2799	0.065154605	T	GC10	Mφ_THBS1	-1.4702964	-4.391415
GC10T:TGCCCATGTCTTCGTC	GC10T	7582.0	1840	0.060010552	T	GC10	Mφ_THBS1	-1.9298264	-6.2144914
GC10T:TGCCCATGTTCGGCAC	GC10T	5609.0	1641	0.064895704	T	GC10	Mφ_THBS1	-1.0698692	-3.0499465
GC10T:TGCCCTAGTTCAGACT	GC10T	10193.0	2644	0.020209948	T	GC10	Mφ_THBS1	-2.185206	-3.6902862
GC10T:TGCGCAGAGCAAATCA	GC10T	9401.0	2128	0.0454207	T	GC10	Mφ_THBS1	-1.1151356	-6.923649
GC10T:TGCGCAGAGTACTTGC	GC10T	10550.0	2288	0.044549763	T	GC10	Mφ_THBS1	-1.6044167	-7.177654
GC10T:TGCGCAGGTTGGTTTG	GC10T	10764.0	2516	0.052954294	T	GC10	cDC2_CD1C	1.3177388	-2.752265
GC10T:TGCGGGTAGAGTACCG	GC10T	4025.0	1234	0.045714285	T	GC10	Mφ_THBS1	-1.3617473	-5.0994916
GC10T:TGCGTGGGTAGCGTAG	GC10T	15217.0	3486	0.03804955	T	GC10	pDC_LILRA4	4.1273293	2.156971
GC10T:TGCGTGGTCAGTTCGA	GC10T	5874.0	1803	0.019067075	T	GC10	Mφ_THBS1	-1.2503388	-5.719524
GC10T:TGCTACCAGATGTTAG	GC10T	12714.0	2951	0.0728331	T	GC10	Mφ_APOE	-2.6944764	0.6447816
GC10T:TGCTACCTCTCGGACG	GC10T	15255.0	2965	0.03854474	T	GC10	Mφ_APOE	-3.415442	0.6227245
GC10T:TGCTGCTAGCAACGGT	GC10T	13591.0	3350	0.026929585	T	GC10	Mφ_APOE	-3.0155406	-0.23157537
GC10T:TGCTGCTGTACCGTAT	GC10T	6907.0	1881	0.025915738	T	GC10	Mφ_THBS1	-2.1300554	-6.9180055
GC10T:TGGCCAGGTCTCAACA	GC10T	3610.0	1068	0.08365651	T	GC10	Mφ_APOE	-2.6518354	-1.7907422
GC10T:TGGCGCAAGATCCCAT	GC10T	18008.0	3997	0.07713239	T	GC10	Mφ_APOE	-0.5342359	0.08389693
GC10T:TGGCGCAGTAGAAGGA	GC10T	14927.0	3652	0.050713472	T	GC10	Mφ_APOE	-2.1270955	0.349117
GC10T:TGGCTGGTCGCCGTGA	GC10T	24234.0	4986	0.03515722	T	GC10	Mφ_THBS1	-0.32647946	-3.1965606
GC10T:TGGGAAGCATCACGAT	GC10T	4670.0	1517	0.06509636	T	GC10	Mono_CD14	2.0477355	-4.8747706
GC10T:TGGGCGTAGATCCGAG	GC10T	6512.0	1801	0.034858722	T	GC10	Mφ_THBS1	-1.1872393	-7.061934
GC10T:TGGGCGTAGTATCTCG	GC10T	17586.0	3562	0.05293984	T	GC10	Mφ_APOE	-3.7764719	-2.0287762
GC10T:TGGGCGTGTGGTCTCG	GC10T	12203.0	2717	0.026305007	T	GC10	Mφ_APOE	-0.9537205	-1.9510192
GC10T:TGGTTAGCAAGCGAGT	GC10T	11839.0	2075	0.05236929	T	GC10	Mφ_THBS1	-0.976289	-6.339234
GC10T:TGGTTCCTCCATGCTC	GC10T	13955.0	3005	0.030311717	T	GC10	cDC2_CD1C	-0.15672688	-2.519534
GC10T:TGTATTCCACACTGCG	GC10T	11436.0	2482	0.036114026	T	GC10	Mφ_THBS1	-2.4511561	-3.8296502
GC10T:TGTCCCACACTGAAGG	GC10T	8165.0	2155	0.03612982	T	GC10	Mφ_THBS1	-1.0996614	-4.2141633
GC10T:TGTGGTAAGCCCTAAT	GC10T	2460.0	1094	0.038617887	T	GC10	Mφ_APOE	-1.2154039	-3.8822272
GC10T:TGTGGTAAGTCCCACG	GC10T	17552.0	3368	0.033785325	T	GC10	Mφ_APOE	-3.1545844	-0.1335406
GC10T:TGTGGTAGTTCTCATT	GC10T	2499.0	1039	0.023209283	T	GC10	Mφ_THBS1	-1.3345299	-7.101065
GC10T:TGTGGTAGTTGAACTC	GC10T	2736.0	947	0.025950292	T	GC10	Mφ_THBS1	-1.703665	-5.185253
GC10T:TGTGGTATCGGCATCG	GC10T	9445.0	2345	0.033033352	T	GC10	Mφ_THBS1	-1.4438719	-4.079821
GC10T:TGTGTTTAGAAACCGC	GC10T	11212.0	2370	0.030324653	T	GC10	DC_LAMP3	4.8022127	-0.56890893
GC10T:TGTGTTTAGGCGACAT	GC10T	5896.0	1867	0.031207599	T	GC10	Mφ_THBS1	-1.3551087	-5.0721555
GC10T:TGTGTTTTCGTCTGAA	GC10T	9577.0	2062	0.04855383	T	GC10	Mono_FCGR3A	0.5839086	-4.926945
GC10T:TGTTCCGAGTTGTCGT	GC10T	5413.0	1535	0.040273417	T	GC10	Mφ_THBS1	0.07054539	-4.545286
GC10T:TGTTCCGCAGCTCCGA	GC10T	13897.0	2714	0.04447003	T	GC10	Mφ_APOE	-3.6044571	0.150028
GC10T:TGTTCCGGTAAGTTCC	GC10T	12162.0	2636	0.046209507	T	GC10	cDC2_CD1C	0.6390015	-2.1294003
GC10T:TTAACTCAGGGCTTCC	GC10T	21742.0	3429	0.046223897	T	GC10	Mφ_APOE	-3.9249897	-0.17582609
GC10T:TTAACTCCAGGTGGAT	GC10T	6096.0	1649	0.04429134	T	GC10	Mφ_THBS1	-2.6600497	-6.6826487
GC10T:TTAGGACTCTAACTCT	GC10T	15173.0	3347	0.04079615	T	GC10	Mφ_APOE	-1.269011	-0.84841925
GC10T:TTAGGCACAAGCTGAG	GC10T	14322.0	2970	0.05404273	T	GC10	Mφ_APOE	-2.7534823	0.59434503
GC10T:TTAGTTCAGTGTCTCA	GC10T	6395.0	1833	0.028303362	T	GC10	Mφ_THBS1	0.4581841	-4.4395447
GC10T:TTAGTTCCAAGTCATC	GC10T	18520.0	3807	0.038066953	T	GC10	Mφ_APOE	-3.3936164	0.37092328
GC10T:TTAGTTCCACAGGTTT	GC10T	8905.0	2271	0.046715327	T	GC10	Mφ_THBS1	0.8570107	-3.2349858
GC10T:TTATGCTAGTGGGATC	GC10T	6374.0	1612	0.031848133	T	GC10	Mφ_THBS1	-0.77815825	-6.5210724
GC10T:TTATGCTCAAGTACCT	GC10T	13413.0	3242	0.043763515	T	GC10	Mφ_APOE	-3.3240824	0.12852319
GC10T:TTATGCTGTACGCTGC	GC10T	5078.0	1616	0.06478929	T	GC10	Mφ_THBS1	-1.7671945	-5.664536
GC10T:TTCCCAGCACCCTATC	GC10T	4212.0	1643	0.045584045	T	GC10	Mφ_APOE	-2.9530747	-0.13928297
GC10T:TTCGAAGGTGTATGGG	GC10T	11687.0	2326	0.03816206	T	GC10	Mφ_APOE	-2.2274516	0.12681407
GC10T:TTCGAAGTCAACACAC	GC10T	15881.0	2560	0.027013412	T	GC10	Mφ_THBS1	-2.5893817	-3.3852093
GC10T:TTCGGTCCAGCCACCA	GC10T	10173.0	2431	0.033520103	T	GC10	Mφ_APOE	-3.1752853	-0.11023988
GC10T:TTCGGTCTCTAACGGT	GC10T	13838.0	2854	0.030929325	T	GC10	Mφ_THBS1	-2.3130035	-3.0021837
GC10T:TTCTCAAAGGTGCTAG	GC10T	19098.0	3390	0.051261913	T	GC10	Mφ_APOE	-3.5524702	0.5770374
GC10T:TTCTCAACAGATCCAT	GC10T	13053.0	2838	0.07285681	T	GC10	cDC2_CD1C	0.76240206	-1.7321571
GC10T:TTCTCAAGTACTTAGC	GC10T	10225.0	2497	0.029633252	T	GC10	DC_LAMP3	4.437846	-0.4857994
GC10T:TTCTCAATCCGTAGGC	GC10T	16057.0	3290	0.04010712	T	GC10	cDC2_CD1C	1.2808557	-1.1153746
GC10T:TTCTCCTAGAGGACGG	GC10T	13623.0	2854	0.037510093	T	GC10	DC_LAMP3	4.9585466	-0.70602965
GC10T:TTCTCCTTCACTCTTA	GC10T	6923.0	2401	0.024411382	T	GC10	pDC_LILRA4	4.895196	2.9452744
GC10T:TTCTTAGAGACTAGGC	GC10T	4618.0	1273	0.05197055	T	GC10	Mφ_THBS1	-1.9817923	-6.6936226
GC10T:TTCTTAGAGATACACA	GC10T	13894.0	2840	0.05304448	T	GC10	cDC2_CD1C	2.1410587	-2.0304093
GC10T:TTCTTAGAGGAACTGC	GC10T	5237.0	1704	0.03303418	T	GC10	Mφ_THBS1	-1.3727496	-4.218541
GC10T:TTCTTAGTCGGCCGAT	GC10T	9103.0	2282	0.047566738	T	GC10	Mφ_THBS1	-0.10538118	-3.5364985
GC10T:TTGAACGAGATGGGTC	GC10T	3136.0	1061	0.025829082	T	GC10	Mφ_THBS1	-1.7948036	-6.574483
GC10T:TTGAACGCAATGGACG	GC10T	17573.0	3358	0.045296762	T	GC10	cDC2_CD1C	1.296358	-1.714383
GC10T:TTGAACGGTCTAAAGA	GC10T	2017.0	845	0.04957858	T	GC10	Mφ_THBS1	-0.37258166	-6.5569196
GC10T:TTGACTTTCCTTGGTC	GC10T	7012.0	1881	0.039931547	T	GC10	Mφ_THBS1	-0.9843342	-6.789439
GC10T:TTGCCGTCATCGGAAG	GC10T	8672.0	1848	0.03609317	T	GC10	cDC2_CD1C	1.273699	-2.2678568
GC10T:TTGCCGTTCTTAGCCC	GC10T	14770.0	2686	0.04448206	T	GC10	Mφ_APOE	-3.7125604	0.3199265
GC10T:TTGCGTCAGAGTACAT	GC10T	7872.0	1867	0.04280996	T	GC10	Mφ_THBS1	-1.3824747	-6.4468193
GC10T:TTGCGTCAGTAATCCC	GC10T	17401.0	2586	0.048445493	T	GC10	DC_LAMP3	3.5017338	-1.0951943
GC10T:TTGGCAATCGTCCGTT	GC10T	6897.0	1881	0.043062203	T	GC10	Mφ_THBS1	-1.8837298	-7.037933
GC10T:TTGTAGGAGTCAAGGC	GC10T	22320.0	4106	0.054883514	T	GC10	cDC1_XCR1	0.87922746	2.5437148
GC10T:TTGTAGGAGTGAAGAG	GC10T	5043.0	1607	0.038270872	T	GC10	Mφ_THBS1	-1.4981802	-3.6623678
GC10T:TTTACTGTCAACACTG	GC10T	15928.0	3156	0.038171772	T	GC10	Mφ_APOE	-2.6387274	0.79690975
GC10T:TTTATGCTCTGTTTGT	GC10T	5511.0	1636	0.037742697	T	GC10	Mφ_THBS1	-0.31991914	-5.074732
GC10T:TTTCCTCAGCAGGCTA	GC10T	12365.0	2955	0.039061867	T	GC10	Mφ_APOE	-2.4821231	0.6261947
GC10T:TTTCCTCTCAGTGTTG	GC10T	13845.0	2310	0.029252438	T	GC10	DC_LAMP3	4.686475	-0.623247
GC10T:TTTGCGCCAGGTCGTC	GC10T	3498.0	1328	0.033447683	T	GC10	Mφ_THBS1	0.39766723	-3.8460622
GC10T:TTTGCGCCATTTCACT	GC10T	6623.0	1814	0.05571493	T	GC10	Mφ_THBS1	1.3143994	-4.873724
GC10T:TTTGCGCGTCTAGAGG	GC10T	7907.0	1884	0.05893512	T	GC10	Mφ_APOE	-3.2012079	-0.41390085
GC10T:TTTGCGCGTGAGGGAG	GC10T	12929.0	2767	0.026452161	T	GC10	Mφ_APOE	-2.9380322	0.16336109
GC10T:TTTGCGCTCTCCTATA	GC10T	1742.0	742	0.08955224	T	GC10	Mφ_THBS1	-1.7756709	-4.530791
GC10T:TTTGGTTCAAGAGGCT	GC10T	9457.0	2351	0.0501216	T	GC10	Mφ_THBS1	-0.7247628	-4.453595
GC10T:TTTGGTTCATTACGAC	GC10T	16387.0	3322	0.028925369	T	GC10	Mφ_APOE	-2.2626393	-2.2094193
GC10T:TTTGTCAAGCGGATCA	GC10T	16058.0	3125	0.03686636	T	GC10	Mφ_APOE	-2.728482	-2.755222
GC10T:TTTGTCATCTTTAGTC	GC10T	6214.0	1634	0.03685227	T	GC10	Mφ_THBS1	-2.1863806	-7.2384005
GC01T:AAACCTGAGTGTCCAT	GC01T	4996.0	1583	0.056845475	T	GC01	Mφ_THBS1	0.038272012	-4.36352
GC01T:AAACGGGGTAGAAAGG	GC01T	6878.0	1923	0.046670545	T	GC01	cDC2_CD1C	2.1528394	-3.0117497
GC01T:AAAGATGCAGTCGTGC	GC01T	4335.0	1371	0.05144175	T	GC01	cDC2_CD1C	1.6418262	-2.5011995
GC01T:AACCATGTCGTAGGTT	GC01T	8884.0	2421	0.028027914	T	GC01	Mφ_APOE	-0.26502612	-1.2708807
GC01T:AACCGCGAGTCGATAA	GC01T	4625.0	1487	0.028324325	T	GC01	Mφ_THBS1	-0.8366756	-5.4343796
GC01T:AACCGCGCAAGCTGGA	GC01T	2049.0	935	0.06979014	T	GC01	Mφ_APOE	-2.1489587	-0.2578605
GC01T:AACTTTCTCCACTCCA	GC01T	12930.0	3092	0.06581593	T	GC01	Mφ_APOE	-2.832316	-0.3684394
GC01T:AAGCCGCTCCCTAATT	GC01T	5612.0	1785	0.05203136	T	GC01	Mφ_APOE	-1.2772948	-2.21576
GC01T:AATCCAGCAACGATGG	GC01T	2293.0	899	0.04099433	T	GC01	cDC2_CD1C	2.234912	-3.3234332
GC01T:AATCGGTGTCTCTTAT	GC01T	2533.0	930	0.030398736	T	GC01	Mφ_THBS1	-0.29258037	-5.904882
GC01T:ACAGCTAGTGAAGGCT	GC01T	564.0	395	0.07269503	T	GC01	Mφ_APOE	-0.3866815	-2.1451848
GC01T:ACCAGTATCCTGCCAT	GC01T	6038.0	1627	0.03610467	T	GC01	Mφ_APOE	-2.4302852	-2.644466
GC01T:ACCCACTCAAGTCTAC	GC01T	12363.0	2926	0.042141873	T	GC01	cDC2_CD1C	0.83654195	-1.6959817
GC01T:ACCCACTCACACCGCA	GC01T	858.0	466	0.04195804	T	GC01	Mφ_THBS1	0.09337915	-3.609741
GC01T:ACCTTTATCCTCATTA	GC01T	9593.0	2480	0.0427395	T	GC01	Mφ_APOE	0.15950026	-2.6441023
GC01T:ACGAGCCGTGTTCGAT	GC01T	4530.0	1442	0.038189847	T	GC01	Mφ_APOE	0.9419725	-3.4220412
GC01T:ACGAGGATCATGCATG	GC01T	14442.0	3165	0.080875225	T	GC01	Mφ_APOE	-3.3592687	-0.7593947
GC01T:ACGCAGCAGTGCCAGA	GC01T	6408.0	1616	0.027153557	T	GC01	cDC2_CD1C	1.788985	-2.136253
GC01T:ACGCCGAAGATGAGAG	GC01T	862.0	400	0.011600928	T	GC01	Mφ_THBS1	-0.2652035	-3.7229884
GC01T:ACGCCGAGTCCTGCTT	GC01T	4945.0	1659	0.060869563	T	GC01	Mφ_APOE	-0.21591492	-2.738826
GC01T:ACGGGCTAGACAATAC	GC01T	6667.0	2308	0.04304785	T	GC01	Mφ_APOE	-2.1495993	-0.7675462
GC01T:ACGGGCTGTACATGTC	GC01T	5800.0	1791	0.038448274	T	GC01	Mφ_THBS1	-1.9847162	-6.8597035
GC01T:ACGTCAATCAACGAAA	GC01T	13051.0	3359	0.03218144	T	GC01	Mφ_APOE	-0.9037235	-1.6799161
GC01T:ACTATCTTCATGTAGC	GC01T	20579.0	4049	0.031099664	T	GC01	Mφ_APOE	-2.5235708	-1.0393928
GC01T:ACTATCTTCTCGTTTA	GC01T	14939.0	3429	0.029586988	T	GC01	cDC2_CD1C	1.917847	0.15389326
GC01T:ACTTACTCAGCATGAG	GC01T	9870.0	2353	0.04042553	T	GC01	DC_LAMP3	3.0894864	-1.3699201
GC01T:ACTTACTGTATATCCG	GC01T	9951.0	2921	0.033865944	T	GC01	cDC2_CD1C	2.4756572	-0.1532852
GC01T:ACTTGTTAGGTGTTAA	GC01T	6695.0	2104	0.025690814	T	GC01	Mφ_THBS1	0.65273666	-3.5085547
GC01T:ACTTGTTCATGGTCAT	GC01T	19305.0	4369	0.04164724	T	GC01	Mφ_APOE	-3.1537273	-0.8912763
GC01T:ACTTTCAAGTTACGGG	GC01T	13638.0	3144	0.029696437	T	GC01	cDC2_CD1C	0.6188937	-1.03991
GC01T:ACTTTCACAGTCGATT	GC01T	3183.0	1223	0.037700284	T	GC01	Mφ_THBS1	0.17695758	-3.4837425
GC01T:AGAATAGGTAGCTGCC	GC01T	8907.0	2271	0.03401819	T	GC01	cDC2_CD1C	1.3958777	-1.073193
GC01T:AGACGTTAGGCTACGA	GC01T	5614.0	1722	0.057000358	T	GC01	Mφ_THBS1	-0.34048945	-3.2477098
GC01T:AGAGCGAAGGAGCGAG	GC01T	4198.0	1355	0.022868032	T	GC01	Mφ_THBS1	-0.5637363	-3.2008963
GC01T:AGATCTGAGATCCGAG	GC01T	9616.0	2827	0.057820298	T	GC01	DC_LAMP3	4.5127907	-0.61850864
GC01T:AGATCTGAGATCTGCT	GC01T	3760.0	1375	0.082446806	T	GC01	Mono_CD14	1.9637843	-4.5143995
GC01T:AGCATACCACGTTGGC	GC01T	2781.0	1086	0.024451636	T	GC01	Mφ_THBS1	-0.29288122	-5.8560023
GC01T:AGCATACTCCTTTACA	GC01T	11547.0	2593	0.05204815	T	GC01	cDC2_CD1C	1.6508292	-2.3143573
GC01T:AGCCTAACAGGAATCG	GC01T	4554.0	1526	0.05841019	T	GC01	Mφ_THBS1	-1.4964926	-5.655547
GC01T:AGCCTAATCGCAAGCC	GC01T	6310.0	1825	0.021394612	T	GC01	Mφ_THBS1	1.5083095	-4.701255
GC01T:AGCGGTCAGCAATATG	GC01T	1589.0	616	0.056010067	T	GC01	Mφ_THBS1	-0.80132276	-5.509349
GC01T:AGCTCCTGTGCGAAAC	GC01T	5581.0	1719	0.035298333	T	GC01	Mφ_THBS1	0.72682375	-5.3607416
GC01T:AGGGATGTCTTGCAAG	GC01T	4166.0	1437	0.053288527	T	GC01	Mφ_THBS1	-0.86685693	-5.3101993
GC01T:AGTGTCAGTCCATCCT	GC01T	9354.0	2032	0.03624118	T	GC01	DC_LAMP3	4.307901	-0.87809163
GC01T:ATAACGCGTATATGGA	GC01T	9621.0	2352	0.03274088	T	GC01	cDC2_CD1C	0.9865136	-1.7321222
GC01T:ATAGACCTCCCGACTT	GC01T	1054.0	444	0.032258064	T	GC01	Mφ_APOE	-1.6745038	-1.8438765
GC01T:ATCACGAAGCTAGTTC	GC01T	1362.0	588	0.06387665	T	GC01	Mφ_THBS1	-0.7036312	-3.4530387
GC01T:ATCATCTCAGTACACT	GC01T	14813.0	3194	0.039559845	T	GC01	cDC2_CD1C	1.3771955	-1.4009558
GC01T:ATCCGAACAAGTCATC	GC01T	2056.0	421	0.061284047	T	GC01	Mφ_APOE	-2.5237303	-1.3098878
GC01T:ATCGAGTAGTCCTCCT	GC01T	7153.0	2046	0.033831958	T	GC01	Mφ_THBS1	0.98652357	-4.140033
GC01T:ATCTGCCCAACCGCCA	GC01T	824.0	409	0.0012135922	T	GC01	Mφ_APOE	-0.34135643	-2.5745852
GC01T:ATGAGGGAGTCGCCGT	GC01T	8478.0	2257	0.032436896	T	GC01	Mφ_APOE	-1.6712829	-1.7583048
GC01T:ATGTGTGTCAGCCTAA	GC01T	5541.0	1674	0.03555315	T	GC01	Mφ_THBS1	-0.2973911	-3.884527
GC01T:ATTATCCTCGTTTATC	GC01T	9576.0	2570	0.035192147	T	GC01	cDC2_CD1C	0.9075926	-0.7507268
GC01T:ATTCTACAGACATAAC	GC01T	4867.0	1643	0.04540785	T	GC01	Mφ_APOE	-0.23174354	-3.4349825
GC01T:ATTCTACGTGTGAATA	GC01T	17248.0	3675	0.059485156	T	GC01	cDC2_CD1C	0.6538645	0.011957305
GC01T:ATTGGACCACCTTGTC	GC01T	3755.0	1253	0.032490015	T	GC01	Mφ_THBS1	1.222035	-4.4588966
GC01T:ATTGGACGTCCGAATT	GC01T	4474.0	1310	0.0442557	T	GC01	Mφ_THBS1	0.44611302	-4.6753864
GC01T:ATTGGACTCGGTCCGA	GC01T	4673.0	1465	0.041515086	T	GC01	Mφ_THBS1	-2.5655565	-6.03707
GC01T:ATTGGTGAGTCGATAA	GC01T	6514.0	1925	0.041909732	T	GC01	Mφ_APOE	-1.16948	-2.4687543
GC01T:ATTTCTGAGCACGCCT	GC01T	6908.0	2158	0.060220033	T	GC01	cDC2_CD1C	1.2696762	-1.016947
GC01T:CAACTAGCAGCTTAAC	GC01T	2191.0	1103	0.054769512	T	GC01	Mφ_APOE	-2.112642	-1.8455111
GC01T:CAAGAAAGTTAGAACA	GC01T	2443.0	1105	0.047482602	T	GC01	Mφ_APOE	-1.6147178	-1.0211298
GC01T:CAAGATCTCCTGCAGG	GC01T	1972.0	767	0.03448276	T	GC01	Mφ_THBS1	-1.1318523	-6.540603
GC01T:CACACCTTCATGCATG	GC01T	2846.0	1043	0.030920591	T	GC01	Mφ_THBS1	-0.46483457	-3.5674691
GC01T:CACATTTGTGCTGTAT	GC01T	21956.0	3819	0.029832393	T	GC01	cDC1_XCR1	1.1069509	3.074195
GC01T:CACCACTCACCGGAAA	GC01T	10090.0	2146	0.015163528	T	GC01	DC_LAMP3	4.621822	-0.67665815
GC01T:CACCACTGTGTTTGTG	GC01T	16025.0	3462	0.03076443	T	GC01	Mφ_APOE	0.07522325	-2.0907676
GC01T:CACTCCACATGGGACA	GC01T	2984.0	1203	0.08310992	T	GC01	Mφ_APOE	-1.1605598	-1.8783349
GC01T:CAGAATCGTAGCTAAA	GC01T	10414.0	2919	0.03610524	T	GC01	Mφ_APOE	-1.7687354	-2.0600197
GC01T:CAGCAGCGTACCGGCT	GC01T	2493.0	976	0.017649418	T	GC01	Mφ_THBS1	-0.4901068	-3.0502534
GC01T:CAGCATACAATGGATA	GC01T	4107.0	1286	0.059897736	T	GC01	Mφ_THBS1	-1.1396378	-6.145204
GC01T:CAGCATAGTTGCTCCT	GC01T	2248.0	866	0.03870107	T	GC01	Mφ_THBS1	-1.756815	-5.600231
GC01T:CAGGTGCTCAGCAACT	GC01T	3358.0	1202	0.03394878	T	GC01	Mφ_THBS1	-2.2479556	-6.353677
GC01T:CAGTAACCATCACGTA	GC01T	4408.0	1322	0.029491832	T	GC01	Mφ_APOE	-1.8430512	-1.1568588
GC01T:CAGTAACGTGATGTGG	GC01T	5655.0	1695	0.018037135	T	GC01	cDC2_CD1C	1.0775665	-1.0820462
GC01T:CAGTCCTTCACAAACC	GC01T	16759.0	3847	0.027746286	T	GC01	Mφ_APOE	-0.46376505	-1.8149232
GC01T:CATATTCAGCTACCGC	GC01T	12218.0	2985	0.04133246	T	GC01	cDC2_CD1C	1.486503	-0.49981603
GC01T:CATCAAGTCTCGATGA	GC01T	11722.0	2324	0.037450947	T	GC01	DC_LAMP3	4.02091	-1.0758725
GC01T:CATCAGAGTTGGACCC	GC01T	1732.0	811	0.048498847	T	GC01	Mφ_THBS1	-0.09926052	-4.480844
GC01T:CATCCACTCAGAGCTT	GC01T	891.0	430	0.039281707	T	GC01	Mφ_THBS1	-0.31896263	-6.663253
GC01T:CATCGAACATTTGCTT	GC01T	4047.0	1437	0.025945144	T	GC01	Mφ_APOE	-2.3550892	-1.0096323
GC01T:CATCGGGAGGTGCTAG	GC01T	3427.0	1265	0.04260286	T	GC01	Mφ_APOE	-0.4690989	-2.4552603
GC01T:CATCGGGTCGTTGACA	GC01T	1524.0	714	0.033464566	T	GC01	Mφ_APOE	-0.23857406	-2.1003795
GC01T:CATGCCTTCTCGGACG	GC01T	6599.0	1931	0.024549173	T	GC01	Mono_CD14	2.4224699	-4.640263
GC01T:CATGGCGCAAGTCTAC	GC01T	3826.0	1380	0.052273914	T	GC01	Mφ_THBS1	-0.22605237	-4.688182
GC01T:CATTATCAGACTGTAA	GC01T	8896.0	2073	0.041591726	T	GC01	DC_LAMP3	4.367017	-1.0143528
GC01T:CCATGTCTCAAGATCC	GC01T	1607.0	816	0.049159925	T	GC01	Mono_CD14	3.0532684	-7.033716
GC01T:CCATGTCTCGTGGGAA	GC01T	2197.0	940	0.016385982	T	GC01	Mφ_THBS1	-0.68627083	-7.7632236
GC01T:CCGTGGATCAGCCTAA	GC01T	13001.0	3131	0.03007461	T	GC01	cDC2_CD1C	0.15995164	-1.2655488
GC01T:CCTACCAAGAGTCTGG	GC01T	7366.0	2033	0.03597611	T	GC01	Mφ_THBS1	-1.764932	-4.808618
GC01T:CCTACCATCTGTCTAT	GC01T	5661.0	1658	0.04292528	T	GC01	DC_LAMP3	4.3487434	-0.7763702
GC01T:CCTAGCTAGCTCCTTC	GC01T	5597.0	1906	0.028586743	T	GC01	Mφ_THBS1	-0.5931689	-3.4016483
GC01T:CCTTACGCATCTATGG	GC01T	3346.0	1237	0.03257621	T	GC01	Mφ_THBS1	-2.337729	-7.137411
GC01T:CCTTCCCAGGCTAGAC	GC01T	5573.0	1699	0.021532388	T	GC01	Mφ_THBS1	-1.3979726	-5.621693
GC01T:CCTTCGAGTGGTCCGT	GC01T	5252.0	1687	0.021515613	T	GC01	Mφ_THBS1	-1.1593274	-5.0303845
GC01T:CCTTTCTAGGCTATCT	GC01T	5716.0	1797	0.027641708	T	GC01	Mφ_THBS1	-0.02202176	-5.737328
GC01T:CCTTTCTTCAGGCCCA	GC01T	2735.0	1130	0.043875687	T	GC01	Mφ_THBS1	-0.47282496	-4.686935
GC01T:CGAATGTAGGGAACGG	GC01T	782.0	343	0.035805628	T	GC01	Mφ_THBS1	-0.04062335	-4.367205
GC01T:CGACCTTAGAGAGCTC	GC01T	7177.0	1916	0.022014769	T	GC01	Mφ_THBS1	-0.93642956	-6.717498
GC01T:CGACTTCTCACAACGT	GC01T	10505.0	2754	0.030366492	T	GC01	Mφ_APOE	-0.29307336	-1.966218
GC01T:CGACTTCTCGAATGCT	GC01T	10268.0	2885	0.025905726	T	GC01	Mono_CD14	-0.21938156	-2.052605
GC01T:CGAGCCACATGCCACG	GC01T	11146.0	2619	0.022160416	T	GC01	Mφ_APOE	-0.11179324	-2.9289997
GC01T:CGCCAAGTCATTATCC	GC01T	5762.0	1970	0.022908712	T	GC01	Mφ_THBS1	-1.6603022	-3.7192762
GC01T:CGCGTTTAGCCCAACC	GC01T	7792.0	2135	0.022715606	T	GC01	Mφ_APOE	-1.4588809	-2.3002884
GC01T:CGGACTGGTCAATGTC	GC01T	2732.0	1008	0.025988286	T	GC01	Mφ_APOE	-0.9062955	-2.301025
GC01T:CGGAGTCAGTGTACTC	GC01T	14184.0	3365	0.027707275	T	GC01	Mφ_APOE	-3.3252158	-0.9658814
GC01T:CGGGTCACAACGCACC	GC01T	13313.0	2708	0.024186885	T	GC01	cDC2_CD1C	1.9793359	-1.9810104
GC01T:CGTAGGCCAAGTAGTA	GC01T	6859.0	2018	0.07639597	T	GC01	Mono_CD14	6.134013	-5.5753193
GC01T:CGTCACTCACGGACAA	GC01T	8225.0	2142	0.051914893	T	GC01	cDC2_CD1C	2.0189128	-1.0680221
GC01T:CGTCACTGTGTGCCTG	GC01T	2271.0	847	0.035226773	T	GC01	Mφ_THBS1	-1.243082	-5.406372
GC01T:CGTCAGGAGCGTGAGT	GC01T	1575.0	712	0.05968254	T	GC01	Mφ_THBS1	0.02822859	-4.1945076
GC01T:CGTTCTGGTGACTCAT	GC01T	5712.0	1710	0.020833334	T	GC01	Mφ_APOE	-0.2649609	-1.7341954
GC01T:CTACCCAGTCTGCCAG	GC01T	21437.0	4681	0.043896068	T	GC01	cDC2_CD1C	0.82455575	0.8799718
GC01T:CTACGTCCAATCGGTT	GC01T	12782.0	2926	0.033328116	T	GC01	cDC2_CD1C	0.76860636	-1.3648546
GC01T:CTCATTATCCTAAGTG	GC01T	6110.0	1913	0.042062193	T	GC01	Mφ_APOE	-0.74122816	-2.194124
GC01T:CTCGAAAAGGCTAGCA	GC01T	5366.0	1550	0.04640328	T	GC01	Mφ_THBS1	0.26519746	-5.6681323
GC01T:CTCGAAACAAACTGTC	GC01T	8333.0	2244	0.06264251	T	GC01	Mφ_APOE	-1.6296029	-1.4051243
GC01T:CTCGAGGGTTTGCATG	GC01T	5165.0	1714	0.024394967	T	GC01	Mφ_APOE	-0.623176	-3.1812487
GC01T:CTCGGAGGTTCGAATC	GC01T	4867.0	1497	0.031230738	T	GC01	Mφ_THBS1	-0.3034986	-4.247634
GC01T:CTCGTACGTATATCCG	GC01T	3432.0	1205	0.05390443	T	GC01	Mφ_APOE	-1.2285969	-2.0581188
GC01T:CTGAAGTAGCCAGAAC	GC01T	5677.0	1552	0.031530738	T	GC01	Mφ_APOE	-1.8311346	-1.9428473
GC01T:CTGATAGTCTTGCATT	GC01T	11761.0	2892	0.039537456	T	GC01	cDC2_CD1C	2.5576792	-1.1853349
GC01T:CTGCGGAAGAAACGCC	GC01T	931.0	514	0.025778733	T	GC01	Mφ_THBS1	0.1704804	-3.029423
GC01T:CTGCGGAGTCTCTCGT	GC01T	15092.0	3211	0.043002915	T	GC01	cDC2_CD1C	0.40585896	-1.7053683
GC01T:CTGCGGATCTTCATGT	GC01T	10447.0	1987	0.031013688	T	GC01	DC_LAMP3	4.3830023	-1.1192358
GC01T:CTGCTGTCAACACGCC	GC01T	16992.0	4398	0.01971516	T	GC01	Mφ_APOE	-2.5444455	0.80105895
GC01T:CTGCTGTTCTCCCTGA	GC01T	12615.0	3375	0.0267935	T	GC01	Mφ_APOE	-0.981924	-1.1534082
GC01T:CTTAGGAAGACAGGCT	GC01T	3193.0	1309	0.062323835	T	GC01	Mφ_THBS1	-0.95088404	-3.1023543
GC01T:GAAATGAGTTGAACTC	GC01T	7795.0	2092	0.03835792	T	GC01	Mφ_APOE	-0.63712436	-2.5710595
GC01T:GAACCTAAGGTTACCT	GC01T	7958.0	2060	0.026514199	T	GC01	Mφ_THBS1	1.5991572	-4.5147943
GC01T:GAAGCAGCAATCCGAT	GC01T	3129.0	1237	0.05528923	T	GC01	Mφ_APOE	-0.41005117	-3.5247092
GC01T:GACACGCAGCTAGTGG	GC01T	5414.0	1683	0.06409309	T	GC01	Mφ_THBS1	0.051748548	-3.4883826
GC01T:GACAGAGAGCGTAGTG	GC01T	2078.0	885	0.040904716	T	GC01	Mφ_APOE	-0.49099272	-3.2581842
GC01T:GACGCGTCAATAAGCA	GC01T	4674.0	1600	0.037013266	T	GC01	Mφ_APOE	-0.90483934	-2.39704
GC01T:GACGGCTAGAGTCGGT	GC01T	2412.0	859	0.068822555	T	GC01	Mφ_APOE	-0.5677294	-2.7260845
GC01T:GACGGCTTCCGAATGT	GC01T	2021.0	778	0.038594756	T	GC01	Mφ_THBS1	-0.7471944	-6.063482
GC01T:GACGTGCTCTGCGACG	GC01T	13524.0	3287	0.03386572	T	GC01	cDC1_XCR1	1.342586	2.9831376
GC01T:GACTAACTCCTAGAAC	GC01T	14927.0	3592	0.050043546	T	GC01	Mφ_APOE	-0.18811056	-1.2253752
GC01T:GACTACATCATTTGGG	GC01T	20627.0	3851	0.033548262	T	GC01	cDC1_XCR1	0.8615549	2.7460797
GC01T:GACTGCGTCGCGTTTC	GC01T	8284.0	1783	0.021487204	T	GC01	cDC1_XCR1	1.5731729	2.1167967
GC01T:GAGCAGAAGATGCGAC	GC01T	7278.0	2130	0.034487497	T	GC01	Mφ_THBS1	-0.42449635	-3.7708535
GC01T:GATCAGTAGAGTCTGG	GC01T	8966.0	2513	0.040709347	T	GC01	DC_LAMP3	3.895946	-0.5923807
GC01T:GATCAGTGTCTGCGGT	GC01T	1411.0	599	0.034727145	T	GC01	Mφ_THBS1	0.26528674	-3.4715326
GC01T:GATCGATAGTATCTCG	GC01T	4819.0	1572	0.029466694	T	GC01	Mφ_THBS1	1.4237156	-4.998449
GC01T:GATCGCGCATCACGAT	GC01T	796.0	533	0.07160804	T	GC01	Mφ_APOE	-0.4568224	-1.9506835
GC01T:GATGAGGTCTATCCCG	GC01T	13493.0	3334	0.023790114	T	GC01	Mφ_APOE	-3.4159744	-0.5551559
GC01T:GATTCAGCACTCGACG	GC01T	5362.0	1673	0.05613577	T	GC01	Mφ_APOE	-0.3137807	-1.1699005
GC01T:GCACATAAGAAGGCCT	GC01T	4759.0	1544	0.048959866	T	GC01	Mφ_APOE	-1.8568829	-1.8386708
GC01T:GCAGTTAAGATCCCAT	GC01T	5569.0	1689	0.02603699	T	GC01	pDC_LILRA4	3.8938596	2.199417
GC01T:GCATGCGAGTTCGCGC	GC01T	1024.0	532	0.036132812	T	GC01	Mφ_THBS1	0.38448298	-4.6000705
GC01T:GCATGTAAGTTGAGAT	GC01T	991.0	504	0.01816347	T	GC01	Mφ_APOE	-1.6154366	-2.070832
GC01T:GCCTCTAAGGAACTGC	GC01T	6839.0	2102	0.021201931	T	GC01	Mφ_THBS1	-1.6296554	-4.080981
GC01T:GCGACCATCTCTGAGA	GC01T	5253.0	1551	0.037312012	T	GC01	Mφ_THBS1	-0.87721455	-5.3392935
GC01T:GCGAGAAGTTTAAGCC	GC01T	7053.0	2088	0.041117255	T	GC01	cDC2_CD1C	1.7937158	-2.9755294
GC01T:GCTCCTAAGGGCTTGA	GC01T	5278.0	1518	0.023304282	T	GC01	Mφ_THBS1	-0.25428918	-6.7450113
GC01T:GCTGCAGGTCTCATCC	GC01T	8050.0	2268	0.036397517	T	GC01	Mφ_THBS1	-0.51229066	-3.0473244
GC01T:GCTGCGACAGTGAGTG	GC01T	3284.0	578	0.096224114	T	GC01	Mφ_APOE	-2.469715	-1.2800524
GC01T:GCTGCGATCAACCATG	GC01T	737.0	417	0.031207599	T	GC01	Mφ_THBS1	-0.038139626	-4.9334035
GC01T:GCTGCTTCAGCCACCA	GC01T	4872.0	1544	0.035303775	T	GC01	Mφ_THBS1	-1.6383246	-6.6498117
GC01T:GCTGCTTGTAGGGACT	GC01T	9983.0	2609	0.024942402	T	GC01	Mφ_THBS1	-1.1445806	-4.9126997
GC01T:GCTGGGTTCGGCGCAT	GC01T	10505.0	2762	0.041123275	T	GC01	cDC2_CD1C	1.2490962	-2.5854907
GC01T:GGAAAGCCAGACGTAG	GC01T	11260.0	2708	0.0357016	T	GC01	cDC2_CD1C	0.99598384	-0.9822946
GC01T:GGAATAATCACGCATA	GC01T	1174.0	512	0.022998296	T	GC01	Mφ_THBS1	-0.6725281	-3.779749
GC01T:GGACGTCTCGCAAGCC	GC01T	1999.0	911	0.050525263	T	GC01	Mφ_APOE	0.28143504	-3.278263
GC01T:GGAGCAAGTATAATGG	GC01T	6573.0	1776	0.047010496	T	GC01	Mφ_THBS1	-0.9001937	-4.430222
GC01T:GGGACCTCAAAGAATC	GC01T	10008.0	2565	0.04866107	T	GC01	Mφ_THBS1	-0.101515256	-3.0466168
GC01T:GGGCACTTCAAGCCTA	GC01T	977.0	476	0.045035824	T	GC01	Mφ_THBS1	0.33252162	-3.9811318
GC01T:GGGCACTTCCTAAGTG	GC01T	13293.0	3003	0.03550741	T	GC01	Mφ_APOE	-1.8402283	-1.7810098
GC01T:GGTGTTAGTGTAACGG	GC01T	8407.0	2337	0.035089806	T	GC01	Mφ_THBS1	-0.7347228	-3.995363
GC01T:GTACTCCGTTAGAACA	GC01T	1522.0	742	0.06110381	T	GC01	Mφ_APOE	0.13965824	-2.993949
GC01T:GTACTTTAGAAAGTGG	GC01T	1420.0	712	0.019014085	T	GC01	Mφ_THBS1	-0.2981681	-4.9104156
GC01T:GTAGGCCCAGACAAGC	GC01T	2459.0	1002	0.041886944	T	GC01	Mφ_APOE	-0.43481252	-2.0359461
GC01T:GTCTCGTCAAGAAAGG	GC01T	18737.0	3810	0.028713241	T	GC01	Mφ_APOE	-2.5831008	-1.2753116
GC01T:GTCTCGTGTAAGCACG	GC01T	2550.0	942	0.015686275	T	GC01	Mφ_THBS1	0.40146628	-5.6736703
GC01T:GTGAAGGCAGACAGGT	GC01T	16142.0	3584	0.030975096	T	GC01	cDC2_CD1C	0.20795044	-0.9610771
GC01T:GTGCAGCCAGCTGGCT	GC01T	4065.0	1311	0.02902829	T	GC01	cDC2_CD1C	1.8706483	-2.4312909
GC01T:GTGCAGCTCAGGCAAG	GC01T	10571.0	2850	0.025636174	T	GC01	cDC2_CD1C	1.1793512	-0.7199604
GC01T:GTGCAGCTCCTAGAAC	GC01T	8365.0	2264	0.016019126	T	GC01	Mono_CD14	4.3678946	-4.799751
GC01T:GTGGGTCGTCCGAACC	GC01T	734.0	476	0.091280654	T	GC01	Mφ_APOE	-0.75127405	-1.7351419
GC01T:GTGGGTCGTTGGAGGT	GC01T	11561.0	2815	0.03321512	T	GC01	cDC2_CD1C	0.25424188	-1.826525
GC01T:GTGTGCGCACCAGCAC	GC01T	5304.0	1655	0.024886878	T	GC01	Mφ_APOE	1.4307238	-4.0368934
GC01T:GTGTGCGCAGACGCAA	GC01T	10272.0	2644	0.02784268	T	GC01	cDC2_CD1C	1.6989465	-1.4921855
GC01T:GTGTGCGGTCGTGGCT	GC01T	2068.0	769	0.03916828	T	GC01	Mφ_THBS1	0.07625655	-5.594146
GC01T:GTGTTAGCAGATCCAT	GC01T	4610.0	1504	0.030151844	T	GC01	Mφ_THBS1	-0.16902183	-5.117662
GC01T:GTTCGGGCACTGCCAG	GC01T	4874.0	1511	0.03508412	T	GC01	Mφ_THBS1	-0.57821196	-4.7244396
GC01T:GTTCGGGTCCTCTAGC	GC01T	4009.0	1283	0.039161887	T	GC01	Mφ_APOE	-1.1122115	-2.2294521
GC01T:TAAGTGCGTCGCTTTC	GC01T	7689.0	2312	0.034074653	T	GC01	Mφ_APOE	-1.5749748	-1.2732348
GC01T:TAAGTGCTCACCATAG	GC01T	7441.0	2092	0.048246205	T	GC01	cDC2_CD1C	2.2711387	-2.8198812
GC01T:TAAGTGCTCTGCAAGT	GC01T	1977.0	906	0.043500252	T	GC01	Mφ_THBS1	-0.28893772	-4.2223244
GC01T:TACAGTGGTAGCGTCC	GC01T	14952.0	3461	0.023073837	T	GC01	cDC2_CD1C	1.4494675	-0.7621103
GC01T:TACGGATAGTGAAGAG	GC01T	7404.0	2016	0.039708264	T	GC01	Mφ_APOE	-0.7889325	-2.3272326
GC01T:TACTCATGTTACCGAT	GC01T	13210.0	3021	0.042770628	T	GC01	Mφ_APOE	-2.5945203	-1.4648464
GC01T:TACTCATTCGACAGCC	GC01T	1227.0	631	0.058679707	T	GC01	Mφ_THBS1	-0.17173429	-2.889302
GC01T:TAGGCATAGAATGTGT	GC01T	11095.0	2714	0.031635873	T	GC01	Mφ_THBS1	0.46784478	-3.5245354
GC01T:TAGTGGTCACGGTAAG	GC01T	517.0	380	0.08317215	T	GC01	Mφ_APOE	-0.10499836	-2.3806949
GC01T:TAGTTGGAGTGGTAGC	GC01T	12072.0	2857	0.06030484	T	GC01	Mφ_APOE	-3.3334498	-0.12468757
GC01T:TATTACCCACTCGACG	GC01T	8445.0	1996	0.047602132	T	GC01	Mφ_THBS1	-0.7828401	-2.7275538
GC01T:TCAACGAGTGCAGTAG	GC01T	2248.0	981	0.027580071	T	GC01	Mφ_APOE	-2.1061177	-1.423367
GC01T:TCAATCTCAGTTCATG	GC01T	5732.0	1861	0.056001395	T	GC01	Mφ_THBS1	-0.4955555	-3.918561
GC01T:TCACGAACACAGACAG	GC01T	6489.0	1869	0.03282478	T	GC01	Mφ_THBS1	-0.13261443	-4.3703713
GC01T:TCAGGTAAGCTCTCGG	GC01T	4448.0	1519	0.027428057	T	GC01	Mφ_THBS1	-0.1077506	-3.5080466
GC01T:TCAGGTACATGTCCTC	GC01T	3266.0	1165	0.056950398	T	GC01	cDC2_CD1C	-0.02565772	-2.261582
GC01T:TCATTACTCACTCTTA	GC01T	9683.0	2451	0.071981825	T	GC01	Mφ_APOE	-0.51713705	-2.4417963
GC01T:TCGAGGCAGAACAATC	GC01T	12738.0	2860	0.030852567	T	GC01	cDC2_CD1C	1.9904877	-0.68989223
GC01T:TCGAGGCTCGCAGGCT	GC01T	1841.0	868	0.0027159152	T	GC01	Mφ_THBS1	-0.76339483	-3.0870821
GC01T:TCGGGACAGAGCTATA	GC01T	6945.0	1968	0.04362851	T	GC01	Mφ_APOE	-1.1981477	-2.9025908
GC01T:TCGTAGACAAAGCGGT	GC01T	23065.0	4251	0.04665077	T	GC01	Mφ_APOE	-3.0920491	-0.903491
GC01T:TCGTAGACATCGATTG	GC01T	12009.0	3044	0.041552167	T	GC01	cDC2_CD1C	1.873493	0.36921084
GC01T:TCTATTGCAATCCAAC	GC01T	2481.0	1030	0.045949213	T	GC01	Mφ_THBS1	0.081407055	-4.6535015
GC01T:TCTCATACAGCCACCA	GC01T	2612.0	1047	0.089586526	T	GC01	Mφ_THBS1	-0.50418955	-5.6249185
GC01T:TGAAAGATCCAGTAGT	GC01T	7070.0	1859	0.028288543	T	GC01	cDC2_CD1C	2.4625304	-1.9487677
GC01T:TGACAACCACACATGT	GC01T	3862.0	1200	0.042206112	T	GC01	Mφ_THBS1	-0.16884941	-5.1453257
GC01T:TGAGAGGTCTTGAGGT	GC01T	5860.0	1761	0.027474403	T	GC01	Mφ_APOE	0.082821555	-3.1083999
GC01T:TGAGCATTCAGCACAT	GC01T	3703.0	1245	0.034566566	T	GC01	Mφ_APOE	-0.8441358	-2.2474594
GC01T:TGAGCCGTCCAGAAGG	GC01T	9764.0	2490	0.0366653	T	GC01	pDC_LILRA4	2.98413	-0.65284747
GC01T:TGAGGGAAGGCGATAC	GC01T	9484.0	2324	0.030788697	T	GC01	cDC2_CD1C	1.3106476	-2.2502503
GC01T:TGCCAAAAGTACATGA	GC01T	14537.0	3501	0.018366925	T	GC01	cDC2_CD1C	2.1917827	0.08469379
GC01T:TGCCCATGTGCTCTTC	GC01T	7214.0	1958	0.03423898	T	GC01	cDC2_CD1C	2.12253	-2.0047474
GC01T:TGCCCTAAGACTAAGT	GC01T	5712.0	1901	0.04429272	T	GC01	Mφ_THBS1	-1.6462979	-6.1065946
GC01T:TGCGCAGAGGCCCTTG	GC01T	8250.0	2124	0.035151515	T	GC01	Mφ_THBS1	-0.7649704	-4.3089843
GC01T:TGGACGCCATGATCCA	GC01T	7230.0	2100	0.047441218	T	GC01	Mφ_APOE	-1.4962115	-2.1683173
GC01T:TGGCGCACAGCTCCGA	GC01T	5231.0	1799	0.030969221	T	GC01	Mφ_APOE	-0.43203706	-3.0035949
GC01T:TGGCGCATCACATGCA	GC01T	7913.0	2099	0.044231012	T	GC01	cDC2_CD1C	0.9759112	-1.9559956
GC01T:TGGCGCATCAGAGGTG	GC01T	9629.0	2585	0.042060442	T	GC01	Mφ_APOE	-0.9148785	-2.6386585
GC01T:TGGTTCCTCTGTCCGT	GC01T	3768.0	1201	0.029989384	T	GC01	Mφ_THBS1	1.3149747	-4.420843
GC01T:TGTATTCCACCAACCG	GC01T	1075.0	564	0.009302326	T	GC01	Mφ_APOE	-0.54806316	-2.6461048
GC01T:TGTCCCAAGTGACTCT	GC01T	7711.0	2143	0.031383738	T	GC01	Mφ_THBS1	-1.8253313	-5.046359
GC01T:TGTCCCATCTCCAGGG	GC01T	4818.0	1648	0.0332088	T	GC01	Mφ_THBS1	-0.80224407	-3.4269125
GC01T:TGTGGTAAGCATGGCA	GC01T	8870.0	2439	0.05310034	T	GC01	Mφ_APOE	-1.562709	-1.2016435
GC01T:TTAACTCGTAATCACC	GC01T	10631.0	2613	0.023328003	T	GC01	DC_LAMP3	4.413354	-0.59978515
GC01T:TTAGGACAGTCTCAAC	GC01T	5157.0	1621	0.034516193	T	GC01	Mono_CD14	4.185276	-4.949784
GC01T:TTCGGTCAGATCTGAA	GC01T	10894.0	2652	0.043693777	T	GC01	Mφ_APOE	-1.9100392	-1.8604498
GC01T:TTCTACATCAACTCTT	GC01T	6335.0	1804	0.024940806	T	GC01	Mφ_THBS1	-0.8506377	-5.1444683
GC01T:TTTGCGCTCATGTCTT	GC01T	8608.0	2300	0.041356876	T	GC01	Mono_CD14	0.048715167	-2.6665144
GC02T:AAACCTGTCAGGCCCA	GC02T	2166.0	940	0.024469068	T	GC02	Mφ_THBS1	-2.1163306	-4.865931
GC02T:AAAGATGTCTACCAGA	GC02T	4835.0	1627	0.054395035	T	GC02	Mφ_THBS1	0.45056602	-5.5362782
GC02T:AAAGCAACAGATGAGC	GC02T	14193.0	3118	0.045726765	T	GC02	Mφ_APOE	-3.3776472	-2.309733
GC02T:AAAGCAATCTAGCACA	GC02T	7350.0	1932	0.033333335	T	GC02	Mφ_THBS1	-2.1639688	-7.3093815
GC02T:AAATGCCTCTTGCAAG	GC02T	1817.0	842	0.06439185	T	GC02	Mφ_THBS1	-0.6734805	-3.0811446
GC02T:AACCATGGTAGTAGTA	GC02T	813.0	463	0.0086100865	T	GC02	Mφ_APOE	-1.6953752	-1.7345911
GC02T:AACCATGGTCGCTTTC	GC02T	11584.0	2909	0.033580802	T	GC02	Mφ_THBS1	-1.1264642	-3.5620964
GC02T:AACCGCGTCGGTTCGG	GC02T	4039.0	1471	0.028224807	T	GC02	Mφ_APOE	-2.178954	-2.1482975
GC02T:AACTCAGCAGCGTCCA	GC02T	31611.0	4740	0.05055202	T	GC02	Mφ_APOE	-3.7643626	-1.2587315
GC02T:AACTCCCTCTTACCGC	GC02T	11236.0	2776	0.05749377	T	GC02	cDC2_CD1C	1.2268738	-1.0999287
GC02T:AACTCTTAGGATGTAT	GC02T	10296.0	2798	0.038752913	T	GC02	Mφ_APOE	-1.0048742	-2.6745915
GC02T:AACTGGTTCCAAATGC	GC02T	11641.0	3017	0.041319475	T	GC02	cDC2_CD1C	0.2561119	-0.8024069
GC02T:AAGCCGCCAAGTCTGT	GC02T	6879.0	2076	0.06498037	T	GC02	Mφ_APOE	-2.6806166	-0.8673768
GC02T:AAGCCGCCAGTCAGCC	GC02T	5460.0	2028	0.093406595	T	GC02	Mφ_APOE	-1.577883	0.53951216
GC02T:AAGCCGCGTCTAACGT	GC02T	2983.0	1168	0.039892726	T	GC02	Mφ_APOE	-2.97668	-0.8683506
GC02T:AAGGAGCTCGAGGTAG	GC02T	11420.0	2892	0.04676007	T	GC02	cDC2_CD1C	1.9687897	0.066997305
GC02T:AAGTCTGTCGTACGGC	GC02T	10023.0	2593	0.03412152	T	GC02	cDC2_CD1C	0.7408425	-2.5071578
GC02T:AATCGGTCATCTGGTA	GC02T	10346.0	2733	0.045911465	T	GC02	Mφ_APOE	0.08460853	-1.9211344
GC02T:ACACCAAGTGACTACT	GC02T	16559.0	3933	0.02059303	T	GC02	Mφ_APOE	-3.5962343	-1.439498
GC02T:ACCTTTATCTCATTCA	GC02T	1805.0	731	0.074238226	T	GC02	Mφ_THBS1	-1.2685975	-3.530308
GC02T:ACGCCAGGTCCGTGAC	GC02T	4677.0	1512	0.03570665	T	GC02	Mφ_THBS1	0.48511678	-6.3086224
GC02T:ACGCCAGGTCTAGAGG	GC02T	13208.0	3276	0.057465173	T	GC02	cDC2_CD1C	1.7214885	0.1637353
GC02T:ACGGAGAGTGAAAGAG	GC02T	1775.0	893	0.03605634	T	GC02	Mφ_THBS1	-0.28604856	-3.9505594
GC02T:ACTGCTCGTAGAAAGG	GC02T	11627.0	3300	0.048163757	T	GC02	Mφ_APOE	-2.6124182	-0.16267997
GC02T:ACTGCTCTCTTCATGT	GC02T	4689.0	1689	0.06547238	T	GC02	Mφ_THBS1	0.09561253	-3.759096
GC02T:AGAATAGAGACGCTTT	GC02T	6815.0	1972	0.041232575	T	GC02	Mφ_THBS1	-0.9488066	-7.7349825
GC02T:AGACGTTAGCACCGCT	GC02T	10890.0	2422	0.06620753	T	GC02	cDC2_CD1C	2.2688107	-0.58032095
GC02T:AGAGTGGTCTTCCTTC	GC02T	935.0	486	0.039572194	T	GC02	Mφ_THBS1	-0.41468418	-6.4045496
GC02T:AGCAGCCAGGTGATAT	GC02T	5387.0	1790	0.05364767	T	GC02	Mφ_APOE	-1.6996651	-0.18607453
GC02T:ATAACGCGTAGGGTAC	GC02T	10113.0	2593	0.042717293	T	GC02	cDC2_CD1C	1.7803937	-0.5439367
GC02T:ATAGACCAGTGGTAGC	GC02T	14665.0	3532	0.071599044	T	GC02	cDC2_CD1C	1.7798587	0.3246997
GC02T:ATCATGGCAATCCGAT	GC02T	8824.0	2208	0.03513146	T	GC02	Mφ_THBS1	-1.492895	-7.6932507
GC02T:ATCATGGGTGCACTTA	GC02T	1689.0	741	0.06571936	T	GC02	Mφ_APOE	-1.8421834	-1.8890904
GC02T:ATGGGAGAGAGCCCAA	GC02T	5255.0	1548	0.056137014	T	GC02	Mφ_THBS1	-0.87651324	-7.1973333
GC02T:ATTCTACAGGTGATTA	GC02T	13810.0	3123	0.045981172	T	GC02	cDC2_CD1C	1.2424413	-1.3595653
GC02T:ATTCTACCAGCGAACA	GC02T	1940.0	807	0.041237112	T	GC02	Mφ_THBS1	-2.285154	-5.497271
GC02T:CAACCTCAGAAGGTGA	GC02T	15241.0	3184	0.050915293	T	GC02	cDC2_CD1C	0.63715285	-1.1662741
GC02T:CAACTAGAGATGCCAG	GC02T	2060.0	938	0.033009708	T	GC02	Mφ_THBS1	0.5012423	-6.660893
GC02T:CAAGATCAGATATACG	GC02T	14275.0	3145	0.05134851	T	GC02	Mφ_APOE	-3.1211274	-2.8004503
GC02T:CACACAATCAGGTAAA	GC02T	5874.0	1906	0.076608784	T	GC02	Mono_FCGR3A	4.8221893	-2.7482398
GC02T:CAGATCATCCTTCAAT	GC02T	12829.0	3251	0.05292696	T	GC02	cDC2_CD1C	1.7378966	-0.3504012
GC02T:CAGCCGAAGATATGCA	GC02T	8948.0	2654	0.064818956	T	GC02	Mφ_APOE	-2.9410617	-2.6297824
GC02T:CAGCTAACATATACGC	GC02T	11381.0	2856	0.04665671	T	GC02	Mφ_THBS1	-2.4838967	-3.6522748
GC02T:CAGTCCTTCGAATCCA	GC02T	4642.0	1789	0.08272296	T	GC02	Mφ_APOE	-2.54192	-0.651576
GC02T:CATATGGTCGTGGGAA	GC02T	12807.0	3119	0.047474038	T	GC02	Mφ_APOE	-1.6889216	-0.15806286
GC02T:CATCCACCACGGTGTC	GC02T	6988.0	1934	0.04593589	T	GC02	Mφ_THBS1	0.59502447	-5.301912
GC02T:CATGGCGTCGCTGATA	GC02T	3139.0	1127	0.04109589	T	GC02	Mφ_THBS1	-0.7181185	-5.9788523
GC02T:CCCATACGTTCCACGG	GC02T	2925.0	1028	0.044444446	T	GC02	Mφ_THBS1	0.030762399	-4.6125126
GC02T:CCGGTAGAGGCGCTCT	GC02T	7582.0	2121	0.095753096	T	GC02	cDC2_CD1C	2.0767035	-0.29959923
GC02T:CCTTTCTAGAATTCCC	GC02T	2836.0	1260	0.023977432	T	GC02	Mφ_THBS1	-0.4967765	-6.954542
GC02T:CGAGCCAAGCTGAACG	GC02T	6167.0	2097	0.03389006	T	GC02	Mφ_APOE	-2.3758972	-3.432524
GC02T:CGATCGGGTGTCTGAT	GC02T	6798.0	2044	0.062077083	T	GC02	Mφ_APOE	-1.3688058	0.0036948123
GC02T:CGATGGCTCTTCAACT	GC02T	5737.0	1842	0.09464877	T	GC02	Mφ_APOE	-2.1153364	0.07299933
GC02T:CGATGTATCGTCGTTC	GC02T	5885.0	2090	0.08853016	T	GC02	Mφ_APOE	-2.403558	-2.1651468
GC02T:CGCCAAGAGTACGCGA	GC02T	2119.0	737	0.06795658	T	GC02	Mφ_APOE	-1.6864296	-0.93679094
GC02T:CGCTGGATCCCTAACC	GC02T	2339.0	1181	0.00812313	T	GC02	Mφ_APOE	-1.9328341	-1.66947
GC02T:CGCTTCACACCGAATT	GC02T	8672.0	2673	0.043357935	T	GC02	cDC2_CD1C	0.6421138	-1.8179573
GC02T:CGGACGTCAATACGCT	GC02T	9125.0	2441	0.053369865	T	GC02	Mφ_APOE	-0.96116525	-1.6168351
GC02T:CGGGTCAGTCTAAACC	GC02T	877.0	451	0.05359179	T	GC02	Mφ_APOE	-0.99394464	-1.8773448
GC02T:CGTAGCGTCCCTAATT	GC02T	12232.0	2298	0.06327665	T	GC02	DC_LAMP3	4.2225184	-0.79537094
GC02T:CGTGTCTAGTCAATAG	GC02T	5096.0	1727	0.083398744	T	GC02	cDC2_CD1C	0.8249149	-2.6845136
GC02T:CGTTAGAAGGACAGAA	GC02T	3557.0	980	0.03739106	T	GC02	cDC2_CD1C	0.5838932	-2.415671
GC02T:CGTTGGGCATTGGCGC	GC02T	11765.0	2826	0.041733958	T	GC02	cDC2_CD1C	1.4457464	-1.4898977
GC02T:CTCAGAATCAGTGTTG	GC02T	2745.0	1098	0.03715847	T	GC02	Mφ_THBS1	-1.1115388	-7.3279285
GC02T:CTCATTACACTATCTT	GC02T	6160.0	2176	0.05633117	T	GC02	Mφ_APOE	-2.6170378	-2.2895534
GC02T:CTCGGAGGTAAGAGGA	GC02T	1547.0	651	0.054945055	T	GC02	Mφ_APOE	-1.4760385	-1.6394515
GC02T:CTCGTACCATTCTCAT	GC02T	2282.0	958	0.04382121	T	GC02	Mφ_THBS1	-2.1742835	-4.279121
GC02T:CTCTAATAGTGTCCAT	GC02T	28184.0	5358	0.078058474	T	GC02	Mφ_APOE	-2.700608	-0.8380356
GC02T:CTGAAGTTCTACTTAC	GC02T	28892.0	4992	0.025924131	T	GC02	Mφ_APOE	-3.8047655	-1.1255076
GC02T:CTGATAGGTCTGCCAG	GC02T	10744.0	2699	0.05900968	T	GC02	Mφ_APOE	-0.8794922	-1.6533438
GC02T:CTGATAGTCGCCTGAG	GC02T	12675.0	3258	0.04654832	T	GC02	cDC2_CD1C	1.660821	-0.22729461
GC02T:CTGCCTAAGTTCCACA	GC02T	13950.0	3307	0.04315412	T	GC02	Mφ_THBS1	-2.683714	-3.2394006
GC02T:CTGCGGATCGTTTGCC	GC02T	13208.0	3176	0.029678982	T	GC02	Mφ_APOE	-3.4563203	-1.9261612
GC02T:CTGGTCTAGTTGAGTA	GC02T	9946.0	2806	0.030967223	T	GC02	Mφ_THBS1	-0.3360936	-7.5275283
GC02T:GACGGCTCAGCGTCCA	GC02T	4133.0	1260	0.000241955	T	GC02	Mφ_APOE	-3.0625925	-1.3094369
GC02T:GACTGCGAGGCACATG	GC02T	13154.0	3256	0.052607574	T	GC02	cDC2_CD1C	0.9419088	-0.96571285
GC02T:GAGCAGAAGTCGTACT	GC02T	3878.0	1012	0.06781846	T	GC02	Mφ_APOE	-2.9744573	-1.1745256
GC02T:GATCGTACACAACGTT	GC02T	12712.0	2855	0.06513531	T	GC02	Mφ_APOE	-3.0823486	-0.65279615
GC02T:GATCTAGGTTGATTGC	GC02T	14914.0	3459	0.04103527	T	GC02	cDC2_CD1C	0.6044241	-0.86814535
GC02T:GATGAGGGTGATGCCC	GC02T	9910.0	2386	0.05126135	T	GC02	cDC2_CD1C	1.8143381	-1.8751503
GC02T:GCACATACAATCCGAT	GC02T	12362.0	3571	0.041659925	T	GC02	Mφ_APOE	-2.7109747	-0.23630619
GC02T:GCACATACATCGGTTA	GC02T	15216.0	3262	0.052510515	T	GC02	cDC2_CD1C	1.9491479	0.22895241
GC02T:GCCTCTACAGTACACT	GC02T	2710.0	1197	0.021771219	T	GC02	Mφ_THBS1	-0.2306623	-5.4728603
GC02T:GCGCGATAGGAGTTTA	GC02T	12840.0	3061	0.057087228	T	GC02	cDC2_CD1C	1.2220354	-1.4410923
GC02T:GCTCCTAAGACAGGCT	GC02T	6041.0	2100	0.034762457	T	GC02	Mφ_THBS1	-0.56005055	-4.724216
GC02T:GCTGCGATCCTTTCGG	GC02T	17323.0	3614	0.03255787	T	GC02	Mφ_APOE	-3.125475	-1.7230935
GC02T:GGAAAGCTCGGCCGAT	GC02T	9827.0	2613	0.08486822	T	GC02	cDC2_CD1C	0.8681148	-1.2296247
GC02T:GGAACTTCATGTCGAT	GC02T	14511.0	3494	0.052511886	T	GC02	Mφ_APOE	-2.7724254	-0.9559614
GC02T:GGACATTCAATCGAAA	GC02T	1924.0	920	0.014553014	T	GC02	Mφ_THBS1	0.016174186	-6.156994
GC02T:GGATTACTCAGCTCTC	GC02T	929.0	546	0.02583423	T	GC02	Mφ_THBS1	0.5515485	-4.5421395
GC02T:GGCAATTTCAAACAAG	GC02T	13310.0	3240	0.054695718	T	GC02	Mφ_APOE	-2.7703145	-3.2397757
GC02T:GGCAATTTCCGTAGTA	GC02T	11201.0	2916	0.040621374	T	GC02	Mφ_APOE	-2.4643974	1.0559695
GC02T:GGGACCTTCTGAGTGT	GC02T	3262.0	1237	0.021765787	T	GC02	Mφ_APOE	-1.9129076	-1.5529317
GC02T:GGGCACTGTCGTCTTC	GC02T	4241.0	1475	0.025465691	T	GC02	Mφ_THBS1	-0.7488086	-7.751255
GC02T:GGGTCTGTCGAATGGG	GC02T	7054.0	2378	0.04040261	T	GC02	Mφ_THBS1	-2.3272648	-4.4515495
GC02T:GGTATTGTCGAACGGA	GC02T	14167.0	3023	0.053434037	T	GC02	cDC1_XCR1	1.113838	3.0905256
GC02T:GTACTTTGTTGTCGCG	GC02T	10430.0	2723	0.057909876	T	GC02	Mφ_APOE	-1.9861422	-0.9801562
GC02T:GTATTCTCAAATACAG	GC02T	1081.0	503	0.002775208	T	GC02	Mφ_APOE	-0.56719315	-1.8056543
GC02T:GTCACGGTCTGGAGCC	GC02T	10608.0	2696	0.045720212	T	GC02	cDC2_CD1C	1.0163132	-1.2590466
GC02T:GTCATTTCACCAGATT	GC02T	1684.0	801	0.007719715	T	GC02	Mφ_APOE	-2.622335	-1.678113
GC02T:GTGCAGCCAAAGCGGT	GC02T	8952.0	2475	0.04300715	T	GC02	cDC2_CD1C	0.28191137	-0.69125086
GC02T:GTTACAGGTCCGAATT	GC02T	7618.0	2426	0.09149383	T	GC02	Mφ_APOE	-2.8015964	0.91366225
GC02T:GTTCGGGGTCGACTGC	GC02T	13591.0	3436	0.042822458	T	GC02	cDC2_CD1C	1.3125049	0.6301834
GC02T:TATTACCAGATCTGCT	GC02T	12225.0	3111	0.033292435	T	GC02	cDC2_CD1C	1.063044	-0.8028153
GC02T:TCACAAGAGCGCTTAT	GC02T	3720.0	1438	0.0059139784	T	GC02	Mφ_APOE	-1.3064626	-1.4699244
GC02T:TCAGATGAGACCTTTG	GC02T	1704.0	810	0.04107981	T	GC02	Mφ_THBS1	-1.5078623	-7.055474
GC02T:TCAGCAAGTGAGCGAT	GC02T	14704.0	3324	0.060255714	T	GC02	Mφ_APOE	-1.877136	-1.1702752
GC02T:TCAGGTAAGCGTTTAC	GC02T	917.0	503	0.05452563	T	GC02	Mφ_THBS1	0.07761568	-6.602388
GC02T:TCAGGTACACGAAATA	GC02T	837.0	465	0.052568696	T	GC02	Mφ_THBS1	-0.32608697	-6.070678
GC02T:TCGAGGCAGAGTAATC	GC02T	857.0	538	0.0011668612	T	GC02	Mφ_APOE	-1.7176956	-0.9689161
GC02T:TCGCGTTGTCCAGTGC	GC02T	4102.0	1449	0.02486592	T	GC02	Mφ_THBS1	0.029217603	-7.948883
GC02T:TCTCATACAAACGTGG	GC02T	3191.0	1218	0.034158573	T	GC02	Mφ_THBS1	0.9714515	-7.367813
GC02T:TCTGAGATCGCTGATA	GC02T	24281.0	4449	0.058893785	T	GC02	Mφ_APOE	-3.7568884	-0.48410642
GC02T:TCTTTCCAGTGTACCT	GC02T	14740.0	3296	0.05624152	T	GC02	cDC2_CD1C	1.6037314	-1.1852407
GC02T:TGAAAGACACGGCTAC	GC02T	7033.0	1993	0.065690316	T	GC02	Mφ_THBS1	-2.6839006	-5.973
GC02T:TGACTAGGTATGAATG	GC02T	8355.0	2100	0.04931179	T	GC02	Mφ_THBS1	-1.6423855	-7.311772
GC02T:TGACTAGTCCCAGGTG	GC02T	3088.0	1274	0.023316063	T	GC02	Mφ_THBS1	1.1822631	-7.6079793
GC02T:TGACTTTAGACGCTTT	GC02T	9627.0	2253	0.07894464	T	GC02	DC_LAMP3	4.7326207	-0.9110387
GC02T:TGAGAGGGTCTCTTTA	GC02T	7357.0	1901	0.057632186	T	GC02	Mφ_THBS1	-2.4275768	-6.60448
GC02T:TGAGCCGTCGCCCTTA	GC02T	36963.0	5110	0.041879717	T	GC02	cDC1_XCR1	0.91672724	2.4012396
GC02T:TGCGCAGTCGAGAGCA	GC02T	15586.0	3402	0.05196972	T	GC02	Mφ_APOE	-0.53038883	-0.36435035
GC02T:TGCGGGTTCTGCAAGT	GC02T	3136.0	1255	0.06696428	T	GC02	Mφ_APOE	-1.5530618	-0.09142958
GC02T:TGGCTGGCATGTCGAT	GC02T	20863.0	3998	0.06442027	T	GC02	Mφ_APOE	-3.5186763	-0.5521716
GC02T:TGGTTAGTCCACGAAT	GC02T	2985.0	1112	0.07001675	T	GC02	Mφ_THBS1	-2.241264	-6.1042933
GC02T:TGTGTTTAGGAGTTGC	GC02T	28130.0	5214	0.05254177	T	GC02	Mφ_APOE	-3.318773	-0.80388373
GC02T:TTAACTCTCGTTTGCC	GC02T	4454.0	1564	0.059946116	T	GC02	Mφ_THBS1	-2.1591105	-7.223091
GC02T:TTAGTTCGTCCCTTGT	GC02T	4374.0	1394	0.027434843	T	GC02	Mφ_THBS1	-0.8980074	-7.685901
GC02T:TTCCCAGAGACGCACA	GC02T	7452.0	2350	0.026972625	T	GC02	Mφ_THBS1	-0.2520802	-7.641922
GC02T:TTCGAAGTCTCGTTTA	GC02T	8165.0	2475	0.09295775	T	GC02	cDC2_CD1C	0.9574535	-1.282292
GC02T:TTCGGTCAGACCGGAT	GC02T	8075.0	2476	0.062291022	T	GC02	Mφ_APOE	-1.1369069	-2.3651066
GC02T:TTCGGTCCAAGAAGAG	GC02T	16892.0	3967	0.0468861	T	GC02	cDC2_CD1C	0.9075084	0.69953704
GC02T:TTCTTAGTCACGCATA	GC02T	5608.0	1895	0.057596292	T	GC02	Mφ_THBS1	-2.0328753	-5.0002117
GC02T:TTGACTTGTGTCAATC	GC02T	694.0	421	0.0518732	T	GC02	Mφ_THBS1	-0.48195747	-4.0443463
GC02T:TTTACTGGTAGCTAAA	GC02T	5927.0	1918	0.056352288	T	GC02	Mono_FCGR3A	4.735688	-2.9222665
GC02T:TTTCCTCGTAAGGATT	GC02T	10594.0	2788	0.03577497	T	GC02	Mφ_APOE	-0.93893975	-0.3421482
GC02T:TTTGGTTGTAGCGATG	GC02T	5104.0	1774	0.056230407	T	GC02	Mφ_APOE	-2.947303	-3.0454109
GC03P:ACGCAGCGTCTAACGT	GC03P	5859.0	1921	0.03601297	P	GC03	Mono_FCGR3A	5.813158	-2.7959795
GC03P:ACTGAACGTATGGTTC	GC03P	5051.0	1779	0.031280935	P	GC03	Mono_FCGR3A	5.692737	-2.9115632
GC03P:AGATTGCAGTCGAGTG	GC03P	5247.0	1772	0.03583	P	GC03	Mono_FCGR3A	6.8564315	-3.1312144
GC03P:AGCTCCTAGAGTCGGT	GC03P	2272.0	1057	0.044454224	P	GC03	Mono_CD14	2.606538	-6.0028653
GC03P:AGTCTTTTCGTCCAGG	GC03P	3465.0	1411	0.03809524	P	GC03	Mono_CD14	3.0969813	-6.5731926
GC03P:CACCTTGGTTATGCGT	GC03P	3775.0	1393	0.05192053	P	GC03	Mono_CD14	2.8109791	-6.959828
GC03P:CCTCAGTAGAGGACGG	GC03P	6728.0	2179	0.023781212	P	GC03	Mono_FCGR3A	6.326958	-2.8184605
GC03P:CGTTGGGGTTCGCGAC	GC03P	2393.0	986	0.039699122	P	GC03	Mono_FCGR3A	5.169807	-3.2227135
GC03P:CTCAGAATCGTGTAGT	GC03P	2300.0	1005	0.04695652	P	GC03	Mono_CD14	2.6553557	-5.8914638
GC03P:GAAGCAGTCGAATGGG	GC03P	4142.0	1565	0.09946886	P	GC03	Mono_CD14	2.848848	-5.9333797
GC03P:GCAAACTCACAACGTT	GC03P	9149.0	2535	0.05880424	P	GC03	Mono_FCGR3A	6.795371	-2.3459656
GC03P:GCCAAATGTCTAGCCG	GC03P	9447.0	2824	0.06361808	P	GC03	Mono_CD14	4.224445	-5.049401
GC03P:GCCTCTACAAGGACTG	GC03P	6151.0	2056	0.06275402	P	GC03	Mono_FCGR3A	6.3729463	-2.760594
GC03P:GGATGTTGTCGTGGCT	GC03P	4877.0	1728	0.029731393	P	GC03	Mono_FCGR3A	5.904755	-3.1535232
GC03P:GTTAAGCTCGGCTTGG	GC03P	10980.0	2894	0.054918032	P	GC03	Mono_FCGR3A	6.942885	-2.2234166
GC03P:TCAGCTCTCTAGCACA	GC03P	13040.0	2934	0.03320552	P	GC03	Mono_FCGR3A	-0.62497884	-5.342404
GC03P:TCATTTGTCGTAGATC	GC03P	7001.0	2134	0.04070847	P	GC03	Mono_CD14	2.4339056	-6.540026
GC03P:TGAGGGACAAGTCTAC	GC03P	1263.0	709	0.083927155	P	GC03	Mφ_APOE	-1.1212689	0.53220475
GC03P:TGGTTCCTCGTGTAGT	GC03P	1239.0	654	0.01937046	P	GC03	Mono_FCGR3A	1.5333735	-4.0042243
GC03P:TTTCCTCGTGTTGAGG	GC03P	8392.0	2526	0.041348904	P	GC03	Mφ_APOE	-0.47917512	-0.72961205
GC03T-R2:AAACCTGTCTGCAGTA	GC03T-R2	12422.0	3335	0.024955723	T	GC03	Mφ_APOE	-1.8700415	-0.5273605
GC03T-R2:AAAGCAAAGTCGTACT	GC03T-R2	6422.0	1948	0.040174402	T	GC03	Mono_FCGR3A	5.812152	-2.7407255
GC03T-R2:AACGTTGAGAACAACT	GC03T-R2	3342.0	1352	0.04009575	T	GC03	Mono_CD14	3.0923731	-7.042064
GC03T-R2:AAGGTTCAGTGACATA	GC03T-R2	12091.0	3028	0.036225293	T	GC03	Mφ_APOE	0.1489197	-0.5068997
GC03T-R2:AAGTCTGTCATCTGCC	GC03T-R2	27159.0	4547	0.043926507	T	GC03	cDC2_CD1C	0.30316457	-1.2679275
GC03T-R2:ACACCCTAGCTGCGAA	GC03T-R2	1659.0	806	0.034358047	T	GC03	Mono_CD14	2.481834	-6.162999
GC03T-R2:ACCGTAATCGGTTAAC	GC03T-R2	22371.0	4419	0.05708283	T	GC03	Mφ_APOE	-1.9601787	-1.0935783
GC03T-R2:ACGGGCTGTAAACACA	GC03T-R2	15771.0	3635	0.026567752	T	GC03	Mφ_APOE	-0.4218365	-0.4679218
GC03T-R2:ACGTCAATCCAACCAA	GC03T-R2	4460.0	1625	0.04753363	T	GC03	Mono_CD14	2.7145576	-6.7781925
GC03T-R2:ATCGAGTGTCTCATCC	GC03T-R2	1829.0	787	0.04209951	T	GC03	Mφ_THBS1	1.5077034	-5.9114213
GC03T-R2:CACACAACAGGGTACA	GC03T-R2	17258.0	4086	0.03621509	T	GC03	Mφ_APOE	-0.92899376	-0.5437783
GC03T-R2:CCGGGATCATGCTAGT	GC03T-R2	9823.0	2989	0.05426041	T	GC03	Mφ_APOE	-3.2451632	0.0021048812
GC03T-R2:CCTAAAGCAGTGACAG	GC03T-R2	8394.0	2375	0.09042173	T	GC03	Mφ_APOE	-0.6505016	-1.3407623
GC03T-R2:CCTAAAGGTTCTGGTA	GC03T-R2	6644.0	2041	0.043648403	T	GC03	Mono_FCGR3A	4.6806765	-3.5044723
GC03T-R2:CGGACGTAGGGTGTTG	GC03T-R2	7200.0	2149	0.04097222	T	GC03	Mono_FCGR3A	6.246405	-2.289193
GC03T-R2:CGGACTGCAACTGGCC	GC03T-R2	17706.0	3787	0.030837005	T	GC03	cDC2_CD1C	1.1493878	-1.3441784
GC03T-R2:CGGGTCAAGGGTGTGT	GC03T-R2	9283.0	2290	0.060002156	T	GC03	Mφ_APOE	0.076797664	-0.70715934
GC03T-R2:CTACATTAGCTACCGC	GC03T-R2	4751.0	1615	0.030309409	T	GC03	Mono_FCGR3A	3.8363018	-4.7069235
GC03T-R2:CTAGTGAGTTGAGGTG	GC03T-R2	9774.0	2306	0.04409658	T	GC03	cDC2_CD1C	1.4619095	-2.1310167
GC03T-R2:CTCGTCACACAAGTAA	GC03T-R2	12890.0	3518	0.052366175	T	GC03	Mφ_APOE	-0.33975667	-0.7959981
GC03T-R2:CTGCCTACAGCATACT	GC03T-R2	32945.0	5827	0.041979056	T	GC03	cDC2_CD1C	0.18658516	0.06354375
GC03T-R2:CTTAACTTCCAGGGCT	GC03T-R2	5301.0	1951	0.07338238	T	GC03	cDC2_CD1C	0.65759915	-0.70441395
GC03T-R2:GCATACAGTGCACGAA	GC03T-R2	9187.0	2661	0.02013715	T	GC03	Mono_FCGR3A	5.1493053	-3.9570713
GC03T-R2:GCTCTGTGTTGTGGCC	GC03T-R2	10279.0	2716	0.050394006	T	GC03	Mφ_APOE	-3.2191226	-0.52080625
GC03T-R2:GTACTCCTCAGTTAGC	GC03T-R2	15008.0	3567	0.04357676	T	GC03	cDC2_CD1C	1.3530692	-0.4065149
GC03T-R2:TAAGTGCCATGTAGTC	GC03T-R2	12884.0	2954	0.042378142	T	GC03	cDC2_CD1C	2.0836718	-0.42503938
GC03T-R2:TACGGTAAGATAGCAT	GC03T-R2	7010.0	2135	0.04293866	T	GC03	Mono_FCGR3A	5.8976717	-2.8339827
GC03T-R2:TACTTACAGCTATGCT	GC03T-R2	17039.0	3520	0.053582955	T	GC03	cDC2_CD1C	1.8944228	-0.44774443
GC03T-R2:TAGGCATAGGGTATCG	GC03T-R2	6951.0	2165	0.0486261	T	GC03	Mono_FCGR3A	6.4993677	-2.590549
GC03T-R2:TCACGAACACAGGCCT	GC03T-R2	14245.0	3616	0.04991225	T	GC03	cDC2_CD1C	1.7226042	0.13267355
GC03T-R2:TGCTACCCAGACGTAG	GC03T-R2	17445.0	3558	0.04775007	T	GC03	Mφ_APOE	-0.22094074	-0.7206666
GC03T-R2:TGCTACCTCTGCTTGC	GC03T-R2	22446.0	4352	0.03875969	T	GC03	Mφ_APOE	-1.158786	-0.7269081
GC03T-R2:TTCTACACACGGTAGA	GC03T-R2	9850.0	2664	0.05715736	T	GC03	Mφ_THBS1	2.0954099	-7.359964
GC03T-R2:TTGGAACGTCCATCCT	GC03T-R2	10053.0	2696	0.035710733	T	GC03	Mφ_APOE	-0.8009813	-0.54989463
GC03T-R1:AAACGGGGTGAAAGAG	GC03T-R1	2716.0	1108	0.079896905	T	GC03	Mono_CD14	2.8608878	-5.8490105
GC03T-R1:AAAGATGCATTTCAGG	GC03T-R1	2602.0	1120	0.036894698	T	GC03	Mono_CD14	2.94428	-6.3825555
GC03T-R1:AAGACCTAGTTCGCAT	GC03T-R1	13962.0	3420	0.0389629	T	GC03	Mφ_APOE	0.037468098	-0.49524027
GC03T-R1:AGATTGCCAGTGACAG	GC03T-R1	9123.0	2647	0.03211663	T	GC03	Mono_FCGR3A	5.936771	-2.8732495
GC03T-R1:AGGGTGAAGTTAGGTA	GC03T-R1	2353.0	1111	0.061623458	T	GC03	Mφ_APOE	-1.2101243	-1.3271172
GC03T-R1:ATCATCTAGTGTGGCA	GC03T-R1	16793.0	3995	0.046447925	T	GC03	Mφ_APOE	-0.25914952	-0.3295422
GC03T-R1:ATGGGAGAGCAGCCTC	GC03T-R1	6666.0	1803	0.04470447	T	GC03	cDC2_CD1C	2.3017404	-1.6066504
GC03T-R1:CAGGTGCTCATCTGTT	GC03T-R1	25231.0	4971	0.031271055	T	GC03	Mφ_APOE	0.12780349	-0.4091918
GC03T-R1:CATCGAATCATGCATG	GC03T-R1	7620.0	2397	0.051312335	T	GC03	Mφ_APOE	-0.14241004	-0.39697483
GC03T-R1:CCAGCGATCATCATTC	GC03T-R1	13747.0	3851	0.07194297	T	GC03	Mφ_APOE	-0.39646348	-0.51016176
GC03T-R1:CCCTCCTTCCTAGTGA	GC03T-R1	5187.0	1971	0.020435704	T	GC03	Mono_CD14	3.0052938	-7.9305577
GC03T-R1:CCTCTGAAGATGTGGC	GC03T-R1	2813.0	1255	0.013153217	T	GC03	Mono_CD14	2.4167428	-7.2587337
GC03T-R1:CCTTTCTCAAGACGTG	GC03T-R1	5913.0	1960	0.020632505	T	GC03	Mono_CD14	4.005194	-6.5168166
GC03T-R1:CGGACGTGTCCCGACA	GC03T-R1	10103.0	2541	0.04355142	T	GC03	Mφ_APOE	0.40030065	-0.83699197
GC03T-R1:CGGCTAGCACCGTTGG	GC03T-R1	5288.0	1900	0.031580936	T	GC03	Mφ_THBS1	2.7300944	-6.973808
GC03T-R1:CGTTAGAAGCTACCTA	GC03T-R1	23833.0	4357	0.044895735	T	GC03	Mφ_APOE	-0.3881051	-0.70879775
GC03T-R1:CTAAGACTCCTACAGA	GC03T-R1	1514.0	730	0.030383091	T	GC03	Mono_CD14	2.1192997	-4.9780335
GC03T-R1:CTAGAGTCAAGCGTAG	GC03T-R1	11804.0	2590	0.038800407	T	GC03	cDC2_CD1C	1.1213778	-2.4886765
GC03T-R1:CTCGTACGTTTGTGTG	GC03T-R1	11752.0	3032	0.03727025	T	GC03	Mφ_APOE	-0.12851459	-1.0499442
GC03T-R1:CTGATCCTCCCACTTG	GC03T-R1	11563.0	2979	0.034852546	T	GC03	cDC2_CD1C	2.024072	0.26785868
GC03T-R1:CTTGGCTGTTACCAGT	GC03T-R1	10959.0	3590	0.035039693	T	GC03	Mφ_APOE	-0.43685868	-0.29932067
GC03T-R1:GCCTCTAGTTGGAGGT	GC03T-R1	11071.0	2884	0.05302141	T	GC03	cDC2_CD1C	1.9364741	-0.18628141
GC03T-R1:GCGCAGTAGCGCCTCA	GC03T-R1	17304.0	3987	0.052415628	T	GC03	Mφ_APOE	0.016572408	-0.5814074
GC03T-R1:GCTGCAGTCAACGGCC	GC03T-R1	7172.0	2103	0.032487452	T	GC03	Mono_FCGR3A	4.5331173	-4.1539726
GC03T-R1:GGTGTTAGTCTTGATG	GC03T-R1	13024.0	3273	0.053439803	T	GC03	Mφ_APOE	-0.45700532	-0.41518122
GC03T-R1:GTAGGCCTCTCGATGA	GC03T-R1	15507.0	3379	0.03482298	T	GC03	cDC2_CD1C	0.939365	-0.700111
GC03T-R1:GTGTGCGTCGGTCTAA	GC03T-R1	6748.0	1910	0.023266153	T	GC03	cDC2_CD1C	1.1601893	-1.8541169
GC03T-R1:GTTAAGCAGAACAATC	GC03T-R1	16117.0	3285	0.04529379	T	GC03	cDC2_CD1C	1.6015664	-1.0429218
GC03T-R1:TAAACCGTCCGCAGTG	GC03T-R1	4261.0	1546	0.039662052	T	GC03	Mφ_THBS1	1.4945732	-7.5164723
GC03T-R1:TAAGAGAAGAATGTTG	GC03T-R1	12377.0	2930	0.044437263	T	GC03	cDC2_CD1C	0.5138262	-0.9722042
GC03T-R1:TCAGGATTCGATGAGG	GC03T-R1	7802.0	2222	0.04793643	T	GC03	Mono_FCGR3A	6.0504775	-2.5012486
GC03T-R1:TCGCGAGTCAGTTTGG	GC03T-R1	13604.0	3205	0.039547194	T	GC03	cDC2_CD1C	1.9852284	-0.0977615
GC03T-R1:TGACGGCAGGCCCGTT	GC03T-R1	17181.0	4196	0.03143007	T	GC03	Mφ_APOE	-0.062574714	-0.5857782
GC03T-R1:TGAGGGATCGCCGTGA	GC03T-R1	3121.0	1260	0.035245113	T	GC03	Mφ_THBS1	1.6019964	-7.126135
GC03T-R1:TGCGTGGCAGGATCGA	GC03T-R1	11721.0	2854	0.035321217	T	GC03	Mφ_APOE	-1.0336044	-1.4041245
GC03T-R1:TGGACGCTCAACGGCC	GC03T-R1	8789.0	2694	0.060757764	T	GC03	Mφ_APOE	-0.06791326	-0.5751212
GC05P:ATAAGAGAGTCGTTTG	GC05P	8170.0	2413	0.051652387	P	GC05	Mφ_APOE	-0.38475627	-0.42014822
GC05P:ATCATCTCATCAGTAC	GC05P	1156.0	590	0.07785467	P	GC05	Mφ_APOE	-1.3023748	1.1983662
GC05P:ATTGGTGCACGAAGCA	GC05P	20480.0	4223	0.042333983	P	GC05	Mφ_APOE	-0.23319186	-0.6053079
GC05P:CAACCTCAGAAGGGTA	GC05P	26642.0	4762	0.03092861	P	GC05	cDC2_CD1C	0.62080085	0.37980556
GC05P:CACACTCCATACCATG	GC05P	17675.0	3754	0.04311174	P	GC05	Mφ_APOE	-2.7217088	-0.3612598
GC05P:CCCATACGTGCAACGA	GC05P	1296.0	543	0.046296295	P	GC05	Mφ_THBS1	0.66332555	-4.217528
GC05P:CGAACATCAAGGTTTC	GC05P	19802.0	3903	0.03994546	P	GC05	Mφ_APOE	-2.3368824	0.23830007
GC05P:CGCGGTAGTCGCATCG	GC05P	25639.0	4299	0.031358477	P	GC05	Mφ_APOE	-2.5832074	-1.2090516
GC05P:CGGACACGTACCATCA	GC05P	21174.0	3767	0.04222159	P	GC05	Mφ_APOE	-0.26409417	-1.1178349
GC05P:CGGACTGGTATAGGGC	GC05P	14250.0	3430	0.051929824	P	GC05	cDC2_CD1C	1.8369772	0.32981193
GC05P:GTGCTTCCAAGTTCTG	GC05P	19308.0	3625	0.02895173	P	GC05	cDC2_CD1C	1.8971409	-1.9187224
GC05P:TAGACCAAGAGAACAG	GC05P	19654.0	3820	0.0360232	P	GC05	Mφ_APOE	-2.893967	0.58613133
GC05P:TAGTGGTTCGCAAACT	GC05P	8635.0	2584	0.05489288	P	GC05	Mφ_APOE	-1.6192229	1.0964433
GC05P:TGCCCATCAACTTGAC	GC05P	18488.0	3737	0.04602986	P	GC05	cDC2_CD1C	1.9465884	-0.30426407
GC05T:AAACGGGGTCCTCCAT	GC05T	1196.0	518	0.0	T	GC05	Mφ_APOE	-0.60653645	-1.8493112
GC05T:AAAGCAAGTGTCCTCT	GC05T	9728.0	2302	0.02991365	T	GC05	pDC_LILRA4	3.9156368	2.1054072
GC05T:AAAGTAGCAGTTTACG	GC05T	17123.0	3676	0.035566196	T	GC05	Mφ_APOE	-1.1761695	-0.10879759
GC05T:ACAGCCGTCTCCCTGA	GC05T	5186.0	1774	0.031430773	T	GC05	Mφ_APOE	-1.1060007	-1.2421322
GC05T:ACGCCGACAGGGTTAG	GC05T	19493.0	3924	0.046016518	T	GC05	Mφ_APOE	-0.46008015	-1.4515787
GC05T:ACGGGTCTCGCCCTTA	GC05T	18976.0	3410	0.04005059	T	GC05	cDC2_CD1C	2.3028085	-2.1884844
GC05T:ATCGAGTGTTCTGTTT	GC05T	19878.0	3598	0.03908844	T	GC05	cDC2_CD1C	1.4860584	-1.4429411
GC05T:CAACCTCAGAATTCCC	GC05T	21490.0	4082	0.043787807	T	GC05	cDC2_CD1C	0.9235733	-1.0362301
GC05T:CAAGAAACAGGACGTA	GC05T	4585.0	1436	0.052998908	T	GC05	Mφ_THBS1	1.216258	-7.316211
GC05T:CAAGGCCTCGCCTGTT	GC05T	3934.0	1334	0.0020335536	T	GC05	DC_LAMP3	4.3856435	-0.79767257
GC05T:CCTCAGTAGCGATATA	GC05T	16642.0	3642	0.040199496	T	GC05	Mφ_APOE	-0.6235267	-0.09444926
GC05T:CGACCTTGTCTAAAGA	GC05T	11654.0	3044	0.06898919	T	GC05	Mφ_APOE	-1.2735143	-0.3953712
GC05T:CTAACTTGTTAAGATG	GC05T	10841.0	2591	0.044368602	T	GC05	Mφ_APOE	-0.09896978	-0.817051
GC05T:CTGTTTATCAGCAACT	GC05T	17523.0	3502	0.06328825	T	GC05	Mφ_APOE	-1.0750896	-0.2071478
GC05T:GACGGCTAGTACGATA	GC05T	22553.0	3985	0.04385226	T	GC05	Mφ_APOE	-3.0089839	-0.66470116
GC05T:GATGAAAAGCGTGAAC	GC05T	18308.0	3702	0.044406816	T	GC05	Mφ_APOE	-1.4636124	-0.7872848
GC05T:GATGCTACATTACGAC	GC05T	12998.0	3277	0.0308509	T	GC05	Mφ_APOE	-0.94766945	-0.07209394
GC05T:GCAAACTCACCTTGTC	GC05T	1825.0	883	0.01479452	T	GC05	Mφ_APOE	-1.1747829	1.2793235
GC05T:GCAATCATCACAACGT	GC05T	3897.0	1187	0.07313318	T	GC05	cDC2_CD1C	1.2467157	-3.3624256
GC05T:GCTGGGTGTATAGGTA	GC05T	14293.0	3585	0.043797664	T	GC05	cDC2_CD1C	1.966859	-0.26890165
GC05T:GGATGTTAGAGTACAT	GC05T	20224.0	3770	0.04959454	T	GC05	Mφ_APOE	-0.99303865	0.053115197
GC05T:GGCTGGTCAGATCCAT	GC05T	5198.0	1670	0.038476337	T	GC05	Mφ_THBS1	-0.49168888	-8.091438
GC05T:GTAACTGGTACACCGC	GC05T	11312.0	2810	0.02501768	T	GC05	Mφ_APOE	-0.8732083	-0.14419869
GC05T:GTGTGCGAGTTGAGAT	GC05T	675.0	356	0.047407407	T	GC05	Mφ_THBS1	0.63710445	-4.0999317
GC05T:TCAGATGCATACGCTA	GC05T	2107.0	946	0.035121024	T	GC05	Mφ_THBS1	-0.281719	-7.651783
GC05T:TCAGGTACAAAGTGCG	GC05T	3881.0	1460	0.024735892	T	GC05	Mφ_THBS1	0.009692573	-7.818897
GC05T:TCGTAGATCTTGAGGT	GC05T	16158.0	3783	0.028530758	T	GC05	Mφ_APOE	-2.1037905	-0.93038106
GC05T:TCTTCGGAGCGTGTCC	GC05T	15141.0	3103	0.029390397	T	GC05	Mφ_APOE	-3.093653	0.08915114
GC05T:TGGCTGGGTATCGCAT	GC05T	18395.0	3960	0.046969283	T	GC05	Mφ_APOE	-2.5797453	-0.7447439
GC05T:TTGAACGTCGCATGAT	GC05T	1111.0	540	0.0360036	T	GC05	Mφ_THBS1	-0.041976705	-4.6320148
GC09P:ACACCCTCATATACCG	GC09P	659.0	368	0.06525038	P	GC09	Mφ_THBS1	0.8205852	-4.5351887
GC09P:ACATCAGCAGACAAGC	GC09P	3793.0	1428	0.05562879	P	GC09	Mφ_THBS1	-0.29700154	-6.613888
GC09P:ACGCCAGTCGTCCGTT	GC09P	23896.0	3866	0.031134918	P	GC09	cDC1_XCR1	1.1316103	2.9592743
GC09P:ACTGCTCTCCGTCATC	GC09P	747.0	367	0.05488621	P	GC09	Mφ_APOE	-0.14085633	-2.378931
GC09P:AGAGCGACAACGCACC	GC09P	4515.0	1494	0.050276853	P	GC09	Mφ_THBS1	0.8660953	-7.1373725
GC09P:AGCATACGTAGAAGGA	GC09P	5854.0	1969	0.06952511	P	GC09	Mono_FCGR3A	5.552785	-2.4824882
GC09P:AGCCTAACAGACGTAG	GC09P	16117.0	3402	0.05280139	P	GC09	cDC2_CD1C	2.458045	-1.2265521
GC09P:AGGCCACGTGGGTCAA	GC09P	17957.0	3743	0.08130534	P	GC09	Mφ_APOE	-1.080588	-2.4958982
GC09P:AGTGGGAAGAGCCCAA	GC09P	3087.0	1085	0.054421768	P	GC09	Mφ_THBS1	1.2116176	-5.119814
GC09P:ATAAGAGGTTGAGGTG	GC09P	2547.0	807	0.059285432	P	GC09	Mφ_APOE	-1.3033125	-1.7085302
GC09P:CAAGGCCGTTCCAACA	GC09P	6320.0	1954	0.05443038	P	GC09	Mφ_THBS1	-0.5799075	-7.5104175
GC09P:CAAGTTGCATGTCTCC	GC09P	12537.0	2981	0.040599823	P	GC09	cDC2_CD1C	0.89830774	-2.2321439
GC09P:CACAGGCCAGCCACCA	GC09P	4476.0	1524	0.057193924	P	GC09	Mφ_THBS1	-0.28777358	-7.3171177
GC09P:CACATAGAGACTAGGC	GC09P	1149.0	596	0.06440383	P	GC09	Mφ_THBS1	0.89882034	-5.3213973
GC09P:CAGCTAAGTCCTAGCG	GC09P	1597.0	656	0.082654975	P	GC09	Mφ_APOE	-2.1215367	-1.3331549
GC09P:CAGCTGGGTGAGCGAT	GC09P	9035.0	2042	0.06773658	P	GC09	Mφ_APOE	-1.8442127	-1.9459407
GC09P:CATGCCTAGTCAATAG	GC09P	1202.0	625	0.0108153075	P	GC09	cDC2_CD1C	0.95207274	-2.5331023
GC09P:CCGTACTAGGCATGTG	GC09P	8349.0	2272	0.08204576	P	GC09	cDC2_CD1C	1.1108767	-3.932978
GC09P:CCTAGCTAGTCCATAC	GC09P	16490.0	3309	0.03687083	P	GC09	cDC2_CD1C	2.2143486	0.35275665
GC09P:CCTATTAAGCCACCTG	GC09P	2971.0	991	0.072702795	P	GC09	cDC2_CD1C	2.4357	-2.7300353
GC09P:CCTTCCCAGGTGGGTT	GC09P	1915.0	753	0.09869452	P	GC09	Mφ_APOE	-0.7914344	-1.7718432
GC09P:CGAGCACAGCGACGTA	GC09P	5435.0	1918	0.075068995	P	GC09	pDC_LILRA4	4.119558	2.2406335
GC09P:CGATGTAGTCTAGAGG	GC09P	3799.0	714	0.040273756	P	GC09	cDC2_CD1C	2.2206101	-2.672771
GC09P:CGTAGGCCAAGAGTCG	GC09P	7665.0	1955	0.04722766	P	GC09	Mφ_THBS1	1.2042851	-5.471295
GC09P:CGTTGGGCAAGCCTAT	GC09P	14588.0	3208	0.04860159	P	GC09	cDC2_CD1C	1.2617688	-2.825065
GC09P:CTAAGACGTGCAACGA	GC09P	1959.0	748	0.08831036	P	GC09	Mφ_APOE	-2.1676433	-1.4584932
GC09P:CTAAGACGTTCGCGAC	GC09P	1053.0	505	0.08262108	P	GC09	Mφ_THBS1	1.1169024	-4.572593
GC09P:CTAATGGTCCTATGTT	GC09P	5506.0	2054	0.059752997	P	GC09	pDC_LILRA4	4.139083	2.6593199
GC09P:CTCGGGAGTTCGCTAA	GC09P	10916.0	2538	0.061927445	P	GC09	Mφ_APOE	-2.4037344	-0.51462513
GC09P:CTGAAGTTCAAAGACA	GC09P	16238.0	3806	0.06256928	P	GC09	DC_LAMP3	4.745841	-0.73325306
GC09P:CTGATAGCAGCTGTAT	GC09P	22488.0	3899	0.051849876	P	GC09	cDC1_XCR1	1.1968527	2.6936045
GC09P:CTGCTGTAGTAAGTAC	GC09P	9275.0	2627	0.062749326	P	GC09	Mono_FCGR3A	5.4189935	-2.66467
GC09P:GAACGGATCTGATTCT	GC09P	7685.0	2350	0.065582305	P	GC09	Mono_FCGR3A	6.256004	-2.2676344
GC09P:GAATAAGCAAAGCGGT	GC09P	5946.0	1560	0.044735957	P	GC09	Mφ_APOE	-2.7846022	-0.9712039
GC09P:GCAGCCAAGCACAGGT	GC09P	970.0	449	0.020618556	P	GC09	cDC2_CD1C	1.2666216	-3.1938105
GC09P:GCATGTAAGTCGTTTG	GC09P	3934.0	1320	0.03024911	P	GC09	pDC_LILRA4	3.5184915	1.5718644
GC09P:GCCAAATAGAGGGATA	GC09P	4433.0	1691	0.0518836	P	GC09	Mφ_THBS1	-2.681	-3.9814901
GC09P:GCCTCTACATGGGAAC	GC09P	791.0	411	0.0505689	P	GC09	Mφ_THBS1	-0.5407873	-4.4401574
GC09P:GCGCGATGTCTCTTAT	GC09P	9340.0	2109	0.049036402	P	GC09	cDC2_CD1C	2.1075394	-3.0634172
GC09P:GGAAAGCTCAACTCTT	GC09P	8003.0	2409	0.03548669	P	GC09	pDC_LILRA4	3.977523	2.659497
GC09P:GGACAAGTCCGCGTTT	GC09P	21110.0	3662	0.04391284	P	GC09	cDC1_XCR1	1.4848264	2.5279844
GC09P:GGACGTCTCTCACATT	GC09P	8033.0	2130	0.04680692	P	GC09	Mφ_THBS1	1.0841403	-4.6808476
GC09P:GGATGTTAGGGCTCTC	GC09P	1457.0	657	0.03431709	P	GC09	cDC2_CD1C	1.24783	-3.7977755
GC09P:GGGAGATGTACAGTGG	GC09P	4219.0	1457	0.0917279	P	GC09	Mφ_THBS1	0.5565047	-5.221903
GC09P:GGGATGAAGCTAAACA	GC09P	22367.0	3784	0.05181741	P	GC09	cDC2_CD1C	2.326595	-0.80785835
GC09P:GGTGTTAAGTGATCGG	GC09P	4856.0	1576	0.04036244	P	GC09	Mφ_APOE	-1.148173	0.45690867
GC09P:GTCACGGAGGTGTGGT	GC09P	7706.0	2131	0.023228653	P	GC09	pDC_LILRA4	4.0485616	2.3868716
GC09P:GTCGGGTTCTGTCTCG	GC09P	14444.0	3023	0.047216836	P	GC09	cDC2_CD1C	2.2384849	0.034439407
GC09P:GTGCGGTAGTGCTGCC	GC09P	12833.0	2700	0.051741604	P	GC09	cDC2_CD1C	1.3840952	-2.91783
GC09P:GTGTGCGAGTGTCTCA	GC09P	3971.0	1480	0.054142535	P	GC09	Mφ_THBS1	0.85359913	-6.490115
GC09P:TACTTGTAGTCAAGGC	GC09P	3236.0	1125	0.066440046	P	GC09	Mφ_APOE	-0.9038533	-0.7041445
GC09P:TAGAGCTAGATGGGTC	GC09P	15439.0	3376	0.0518816	P	GC09	cDC2_CD1C	0.171586	-2.8406174
GC09P:TAGAGCTTCGATCCCT	GC09P	8162.0	2255	0.07890223	P	GC09	Mφ_APOE	-2.2818103	0.32757914
GC09P:TATCAGGCATTGAGCT	GC09P	19943.0	4107	0.05310134	P	GC09	cDC2_CD1C	0.7436605	0.6755438
GC09P:TATGCCCTCATACGGT	GC09P	4761.0	1565	0.050619617	P	GC09	Mφ_THBS1	-0.581109	-6.920804
GC09P:TCAGCTCTCCGCTGTT	GC09P	8833.0	2398	0.048115022	P	GC09	Mφ_THBS1	0.50718755	-7.938161
GC09P:TCGTACCCATGCCACG	GC09P	1976.0	904	0.03188259	P	GC09	Mφ_THBS1	-0.2777692	-3.7100785
GC09P:TGGACGCCATTACGAC	GC09P	20359.0	3731	0.057566676	P	GC09	cDC2_CD1C	2.091213	0.08351986
GC09P:TGGCCAGTCTCTGCTG	GC09P	4837.0	1528	0.07297912	P	GC09	Mφ_THBS1	0.39148942	-4.9352665
GC09P:TGGTTCCCAGACGCAA	GC09P	2877.0	861	0.052485228	P	GC09	cDC2_CD1C	1.2663459	-3.0214179
GC09P:TTCTCAAAGAAGCCCA	GC09P	12323.0	3179	0.066785686	P	GC09	Mφ_APOE	-2.0131044	-0.28363824
GC09P:TTCTCAACACCAGGCT	GC09P	20467.0	3443	0.04324034	P	GC09	cDC1_XCR1	1.3839402	2.9109793
GC09P:TTGAACGCATGTCTCC	GC09P	12232.0	2778	0.06442119	P	GC09	cDC1_XCR1	1.1689451	2.834712
GC09P:TTGCGTCGTATGCTTG	GC09P	5964.0	1794	0.046277665	P	GC09	Mφ_APOE	-0.26073375	-2.8075318
GC09T:AAAGATGGTTCGCGAC	GC09T	3762.0	1084	0.033227008	T	GC09	cDC2_CD1C	2.192686	-3.4201348
GC09T:AAAGCAATCGCAGGCT	GC09T	2901.0	1196	0.08169597	T	GC09	Mφ_THBS1	-0.1854851	-5.5784097
GC09T:AAAGTAGTCGTACGGC	GC09T	11244.0	2853	0.05700818	T	GC09	Mono_CD14	4.646598	-4.7329173
GC09T:AACTCAGAGATATGCA	GC09T	20704.0	3900	0.045401856	T	GC09	cDC2_CD1C	2.0468113	0.5421021
GC09T:AACTCAGAGCGAGAAA	GC09T	7959.0	2261	0.058550067	T	GC09	Mono_FCGR3A	6.1065054	-2.5332627
GC09T:AACTCAGAGTCCATAC	GC09T	25138.0	4197	0.042604823	T	GC09	Mφ_APOE	-2.254136	-1.1444391
GC09T:AACTCCCAGATATACG	GC09T	2828.0	1076	0.06435644	T	GC09	cDC2_CD1C	2.2351685	-3.1757042
GC09T:AACTCCCCAAGCCGTC	GC09T	1895.0	920	0.05382586	T	GC09	Mφ_THBS1	-0.5872072	-4.061924
GC09T:ACACCCTAGTCGTTTG	GC09T	14677.0	3149	0.054234516	T	GC09	cDC2_CD1C	1.198371	-4.094634
GC09T:ACACTGAAGAGGTACC	GC09T	13382.0	3205	0.058885068	T	GC09	Mφ_THBS1	-0.9045866	-3.7828724
GC09T:ACACTGATCACCCTCA	GC09T	13224.0	3159	0.051648516	T	GC09	cDC2_CD1C	0.57767797	-3.7582555
GC09T:ACCTTTAGTCCTGCTT	GC09T	11932.0	2844	0.047686893	T	GC09	cDC2_CD1C	2.19052	-2.6544788
GC09T:ACGGAGATCCTCAATT	GC09T	534.0	331	0.06367041	T	GC09	Mφ_APOE	-0.7417725	-2.205479
GC09T:ACGGGCTAGCTGCCCA	GC09T	9726.0	2661	0.03701419	T	GC09	Mφ_APOE	-2.5510805	-2.7403977
GC09T:ACTGCTCAGATCACGG	GC09T	1028.0	571	0.05933852	T	GC09	Mφ_THBS1	-0.17271231	-6.1670465
GC09T:AGAGCTTGTTATCCGA	GC09T	9612.0	2689	0.03287557	T	GC09	pDC_LILRA4	4.2153444	2.7936203
GC09T:AGAGCTTTCTTGCAAG	GC09T	18648.0	3226	0.050246675	T	GC09	DC_LAMP3	3.371793	-0.90936184
GC09T:AGCGGTCCACTTACGA	GC09T	21053.0	3578	0.039044317	T	GC09	Mφ_APOE	-2.2135425	0.18257108
GC09T:AGCGTATCAGTACACT	GC09T	1423.0	664	0.054111034	T	GC09	Mφ_THBS1	-0.1770325	-4.9079123
GC09T:AGCGTATCATCACGTA	GC09T	11128.0	2884	0.04825665	T	GC09	Mφ_THBS1	-0.22767837	-5.928734
GC09T:AGGCCACTCTGCTTGC	GC09T	19473.0	3778	0.042879883	T	GC09	cDC2_CD1C	1.3348527	-1.9004474
GC09T:AGGCCGTCATGCCTTC	GC09T	12983.0	2710	0.049757376	T	GC09	cDC2_CD1C	1.3048111	-3.014381
GC09T:AGTGGGAGTCGCGAAA	GC09T	14623.0	3366	0.070642136	T	GC09	cDC2_CD1C	2.1439362	-1.4743091
GC09T:ATCACGAGTATTCGTG	GC09T	11507.0	2652	0.038672112	T	GC09	Mφ_THBS1	0.486289	-4.2233095
GC09T:ATCATCTCAAAGGTGC	GC09T	12673.0	2916	0.050579973	T	GC09	cDC2_CD1C	2.4854505	-2.2775054
GC09T:ATCCACCAGACAGAGA	GC09T	13141.0	3144	0.06407427	T	GC09	Mφ_THBS1	0.409964	-4.869468
GC09T:ATCTGCCCATCTATGG	GC09T	5220.0	1539	0.05	T	GC09	cDC2_CD1C	2.561639	-3.0719464
GC09T:ATGTGTGCACACGCTG	GC09T	8490.0	2618	0.04899882	T	GC09	cDC2_CD1C	0.8599422	-2.7829058
GC09T:ATTATCCAGGCCCTCA	GC09T	19018.0	3990	0.047165845	T	GC09	cDC2_CD1C	1.5763044	0.8813226
GC09T:ATTCTACCAAGGTTCT	GC09T	10405.0	2839	0.047573283	T	GC09	Mφ_THBS1	-1.3554628	-5.3473353
GC09T:CAACCAAAGATGCGAC	GC09T	20675.0	3693	0.04241838	T	GC09	cDC2_CD1C	2.507197	-1.6257284
GC09T:CAACTAGTCCAAACAC	GC09T	11498.0	2694	0.057749175	T	GC09	cDC2_CD1C	2.1628928	0.47202498
GC09T:CAAGGCCTCCTGCAGG	GC09T	3343.0	1252	0.061322168	T	GC09	Mφ_THBS1	-0.5505453	-5.5893803
GC09T:CACACAAAGTTCGCGC	GC09T	20403.0	3592	0.04553252	T	GC09	cDC2_CD1C	2.267827	0.4498133
GC09T:CACACCTTCGCCATAA	GC09T	4766.0	1086	0.07385648	T	GC09	Mφ_APOE	-2.4615643	-1.3709068
GC09T:CATCAAGAGACAGACC	GC09T	2697.0	1120	0.08565072	T	GC09	Mφ_THBS1	-0.26472026	-5.8063416
GC09T:CATCCACTCACTGGGC	GC09T	5896.0	1983	0.034430124	T	GC09	Mφ_APOE	-2.3852532	-0.8835077
GC09T:CATGACAAGTAGATGT	GC09T	17040.0	3656	0.060856808	T	GC09	cDC2_CD1C	2.0358825	0.5425877
GC09T:CATGACAGTCCAACTA	GC09T	12073.0	2879	0.0562412	T	GC09	cDC2_CD1C	2.5828638	-2.387683
GC09T:CATGGCGAGGTAAACT	GC09T	9659.0	2603	0.05901232	T	GC09	Mφ_THBS1	-0.4141804	-6.6728716
GC09T:CCAATCCTCCTTCAAT	GC09T	14410.0	3527	0.04219292	T	GC09	Mφ_THBS1	-0.62648845	-4.313251
GC09T:CCACTACAGGTGTGGT	GC09T	9899.0	2598	0.054247905	T	GC09	Mφ_THBS1	0.060314678	-4.461516
GC09T:CCACTACTCCCATTTA	GC09T	6331.0	1735	0.07534355	T	GC09	Mφ_THBS1	-1.1188607	-4.8470197
GC09T:CCACTACTCTCAAGTG	GC09T	983.0	508	0.07324517	T	GC09	Mφ_THBS1	-0.5124161	-3.905138
GC09T:CCACTACTCTGCGGCA	GC09T	684.0	390	0.07309941	T	GC09	Mφ_THBS1	-0.17558855	-3.614269
GC09T:CCAGCGACACCGTTGG	GC09T	10268.0	2725	0.05629139	T	GC09	Mφ_THBS1	-2.520169	-4.871491
GC09T:CCGGTAGAGACAGAGA	GC09T	18165.0	3049	0.04607762	T	GC09	DC_LAMP3	4.0257525	-0.71509093
GC09T:CCGGTAGAGAGTGACC	GC09T	14830.0	3362	0.048415374	T	GC09	cDC2_CD1C	0.9911551	-3.8579211
GC09T:CCGTACTTCATAGCAC	GC09T	13447.0	3200	0.055328324	T	GC09	Mφ_THBS1	-0.18638359	-5.3450136
GC09T:CCGTGGAAGGTGCACA	GC09T	14382.0	3538	0.065220416	T	GC09	Mφ_APOE	-0.6762786	-2.1191924
GC09T:CCGTGGATCCTTGGTC	GC09T	27913.0	4906	0.05896894	T	GC09	cDC2_CD1C	0.56743515	0.5861939
GC09T:CCTAAAGAGTGTGAAT	GC09T	4766.0	1593	0.029584557	T	GC09	Mφ_THBS1	-0.43697414	-5.752981
GC09T:CCTACACAGTCACGCC	GC09T	1178.0	584	0.07809847	T	GC09	Mφ_THBS1	-0.312547	-4.188397
GC09T:CCTACCACACAGGCCT	GC09T	660.0	391	0.046969697	T	GC09	Mφ_APOE	-1.4421837	-1.5071243
GC09T:CCTCAGTCAATCTGCA	GC09T	15832.0	3060	0.030192016	T	GC09	cDC2_CD1C	2.4041317	-2.3660252
GC09T:CCTCAGTTCTCCGGTT	GC09T	8831.0	2608	0.043030236	T	GC09	Mφ_THBS1	-0.5592409	-6.522949
GC09T:CCTTACGCAGATTGCT	GC09T	7416.0	1723	0.026968716	T	GC09	cDC1_XCR1	1.2392324	2.8856766
GC09T:CCTTCGACATATGGTC	GC09T	16272.0	3502	0.03539823	T	GC09	cDC2_CD1C	1.9502581	-2.7048767
GC09T:CGAATGTTCAGTGTTG	GC09T	3780.0	1370	0.064550266	T	GC09	Mφ_THBS1	-0.11905146	-5.077605
GC09T:CGAGCACAGCCGGTAA	GC09T	23584.0	4463	0.036592606	T	GC09	Mφ_APOE	-3.4375694	-1.9061294
GC09T:CGAGCCATCACCCGAG	GC09T	11715.0	2840	0.0889458	T	GC09	Mφ_THBS1	0.6406885	-5.172325
GC09T:CGGACACGTGCTTCTC	GC09T	34104.0	5444	0.053806007	T	GC09	cDC1_XCR1	1.0267993	1.4934663
GC09T:CGGGTCATCCCATTTA	GC09T	6124.0	1677	0.04408883	T	GC09	cDC2_CD1C	2.595041	-2.8305676
GC09T:CGGGTCATCTCAAGTG	GC09T	913.0	467	0.05257393	T	GC09	cDC2_CD1C	1.7871027	-2.8654592
GC09T:CGTCCATTCCGTAGGC	GC09T	12307.0	3016	0.07499797	T	GC09	cDC2_CD1C	0.42409608	-1.9358485
GC09T:CGTTCTGGTAGGACAC	GC09T	9911.0	2403	0.04722026	T	GC09	cDC2_CD1C	2.6303513	-2.4192855
GC09T:CTACATTAGTACACCT	GC09T	560.0	358	0.0017857143	T	GC09	Mφ_APOE	-0.38484073	-2.3944094
GC09T:CTACCCACACCAGTTA	GC09T	1608.0	745	0.08084577	T	GC09	Mφ_APOE	-1.9182668	-0.9534326
GC09T:CTAGAGTCACTTAACG	GC09T	2324.0	1006	0.071428575	T	GC09	Mφ_THBS1	-0.031236742	-5.787038
GC09T:CTCTGGTAGAGATGAG	GC09T	7800.0	2459	0.052179486	T	GC09	Mφ_THBS1	-0.6076382	-7.6548696
GC09T:CTCTGGTTCCTGCCAT	GC09T	13654.0	3015	0.050900836	T	GC09	Mφ_THBS1	-2.0534022	-5.958659
GC09T:CTGCGGACACCGTTGG	GC09T	8255.0	2160	0.031496063	T	GC09	cDC2_CD1C	2.2076328	-3.121115
GC09T:CTGTGCTGTAGGCTGA	GC09T	547.0	359	0.043875687	T	GC09	Mφ_APOE	-1.7303617	-1.7209077
GC09T:CTTACCGGTGGTGTAG	GC09T	825.0	494	0.03272727	T	GC09	Mφ_THBS1	0.067593746	-3.9517395
GC09T:CTTACCGTCCACGAAT	GC09T	13606.0	3459	0.050859913	T	GC09	Mφ_THBS1	-1.2851108	-4.007959
GC09T:GAAGCAGGTTCTCATT	GC09T	686.0	383	0.008746356	T	GC09	Mφ_APOE	-0.5597869	-1.9710361
GC09T:GACACGCTCAGTACGT	GC09T	11590.0	3001	0.035375323	T	GC09	Mφ_THBS1	0.35412297	-5.0624356
GC09T:GACAGAGAGGGTCTCC	GC09T	4244.0	1584	0.06573987	T	GC09	Mφ_THBS1	-0.5791998	-5.0496387
GC09T:GACGTGCAGGGTTCCC	GC09T	10205.0	2408	0.040078394	T	GC09	cDC2_CD1C	2.3037572	-2.7541158
GC09T:GACTACACACGTGAGA	GC09T	15023.0	2624	0.046062704	T	GC09	cDC1_XCR1	1.4891529	2.440283
GC09T:GAGTCCGGTCTCACCT	GC09T	13760.0	2890	0.023110464	T	GC09	DC_LAMP3	4.838441	-0.7218343
GC09T:GATCAGTGTGCCTGTG	GC09T	10399.0	2688	0.058370996	T	GC09	cDC2_CD1C	2.6045542	-2.0657856
GC09T:GATCTAGCACCCAGTG	GC09T	7075.0	2062	0.058374558	T	GC09	Mφ_THBS1	-0.6813335	-5.348502
GC09T:GATTCAGAGTGTGAAT	GC09T	7668.0	2141	0.06207616	T	GC09	Mφ_THBS1	0.48151392	-4.5057983
GC09T:GCAAACTCAGTTTACG	GC09T	12950.0	2962	0.053822394	T	GC09	Mφ_THBS1	0.11405891	-5.4755564
GC09T:GCACTCTAGGTGTTAA	GC09T	17960.0	4157	0.03190423	T	GC09	Mφ_THBS1	-1.66363	-5.196818
GC09T:GCAGCCACATCGGTTA	GC09T	10373.0	3292	0.08695652	T	GC09	cDC2_CD1C	0.8196145	-1.5024441
GC09T:GCAGCCAGTACGACCC	GC09T	10397.0	2476	0.048571702	T	GC09	cDC1_XCR1	1.4065309	2.8082466
GC09T:GCAGTTAGTCTCTCGT	GC09T	3253.0	1110	0.0006148171	T	GC09	Mφ_APOE	0.0013835236	-2.3623261
GC09T:GCATGTAAGGCTAGGT	GC09T	12998.0	3048	0.033312816	T	GC09	Mφ_THBS1	0.43044212	-4.1774178
GC09T:GCATGTAAGGCTCATT	GC09T	7599.0	2392	0.025529675	T	GC09	pDC_LILRA4	4.687754	2.59599
GC09T:GCGCGATTCACCCGAG	GC09T	16386.0	3131	0.03747101	T	GC09	cDC2_CD1C	2.357276	-1.0216657
GC09T:GCTGCGACATCACGTA	GC09T	6100.0	2032	0.050819673	T	GC09	Mφ_THBS1	-0.5790666	-7.291957
GC09T:GGAAAGCCATTCACTT	GC09T	21883.0	4619	0.04857652	T	GC09	cDC2_CD1C	0.31608555	-0.4984866
GC09T:GGAATAAAGACTTTCG	GC09T	14985.0	2877	0.042842843	T	GC09	cDC2_CD1C	2.6160212	-2.0012164
GC09T:GGACGTCGTTAAGGGC	GC09T	666.0	385	0.06456456	T	GC09	Mφ_THBS1	-0.2653467	-4.8774405
GC09T:GGACGTCTCCCTAACC	GC09T	10586.0	2818	0.05658417	T	GC09	Mφ_THBS1	-0.4111981	-4.1487255
GC09T:GGAGCAACATTAACCG	GC09T	16028.0	3387	0.030509109	T	GC09	Mφ_THBS1	0.1447686	-3.6340008
GC09T:GGATTACAGTGTACTC	GC09T	1449.0	714	0.03657695	T	GC09	Mφ_THBS1	-0.31968826	-4.680498
GC09T:GGCTGGTTCACAAACC	GC09T	15508.0	3451	0.038560744	T	GC09	Mφ_THBS1	-0.7582735	-5.144716
GC09T:GGGAATGAGTGATCGG	GC09T	760.0	351	0.055263158	T	GC09	Mφ_APOE	-1.3353342	-1.4683182
GC09T:GGGACCTGTCATATGC	GC09T	3866.0	1166	0.005690636	T	GC09	DC_LAMP3	3.597968	-1.5311323
GC09T:GGGTCTGAGGTCATCT	GC09T	6379.0	2065	0.07869572	T	GC09	Mφ_THBS1	-0.64176464	-6.7589827
GC09T:GGTATTGGTTAAGGGC	GC09T	10307.0	2499	0.04627923	T	GC09	Mφ_THBS1	0.8930996	-4.757849
GC09T:GTCACGGTCGCATGAT	GC09T	21876.0	3868	0.051700495	T	GC09	cDC2_CD1C	2.5401	-1.459382
GC09T:GTCGTAACATCGATGT	GC09T	29271.0	4761	0.046496533	T	GC09	cDC1_XCR1	0.8925332	2.1326568
GC09T:GTGCATATCTGGTGTA	GC09T	8495.0	2540	0.04932313	T	GC09	Mφ_THBS1	-0.13445677	-5.3227196
GC09T:GTGGGTCCACTCGACG	GC09T	1522.0	717	0.07884362	T	GC09	Mφ_THBS1	-0.007925023	-4.005625
GC09T:GTGTTAGCAGACGCAA	GC09T	696.0	402	0.014367816	T	GC09	Mφ_APOE	-1.840029	-1.2975498
GC09T:GTTCTCGGTGTGAAAT	GC09T	7151.0	2086	0.035239827	T	GC09	Mφ_THBS1	-0.3411591	-7.217805
GC09T:GTTTCTAAGTACGATA	GC09T	9233.0	2563	0.07137442	T	GC09	Mφ_THBS1	-1.3931004	-5.220899
GC09T:TAAGCGTAGATACACA	GC09T	18730.0	2805	0.061078485	T	GC09	DC_LAMP3	4.043442	-0.79096615
GC09T:TACAGTGAGCTAACTC	GC09T	12267.0	2753	0.05249857	T	GC09	cDC2_CD1C	2.4385433	-2.6886067
GC09T:TACGGATAGTGTACGG	GC09T	8977.0	2571	0.058371395	T	GC09	Mφ_THBS1	-0.32730895	-4.716179
GC09T:TATCAGGAGACTTGAA	GC09T	3538.0	1163	0.050028265	T	GC09	Mφ_THBS1	-0.35706413	-3.8012388
GC09T:TATGCCCTCAACACCA	GC09T	11200.0	2930	0.05642857	T	GC09	cDC2_CD1C	2.125021	0.41669294
GC09T:TCATTTGTCACGACTA	GC09T	16132.0	3237	0.046243493	T	GC09	cDC2_CD1C	2.673971	-1.0793155
GC09T:TCCACACTCCGTCAAA	GC09T	6548.0	2234	0.088423945	T	GC09	Mφ_THBS1	-0.6306244	-6.2444067
GC09T:TCCACACTCCGTTGCT	GC09T	18040.0	3498	0.042904656	T	GC09	cDC2_CD1C	2.2257395	0.04425473
GC09T:TCGCGAGGTACTCAAC	GC09T	8364.0	1968	0.00023912004	T	GC09	Mφ_APOE	-0.5414192	-2.3076637
GC09T:TCTTCGGGTAGAGGAA	GC09T	12153.0	2611	0.043446064	T	GC09	cDC2_CD1C	2.6576328	-2.1970565
GC09T:TGACTTTCACGACGAA	GC09T	20416.0	3658	0.042074844	T	GC09	Mφ_THBS1	0.4464354	-4.0056896
GC09T:TGCACCTTCACTTCAT	GC09T	18889.0	4286	0.0341998	T	GC09	cDC2_CD1C	2.0655975	0.468153
GC09T:TGCCCTACATACTACG	GC09T	4071.0	1774	0.06337509	T	GC09	Mφ_THBS1	-1.110426	-4.6118727
GC09T:TGCGCAGGTCCAACTA	GC09T	15819.0	3379	0.048106708	T	GC09	Mφ_THBS1	-0.6346807	-3.915224
GC09T:TGGCCAGCAGATGGCA	GC09T	5739.0	1949	0.07039554	T	GC09	Mφ_THBS1	-0.5600363	-6.4344344
GC09T:TGGCGCACACGTGAGA	GC09T	15185.0	3201	0.055251893	T	GC09	cDC2_CD1C	2.6086602	-1.212806
GC09T:TGGTTCCAGTGGAGTC	GC09T	7361.0	2127	0.024996603	T	GC09	Mφ_THBS1	-1.4829984	-4.9976964
GC09T:TGTTCCGCATTTGCTT	GC09T	2665.0	1117	0.039774857	T	GC09	Mφ_THBS1	-0.15922599	-5.3262787
GC09T:TTCTTAGTCATGTGGT	GC09T	732.0	418	0.06420765	T	GC09	Mφ_APOE	-1.8031433	-1.6934872
GC09T:TTGAACGCAAGTCATC	GC09T	5653.0	1882	0.05784539	T	GC09	Mφ_THBS1	-0.24822113	-5.3425136
GC09T:TTGAACGCAGTATCTG	GC09T	1721.0	746	0.04474143	T	GC09	Mφ_THBS1	0.58354765	-5.403353
GC09T:TTGGCAATCGATGAGG	GC09T	9406.0	2347	0.039336592	T	GC09	cDC2_CD1C	1.5408254	-3.7096417
GC09T:TTTGCGCCAAGAAGAG	GC09T	3864.0	1486	0.05253623	T	GC09	Mφ_THBS1	-0.51579326	-7.060005
GC04P:AACTCAGAGGAGTCTG	GC04P	10364.0	2483	0.038498648	P	GC04	cDC2_CD1C	1.8514453	-3.2053545
GC04P:AACTCTTTCGGTCTAA	GC04P	7142.0	2192	0.03458415	P	GC04	Mφ_THBS1	0.80370516	-5.52945
GC04P:AACTTTCTCCGTAGTA	GC04P	13059.0	2992	0.03384639	P	GC04	Mφ_APOE	-0.4019936	-1.1145115
GC04P:AAGCCGCGTAATCACC	GC04P	679.0	407	0.020618556	P	GC04	Mφ_APOE	0.17134058	-3.0284917
GC04P:AATCGGTGTATTCGTG	GC04P	4233.0	1500	0.037089534	P	GC04	Mφ_THBS1	0.14649995	-6.4560966
GC04P:AATCGGTTCGGTTCGG	GC04P	11853.0	2540	0.024128912	P	GC04	cDC2_CD1C	1.6295788	-2.3761852
GC04P:ACATACGTCACCCGAG	GC04P	7050.0	2120	0.04042553	P	GC04	Mφ_THBS1	-0.12544234	-6.3914685
GC04P:ACGAGGAAGTTTAGGA	GC04P	6253.0	2051	0.050055973	P	GC04	Mono_FCGR3A	6.5259714	-2.4071767
GC04P:ACGCCGAGTGAAAGAG	GC04P	8325.0	2400	0.027747748	P	GC04	Mono_FCGR3A	6.4803853	-2.2645214
GC04P:ACTTTCAAGGCATGTG	GC04P	8403.0	2196	0.04510294	P	GC04	cDC2_CD1C	2.4336424	-1.3256748
GC04P:AGACGTTGTCCATGAT	GC04P	8980.0	2197	0.044988863	P	GC04	Mono_FCGR3A	5.859151	-2.891837
GC04P:AGACGTTGTTCAGCGC	GC04P	2840.0	1069	0.03169014	P	GC04	Mφ_THBS1	0.55742985	-5.48128
GC04P:AGAGCTTCACACCGAC	GC04P	7435.0	2141	0.036449227	P	GC04	Mφ_THBS1	0.78422797	-4.083099
GC04P:AGATCTGAGACCTTTG	GC04P	2000.0	897	0.0015	P	GC04	Mφ_APOE	-1.532556	1.3061634
GC04P:AGCGGTCAGGCAGGTT	GC04P	9493.0	2425	0.040345516	P	GC04	Mφ_THBS1	-1.0592054	-4.6997533
GC04P:AGCGTATAGTGGGTTG	GC04P	6073.0	1872	0.04692903	P	GC04	Mφ_THBS1	0.07362374	-5.03627
GC04P:AGCGTCGCATGCTGGC	GC04P	1374.0	623	0.0349345	P	GC04	Mφ_THBS1	0.91122854	-5.2507772
GC04P:AGGGATGCAATGGATA	GC04P	1104.0	587	0.0009057971	P	GC04	Mφ_APOE	-1.5091722	-2.0829737
GC04P:ATAAGAGCACATCTTT	GC04P	5563.0	1807	0.07801546	P	GC04	Mφ_THBS1	-1.7000308	-5.1557407
GC04P:ATCCACCGTAAGTGTA	GC04P	1903.0	705	0.06568576	P	GC04	Mφ_APOE	-1.5321475	-1.13156
GC04P:ATTACTCCAAGGACTG	GC04P	3491.0	1213	0.044113435	P	GC04	Mφ_THBS1	-2.6923766	-6.3872576
GC04P:ATTGGACCAGCCAGAA	GC04P	13557.0	2904	0.039979346	P	GC04	cDC1_XCR1	0.899211	2.5774984
GC04P:CAACCAACAATGAATG	GC04P	7966.0	2482	0.05824755	P	GC04	Mono_CD14	0.56602746	-3.2719185
GC04P:CAAGAAACAAGCCGTC	GC04P	4884.0	1500	0.07514332	P	GC04	Mono_FCGR3A	4.988964	-2.930769
GC04P:CAAGAAAGTCTGATCA	GC04P	4420.0	1384	0.057692308	P	GC04	Mφ_THBS1	-0.06438957	-6.1964974
GC04P:CAAGATCAGCAGCCTC	GC04P	5017.0	1522	0.0348814	P	GC04	Mφ_THBS1	-0.0955185	-5.8140635
GC04P:CACAAACCAAGCTGAG	GC04P	6427.0	1748	0.03812043	P	GC04	Mφ_THBS1	0.8616763	-4.7632957
GC04P:CACAAACGTCAGGACA	GC04P	1739.0	795	0.039677978	P	GC04	Mφ_THBS1	-0.20464014	-6.831432
GC04P:CACACAATCATAGCAC	GC04P	4246.0	1545	0.033443242	P	GC04	Mφ_THBS1	-0.27759564	-7.356696
GC04P:CAGCGACAGTCCATAC	GC04P	5874.0	1908	0.057882193	P	GC04	Mono_FCGR3A	6.6997776	-2.582959
GC04P:CAGCTAACATGGTAGG	GC04P	3716.0	1512	0.036329385	P	GC04	Mφ_APOE	-0.88861704	0.14168143
GC04P:CAGGTGCAGGGATACC	GC04P	6433.0	2047	0.033887766	P	GC04	Mφ_THBS1	1.8449906	-7.192869
GC04P:CATCGAACATGCCTAA	GC04P	6845.0	2193	0.07070854	P	GC04	Mono_FCGR3A	7.0503774	-2.4049518
GC04P:CATGCCTCAATAGCGG	GC04P	9426.0	2618	0.036388714	P	GC04	Mφ_THBS1	0.19471629	-7.107851
GC04P:CATGGCGCACTTGGAT	GC04P	14349.0	2859	0.028852185	P	GC04	cDC2_CD1C	1.0163312	-2.9121356
GC04P:CCTAAAGGTAAACACA	GC04P	4434.0	1445	0.06675688	P	GC04	Mφ_APOE	-0.6967288	-1.9612532
GC04P:CGACTTCTCTGCTGCT	GC04P	2994.0	1153	0.029058116	P	GC04	Mφ_THBS1	0.7613139	-6.786915
GC04P:CGAGAAGGTAGCTTGT	GC04P	8156.0	2064	0.04180971	P	GC04	cDC2_CD1C	2.811465	-1.4977059
GC04P:CGCTTCATCTGCGACG	GC04P	13936.0	2761	0.027267508	P	GC04	cDC1_XCR1	1.1043801	3.222403
GC04P:CGGACTGTCGAACTGT	GC04P	9191.0	2483	0.046567295	P	GC04	Mφ_THBS1	-1.6893084	-3.692006
GC04P:CGTAGCGAGTGTCCAT	GC04P	4688.0	1376	0.06399317	P	GC04	cDC2_CD1C	2.5683978	-3.7667398
GC04P:CGTCCATTCGTTTATC	GC04P	1080.0	471	0.08981481	P	GC04	Mφ_APOE	-1.7359641	-1.222785
GC04P:CGTGAGCAGCTCCCAG	GC04P	714.0	363	0.09243698	P	GC04	Mφ_APOE	-1.4113406	-1.3553776
GC04P:CTAGTGATCCTTGGTC	GC04P	9705.0	2581	0.03359093	P	GC04	Mφ_THBS1	-1.9530544	-5.909053
GC04P:CTCGGAGCATGGAATA	GC04P	12690.0	3295	0.09243499	P	GC04	Mφ_APOE	-3.0131936	0.38735712
GC04P:CTCGTCATCAAGGTAA	GC04P	7466.0	2339	0.031074204	P	GC04	Mφ_APOE	-1.3025935	0.9219819
GC04P:CTGATCCCACATTCGA	GC04P	1672.0	675	0.041267943	P	GC04	Mφ_THBS1	1.3846718	-4.734829
GC04P:CTGCCTACACCACCAG	GC04P	9168.0	2475	0.04286649	P	GC04	Mono_FCGR3A	6.6647787	-2.4836278
GC04P:CTGTTTACATCGATTG	GC04P	11682.0	2565	0.049392227	P	GC04	cDC2_CD1C	2.324931	-2.4601672
GC04P:CTTCTCTAGGCTAGCA	GC04P	7105.0	2132	0.023786066	P	GC04	Mφ_THBS1	0.5084257	-7.7881193
GC04P:CTTCTCTGTCGATTGT	GC04P	914.0	482	0.05689278	P	GC04	Mφ_THBS1	0.5660243	-5.2707353
GC04P:GAAACTCTCCGCGTTT	GC04P	16721.0	2958	0.030261349	P	GC04	cDC1_XCR1	1.0704983	2.92158
GC04P:GACAGAGTCAGCGATT	GC04P	8904.0	2294	0.026954178	P	GC04	Mφ_THBS1	-0.15593737	-3.197667
GC04P:GAGCAGAGTGCAGTAG	GC04P	9234.0	2424	0.025016245	P	GC04	Mφ_THBS1	-1.2617551	-3.221332
GC04P:GATCGCGAGACGCTTT	GC04P	12012.0	2825	0.045954045	P	GC04	Mφ_THBS1	0.3081822	-4.384075
GC04P:GATCGTAGTGTGAAAT	GC04P	3956.0	1350	0.049292214	P	GC04	Mφ_THBS1	-1.4207082	-6.7814665
GC04P:GATCTAGTCAACACGT	GC04P	8998.0	2695	0.04478773	P	GC04	Mono_FCGR3A	7.599486	-2.2880142
GC04P:GATGAGGAGGACACCA	GC04P	1507.0	703	0.025215661	P	GC04	Mφ_THBS1	0.027759083	-6.666156
GC04P:GCAAACTCATCGGACC	GC04P	3719.0	1320	0.045173433	P	GC04	Mφ_THBS1	-0.52861196	-5.645215
GC04P:GCAATCATCCGTAGTA	GC04P	12496.0	3131	0.02480794	P	GC04	Mφ_APOE	-0.3575876	-0.26983234
GC04P:GCACATACACCGAATT	GC04P	7911.0	2249	0.03691063	P	GC04	Mφ_APOE	-2.0380816	1.144229
GC04P:GCACTCTAGATGTGTA	GC04P	6466.0	1915	0.060470153	P	GC04	Mφ_APOE	-2.183512	0.1264198
GC04P:GCAGTTAGTAGCGTCC	GC04P	4911.0	1629	0.026878437	P	GC04	Mφ_THBS1	-0.2379123	-6.0728965
GC04P:GCCTCTACATTTCAGG	GC04P	17191.0	4445	0.079285674	P	GC04	cDC2_CD1C	0.01867026	-0.009817988
GC04P:GCGAGAAGTTCGCTAA	GC04P	11895.0	2888	0.040773433	P	GC04	cDC2_CD1C	1.8029703	-1.4811324
GC04P:GCGCCAAGTATGAATG	GC04P	7875.0	2230	0.035555556	P	GC04	Mφ_THBS1	-1.3127388	-5.1840367
GC04P:GCGGGTTAGGCTCTTA	GC04P	9464.0	2357	0.039835166	P	GC04	cDC2_CD1C	2.4493601	-2.0896218
GC04P:GCTGCGATCTATGTGG	GC04P	4816.0	1883	0.073089704	P	GC04	Mono_FCGR3A	6.6387544	-2.467851
GC04P:GGAAAGCAGTAAGTAC	GC04P	2167.0	914	0.04568528	P	GC04	Mφ_THBS1	-0.13524325	-6.884172
GC04P:GGAACTTTCGCCTGTT	GC04P	8956.0	2441	0.039191604	P	GC04	Mono_FCGR3A	7.277701	-3.2861643
GC04P:GGACAAGAGTTAACGA	GC04P	7889.0	2258	0.048548613	P	GC04	Mφ_THBS1	-1.3204678	-5.423599
GC04P:GGCCGATAGATCCTGT	GC04P	6066.0	1908	0.03066271	P	GC04	Mφ_THBS1	-1.125237	-7.423843
GC04P:GGGACCTGTCCCTACT	GC04P	8375.0	2256	0.036537312	P	GC04	Mφ_THBS1	0.24967687	-7.967061
GC04P:GGGCATCCAAGCGATG	GC04P	16253.0	3236	0.045283947	P	GC04	cDC2_CD1C	0.6349381	-1.755893
GC04P:GGTATTGAGTAATCCC	GC04P	1143.0	621	0.034995627	P	GC04	Mφ_THBS1	-0.3144082	-6.4808292
GC04P:GGTGTTAAGCCAGTTT	GC04P	9801.0	2363	0.030711152	P	GC04	Mφ_THBS1	-0.37531382	-3.7033403
GC04P:GTACTCCCATCGGACC	GC04P	985.0	477	0.05279188	P	GC04	Mφ_THBS1	1.1998793	-4.157373
GC04P:GTCACAACAACACCCG	GC04P	25222.0	4278	0.04052018	P	GC04	cDC2_CD1C	1.1069162	-0.9811483
GC04P:GTCTTCGCACAAGCCC	GC04P	11473.0	2627	0.041052908	P	GC04	cDC2_CD1C	1.5977007	-1.3628656
GC04P:GTGCGGTCATAGGATA	GC04P	3543.0	1047	0.08693198	P	GC04	Mφ_APOE	-1.98645	-1.313161
GC04P:GTGTTAGTCAAACCGT	GC04P	11736.0	2669	0.040047716	P	GC04	Mφ_APOE	-0.44497257	-2.2960548
GC04P:GTTACAGTCAGCTTAG	GC04P	2539.0	1056	0.026388342	P	GC04	Mφ_THBS1	-0.22148536	-6.040733
GC04P:TAAACCGAGTCTCGGC	GC04P	555.0	351	0.072072074	P	GC04	Mφ_APOE	0.028283969	-2.9451907
GC04P:TAAGTGCGTTCCCGAG	GC04P	10673.0	2662	0.032886725	P	GC04	cDC2_CD1C	2.2815924	-2.0214207
GC04P:TACACGAGTCTCCATC	GC04P	5355.0	1554	0.055275444	P	GC04	cDC2_CD1C	2.0876403	-3.9605753
GC04P:TACGGGCGTGCACTTA	GC04P	6139.0	1689	0.0394201	P	GC04	Mφ_THBS1	0.12125131	-5.860571
GC04P:TACTCGCAGATCCGAG	GC04P	7172.0	2014	0.08351924	P	GC04	cDC1_XCR1	1.407458	2.7233527
GC04P:TACTCGCCACTGTGTA	GC04P	12946.0	2800	0.03653638	P	GC04	cDC2_CD1C	2.5074208	-0.68441117
GC04P:TCATTTGTCTGTTGAG	GC04P	6233.0	1964	0.03770255	P	GC04	Mono_FCGR3A	5.7886367	-2.8681953
GC04P:TCGAGGCCATCGGAAG	GC04P	5868.0	1666	0.059304703	P	GC04	Mφ_THBS1	0.88222647	-7.360625
GC04P:TCGCGAGAGAGCCCAA	GC04P	6125.0	1829	0.024816327	P	GC04	Mφ_THBS1	-0.2839555	-5.3314047
GC04P:TCTATTGGTGAGCGAT	GC04P	8802.0	2228	0.0355601	P	GC04	cDC2_CD1C	1.866889	-3.6807947
GC04P:TGACTTTGTGGTAACG	GC04P	3476.0	1332	0.023302646	P	GC04	Mφ_THBS1	1.3224868	-6.4264407
GC04P:TGATTTCGTGATGCCC	GC04P	6616.0	1869	0.048216444	P	GC04	Mono_FCGR3A	6.1862516	-3.3208964
GC04P:TGCACCTGTACCATCA	GC04P	15365.0	3083	0.031500164	P	GC04	cDC2_CD1C	2.2829034	-2.6181111
GC04P:TGCCCTAAGAATGTTG	GC04P	7139.0	1991	0.046505112	P	GC04	Mφ_THBS1	-0.9528884	-6.017604
GC04P:TGCCCTATCGGTTCGG	GC04P	9545.0	2593	0.040963855	P	GC04	Mono_FCGR3A	6.54525	-2.8872044
GC04P:TGCTGCTCAGACTCGC	GC04P	4998.0	1770	0.047018807	P	GC04	Mφ_THBS1	-0.37675667	-7.074293
GC04P:TGGACGCCATTCTTAC	GC04P	3912.0	1217	0.03629857	P	GC04	Mφ_THBS1	1.328921	-5.382804
GC04P:TGGCCAGAGATCACGG	GC04P	12498.0	2903	0.034965593	P	GC04	cDC2_CD1C	2.4447389	-1.7328951
GC04P:TGTGGTAAGGTGATTA	GC04P	4940.0	1783	0.04291498	P	GC04	Mφ_THBS1	0.14378433	-5.710314
GC04P:TGTGGTAGTTGAACTC	GC04P	4845.0	1573	0.031578947	P	GC04	Mφ_THBS1	0.4187922	-7.414564
GC04P:TGTTCCGTCCCGACTT	GC04P	8309.0	2287	0.05066795	P	GC04	Mφ_APOE	-2.4968739	0.7340273
GC04P:TTAACTCTCGAGCCCA	GC04P	5218.0	1649	0.04177846	P	GC04	Mφ_THBS1	-1.0048832	-4.86308
GC04P:TTAGGACAGGCTAGCA	GC04P	5022.0	1754	0.037435286	P	GC04	Mono_FCGR3A	6.753472	-2.7235978
GC04P:TTAGGCATCATAACCG	GC04P	10802.0	2278	0.0463803	P	GC04	cDC2_CD1C	2.0748496	-2.365279
GC04P:TTCGAAGCATTAGGCT	GC04P	7883.0	2253	0.03983255	P	GC04	Mono_FCGR3A	5.6414332	-2.9668968
GC04P:TTGCCGTCACAAGTAA	GC04P	5262.0	1753	0.047700495	P	GC04	Mφ_THBS1	-1.317489	-4.911311
GC04P:TTGTAGGGTTTCGCTC	GC04P	1511.0	672	0.03176704	P	GC04	Mφ_THBS1	0.4427847	-4.8019977
GC04P:TTTGGTTAGTCCAGGA	GC04P	9434.0	2543	0.042081833	P	GC04	Mφ_THBS1	-1.1036395	-3.093036
GC04T:AAACCTGTCGAACGGA	GC04T	7006.0	2051	0.064801596	T	GC04	Mono_FCGR3A	6.2538986	-2.6203673
GC04T:AAACGGGAGAGCTGGT	GC04T	871.0	440	0.080367394	T	GC04	Mφ_THBS1	1.1154602	-3.8115075
GC04T:AACACGTGTTAAGGGC	GC04T	5867.0	1915	0.04056588	T	GC04	Mono_FCGR3A	6.58224	-2.7551448
GC04T:AACGTTGCATCACCCT	GC04T	8667.0	1939	0.0733818	T	GC04	cDC2_CD1C	1.8947982	-2.048647
GC04T:AACTCCCGTGGCAAAC	GC04T	7555.0	1908	0.04712111	T	GC04	cDC2_CD1C	2.2597742	-1.8009799
GC04T:AACTTTCCAGGCTCAC	GC04T	10222.0	2540	0.03991391	T	GC04	Mφ_APOE	-0.59567785	-0.7802093
GC04T:AATCCAGAGGATCGCA	GC04T	6698.0	1860	0.031352643	T	GC04	Mono_FCGR3A	1.8245584	-4.6048517
GC04T:ACACCCTCAAGCCTAT	GC04T	3004.0	1195	0.035286285	T	GC04	Mφ_THBS1	1.3797088	-6.0601597
GC04T:ACACTGAAGAAGATTC	GC04T	14251.0	3164	0.051154304	T	GC04	Mφ_APOE	-0.2996627	-0.59239006
GC04T:ACATGGTAGGGCTCTC	GC04T	7330.0	2015	0.055661663	T	GC04	Mφ_THBS1	-0.15370195	-3.105214
GC04T:ACCAGTATCACATACG	GC04T	7608.0	2196	0.052444793	T	GC04	Mφ_THBS1	0.53589654	-6.5427346
GC04T:ACGCAGCTCCATTCTA	GC04T	5967.0	1911	0.049606167	T	GC04	Mono_FCGR3A	6.3809342	-2.5974257
GC04T:ACGCCAGCAGGGTATG	GC04T	8616.0	2247	0.049791086	T	GC04	Mφ_THBS1	0.2346587	-7.992708
GC04T:ACGGAGAAGTGTACCT	GC04T	6933.0	2242	0.05798356	T	GC04	Mφ_APOE	-1.3434232	-2.5360045
GC04T:ACGGCCAGTCTTGTCC	GC04T	2130.0	839	0.030985916	T	GC04	Mφ_THBS1	1.0906668	-5.4643593
GC04T:ACGGGCTGTCCTCCAT	GC04T	6507.0	1923	0.032426618	T	GC04	Mφ_APOE	-0.97990084	-0.89405084
GC04T:ACGTCAATCAGTTAGC	GC04T	11598.0	2988	0.053112607	T	GC04	Mφ_APOE	-2.6199975	0.80790955
GC04T:ACTGAACGTGCTCTTC	GC04T	1650.0	867	0.046666667	T	GC04	Mφ_APOE	-1.6846642	1.1257745
GC04T:ACTGTCCGTATGCTTG	GC04T	5999.0	1700	0.05734289	T	GC04	Mφ_APOE	-0.33449867	-2.1913216
GC04T:AGAATAGGTGACGCCT	GC04T	10800.0	2326	0.039074074	T	GC04	Mono_FCGR3A	5.9813557	-3.550978
GC04T:AGAGCTTTCGCATGAT	GC04T	13133.0	2679	0.032665804	T	GC04	cDC2_CD1C	2.416862	-1.0264872
GC04T:AGAGCTTTCTTGAGAC	GC04T	8500.0	2544	0.041058823	T	GC04	Mono_FCGR3A	7.590251	-2.5306587
GC04T:AGAGTGGAGCTCCTTC	GC04T	9364.0	2177	0.053929944	T	GC04	Mφ_APOE	-1.4154923	-0.71324265
GC04T:AGAGTGGCAACTGGCC	GC04T	4617.0	1614	0.026857266	T	GC04	Mφ_THBS1	0.64956707	-6.822878
GC04T:AGATCTGCAATTGCTG	GC04T	18976.0	3918	0.025400506	T	GC04	Mφ_APOE	-1.4393679	-2.2415156
GC04T:AGCGTATTCGTGGGAA	GC04T	10885.0	2568	0.045659166	T	GC04	cDC2_CD1C	1.5320743	-1.5208309
GC04T:AGCTCCTAGGCCCGTT	GC04T	1540.0	744	0.057142857	T	GC04	Mφ_APOE	-0.9622725	-0.56274796
GC04T:AGCTCTCTCGGAAATA	GC04T	836.0	493	0.020334927	T	GC04	Mφ_APOE	-0.9932747	-1.123939
GC04T:AGGGTGATCCAAACAC	GC04T	1997.0	960	0.05307962	T	GC04	Mφ_APOE	-1.764102	0.46088472
GC04T:AGTAGTCTCAAACAAG	GC04T	1507.0	786	0.04445919	T	GC04	Mφ_APOE	-1.6447027	-0.097750515
GC04T:AGTTGGTCACGCGAAA	GC04T	18468.0	3174	0.032380335	T	GC04	cDC1_XCR1	0.9183948	3.055332
GC04T:ATCACGACACATGGGA	GC04T	6946.0	2091	0.032824647	T	GC04	Mφ_THBS1	0.35619986	-7.9906673
GC04T:ATCCGAATCGTAGGAG	GC04T	6181.0	1886	0.06617052	T	GC04	Mφ_THBS1	0.82811636	-5.1300855
GC04T:ATGAGGGAGCCAGTAG	GC04T	8257.0	2637	0.033305075	T	GC04	Mono_FCGR3A	7.311189	-2.3084316
GC04T:ATGGGAGGTCTGATCA	GC04T	5993.0	2080	0.049224094	T	GC04	Mono_FCGR3A	6.6459665	-2.5865161
GC04T:CACAAACTCTTCCTTC	GC04T	2730.0	968	0.04908425	T	GC04	Mφ_APOE	-1.4930836	-0.44375584
GC04T:CACAGGCGTGTCCTCT	GC04T	839.0	446	0.046483908	T	GC04	Mφ_THBS1	1.8900691	-5.4795732
GC04T:CACCTTGGTAATAGCA	GC04T	9895.0	2352	0.039919153	T	GC04	cDC2_CD1C	1.5842229	-2.578615
GC04T:CACTCCAGTAGGCTGA	GC04T	1677.0	767	0.02862254	T	GC04	Mφ_THBS1	0.106191576	-5.4723268
GC04T:CACTCCAGTGTCCTCT	GC04T	4846.0	1703	0.055303343	T	GC04	Mφ_APOE	-2.310446	0.37653455
GC04T:CAGAGAGTCGTCTGCT	GC04T	1662.0	760	0.030084236	T	GC04	Mφ_THBS1	-0.09858154	-4.038432
GC04T:CAGCGACCACAAGCCC	GC04T	6949.0	1874	0.038134985	T	GC04	cDC2_CD1C	1.2000378	-3.862146
GC04T:CAGCTGGCACGGCTAC	GC04T	15182.0	3374	0.04413121	T	GC04	cDC2_CD1C	2.5408385	-1.6513476
GC04T:CAGGTGCAGACTCGGA	GC04T	10188.0	2701	0.06026698	T	GC04	Mφ_THBS1	-0.3449695	-2.7531233
GC04T:CATCAAGTCGCCAAAT	GC04T	7626.0	2149	0.039601363	T	GC04	Mφ_THBS1	-1.181991	-5.064961
GC04T:CATCGGGCAATCGGTT	GC04T	10349.0	2665	0.037105035	T	GC04	Mono_FCGR3A	7.2857103	-2.911417
GC04T:CATGACAAGTGTTGAA	GC04T	24694.0	4014	0.04158905	T	GC04	cDC1_XCR1	1.0634023	2.9571037
GC04T:CATTATCAGCGCCTCA	GC04T	7128.0	1880	0.049523007	T	GC04	Mφ_THBS1	-0.37004158	-4.325701
GC04T:CCATTCGCACAGTCGC	GC04T	4524.0	1506	0.015694076	T	GC04	Mφ_THBS1	0.8471479	-6.962669
GC04T:CCCAGTTGTGTGACGA	GC04T	2556.0	1048	0.04029734	T	GC04	Mono_FCGR3A	4.564809	-3.3500881
GC04T:CCCATACTCCATTCTA	GC04T	2965.0	1202	0.05261383	T	GC04	Mono_FCGR3A	5.6962976	-3.2664201
GC04T:CCCTCCTCAAGACGTG	GC04T	10129.0	2934	0.054299537	T	GC04	Mono_FCGR3A	5.954872	-3.3030288
GC04T:CCGGTAGTCAGAGCTT	GC04T	3461.0	1289	0.032938458	T	GC04	Mφ_THBS1	0.07455202	-6.3761544
GC04T:CCTAAAGGTGAGTATA	GC04T	9245.0	2301	0.07138994	T	GC04	cDC2_CD1C	1.1326004	-1.933872
GC04T:CCTTACGTCCAAATGC	GC04T	1043.0	674	0.0316395	T	GC04	Mφ_APOE	-1.4272242	0.37681505
GC04T:CGAATGTCACGGTTTA	GC04T	16908.0	3134	0.056896143	T	GC04	Mφ_APOE	-2.9036133	-0.09097595
GC04T:CGACCTTAGCGCTCCA	GC04T	4617.0	1632	0.06324453	T	GC04	Mono_FCGR3A	5.2366233	-2.9035864
GC04T:CGCTATCAGTCATCCA	GC04T	6627.0	2087	0.03696997	T	GC04	Mφ_THBS1	0.8825469	-5.1173835
GC04T:CGCTGGAAGGTAAACT	GC04T	7637.0	2244	0.04713893	T	GC04	Mono_FCGR3A	6.6770644	-2.524729
GC04T:CGGACTGCACTGTCGG	GC04T	8312.0	2374	0.03416747	T	GC04	Mφ_THBS1	1.2503694	-6.2306466
GC04T:CGGCTAGGTGTTTGGT	GC04T	4844.0	1699	0.026837325	T	GC04	Mφ_APOE	-0.6308275	-0.71114326
GC04T:CGTGTAAGTACTTGAC	GC04T	4395.0	1608	0.052104663	T	GC04	Mono_FCGR3A	6.057051	-2.8729818
GC04T:CTACACCTCAGAGCTT	GC04T	13192.0	2595	0.03926622	T	GC04	cDC2_CD1C	2.596321	-1.3758188
GC04T:CTACACCTCTGCGGCA	GC04T	2485.0	1010	0.029376257	T	GC04	Mφ_APOE	-1.8809155	0.41695803
GC04T:CTCATTACAAGCGTAG	GC04T	4904.0	1605	0.04261827	T	GC04	Mφ_THBS1	0.2224111	-7.5865674
GC04T:CTCGGAGGTGGTGTAG	GC04T	5418.0	1880	0.0503876	T	GC04	Mono_FCGR3A	6.7876587	-2.6669524
GC04T:CTCTACGTCCGAATGT	GC04T	1101.0	587	0.033605814	T	GC04	Mφ_THBS1	0.31833893	-4.6263404
GC04T:CTGAAGTCATCGGTTA	GC04T	5575.0	1741	0.025829596	T	GC04	Mφ_THBS1	0.92971647	-4.5611553
GC04T:CTGCCTATCACATAGC	GC04T	2464.0	962	0.06168831	T	GC04	Mφ_APOE	-1.8911914	0.37640664
GC04T:CTGCCTATCAGAGCTT	GC04T	827.0	430	0.08101572	T	GC04	Mφ_APOE	-1.4218202	0.5509867
GC04T:GAAATGATCTGTTGAG	GC04T	19818.0	4280	0.04854173	T	GC04	cDC2_CD1C	1.2658416	-0.5355126
GC04T:GAACATCCATGTCGAT	GC04T	5857.0	1845	0.033634968	T	GC04	Mφ_THBS1	0.88646436	-4.936792
GC04T:GACGCGTGTATTCGTG	GC04T	6254.0	1975	0.045251038	T	GC04	Mono_FCGR3A	7.103897	-2.7202418
GC04T:GACGTGCAGTCCTCCT	GC04T	3987.0	1470	0.039127164	T	GC04	Mφ_APOE	-2.0122344	0.21567644
GC04T:GACGTTAGTTAGATGA	GC04T	4892.0	1640	0.05028618	T	GC04	Mφ_THBS1	0.19075002	-7.8205576
GC04T:GAGCAGAGTTTACTCT	GC04T	11316.0	2803	0.06521739	T	GC04	cDC2_CD1C	0.43856898	-1.5874279
GC04T:GAGGTGAAGCTCAACT	GC04T	6526.0	2082	0.03800184	T	GC04	Mφ_THBS1	0.77189565	-6.6117845
GC04T:GAGTCCGCAAAGTCAA	GC04T	8967.0	2580	0.034348164	T	GC04	Mφ_THBS1	-0.98382604	-2.9218552
GC04T:GATCGTAGTGTCCTCT	GC04T	1462.0	676	0.035567716	T	GC04	Mφ_THBS1	0.6990949	-4.7883
GC04T:GCACATACAGACGCAA	GC04T	1332.0	688	0.06306306	T	GC04	Mono_CD14	2.7400775	-5.5672274
GC04T:GCATGTAGTGCCTGGT	GC04T	5787.0	1805	0.024537757	T	GC04	Mφ_THBS1	-0.24087487	-4.84447
GC04T:GCCTCTAAGTTTAGGA	GC04T	2471.0	973	0.039660055	T	GC04	Mono_FCGR3A	2.838198	-3.925998
GC04T:GCGCAACTCCACGAAT	GC04T	3231.0	1309	0.035283193	T	GC04	Mφ_THBS1	-0.16489449	-7.299914
GC04T:GCGCCAATCCGTAGTA	GC04T	2235.0	1015	0.030425057	T	GC04	Mφ_THBS1	-0.48199442	-6.0722904
GC04T:GCGCGATCAGCAGTTT	GC04T	7880.0	2342	0.029187817	T	GC04	Mφ_APOE	-1.5942863	-0.5916193
GC04T:GCTCCTACATCTACGA	GC04T	11260.0	2913	0.04538188	T	GC04	Mφ_THBS1	-2.1476452	-4.9378505
GC04T:GCTCCTACATGCCACG	GC04T	2998.0	1228	0.057371583	T	GC04	Mφ_THBS1	0.15137608	-3.5787237
GC04T:GCTCTGTTCGCCTGTT	GC04T	5211.0	1533	0.024755325	T	GC04	Mφ_THBS1	0.6295385	-5.4930725
GC04T:GCTGCAGGTACGACCC	GC04T	2316.0	881	0.062176164	T	GC04	Mono_FCGR3A	3.6186688	-3.6739388
GC04T:GGAACTTCAGCTGTAT	GC04T	7947.0	2192	0.057757646	T	GC04	Mφ_THBS1	0.22592223	-5.765038
GC04T:GGAACTTTCGGCGCAT	GC04T	10022.0	2413	0.036120534	T	GC04	cDC2_CD1C	1.8558477	-1.5821047
GC04T:GGATGTTCAAGGACTG	GC04T	12253.0	2952	0.04349955	T	GC04	Mφ_APOE	-1.6955763	0.15654208
GC04T:GGCCGATAGACTAAGT	GC04T	4946.0	1462	0.046097856	T	GC04	Mφ_APOE	-1.7868584	-0.01729112
GC04T:GGCTGGTTCATAACCG	GC04T	16468.0	3995	0.07384018	T	GC04	cDC1_XCR1	1.3475963	2.5272517
GC04T:GGGAGATGTATAGTAG	GC04T	4759.0	1528	0.08867409	T	GC04	Mφ_APOE	-1.792002	0.7990444
GC04T:GGGATGATCAGCTGGC	GC04T	12124.0	2756	0.05064335	T	GC04	Mφ_APOE	-2.2994626	-0.41920474
GC04T:GGGCACTAGACGACGT	GC04T	19298.0	3752	0.04658514	T	GC04	Mφ_APOE	-1.3032794	-0.9601571
GC04T:GGTGCGTTCGCCTGTT	GC04T	3954.0	1446	0.04527061	T	GC04	Mφ_APOE	-1.849292	-0.00828712
GC04T:GTAACTGTCGATCCCT	GC04T	8314.0	2046	0.058455616	T	GC04	Mφ_APOE	-1.0945277	-2.5529428
GC04T:GTAGTCAAGCCAACAG	GC04T	6304.0	1865	0.045050763	T	GC04	Mφ_THBS1	0.34016863	-4.5011425
GC04T:GTCATTTGTTGAACTC	GC04T	5392.0	1827	0.03115727	T	GC04	Mono_FCGR3A	5.3574843	-2.9498951
GC04T:GTCGGGTGTAGTGAAT	GC04T	5087.0	1826	0.04010222	T	GC04	Mono_FCGR3A	6.399698	-2.772233
GC04T:GTGCATAGTATAGGGC	GC04T	752.0	414	0.013297873	T	GC04	cDC2_CD1C	0.14800379	-1.7128499
GC04T:GTGCATATCAACGAAA	GC04T	14569.0	3292	0.058548972	T	GC04	cDC2_CD1C	1.7027363	-0.45712855
GC04T:GTGGGTCGTTCCACGG	GC04T	12011.0	2682	0.035217717	T	GC04	Mφ_APOE	-2.5135856	-2.4304452
GC04T:GTTTCTAGTTGTGGCC	GC04T	877.0	449	0.05473204	T	GC04	Mφ_THBS1	0.84689295	-4.1450877
GC04T:TAAACCGGTCTAACGT	GC04T	11459.0	2418	0.042761147	T	GC04	cDC2_CD1C	2.7810254	-1.5013285
GC04T:TACAGTGGTTACGCGC	GC04T	608.0	324	0.029605264	T	GC04	Mφ_APOE	-1.4939376	-1.4303969
GC04T:TACCTATGTTCGTCTC	GC04T	6915.0	2286	0.040347073	T	GC04	Mono_FCGR3A	7.3597817	-2.398412
GC04T:TACGGGCAGACGCTTT	GC04T	7910.0	2425	0.04437421	T	GC04	Mono_FCGR3A	7.0755	-3.1615727
GC04T:TACGGTAAGATCGGGT	GC04T	7329.0	2104	0.047891937	T	GC04	Mφ_APOE	-1.3555954	-0.49838012
GC04T:TACGGTACATCACGTA	GC04T	3987.0	1294	0.02583396	T	GC04	Mφ_THBS1	0.18561344	-5.5013866
GC04T:TAGAGCTGTCTCTCGT	GC04T	1186.0	784	0.060708262	T	GC04	Mφ_APOE	-1.1790849	0.8038119
GC04T:TAGTGGTCACCTTGTC	GC04T	6800.0	1676	0.06264706	T	GC04	Mφ_APOE	-1.5672932	-0.56847036
GC04T:TATCAGGAGACCACGA	GC04T	7186.0	1925	0.05343724	T	GC04	Mono_FCGR3A	5.6453543	-2.8957515
GC04T:TATCAGGGTTAAGAAC	GC04T	5088.0	1628	0.05169025	T	GC04	Mφ_THBS1	-0.8095288	-3.3874836
GC04T:TATCTCACAGAGTGTG	GC04T	6099.0	1720	0.04295786	T	GC04	Mφ_THBS1	1.3498845	-5.5373707
GC04T:TCAGATGCATCCGCGA	GC04T	1734.0	739	0.078431375	T	GC04	Mφ_THBS1	-0.08206879	-4.74643
GC04T:TCCCGATAGGATTCGG	GC04T	5885.0	1713	0.036703482	T	GC04	Mφ_THBS1	0.7097517	-5.9159813
GC04T:TCGGGACCATGATCCA	GC04T	12806.0	2806	0.033890363	T	GC04	Mφ_APOE	-2.0442383	0.19409482
GC04T:TCTGAGATCGTGGTCG	GC04T	5940.0	1663	0.038552187	T	GC04	Mφ_THBS1	1.0389981	-5.5904627
GC04T:TGACGGCGTGCCTTGG	GC04T	2803.0	1159	0.02318944	T	GC04	Mφ_THBS1	0.6389605	-5.3829026
GC04T:TGACTTTTCTGTCCGT	GC04T	8168.0	2254	0.07284525	T	GC04	Mφ_THBS1	-0.565348	-5.509937
GC04T:TGAGCCGAGTCTTGCA	GC04T	2408.0	929	0.037790697	T	GC04	Mφ_THBS1	0.66498125	-5.9175544
GC04T:TGAGCCGTCTTGTTTG	GC04T	14341.0	2770	0.09037027	T	GC04	Mφ_APOE	-1.664167	-0.9626936
GC04T:TGAGGGATCTCATTCA	GC04T	7226.0	2336	0.05521727	T	GC04	Mono_FCGR3A	7.3787203	-2.45085
GC04T:TGCCCTACACTAAGTC	GC04T	6077.0	1877	0.02122758	T	GC04	Mφ_THBS1	1.5010576	-7.3834724
GC04T:TGCGTGGGTCAGTGGA	GC04T	7877.0	1726	0.08124921	T	GC04	DC_LAMP3	4.3407016	-0.72756076
GC04T:TGCTGCTGTCCTAGCG	GC04T	12803.0	2822	0.03350777	T	GC04	cDC2_CD1C	1.3380243	-1.586227
GC04T:TGGCTGGAGGCTAGGT	GC04T	6317.0	2070	0.028177932	T	GC04	Mφ_THBS1	0.20731486	-7.4481072
GC04T:TGGCTGGCATTACGAC	GC04T	5559.0	1877	0.035797805	T	GC04	Mφ_THBS1	-0.20466213	-6.706161
GC04T:TGGGCGTAGTCCTCCT	GC04T	10374.0	2447	0.030171582	T	GC04	Mφ_APOE	-2.5898974	-2.1197233
GC04T:TGGTTCCAGTAGATGT	GC04T	2836.0	1199	0.06346968	T	GC04	Mφ_THBS1	0.056665625	-3.8596332
GC04T:TGTGTTTGTCACACGC	GC04T	1071.0	520	0.048552755	T	GC04	Mφ_THBS1	0.3734797	-4.65444
GC04T:TTAGGACGTGTTCGAT	GC04T	643.0	382	0.01710731	T	GC04	Mφ_THBS1	0.28675508	-4.248367
GC04T:TTCTCAATCAACCATG	GC04T	6653.0	2171	0.062077258	T	GC04	Mono_FCGR3A	7.343701	-2.2526941
GC04T:TTCTTAGCAGCGATCC	GC04T	9775.0	2293	0.047570333	T	GC04	cDC2_CD1C	0.93592036	-2.9417257
GC04T:TTTATGCAGCAATCTC	GC04T	3076.0	1087	0.048114434	T	GC04	Mφ_THBS1	1.0932101	-6.039079
GC04T:TTTCCTCTCATACGGT	GC04T	13156.0	2597	0.034128916	T	GC04	DC_LAMP3	3.333915	-1.014663
GC04T:TTTGCGCCACAAGCCC	GC04T	6913.0	1988	0.03732099	T	GC04	Mφ_APOE	-2.436897	0.23410685
GC04T:TTTGCGCTCGAGAACG	GC04T	4894.0	1413	0.045974664	T	GC04	Mφ_THBS1	1.041821	-4.780768
GC04T:TTTGTCACAACACCCG	GC04T	1112.0	710	0.07104316	T	GC04	Mφ_APOE	-1.1103753	0.35818064
GC06P:AAACGGGAGGCATGTG	GC06P	4395.0	1405	0.03890785	P	GC06	cDC2_CD1C	0.3107249	-1.4596168
GC06P:AAATGCCAGTAACCCT	GC06P	1553.0	861	0.06825499	P	GC06	Mφ_APOE	-1.9587995	0.54254574
GC06P:AAATGCCGTGATAAAC	GC06P	7280.0	2150	0.048763737	P	GC06	cDC2_CD1C	0.39135146	-2.770624
GC06P:AACTTTCTCTGGTGTA	GC06P	5314.0	1856	0.04365826	P	GC06	Mono_FCGR3A	6.2334857	-2.6892135
GC06P:AAGACCTAGTGGTAGC	GC06P	12223.0	2910	0.04736971	P	GC06	DC_LAMP3	4.8323035	-0.94026893
GC06P:AAGCCGCTCCCTCTTT	GC06P	11070.0	2769	0.038482387	P	GC06	cDC2_CD1C	0.5647301	-2.1022155
GC06P:AAGGAGCCAGCTCGCA	GC06P	1686.0	795	0.084816135	P	GC06	Mφ_THBS1	-0.005542932	-5.4702473
GC06P:AAGGTTCGTAGCGCAA	GC06P	523.0	312	0.03632887	P	GC06	Mφ_THBS1	0.04004361	-5.684062
GC06P:AATCGGTCAGCATGAG	GC06P	17767.0	4243	0.04778522	P	GC06	cDC2_CD1C	0.86718786	0.8795638
GC06P:AATCGGTGTACAGTGG	GC06P	7286.0	2269	0.017842438	P	GC06	cDC2_CD1C	0.20058456	-2.085278
GC06P:ACACCAAGTCTTCTCG	GC06P	9069.0	2693	0.021501819	P	GC06	Mφ_THBS1	1.8749473	-5.776971
GC06P:ACACCAAGTCTTGTCC	GC06P	731.0	392	0.0013679891	P	GC06	Mφ_APOE	-0.71243936	-2.0031118
GC06P:ACACCGGGTGAAATCA	GC06P	15155.0	3286	0.05199604	P	GC06	Mφ_APOE	-1.285154	-0.674976
GC06P:ACACTGACACCAACCG	GC06P	4018.0	1558	0.035838727	P	GC06	Mφ_THBS1	0.13659595	-7.8790917
GC06P:ACACTGATCCTATGTT	GC06P	716.0	369	0.005586592	P	GC06	Mφ_APOE	-1.8602352	-1.1293659
GC06P:ACAGCTAAGTGTTAGA	GC06P	3434.0	1555	0.09027373	P	GC06	Mφ_APOE	-2.059894	1.3336532
GC06P:ACATACGAGTCCAGGA	GC06P	6413.0	2338	0.062061436	P	GC06	Mφ_APOE	-1.9464729	1.4168565
GC06P:ACATGGTAGTTAACGA	GC06P	30903.0	5364	0.0463709	P	GC06	cDC2_CD1C	0.1514033	0.14956066
GC06P:ACCCACTCAGCTATTG	GC06P	18635.0	4324	0.03090958	P	GC06	Mφ_APOE	-0.0044262228	0.09931928
GC06P:ACCGTAAAGGAATCGC	GC06P	12928.0	3204	0.042465966	P	GC06	cDC2_CD1C	1.438595	-0.90790486
GC06P:ACCTTTACAGCATACT	GC06P	4113.0	1389	0.036712863	P	GC06	cDC2_CD1C	1.7255216	-3.1324925
GC06P:ACGAGCCAGACTTTCG	GC06P	6662.0	2041	0.048183728	P	GC06	Mono_FCGR3A	5.6044354	-2.573235
GC06P:ACGATACTCAGCGACC	GC06P	11044.0	2865	0.03984064	P	GC06	Mφ_APOE	-1.5470417	-2.1540504
GC06P:ACGCAGCTCGAACGGA	GC06P	6795.0	1856	0.054746136	P	GC06	cDC2_CD1C	0.30683732	-1.5299553
GC06P:ACGCCGACATTTCAGG	GC06P	17087.0	3556	0.046233978	P	GC06	Mφ_APOE	-2.3224916	-0.9440281
GC06P:ACTGATGGTAGCTAAA	GC06P	9098.0	2724	0.061332162	P	GC06	Mφ_APOE	-0.77407837	0.32401428
GC06P:ACTGCTCCACACTGCG	GC06P	7022.0	1734	0.04585588	P	GC06	Mφ_APOE	-0.79177916	-1.6081299
GC06P:AGAATAGGTCAGAATA	GC06P	11273.0	2849	0.047192406	P	GC06	cDC2_CD1C	0.5728333	-2.128142
GC06P:AGACGTTAGTGTGAAT	GC06P	5237.0	1709	0.039717395	P	GC06	Mφ_THBS1	1.2545793	-7.457542
GC06P:AGAGCGATCAGGTTCA	GC06P	2198.0	834	0.037306644	P	GC06	Mφ_APOE	-1.4860654	-2.1322918
GC06P:AGAGCTTAGTTAACGA	GC06P	14205.0	3208	0.04399859	P	GC06	cDC2_CD1C	0.47651258	-1.6279541
GC06P:AGATCTGAGATAGCAT	GC06P	17665.0	3328	0.05751486	P	GC06	DC_LAMP3	4.800966	-1.1018578
GC06P:AGATCTGTCACTGGGC	GC06P	7406.0	1688	0.0563057	P	GC06	cDC2_CD1C	0.28385434	-1.3651298
GC06P:AGCAGCCCACCAGATT	GC06P	8086.0	2499	0.058125153	P	GC06	Mφ_APOE	-1.480256	-2.744136
GC06P:AGCAGCCGTAGAAGGA	GC06P	21500.0	4136	0.037023257	P	GC06	cDC2_CD1C	1.4691634	-0.255606
GC06P:AGCGTCGAGTCTCCTC	GC06P	1532.0	674	0.029373368	P	GC06	cDC2_CD1C	0.602328	-2.721855
GC06P:AGCTCTCTCAGTTAGC	GC06P	14353.0	3518	0.028495785	P	GC06	cDC2_CD1C	0.9619123	-0.64401895
GC06P:AGCTCTCTCTAACCGA	GC06P	18127.0	4046	0.050035857	P	GC06	cDC2_CD1C	1.8221282	0.69301
GC06P:AGGCCACGTACTCAAC	GC06P	7756.0	2273	0.015600825	P	GC06	cDC2_CD1C	0.37663683	-2.0549345
GC06P:AGGCCGTAGGAATGGA	GC06P	4972.0	1776	0.04565567	P	GC06	Mφ_THBS1	-0.0020181432	-7.4376116
GC06P:AGGGAGTTCAGATAAG	GC06P	24620.0	4167	0.03818034	P	GC06	cDC2_CD1C	1.0231518	-1.3364487
GC06P:AGGGTGAGTTACGTCA	GC06P	2827.0	980	0.03961797	P	GC06	Mφ_THBS1	2.2461362	-4.2482214
GC06P:AGGTCCGCACGGTAAG	GC06P	19457.0	4311	0.04718096	P	GC06	cDC2_CD1C	0.11308557	0.17882334
GC06P:AGTAGTCAGCTCCTTC	GC06P	2199.0	866	0.015916325	P	GC06	Mφ_APOE	-1.3576919	-1.6151
GC06P:AGTGTCACAGTAAGCG	GC06P	1609.0	735	0.04350528	P	GC06	Mφ_THBS1	0.9062921	-5.0828066
GC06P:AGTGTCACATCGGAAG	GC06P	3092.0	1072	0.09670117	P	GC06	Mφ_THBS1	1.1591527	-5.635792
GC06P:ATAACGCTCTCAAACG	GC06P	12096.0	2931	0.03794643	P	GC06	Mφ_THBS1	0.23791759	-3.5882723
GC06P:ATCATCTGTAAGTAGT	GC06P	6098.0	2244	0.06280748	P	GC06	Mono_CD14	2.248471	-5.272596
GC06P:ATCTACTCAATCTGCA	GC06P	2467.0	890	0.0985002	P	GC06	Mφ_APOE	-1.2778007	0.99304366
GC06P:ATCTGCCAGTCTTGCA	GC06P	8748.0	2401	0.050754458	P	GC06	Mφ_THBS1	-0.079857886	-3.7217093
GC06P:ATTACTCAGCGATGAC	GC06P	9165.0	2594	0.02618658	P	GC06	pDC_LILRA4	4.048297	2.4385602
GC06P:ATTGGACAGCGATATA	GC06P	8432.0	2209	0.04376186	P	GC06	Mφ_THBS1	0.24863546	-3.7742069
GC06P:CAACCAAGTCTACCTC	GC06P	15086.0	3540	0.03811481	P	GC06	cDC2_CD1C	-0.3427849	-1.5435615
GC06P:CAACCAAGTTGTGGCC	GC06P	6190.0	2129	0.03457189	P	GC06	Mφ_APOE	-1.1586024	0.9015522
GC06P:CAACCTCTCTTGGGTA	GC06P	2409.0	1084	0.07098381	P	GC06	Mφ_APOE	-0.98289627	0.5361683
GC06P:CAAGAAAAGCACCGCT	GC06P	3224.0	1200	0.035669975	P	GC06	Mφ_THBS1	1.7470291	-6.873133
GC06P:CAAGTTGAGTGTTTGC	GC06P	11192.0	2950	0.054860614	P	GC06	cDC2_CD1C	0.92366904	-1.9242837
GC06P:CACAAACGTGATGTGG	GC06P	10193.0	2237	0.04512901	P	GC06	Mφ_APOE	-0.61272734	-0.02794717
GC06P:CACACAACAGTAAGCG	GC06P	7223.0	2190	0.035996124	P	GC06	Mono_FCGR3A	6.6959877	-2.3910556
GC06P:CACACTCCAAGTTAAG	GC06P	8788.0	2509	0.034478836	P	GC06	cDC2_CD1C	0.82155955	-1.4770534
GC06P:CACAGTATCCCTGACT	GC06P	7159.0	2438	0.03268613	P	GC06	Mono_FCGR3A	6.5099235	-2.2432158
GC06P:CACAGTATCTGCGACG	GC06P	3100.0	1196	0.037741937	P	GC06	Mφ_THBS1	0.4442462	-7.94476
GC06P:CACCTTGTCAGAGCTT	GC06P	2170.0	810	0.041474655	P	GC06	cDC2_CD1C	1.7200159	-0.3320442
GC06P:CACTCCAGTCAAACTC	GC06P	6815.0	2243	0.03228173	P	GC06	Mono_FCGR3A	5.942226	-2.3148265
GC06P:CAGAATCAGGCCCTCA	GC06P	13315.0	3135	0.048666917	P	GC06	cDC2_CD1C	1.8142165	0.73359996
GC06P:CAGCAGCAGATCCTGT	GC06P	10149.0	3026	0.026308011	P	GC06	cDC2_CD1C	0.61568344	-1.7800679
GC06P:CAGGTGCCACGTAAGG	GC06P	11006.0	2731	0.029620208	P	GC06	cDC2_CD1C	0.08811792	-1.6337585
GC06P:CATATTCGTCAACATC	GC06P	9207.0	2659	0.057890736	P	GC06	cDC2_CD1C	1.5983524	-0.02415988
GC06P:CATCAAGCAAAGTCAA	GC06P	10653.0	2883	0.033323947	P	GC06	cDC2_CD1C	0.92265797	-3.5731714
GC06P:CATCCACGTTCGAATC	GC06P	6898.0	1994	0.039721657	P	GC06	cDC2_CD1C	0.59118474	-3.2689111
GC06P:CATGACAAGCTGAAAT	GC06P	10988.0	2653	0.043775026	P	GC06	cDC2_CD1C	0.5674165	-2.28589
GC06P:CATGCCTTCTGGTTCC	GC06P	921.0	414	0.09554832	P	GC06	Mφ_APOE	-1.4028567	-1.2658479
GC06P:CATGGCGAGGTGTGGT	GC06P	10737.0	2839	0.04079352	P	GC06	cDC2_CD1C	0.013903418	-2.035768
GC06P:CATTCGCAGACCACGA	GC06P	14856.0	3245	0.035473883	P	GC06	cDC2_CD1C	0.7951142	-2.86252
GC06P:CCCTCCTTCCCAAGTA	GC06P	13434.0	3861	0.02188477	P	GC06	Mono_FCGR3A	7.2618833	-2.5971391
GC06P:CCGGGATAGGCCGAAT	GC06P	5752.0	1944	0.06345619	P	GC06	cDC2_CD1C	0.40010342	-2.4040718
GC06P:CCGTACTAGGCTAGCA	GC06P	11044.0	2957	0.048985876	P	GC06	cDC2_CD1C	0.34156352	-2.4999228
GC06P:CCGTTCAAGAAACCAT	GC06P	3674.0	1256	0.040827435	P	GC06	cDC2_CD1C	0.991902	-2.6087115
GC06P:CCTAAAGCACATCCGG	GC06P	6675.0	2052	0.03460674	P	GC06	Mono_FCGR3A	6.030008	-2.4151585
GC06P:CCTACCACAAGGTTCT	GC06P	7742.0	2486	0.036812194	P	GC06	Mono_FCGR3A	6.5325484	-3.0738328
GC06P:CCTATTAAGGACTGGT	GC06P	1756.0	725	0.04214123	P	GC06	Mφ_APOE	-0.5122438	-2.439415
GC06P:CCTTACGTCTGAGGGA	GC06P	7007.0	2097	0.03482232	P	GC06	Mφ_THBS1	-0.36086082	-5.642839
GC06P:CGACCTTAGATCCGAG	GC06P	25224.0	4405	0.03813828	P	GC06	Mφ_APOE	-1.1595321	-1.7375205
GC06P:CGAGAAGTCTAACGGT	GC06P	8132.0	2276	0.038366944	P	GC06	Mono_FCGR3A	1.5017205	-4.3090134
GC06P:CGAGCACCAGTCCTTC	GC06P	14505.0	3088	0.026266804	P	GC06	cDC2_CD1C	1.943	-0.2712936
GC06P:CGAGCCATCAGGCGAA	GC06P	1409.0	719	0.08019872	P	GC06	Mφ_APOE	-1.1252077	0.67877287
GC06P:CGATGGCAGTGGTCCC	GC06P	8120.0	2456	0.040147785	P	GC06	cDC2_CD1C	0.54909915	-0.77658844
GC06P:CGCCAAGAGACTCGGA	GC06P	6298.0	1831	0.07208638	P	GC06	cDC2_CD1C	1.0892845	-1.6825428
GC06P:CGCGGTACAAGGTTCT	GC06P	3260.0	1260	0.059202455	P	GC06	Mφ_THBS1	-0.24346133	-3.5747414
GC06P:CGCTATCAGTGTTAGA	GC06P	892.0	449	0.014573991	P	GC06	Mφ_APOE	-0.26311207	-1.7998335
GC06P:CGCTATCCAGGGAGAG	GC06P	7142.0	2057	0.06356763	P	GC06	cDC2_CD1C	1.799368	0.30957288
GC06P:CGCTATCTCGGCGCAT	GC06P	8824.0	2811	0.0593835	P	GC06	Mono_CD14	4.507152	-6.545449
GC06P:CGCTTCAAGAAGGTGA	GC06P	10522.0	2864	0.014540962	P	GC06	pDC_LILRA4	4.1635895	2.366084
GC06P:CGGACACGTAAGGGAA	GC06P	1977.0	974	0.04248862	P	GC06	Mφ_APOE	-1.7311759	1.369748
GC06P:CGGACTGAGCTGTTCA	GC06P	23738.0	4792	0.039851714	P	GC06	cDC2_CD1C	0.5704625	0.49612346
GC06P:CGGCTAGCAGTGACAG	GC06P	9807.0	2637	0.03986948	P	GC06	cDC2_CD1C	0.2816982	-2.4546208
GC06P:CGGGTCAGTGAACCTT	GC06P	14994.0	3599	0.03167934	P	GC06	cDC2_CD1C	1.8972336	-0.31453708
GC06P:CGTCAGGTCTAACTCT	GC06P	12341.0	3011	0.047646057	P	GC06	Mφ_APOE	-0.5206635	-2.124157
GC06P:CGTGTCTGTAAGGGCT	GC06P	7554.0	2151	0.0808843	P	GC06	cDC2_CD1C	0.5353968	-2.2378342
GC06P:CGTTGGGAGGCTCTTA	GC06P	13797.0	3104	0.03160107	P	GC06	pDC_LILRA4	3.0637338	-0.09435311
GC06P:CTAACTTCATGCCACG	GC06P	6853.0	2266	0.046403036	P	GC06	Mφ_APOE	-2.1947138	0.09682472
GC06P:CTAACTTGTCCGAACC	GC06P	5849.0	2080	0.021200204	P	GC06	pDC_LILRA4	3.9561195	2.197729
GC06P:CTACACCAGGAATCGC	GC06P	2719.0	1206	0.052592866	P	GC06	Mφ_APOE	-2.1625776	0.74463177
GC06P:CTACCCACATGCATGT	GC06P	3100.0	1267	0.032258064	P	GC06	Mφ_THBS1	0.23316212	-5.1741753
GC06P:CTAGCCTCACGCTTTC	GC06P	2860.0	1396	0.05944056	P	GC06	Mφ_APOE	-1.6385003	1.5542526
GC06P:CTAGTGAAGGTAAACT	GC06P	17000.0	3594	0.041529413	P	GC06	Mφ_APOE	-0.036366437	-0.600192
GC06P:CTCAGAATCTGCGACG	GC06P	8676.0	2694	0.05175196	P	GC06	cDC2_CD1C	1.9788057	0.5003259
GC06P:CTCATTAAGATGCCTT	GC06P	5593.0	1503	0.08546397	P	GC06	DC_LAMP3	4.0493793	-0.9626182
GC06P:CTCGAAACAGTATCTG	GC06P	6041.0	1927	0.035424598	P	GC06	Mφ_THBS1	1.2208638	-5.754967
GC06P:CTCGAAATCCAAATGC	GC06P	9590.0	2695	0.05745568	P	GC06	cDC2_CD1C	0.867358	-0.8774092
GC06P:CTCGAGGCATCGGGTC	GC06P	9496.0	2530	0.032750633	P	GC06	cDC2_CD1C	0.22565834	-2.2914429
GC06P:CTCGAGGTCGCACTCT	GC06P	5027.0	1515	0.05788741	P	GC06	Mφ_THBS1	1.2344733	-4.5932417
GC06P:CTCGGGAGTAGGGACT	GC06P	8811.0	2394	0.044603337	P	GC06	cDC2_CD1C	0.74673563	-2.989435
GC06P:CTCGTACAGGACTGGT	GC06P	4496.0	1609	0.09252669	P	GC06	cDC2_CD1C	0.5050781	-2.4367383
GC06P:CTCGTACCACGGTAGA	GC06P	1777.0	854	0.020258863	P	GC06	Mφ_THBS1	0.20593295	-5.2745566
GC06P:CTCTAATAGGAGTAGA	GC06P	12164.0	3176	0.04143374	P	GC06	Mφ_APOE	-0.5021782	-0.053702086
GC06P:CTGAAACGTCCGAATT	GC06P	8193.0	2284	0.04418406	P	GC06	cDC2_CD1C	1.860196	-0.96618336
GC06P:CTGAAACTCCATGAAC	GC06P	8908.0	2452	0.0461383	P	GC06	cDC2_CD1C	0.79701984	-1.7366998
GC06P:CTGCCTACACATGTGT	GC06P	10733.0	2761	0.03111898	P	GC06	cDC2_CD1C	2.0184002	-1.5782613
GC06P:CTGCTGTCATTGTGCA	GC06P	2281.0	1202	0.06488382	P	GC06	Mφ_APOE	-1.8549635	1.4576783
GC06P:CTGTGCTGTTTCCACC	GC06P	10490.0	2856	0.039847475	P	GC06	cDC2_CD1C	1.6328154	-0.74258065
GC06P:CTTACCGAGGTTCCTA	GC06P	9981.0	2725	0.03065825	P	GC06	Mono_FCGR3A	6.5980973	-2.2840285
GC06P:GAACCTAGTGTCGCTG	GC06P	5945.0	2056	0.035155594	P	GC06	Mono_FCGR3A	6.922073	-2.6700912
GC06P:GAATGAACAATCACAC	GC06P	16355.0	3672	0.07196576	P	GC06	Mφ_APOE	-0.23089056	-0.9911067
GC06P:GACACGCCAAGAGGCT	GC06P	27747.0	4849	0.03304862	P	GC06	Mφ_APOE	-1.6070645	-1.2707634
GC06P:GACAGAGTCTGTCTCG	GC06P	16960.0	3202	0.031367924	P	GC06	cDC2_CD1C	1.9964963	-1.6200029
GC06P:GACCAATTCCTATTCA	GC06P	7230.0	2594	0.040387277	P	GC06	Mφ_APOE	-2.0652986	1.302526
GC06P:GACCAATTCTGAGTGT	GC06P	17414.0	3439	0.032904558	P	GC06	cDC2_CD1C	1.4481936	-0.94005615
GC06P:GACGGCTTCGCCATAA	GC06P	925.0	504	0.0043243244	P	GC06	Mφ_APOE	-1.5329497	-1.393051
GC06P:GAGGTGAGTGTGTGCC	GC06P	11631.0	3033	0.059238244	P	GC06	cDC2_CD1C	0.8461003	0.6578925
GC06P:GATCAGTCACTGTGTA	GC06P	14980.0	3429	0.03244326	P	GC06	cDC2_CD1C	0.11625857	-2.0059116
GC06P:GCAGCCAAGCGTGAAC	GC06P	7713.0	2289	0.05121224	P	GC06	cDC2_CD1C	0.18707076	-1.4105083
GC06P:GCATGATGTACGCACC	GC06P	10370.0	2788	0.031822566	P	GC06	cDC2_CD1C	0.84658366	-2.3765893
GC06P:GCCAAATCAGTAACGG	GC06P	6659.0	2268	0.09535966	P	GC06	Mφ_APOE	-1.9983867	1.4588095
GC06P:GCGCAACAGACCTTTG	GC06P	11794.0	3002	0.047142614	P	GC06	cDC2_CD1C	0.45447326	-1.361653
GC06P:GCGCAACAGCTCTCGG	GC06P	11884.0	2688	0.03912824	P	GC06	Mφ_APOE	-0.3783913	-1.5719587
GC06P:GCGCAGTAGCCATCGC	GC06P	5267.0	1769	0.035693944	P	GC06	cDC2_CD1C	0.5433327	-3.281233
GC06P:GCTCCTAGTCTCTCGT	GC06P	6345.0	1906	0.075177304	P	GC06	DC_LAMP3	4.8343115	-0.6358481
GC06P:GCTCTGTCATAGGATA	GC06P	9176.0	3007	0.013731473	P	GC06	cDC2_CD1C	0.42770338	-2.3013928
GC06P:GCTGCAGAGGCAGGTT	GC06P	615.0	352	0.0	P	GC06	Mφ_APOE	-0.44259346	-2.0633206
GC06P:GCTGGGTTCGGAATCT	GC06P	21547.0	4546	0.04622453	P	GC06	cDC2_CD1C	1.3154749	-0.44746938
GC06P:GCTTCCACATGCAATC	GC06P	16253.0	3606	0.040669415	P	GC06	cDC2_CD1C	0.24911015	-1.2821755
GC06P:GGAATAAGTCATACTG	GC06P	8153.0	2146	0.07028088	P	GC06	DC_LAMP3	3.1096094	-1.2038711
GC06P:GGAATAATCATGTCCC	GC06P	5775.0	1826	0.051774893	P	GC06	Mφ_THBS1	0.4960329	-3.3532789
GC06P:GGACAAGTCGCATGAT	GC06P	6883.0	2067	0.034287374	P	GC06	Mono_FCGR3A	6.3321366	-2.5002959
GC06P:GGACATTAGATCTGAA	GC06P	5586.0	1822	0.03329753	P	GC06	Mφ_THBS1	0.8573371	-6.538559
GC06P:GGACATTAGTGATCGG	GC06P	18584.0	3953	0.032554887	P	GC06	cDC1_XCR1	0.86001414	2.6255805
GC06P:GGACGTCGTCTCTCGT	GC06P	4970.0	1878	0.023742454	P	GC06	Mφ_THBS1	0.416792	-2.985846
GC06P:GGCTGGTCATCTATGG	GC06P	7854.0	2469	0.044053987	P	GC06	Mono_CD14	3.5309231	-7.1128693
GC06P:GGCTGGTTCAAGCCTA	GC06P	15705.0	3854	0.047373448	P	GC06	cDC2_CD1C	0.7997122	-1.8191866
GC06P:GGGCACTTCACCCGAG	GC06P	8964.0	2729	0.026773762	P	GC06	cDC2_CD1C	-0.47900915	-1.012173
GC06P:GGGTCTGCACATGACT	GC06P	20281.0	4046	0.024160543	P	GC06	cDC2_CD1C	0.37389404	-0.8529446
GC06P:GGGTTGCAGTGGTCCC	GC06P	4202.0	1424	0.0421228	P	GC06	Mφ_THBS1	1.3321234	-5.576698
GC06P:GGTATTGAGCTTTGGT	GC06P	547.0	344	0.03107861	P	GC06	Mφ_THBS1	0.10815641	-3.7573462
GC06P:GGTGAAGCAGGTGCCT	GC06P	16440.0	3599	0.039781023	P	GC06	cDC1_XCR1	1.0862585	3.1216698
GC06P:GGTGTTAGTAGTACCT	GC06P	21618.0	3907	0.036959942	P	GC06	cDC2_CD1C	1.8103607	0.05815971
GC06P:GTAACGTTCTCTGCTG	GC06P	7018.0	2154	0.024935879	P	GC06	cDC2_CD1C	0.049417477	-2.5839381
GC06P:GTACTTTAGATGCCAG	GC06P	12965.0	3174	0.028461242	P	GC06	cDC2_CD1C	1.3822397	-1.4640855
GC06P:GTACTTTGTCAGAGGT	GC06P	17241.0	3918	0.047097035	P	GC06	Mφ_APOE	-2.5451093	-0.39370358
GC06P:GTATCTTGTAGCTTGT	GC06P	8683.0	2435	0.0468732	P	GC06	Mφ_THBS1	1.2991234	-5.174906
GC06P:GTCAAGTCAATCTGCA	GC06P	9386.0	2313	0.061261453	P	GC06	cDC2_CD1C	0.07282239	-0.8514314
GC06P:GTCCTCATCATCGCTC	GC06P	13321.0	3701	0.016815554	P	GC06	pDC_LILRA4	4.213764	3.2882247
GC06P:GTCGGGTCACGAAACG	GC06P	9840.0	2681	0.0425813	P	GC06	cDC2_CD1C	0.3227147	-2.371492
GC06P:GTCGGGTCAGGTTTCA	GC06P	5147.0	1712	0.03186322	P	GC06	Mφ_THBS1	0.07009367	-6.532809
GC06P:GTCGGGTTCTCCAGGG	GC06P	7116.0	2265	0.09345138	P	GC06	Mφ_THBS1	0.6117999	-3.7125232
GC06P:GTGCGGTCATCACGTA	GC06P	16909.0	3527	0.037435684	P	GC06	cDC2_CD1C	-0.9437126	-0.93451947
GC06P:GTGCTTCTCATCATTC	GC06P	15652.0	3890	0.027664196	P	GC06	cDC2_CD1C	0.018484961	-1.8003849
GC06P:GTGTTAGTCTACCTGC	GC06P	14332.0	2779	0.022676528	P	GC06	Mφ_APOE	-1.7627039	-1.4237435
GC06P:GTTAAGCAGAAACCTA	GC06P	16623.0	3619	0.04307285	P	GC06	cDC2_CD1C	1.0970577	-1.0238378
GC06P:GTTACAGAGTATGACA	GC06P	11033.0	2833	0.022659294	P	GC06	pDC_LILRA4	4.132896	2.242229
GC06P:GTTCGGGCAATCTACG	GC06P	8992.0	2519	0.05649466	P	GC06	Mφ_THBS1	-0.5013602	-5.98404
GC06P:GTTCGGGCACAACGTT	GC06P	23377.0	4467	0.03909826	P	GC06	cDC2_CD1C	0.5628151	-0.812218
GC06P:TAAACCGGTGACAAAT	GC06P	9197.0	2220	0.029683592	P	GC06	cDC2_CD1C	1.7730635	-2.3785505
GC06P:TAAGCGTAGCTGAAAT	GC06P	12204.0	3483	0.028679121	P	GC06	Mφ_APOE	-2.4870415	-0.3749043
GC06P:TACCTATAGAGTTGGC	GC06P	6888.0	2169	0.056184668	P	GC06	cDC2_CD1C	0.46992016	-2.728851
GC06P:TACCTATAGATCCCGC	GC06P	19964.0	3905	0.032358244	P	GC06	cDC2_CD1C	0.44594666	-0.10701898
GC06P:TACCTATCAAAGCAAT	GC06P	29387.0	4750	0.043624733	P	GC06	Mφ_APOE	-1.3167713	-1.1298064
GC06P:TACCTTAAGCAGCCTC	GC06P	13226.0	3275	0.03462876	P	GC06	cDC2_CD1C	0.64936864	-2.8654861
GC06P:TACGGATAGTGGGATC	GC06P	1218.0	546	0.0016420361	P	GC06	Mφ_APOE	-0.27936238	-1.7095662
GC06P:TACGGATCACACATGT	GC06P	12395.0	2959	0.037595805	P	GC06	cDC2_CD1C	0.806027	-2.2203202
GC06P:TACGGGCAGACAGAGA	GC06P	4174.0	1448	0.02611404	P	GC06	Mφ_THBS1	0.08015267	-4.394124
GC06P:TACTCGCAGACCTTTG	GC06P	4903.0	1684	0.059963286	P	GC06	cDC2_CD1C	0.5699832	-2.1499872
GC06P:TACTCGCAGTCAAGGC	GC06P	15084.0	3492	0.037059136	P	GC06	cDC2_CD1C	1.8918799	0.018132465
GC06P:TAGACCAAGATAGTCA	GC06P	10845.0	2802	0.063531585	P	GC06	cDC2_CD1C	0.20551845	-1.5887865
GC06P:TAGACCAAGATATACG	GC06P	20093.0	4033	0.036131985	P	GC06	Mφ_APOE	0.2690385	-0.49598706
GC06P:TAGACCATCAACACGT	GC06P	7581.0	2423	0.04221079	P	GC06	Mφ_APOE	-2.2433622	1.0862706
GC06P:TAGACCATCCGGGTGT	GC06P	6792.0	1861	0.07022968	P	GC06	cDC2_CD1C	0.56101894	-2.7520375
GC06P:TAGACCATCGGTCTAA	GC06P	10227.0	2682	0.031289723	P	GC06	pDC_LILRA4	3.958214	2.054583
GC06P:TAGAGCTCATGCCTTC	GC06P	1172.0	638	0.013651877	P	GC06	Mφ_THBS1	-0.0016047645	-3.0352528
GC06P:TAGGCATCATATACCG	GC06P	3072.0	1484	0.046875	P	GC06	Mφ_APOE	-1.9812231	1.4027064
GC06P:TATCAGGCAAGAAGAG	GC06P	11601.0	2950	0.045685716	P	GC06	cDC2_CD1C	1.8872796	0.66207147
GC06P:TATCTCAGTAAGCACG	GC06P	18225.0	3981	0.037421126	P	GC06	Mφ_APOE	-0.13471813	-0.3145538
GC06P:TCAACGAGTGAGGGTT	GC06P	9025.0	2498	0.034127425	P	GC06	cDC2_CD1C	0.20307031	-2.4065576
GC06P:TCAACGAGTTGCGCAC	GC06P	12732.0	3038	0.050973926	P	GC06	cDC2_CD1C	0.90644294	-2.0440047
GC06P:TCAATCTAGATATGGT	GC06P	23988.0	5201	0.046648324	P	GC06	cDC2_CD1C	0.5370285	-0.017475806
GC06P:TCACGAACACCAGGTC	GC06P	2270.0	1355	0.0052863434	P	GC06	Mφ_APOE	-1.8095318	1.4745204
GC06P:TCAGCTCCAATAGCAA	GC06P	10766.0	3294	0.050157905	P	GC06	Mφ_APOE	-2.1444356	1.1456673
GC06P:TCAGCTCGTGCCTGTG	GC06P	13433.0	2792	0.03558401	P	GC06	cDC2_CD1C	1.8191577	-1.2495776
GC06P:TCAGGTAGTTGTTTGG	GC06P	6695.0	2041	0.03510082	P	GC06	Mφ_THBS1	-0.48930284	-4.625402
GC06P:TCCACACCACATTCGA	GC06P	12973.0	3289	0.029908272	P	GC06	cDC2_CD1C	1.9919186	-0.3009333
GC06P:TCCACACTCGGCGCAT	GC06P	6978.0	1978	0.04829464	P	GC06	Mφ_THBS1	1.1782432	-4.873701
GC06P:TCGAGGCAGCTGGAAC	GC06P	3199.0	1295	0.03907471	P	GC06	Mφ_THBS1	0.46399656	-4.9835224
GC06P:TCGCGAGTCTCTTATG	GC06P	12533.0	3197	0.030240165	P	GC06	cDC2_CD1C	-0.20004521	-2.1398032
GC06P:TCGCGTTGTACGCACC	GC06P	6098.0	1833	0.032141685	P	GC06	Mφ_APOE	-0.4522555	-2.9543905
GC06P:TCGGGACTCCGTTGCT	GC06P	13336.0	3160	0.034118176	P	GC06	cDC2_CD1C	1.2149378	-1.2690606
GC06P:TCGTACCAGATGTGGC	GC06P	6560.0	1975	0.04039634	P	GC06	Mono_FCGR3A	5.323363	-2.907868
GC06P:TGAAAGATCTCGATGA	GC06P	9037.0	2817	0.06606174	P	GC06	cDC2_CD1C	0.26168463	-1.9700527
GC06P:TGACAACGTGCAACTT	GC06P	17179.0	3590	0.037138365	P	GC06	cDC1_XCR1	0.9678312	3.1242673
GC06P:TGACTAGTCACATAGC	GC06P	5522.0	1646	0.046903297	P	GC06	cDC2_CD1C	0.9430695	-3.2098668
GC06P:TGAGAGGTCGAACTGT	GC06P	13447.0	2836	0.036959916	P	GC06	cDC2_CD1C	1.6349626	-2.480183
GC06P:TGAGGGAAGACCTTTG	GC06P	16350.0	3343	0.04850153	P	GC06	cDC2_CD1C	0.9041127	-2.2160163
GC06P:TGCCAAAAGCTCCCAG	GC06P	2802.0	1054	0.0503212	P	GC06	cDC2_CD1C	2.0110285	-4.083689
GC06P:TGCCCTAAGTTTCCTT	GC06P	606.0	362	0.00990099	P	GC06	Mφ_APOE	-0.30660224	-1.7611107
GC06P:TGCCCTACAGATGAGC	GC06P	1248.0	568	0.044871796	P	GC06	cDC2_CD1C	1.0935841	-3.9917672
GC06P:TGCGTGGAGGAGTCTG	GC06P	6793.0	1987	0.046518475	P	GC06	Mφ_THBS1	0.42813936	-6.3613544
GC06P:TGCTGCTAGAAACCTA	GC06P	27858.0	5210	0.03385024	P	GC06	cDC2_CD1C	0.36380023	0.13247569
GC06P:TGGCTGGTCCATGCTC	GC06P	2910.0	999	0.035051547	P	GC06	Mφ_APOE	-0.05435816	-2.8297467
GC06P:TGGGCGTAGGATGGTC	GC06P	20855.0	4151	0.039271157	P	GC06	cDC2_CD1C	1.1398901	-0.6605664
GC06P:TGGGCGTGTCGCGGTT	GC06P	7194.0	2608	0.06880734	P	GC06	cDC2_CD1C	1.9852846	0.38948554
GC06P:TGTATTCAGTACCGGA	GC06P	7748.0	2097	0.05678885	P	GC06	Mφ_THBS1	0.88602215	-5.3812513
GC06P:TGTTCCGCAGTGGAGT	GC06P	17806.0	3576	0.036392227	P	GC06	cDC2_CD1C	1.8346705	-0.34900957
GC06P:TTATGCTTCCTGCTTG	GC06P	11584.0	3144	0.046961326	P	GC06	Mφ_APOE	0.17060904	-0.47770485
GC06P:TTCGAAGTCAATACCG	GC06P	16093.0	3548	0.045982726	P	GC06	cDC2_CD1C	-0.31802326	-1.4023726
GC06P:TTCTACAAGGTAAACT	GC06P	18113.0	3740	0.036603544	P	GC06	cDC2_CD1C	0.47854117	-1.4546102
GC06P:TTCTTAGGTCGCTTCT	GC06P	8135.0	2262	0.03995083	P	GC06	cDC2_CD1C	0.20057124	-3.0059335
GC06P:TTGAACGAGCTAACAA	GC06P	6261.0	2034	0.024916148	P	GC06	Mφ_THBS1	-0.13912578	-2.7309883
GC06P:TTGACTTAGCTACCTA	GC06P	8911.0	2614	0.044102795	P	GC06	Mφ_THBS1	0.95387733	-4.8785195
GC06P:TTGACTTTCAGCTGGC	GC06P	725.0	401	0.056551725	P	GC06	Mφ_THBS1	1.257197	-4.2310786
GC06P:TTTGGTTTCTAAGCCA	GC06P	2124.0	1030	0.018361581	P	GC06	Mφ_APOE	-1.3067441	1.3817059
GC06P:TTTGTCATCCGCAGTG	GC06P	5362.0	1995	0.029466618	P	GC06	Mφ_APOE	-1.7674093	1.4646404
GC06T:AAACCTGAGACAGAGA	GC06T	15279.0	3342	0.03710976	T	GC06	cDC2_CD1C	2.0635266	-1.6004888
GC06T:AAACCTGTCATAACCG	GC06T	19064.0	3392	0.027276542	T	GC06	cDC1_XCR1	1.4136311	2.72
GC06T:AAACGGGAGATGTGGC	GC06T	4556.0	1473	0.035338014	T	GC06	Mφ_THBS1	-0.16818985	-3.6994958
GC06T:AAAGATGCACAGGTTT	GC06T	10000.0	2744	0.0375	T	GC06	cDC2_CD1C	0.87129563	-2.0862296
GC06T:AAAGATGCACATGTGT	GC06T	5624.0	1882	0.038762446	T	GC06	Mφ_THBS1	1.7246668	-6.1331053
GC06T:AAAGATGCATTATCTC	GC06T	8262.0	2020	0.05386105	T	GC06	Mφ_THBS1	-1.5878882	-7.5122323
GC06T:AAATGCCAGACACTAA	GC06T	15596.0	3422	0.07508335	T	GC06	Mφ_THBS1	-0.31075794	-3.6235418
GC06T:AAATGCCAGCATGGCA	GC06T	13501.0	3146	0.039552625	T	GC06	Mφ_THBS1	-0.85298	-3.3923633
GC06T:AAATGCCAGTAACCCT	GC06T	12501.0	2883	0.056155507	T	GC06	Mφ_APOE	-3.1690068	-2.4765525
GC06T:AAATGCCGTCGCGTGT	GC06T	16045.0	3738	0.04549704	T	GC06	Mφ_APOE	-3.5239265	-1.5036242
GC06T:AAATGCCTCCCTAACC	GC06T	4222.0	1448	0.025580294	T	GC06	Mφ_THBS1	-0.0331396	-4.8295174
GC06T:AAATGCCTCTCGATGA	GC06T	17084.0	3093	0.023999063	T	GC06	cDC2_CD1C	2.2934937	-1.8352305
GC06T:AACCATGCAATCTACG	GC06T	16430.0	3612	0.03463177	T	GC06	pDC_LILRA4	3.2396877	0.2006996
GC06T:AACCGCGAGCGCTCCA	GC06T	4711.0	1429	0.04585014	T	GC06	Mφ_THBS1	0.67230386	-4.846093
GC06T:AACCGCGTCTAACTCT	GC06T	16061.0	3759	0.056783512	T	GC06	Mφ_APOE	-3.1623812	-0.14402907
GC06T:AACGTTGAGAGCCCAA	GC06T	18880.0	4335	0.059586864	T	GC06	Mφ_APOE	-2.2694297	-1.4142658
GC06T:AACGTTGGTGTTTGGT	GC06T	5458.0	1798	0.055881277	T	GC06	Mφ_THBS1	-1.2206551	-6.131799
GC06T:AACGTTGTCTCCTATA	GC06T	7423.0	2098	0.04324397	T	GC06	Mφ_THBS1	0.54973155	-4.1079774
GC06T:AACTCAGCAATCCGAT	GC06T	7811.0	2132	0.035462808	T	GC06	Mφ_THBS1	-1.5586171	-7.097181
GC06T:AACTCCCCACCAACCG	GC06T	9744.0	2434	0.052545156	T	GC06	Mφ_THBS1	-2.0699346	-2.8515916
GC06T:AACTCTTGTCAACTGT	GC06T	17197.0	3895	0.037099496	T	GC06	cDC2_CD1C	1.1279488	-1.7959517
GC06T:AACTCTTGTCCTGCTT	GC06T	2645.0	1051	0.027221171	T	GC06	Mφ_THBS1	-1.191763	-6.473734
GC06T:AACTGGTCAATGCCAT	GC06T	9360.0	2795	0.02905983	T	GC06	pDC_LILRA4	4.5833974	2.3831742
GC06T:AACTGGTTCGTGTAGT	GC06T	3423.0	1309	0.033596262	T	GC06	pDC_LILRA4	4.0509677	1.5009658
GC06T:AACTGGTTCGTTTATC	GC06T	11191.0	3257	0.03574301	T	GC06	Mφ_APOE	-1.311331	-2.7009149
GC06T:AAGCCGCAGCTGCCCA	GC06T	6742.0	2059	0.04820528	T	GC06	Mφ_APOE	-2.280996	-0.9584902
GC06T:AAGGCAGAGGTGTGGT	GC06T	11200.0	3138	0.029375	T	GC06	pDC_LILRA4	4.5168076	2.9205854
GC06T:AAGGCAGCATACTACG	GC06T	3628.0	1308	0.08461963	T	GC06	Mφ_THBS1	-1.1475643	-5.4513397
GC06T:AAGGTTCAGTGGACGT	GC06T	4990.0	1724	0.04749499	T	GC06	Mφ_THBS1	-2.2693717	-4.234137
GC06T:AAGGTTCGTGCACCAC	GC06T	13168.0	2529	0.040249087	T	GC06	cDC2_CD1C	1.9855161	-1.9856814
GC06T:AAGTCTGCAAGTTCTG	GC06T	11855.0	2986	0.03711514	T	GC06	pDC_LILRA4	3.5166552	0.89855886
GC06T:AAGTCTGGTCATACTG	GC06T	10426.0	2242	0.051218107	T	GC06	DC_LAMP3	3.649404	-1.0414301
GC06T:AATCCAGCATTAGGCT	GC06T	13568.0	3058	0.04842276	T	GC06	cDC2_CD1C	0.8205267	-2.9338984
GC06T:AATCGGTAGCTGCGAA	GC06T	6224.0	1762	0.031330336	T	GC06	Mφ_THBS1	-1.254532	-7.383729
GC06T:AATCGGTGTTCAACCA	GC06T	8440.0	2238	0.06658768	T	GC06	Mφ_THBS1	-1.4405009	-4.130472
GC06T:AATCGGTTCGTACCGG	GC06T	7102.0	2077	0.03745424	T	GC06	Mφ_THBS1	-0.6550286	-4.617277
GC06T:ACACCAAGTTAAGTAG	GC06T	12083.0	2657	0.024414467	T	GC06	pDC_LILRA4	4.1403875	1.8681476
GC06T:ACACCGGAGCGATATA	GC06T	7684.0	2373	0.055830296	T	GC06	Mφ_THBS1	-2.4271815	-4.589355
GC06T:ACACCGGGTTCCGTCT	GC06T	517.0	348	0.030947777	T	GC06	Mφ_APOE	-1.406977	-2.1399672
GC06T:ACACTGATCTATGTGG	GC06T	9204.0	2611	0.034332898	T	GC06	pDC_LILRA4	4.5216928	2.1751456
GC06T:ACACTGATCTTGCATT	GC06T	8743.0	2306	0.049182203	T	GC06	Mφ_THBS1	-1.3274907	-7.55805
GC06T:ACAGCCGTCGGTTCGG	GC06T	4562.0	1582	0.02696186	T	GC06	Mφ_THBS1	-1.6646932	-4.0288234
GC06T:ACAGCCGTCTGCCAGG	GC06T	13975.0	2970	0.038711987	T	GC06	cDC2_CD1C	2.844099	-1.0999894
GC06T:ACAGCTAAGTTCCACA	GC06T	8738.0	2405	0.05241474	T	GC06	Mφ_THBS1	-2.426457	-4.212162
GC06T:ACAGCTAGTCCAGTAT	GC06T	11968.0	2794	0.03208556	T	GC06	Mφ_THBS1	-0.002616779	-3.7552228
GC06T:ACAGCTATCACCTCGT	GC06T	4827.0	1792	0.04578413	T	GC06	Mφ_THBS1	-0.5884616	-3.3746643
GC06T:ACATACGTCCTTAATC	GC06T	18718.0	3805	0.047173843	T	GC06	Mφ_APOE	-3.715739	0.4455521
GC06T:ACATGGTAGGTCATCT	GC06T	11099.0	2784	0.039553113	T	GC06	Mφ_THBS1	-0.034902684	-4.2735105
GC06T:ACCAGTACAAGTAATG	GC06T	17488.0	3634	0.05003431	T	GC06	Mφ_THBS1	-1.1457583	-2.529608
GC06T:ACCAGTAGTACATCCA	GC06T	8252.0	2136	0.049321376	T	GC06	Mφ_THBS1	-0.5662798	-4.526862
GC06T:ACCCACTCAGGCTGAA	GC06T	9755.0	2878	0.029728344	T	GC06	pDC_LILRA4	4.9477315	2.7162058
GC06T:ACCGTAAGTCAAGCGA	GC06T	22155.0	3722	0.036696006	T	GC06	cDC1_XCR1	1.1702722	2.756784
GC06T:ACCTTTACACGTGAGA	GC06T	7291.0	2194	0.030037032	T	GC06	Mφ_THBS1	-0.16735199	-4.351021
GC06T:ACGAGCCCACGTCAGC	GC06T	10715.0	2552	0.032477833	T	GC06	pDC_LILRA4	3.451056	0.697075
GC06T:ACGAGGAAGCTAGGCA	GC06T	8230.0	2392	0.042284325	T	GC06	Mφ_THBS1	-0.71403843	-3.5434005
GC06T:ACGAGGATCGCTGATA	GC06T	10434.0	2544	0.037665326	T	GC06	Mφ_THBS1	-1.9420725	-4.52933
GC06T:ACGATACGTTCCATGA	GC06T	14910.0	3277	0.043460764	T	GC06	Mφ_THBS1	-0.9668983	-5.707709
GC06T:ACGATGTAGTGAAGAG	GC06T	2080.0	806	0.072115384	T	GC06	pDC_LILRA4	3.6958618	1.3132315
GC06T:ACGATGTCAGCGAACA	GC06T	9733.0	2590	0.03072023	T	GC06	pDC_LILRA4	4.313074	1.9830347
GC06T:ACGATGTGTACAGCAG	GC06T	12314.0	2981	0.050430406	T	GC06	Mφ_THBS1	-2.4383466	-3.5977817
GC06T:ACGCAGCAGTCATCCA	GC06T	8968.0	2801	0.023751115	T	GC06	pDC_LILRA4	4.870622	2.6150944
GC06T:ACGCCAGCAGCTATTG	GC06T	881.0	560	0.036322363	T	GC06	Mφ_APOE	-1.7184767	-1.5486242
GC06T:ACGCCAGGTATTACCG	GC06T	5543.0	1680	0.018581996	T	GC06	Mφ_APOE	-2.3935852	-2.0219746
GC06T:ACGCCAGGTCCAGTAT	GC06T	16971.0	3471	0.033999175	T	GC06	Mφ_THBS1	-2.4197853	-3.3073375
GC06T:ACGCCAGTCCTTAATC	GC06T	3872.0	1540	0.024793388	T	GC06	Mφ_THBS1	-0.02771318	-6.601785
GC06T:ACGCCGAAGTTGTAGA	GC06T	10698.0	2926	0.019162461	T	GC06	pDC_LILRA4	4.6654024	2.5663981
GC06T:ACGCCGATCAGGTAAA	GC06T	10738.0	2835	0.047308624	T	GC06	Mφ_THBS1	0.47343996	-3.6754866
GC06T:ACGGAGAAGTCGCCGT	GC06T	5835.0	2013	0.033590402	T	GC06	pDC_LILRA4	4.21227	1.8493114
GC06T:ACGGAGACAATGGATA	GC06T	2719.0	1030	0.052225083	T	GC06	Mφ_THBS1	0.7386562	-6.5230002
GC06T:ACGGCCACACAGCCCA	GC06T	9754.0	2514	0.015993439	T	GC06	pDC_LILRA4	4.123475	2.0309398
GC06T:ACGGCCAGTAGCTTGT	GC06T	6725.0	1958	0.05070632	T	GC06	Mφ_THBS1	-1.5805615	-5.2572675
GC06T:ACGGCCATCGCCTGTT	GC06T	24055.0	4316	0.036416546	T	GC06	cDC2_CD1C	1.996707	-0.6622754
GC06T:ACGGCCATCGGAAATA	GC06T	14109.0	3124	0.042809553	T	GC06	Mφ_THBS1	-0.6376893	-4.00816
GC06T:ACGGGTCCACGCTTTC	GC06T	7106.0	2054	0.04081058	T	GC06	Mφ_THBS1	-1.7180007	-6.626453
GC06T:ACGGGTCGTCAACTGT	GC06T	10023.0	2330	0.041105457	T	GC06	cDC2_CD1C	1.0626761	-3.8518867
GC06T:ACGGGTCTCACATACG	GC06T	12613.0	2781	0.04907635	T	GC06	DC_LAMP3	4.6784143	-0.42543676
GC06T:ACGGGTCTCTTTAGTC	GC06T	17131.0	3672	0.043371666	T	GC06	cDC2_CD1C	-0.62249124	-2.8524055
GC06T:ACGTCAACAAGGTTTC	GC06T	12747.0	2857	0.043618105	T	GC06	Mφ_THBS1	-1.6391007	-5.3092456
GC06T:ACTATCTAGCGTCTAT	GC06T	4606.0	1434	0.061875813	T	GC06	Mφ_THBS1	-2.292651	-6.112195
GC06T:ACTATCTCACATCCGG	GC06T	15218.0	3523	0.038178474	T	GC06	Mφ_APOE	-1.8895915	-2.5614843
GC06T:ACTATCTTCCATTCTA	GC06T	8548.0	2330	0.0741694	T	GC06	Mφ_APOE	-2.7628498	1.1056141
GC06T:ACTGAACAGATTACCC	GC06T	27185.0	4443	0.050579365	T	GC06	Mφ_APOE	-0.121806554	-1.2007015
GC06T:ACTGAACCAGGTGCCT	GC06T	7068.0	1893	0.033248443	T	GC06	Mφ_THBS1	-1.1985679	-6.133233
GC06T:ACTGAACGTATGCTTG	GC06T	16967.0	3488	0.029940473	T	GC06	pDC_LILRA4	3.0292137	-0.43170398
GC06T:ACTGAGTAGCACACAG	GC06T	2421.0	987	0.073523335	T	GC06	Mφ_THBS1	-0.554576	-4.9350953
GC06T:ACTGAGTCACCCATTC	GC06T	4769.0	1572	0.038372826	T	GC06	Mφ_THBS1	-0.9136419	-5.4797735
GC06T:ACTGATGAGCCCAACC	GC06T	9032.0	2666	0.024025686	T	GC06	pDC_LILRA4	4.175002	2.2589393
GC06T:ACTGATGAGGATGGAA	GC06T	570.0	357	0.07368421	T	GC06	Mφ_APOE	-1.8493482	-2.1166239
GC06T:ACTGATGCAGCATGAG	GC06T	2214.0	909	0.03794038	T	GC06	Mφ_THBS1	-1.2032392	-3.0337274
GC06T:ACTGATGTCAAACCGT	GC06T	14190.0	3594	0.030443974	T	GC06	Mφ_APOE	-0.830391	-1.3432183
GC06T:ACTGTCCAGCCACGTC	GC06T	17395.0	3239	0.0404714	T	GC06	Mφ_APOE	-3.3784258	-1.6807642
GC06T:ACTGTCCCAGGATTGG	GC06T	8763.0	2712	0.026246719	T	GC06	pDC_LILRA4	4.8584785	2.6854696
GC06T:ACTGTCCCAGTCCTTC	GC06T	5709.0	1846	0.0502715	T	GC06	pDC_LILRA4	3.893437	1.8836157
GC06T:ACTGTCCCATCCGGGT	GC06T	4836.0	1571	0.041563276	T	GC06	pDC_LILRA4	3.5884595	1.2108915
GC06T:ACTTGTTAGCCTTGAT	GC06T	7619.0	1981	0.064444155	T	GC06	DC_LAMP3	4.47878	-1.0358622
GC06T:ACTTGTTGTAAGCACG	GC06T	10854.0	2914	0.03381242	T	GC06	Mφ_THBS1	-0.8464356	-3.8155336
GC06T:ACTTTCACAGGAACGT	GC06T	5309.0	1722	0.027312111	T	GC06	Mφ_THBS1	-1.708262	-7.0831785
GC06T:ACTTTCAGTAAACACA	GC06T	13446.0	3069	0.046854082	T	GC06	pDC_LILRA4	3.0900261	-0.092666425
GC06T:ACTTTCAGTTTGTTGG	GC06T	28483.0	4967	0.048344627	T	GC06	Mφ_APOE	-2.5182045	-0.87450933
GC06T:AGAATAGAGACGCTTT	GC06T	8958.0	2473	0.059164993	T	GC06	Mφ_THBS1	-2.459403	-4.3280153
GC06T:AGAATAGCAACGATGG	GC06T	11721.0	2789	0.05144612	T	GC06	cDC2_CD1C	1.4695523	-2.7701623
GC06T:AGAATAGTCGTTTATC	GC06T	6198.0	1919	0.052758954	T	GC06	Mφ_THBS1	-0.8393205	-5.435998
GC06T:AGAGCGATCTGTACGA	GC06T	7490.0	2188	0.019092122	T	GC06	pDC_LILRA4	4.290004	1.7694683
GC06T:AGAGCTTAGGAACTGC	GC06T	5221.0	1613	0.045585137	T	GC06	Mφ_THBS1	-1.2421336	-5.435885
GC06T:AGAGCTTAGTGTTGAA	GC06T	17331.0	3672	0.05400727	T	GC06	Mφ_APOE	-1.7455399	-0.12958278
GC06T:AGAGCTTTCATCGCTC	GC06T	13816.0	3119	0.054067746	T	GC06	cDC2_CD1C	1.0338712	-1.4005964
GC06T:AGAGTGGCACCAGTTA	GC06T	8074.0	2203	0.034926925	T	GC06	Mφ_THBS1	-0.8016077	-5.1308036
GC06T:AGATCTGAGGGAGTAA	GC06T	14872.0	3081	0.050026897	T	GC06	cDC2_CD1C	1.0273709	-3.6292155
GC06T:AGATCTGCAATGAAAC	GC06T	10273.0	2708	0.058308188	T	GC06	Mono_CD14	2.7208226	-7.24545
GC06T:AGATCTGGTCAATACC	GC06T	2977.0	1100	0.03392677	T	GC06	pDC_LILRA4	4.0143213	1.5015879
GC06T:AGATCTGTCTCTTGAT	GC06T	15898.0	3419	0.041640457	T	GC06	Mφ_APOE	-1.4018126	-1.8770981
GC06T:AGATTGCCAATCGGTT	GC06T	9432.0	2456	0.055343512	T	GC06	Mφ_THBS1	-1.7980645	-4.348507
GC06T:AGATTGCGTGTTCTTT	GC06T	3544.0	1250	0.0505079	T	GC06	Mφ_THBS1	0.09727652	-4.7000833
GC06T:AGATTGCTCCCAGGTG	GC06T	10331.0	2381	0.028942019	T	GC06	Mφ_APOE	-2.9507105	-2.4413972
GC06T:AGCAGCCCAATCCGAT	GC06T	6239.0	1917	0.039589677	T	GC06	Mφ_THBS1	-0.94704145	-6.643386
GC06T:AGCAGCCTCCTCTAGC	GC06T	11792.0	2932	0.04867707	T	GC06	Mono_CD14	4.483366	-4.814935
GC06T:AGCATACAGCTAGTCT	GC06T	7467.0	2256	0.019284854	T	GC06	pDC_LILRA4	3.6958838	1.0001004
GC06T:AGCATACTCCAAACAC	GC06T	19501.0	3402	0.034972567	T	GC06	cDC1_XCR1	1.390963	2.8081336
GC06T:AGCCTAAGTTCCACTC	GC06T	8692.0	2439	0.030602854	T	GC06	Mφ_THBS1	0.093221724	-6.943362
GC06T:AGCCTAATCATGTAGC	GC06T	9003.0	2523	0.08552705	T	GC06	Mφ_APOE	-0.86610895	-0.74621236
GC06T:AGCGGTCAGTCAAGGC	GC06T	14569.0	2843	0.03514311	T	GC06	cDC2_CD1C	1.1296327	-3.2332377
GC06T:AGCGTCGAGGGCATGT	GC06T	4948.0	1563	0.029506871	T	GC06	cDC2_CD1C	-0.19367622	-2.488317
GC06T:AGCTCCTGTCTGATTG	GC06T	762.0	440	0.003937008	T	GC06	Mφ_APOE	-1.1629063	-2.0611043
GC06T:AGCTCTCCACCAGGCT	GC06T	16959.0	3289	0.030780116	T	GC06	Mφ_THBS1	0.44919112	-3.450318
GC06T:AGCTCTCCAGCTCGCA	GC06T	6790.0	1897	0.030927835	T	GC06	Mono_FCGR3A	4.517454	-3.4381523
GC06T:AGCTCTCTCAGCTCGG	GC06T	20369.0	3702	0.03716432	T	GC06	pDC_LILRA4	2.9863558	-0.42760554
GC06T:AGCTTGAGTTGGTAAA	GC06T	9128.0	2498	0.02826468	T	GC06	pDC_LILRA4	4.133438	1.7114516
GC06T:AGCTTGATCGTGGGAA	GC06T	5889.0	1874	0.031074885	T	GC06	Mφ_THBS1	-1.0168848	-6.1845236
GC06T:AGGCCACAGGCCCTCA	GC06T	1880.0	549	0.08031915	T	GC06	Mφ_APOE	-2.8756688	-1.3776504
GC06T:AGGCCACCATCTACGA	GC06T	39480.0	5488	0.03847518	T	GC06	Mφ_APOE	-3.784232	-1.2405077
GC06T:AGGCCACGTGCGCTTG	GC06T	2608.0	1103	0.02338957	T	GC06	Mφ_THBS1	-0.38166243	-6.20845
GC06T:AGGCCGTAGACAAAGG	GC06T	9605.0	2932	0.021238938	T	GC06	pDC_LILRA4	4.7457833	2.3184755
GC06T:AGGCCGTGTCACACGC	GC06T	2306.0	903	0.022116218	T	GC06	pDC_LILRA4	3.6250503	1.2401083
GC06T:AGGCCGTTCAGCATGT	GC06T	1146.0	610	0.05061082	T	GC06	Mφ_THBS1	-0.56519306	-6.645947
GC06T:AGGCCGTTCCGCGTTT	GC06T	2106.0	1069	0.074074075	T	GC06	Mφ_APOE	-1.6020601	-0.11914784
GC06T:AGGGAGTAGCCACTAT	GC06T	7587.0	2160	0.042572822	T	GC06	Mφ_THBS1	-1.4963899	-4.1869893
GC06T:AGGGAGTAGCGTTGCC	GC06T	4614.0	1458	0.035543997	T	GC06	Mφ_THBS1	-1.655799	-5.5926147
GC06T:AGGGATGAGGCTACGA	GC06T	2024.0	916	0.03903162	T	GC06	Mφ_THBS1	-1.1375166	-5.9171314
GC06T:AGGGTGAGTACAAGTA	GC06T	553.0	329	0.0036166366	T	GC06	Mφ_APOE	-1.2940694	-2.2018197
GC06T:AGGGTGAGTCTCTCGT	GC06T	12311.0	3191	0.048168305	T	GC06	Mφ_APOE	-2.283124	0.1497687
GC06T:AGGTCATCAAGCTGTT	GC06T	7719.0	2100	0.051690634	T	GC06	Mφ_THBS1	-1.4079223	-7.1394
GC06T:AGGTCATGTCTCCCTA	GC06T	2609.0	997	0.05289383	T	GC06	Mφ_THBS1	0.20895953	-5.4271784
GC06T:AGGTCCGAGCGATATA	GC06T	5270.0	1673	0.030550284	T	GC06	Mφ_THBS1	-0.48401955	-7.891893
GC06T:AGGTCCGAGTGTCCCG	GC06T	7063.0	2115	0.037519466	T	GC06	Mφ_THBS1	-0.44531855	-4.2288837
GC06T:AGGTCCGCAATAGCAA	GC06T	11570.0	3029	0.024027659	T	GC06	Mφ_THBS1	0.6685671	-4.016956
GC06T:AGTAGTCCAGGAATGC	GC06T	9808.0	2559	0.036806688	T	GC06	Mφ_THBS1	-0.9657937	-3.6411455
GC06T:AGTAGTCTCTTCAACT	GC06T	1998.0	1059	0.06506506	T	GC06	Mφ_APOE	-2.2242713	-0.23056626
GC06T:AGTCTTTAGCGCTCCA	GC06T	8134.0	2126	0.046963364	T	GC06	Mφ_APOE	0.10474681	-2.7619467
GC06T:AGTCTTTCAGGTGCCT	GC06T	654.0	406	0.033639144	T	GC06	Mφ_THBS1	-0.80283237	-5.4822793
GC06T:AGTGAGGAGGATCGCA	GC06T	6723.0	2358	0.02721999	T	GC06	pDC_LILRA4	4.67917	2.5442886
GC06T:AGTGAGGCATGGTAGG	GC06T	6727.0	1984	0.055448193	T	GC06	Mφ_APOE	-0.8608723	-2.6787217
GC06T:AGTGGGAAGACTTGAA	GC06T	11874.0	3031	0.031328954	T	GC06	cDC2_CD1C	0.4240466	-2.8747523
GC06T:AGTGGGAAGGAGTTGC	GC06T	839.0	502	0.03218117	T	GC06	Mono_CD14	2.83766	-4.6998787
GC06T:AGTGGGATCCTTTCTC	GC06T	1266.0	727	0.0047393367	T	GC06	Mφ_APOE	-1.2931441	-1.8585291
GC06T:AGTGTCAAGAGCCTAG	GC06T	4580.0	1393	0.05283843	T	GC06	Mφ_THBS1	-0.66879696	-5.935247
GC06T:AGTGTCATCAGTTAGC	GC06T	630.0	368	0.08888889	T	GC06	Mφ_APOE	-1.7052689	-1.9960433
GC06T:AGTGTCATCCGATATG	GC06T	5956.0	1744	0.079415716	T	GC06	cDC2_CD1C	0.8345183	-2.9460242
GC06T:AGTTGGTAGATGTCGG	GC06T	10312.0	2494	0.028607449	T	GC06	cDC2_CD1C	1.2693042	-2.0232568
GC06T:AGTTGGTAGTGTCCCG	GC06T	11031.0	2602	0.034448374	T	GC06	cDC2_CD1C	0.77204037	-2.6228514
GC06T:AGTTGGTCACCTATCC	GC06T	20844.0	3445	0.03838035	T	GC06	DC_LAMP3	3.0212827	-1.1410449
GC06T:ATAACGCAGTACTTGC	GC06T	10523.0	2494	0.039247364	T	GC06	cDC2_CD1C	1.0211164	-3.0655427
GC06T:ATAACGCGTAAACACA	GC06T	9579.0	2563	0.04520305	T	GC06	pDC_LILRA4	3.7909656	1.766115
GC06T:ATAAGAGAGGAGTCTG	GC06T	5371.0	1590	0.035002794	T	GC06	pDC_LILRA4	3.758281	1.253177
GC06T:ATCACGATCGCGTAGC	GC06T	699.0	304	0.005722461	T	GC06	Mφ_APOE	-0.9910608	-1.6271815
GC06T:ATCATCTAGTGACATA	GC06T	7564.0	2194	0.034108937	T	GC06	Mφ_THBS1	-1.1869467	-6.773496
GC06T:ATCATCTCATAACCTG	GC06T	8658.0	1996	0.06999307	T	GC06	Mφ_THBS1	-0.8139686	-6.272379
GC06T:ATCATCTGTCTCACCT	GC06T	31018.0	5231	0.04339416	T	GC06	Mφ_APOE	-2.656753	-1.0326778
GC06T:ATCATGGGTAGCACGA	GC06T	6601.0	1937	0.04287229	T	GC06	Mφ_THBS1	-1.1451267	-4.772176
GC06T:ATCATGGGTGGGTCAA	GC06T	1479.0	708	0.044624746	T	GC06	Mφ_THBS1	-1.2038761	-4.842219
GC06T:ATCATGGTCTTAACCT	GC06T	34349.0	5028	0.05455763	T	GC06	Mφ_APOE	-3.8553114	-0.97180545
GC06T:ATCCACCCACCTGGTG	GC06T	4189.0	1347	0.037479114	T	GC06	Mφ_THBS1	-2.2801266	-7.128119
GC06T:ATCCGAACACGAAAGC	GC06T	9477.0	2426	0.043262634	T	GC06	pDC_LILRA4	3.5210648	0.6940529
GC06T:ATCCGAACATGCGCAC	GC06T	15411.0	3092	0.029524365	T	GC06	cDC2_CD1C	1.8650237	-2.0766256
GC06T:ATCCGAAGTGAGGCTA	GC06T	15558.0	3154	0.03972233	T	GC06	Mφ_THBS1	-0.592002	-5.0398397
GC06T:ATCCGAATCCGCTGTT	GC06T	13585.0	3119	0.04453441	T	GC06	Mφ_THBS1	-1.8288968	-3.3212614
GC06T:ATCGAGTGTATCTGCA	GC06T	6586.0	2145	0.03613726	T	GC06	Mφ_THBS1	-0.7141318	-6.053467
GC06T:ATCTACTCACGAGAGT	GC06T	5666.0	1876	0.042004943	T	GC06	Mφ_THBS1	-1.711738	-5.3292
GC06T:ATCTACTGTGATGTGG	GC06T	671.0	423	0.004470939	T	GC06	Mφ_APOE	-0.40895778	-1.7635821
GC06T:ATCTACTTCGGATGGA	GC06T	13337.0	2825	0.06050836	T	GC06	cDC2_CD1C	1.5141236	-2.1332524
GC06T:ATCTGCCAGATAGGAG	GC06T	6603.0	2269	0.02423141	T	GC06	Mφ_THBS1	-2.1057072	-4.1154747
GC06T:ATCTGCCTCGTTGACA	GC06T	11219.0	3173	0.023442375	T	GC06	Mφ_APOE	-2.5137503	1.119965
GC06T:ATGCGATTCTTGCAAG	GC06T	7429.0	2137	0.030959751	T	GC06	Mφ_THBS1	-0.3753833	-6.802056
GC06T:ATGGGAGCAAACTGTC	GC06T	4966.0	1603	0.035642367	T	GC06	Mφ_THBS1	-0.1271115	-4.6727757
GC06T:ATGTGTGAGCAGGCTA	GC06T	19729.0	3898	0.027421562	T	GC06	cDC2_CD1C	1.3799462	-1.2130221
GC06T:ATGTGTGCACGAAAGC	GC06T	16114.0	3431	0.078813456	T	GC06	Mφ_APOE	-2.7189033	-0.038470287
GC06T:ATGTGTGCATTGGTAC	GC06T	1537.0	826	0.03448276	T	GC06	Mφ_THBS1	-1.0126253	-6.0369377
GC06T:ATGTGTGTCCTCTAGC	GC06T	4748.0	1762	0.084245995	T	GC06	Mono_FCGR3A	6.064714	-2.2846718
GC06T:ATTACTCTCCCGGATG	GC06T	15434.0	3439	0.04276273	T	GC06	Mφ_APOE	-3.7161973	-1.8631847
GC06T:ATTACTCTCCCTCAGT	GC06T	25230.0	4433	0.042608008	T	GC06	Mφ_APOE	-4.0062265	-1.7235645
GC06T:ATTATCCAGAAACGCC	GC06T	4089.0	1411	0.0313035	T	GC06	Mφ_THBS1	-1.4459258	-5.695696
GC06T:ATTATCCAGGCGTACA	GC06T	4657.0	1536	0.02963281	T	GC06	Mφ_THBS1	-0.955081	-7.49449
GC06T:ATTATCCCATTTGCTT	GC06T	7281.0	2002	0.039142974	T	GC06	Mφ_THBS1	-1.5217879	-3.2365966
GC06T:ATTCTACAGTGCCAGA	GC06T	8207.0	2900	0.042768367	T	GC06	Mφ_APOE	-2.3392613	0.27572325
GC06T:ATTGGACGTGCGGTAA	GC06T	8822.0	2414	0.0455679	T	GC06	Mφ_THBS1	-1.7026883	-4.576072
GC06T:ATTGGTGCAGCCAGAA	GC06T	17171.0	3283	0.034767922	T	GC06	pDC_LILRA4	3.5267847	0.73095816
GC06T:ATTGGTGCAGGGATTG	GC06T	7406.0	2244	0.032136105	T	GC06	Mφ_THBS1	0.16955939	-5.0361867
GC06T:ATTTCTGAGCCCAATT	GC06T	9128.0	2667	0.029798422	T	GC06	pDC_LILRA4	4.325576	2.4733524
GC06T:ATTTCTGGTTGTGGAG	GC06T	954.0	664	0.011530398	T	GC06	Mφ_APOE	-1.8846289	-1.8551998
GC06T:CAACCAAGTCCGTTAA	GC06T	18746.0	3691	0.036274407	T	GC06	Mφ_APOE	-0.39274815	-1.4494096
GC06T:CAACCAATCTTTAGGG	GC06T	6777.0	1917	0.039988194	T	GC06	Mφ_THBS1	-0.75356096	-5.8754683
GC06T:CAACCTCAGATCCCGC	GC06T	8379.0	2290	0.028643036	T	GC06	Mφ_THBS1	-0.53657883	-5.071889
GC06T:CAACTAGAGCAGGTCA	GC06T	17437.0	3475	0.059241842	T	GC06	cDC1_XCR1	1.0144408	2.9948335
GC06T:CAACTAGAGGACACCA	GC06T	15265.0	3022	0.035113003	T	GC06	cDC2_CD1C	1.2173474	-2.9480817
GC06T:CAACTAGAGTTGAGAT	GC06T	8124.0	2631	0.05046775	T	GC06	Mφ_THBS1	-1.3307502	-3.7927742
GC06T:CAAGATCTCTGGTGTA	GC06T	21398.0	4140	0.049210206	T	GC06	Mφ_APOE	-3.4857602	-0.023179416
GC06T:CAAGATCTCTTTCCTC	GC06T	6724.0	2116	0.030041642	T	GC06	Mφ_THBS1	1.219689	-7.295849
GC06T:CAAGTTGAGGGTGTTG	GC06T	1609.0	807	0.04909882	T	GC06	Mφ_APOE	-1.8775313	-2.3831477
GC06T:CACAAACCACCTGGTG	GC06T	10121.0	2446	0.049204625	T	GC06	Mφ_THBS1	-2.0627916	-5.3200245
GC06T:CACAAACCAGGTGCCT	GC06T	11710.0	2787	0.052860804	T	GC06	DC_LAMP3	4.2056737	-0.5127875
GC06T:CACAAACGTCTAAACC	GC06T	14368.0	3001	0.043638643	T	GC06	Mφ_THBS1	0.8501926	-3.5047095
GC06T:CACACAACACCTCGTT	GC06T	9586.0	2581	0.029209264	T	GC06	Mφ_THBS1	-0.3842205	-4.0155764
GC06T:CACACAACATAAGACA	GC06T	20535.0	3902	0.07168249	T	GC06	Mφ_APOE	-3.8788555	-1.5081338
GC06T:CACACAATCTGCCAGG	GC06T	8643.0	2601	0.07589957	T	GC06	Mφ_APOE	-2.4191303	-1.0056853
GC06T:CACACTCAGTCGAGTG	GC06T	9272.0	2659	0.019413287	T	GC06	pDC_LILRA4	4.245135	2.4277897
GC06T:CACACTCTCGGAGCAA	GC06T	12533.0	2910	0.035187107	T	GC06	cDC2_CD1C	1.8005412	-2.1499603
GC06T:CACAGGCAGATAGCAT	GC06T	5386.0	1785	0.03267731	T	GC06	Mφ_THBS1	-1.9112391	-7.2249775
GC06T:CACAGTACAATACGCT	GC06T	8834.0	2360	0.049354766	T	GC06	Mφ_APOE	-2.354336	-2.1120925
GC06T:CACAGTATCGAATGGG	GC06T	10332.0	3066	0.04113434	T	GC06	Mφ_THBS1	-1.9797114	-4.7022176
GC06T:CACATAGGTCATATCG	GC06T	2117.0	936	0.04959849	T	GC06	Mφ_THBS1	-0.4003061	-4.399227
GC06T:CACATAGGTCTTGATG	GC06T	1087.0	627	0.034038637	T	GC06	Mφ_THBS1	-0.71120405	-5.639389
GC06T:CACATTTAGAAGGCCT	GC06T	12509.0	2810	0.040770646	T	GC06	cDC2_CD1C	1.7315155	-2.1778646
GC06T:CACATTTCAATTGCTG	GC06T	39172.0	5970	0.0666037	T	GC06	cDC2_CD1C	0.11585829	-0.3356363
GC06T:CACATTTTCCTAGTGA	GC06T	5760.0	1618	0.051909722	T	GC06	Mφ_THBS1	-2.259302	-3.7985795
GC06T:CACATTTTCTTCAACT	GC06T	4974.0	1635	0.05146763	T	GC06	Mφ_THBS1	-1.0992559	-6.232068
GC06T:CACCACTAGTGTGGCA	GC06T	9041.0	2169	0.03561553	T	GC06	Mφ_THBS1	0.19988805	-4.291364
GC06T:CACCACTGTGCGCTTG	GC06T	6915.0	1941	0.028199567	T	GC06	Mφ_THBS1	-2.1765473	-5.741601
GC06T:CACCAGGGTCCGCTGA	GC06T	14697.0	3387	0.058039054	T	GC06	Mφ_APOE	-2.7804723	-2.1036932
GC06T:CACCAGGGTCTCTTAT	GC06T	12000.0	2696	0.053666666	T	GC06	DC_LAMP3	4.657526	-0.7785637
GC06T:CACCTTGTCCGCAAGC	GC06T	7273.0	1948	0.07589716	T	GC06	Mφ_APOE	-1.905907	0.8401127
GC06T:CACTCCAAGGGAAACA	GC06T	11352.0	3478	0.0215821	T	GC06	pDC_LILRA4	5.0608954	2.7478848
GC06T:CACTCCAGTCATGCAT	GC06T	7356.0	2027	0.02365416	T	GC06	Mφ_THBS1	-1.7494656	-5.814348
GC06T:CACTCCAGTTTAGGAA	GC06T	10580.0	2716	0.05330813	T	GC06	cDC2_CD1C	0.86053824	-1.4919491
GC06T:CACTCCATCAGATAAG	GC06T	4424.0	1566	0.026898734	T	GC06	Mφ_THBS1	-1.6561509	-6.31026
GC06T:CAGAATCGTAAAGTCA	GC06T	10953.0	2760	0.05404912	T	GC06	Mφ_THBS1	-2.6696498	-3.8502493
GC06T:CAGAATCTCAACACAC	GC06T	12454.0	2828	0.04641079	T	GC06	cDC2_CD1C	2.1631567	-2.2077487
GC06T:CAGAATCTCCGAATGT	GC06T	3246.0	1288	0.040665433	T	GC06	Mφ_THBS1	0.3672643	-4.150117
GC06T:CAGAGAGTCAGGTTCA	GC06T	2765.0	1043	0.047016274	T	GC06	Mφ_THBS1	-0.9810082	-5.322971
GC06T:CAGATCATCCTGCCAT	GC06T	10236.0	2584	0.040640876	T	GC06	Mφ_THBS1	-1.2279791	-5.4049845
GC06T:CAGATCATCGGCATCG	GC06T	6098.0	1826	0.045260742	T	GC06	Mφ_THBS1	-2.6187124	-5.070677
GC06T:CAGCAGCAGAAGGACA	GC06T	1581.0	667	0.05313093	T	GC06	Mφ_THBS1	-0.10396666	-4.2724433
GC06T:CAGCAGCGTTGCTCCT	GC06T	7563.0	2085	0.03226233	T	GC06	Mφ_THBS1	0.8951512	-5.8725977
GC06T:CAGCATAAGCCAGTTT	GC06T	6880.0	2396	0.036482558	T	GC06	pDC_LILRA4	4.7494326	2.1061852
GC06T:CAGCATACAAAGTCAA	GC06T	38993.0	5940	0.05500987	T	GC06	cDC2_CD1C	0.8685066	0.96392214
GC06T:CAGCATACACGGCTAC	GC06T	4707.0	1780	0.035266623	T	GC06	Mφ_THBS1	-0.2671137	-6.6808033
GC06T:CAGCATATCTGAAAGA	GC06T	13804.0	3302	0.06454651	T	GC06	Mφ_APOE	-1.2682545	0.08011671
GC06T:CAGCGACAGGAGTTGC	GC06T	30867.0	4932	0.04908154	T	GC06	Mφ_APOE	-3.84291	-1.3976256
GC06T:CAGCGACAGGTGTTAA	GC06T	10867.0	3146	0.01877243	T	GC06	pDC_LILRA4	4.9115863	2.4810963
GC06T:CAGCGACGTACGAAAT	GC06T	12362.0	2644	0.024995955	T	GC06	cDC2_CD1C	2.2026446	-1.4364266
GC06T:CAGCTAAGTGTTAAGA	GC06T	16469.0	3579	0.07729674	T	GC06	Mφ_APOE	-3.3214893	-1.8001708
GC06T:CAGCTGGAGCTGAAAT	GC06T	815.0	481	0.073619634	T	GC06	Mφ_APOE	-0.7971009	-1.9724534
GC06T:CAGGTGCGTATTCGTG	GC06T	9123.0	2331	0.03573386	T	GC06	Mφ_THBS1	-0.6983619	-4.7986894
GC06T:CAGTAACCATCCTAGA	GC06T	7356.0	1946	0.055328984	T	GC06	Mφ_THBS1	-1.3664563	-4.9323435
GC06T:CAGTAACCATTAGGCT	GC06T	6305.0	1900	0.026169706	T	GC06	Mφ_APOE	-2.8554652	-1.9220169
GC06T:CAGTAACTCGTTGACA	GC06T	8950.0	2470	0.037653632	T	GC06	pDC_LILRA4	3.428504	0.560778
GC06T:CAGTCCTAGTTTCCTT	GC06T	4438.0	1723	0.05069851	T	GC06	Mφ_THBS1	0.4186993	-6.946835
GC06T:CAGTCCTTCACCCTCA	GC06T	5123.0	1830	0.088815145	T	GC06	Mono_CD14	2.3799415	-5.4431367
GC06T:CAGTCCTTCTAACGGT	GC06T	8454.0	2452	0.021291696	T	GC06	Mφ_THBS1	-1.3775941	-5.2856073
GC06T:CATATTCAGCTGGAAC	GC06T	3031.0	1124	0.03200264	T	GC06	Mφ_THBS1	-0.36247742	-7.5980043
GC06T:CATATTCCACCGATAT	GC06T	10753.0	2598	0.04863759	T	GC06	Mφ_THBS1	-1.0219742	-4.5789833
GC06T:CATCAGAAGTTAACGA	GC06T	12380.0	3075	0.035541195	T	GC06	Mφ_THBS1	0.26958275	-3.5781744
GC06T:CATCGGGCATGTAAGA	GC06T	5051.0	1597	0.05622649	T	GC06	Mφ_THBS1	-1.6281111	-7.046276
GC06T:CATCGGGTCTAACGGT	GC06T	5878.0	1895	0.056992173	T	GC06	Mφ_THBS1	-0.73499024	-4.1974735
GC06T:CATGACAGTCTGCCAG	GC06T	7801.0	2229	0.031662606	T	GC06	Mφ_THBS1	-1.3486193	-4.74932
GC06T:CATGCCTAGGATATAC	GC06T	15770.0	3839	0.017945467	T	GC06	pDC_LILRA4	4.8284307	2.6350703
GC06T:CATTATCAGATGGCGT	GC06T	6362.0	1957	0.02357749	T	GC06	Mφ_THBS1	-0.2558277	-4.5077243
GC06T:CATTATCGTACACCGC	GC06T	11144.0	2908	0.025125628	T	GC06	Mφ_APOE	-3.0411582	-2.05401
GC06T:CATTATCGTCCCTACT	GC06T	10391.0	2843	0.028293716	T	GC06	pDC_LILRA4	4.400302	2.7476518
GC06T:CATTATCTCTGACCTC	GC06T	6536.0	2027	0.03228274	T	GC06	Mφ_THBS1	-0.2359844	-4.7625422
GC06T:CCAATCCCAAACCCAT	GC06T	6938.0	1915	0.032718364	T	GC06	Mφ_THBS1	-2.3782644	-6.736552
GC06T:CCAATCCCAGGTGGAT	GC06T	13948.0	3131	0.04301692	T	GC06	cDC2_CD1C	1.4445353	-1.8185352
GC06T:CCAATCCCATGTTCCC	GC06T	25541.0	4550	0.05242551	T	GC06	Mφ_APOE	-1.540217	-1.1836685
GC06T:CCAATCCGTACAAGTA	GC06T	6436.0	1935	0.03464885	T	GC06	Mφ_THBS1	-2.2441108	-6.3524113
GC06T:CCAATCCGTACATGTC	GC06T	8389.0	2431	0.022529503	T	GC06	Mφ_THBS1	-0.8693753	-4.4576597
GC06T:CCACCTAGTCATGCAT	GC06T	8047.0	2444	0.023984093	T	GC06	pDC_LILRA4	4.333775	2.4894552
GC06T:CCACGGAAGAGCCCAA	GC06T	2103.0	958	0.033761293	T	GC06	pDC_LILRA4	3.5657437	1.1875056
GC06T:CCACGGAAGGGTCTCC	GC06T	19547.0	3702	0.04527549	T	GC06	cDC2_CD1C	0.27235523	0.002484302
GC06T:CCACGGAGTTACCAGT	GC06T	9298.0	2156	0.045601204	T	GC06	DC_LAMP3	4.513008	-0.99001646
GC06T:CCACTACCAAGCTGTT	GC06T	1569.0	631	0.0471638	T	GC06	Mφ_APOE	-2.1786816	-2.095263
GC06T:CCACTACCAGTTCCCT	GC06T	33743.0	4809	0.043120056	T	GC06	Mφ_APOE	-3.6440463	-1.8319782
GC06T:CCACTACGTAGCTAAA	GC06T	6515.0	2097	0.06569455	T	GC06	Mφ_THBS1	-2.2394922	-4.9202247
GC06T:CCAGCGAAGCTGCGAA	GC06T	1590.0	822	0.03018868	T	GC06	Mφ_THBS1	-0.83678424	-6.1178355
GC06T:CCAGCGATCGATGAGG	GC06T	16282.0	3782	0.06264587	T	GC06	Mφ_APOE	-1.4296663	-0.8660886
GC06T:CCATGTCAGCGCTTAT	GC06T	11672.0	2430	0.035897877	T	GC06	cDC2_CD1C	2.3751569	-2.243097
GC06T:CCATGTCCATGGTAGG	GC06T	12385.0	2912	0.0473153	T	GC06	Mφ_THBS1	0.5861801	-5.576405
GC06T:CCATGTCGTCTTCAAG	GC06T	1418.0	766	0.049365304	T	GC06	Mφ_THBS1	-1.2384382	-6.3110094
GC06T:CCATGTCGTGCACTTA	GC06T	3445.0	1264	0.036865022	T	GC06	Mφ_THBS1	-0.8570773	-5.085745
GC06T:CCATGTCTCGAACGGA	GC06T	8157.0	2247	0.018634303	T	GC06	pDC_LILRA4	4.4948163	1.7836009
GC06T:CCATTCGCATCAGTAC	GC06T	8600.0	2382	0.035465118	T	GC06	Mφ_THBS1	-1.8432868	-4.250184
GC06T:CCCAGTTGTTAGTGGG	GC06T	3658.0	1159	0.06533625	T	GC06	Mφ_THBS1	0.27536485	-5.1914062
GC06T:CCCTCCTTCTGCCAGG	GC06T	17757.0	3039	0.026017908	T	GC06	DC_LAMP3	3.595542	-0.8633219
GC06T:CCGGGATCAATGTTGC	GC06T	7189.0	2327	0.034914453	T	GC06	Mφ_THBS1	-2.3999426	-4.230796
GC06T:CCGTACTTCGGTTCGG	GC06T	5531.0	1974	0.039775807	T	GC06	Mφ_THBS1	-1.0345205	-4.7107406
GC06T:CCGTTCACATCGACGC	GC06T	4527.0	1537	0.01811354	T	GC06	Mφ_THBS1	-1.2021389	-6.5070524
GC06T:CCTAAAGTCCTGCAGG	GC06T	37122.0	5159	0.05409191	T	GC06	Mφ_APOE	-3.7012	-1.7127546
GC06T:CCTACACCAGATCTGT	GC06T	7537.0	2186	0.049754545	T	GC06	Mφ_THBS1	-2.050849	-5.750023
GC06T:CCTACACGTAGATTAG	GC06T	8010.0	2377	0.047690388	T	GC06	Mφ_THBS1	-2.5270722	-5.878899
GC06T:CCTAGCTAGTATGACA	GC06T	14942.0	3460	0.066523895	T	GC06	cDC2_CD1C	1.8107024	-0.15329577
GC06T:CCTAGCTTCGCGGATC	GC06T	9659.0	2336	0.05114401	T	GC06	Mφ_THBS1	-0.91145843	-5.902163
GC06T:CCTATTACACATAACC	GC06T	7625.0	2021	0.04786885	T	GC06	cDC2_CD1C	2.2734425	-2.3789299
GC06T:CCTATTATCCCAAGAT	GC06T	8637.0	2457	0.04909112	T	GC06	Mφ_THBS1	0.41186967	-4.1328316
GC06T:CCTCAGTGTCTCGTTC	GC06T	7056.0	2034	0.04053288	T	GC06	cDC2_CD1C	0.53428215	-3.4061136
GC06T:CCTCAGTTCGAATGCT	GC06T	9924.0	2511	0.041414753	T	GC06	Mφ_THBS1	-1.9965357	-5.881543
GC06T:CCTCTGAAGATATGGT	GC06T	8411.0	2393	0.03340863	T	GC06	Mφ_THBS1	-1.1574956	-5.3119006
GC06T:CCTCTGAAGTCATGCT	GC06T	3815.0	1370	0.08178244	T	GC06	Mφ_APOE	-0.65398306	-2.9750822
GC06T:CCTTACGAGTTGTCGT	GC06T	7546.0	1828	0.037768353	T	GC06	Mφ_THBS1	1.0660434	-6.3906803
GC06T:CCTTACGTCGCGATCG	GC06T	2793.0	1170	0.027210884	T	GC06	Mφ_APOE	-2.0251427	-2.2591515
GC06T:CCTTCCCAGACGCAAC	GC06T	7261.0	2274	0.03594546	T	GC06	Mφ_THBS1	-1.6565123	-7.00672
GC06T:CCTTCCCCACCCAGTG	GC06T	3685.0	1445	0.027679782	T	GC06	Mφ_THBS1	-2.033586	-6.7194858
GC06T:CCTTCGATCTTATCTG	GC06T	14788.0	2995	0.048147146	T	GC06	cDC2_CD1C	2.4189904	-2.5639992
GC06T:CCTTTCTCATCTATGG	GC06T	15306.0	3332	0.045015026	T	GC06	Mφ_APOE	-2.6327522	-2.203167
GC06T:CCTTTCTCATGTAGTC	GC06T	13702.0	3635	0.04780324	T	GC06	pDC_LILRA4	4.7183204	2.1440687
GC06T:CCTTTCTTCACCTCGT	GC06T	13431.0	3334	0.03335567	T	GC06	Mφ_THBS1	-1.9457506	-5.5670195
GC06T:CGAACATAGAGCCCAA	GC06T	10298.0	2681	0.012429598	T	GC06	pDC_LILRA4	4.3895535	2.2660213
GC06T:CGAACATTCATTATCC	GC06T	8109.0	2462	0.034529533	T	GC06	Mφ_THBS1	-0.4182934	-6.128627
GC06T:CGAATGTCAATAACGA	GC06T	18566.0	3824	0.045621026	T	GC06	cDC2_CD1C	2.2250807	-1.6129858
GC06T:CGACCTTCAATAGCAA	GC06T	2808.0	1249	0.016737891	T	GC06	Mφ_THBS1	-1.4097636	-6.4091067
GC06T:CGACCTTCATCAGTAC	GC06T	17798.0	3439	0.027531182	T	GC06	pDC_LILRA4	3.3938303	0.569186
GC06T:CGACTTCAGTCAATAG	GC06T	10080.0	2521	0.03045635	T	GC06	Mφ_THBS1	-0.52781063	-5.620633
GC06T:CGACTTCGTGTCTGAT	GC06T	16922.0	3779	0.04568018	T	GC06	cDC2_CD1C	0.6599763	0.47573718
GC06T:CGAGAAGGTAGGCTGA	GC06T	11461.0	2588	0.05191519	T	GC06	Mφ_THBS1	-1.3977673	-7.323423
GC06T:CGATCGGAGCGATCCC	GC06T	2995.0	1169	0.022036728	T	GC06	pDC_LILRA4	3.6076272	1.084013
GC06T:CGATCGGTCGGCGGTT	GC06T	3081.0	1053	0.023369037	T	GC06	Mφ_THBS1	-0.2809342	-5.1003175
GC06T:CGATGTAAGCTACCGC	GC06T	5165.0	1722	0.03620523	T	GC06	Mφ_THBS1	-1.5339682	-4.9575315
GC06T:CGCCAAGTCGATAGAA	GC06T	867.0	554	0.019607844	T	GC06	Mφ_APOE	-2.699726	-1.7729812
GC06T:CGCCAAGTCTGTCTAT	GC06T	7391.0	2220	0.06264376	T	GC06	Mφ_THBS1	-0.040332716	-3.7352228
GC06T:CGCGTTTGTTAAAGTG	GC06T	957.0	510	0.043887146	T	GC06	Mφ_THBS1	-1.3439806	-5.0098495
GC06T:CGCGTTTTCAGGATCT	GC06T	14230.0	3120	0.03991567	T	GC06	cDC2_CD1C	1.3630226	-3.1131961
GC06T:CGCTATCAGATCCCAT	GC06T	5625.0	1783	0.032533333	T	GC06	Mφ_THBS1	-0.91504014	-4.929984
GC06T:CGCTATCAGCAGGCTA	GC06T	5034.0	1795	0.031187922	T	GC06	Mφ_THBS1	-0.57943666	-6.0825467
GC06T:CGCTATCAGTTGTCGT	GC06T	5735.0	1943	0.03417611	T	GC06	Mφ_THBS1	-2.1022544	-3.6462865
GC06T:CGCTATCTCACCGTAA	GC06T	915.0	557	0.0010928962	T	GC06	Mφ_APOE	-2.1784828	-1.392091
GC06T:CGCTTCAAGCCCAACC	GC06T	757.0	510	0.00660502	T	GC06	Mφ_APOE	-0.8480903	-1.8416579
GC06T:CGCTTCAAGGCTAGAC	GC06T	11170.0	3183	0.024977619	T	GC06	pDC_LILRA4	4.868914	2.912518
GC06T:CGCTTCATCAGCAACT	GC06T	982.0	544	0.00203666	T	GC06	cDC2_CD1C	0.2710753	-1.3205068
GC06T:CGGACACGTATAGGTA	GC06T	15475.0	3739	0.040387724	T	GC06	Mφ_APOE	-2.7963858	0.64989066
GC06T:CGGACACGTTAGTGGG	GC06T	13935.0	2909	0.03530678	T	GC06	cDC2_CD1C	1.7611042	-3.4287376
GC06T:CGGACACTCGTACGGC	GC06T	9245.0	2776	0.02120065	T	GC06	pDC_LILRA4	4.697775	2.86901
GC06T:CGGACGTGTAAGGGAA	GC06T	3849.0	1358	0.030917121	T	GC06	Mφ_THBS1	-0.5216005	-5.2279334
GC06T:CGGACGTGTCTTCTCG	GC06T	7330.0	1964	0.026739428	T	GC06	Mφ_THBS1	-1.3559715	-6.6456456
GC06T:CGGACGTGTTACAGAA	GC06T	8061.0	2454	0.043542985	T	GC06	Mφ_APOE	-2.5618804	-1.5492496
GC06T:CGGACTGAGCTAGTCT	GC06T	7499.0	2172	0.044805974	T	GC06	pDC_LILRA4	3.6194515	1.0993478
GC06T:CGGACTGCACCGAATT	GC06T	4537.0	1539	0.032841083	T	GC06	Mφ_THBS1	-1.9942218	-5.341708
GC06T:CGGACTGCAGCCACCA	GC06T	819.0	477	0.020757021	T	GC06	Mφ_APOE	-1.7257775	-1.8326322
GC06T:CGGACTGGTAGCAAAT	GC06T	8334.0	2295	0.052435804	T	GC06	Mφ_THBS1	-0.8098577	-6.47708
GC06T:CGGAGCTCAGGTGCCT	GC06T	5656.0	1895	0.032531824	T	GC06	Mφ_THBS1	-1.7762887	-4.929702
GC06T:CGGAGCTCATGAGCGA	GC06T	14463.0	3488	0.07529558	T	GC06	cDC2_CD1C	1.828357	-0.26902425
GC06T:CGGAGTCGTTCGTTGA	GC06T	18864.0	4039	0.023589907	T	GC06	Mφ_APOE	-3.8241057	-1.4207386
GC06T:CGGAGTCTCCACGACG	GC06T	4236.0	1501	0.038007554	T	GC06	Mφ_THBS1	-1.5635667	-4.9390273
GC06T:CGGCTAGGTTAAGACA	GC06T	537.0	358	0.009310987	T	GC06	Mφ_APOE	-0.5654574	-1.9934429
GC06T:CGGCTAGGTTGAGTTC	GC06T	3032.0	1149	0.037598945	T	GC06	Mφ_THBS1	0.36877266	-6.747101
GC06T:CGGCTAGTCCCTCTTT	GC06T	13739.0	3201	0.03544654	T	GC06	cDC2_CD1C	1.7525465	-2.1377704
GC06T:CGGGTCATCTGGCGTG	GC06T	9685.0	2391	0.035105832	T	GC06	Mφ_THBS1	0.041282307	-4.6194386
GC06T:CGGTTAACAGTAAGAT	GC06T	7868.0	2272	0.017666496	T	GC06	pDC_LILRA4	4.5397615	2.045617
GC06T:CGGTTAAGTTCCGGCA	GC06T	4059.0	1532	0.043853167	T	GC06	pDC_LILRA4	4.8834667	2.1786017
GC06T:CGTAGCGGTCGCGGTT	GC06T	17355.0	3579	0.046211466	T	GC06	Mφ_APOE	-2.3623705	-0.72170115
GC06T:CGTCACTAGCTTCGCG	GC06T	1407.0	623	0.031982943	T	GC06	Mφ_THBS1	-0.4994646	-5.2519794
GC06T:CGTCACTGTAAATGTG	GC06T	5656.0	2232	0.08292079	T	GC06	cDC2_CD1C	1.975096	0.073650986
GC06T:CGTCAGGAGCCAGAAC	GC06T	6608.0	1870	0.04464286	T	GC06	Mφ_THBS1	-2.574639	-4.871706
GC06T:CGTCAGGAGGCAGGTT	GC06T	7905.0	2525	0.038456675	T	GC06	Mφ_THBS1	-1.9209291	-5.925301
GC06T:CGTCAGGCACGTGAGA	GC06T	11009.0	3026	0.030157143	T	GC06	pDC_LILRA4	4.705298	2.5902
GC06T:CGTCAGGGTACAGTGG	GC06T	1881.0	915	0.059542798	T	GC06	Mφ_THBS1	-1.5591881	-4.0533543
GC06T:CGTCCATGTGACTACT	GC06T	7298.0	2177	0.03603727	T	GC06	Mφ_APOE	-2.7911901	-2.0583296
GC06T:CGTCCATTCACTCCTG	GC06T	12786.0	2803	0.03018927	T	GC06	cDC2_CD1C	2.026166	-2.896653
GC06T:CGTCTACCAGCCTTTC	GC06T	3974.0	1372	0.034474082	T	GC06	Mφ_THBS1	-0.88365066	-5.64912
GC06T:CGTCTACCAGTCAGAG	GC06T	13348.0	2930	0.04697333	T	GC06	cDC2_CD1C	1.6909795	-2.1437268
GC06T:CGTGAGCAGACTGGGT	GC06T	17802.0	3574	0.040444896	T	GC06	cDC2_CD1C	-0.16313134	-1.483266
GC06T:CGTGAGCAGCCATCGC	GC06T	9206.0	2442	0.031066695	T	GC06	Mφ_THBS1	-1.7254217	-5.8014116
GC06T:CGTGAGCGTTTGTTGG	GC06T	11060.0	2609	0.034810126	T	GC06	cDC2_CD1C	2.2278748	-1.771993
GC06T:CGTGTAAAGTGTACGG	GC06T	4938.0	1571	0.049210206	T	GC06	Mφ_THBS1	1.2102029	-4.5736217
GC06T:CGTGTAATCATACGGT	GC06T	8492.0	2504	0.041568536	T	GC06	Mφ_THBS1	0.23825349	-3.5416965
GC06T:CGTGTCTAGCTGCAAG	GC06T	8005.0	2562	0.026983136	T	GC06	pDC_LILRA4	4.789611	2.2800562
GC06T:CGTGTCTTCTGGCGAC	GC06T	2989.0	1214	0.020742724	T	GC06	Mφ_THBS1	-0.99450856	-6.2487197
GC06T:CGTTAGAAGCACACAG	GC06T	17640.0	3646	0.041609976	T	GC06	cDC2_CD1C	0.8810238	-2.1712768
GC06T:CGTTAGAAGGAGTCTG	GC06T	4680.0	1720	0.036324788	T	GC06	Mφ_THBS1	-0.3985807	-6.1728926
GC06T:CGTTCTGCAAGCGCTC	GC06T	12378.0	3319	0.04136371	T	GC06	cDC2_CD1C	1.6362188	0.66310966
GC06T:CGTTCTGCATTGTGCA	GC06T	2242.0	939	0.05530776	T	GC06	cDC2_CD1C	0.5691157	-2.599665
GC06T:CGTTCTGGTGGCCCTA	GC06T	8230.0	2435	0.043134872	T	GC06	Mφ_THBS1	-1.0480572	-2.9575958
GC06T:CGTTCTGGTGTGACGA	GC06T	9396.0	2369	0.039697744	T	GC06	Mφ_THBS1	-1.2749492	-6.082248
GC06T:CGTTGGGAGTTGAGAT	GC06T	9813.0	2414	0.05839193	T	GC06	Mφ_THBS1	-1.6493355	-5.9940844
GC06T:CGTTGGGCATCCAACA	GC06T	7127.0	2101	0.03002666	T	GC06	Mφ_THBS1	-1.6830691	-6.3595877
GC06T:CGTTGGGTCGTCGTTC	GC06T	4549.0	1658	0.036931194	T	GC06	Mφ_THBS1	-2.3234851	-4.9388843
GC06T:CTAACTTAGCCCAACC	GC06T	1118.0	582	0.08676208	T	GC06	Mφ_APOE	-1.7947696	-0.98830456
GC06T:CTAACTTTCCTGCCAT	GC06T	9761.0	2669	0.045999385	T	GC06	Mφ_THBS1	-1.272501	-4.917571
GC06T:CTAAGACTCTGACCTC	GC06T	16325.0	3625	0.039203674	T	GC06	DC_LAMP3	4.9744334	-0.65912145
GC06T:CTACACCAGACTTGAA	GC06T	13462.0	3608	0.032684594	T	GC06	pDC_LILRA4	4.7330093	2.2970846
GC06T:CTACACCGTGACAAAT	GC06T	4874.0	1568	0.025441116	T	GC06	Mφ_THBS1	-1.4640032	-6.6797323
GC06T:CTACACCGTTAGGGTG	GC06T	22964.0	4127	0.02699878	T	GC06	cDC2_CD1C	0.9279449	-1.6378872
GC06T:CTACATTAGTTAGCGG	GC06T	13732.0	3448	0.040926304	T	GC06	pDC_LILRA4	4.431278	1.9831593
GC06T:CTACATTGTAGGCTGA	GC06T	2725.0	997	0.05614679	T	GC06	Mφ_THBS1	-1.3488412	-6.6373935
GC06T:CTACGTCAGAGCTGGT	GC06T	16458.0	3935	0.030319601	T	GC06	Mφ_APOE	-2.0394042	-2.0118783
GC06T:CTACGTCGTCTAGTCA	GC06T	9935.0	2618	0.037342727	T	GC06	cDC2_CD1C	0.073835924	-3.2261193
GC06T:CTAGAGTGTGAGGGAG	GC06T	4502.0	1684	0.09884496	T	GC06	Mφ_APOE	-3.071302	-1.9172177
GC06T:CTAGAGTTCTTGAGGT	GC06T	5924.0	1883	0.04338285	T	GC06	Mφ_THBS1	-1.7212871	-6.894789
GC06T:CTAGCCTAGTTAACGA	GC06T	33633.0	5197	0.043826003	T	GC06	Mφ_APOE	-3.9450889	-1.4971203
GC06T:CTAGCCTCAATACGCT	GC06T	8996.0	2700	0.024899956	T	GC06	pDC_LILRA4	4.6077437	2.535735
GC06T:CTAGCCTGTTTCCACC	GC06T	8343.0	2296	0.018099004	T	GC06	Mono_FCGR3A	4.756363	-2.8750741
GC06T:CTAGTGAAGGGCACTA	GC06T	13340.0	3221	0.03635682	T	GC06	Mφ_APOE	-3.5608635	-0.8847961
GC06T:CTAGTGAGTGTCCTCT	GC06T	5295.0	1653	0.03796034	T	GC06	Mφ_THBS1	-0.20463908	-5.5347276
GC06T:CTCACACCAATAGAGT	GC06T	19276.0	3914	0.034187593	T	GC06	cDC2_CD1C	2.7068396	-1.0614685
GC06T:CTCACACCATTGTGCA	GC06T	7224.0	2083	0.042774085	T	GC06	Mφ_THBS1	-1.7996916	-5.275603
GC06T:CTCACACGTTGGAGGT	GC06T	8638.0	2221	0.032530677	T	GC06	Mφ_THBS1	-1.5385538	-5.7619996
GC06T:CTCAGAAAGAGCTATA	GC06T	12321.0	2953	0.04301599	T	GC06	cDC2_CD1C	1.406464	-2.4088707
GC06T:CTCAGAACACAGGAGT	GC06T	11495.0	2627	0.028708134	T	GC06	Mφ_THBS1	-1.7191218	-7.1186776
GC06T:CTCAGAATCTACCTGC	GC06T	8686.0	2817	0.032581165	T	GC06	pDC_LILRA4	4.837996	2.5931404
GC06T:CTCATTACAGACAAAT	GC06T	4242.0	1464	0.051390853	T	GC06	Mφ_APOE	-3.0300052	-1.5689468
GC06T:CTCCTAGAGATGTTAG	GC06T	5520.0	1922	0.07137681	T	GC06	Mφ_APOE	-1.8008603	-0.06094241
GC06T:CTCCTAGAGGCATGGT	GC06T	10359.0	2521	0.038131095	T	GC06	Mφ_THBS1	-1.7706718	-6.4779625
GC06T:CTCCTAGAGTAATCCC	GC06T	8145.0	2403	0.017556783	T	GC06	pDC_LILRA4	4.1853414	1.8653438
GC06T:CTCCTAGCAAGTTCTG	GC06T	9251.0	2663	0.055777755	T	GC06	Mφ_THBS1	-2.1030724	-4.6801515
GC06T:CTCGAAAGTATGAAAC	GC06T	3285.0	1209	0.034398783	T	GC06	Mφ_THBS1	-1.8207142	-6.1242995
GC06T:CTCGAAAGTCCGTGAC	GC06T	15088.0	2437	0.031747084	T	GC06	DC_LAMP3	4.362232	-0.6951981
GC06T:CTCGAAAGTTCGTGAT	GC06T	5113.0	1701	0.05417563	T	GC06	Mφ_THBS1	-0.16528831	-4.447733
GC06T:CTCGAAATCCTAAGTG	GC06T	11605.0	2606	0.04532529	T	GC06	Mφ_THBS1	-0.73663986	-4.0825315
GC06T:CTCGAAATCTGCCCTA	GC06T	18452.0	3486	0.03007804	T	GC06	Mφ_APOE	0.23603031	-2.0751116
GC06T:CTCGAGGCACTGAAGG	GC06T	10383.0	2710	0.02715978	T	GC06	pDC_LILRA4	4.4479094	1.9489346
GC06T:CTCGAGGGTGGTCCGT	GC06T	6081.0	1813	0.046373952	T	GC06	Mφ_THBS1	-1.3675077	-5.4207335
GC06T:CTCGAGGTCACTGGGC	GC06T	17304.0	3724	0.0373902	T	GC06	Mφ_APOE	-1.8403287	-2.3313603
GC06T:CTCGGAGTCACCGGGT	GC06T	8418.0	2113	0.050249465	T	GC06	Mφ_THBS1	-1.4271616	-6.1996183
GC06T:CTCGGGATCTATCCCG	GC06T	21123.0	3919	0.038346827	T	GC06	Mφ_APOE	-3.7531555	0.11281219
GC06T:CTCGTCACATGTAAGA	GC06T	9904.0	2895	0.020698708	T	GC06	pDC_LILRA4	5.06069	2.5562785
GC06T:CTCTAATCACTGCCAG	GC06T	728.0	492	0.0041208793	T	GC06	Mφ_APOE	-0.5733002	-1.6323849
GC06T:CTCTGGTAGGATGCGT	GC06T	24869.0	4505	0.04688568	T	GC06	Mφ_APOE	-2.8692813	-1.0337341
GC06T:CTGAAACAGCTAACAA	GC06T	6019.0	2003	0.028576175	T	GC06	pDC_LILRA4	4.295221	2.0766692
GC06T:CTGAAACGTACCGTTA	GC06T	13016.0	3224	0.0862016	T	GC06	Mφ_APOE	-3.36864	-1.3893479
GC06T:CTGAAACGTTCGGCAC	GC06T	3116.0	1062	0.058408216	T	GC06	DC_LAMP3	4.0694604	-1.2260025
GC06T:CTGAAACGTTGACGTT	GC06T	9060.0	2272	0.026821192	T	GC06	pDC_LILRA4	4.0425606	1.6382433
GC06T:CTGAAACGTTGTCTTT	GC06T	3667.0	1217	0.036814835	T	GC06	cDC2_CD1C	1.4997611	-3.6528518
GC06T:CTGAAACTCTGGGCCA	GC06T	4937.0	1635	0.024913915	T	GC06	pDC_LILRA4	4.0141716	1.6717491
GC06T:CTGAAGTAGCGGATCA	GC06T	8356.0	2616	0.034825277	T	GC06	pDC_LILRA4	4.1469197	2.3043902
GC06T:CTGAAGTCAAGTAGTA	GC06T	3195.0	1401	0.045383412	T	GC06	Mφ_APOE	-2.4497766	-0.18407875
GC06T:CTGAAGTTCGCCCTTA	GC06T	13421.0	2847	0.03196483	T	GC06	Mφ_THBS1	0.76885754	-3.7873068
GC06T:CTGATAGCACAACTGT	GC06T	8663.0	2210	0.060717996	T	GC06	cDC2_CD1C	1.841096	-2.6222935
GC06T:CTGATCCCAATAGAGT	GC06T	8340.0	2375	0.03944844	T	GC06	Mφ_THBS1	-2.362321	-4.721225
GC06T:CTGCCTAAGGATGGAA	GC06T	8578.0	2788	0.023315458	T	GC06	pDC_LILRA4	5.0634828	2.5233479
GC06T:CTGCCTACAAGGTTTC	GC06T	23509.0	4782	0.05189502	T	GC06	Mφ_APOE	-1.3794773	-0.4985082
GC06T:CTGCCTACACACAGAG	GC06T	5324.0	1604	0.02892562	T	GC06	Mφ_THBS1	-1.671263	-5.444241
GC06T:CTGCCTAGTAACGACG	GC06T	10922.0	2932	0.046694744	T	GC06	Mφ_APOE	-3.0380168	-2.3111258
GC06T:CTGCTGTCATCCGTGG	GC06T	12458.0	3267	0.019746348	T	GC06	Mφ_THBS1	-1.7403592	-3.9312994
GC06T:CTGTGCTGTAGCTTGT	GC06T	7561.0	2605	0.021954767	T	GC06	pDC_LILRA4	4.799638	2.3541763
GC06T:CTGTGCTGTCGGCTCA	GC06T	12525.0	2936	0.03257485	T	GC06	cDC2_CD1C	1.3022738	-0.9334632
GC06T:CTGTGCTGTTCCCGAG	GC06T	31255.0	4721	0.03401056	T	GC06	Mφ_APOE	-3.95728	0.25039968
GC06T:CTGTGCTTCAGCTTAG	GC06T	9840.0	2789	0.044918697	T	GC06	Mφ_THBS1	-1.9492097	-5.4200406
GC06T:CTGTGCTTCCGTAGGC	GC06T	4816.0	1609	0.022840532	T	GC06	Mφ_THBS1	-0.79657024	-7.300596
GC06T:CTGTTTAAGAGAGCTC	GC06T	14308.0	3305	0.049273133	T	GC06	DC_LAMP3	4.641767	-0.75885934
GC06T:CTGTTTAAGTTGAGAT	GC06T	16931.0	3723	0.065973654	T	GC06	Mφ_APOE	-3.610684	-0.6173545
GC06T:CTGTTTACATGTCTCC	GC06T	7482.0	2164	0.042101044	T	GC06	pDC_LILRA4	4.3104596	1.7873187
GC06T:CTGTTTAGTCCTAGCG	GC06T	12813.0	2981	0.06914852	T	GC06	Mφ_APOE	-3.2768617	-0.67581946
GC06T:CTTACCGGTAAGGGCT	GC06T	22557.0	3997	0.035731703	T	GC06	Mφ_APOE	-3.502193	-1.7739061
GC06T:CTTACCGTCACATACG	GC06T	7813.0	2184	0.038781516	T	GC06	Mφ_THBS1	-1.9405344	-6.2446012
GC06T:CTTAGGAAGCGTCAAG	GC06T	6238.0	1721	0.04504649	T	GC06	Mφ_THBS1	1.2456459	-4.6766477
GC06T:CTTAGGAAGTGAAGTT	GC06T	18093.0	4162	0.06367103	T	GC06	Mφ_APOE	-2.1952987	0.073595025
GC06T:CTTAGGACATCACCCT	GC06T	10369.0	3179	0.03076478	T	GC06	pDC_LILRA4	4.588515	2.8198757
GC06T:CTTAGGAGTCCAGTTA	GC06T	13134.0	2940	0.04210446	T	GC06	Mφ_THBS1	-0.110457234	-5.578558
GC06T:CTTAGGATCGAATCCA	GC06T	11278.0	2675	0.041142046	T	GC06	Mφ_THBS1	-0.26814497	-4.9508386
GC06T:CTTAGGATCGCCATAA	GC06T	5504.0	1650	0.04451308	T	GC06	Mφ_APOE	-1.4442974	-2.5466487
GC06T:CTTCTCTCAAATCCGT	GC06T	29908.0	4823	0.059783336	T	GC06	Mφ_APOE	-3.3663065	0.78772116
GC06T:CTTCTCTTCGATGAGG	GC06T	5179.0	1793	0.020081097	T	GC06	Mφ_THBS1	-2.382208	-6.4553614
GC06T:CTTGGCTTCTGTGCAA	GC06T	1309.0	498	0.0053475937	T	GC06	DC_LAMP3	3.692846	-1.3762195
GC06T:CTTTGCGAGATATGCA	GC06T	2595.0	953	0.044315994	T	GC06	Mφ_THBS1	-1.7142891	-7.0032096
GC06T:CTTTGCGCATCACGTA	GC06T	12771.0	2852	0.03719364	T	GC06	Mφ_APOE	-3.003947	-2.7330832
GC06T:CTTTGCGTCCAAAGTC	GC06T	14948.0	3257	0.043216486	T	GC06	DC_LAMP3	4.1508946	-0.83079726
GC06T:GAAACTCAGAGCTTCT	GC06T	15507.0	3622	0.043464243	T	GC06	pDC_LILRA4	3.1727738	0.2670547
GC06T:GAAACTCAGGTGCACA	GC06T	6628.0	2017	0.03862402	T	GC06	Mφ_THBS1	-2.2926538	-5.288076
GC06T:GAAACTCCAGCCACCA	GC06T	10331.0	2482	0.042783853	T	GC06	Mφ_THBS1	-0.29543364	-5.064509
GC06T:GAAACTCTCTGAGTGT	GC06T	8320.0	2537	0.030168269	T	GC06	pDC_LILRA4	4.580647	2.2699494
GC06T:GAAATGACAAGGTTTC	GC06T	11234.0	2619	0.051985044	T	GC06	cDC2_CD1C	2.5033383	-2.4509146
GC06T:GAACATCGTAGAAAGG	GC06T	2858.0	1159	0.060181946	T	GC06	pDC_LILRA4	3.717075	1.2353733
GC06T:GAACATCTCAACACGT	GC06T	10249.0	3183	0.01609913	T	GC06	pDC_LILRA4	4.754355	2.3979695
GC06T:GAACCTACATAGTAAG	GC06T	3775.0	1406	0.050860927	T	GC06	cDC2_CD1C	1.2900945	-3.4537523
GC06T:GAACCTAGTCCAAGTT	GC06T	20720.0	3778	0.03576255	T	GC06	Mφ_APOE	-3.4013238	-1.3498931
GC06T:GAACCTATCCGCGGTA	GC06T	15214.0	2571	0.03273301	T	GC06	cDC2_CD1C	1.5319803	-2.6962578
GC06T:GAACGGACATACGCTA	GC06T	7154.0	2011	0.06318144	T	GC06	Mφ_THBS1	-0.83087677	-5.8886604
GC06T:GAACGGAGTAATCGTC	GC06T	847.0	505	0.03305785	T	GC06	Mφ_THBS1	-0.33482108	-5.572777
GC06T:GAACGGAGTAGGCATG	GC06T	2236.0	971	0.034883723	T	GC06	Mφ_THBS1	-0.90029174	-6.808196
GC06T:GAAGCAGAGACAATAC	GC06T	24045.0	4533	0.04807652	T	GC06	Mφ_APOE	-3.6313598	-1.8861095
GC06T:GAATAAGTCCGTAGGC	GC06T	3771.0	1664	0.066295415	T	GC06	Mφ_APOE	-1.9758099	0.27106902
GC06T:GACACGCCACTTAAGC	GC06T	7622.0	2170	0.050511677	T	GC06	Mφ_THBS1	0.76243734	-4.5159364
GC06T:GACACGCTCACAGGCC	GC06T	1118.0	614	0.0026833632	T	GC06	Mφ_APOE	-2.044262	-1.9253663
GC06T:GACACGCTCTTGCAAG	GC06T	11346.0	2812	0.04477349	T	GC06	Mφ_THBS1	1.0265896	-5.8169374
GC06T:GACAGAGCACGAAGCA	GC06T	12964.0	3122	0.03401728	T	GC06	pDC_LILRA4	3.4351687	0.5343132
GC06T:GACAGAGGTACTCAAC	GC06T	1694.0	837	0.03364817	T	GC06	Mφ_THBS1	0.19930533	-6.24669
GC06T:GACAGAGGTAGCGTCC	GC06T	5226.0	1764	0.04936854	T	GC06	Mφ_THBS1	-1.255974	-4.939024
GC06T:GACAGAGTCAGCGATT	GC06T	8860.0	2465	0.03724605	T	GC06	pDC_LILRA4	4.359854	1.9988716
GC06T:GACCAATAGTCTCAAC	GC06T	13197.0	3680	0.033871334	T	GC06	pDC_LILRA4	4.731182	2.161136
GC06T:GACCAATCAGCTCCGA	GC06T	4769.0	1568	0.05682533	T	GC06	Mφ_THBS1	-1.0444641	-4.7777543
GC06T:GACCAATGTAATCACC	GC06T	936.0	502	0.051282052	T	GC06	Mφ_THBS1	-0.062836975	-5.6095347
GC06T:GACCTGGCATGGATGG	GC06T	19499.0	3033	0.035335146	T	GC06	DC_LAMP3	4.9323783	-0.35902098
GC06T:GACCTGGCATTGTGCA	GC06T	15310.0	3216	0.026714565	T	GC06	cDC1_XCR1	1.4260763	2.571077
GC06T:GACCTGGGTATGCTTG	GC06T	11701.0	3248	0.027519016	T	GC06	cDC2_CD1C	2.6352148	-1.0321704
GC06T:GACGTGCAGGTGCTAG	GC06T	7942.0	2365	0.031981867	T	GC06	Mφ_THBS1	-1.2792468	-4.8088183
GC06T:GACGTGCCATATGGTC	GC06T	12113.0	2389	0.046891768	T	GC06	cDC2_CD1C	1.299596	-3.480302
GC06T:GACGTGCTCAGAGGTG	GC06T	18928.0	2689	0.04881657	T	GC06	DC_LAMP3	4.452581	-0.6163732
GC06T:GACGTGCTCTTAACCT	GC06T	6195.0	2098	0.03970944	T	GC06	Mφ_APOE	-2.6353126	-1.1727405
GC06T:GACTACACAGCGATCC	GC06T	3706.0	1370	0.030491095	T	GC06	Mφ_THBS1	-2.5678413	-5.3157964
GC06T:GACTACACATTGGTAC	GC06T	4821.0	1629	0.047085665	T	GC06	Mφ_APOE	-1.1758605	-2.8548393
GC06T:GACTACAGTTCATGGT	GC06T	1294.0	638	0.04018547	T	GC06	Mφ_THBS1	0.1597788	-5.4280944
GC06T:GACTGCGCAAGACGTG	GC06T	7394.0	2267	0.024749797	T	GC06	pDC_LILRA4	4.3650246	2.1322474
GC06T:GACTGCGCATCACGAT	GC06T	20097.0	3531	0.02920834	T	GC06	cDC2_CD1C	2.2421896	-1.6538486
GC06T:GAGCAGACAACGCACC	GC06T	18714.0	3441	0.041840333	T	GC06	Mφ_APOE	-2.9694686	-1.8055338
GC06T:GAGCAGATCATAAAGG	GC06T	13771.0	3498	0.04001162	T	GC06	cDC2_CD1C	1.9815608	-1.8939807
GC06T:GAGGTGAAGAGGTTGC	GC06T	9819.0	3054	0.053671453	T	GC06	Mφ_APOE	-3.186514	-0.27631742
GC06T:GAGTCCGTCCGCATAA	GC06T	28469.0	4399	0.04432892	T	GC06	Mφ_APOE	-3.523367	0.24103223
GC06T:GATCAGTCACATCCAA	GC06T	53723.0	6351	0.036688197	T	GC06	Mφ_APOE	-3.1060612	-1.350313
GC06T:GATCGATAGGCCGAAT	GC06T	5912.0	1989	0.03230717	T	GC06	Mφ_THBS1	-1.6058426	-6.059585
GC06T:GATCGATGTGGTCTCG	GC06T	7802.0	2551	0.022430146	T	GC06	pDC_LILRA4	4.684936	2.5643957
GC06T:GATCGTATCGCTAGCG	GC06T	16874.0	3730	0.041365415	T	GC06	cDC2_CD1C	1.5981263	-0.48323402
GC06T:GATCTAGCATTTGCCC	GC06T	11782.0	2670	0.024444068	T	GC06	cDC2_CD1C	0.6380742	-3.626292
GC06T:GATGAAAGTATAGGGC	GC06T	5359.0	1775	0.08173167	T	GC06	Mφ_THBS1	-0.8055772	-4.0920305
GC06T:GATGAAAGTGTTGAGG	GC06T	9214.0	2336	0.032125026	T	GC06	Mφ_THBS1	-1.2105724	-5.593637
GC06T:GATGAAAGTTCCAACA	GC06T	3491.0	1143	0.06215984	T	GC06	Mφ_THBS1	-1.8822404	-6.683286
GC06T:GATGAGGAGGACCACA	GC06T	10121.0	2522	0.051477127	T	GC06	Mφ_THBS1	-1.402176	-4.9242697
GC06T:GATGAGGCATGGTCAT	GC06T	7378.0	2219	0.04811602	T	GC06	Mφ_THBS1	-1.7772033	-5.7728724
GC06T:GATGAGGGTTCTGGTA	GC06T	13335.0	2916	0.033895764	T	GC06	cDC2_CD1C	2.3713222	-1.9009497
GC06T:GATGAGGTCGCCAGCA	GC06T	12637.0	2882	0.049616206	T	GC06	pDC_LILRA4	3.0703218	-0.39445305
GC06T:GATTCAGAGCTGTTCA	GC06T	1970.0	793	0.05177665	T	GC06	DC_LAMP3	3.9969761	-1.2962495
GC06T:GATTCAGCAGATGGGT	GC06T	7726.0	2243	0.022521356	T	GC06	pDC_LILRA4	3.9551463	1.6000489
GC06T:GCAAACTTCTCCCTGA	GC06T	5570.0	1527	0.037522443	T	GC06	Mφ_THBS1	-1.3151098	-6.3712845
GC06T:GCAATCAAGAATTGTG	GC06T	6366.0	1979	0.046497017	T	GC06	Mφ_THBS1	-1.9484905	-6.432397
GC06T:GCACTCTAGTCTTGCA	GC06T	13126.0	3315	0.05294835	T	GC06	Mφ_APOE	-2.3506365	-0.57849145
GC06T:GCAGTTAGTATATGAG	GC06T	8570.0	2178	0.07421237	T	GC06	Mφ_THBS1	0.5096756	-3.5546286
GC06T:GCAGTTATCACAACGT	GC06T	10325.0	2719	0.04503632	T	GC06	Mφ_THBS1	-1.7358671	-6.09204
GC06T:GCATGATCATTTGCTT	GC06T	11196.0	2607	0.03894248	T	GC06	cDC2_CD1C	1.2590845	-3.5484965
GC06T:GCATGATTCCAAGCCG	GC06T	4007.0	1495	0.027701523	T	GC06	Mφ_THBS1	-0.72484547	-5.602485
GC06T:GCATGCGCAGCTGTGC	GC06T	6101.0	1859	0.03704311	T	GC06	Mφ_THBS1	0.6509744	-4.3116508
GC06T:GCATGCGGTAGGAGTC	GC06T	504.0	331	0.003968254	T	GC06	Mφ_APOE	-1.2142352	-2.0233316
GC06T:GCATGCGGTGACTACT	GC06T	5413.0	1740	0.030112691	T	GC06	Mφ_THBS1	-0.14607175	-4.2441173
GC06T:GCATGCGTCCGCAGTG	GC06T	1054.0	565	0.023719165	T	GC06	Mφ_THBS1	-0.8123811	-3.1566327
GC06T:GCCAAATAGTTGCAGG	GC06T	8590.0	2442	0.0644936	T	GC06	Mφ_THBS1	-1.7586638	-4.6754174
GC06T:GCCAAATCACGTAAGG	GC06T	20488.0	3605	0.035630614	T	GC06	Mφ_APOE	-3.6091638	0.25104803
GC06T:GCCAAATGTGACGCCT	GC06T	4197.0	1247	0.090302594	T	GC06	Mφ_THBS1	-0.99220675	-5.560527
GC06T:GCCTCTACATGCCTTC	GC06T	1605.0	784	0.037383176	T	GC06	Mφ_THBS1	-1.2742292	-5.590562
GC06T:GCCTCTAGTTCACGGC	GC06T	12157.0	3065	0.034712512	T	GC06	pDC_LILRA4	3.8621514	1.3960284
GC06T:GCCTCTATCCGCTGTT	GC06T	11529.0	3095	0.027669355	T	GC06	pDC_LILRA4	4.0022593	1.4684489
GC06T:GCGACCAGTACCGTTA	GC06T	3891.0	1353	0.028784374	T	GC06	Mφ_THBS1	0.033865947	-4.725286
GC06T:GCGACCATCCAATGGT	GC06T	14232.0	3366	0.05614109	T	GC06	Mφ_THBS1	0.8048045	-4.7656407
GC06T:GCGCAACGTCCAGTAT	GC06T	9760.0	2920	0.027561475	T	GC06	pDC_LILRA4	4.5182734	2.5299602
GC06T:GCGCAACTCGTTGACA	GC06T	3137.0	1120	0.026139624	T	GC06	Mφ_THBS1	-1.8851563	-5.63402
GC06T:GCGCAGTAGCGTTCCG	GC06T	13970.0	3108	0.06921975	T	GC06	Mφ_APOE	-3.282805	-1.7782252
GC06T:GCGCAGTGTCCAGTGC	GC06T	20975.0	4326	0.053587604	T	GC06	Mφ_APOE	-3.1589718	-1.6784087
GC06T:GCGCCAACACCAGATT	GC06T	3654.0	1746	0.01943076	T	GC06	pDC_LILRA4	5.1366844	2.1568365
GC06T:GCGCGATTCAATCTCT	GC06T	6993.0	2002	0.044187043	T	GC06	Mφ_THBS1	-1.1676201	-5.1806154
GC06T:GCGGGTTGTTCGTGAT	GC06T	3950.0	1301	0.031392407	T	GC06	Mφ_THBS1	-0.72982603	-5.8609138
GC06T:GCTCCTACAAGGTGTG	GC06T	4121.0	1444	0.03736957	T	GC06	Mφ_THBS1	-1.9575765	-7.174902
GC06T:GCTCCTATCGCATGGC	GC06T	7631.0	2497	0.011269821	T	GC06	pDC_LILRA4	4.7776556	2.0381632
GC06T:GCTCTGTAGATCCCAT	GC06T	4618.0	1637	0.047423128	T	GC06	Mφ_THBS1	-1.351148	-3.8283372
GC06T:GCTCTGTAGTGGTCCC	GC06T	4898.0	1782	0.0279706	T	GC06	Mφ_APOE	-2.7655923	-1.9018699
GC06T:GCTTGAAGTGTTCGAT	GC06T	6632.0	1813	0.091224365	T	GC06	Mφ_THBS1	1.3010185	-5.782696
GC06T:GCTTGAATCTACTTAC	GC06T	3356.0	1359	0.053933255	T	GC06	Mφ_THBS1	-1.9087751	-5.1056013
GC06T:GGAAAGCCAATAAGCA	GC06T	9391.0	2243	0.03301033	T	GC06	Mφ_THBS1	-1.9246609	-5.9044094
GC06T:GGAAAGCCATCCCATC	GC06T	1185.0	576	0.039662447	T	GC06	Mφ_THBS1	0.42223597	-4.5927706
GC06T:GGAACTTAGGGAAACA	GC06T	22121.0	4612	0.06310745	T	GC06	cDC2_CD1C	1.5700349	0.52577126
GC06T:GGAACTTAGGGATGGG	GC06T	20391.0	3559	0.037222303	T	GC06	cDC2_CD1C	1.9607607	-1.5090129
GC06T:GGAATAATCTTGAGGT	GC06T	5995.0	1877	0.03736447	T	GC06	Mφ_THBS1	0.45928842	-4.4647493
GC06T:GGACAAGCACCGAAAG	GC06T	7606.0	2110	0.029976334	T	GC06	Mφ_THBS1	-1.0408669	-6.9575243
GC06T:GGACAAGGTCCGTTAA	GC06T	2479.0	1017	0.029447358	T	GC06	Mφ_THBS1	-0.32955045	-4.7674646
GC06T:GGACAAGTCCGTACAA	GC06T	9314.0	2638	0.02963281	T	GC06	pDC_LILRA4	4.5093145	2.0858324
GC06T:GGACAGAGTGGCGAAT	GC06T	736.0	462	0.008152174	T	GC06	Mφ_APOE	-0.6824182	-1.9083372
GC06T:GGACATTCACACGCTG	GC06T	4049.0	1760	0.090145715	T	GC06	Mφ_APOE	-2.026806	0.20313284
GC06T:GGACATTTCTCCAGGG	GC06T	13872.0	3489	0.04123414	T	GC06	Mφ_APOE	-2.653564	-1.2915949
GC06T:GGACGTCCATGACATC	GC06T	8816.0	2349	0.057962794	T	GC06	Mφ_APOE	-1.9316764	-2.1306105
GC06T:GGAGCAAAGACTACAA	GC06T	22227.0	3782	0.03576731	T	GC06	cDC2_CD1C	1.9535522	-1.9574043
GC06T:GGAGCAACACAGCCCA	GC06T	7659.0	2288	0.02467685	T	GC06	pDC_LILRA4	4.306714	1.6731747
GC06T:GGATGTTTCACAGTAC	GC06T	8237.0	2990	0.023309458	T	GC06	pDC_LILRA4	4.8967724	2.758014
GC06T:GGATGTTTCATAGCAC	GC06T	18833.0	3630	0.03223066	T	GC06	cDC2_CD1C	0.55561763	-1.5017507
GC06T:GGATGTTTCCTAGTGA	GC06T	13581.0	3339	0.031882778	T	GC06	Mφ_APOE	-2.6493988	0.4465358
GC06T:GGATGTTTCTTGTATC	GC06T	9292.0	2391	0.052841153	T	GC06	Mφ_THBS1	-0.68192863	-6.3761425
GC06T:GGATTACCACAGCCCA	GC06T	6243.0	1820	0.029633189	T	GC06	Mφ_THBS1	1.0043263	-4.6674037
GC06T:GGATTACTCACGATGT	GC06T	3422.0	1284	0.029514903	T	GC06	Mφ_THBS1	0.0028858364	-5.0761886
GC06T:GGCAATTCACATGACT	GC06T	10758.0	2951	0.02779327	T	GC06	Mφ_THBS1	-0.2713368	-3.9839735
GC06T:GGCCGATAGGTGTTAA	GC06T	3144.0	1499	0.03657761	T	GC06	pDC_LILRA4	4.448508	1.8764879
GC06T:GGCCGATCACGAAGCA	GC06T	1676.0	712	0.0035799523	T	GC06	Mφ_APOE	-0.3024863	-2.1535594
GC06T:GGCGTGTGTCAAAGAT	GC06T	8384.0	2191	0.023974236	T	GC06	Mφ_THBS1	0.9630393	-6.499345
GC06T:GGCTGGTGTGAAATCA	GC06T	16410.0	3697	0.046678856	T	GC06	Mφ_THBS1	1.183773	-6.053035
GC06T:GGCTGGTGTGCTAGCC	GC06T	6827.0	2149	0.025926469	T	GC06	Mφ_THBS1	-1.4771305	-6.677124
GC06T:GGCTGGTTCACATAGC	GC06T	6133.0	1982	0.03261047	T	GC06	Mφ_THBS1	-2.2125273	-4.474126
GC06T:GGGAATGGTACATCCA	GC06T	4811.0	1569	0.038453545	T	GC06	Mφ_THBS1	0.0011750748	-6.114158
GC06T:GGGACCTCATCGTCGG	GC06T	6230.0	2152	0.02552167	T	GC06	Mono_FCGR3A	6.179383	-2.2546356
GC06T:GGGAGATGTGAAGGCT	GC06T	11739.0	3008	0.03168924	T	GC06	Mφ_THBS1	-0.03340551	-3.9767962
GC06T:GGGATGACATGGATGG	GC06T	12908.0	2812	0.030678649	T	GC06	cDC2_CD1C	1.6115046	-3.337129
GC06T:GGGATGAGTGCCTGCA	GC06T	16272.0	3634	0.03294002	T	GC06	Mφ_APOE	-3.382847	-0.5679039
GC06T:GGGATGATCGTTACGA	GC06T	14915.0	3221	0.025544753	T	GC06	pDC_LILRA4	3.846612	1.4585996
GC06T:GGGCACTGTTCCCTTG	GC06T	10814.0	2996	0.021361198	T	GC06	pDC_LILRA4	4.5363584	2.6561053
GC06T:GGGCATCAGAGAGCTC	GC06T	2459.0	1047	0.031313542	T	GC06	Mφ_THBS1	-0.59860814	-4.491302
GC06T:GGGCATCGTCCGTGAC	GC06T	8290.0	2401	0.037153196	T	GC06	Mφ_THBS1	-0.7116695	-4.045021
GC06T:GGGCATCGTTACAGAA	GC06T	544.0	378	0.012867647	T	GC06	Mφ_APOE	-1.9113778	-1.4023038
GC06T:GGGTCTGCATGACATC	GC06T	5203.0	1825	0.08245243	T	GC06	Mono_CD14	2.6129813	-5.536357
GC06T:GGGTTGCAGCCAACAG	GC06T	6335.0	1999	0.03456985	T	GC06	Mφ_THBS1	0.56456316	-7.519544
GC06T:GGGTTGCCAGGGAGAG	GC06T	11334.0	2347	0.04182107	T	GC06	cDC2_CD1C	2.4320188	-1.0726819
GC06T:GGGTTGCCATTTGCCC	GC06T	2708.0	1088	0.02548006	T	GC06	Mφ_THBS1	-1.5560186	-5.2944083
GC06T:GGTATTGAGCAATCTC	GC06T	4094.0	1559	0.02271617	T	GC06	Mφ_THBS1	-1.5941098	-5.8785415
GC06T:GGTATTGGTATGGTTC	GC06T	7601.0	2392	0.029206684	T	GC06	pDC_LILRA4	4.453497	2.0961316
GC06T:GGTGAAGGTTCCACAA	GC06T	9851.0	2554	0.04831997	T	GC06	Mφ_THBS1	-2.1874468	-5.9264812
GC06T:GGTGAAGGTTTGGGCC	GC06T	5532.0	1629	0.054229934	T	GC06	Mφ_THBS1	-0.53596973	-5.7193384
GC06T:GGTGAAGTCATCGCTC	GC06T	8623.0	2268	0.03977734	T	GC06	Mφ_THBS1	-1.3832709	-4.736751
GC06T:GGTGAAGTCCAACCAA	GC06T	7860.0	2501	0.024554707	T	GC06	Mono_CD14	3.8824394	-7.0749736
GC06T:GGTGCGTCACCAGGCT	GC06T	4825.0	1658	0.0453886	T	GC06	Mφ_THBS1	-1.2073401	-6.876917
GC06T:GGTGCGTGTAAGTGGC	GC06T	4158.0	1713	0.035834536	T	GC06	Mφ_APOE	-2.1759796	-0.49602324
GC06T:GGTGCGTGTTACCAGT	GC06T	10699.0	2977	0.040658005	T	GC06	Mφ_APOE	-2.6164215	-1.5400107
GC06T:GGTGTTATCCGAGCCA	GC06T	12482.0	3400	0.02988303	T	GC06	pDC_LILRA4	4.325971	2.3486116
GC06T:GTAACGTGTGGTCCGT	GC06T	2957.0	1140	0.042610753	T	GC06	Mφ_THBS1	-0.811449	-4.396855
GC06T:GTAACGTGTTGCCTCT	GC06T	8531.0	2410	0.06482241	T	GC06	Mφ_APOE	-2.4184692	-0.6718639
GC06T:GTAACGTTCTTGTACT	GC06T	6688.0	2031	0.04171651	T	GC06	Mφ_THBS1	-1.7651454	-7.0844216
GC06T:GTAACTGTCAACGGCC	GC06T	44568.0	5482	0.03796446	T	GC06	Mφ_APOE	-3.8116603	-1.4597945
GC06T:GTACGTAAGTCACGCC	GC06T	11409.0	3042	0.07003243	T	GC06	Mφ_APOE	-3.1813	-1.505758
GC06T:GTACTTTGTGGGTCAA	GC06T	7224.0	2366	0.0322536	T	GC06	pDC_LILRA4	4.2822285	2.6136498
GC06T:GTAGGCCAGAGTGAGA	GC06T	29483.0	4898	0.04748499	T	GC06	cDC2_CD1C	-0.29606128	-1.2599183
GC06T:GTAGTCATCCCTCTTT	GC06T	5674.0	2120	0.047937963	T	GC06	pDC_LILRA4	5.1458464	2.2836711
GC06T:GTATCTTCAGAGCCAA	GC06T	4624.0	1667	0.02400519	T	GC06	Mφ_THBS1	-0.9412194	-7.181604
GC06T:GTATCTTTCAGATAAG	GC06T	10689.0	2429	0.039199177	T	GC06	Mφ_THBS1	-1.374377	-6.512879
GC06T:GTATCTTTCCTGTACC	GC06T	2599.0	1125	0.017314352	T	GC06	Mφ_THBS1	-1.1559843	-6.0868497
GC06T:GTATTCTAGCTACCGC	GC06T	9019.0	2519	0.04379643	T	GC06	Mφ_THBS1	1.3373376	-4.5748296
GC06T:GTATTCTCACCAGATT	GC06T	9374.0	2942	0.023575848	T	GC06	pDC_LILRA4	4.874825	2.3739257
GC06T:GTCAAGTAGAAACCTA	GC06T	8704.0	2373	0.042394303	T	GC06	Mφ_APOE	-2.8761501	-2.9179773
GC06T:GTCAAGTGTCTAACGT	GC06T	17804.0	3958	0.063019544	T	GC06	cDC2_CD1C	1.6432742	-0.17628439
GC06T:GTCAAGTGTGTGCCTG	GC06T	3206.0	1213	0.034622584	T	GC06	Mφ_APOE	-1.02471	-2.3925035
GC06T:GTCAAGTTCCCTGACT	GC06T	11003.0	2683	0.023266383	T	GC06	pDC_LILRA4	4.1702967	1.8590962
GC06T:GTCACAAAGTTAGGTA	GC06T	529.0	330	0.007561437	T	GC06	Mφ_APOE	-0.9153327	-2.334024
GC06T:GTCACAACATTCGACA	GC06T	3988.0	1374	0.05090271	T	GC06	Mφ_APOE	-2.3848972	-2.241931
GC06T:GTCACAAGTGTGACGA	GC06T	13435.0	2752	0.036025308	T	GC06	cDC2_CD1C	2.015331	-2.7875233
GC06T:GTCACAAGTTCAGACT	GC06T	12823.0	3003	0.028542463	T	GC06	cDC2_CD1C	1.373021	-3.9763956
GC06T:GTCACAAGTTGACGTT	GC06T	11591.0	2964	0.034164436	T	GC06	Mφ_APOE	-3.1092017	0.073399544
GC06T:GTCACGGAGAAGGGTA	GC06T	8779.0	2480	0.033602916	T	GC06	Mφ_THBS1	0.37703425	-6.395412
GC06T:GTCACGGGTCCCTTGT	GC06T	6918.0	1955	0.04148598	T	GC06	Mφ_THBS1	-0.58800256	-3.2855835
GC06T:GTCACGGTCGGTTAAC	GC06T	9672.0	2527	0.021505376	T	GC06	cDC2_CD1C	1.6371759	-2.243599
GC06T:GTCATTTCAGATCGGA	GC06T	4531.0	1353	0.04943721	T	GC06	pDC_LILRA4	3.7757347	1.1177281
GC06T:GTCATTTGTTCACCTC	GC06T	2721.0	1130	0.05475928	T	GC06	pDC_LILRA4	3.8269093	1.5454347
GC06T:GTCCTCAAGGGCATGT	GC06T	13413.0	3279	0.04465817	T	GC06	Mφ_THBS1	-1.4557008	-3.6294947
GC06T:GTCCTCAGTATGAAAC	GC06T	9020.0	2338	0.023170732	T	GC06	cDC2_CD1C	1.4267284	-2.3934433
GC06T:GTCGGGTCAGTATAAG	GC06T	41601.0	5656	0.061128337	T	GC06	Mφ_APOE	-3.8074834	-1.5191894
GC06T:GTCGGGTTCTTACCTA	GC06T	4502.0	1804	0.019324744	T	GC06	pDC_LILRA4	4.783018	2.0622606
GC06T:GTCGTAAGTAGAAGGA	GC06T	7228.0	2037	0.026425013	T	GC06	Mφ_THBS1	-1.5126231	-7.3748045
GC06T:GTCTCGTGTCAGATAA	GC06T	9600.0	2488	0.0365625	T	GC06	Mφ_THBS1	-0.9144666	-4.698384
GC06T:GTCTCGTGTCGAACAG	GC06T	8828.0	2884	0.03205709	T	GC06	pDC_LILRA4	4.833834	2.65672
GC06T:GTCTCGTGTGCGATAG	GC06T	729.0	458	0.0054869684	T	GC06	cDC2_CD1C	0.31576774	-1.7622906
GC06T:GTCTTCGAGTGGAGAA	GC06T	36955.0	5279	0.028467055	T	GC06	cDC1_XCR1	0.78436023	2.3432808
GC06T:GTCTTCGTCACAGGCC	GC06T	4533.0	1491	0.04544452	T	GC06	Mφ_THBS1	-1.454058	-5.953029
GC06T:GTCTTCGTCTTGCCGT	GC06T	5247.0	1986	0.027634839	T	GC06	pDC_LILRA4	4.7083554	2.2255967
GC06T:GTGCAGCAGTGTTGAA	GC06T	15238.0	3347	0.033534586	T	GC06	cDC2_CD1C	2.1348526	-1.6623547
GC06T:GTGCATACAACGCACC	GC06T	33699.0	4648	0.03715244	T	GC06	Mφ_APOE	-3.81736	-1.284877
GC06T:GTGCTTCAGGGCTCTC	GC06T	13325.0	3111	0.030919325	T	GC06	Mφ_APOE	-3.029088	-1.4295189
GC06T:GTGGGTCAGTGTCTCA	GC06T	24222.0	4207	0.03876641	T	GC06	Mφ_APOE	-2.8529525	0.24876446
GC06T:GTGGGTCTCGCGGATC	GC06T	9718.0	2457	0.04383618	T	GC06	Mφ_THBS1	-1.1270912	-4.7678905
GC06T:GTTAAGCTCCGTTGCT	GC06T	10239.0	2409	0.05381385	T	GC06	Mφ_THBS1	-1.0209155	-6.4251657
GC06T:GTTCATTCAACGATGG	GC06T	3335.0	916	0.0068965517	T	GC06	DC_LAMP3	2.743438	-1.3268834
GC06T:GTTCATTGTCACTTCC	GC06T	8933.0	2244	0.032351952	T	GC06	Mφ_THBS1	-0.93300325	-6.1188426
GC06T:GTTCATTTCGGCTTGG	GC06T	11569.0	2477	0.03492091	T	GC06	cDC2_CD1C	2.0518262	-2.9983342
GC06T:GTTTCTACACATCTTT	GC06T	10068.0	2696	0.043603495	T	GC06	Mφ_APOE	-2.7509267	-1.887325
GC06T:GTTTCTACATCCTAGA	GC06T	7230.0	2033	0.074412175	T	GC06	Mφ_THBS1	-1.3427825	-5.406507
GC06T:GTTTCTAGTCGTGGCT	GC06T	3988.0	1347	0.039618857	T	GC06	Mφ_THBS1	-0.19972464	-5.2972236
GC06T:TAAACCGAGGCAATTA	GC06T	13810.0	3215	0.055032585	T	GC06	Mφ_APOE	-1.4080211	-0.03378156
GC06T:TAAACCGAGTGTGGCA	GC06T	4376.0	1273	0.038391225	T	GC06	Mφ_THBS1	-1.3720636	-6.578266
GC06T:TAAGAGAGTTAAGGGC	GC06T	3066.0	1089	0.06099152	T	GC06	Mφ_THBS1	-0.48335862	-5.327789
GC06T:TAAGCGTCAGGATCGA	GC06T	3829.0	1338	0.030817445	T	GC06	Mφ_THBS1	0.2445305	-5.6439385
GC06T:TAAGTGCAGACTACAA	GC06T	1006.0	533	0.06958251	T	GC06	Mφ_APOE	-1.7198448	-0.4098216
GC06T:TAAGTGCCAAGCCTAT	GC06T	7303.0	1978	0.031767767	T	GC06	cDC2_CD1C	1.5600822	-3.3491385
GC06T:TAAGTGCCAGCTGTAT	GC06T	8418.0	2501	0.030411024	T	GC06	pDC_LILRA4	4.2802944	2.5564165
GC06T:TACACGAAGAAGGACA	GC06T	20039.0	3753	0.030091321	T	GC06	cDC2_CD1C	2.3783505	-1.7984213
GC06T:TACAGTGAGGACGAAA	GC06T	2209.0	921	0.04119511	T	GC06	Mφ_THBS1	-1.2166506	-5.3591404
GC06T:TACCTATCAGGAACGT	GC06T	7364.0	2402	0.039788157	T	GC06	Mφ_THBS1	-0.805186	-3.2178512
GC06T:TACCTATTCAGGATCT	GC06T	13290.0	2988	0.04936042	T	GC06	Mφ_THBS1	0.09777864	-3.1831262
GC06T:TACCTTACATGCCACG	GC06T	9985.0	2384	0.030345518	T	GC06	Mφ_THBS1	-1.4087027	-5.5980105
GC06T:TACCTTAGTTGAACTC	GC06T	2731.0	1098	0.025631636	T	GC06	Mφ_THBS1	-0.9523115	-6.0453005
GC06T:TACCTTATCTATCCTA	GC06T	3832.0	1414	0.03183716	T	GC06	Mφ_THBS1	-0.563142	-6.0025477
GC06T:TACGGGCAGTAGATGT	GC06T	1006.0	554	0.0009940357	T	GC06	Mφ_APOE	-0.94514126	-1.8801
GC06T:TACGGGCCAGCGTCCA	GC06T	2288.0	921	0.022727273	T	GC06	Mφ_THBS1	0.94599813	-4.4228926
GC06T:TACGGTAAGCCGATTT	GC06T	11263.0	2612	0.03977626	T	GC06	cDC2_CD1C	1.171242	-3.7399132
GC06T:TACTCATAGTGATCGG	GC06T	5121.0	1637	0.033391915	T	GC06	Mφ_THBS1	-2.346579	-5.3764157
GC06T:TACTCGCAGTCGCCGT	GC06T	8535.0	2382	0.03327475	T	GC06	Mφ_THBS1	-0.82964396	-5.497509
GC06T:TACTCGCCACGGTGTC	GC06T	15670.0	3108	0.038162094	T	GC06	cDC2_CD1C	1.4231644	-1.6153504
GC06T:TACTCGCTCAAGGTAA	GC06T	9330.0	2518	0.022079313	T	GC06	pDC_LILRA4	4.168681	1.6322916
GC06T:TACTCGCTCAGTTAGC	GC06T	8633.0	2775	0.02976949	T	GC06	pDC_LILRA4	4.5354137	2.7510812
GC06T:TACTCGCTCGGATGTT	GC06T	8222.0	2317	0.03989297	T	GC06	pDC_LILRA4	4.4527707	2.0293605
GC06T:TACTTACCACCAGATT	GC06T	10177.0	2600	0.02122433	T	GC06	pDC_LILRA4	4.1241565	1.8021853
GC06T:TACTTACCACTTCGAA	GC06T	10825.0	2519	0.04369515	T	GC06	DC_LAMP3	4.9756618	-0.42047256
GC06T:TACTTGTAGTAAGTAC	GC06T	20503.0	3954	0.035555772	T	GC06	Mφ_APOE	-2.9523659	-0.9140149
GC06T:TACTTGTTCTGCAGTA	GC06T	709.0	426	0.016925247	T	GC06	Mφ_THBS1	-0.60852283	-5.7884126
GC06T:TAGACCAGTTACGACT	GC06T	4118.0	1434	0.051238466	T	GC06	Mφ_THBS1	-1.3315252	-4.44024
GC06T:TAGAGCTAGGAGTCTG	GC06T	7604.0	2044	0.047211993	T	GC06	Mφ_THBS1	-2.1941552	-4.963394
GC06T:TAGAGCTCAAGAAGAG	GC06T	12910.0	2844	0.03516654	T	GC06	pDC_LILRA4	3.5819376	0.8853999
GC06T:TAGAGCTCAGGATCGA	GC06T	5527.0	1780	0.033833906	T	GC06	Mφ_THBS1	-0.9676669	-6.0713353
GC06T:TAGCCGGAGTTAAGTG	GC06T	21424.0	4406	0.040001865	T	GC06	Mφ_APOE	-2.6310635	-1.8532246
GC06T:TAGGCATAGAAACGAG	GC06T	13515.0	3203	0.032482427	T	GC06	Mφ_APOE	-3.038765	-1.3022987
GC06T:TAGGCATAGAAAGTGG	GC06T	8465.0	2500	0.024808032	T	GC06	pDC_LILRA4	4.136144	2.2378974
GC06T:TAGGCATGTCGCTTTC	GC06T	16151.0	3221	0.03578726	T	GC06	cDC2_CD1C	2.7365713	-0.96216834
GC06T:TAGTGGTCAGCCACCA	GC06T	4284.0	1445	0.049486462	T	GC06	Mφ_THBS1	-1.5884624	-6.653355
GC06T:TAGTGGTTCTTGCATT	GC06T	19694.0	3868	0.033157308	T	GC06	Mφ_APOE	-3.7550728	-1.8905007
GC06T:TAGTTGGTCAACACAC	GC06T	6171.0	2155	0.031761464	T	GC06	Mφ_THBS1	-1.7416917	-5.9997087
GC06T:TAGTTGGTCAGGCGAA	GC06T	5313.0	1798	0.03557312	T	GC06	Mφ_THBS1	1.8551872	-6.0583873
GC06T:TATCTCACATGACGGA	GC06T	19680.0	3485	0.045172766	T	GC06	cDC2_CD1C	1.4611555	-1.7803519
GC06T:TATGCCCCATCGTCGG	GC06T	3572.0	1149	0.043393057	T	GC06	cDC2_CD1C	2.0443733	-3.918161
GC06T:TATGCCCTCTATCGCC	GC06T	15832.0	3591	0.046235472	T	GC06	Mφ_APOE	-3.1428475	-2.009346
GC06T:TATTACCAGATAGTCA	GC06T	16153.0	3493	0.058564972	T	GC06	Mφ_THBS1	-0.5075746	-3.6621125
GC06T:TATTACCGTCATCGGC	GC06T	6512.0	2000	0.037162162	T	GC06	Mφ_THBS1	-2.3996544	-4.0702443
GC06T:TCAACGAAGCGTCTAT	GC06T	7217.0	2099	0.024941111	T	GC06	pDC_LILRA4	4.0682764	1.7151386
GC06T:TCAACGAGTTCGCGAC	GC06T	2917.0	998	0.06582105	T	GC06	DC_LAMP3	4.150347	-1.2307342
GC06T:TCAACGATCCATTCTA	GC06T	3771.0	1354	0.03686025	T	GC06	Mφ_THBS1	-1.1440334	-6.85132
GC06T:TCACAAGTCCACGCAG	GC06T	8196.0	2408	0.023548072	T	GC06	pDC_LILRA4	4.422887	2.3386009
GC06T:TCACGAAGTAAGAGGA	GC06T	3302.0	1387	0.032101758	T	GC06	Mφ_THBS1	-0.8704609	-5.6651697
GC06T:TCACGAATCCTCTAGC	GC06T	12795.0	2930	0.03806174	T	GC06	cDC2_CD1C	0.65368557	-2.675399
GC06T:TCACGAATCGGCCGAT	GC06T	3467.0	1241	0.047303144	T	GC06	Mφ_THBS1	-0.93216336	-3.8631768
GC06T:TCAGATGAGAAAGTGG	GC06T	10509.0	2578	0.051479682	T	GC06	cDC2_CD1C	0.8932768	-3.029
GC06T:TCAGATGAGAGGGATA	GC06T	4771.0	1513	0.036470342	T	GC06	Mφ_THBS1	-1.2779336	-5.9010053
GC06T:TCAGATGAGCACACAG	GC06T	3895.0	1389	0.029011553	T	GC06	Mφ_THBS1	-1.49094	-5.632806
GC06T:TCAGCAACACGTTGGC	GC06T	1859.0	827	0.027434105	T	GC06	Mφ_THBS1	-0.8431535	-6.7090154
GC06T:TCAGCAATCAGAGACG	GC06T	8303.0	2311	0.03613152	T	GC06	Mφ_THBS1	-0.6720785	-5.5398426
GC06T:TCAGCTCAGTATCGAA	GC06T	7892.0	2506	0.04536239	T	GC06	Mφ_THBS1	-2.2079313	-4.519948
GC06T:TCAGCTCCATCCGTGG	GC06T	7854.0	2306	0.036796536	T	GC06	Mφ_THBS1	-2.4598255	-5.8803935
GC06T:TCAGCTCTCCAGGGCT	GC06T	20549.0	4291	0.051000047	T	GC06	Mφ_APOE	-3.445483	0.36693457
GC06T:TCAGCTCTCTGGTATG	GC06T	8964.0	2536	0.03603302	T	GC06	pDC_LILRA4	4.3084517	1.9925008
GC06T:TCAGGATAGATGCGAC	GC06T	8577.0	2221	0.022035677	T	GC06	pDC_LILRA4	3.982297	1.9141779
GC06T:TCAGGTAGTTCCCGAG	GC06T	14208.0	3134	0.042370494	T	GC06	cDC2_CD1C	1.55085	-2.0160356
GC06T:TCATTACAGGAGTAGA	GC06T	13487.0	3566	0.035960555	T	GC06	pDC_LILRA4	4.4538417	2.2480102
GC06T:TCATTACTCCAAAGTC	GC06T	8501.0	2351	0.026467474	T	GC06	pDC_LILRA4	4.278978	1.919751
GC06T:TCATTACTCTAACCGA	GC06T	8104.0	2226	0.034057256	T	GC06	Mφ_THBS1	-0.39493605	-5.971363
GC06T:TCCACACAGCGATATA	GC06T	7334.0	2361	0.05413144	T	GC06	Mφ_APOE	-2.9212646	-1.7769763
GC06T:TCCACACGTCGAGATG	GC06T	3043.0	1188	0.041077882	T	GC06	Mφ_THBS1	-1.7519051	-7.1008797
GC06T:TCCACACTCAACGAAA	GC06T	8958.0	2662	0.043089975	T	GC06	Mφ_APOE	-2.2365286	-0.6831437
GC06T:TCCCGATAGCTGAACG	GC06T	3839.0	1504	0.04454285	T	GC06	Mono_CD14	2.2872066	-4.8989644
GC06T:TCCCGATCATTCCTGC	GC06T	13783.0	2851	0.037437424	T	GC06	cDC2_CD1C	1.9327042	-2.30665
GC06T:TCCCGATGTGACGGTA	GC06T	12699.0	3239	0.05646114	T	GC06	Mφ_APOE	-2.8407204	0.81711197
GC06T:TCGAGGCTCCACGTTC	GC06T	8541.0	2487	0.04261796	T	GC06	Mφ_THBS1	-2.0718112	-4.45585
GC06T:TCGCGAGAGGAATCGC	GC06T	10750.0	2938	0.033767443	T	GC06	Mφ_THBS1	2.691295	-5.070535
GC06T:TCGCGTTCAGGTCCAC	GC06T	7726.0	2240	0.04323065	T	GC06	Mφ_THBS1	-2.6372962	-4.018374
GC06T:TCGGGACAGGTTCCTA	GC06T	11170.0	2581	0.042256042	T	GC06	DC_LAMP3	4.8857784	-0.6650178
GC06T:TCGGGACTCAAGGCTT	GC06T	6932.0	2200	0.040536642	T	GC06	Mφ_THBS1	-0.846844	-7.253761
GC06T:TCGGTAAGTGAGGGAG	GC06T	13755.0	3422	0.021519447	T	GC06	pDC_LILRA4	3.7963862	1.4557045
GC06T:TCGTACCCATGAACCT	GC06T	3965.0	1299	0.04262295	T	GC06	Mφ_THBS1	-1.3858206	-4.9017253
GC06T:TCGTAGAAGACAAAGG	GC06T	21556.0	4059	0.0483856	T	GC06	Mφ_APOE	-3.5196974	-1.6198771
GC06T:TCGTAGACAATCGAAA	GC06T	5759.0	1616	0.023962494	T	GC06	Mφ_THBS1	-1.6808698	-7.237184
GC06T:TCTATTGGTCCGAAGA	GC06T	41101.0	5804	0.05206686	T	GC06	Mφ_APOE	-3.7682893	-1.5090044
GC06T:TCTCATAAGCCCGAAA	GC06T	9235.0	2227	0.02956145	T	GC06	Mφ_THBS1	0.62016654	-4.6358514
GC06T:TCTCATAGTGGCAAAC	GC06T	4103.0	1238	0.048988543	T	GC06	DC_LAMP3	4.276117	-0.99733794
GC06T:TCTCATATCATACGGT	GC06T	2526.0	1038	0.040380046	T	GC06	Mφ_THBS1	-1.1953361	-5.229613
GC06T:TCTCATATCGGATGGA	GC06T	5264.0	1625	0.07161854	T	GC06	Mφ_THBS1	-1.5699998	-7.4473543
GC06T:TCTCTAACAGCATGAG	GC06T	4166.0	1467	0.029284686	T	GC06	Mφ_THBS1	-1.0363097	-7.626339
GC06T:TCTCTAATCGCTTAGA	GC06T	17729.0	3343	0.029894523	T	GC06	pDC_LILRA4	2.9029152	-0.4599356
GC06T:TCTGAGAGTACGCTGC	GC06T	1049.0	519	0.0	T	GC06	Mφ_APOE	-1.2674887	-1.5896468
GC06T:TCTGAGAGTGACAAAT	GC06T	11890.0	2342	0.040538266	T	GC06	DC_LAMP3	3.9779377	-0.7355879
GC06T:TCTGAGATCCACGTGG	GC06T	10311.0	2312	0.050043643	T	GC06	Mφ_THBS1	-1.2200516	-6.5701623
GC06T:TCTGGAACAGTATGCT	GC06T	10548.0	2758	0.025502466	T	GC06	pDC_LILRA4	3.132592	-0.044773817
GC06T:TCTGGAAGTGTCCTCT	GC06T	11570.0	2939	0.057908382	T	GC06	cDC2_CD1C	1.5861511	-3.3100164
GC06T:TCTGGAAGTTAAGACA	GC06T	913.0	531	0.028477546	T	GC06	Mφ_THBS1	-0.70611876	-3.5321844
GC06T:TCTTTCCTCATAACCG	GC06T	8912.0	2761	0.01941203	T	GC06	pDC_LILRA4	4.9562607	2.4302645
GC06T:TCTTTCCTCTGGAGCC	GC06T	15430.0	3228	0.045430977	T	GC06	cDC2_CD1C	1.9346433	0.3272069
GC06T:TGAAAGAAGCGAAGGG	GC06T	4665.0	1484	0.046945337	T	GC06	Mφ_THBS1	-1.477198	-6.397575
GC06T:TGACAACTCACTTACT	GC06T	12127.0	2962	0.028366456	T	GC06	Mφ_THBS1	-1.4310852	-4.819147
GC06T:TGACGGCTCTTAACCT	GC06T	8042.0	2316	0.050484955	T	GC06	Mφ_THBS1	-0.6735218	-4.221046
GC06T:TGACTAGGTACCTACA	GC06T	7423.0	2215	0.033005524	T	GC06	Mφ_THBS1	-1.1653612	-4.3081303
GC06T:TGACTTTAGAGGGCTT	GC06T	10803.0	3072	0.06294548	T	GC06	Mφ_THBS1	-1.3739555	-4.489041
GC06T:TGACTTTCACAGACAG	GC06T	13017.0	2764	0.0475532	T	GC06	cDC2_CD1C	1.5936968	-3.3879333
GC06T:TGAGAGGCACGGATAG	GC06T	7218.0	1915	0.04059296	T	GC06	Mφ_THBS1	-0.7363683	-4.439583
GC06T:TGAGCATTCGCAGGCT	GC06T	5415.0	1618	0.02917821	T	GC06	Mφ_THBS1	-1.0631726	-6.9875703
GC06T:TGAGCATTCTAACTGG	GC06T	1923.0	806	0.03276131	T	GC06	Mφ_THBS1	0.21859694	-4.224709
GC06T:TGAGCATTCTCCCTGA	GC06T	8489.0	2140	0.071622096	T	GC06	Mφ_APOE	-2.1706445	-1.2463073
GC06T:TGAGCCGTCAGAAATG	GC06T	19627.0	4040	0.03214959	T	GC06	Mφ_APOE	-3.465847	-1.8677155
GC06T:TGAGCCGTCTGGGCCA	GC06T	9994.0	2585	0.021312788	T	GC06	pDC_LILRA4	4.194869	2.248118
GC06T:TGAGGGACAACACGCC	GC06T	17037.0	3738	0.054469682	T	GC06	Mφ_THBS1	-1.3219105	-3.2975483
GC06T:TGAGGGACACAAGCCC	GC06T	7410.0	1954	0.024696356	T	GC06	pDC_LILRA4	3.984117	1.5119275
GC06T:TGATTTCCAAGCCGCT	GC06T	8037.0	2279	0.045166105	T	GC06	Mφ_THBS1	-0.7996057	-3.5111187
GC06T:TGCACCTAGTTACGGG	GC06T	6163.0	2011	0.031964954	T	GC06	Mφ_THBS1	-0.56330526	-5.095004
GC06T:TGCACCTGTCTCTTAT	GC06T	4030.0	1452	0.03126551	T	GC06	Mφ_THBS1	-1.4579382	-4.5603538
GC06T:TGCCAAACAATAGAGT	GC06T	5571.0	1707	0.03087417	T	GC06	Mφ_THBS1	-2.0103714	-6.9142575
GC06T:TGCCCATAGCCAGTAG	GC06T	3736.0	1499	0.041220557	T	GC06	Mφ_THBS1	-2.2022347	-3.5621412
GC06T:TGCCCATCACCTTGTC	GC06T	2543.0	1046	0.05230043	T	GC06	Mφ_THBS1	-1.905779	-5.3506703
GC06T:TGCCCATGTGCAACTT	GC06T	1203.0	572	0.030756442	T	GC06	pDC_LILRA4	3.671211	0.8349628
GC06T:TGCCCTACAGGGTACA	GC06T	3222.0	1118	0.059590317	T	GC06	cDC2_CD1C	1.2384292	-4.0273714
GC06T:TGCCCTAGTAGAGGAA	GC06T	5545.0	1449	0.038412984	T	GC06	DC_LAMP3	4.1459455	-1.0291654
GC06T:TGCCCTAGTGCTTCTC	GC06T	31217.0	5030	0.040394656	T	GC06	Mφ_APOE	-3.8345087	-1.806226
GC06T:TGCGCAGCAAGTCTGT	GC06T	23784.0	4617	0.04957114	T	GC06	Mφ_APOE	-3.833995	-1.3015345
GC06T:TGCGCAGTCGCAAACT	GC06T	23058.0	4523	0.053950906	T	GC06	cDC1_XCR1	0.86706907	2.3392954
GC06T:TGCGCAGTCTATGTGG	GC06T	10673.0	2751	0.053124707	T	GC06	Mφ_APOE	-2.9050329	0.9094097
GC06T:TGCGGGTAGGAGTCTG	GC06T	3369.0	1352	0.013950727	T	GC06	Mφ_THBS1	-0.18453465	-7.0560904
GC06T:TGCTACCTCGGCTACG	GC06T	6581.0	2319	0.028870992	T	GC06	pDC_LILRA4	4.7003517	2.1176448
GC06T:TGCTGCTTCCCTAACC	GC06T	13974.0	3117	0.04873336	T	GC06	cDC2_CD1C	1.1310155	-3.0867245
GC06T:TGGACGCCAGACGTAG	GC06T	14299.0	2987	0.047835514	T	GC06	cDC2_CD1C	0.615004	-2.9846663
GC06T:TGGCCAGGTTATCGGT	GC06T	2401.0	816	0.020824656	T	GC06	cDC2_CD1C	1.3555012	-3.6909316
GC06T:TGGCCAGTCACAACGT	GC06T	11071.0	2472	0.044350103	T	GC06	cDC2_CD1C	1.8190606	-3.1398528
GC06T:TGGCGCAAGAGTCTGG	GC06T	6295.0	1987	0.047339156	T	GC06	Mφ_THBS1	-2.3522196	-5.8637495
GC06T:TGGCGCACATTGGCGC	GC06T	9497.0	2661	0.025376435	T	GC06	pDC_LILRA4	4.3525605	1.9059079
GC06T:TGGCTGGAGAAGCCCA	GC06T	13281.0	3072	0.07665086	T	GC06	Mφ_APOE	-3.0378342	0.8205888
GC06T:TGGCTGGAGCCGGTAA	GC06T	11646.0	2761	0.029967371	T	GC06	Mφ_THBS1	-2.2615201	-6.4949646
GC06T:TGGCTGGAGTACGCGA	GC06T	645.0	398	0.055813953	T	GC06	Mφ_THBS1	-0.6258022	-3.5554438
GC06T:TGGCTGGCAATCACAC	GC06T	1155.0	618	0.03982684	T	GC06	Mφ_THBS1	-0.7183296	-5.7074194
GC06T:TGGCTGGCACCAGGCT	GC06T	14537.0	3417	0.03528926	T	GC06	Mφ_THBS1	-0.29731908	-5.317592
GC06T:TGGTTCCCAGGGTATG	GC06T	7994.0	2204	0.035901926	T	GC06	Mφ_THBS1	-2.4298995	-5.0985374
GC06T:TGTATTCGTCCGCTGA	GC06T	15163.0	2818	0.036272507	T	GC06	cDC2_CD1C	1.630149	-3.1813319
GC06T:TGTATTCTCATGTAGC	GC06T	6063.0	1779	0.027379185	T	GC06	Mφ_THBS1	-1.5082194	-6.548298
GC06T:TGTCCCATCCGTACAA	GC06T	7187.0	2112	0.032558788	T	GC06	Mφ_THBS1	-0.8224359	-6.387465
GC06T:TGTGGTAAGACGCAAC	GC06T	13226.0	3348	0.042189628	T	GC06	cDC2_CD1C	1.5881937	-2.2609267
GC06T:TGTGGTACATGCTAGT	GC06T	9311.0	2518	0.038449146	T	GC06	Mφ_THBS1	-1.3215748	-3.272259
GC06T:TGTGTTTCAGACAAAT	GC06T	10259.0	2953	0.03255678	T	GC06	pDC_LILRA4	4.9996395	2.484312
GC06T:TGTGTTTTCTGTCCGT	GC06T	3807.0	1531	0.036774363	T	GC06	Mφ_APOE	-1.130506	-2.328519
GC06T:TGTTCCGAGTTTCCTT	GC06T	4047.0	1301	0.02273289	T	GC06	Mφ_THBS1	-1.4502562	-6.160649
GC06T:TGTTCCGTCTGTGCAA	GC06T	6260.0	1722	0.0456869	T	GC06	Mφ_THBS1	0.2801589	-5.121161
GC06T:TTAACTCCAACTTGAC	GC06T	8507.0	2589	0.035265077	T	GC06	Mono_CD14	2.517484	-5.9585
GC06T:TTAACTCCAGACAAGC	GC06T	6703.0	1895	0.0456512	T	GC06	Mφ_THBS1	-0.89565456	-4.113763
GC06T:TTAGGCAGTCAGCTAT	GC06T	12938.0	2977	0.061215024	T	GC06	Mφ_APOE	-0.606011	-0.76154685
GC06T:TTAGGCATCGGTGTCG	GC06T	3531.0	1275	0.031152649	T	GC06	Mφ_THBS1	-1.1694444	-4.977889
GC06T:TTAGTTCAGCGATATA	GC06T	10244.0	2861	0.024209293	T	GC06	pDC_LILRA4	4.30551	2.2624488
GC06T:TTAGTTCTCAGAGACG	GC06T	3066.0	1160	0.04696673	T	GC06	Mφ_THBS1	-0.7954958	-6.2687864
GC06T:TTAGTTCTCCGAAGAG	GC06T	10094.0	2872	0.041014463	T	GC06	pDC_LILRA4	4.549106	2.3201041
GC06T:TTATGCTAGCAGCGTA	GC06T	5604.0	1811	0.046216987	T	GC06	Mφ_APOE	-2.3509328	-2.8608649
GC06T:TTCCCAGAGGCGTACA	GC06T	1616.0	927	0.031559408	T	GC06	Mφ_APOE	-1.9780256	-1.5185817
GC06T:TTCCCAGGTCCAACTA	GC06T	5422.0	1821	0.03319808	T	GC06	Mφ_THBS1	-1.2352985	-5.724848
GC06T:TTCGAAGAGAGACGAA	GC06T	7686.0	2410	0.030054646	T	GC06	pDC_LILRA4	4.393563	2.072878
GC06T:TTCGGTCCACATCCGG	GC06T	10351.0	2587	0.03864361	T	GC06	cDC2_CD1C	2.3254416	-2.1905878
GC06T:TTCGGTCCATCCGTGG	GC06T	1664.0	784	0.0	T	GC06	Mφ_APOE	-2.0853975	-1.0089889
GC06T:TTCGGTCGTCGGGTCT	GC06T	5299.0	1582	0.04717871	T	GC06	cDC2_CD1C	2.0314374	-2.517465
GC06T:TTCTACAAGATGTCGG	GC06T	1748.0	814	0.04347826	T	GC06	Mφ_THBS1	-0.86786985	-4.7223964
GC06T:TTCTACAGTGATGTCT	GC06T	6228.0	1808	0.027938344	T	GC06	Mφ_THBS1	-0.6908028	-5.932603
GC06T:TTCTCAATCGCAGGCT	GC06T	7410.0	2013	0.04048583	T	GC06	Mφ_THBS1	-0.9781081	-5.9585223
GC06T:TTCTCAATCGGATGGA	GC06T	2401.0	1033	0.06164098	T	GC06	Mφ_THBS1	-0.3619855	-4.141615
GC06T:TTCTCCTTCAGGTAAA	GC06T	6644.0	2085	0.023931367	T	GC06	Mφ_THBS1	-1.074557	-7.606139
GC06T:TTCTTAGTCGGTCCGA	GC06T	873.0	498	0.06185567	T	GC06	Mφ_APOE	-1.399448	-1.9979526
GC06T:TTGACTTAGAGCCTAG	GC06T	1688.0	752	0.039691944	T	GC06	Mφ_APOE	-1.9138367	-3.1375723
GC06T:TTGACTTAGGCCCTCA	GC06T	6620.0	2066	0.03716012	T	GC06	Mφ_THBS1	-0.99141407	-4.50103
GC06T:TTGACTTCACGCCAGT	GC06T	14399.0	2772	0.04069727	T	GC06	cDC2_CD1C	1.3798276	-3.2812345
GC06T:TTGACTTCAGCTGGCT	GC06T	18525.0	3724	0.05182186	T	GC06	cDC2_CD1C	0.4284527	-1.7536024
GC06T:TTGCCGTGTAAACGCG	GC06T	17041.0	3694	0.075875826	T	GC06	Mφ_APOE	-2.5379553	1.0385209
GC06T:TTGCCGTTCAGCATGT	GC06T	7492.0	1948	0.0379071	T	GC06	Mφ_THBS1	-1.9875712	-5.7779737
GC06T:TTGCCGTTCAGCTGGC	GC06T	9258.0	2476	0.042125728	T	GC06	Mφ_THBS1	-1.7761377	-4.608011
GC06T:TTGCGTCAGACTACAA	GC06T	1949.0	860	0.038481273	T	GC06	Mφ_THBS1	-0.49928877	-6.277751
GC06T:TTGCGTCAGTGATCGG	GC06T	6379.0	1965	0.025709359	T	GC06	pDC_LILRA4	3.916052	1.5513763
GC06T:TTGGCAAAGCGATCCC	GC06T	9343.0	2325	0.032858826	T	GC06	pDC_LILRA4	3.8247864	1.3280528
GC06T:TTGGCAACAGTACACT	GC06T	9551.0	2421	0.06397236	T	GC06	Mφ_THBS1	-0.8440613	-4.1720805
GC06T:TTGTAGGCAATAGCAA	GC06T	7052.0	2133	0.029778786	T	GC06	Mono_FCGR3A	4.90523	-3.0987506
GC06T:TTGTAGGGTGTGTGCC	GC06T	15967.0	3352	0.036387548	T	GC06	Mφ_APOE	-3.07707	-1.5046544
GC06T:TTTACTGCAATGACCT	GC06T	4464.0	1452	0.049731184	T	GC06	Mφ_THBS1	-1.1178395	-5.4912977
GC06T:TTTACTGGTCTAACGT	GC06T	988.0	592	0.01417004	T	GC06	Mφ_APOE	-0.9012465	-1.8041719
GC06T:TTTACTGGTTGCCTCT	GC06T	4673.0	1407	0.032955274	T	GC06	Mφ_THBS1	-2.5158668	-6.6269484
GC06T:TTTATGCAGTATTGGA	GC06T	12550.0	2965	0.042788845	T	GC06	Mφ_APOE	-2.750145	-2.2482805
GC06T:TTTATGCCAAGCCGTC	GC06T	11840.0	2860	0.04400338	T	GC06	cDC2_CD1C	1.3942114	-4.347279
GC06T:TTTATGCGTGAAGGCT	GC06T	3519.0	1380	0.03296391	T	GC06	Mφ_THBS1	-1.0836561	-5.0944586
GC06T:TTTCCTCGTGATGCCC	GC06T	4133.0	1569	0.027582869	T	GC06	Mφ_THBS1	-1.188669	-5.301072
GC06T:TTTCCTCTCCCAGGTG	GC06T	10394.0	2879	0.03415432	T	GC06	Mφ_THBS1	-1.3923519	-2.9777012
GC06T:TTTCCTCTCTAACTGG	GC06T	1905.0	854	0.026771653	T	GC06	Mφ_THBS1	-1.1391972	-6.4014654
GC06T:TTTGCGCCACTACAGT	GC06T	9034.0	2183	0.036085896	T	GC06	Mφ_THBS1	-1.2602825	-6.7878203
GC06T:TTTGCGCTCGGAAATA	GC06T	8554.0	2428	0.032499414	T	GC06	pDC_LILRA4	4.322267	2.0914183
GC06T:TTTGGTTCATGGTTGT	GC06T	3791.0	1375	0.045634396	T	GC06	Mφ_THBS1	-0.2863645	-7.3516574
GC06T:TTTGGTTGTGTGCCTG	GC06T	8609.0	2055	0.04936694	T	GC06	Mφ_THBS1	-1.7930548	-6.596223
GC06T:TTTGTCATCAGGCCCA	GC06T	15385.0	2883	0.041858952	T	GC06	cDC2_CD1C	2.4528835	-1.9823419
GC06T:TTTGTCATCTGCTGCT	GC06T	10992.0	2677	0.033296943	T	GC06	cDC2_CD1C	0.34311756	-3.7095366
GC07P:ACAGCTAGTCGAGATG	GC07P	1715.0	933	0.0425656	P	GC07	Mφ_APOE	-1.4716696	1.0295436
GC07P:CAAGATCAGTACGTAA	GC07P	2490.0	1331	0.072289154	P	GC07	Mφ_APOE	-1.5130367	1.5830011
GC07P:CACATAGTCGTCTGCT	GC07P	3343.0	1436	0.03948549	P	GC07	Mφ_APOE	-1.4592568	1.1724548
GC07P:CGTTAGAAGCGCCTCA	GC07P	2184.0	976	0.09798535	P	GC07	Mφ_APOE	-0.9911604	0.696342
GC07P:CTGCTGTAGGCGACAT	GC07P	3501.0	1575	0.024850043	P	GC07	Mφ_APOE	-1.1382601	0.8042271
GC07P:GATGAGGCAGACAAGC	GC07P	4114.0	1755	0.044482257	P	GC07	Mφ_APOE	-1.5601664	1.0840172
GC07P:GCGCGATCACCCATGG	GC07P	1022.0	525	0.06751468	P	GC07	Mφ_APOE	-0.84647995	0.20415372
GC07P:GGCTCGATCGCCATAA	GC07P	2325.0	1417	0.0627957	P	GC07	Mφ_APOE	-1.5196687	1.5024139
GC07P:GGCTGGTCATACAGCT	GC07P	1922.0	1034	0.09677419	P	GC07	Mφ_APOE	-1.4231627	1.3878142
GC07P:GTCACGGGTACACCGC	GC07P	2575.0	1203	0.019417476	P	GC07	Mφ_APOE	-1.2573855	0.9780268
GC07P:GTCACGGGTCAGTGGA	GC07P	1293.0	599	0.06109822	P	GC07	cDC2_CD1C	1.4273014	-3.8236716
GC07P:TAGTTGGCATTCTTAC	GC07P	594.0	380	0.0067340066	P	GC07	cDC2_CD1C	0.49162337	-1.2812388
GC07P:TCAGGTAGTTGAGGTG	GC07P	834.0	556	0.040767387	P	GC07	Mφ_APOE	-0.90471876	0.2649512
GC07P:TCGTAGACAGGCGATA	GC07P	3051.0	1274	0.06096362	P	GC07	Mφ_APOE	-0.8344693	0.47288328
GC07P:TCTCATACACCACCAG	GC07P	17309.0	3776	0.038708188	P	GC07	Mφ_APOE	-2.753428	-0.74257314
GC07P:TTAACTCGTACGAAAT	GC07P	6705.0	2378	0.07397465	P	GC07	cDC2_CD1C	0.66182876	-0.653757
GC07T:AAACGGGTCGTTTAGG	GC07T	12755.0	2844	0.05989808	T	GC07	Mφ_APOE	-2.4420395	-0.86118674
GC07T:AAATGCCAGGTGATAT	GC07T	15990.0	3166	0.03564728	T	GC07	cDC2_CD1C	2.2974863	-0.2952651
GC07T:AACCATGAGGCAAAGA	GC07T	6469.0	1979	0.045447517	T	GC07	Mono_FCGR3A	6.1366796	-2.3087568
GC07T:AACCGCGTCGATGAGG	GC07T	3028.0	1093	0.030383091	T	GC07	Mφ_THBS1	0.5070662	-6.7329025
GC07T:AACTCCCAGGGCTCTC	GC07T	4369.0	1528	0.027695125	T	GC07	Mφ_APOE	-0.9572691	-0.15501624
GC07T:AACTCTTCATCTACGA	GC07T	18518.0	3598	0.04779134	T	GC07	cDC2_CD1C	2.4766138	-1.9094684
GC07T:AAGACCTCATGCCTAA	GC07T	18399.0	3358	0.043643676	T	GC07	Mφ_APOE	-1.5599313	-2.6107206
GC07T:AAGGAGCGTCCGTCAG	GC07T	1347.0	517	0.07201188	T	GC07	Mφ_APOE	-1.357968	-1.7055724
GC07T:AAGGCAGTCCCTAACC	GC07T	23095.0	3967	0.04303962	T	GC07	Mφ_APOE	-2.9488516	-0.21226273
GC07T:AAGGTTCAGAACTGTA	GC07T	21334.0	4199	0.039233148	T	GC07	cDC2_CD1C	-0.017818576	-2.0616791
GC07T:AAGTCTGAGCGTTGCC	GC07T	4123.0	1277	0.04608295	T	GC07	Mφ_THBS1	-0.6814308	-7.151869
GC07T:AATCCAGCATACTCTT	GC07T	26499.0	5254	0.040227935	T	GC07	cDC2_CD1C	1.2428182	0.7630427
GC07T:AATCGGTTCAACGAAA	GC07T	1231.0	599	0.025995126	T	GC07	Mφ_THBS1	0.42841196	-6.602121
GC07T:ACAGCCGCATCAGTAC	GC07T	18159.0	3451	0.033867504	T	GC07	Mφ_APOE	-2.265455	-0.4559967
GC07T:ACAGCCGTCAAACCGT	GC07T	13840.0	2946	0.040534683	T	GC07	cDC2_CD1C	2.549504	-1.740311
GC07T:ACATCAGCATGCCTAA	GC07T	15209.0	3320	0.03156026	T	GC07	Mφ_APOE	-2.2744513	0.1720305
GC07T:ACATCAGGTCTCACCT	GC07T	3096.0	1070	0.037144702	T	GC07	Mφ_THBS1	-0.26252332	-7.282278
GC07T:ACATCAGGTTTGGGCC	GC07T	14090.0	2932	0.038254082	T	GC07	Mφ_APOE	-2.6983657	-1.3647724
GC07T:ACCCACTAGATCTGCT	GC07T	14732.0	2917	0.02952756	T	GC07	cDC2_CD1C	2.1726766	-2.2289047
GC07T:ACCGTAACAGCGTAAG	GC07T	9626.0	2366	0.035528775	T	GC07	Mφ_THBS1	0.23742227	-7.0946183
GC07T:ACCGTAAGTACTCAAC	GC07T	7055.0	1941	0.04408221	T	GC07	Mφ_THBS1	-0.06222656	-7.9099402
GC07T:ACGAGCCTCAAGAAGT	GC07T	13424.0	3008	0.03046782	T	GC07	cDC2_CD1C	2.1230073	0.6064281
GC07T:ACGCAGCTCTTGCCGT	GC07T	5093.0	1685	0.026114274	T	GC07	Mφ_THBS1	-0.35620117	-7.278539
GC07T:ACGCCAGTCGAGAACG	GC07T	4525.0	1815	0.08994475	T	GC07	Mono_CD14	2.9723456	-5.652389
GC07T:ACGGAGAAGAGGACGG	GC07T	13647.0	3040	0.014069026	T	GC07	Mφ_APOE	-1.7490032	-2.7414029
GC07T:ACGGAGAGTAGCGTGA	GC07T	1505.0	592	0.059800666	T	GC07	Mφ_THBS1	-0.52898866	-4.922724
GC07T:ACGGGTCTCGCCCTTA	GC07T	5124.0	1594	0.033567525	T	GC07	Mφ_APOE	1.3194559	-4.339035
GC07T:ACGTCAAAGGACAGCT	GC07T	12540.0	2570	0.053349283	T	GC07	Mφ_THBS1	-1.4083104	-4.2135987
GC07T:ACTATCTAGCCCGAAA	GC07T	4064.0	1645	0.0625	T	GC07	Mφ_APOE	-1.1050553	-2.2855842
GC07T:ACTATCTAGCTAACAA	GC07T	2806.0	1044	0.047398433	T	GC07	Mφ_THBS1	0.24709989	-3.477098
GC07T:ACTGAGTCAGCCAGAA	GC07T	9935.0	2695	0.042778056	T	GC07	pDC_LILRA4	4.485668	2.6464658
GC07T:ACTGATGTCATCATTC	GC07T	8526.0	2130	0.037532255	T	GC07	Mφ_THBS1	-2.622483	-6.2580004
GC07T:ACTGCTCCACTTCTGC	GC07T	13588.0	2905	0.0247277	T	GC07	Mφ_APOE	-2.5044703	-3.046203
GC07T:ACTGCTCTCACAATGC	GC07T	21270.0	4120	0.026187118	T	GC07	Mφ_THBS1	-0.20130026	-2.459747
GC07T:ACTGTCCCATTCTTAC	GC07T	12693.0	2556	0.018986844	T	GC07	Mφ_APOE	-2.1784954	-1.8529083
GC07T:ACTTGTTTCCCTTGCA	GC07T	9369.0	2480	0.004269399	T	GC07	Mφ_APOE	-2.9247441	-1.914429
GC07T:ACTTTCAAGTGAACAT	GC07T	22331.0	3950	0.04428821	T	GC07	Mφ_APOE	-2.247322	0.5082017
GC07T:AGAATAGTCTTGCCGT	GC07T	1025.0	517	0.0	T	GC07	cDC2_CD1C	0.83228344	-2.2530699
GC07T:AGAGCGATCAGAGGTG	GC07T	8129.0	2245	0.040595397	T	GC07	Mφ_THBS1	-1.6277583	-3.9914286
GC07T:AGAGCTTAGGTGCTTT	GC07T	24219.0	4516	0.028448738	T	GC07	Mφ_APOE	-2.4298003	-1.422586
GC07T:AGAGCTTGTTTGTTTC	GC07T	31559.0	4790	0.03552077	T	GC07	Mφ_APOE	-3.6088195	-0.6860921
GC07T:AGAGTGGGTCCGAGTC	GC07T	1869.0	795	0.048154093	T	GC07	pDC_LILRA4	3.6148167	1.1503161
GC07T:AGAGTGGTCCAGATCA	GC07T	26235.0	4510	0.02546217	T	GC07	Mφ_APOE	-2.5386915	-2.0726702
GC07T:AGATCTGGTACAGACG	GC07T	2557.0	1032	0.020727415	T	GC07	Mφ_THBS1	-0.20102188	-7.048035
GC07T:AGCGGTCTCAGAGGTG	GC07T	24422.0	4006	0.020596184	T	GC07	Mφ_APOE	-2.3721306	-2.4279885
GC07T:AGCGTATTCGGTTAAC	GC07T	12208.0	2509	0.039973788	T	GC07	Mφ_THBS1	0.07126478	-4.2026052
GC07T:AGCGTCGTCTTAGAGC	GC07T	5385.0	1717	0.0150417825	T	GC07	Mφ_APOE	-1.805808	-2.9595933
GC07T:AGCTCTCGTTCGCTAA	GC07T	19343.0	4258	0.0020162333	T	GC07	Mφ_APOE	-2.194462	-0.42730936
GC07T:AGCTTGATCCGTAGGC	GC07T	1673.0	801	0.02630006	T	GC07	Mφ_APOE	-1.6084797	-2.0606446
GC07T:AGGCCACCACATGACT	GC07T	12837.0	2925	0.011139674	T	GC07	Mφ_APOE	-0.98532957	-0.23847012
GC07T:AGGCCGTAGTTCCACA	GC07T	6684.0	1883	0.035008978	T	GC07	Mφ_THBS1	0.087212086	-6.7625146
GC07T:AGGGTGAAGCCAGAAC	GC07T	6834.0	1943	0.032045655	T	GC07	Mφ_THBS1	-0.43949634	-7.536294
GC07T:AGGGTGACAAACGTGG	GC07T	30652.0	4948	0.042900953	T	GC07	Mφ_APOE	-2.3524988	-1.048667
GC07T:AGTTGGTTCCCTCAGT	GC07T	13456.0	3305	0.019693816	T	GC07	Mφ_APOE	-0.38164487	-0.87790585
GC07T:ATAGACCAGACACGAC	GC07T	11427.0	2545	0.03868032	T	GC07	Mφ_THBS1	-1.6481004	-4.6664815
GC07T:ATCACGAAGAGTGAGA	GC07T	3609.0	1373	0.031310614	T	GC07	Mφ_THBS1	-0.9372372	-7.289112
GC07T:ATCCGAATCCGCGCAA	GC07T	8297.0	2363	0.048571773	T	GC07	Mono_FCGR3A	6.233282	-2.385115
GC07T:ATCTACTTCTTGTCAT	GC07T	21924.0	4303	0.019795658	T	GC07	Mφ_APOE	-2.3343856	0.40903944
GC07T:ATCTGCCCAGCGATCC	GC07T	13710.0	3065	0.020860685	T	GC07	Mφ_APOE	-1.9777894	-1.9955229
GC07T:ATCTGCCCATATGCTG	GC07T	2271.0	797	0.045794804	T	GC07	cDC2_CD1C	2.248749	-3.3249507
GC07T:ATCTGCCTCCTCAACC	GC07T	26859.0	4141	0.022711195	T	GC07	Mφ_APOE	-2.3444588	-0.7002986
GC07T:ATGAGGGGTGCAACTT	GC07T	14598.0	2539	0.0377449	T	GC07	cDC1_XCR1	1.4365357	2.6189365
GC07T:ATGCGATGTAAGGATT	GC07T	1161.0	574	0.006029285	T	GC07	Mφ_APOE	-1.5788236	-1.5867234
GC07T:ATTATCCCACACGCTG	GC07T	13030.0	3311	0.039831158	T	GC07	Mφ_APOE	-2.4764714	-1.1634619
GC07T:ATTATCCTCAACCAAC	GC07T	10167.0	2395	0.030687518	T	GC07	Mφ_THBS1	-0.7717925	-6.44619
GC07T:ATTCTACAGCAGGTCA	GC07T	14566.0	3239	0.035905533	T	GC07	cDC2_CD1C	1.0387532	-1.6401402
GC07T:ATTCTACAGGGATACC	GC07T	4657.0	1429	0.022761434	T	GC07	Mφ_THBS1	-0.6133537	-7.399705
GC07T:ATTGGTGCATACGCCG	GC07T	9437.0	2507	0.053194873	T	GC07	Mφ_APOE	-0.7936671	-0.8306021
GC07T:ATTTCTGCACATGTGT	GC07T	6849.0	1715	0.036793694	T	GC07	Mφ_THBS1	-0.7597729	-6.175104
GC07T:CAAGAAAAGGCCCGTT	GC07T	2530.0	1071	0.016205534	T	GC07	Mφ_THBS1	-0.38101014	-6.6933174
GC07T:CAAGTTGCATTACCTT	GC07T	23981.0	4097	0.035528127	T	GC07	Mφ_APOE	-1.2733485	-1.8858228
GC07T:CACACAATCACCAGGC	GC07T	9387.0	2225	0.03430276	T	GC07	Mφ_APOE	-1.7756073	-0.69689673
GC07T:CACACCTCAGACAAAT	GC07T	1380.0	658	0.057246376	T	GC07	Mφ_APOE	-2.2911794	-1.94911
GC07T:CACATTTAGGGTGTGT	GC07T	20410.0	4004	0.030916218	T	GC07	Mφ_APOE	-2.9329672	-1.3692837
GC07T:CACCACTAGCTATGCT	GC07T	23409.0	3295	0.048442908	T	GC07	cDC1_XCR1	1.3150451	2.9426415
GC07T:CACTCCAAGACAGGCT	GC07T	23131.0	4479	0.021356622	T	GC07	Mφ_APOE	-2.326367	-2.3305373
GC07T:CAGAATCCACTTAAGC	GC07T	28798.0	4483	0.025314258	T	GC07	Mφ_APOE	-2.6938474	-1.2707758
GC07T:CAGAGAGTCGGTTCGG	GC07T	9475.0	2409	0.052453827	T	GC07	Mφ_APOE	-2.7333786	-2.5125237
GC07T:CAGATCATCACGATGT	GC07T	12529.0	2707	0.035597414	T	GC07	DC_LAMP3	4.7414575	-0.7206994
GC07T:CAGCAGCGTCAAAGCG	GC07T	4259.0	1418	0.034984738	T	GC07	Mφ_THBS1	0.25875548	-7.716321
GC07T:CAGCGACAGCGGCTTC	GC07T	16000.0	3509	0.0355	T	GC07	cDC2_CD1C	0.7955111	0.22560844
GC07T:CAGCTAACAGGATCGA	GC07T	5548.0	1937	0.03298486	T	GC07	Mφ_APOE	-1.3558233	0.5768255
GC07T:CAGCTAAGTCATGCCG	GC07T	13524.0	2908	0.029429164	T	GC07	Mφ_THBS1	-1.9373188	-3.4405048
GC07T:CAGGTGCGTACATCCA	GC07T	19771.0	3320	0.03601234	T	GC07	Mφ_APOE	-2.1289678	-0.35513338
GC07T:CAGTAACGTTGAGTTC	GC07T	9219.0	2278	0.013450483	T	GC07	Mφ_APOE	-2.4703138	-1.8852979
GC07T:CATCGAATCAAACCGT	GC07T	7060.0	2219	0.039235126	T	GC07	Mφ_APOE	-0.114888094	-0.49192595
GC07T:CATGCCTAGGCTCTTA	GC07T	12344.0	1953	0.06343163	T	GC07	Mφ_APOE	-3.4294665	-0.15909667
GC07T:CATGCCTCAGCCAATT	GC07T	4700.0	1498	0.022340426	T	GC07	Mφ_THBS1	-0.5020942	-7.7344294
GC07T:CATGGCGGTTCGAATC	GC07T	13794.0	3369	0.019791214	T	GC07	Mφ_APOE	-2.8490682	-2.0518632
GC07T:CCAATCCGTCTGATTG	GC07T	29443.0	4449	0.056074448	T	GC07	Mφ_APOE	-1.3225896	-1.004884
GC07T:CCAATCCTCATCATTC	GC07T	563.0	347	0.001776199	T	GC07	Mφ_APOE	-1.5130728	-1.719401
GC07T:CCAATCCTCTGTCCGT	GC07T	13578.0	2893	0.03910738	T	GC07	cDC2_CD1C	2.7226932	-2.027303
GC07T:CCACTACCAATCTACG	GC07T	16316.0	3654	0.042228486	T	GC07	Mφ_APOE	-2.5486238	0.6013649
GC07T:CCATGTCGTCACCTAA	GC07T	6276.0	1962	0.049075846	T	GC07	Mφ_THBS1	-0.7811307	-5.6476526
GC07T:CCATGTCTCGCCAGCA	GC07T	15194.0	3639	0.01665131	T	GC07	Mφ_APOE	-2.2175426	-0.68948245
GC07T:CCATTCGCAAGCCGTC	GC07T	14580.0	3259	0.031138547	T	GC07	cDC2_CD1C	1.4204683	0.7028928
GC07T:CCGTACTCAAGTAATG	GC07T	4509.0	1489	0.040807273	T	GC07	Mφ_THBS1	0.11610227	-7.634974
GC07T:CCGTGGAAGCTGCAAG	GC07T	20952.0	3929	0.047584955	T	GC07	cDC2_CD1C	1.6226648	0.33451122
GC07T:CCGTGGAAGGTACTCT	GC07T	11396.0	2801	0.035275534	T	GC07	Mφ_THBS1	-0.8406232	-3.6856232
GC07T:CCTAAAGAGACTACAA	GC07T	22427.0	4562	0.050608642	T	GC07	cDC2_CD1C	1.0890738	0.96018374
GC07T:CCTACCACACGAAAGC	GC07T	5664.0	1744	0.031426553	T	GC07	Mφ_THBS1	-0.22751674	-7.943845
GC07T:CCTAGCTTCCATTCTA	GC07T	8994.0	2384	0.022125863	T	GC07	Mφ_THBS1	-1.1321249	-5.8858714
GC07T:CCTATTAGTTAAGTAG	GC07T	7055.0	1756	0.04153083	T	GC07	Mφ_THBS1	-2.6147082	-6.505084
GC07T:CCTCAGTCATCACGTA	GC07T	16439.0	4104	0.044224102	T	GC07	Mφ_APOE	-1.7360183	1.3199831
GC07T:CCTCTGATCAGAGACG	GC07T	15058.0	3158	0.024837296	T	GC07	Mφ_THBS1	0.18932316	-3.1991086
GC07T:CCTTACGCAGCATACT	GC07T	17999.0	3095	0.028446024	T	GC07	cDC1_XCR1	1.3282593	2.7658947
GC07T:CGAGAAGCAAGGTTCT	GC07T	11236.0	2491	0.04476682	T	GC07	cDC2_CD1C	2.6399438	-2.5844512
GC07T:CGAGCACTCAAAGTAG	GC07T	4445.0	1675	0.04071991	T	GC07	Mφ_APOE	-1.1033291	0.820865
GC07T:CGATGGCTCATCATTC	GC07T	3397.0	1223	0.028848985	T	GC07	Mφ_THBS1	-0.20381957	-6.5874267
GC07T:CGATTGACATGATCCA	GC07T	21516.0	3719	0.018916156	T	GC07	Mφ_APOE	-2.9101565	-2.6515822
GC07T:CGCGGTAGTCATACTG	GC07T	23301.0	3990	0.025192052	T	GC07	cDC2_CD1C	0.51840216	-2.0221
GC07T:CGCTATCGTACGAAAT	GC07T	11376.0	2528	0.03445851	T	GC07	Mφ_THBS1	-1.0887436	-5.273901
GC07T:CGCTGGATCAAACAAG	GC07T	9651.0	2638	0.054398507	T	GC07	cDC2_CD1C	1.66309	-1.7476562
GC07T:CGCTTCATCCCATTTA	GC07T	3959.0	1237	0.038140945	T	GC07	Mφ_THBS1	-0.12445548	-7.38263
GC07T:CGGACGTAGAGATGAG	GC07T	7825.0	1605	0.012396166	T	GC07	Mφ_APOE	-2.0626814	-1.520883
GC07T:CGGACTGAGGCCGAAT	GC07T	11113.0	2428	0.034644112	T	GC07	Mφ_THBS1	-2.5714746	-4.6654663
GC07T:CGGAGCTGTACGCACC	GC07T	2294.0	733	0.04489974	T	GC07	DC_LAMP3	3.6664007	-1.639346
GC07T:CGGAGTCCATCATCCC	GC07T	2911.0	913	0.05118516	T	GC07	pDC_LILRA4	3.0727935	-0.1828007
GC07T:CGGAGTCTCAACTCTT	GC07T	4170.0	1406	0.020623501	T	GC07	Mφ_THBS1	-0.4272264	-7.792179
GC07T:CGGCTAGGTACCGAGA	GC07T	6834.0	2284	0.02077846	T	GC07	pDC_LILRA4	4.633151	2.5492492
GC07T:CGTAGCGGTCCAAGTT	GC07T	11458.0	2629	0.043637633	T	GC07	cDC2_CD1C	1.1790464	-4.1210003
GC07T:CGTAGCGTCTACCTGC	GC07T	11705.0	2575	0.034002565	T	GC07	cDC2_CD1C	2.22956	-1.7260402
GC07T:CGTAGGCAGGAATGGA	GC07T	10259.0	2721	0.02768301	T	GC07	pDC_LILRA4	4.408587	2.7821693
GC07T:CGTCAGGGTTACAGAA	GC07T	7479.0	2234	0.039711192	T	GC07	Mφ_APOE	-1.3529817	-1.2136858
GC07T:CGTCCATTCGTAGGAG	GC07T	22541.0	3849	0.02448871	T	GC07	cDC2_CD1C	0.8234911	-2.726306
GC07T:CGTGTCTGTCTGCCAG	GC07T	15728.0	3038	0.061609868	T	GC07	cDC1_XCR1	0.9392211	2.101116
GC07T:CGTGTCTTCTGAAAGA	GC07T	14958.0	3526	0.013504479	T	GC07	cDC2_CD1C	2.2673438	-0.13677756
GC07T:CGTTAGATCATGTCTT	GC07T	1277.0	581	0.034455754	T	GC07	Mφ_THBS1	-0.31194946	-6.1877823
GC07T:CGTTGGGCACTGTGTA	GC07T	4111.0	1472	0.057893455	T	GC07	Mφ_APOE	-1.2997936	0.72452074
GC07T:CTAAGACTCGCCTGTT	GC07T	9101.0	2572	0.024502803	T	GC07	pDC_LILRA4	4.2295136	2.7376485
GC07T:CTACATTCAGGGTTAG	GC07T	31259.0	4758	0.036341533	T	GC07	Mφ_APOE	-1.760248	-0.61347497
GC07T:CTACATTGTGGGTATG	GC07T	13912.0	3228	0.031555492	T	GC07	Mφ_APOE	-1.8884486	-0.21365203
GC07T:CTAGAGTGTACCCAAT	GC07T	14039.0	2826	0.050644632	T	GC07	cDC2_CD1C	2.4393482	-2.2621908
GC07T:CTAGAGTGTATGGTTC	GC07T	3501.0	1190	0.038846046	T	GC07	Mφ_THBS1	-0.7420206	-5.470304
GC07T:CTAGAGTTCCGCTGTT	GC07T	6892.0	1954	0.030615207	T	GC07	Mφ_THBS1	0.20946288	-7.8535833
GC07T:CTAGCCTGTTGGTAAA	GC07T	1428.0	658	0.030112045	T	GC07	Mφ_THBS1	-0.15886353	-6.6715775
GC07T:CTCATTAAGGCTAGAC	GC07T	6704.0	2016	0.031622913	T	GC07	cDC2_CD1C	1.8218756	0.11603742
GC07T:CTCCTAGAGAGTACAT	GC07T	14810.0	3376	0.09264011	T	GC07	Mφ_APOE	-3.1163561	-0.42019534
GC07T:CTCGAAACAGGGTACA	GC07T	21928.0	3754	0.046561472	T	GC07	Mφ_APOE	-1.7406514	-0.2513026
GC07T:CTCGAAAGTGCACGAA	GC07T	24007.0	4299	0.026575582	T	GC07	Mφ_APOE	-1.1269896	-1.1927613
GC07T:CTCGAAATCGGTTAAC	GC07T	3685.0	1308	0.046404343	T	GC07	Mφ_APOE	-1.4122777	-0.32680094
GC07T:CTCGGGAGTGTTGAGG	GC07T	5512.0	1394	0.05025399	T	GC07	Mφ_THBS1	-1.5965555	-6.748872
GC07T:CTCGTACAGCAGGCTA	GC07T	8903.0	2544	0.034258116	T	GC07	Mφ_APOE	-1.4416898	-0.96494746
GC07T:CTCGTACCATCCAACA	GC07T	22111.0	3998	0.044367056	T	GC07	Mφ_THBS1	-1.7764597	-3.046963
GC07T:CTCGTCACAGGAACGT	GC07T	4011.0	1492	0.027923211	T	GC07	Mφ_THBS1	-0.51855946	-6.6636477
GC07T:CTCGTCAGTTGGGACA	GC07T	3962.0	1328	0.030287733	T	GC07	Mφ_APOE	-1.4266596	-0.9584795
GC07T:CTCTACGGTCCGAAGA	GC07T	4531.0	1527	0.07128669	T	GC07	Mφ_APOE	-2.1546674	-0.7424854
GC07T:CTGATAGAGAGGTACC	GC07T	16983.0	3420	0.045574985	T	GC07	cDC2_CD1C	1.5288172	0.8795862
GC07T:CTTCTCTAGAAACGCC	GC07T	13565.0	3031	0.0339108	T	GC07	cDC2_CD1C	2.0094903	-2.8115768
GC07T:CTTGGCTAGACTAGAT	GC07T	9365.0	2595	0.03993593	T	GC07	Mφ_APOE	-1.0666317	0.3939443
GC07T:CTTTGCGCACAGTCGC	GC07T	4419.0	1448	0.025118805	T	GC07	Mφ_THBS1	-1.5507026	-6.9908648
GC07T:CTTTGCGCACCCTATC	GC07T	10475.0	2246	0.048114557	T	GC07	Mφ_THBS1	0.2522582	-7.834861
GC07T:GAAACTCGTGGAAAGA	GC07T	8113.0	2110	0.042401087	T	GC07	Mφ_THBS1	-0.2123398	-7.8225684
GC07T:GAAATGAAGTACGTTC	GC07T	10678.0	2367	0.031560216	T	GC07	cDC2_CD1C	1.5603325	-3.3834782
GC07T:GAACGGAGTGCGCTTG	GC07T	7965.0	1796	0.05034526	T	GC07	DC_LAMP3	4.281915	-0.88962406
GC07T:GAACGGATCAGGTAAA	GC07T	11490.0	2479	0.04038294	T	GC07	Mφ_THBS1	-2.2581117	-6.154919
GC07T:GAATAAGAGATGTGTA	GC07T	9288.0	2915	0.04500431	T	GC07	Mφ_APOE	-1.9801835	-0.30497694
GC07T:GAATGAATCCCGGATG	GC07T	17490.0	3443	0.01789594	T	GC07	cDC2_CD1C	0.93451834	-1.764968
GC07T:GACACGCAGTTTAGGA	GC07T	4994.0	1478	0.038846616	T	GC07	Mφ_THBS1	-0.40029845	-7.616728
GC07T:GACACGCGTACCTACA	GC07T	13926.0	2487	0.032098234	T	GC07	cDC1_XCR1	1.6755552	2.0162976
GC07T:GACCAATAGTCTTGCA	GC07T	1913.0	818	0.025091479	T	GC07	Mφ_THBS1	0.025148565	-6.7767777
GC07T:GACCTGGGTCGTCTTC	GC07T	9176.0	2243	0.058195293	T	GC07	cDC2_CD1C	2.1656957	-2.1449318
GC07T:GACGTGCTCGGAGGTA	GC07T	22925.0	4110	0.03563795	T	GC07	Mφ_APOE	-1.669901	-0.61501473
GC07T:GACGTTACATTACCTT	GC07T	7962.0	2161	0.055388093	T	GC07	Mφ_THBS1	-0.2985073	-7.5357437
GC07T:GACTGCGAGACCGGAT	GC07T	15842.0	3146	0.03440222	T	GC07	cDC2_CD1C	1.3981444	-2.3484735
GC07T:GAGCAGAAGGCTAGGT	GC07T	10968.0	2305	0.039296135	T	GC07	Mφ_THBS1	-1.3522351	-6.9973583
GC07T:GAGCAGACAATTGCTG	GC07T	9375.0	2497	0.030506667	T	GC07	Mφ_THBS1	-2.1292648	-4.81265
GC07T:GAGGTGAAGTGGAGAA	GC07T	8266.0	2115	0.024316477	T	GC07	DC_LAMP3	4.673242	-0.9312834
GC07T:GATCGCGCAACTGCTA	GC07T	5676.0	1814	0.029598309	T	GC07	Mφ_THBS1	-0.094524905	-7.6242547
GC07T:GATCGTAGTGAACCTT	GC07T	15069.0	3086	0.036498774	T	GC07	cDC2_CD1C	2.4845705	-2.3290372
GC07T:GATCTAGAGGCGTACA	GC07T	9306.0	2238	0.04233828	T	GC07	cDC2_CD1C	1.9663193	-3.0906515
GC07T:GATGAAATCAGCTCGG	GC07T	2360.0	1098	0.022881355	T	GC07	Mφ_APOE	-1.5519361	-0.36923486
GC07T:GATTCAGCATTACCTT	GC07T	6429.0	1848	0.03873075	T	GC07	Mφ_THBS1	0.07812168	-8.039997
GC07T:GCAATCACAAGCCCAC	GC07T	14799.0	2925	0.03871883	T	GC07	cDC2_CD1C	1.5313752	-2.502909
GC07T:GCACATACATACGCCG	GC07T	18867.0	4351	0.021413049	T	GC07	Mφ_APOE	-1.163333	-0.10332091
GC07T:GCACATAGTCCGTCAG	GC07T	6590.0	2331	0.038694993	T	GC07	pDC_LILRA4	5.045446	2.4162774
GC07T:GCATACAGTAAGAGGA	GC07T	14973.0	3852	0.019234622	T	GC07	Mφ_APOE	-2.8369973	-0.44524404
GC07T:GCCAAATAGTTCGATC	GC07T	11759.0	2883	0.04855855	T	GC07	cDC2_CD1C	1.4284399	-2.7940474
GC07T:GCGAGAACAAGCGAGT	GC07T	7068.0	1869	0.035370685	T	GC07	Mφ_THBS1	-0.05077301	-7.4717937
GC07T:GCTGCGAAGCTGCGAA	GC07T	2679.0	1141	0.018290406	T	GC07	Mφ_THBS1	-0.40588754	-3.6949928
GC07T:GCTGCGAGTGTTCTTT	GC07T	15108.0	3772	0.020982262	T	GC07	Mφ_APOE	-2.8174624	-0.7905329
GC07T:GCTGCGATCAGCTCTC	GC07T	9959.0	2595	0.034240387	T	GC07	Mφ_THBS1	-0.49622384	-3.85205
GC07T:GCTGCTTTCCTTCAAT	GC07T	18088.0	4050	0.03731756	T	GC07	Mφ_APOE	-2.082199	0.15881602
GC07T:GCTGGGTCAAAGTCAA	GC07T	18847.0	4108	0.01968483	T	GC07	Mφ_APOE	-2.227599	-2.6379404
GC07T:GGAAAGCAGCCAGGAT	GC07T	15419.0	2945	0.031000713	T	GC07	cDC2_CD1C	2.248142	-2.0350168
GC07T:GGAAAGCCAGGTCCAC	GC07T	34259.0	4706	0.048950642	T	GC07	Mφ_APOE	-1.5760372	-1.8838843
GC07T:GGAATAAGTCCAAGTT	GC07T	2406.0	1029	0.051537823	T	GC07	Mφ_THBS1	-0.31598052	-7.2407575
GC07T:GGACGTCTCCAGAGGA	GC07T	2369.0	935	0.029548332	T	GC07	Mφ_THBS1	-0.3098983	-5.7328267
GC07T:GGAGCAACACGAGGTA	GC07T	9991.0	2560	0.018216394	T	GC07	Mφ_APOE	-1.587008	-0.69582844
GC07T:GGATTACGTATGGTTC	GC07T	5353.0	1710	0.04446105	T	GC07	Mφ_THBS1	-1.3415024	-3.9460468
GC07T:GGCGACTAGTCCGTAT	GC07T	16087.0	3313	0.04239448	T	GC07	Mφ_APOE	-1.9296709	0.22862484
GC07T:GGCTCGATCGGACAAG	GC07T	12663.0	2652	0.04185422	T	GC07	cDC2_CD1C	2.4165564	-0.61664826
GC07T:GGCTGGTCAGTCACTA	GC07T	37524.0	5301	0.039974418	T	GC07	Mφ_APOE	-3.0870197	-1.5695226
GC07T:GGCTGGTGTCTGATTG	GC07T	15231.0	2645	0.063095	T	GC07	DC_LAMP3	4.7257295	-0.5602583
GC07T:GGGAGATCAGTAGAGC	GC07T	6375.0	1977	0.04627451	T	GC07	Mono_FCGR3A	5.778915	-2.454039
GC07T:GGGTCTGAGCAGATCG	GC07T	3831.0	1302	0.044896893	T	GC07	cDC2_CD1C	0.89506495	-3.6285036
GC07T:GGGTCTGGTACAGACG	GC07T	5175.0	1639	0.058550723	T	GC07	Mφ_THBS1	0.0779184	-7.997734
GC07T:GGGTTGCCAGCTCCGA	GC07T	1493.0	719	0.018084394	T	GC07	Mφ_THBS1	0.21506	-6.5125794
GC07T:GGTATTGAGACAGACC	GC07T	11491.0	3283	0.029762423	T	GC07	pDC_LILRA4	4.5307837	3.034342
GC07T:GGTGCGTTCAGGCAAG	GC07T	11167.0	2561	0.022387391	T	GC07	Mφ_THBS1	-1.1135433	-4.856076
GC07T:GGTGTTAAGCTGAAAT	GC07T	12606.0	2913	0.044343963	T	GC07	Mφ_APOE	-2.2900538	-1.4470112
GC07T:GTACTTTTCGCGATCG	GC07T	6083.0	1747	0.03074141	T	GC07	Mφ_THBS1	0.022335384	-7.519244
GC07T:GTAGGCCTCCGATATG	GC07T	2308.0	930	0.03119584	T	GC07	Mφ_APOE	-2.2015233	-1.5259635
GC07T:GTAGTCAAGAATCTCC	GC07T	26715.0	4520	0.019539585	T	GC07	Mφ_APOE	-3.3282912	-0.81726205
GC07T:GTATTCTCACTGTGTA	GC07T	5645.0	1656	0.09530558	T	GC07	cDC2_CD1C	1.100642	-1.5336784
GC07T:GTCACAAAGTGGTAAT	GC07T	23211.0	3930	0.024643488	T	GC07	cDC2_CD1C	1.9950972	0.28093338
GC07T:GTCACGGAGTCTCGGC	GC07T	6356.0	1925	0.03791693	T	GC07	Mφ_APOE	-1.5546175	0.15035504
GC07T:GTCACGGGTGTTCGAT	GC07T	6819.0	2018	0.024050448	T	GC07	Mφ_THBS1	-0.39758497	-4.5490055
GC07T:GTCATTTAGAGCAATT	GC07T	13139.0	3324	0.02054951	T	GC07	pDC_LILRA4	5.0190997	2.7657535
GC07T:GTCATTTCATTCCTCG	GC07T	20783.0	3812	0.039695904	T	GC07	Mφ_APOE	-1.7881488	0.14227791
GC07T:GTCGGGTAGGCTATCT	GC07T	1543.0	732	0.022683084	T	GC07	Mφ_APOE	-0.9263605	0.21423855
GC07T:GTGAAGGCACACCGAC	GC07T	13800.0	2723	0.029927537	T	GC07	Mφ_THBS1	-2.4113815	-3.64357
GC07T:GTGAAGGGTTTACTCT	GC07T	10365.0	3216	0.03473227	T	GC07	pDC_LILRA4	4.429635	1.8427646
GC07T:GTGCAGCAGTATTGGA	GC07T	6621.0	1808	0.04636762	T	GC07	Mφ_THBS1	0.12577167	-7.7617
GC07T:GTGCAGCCAAAGTCAA	GC07T	5928.0	1696	0.04959514	T	GC07	Mφ_THBS1	-2.0950644	-6.5352135
GC07T:GTGCAGCGTGACTCAT	GC07T	8579.0	2921	0.01387108	T	GC07	pDC_LILRA4	4.7484255	2.9040782
GC07T:GTGCGGTTCAACGCTA	GC07T	20157.0	3359	0.029171007	T	GC07	Mφ_APOE	-1.805427	-0.77960324
GC07T:GTGGGTCAGCGTGAAC	GC07T	11505.0	2559	0.038070403	T	GC07	cDC2_CD1C	2.4160128	-2.2798958
GC07T:GTGGGTCAGGAGTTTA	GC07T	23637.0	4166	0.02318399	T	GC07	Mφ_APOE	-2.954495	0.47085693
GC07T:GTGGGTCGTTCGGCAC	GC07T	9740.0	2215	0.037063655	T	GC07	Mφ_THBS1	-0.97673064	-6.6276736
GC07T:GTGGGTCTCATGTCCC	GC07T	9340.0	2327	0.03222698	T	GC07	cDC2_CD1C	2.5009868	-1.861915
GC07T:GTGTGCGAGACCACGA	GC07T	35047.0	4534	0.027477387	T	GC07	Mφ_APOE	-3.014147	-0.26989585
GC07T:GTGTTAGAGAGCTGCA	GC07T	5796.0	1693	0.030710835	T	GC07	Mφ_THBS1	-0.29824433	-4.943551
GC07T:GTGTTAGTCTCGAGTA	GC07T	14963.0	2958	0.040633563	T	GC07	cDC2_CD1C	1.1616291	-2.3856287
GC07T:GTTACAGAGGCGACAT	GC07T	22303.0	3630	0.016634533	T	GC07	Mφ_APOE	-2.8958418	-2.4096928
GC07T:GTTCATTTCCACTGGG	GC07T	16020.0	3467	0.054057427	T	GC07	DC_LAMP3	4.635067	-0.7985571
GC07T:GTTCGGGGTCGCGGTT	GC07T	3182.0	1202	0.045883093	T	GC07	Mφ_APOE	-1.2406209	0.6828465
GC07T:GTTTCTAGTGTAAGTA	GC07T	2431.0	950	0.016454134	T	GC07	Mφ_APOE	-2.1632795	-1.7640227
GC07T:TAAGCGTGTCTCCACT	GC07T	4764.0	1850	0.0077665825	T	GC07	Mφ_APOE	-2.377835	-1.1920679
GC07T:TAAGTGCAGCACAGGT	GC07T	18199.0	3732	0.030166492	T	GC07	Mφ_APOE	-2.2256663	-0.5453097
GC07T:TAAGTGCGTGTAATGA	GC07T	13829.0	2825	0.020464242	T	GC07	cDC2_CD1C	2.1344254	-0.05593017
GC07T:TACACGATCAATAAGG	GC07T	26111.0	3832	0.05338746	T	GC07	DC_LAMP3	4.216795	-0.57684654
GC07T:TACAGTGAGAGTCGGT	GC07T	5897.0	1610	0.040868238	T	GC07	Mφ_THBS1	-2.092171	-4.7578053
GC07T:TACGGTAAGTTAGCGG	GC07T	9893.0	1915	0.040230464	T	GC07	Mφ_THBS1	1.3201866	-3.574174
GC07T:TACGGTAAGTTCCACA	GC07T	15464.0	3029	0.08458355	T	GC07	Mφ_APOE	-1.467323	0.092868015
GC07T:TACTCATCAGCCTTTC	GC07T	3349.0	1349	0.09346073	T	GC07	pDC_LILRA4	4.9124517	2.1815712
GC07T:TAGAGCTCAGGATCGA	GC07T	10444.0	2134	0.041842207	T	GC07	Mφ_THBS1	-1.9038879	-6.404415
GC07T:TAGAGCTCATGCTGGC	GC07T	9166.0	2613	0.018765	T	GC07	pDC_LILRA4	4.43009	2.9077184
GC07T:TAGCCGGCACGTGAGA	GC07T	14195.0	2895	0.023106728	T	GC07	Mφ_APOE	-2.8840432	-2.8915775
GC07T:TAGGCATTCGCGTTTC	GC07T	16978.0	3685	0.044292614	T	GC07	cDC2_CD1C	0.13593051	-1.8813872
GC07T:TATCTCAAGGCTCATT	GC07T	2293.0	1026	0.022241605	T	GC07	Mφ_THBS1	0.396001	-6.1712337
GC07T:TATTACCAGATCGGGT	GC07T	7423.0	1948	0.052674122	T	GC07	cDC2_CD1C	2.5755944	-0.86227524
GC07T:TCAACGAAGCGCTTAT	GC07T	5094.0	2484	0.0066745193	T	GC07	Mφ_APOE	-1.8727756	0.20652369
GC07T:TCAACGACACACATGT	GC07T	33774.0	5341	0.041836917	T	GC07	cDC1_XCR1	0.853962	1.583383
GC07T:TCAACGATCGGTGTCG	GC07T	6712.0	2100	0.04126937	T	GC07	Mφ_APOE	-1.8219641	-0.2982873
GC07T:TCACGAATCTGCGTAA	GC07T	7311.0	1997	0.031322666	T	GC07	Mφ_THBS1	-0.80946076	-7.548505
GC07T:TCAGCTCAGATGTCGG	GC07T	18549.0	3382	0.026686074	T	GC07	Mφ_APOE	-3.4784899	-0.63085836
GC07T:TCCACACAGAGGTTAT	GC07T	47147.0	5696	0.019555857	T	GC07	Mφ_APOE	-3.309028	-0.48187986
GC07T:TCCACACAGCAGGCTA	GC07T	32030.0	4435	0.022104276	T	GC07	Mφ_APOE	-3.0151658	-1.1447353
GC07T:TCCACACGTAGGGTAC	GC07T	21366.0	3802	0.035430122	T	GC07	Mφ_APOE	-1.365506	0.18652707
GC07T:TCCCGATCACATCTTT	GC07T	4441.0	1557	0.02747129	T	GC07	Mφ_THBS1	-0.47791287	-7.307343
GC07T:TCGGTAACACTCAGGC	GC07T	5103.0	1527	0.031941995	T	GC07	cDC2_CD1C	1.870499	-3.1830122
GC07T:TCGTACCCAATCTACG	GC07T	10584.0	2955	0.024187453	T	GC07	pDC_LILRA4	4.5415087	2.967356
GC07T:TCGTAGAAGGAGTAGA	GC07T	989.0	350	0.011122346	T	GC07	Mφ_APOE	-2.4461427	-1.4981352
GC07T:TCGTAGATCAGGCGAA	GC07T	14186.0	2413	0.029677147	T	GC07	DC_LAMP3	4.8378158	-0.8861999
GC07T:TCTATTGCACGGCGTT	GC07T	7121.0	2456	0.007864064	T	GC07	Mφ_APOE	-2.4488497	0.0007983311
GC07T:TCTCATAAGCTGCGAA	GC07T	13202.0	2951	0.030222693	T	GC07	cDC2_CD1C	0.75070983	-1.42421
GC07T:TCTCATAGTTATTCTC	GC07T	23461.0	4253	0.024039896	T	GC07	Mφ_APOE	-2.5899885	0.8815181
GC07T:TCTGAGAAGGTTCCTA	GC07T	12086.0	3132	0.023498263	T	GC07	pDC_LILRA4	3.9594471	1.5148076
GC07T:TGACAACCATGTCTCC	GC07T	3579.0	1244	0.022073206	T	GC07	Mφ_THBS1	-0.81791705	-7.0634084
GC07T:TGACGGCCACGGCTAC	GC07T	13490.0	3038	0.023498887	T	GC07	Mφ_THBS1	-0.7150918	-3.0176246
GC07T:TGCCCTACATTAGGCT	GC07T	8674.0	2795	0.01729306	T	GC07	pDC_LILRA4	4.4536343	3.068901
GC07T:TGCGCAGAGAGGGCTT	GC07T	32758.0	4637	0.041150253	T	GC07	cDC1_XCR1	0.8439419	2.0786304
GC07T:TGCGCAGGTACACCGC	GC07T	6551.0	1862	0.0393833	T	GC07	Mφ_THBS1	0.42013445	-7.6973133
GC07T:TGCGGGTCATGATCCA	GC07T	5285.0	1558	0.026111636	T	GC07	Mφ_THBS1	-0.7039296	-7.681839
GC07T:TGCGGGTGTCATGCCG	GC07T	7907.0	2072	0.022005817	T	GC07	Mφ_THBS1	0.25515	-7.3060813
GC07T:TGGACGCCAAGCCATT	GC07T	14785.0	2827	0.03949949	T	GC07	DC_LAMP3	3.9480422	-0.8855287
GC07T:TGGCCAGAGCGGCTTC	GC07T	6571.0	1742	0.07137422	T	GC07	Mφ_THBS1	0.23704156	-6.309907
GC07T:TGGGCGTTCGCGCCAA	GC07T	1904.0	732	0.067226894	T	GC07	Mφ_APOE	-0.5467496	-2.0496147
GC07T:TGTATTCAGGTTACCT	GC07T	19180.0	3932	0.0181439	T	GC07	Mφ_APOE	-2.4561634	-0.57880425
GC07T:TGTATTCTCAACGCTA	GC07T	13180.0	2820	0.017905919	T	GC07	cDC2_CD1C	2.8605137	-0.42986816
GC07T:TGTGTTTGTTAAGACA	GC07T	14622.0	3558	0.046163317	T	GC07	Mφ_APOE	-1.570953	0.7509366
GC07T:TTAGTTCCACGCCAGT	GC07T	7555.0	2199	0.04606221	T	GC07	Mφ_APOE	-1.4713306	0.079893425
GC07T:TTAGTTCTCAATACCG	GC07T	5733.0	1775	0.02372231	T	GC07	Mφ_THBS1	-0.7645462	-7.8365874
GC07T:TTATGCTAGTGCAAGC	GC07T	1711.0	593	0.025715956	T	GC07	Mφ_APOE	0.31709698	-2.405223
GC07T:TTCGAAGTCGAACTGT	GC07T	1280.0	397	0.0375	T	GC07	Mφ_APOE	-2.4688423	-1.5950917
GC07T:TTCGGTCCAGACGCCT	GC07T	7548.0	1914	0.04146794	T	GC07	Mφ_APOE	-1.1945776	0.35354865
GC07T:TTCTACAGTGCAACTT	GC07T	8065.0	1899	0.036949784	T	GC07	Mφ_THBS1	-2.2030427	-6.3934727
GC07T:TTCTCCTCATCACAAC	GC07T	18913.0	3485	0.02797018	T	GC07	Mφ_APOE	-1.4559371	0.13776836
GC07T:TTCTTAGGTTTGCATG	GC07T	9037.0	2813	0.015049242	T	GC07	pDC_LILRA4	4.7657266	2.9518392
GC07T:TTTACTGCAGTTAACC	GC07T	9485.0	2170	0.017923037	T	GC07	DC_LAMP3	4.6735554	-0.8278624
GC07T:TTTACTGGTAACGTTC	GC07T	1543.0	694	0.023979262	T	GC07	Mφ_APOE	-1.6798869	-1.9040865
GC07T:TTTACTGGTGTTAAGA	GC07T	6245.0	1775	0.046437148	T	GC07	Mφ_THBS1	1.1711259	-6.565911
GC07T:TTTGGTTCATGAACCT	GC07T	929.0	517	0.020452099	T	GC07	Mφ_THBS1	0.19899656	-5.8971515
GC07T:TTTGTCAGTCATTAGC	GC07T	8570.0	2290	0.034072347	T	GC07	Mφ_APOE	-2.899807	-0.6218994
GC08P:AAAGATGCACTCGACG	GC08P	8202.0	2176	0.038283344	P	GC08	cDC2_CD1C	2.406568	-2.3277235
GC08P:AACACGTCACAAGTAA	GC08P	12256.0	3154	0.046671018	P	GC08	cDC2_CD1C	0.8405831	-1.3082323
GC08P:AACCATGGTTGGACCC	GC08P	4232.0	1358	0.039697543	P	GC08	Mφ_THBS1	0.35793933	-4.7885914
GC08P:AACTGGTCATCTACGA	GC08P	17125.0	3447	0.027620438	P	GC08	cDC2_CD1C	1.5557641	-1.6289963
GC08P:AAGGCAGAGCTGATAA	GC08P	10078.0	2769	0.08543362	P	GC08	Mφ_THBS1	-0.9106609	-2.5631888
GC08P:ACACCAAAGGAGTAGA	GC08P	1679.0	779	0.07564026	P	GC08	Mφ_THBS1	0.7482387	-5.2357936
GC08P:ACACCAAAGGATGGAA	GC08P	15528.0	3641	0.07992014	P	GC08	Mφ_APOE	-0.2084089	-1.3763354
GC08P:ACACCAACAGATGGGT	GC08P	10086.0	2714	0.040650405	P	GC08	Mφ_APOE	-0.36218888	-0.8301337
GC08P:ACACTGAAGCCGCCTA	GC08P	3469.0	1327	0.030268088	P	GC08	Mφ_THBS1	0.121899106	-7.21443
GC08P:ACAGCCGTCCGGCACA	GC08P	22589.0	3993	0.039532516	P	GC08	Mφ_APOE	0.051890172	-2.1236484
GC08P:ACAGCTAGTATTCGTG	GC08P	17060.0	3311	0.044196952	P	GC08	cDC2_CD1C	0.87493974	-1.6514064
GC08P:ACCGTAACACGAAATA	GC08P	3973.0	1630	0.040271834	P	GC08	Mφ_THBS1	0.0025303853	-4.6969967
GC08P:ACGATGTTCTGGCGAC	GC08P	6625.0	2221	0.053886794	P	GC08	Mφ_APOE	-1.4017717	-0.3125571
GC08P:ACGATGTTCTGTCTCG	GC08P	4564.0	1592	0.038562663	P	GC08	Mφ_THBS1	0.577378	-5.0318108
GC08P:ACGGCCATCTGTCCGT	GC08P	8269.0	2414	0.052847985	P	GC08	Mφ_APOE	-2.4151056	0.94183797
GC08P:ACGTCAACAATGACCT	GC08P	12223.0	3087	0.065286756	P	GC08	cDC2_CD1C	0.497399	-0.3906522
GC08P:ACTATCTCAGGAACGT	GC08P	16257.0	3528	0.06661746	P	GC08	cDC2_CD1C	0.69193465	-0.96765363
GC08P:ACTGATGCAGTAGAGC	GC08P	11113.0	2691	0.06388914	P	GC08	cDC2_CD1C	1.0536748	-3.0883086
GC08P:AGAATAGTCTGATTCT	GC08P	7878.0	2506	0.051535923	P	GC08	Mono_CD14	2.2695527	-4.9202275
GC08P:AGAGCGACATGACGGA	GC08P	5155.0	1672	0.051794376	P	GC08	Mφ_THBS1	0.73502475	-5.189485
GC08P:AGATTGCAGCACCGCT	GC08P	868.0	407	0.04608295	P	GC08	Mφ_THBS1	0.69187695	-4.4510484
GC08P:AGATTGCGTGAAATCA	GC08P	16649.0	3412	0.037719984	P	GC08	cDC2_CD1C	0.5157939	-2.2897465
GC08P:AGCCTAAGTTGGTAAA	GC08P	4673.0	1460	0.09800985	P	GC08	Mφ_THBS1	0.49144477	-5.82954
GC08P:AGGCCACTCGGATGGA	GC08P	11770.0	2957	0.038572643	P	GC08	Mφ_APOE	-0.8314361	-2.7715132
GC08P:AGGGATGTCCAGTATG	GC08P	13996.0	3474	0.053158045	P	GC08	Mφ_APOE	-2.982116	-1.4569305
GC08P:AGGTCATGTTTGCATG	GC08P	9747.0	2446	0.046783626	P	GC08	cDC2_CD1C	1.3444103	-2.7167037
GC08P:AGTGGGAAGCGTTGCC	GC08P	5018.0	1647	0.041450776	P	GC08	Mφ_THBS1	0.9064862	-4.3832636
GC08P:AGTGTCAGTCAGAATA	GC08P	13415.0	2989	0.04316064	P	GC08	cDC2_CD1C	2.2583845	-0.24799708
GC08P:ATCATCTAGTGGACGT	GC08P	4145.0	1526	0.06731001	P	GC08	Mφ_THBS1	-0.544079	-7.3049474
GC08P:ATCGAGTAGTGTACGG	GC08P	6041.0	1803	0.09783149	P	GC08	Mφ_THBS1	0.9125178	-6.7854624
GC08P:ATCTACTAGTTAGGTA	GC08P	9156.0	2735	0.059305374	P	GC08	cDC2_CD1C	0.9720886	-1.4355755
GC08P:ATTACTCTCCTAGAAC	GC08P	23650.0	3882	0.040169135	P	GC08	cDC1_XCR1	1.3091373	2.8609054
GC08P:CAACTAGGTCCAGTTA	GC08P	8122.0	2143	0.061314948	P	GC08	Mφ_THBS1	-0.9877778	-7.047816
GC08P:CAAGGCCAGTCGTACT	GC08P	6558.0	1848	0.043763343	P	GC08	Mφ_THBS1	0.12308836	-6.584995
GC08P:CACACTCTCCATGAGT	GC08P	15643.0	3850	0.036565877	P	GC08	Mφ_APOE	-3.3270123	-1.6817344
GC08P:CACATAGTCTCGAGTA	GC08P	1071.0	511	0.0074696545	P	GC08	Mφ_APOE	-0.16610691	-2.0864646
GC08P:CACATTTAGGATATAC	GC08P	12419.0	3460	0.044609066	P	GC08	Mφ_APOE	-0.92798424	0.039177235
GC08P:CACCACTCACATGGGA	GC08P	18569.0	3996	0.044267327	P	GC08	Mφ_APOE	-0.6855465	-0.25595996
GC08P:CACCACTCATATGGTC	GC08P	11828.0	2663	0.057913426	P	GC08	Mφ_APOE	-2.209557	0.58575255
GC08P:CACCAGGAGGTGCAAC	GC08P	13140.0	3076	0.059893455	P	GC08	cDC2_CD1C	2.443381	-0.49461487
GC08P:CACCAGGTCGTCACGG	GC08P	7538.0	2372	0.048951976	P	GC08	Mφ_THBS1	-0.6736423	-6.277664
GC08P:CAGAGAGCACCAGTTA	GC08P	7095.0	2236	0.054968286	P	GC08	Mφ_THBS1	0.10169125	-6.858782
GC08P:CAGATCATCGTGGACC	GC08P	4664.0	1696	0.0338765	P	GC08	Mφ_APOE	-0.5830443	-2.7823255
GC08P:CATGCCTAGGAGTTTA	GC08P	8974.0	2723	0.04000446	P	GC08	Mφ_THBS1	-1.4210904	-6.1429005
GC08P:CATGGCGGTCAATACC	GC08P	2650.0	999	0.06830189	P	GC08	Mφ_THBS1	0.7908024	-6.7194386
GC08P:CCAATCCCATAGAAAC	GC08P	5293.0	1708	0.035896465	P	GC08	Mφ_THBS1	-0.6644524	-3.454799
GC08P:CCAATCCCATGCATGT	GC08P	8178.0	2443	0.03888481	P	GC08	Mφ_APOE	-1.3000563	-0.92766196
GC08P:CCATTCGCATTGGGCC	GC08P	4905.0	1745	0.06401631	P	GC08	Mφ_APOE	-1.1038164	0.21928115
GC08P:CCCTCCTGTCTTGTCC	GC08P	18491.0	3902	0.046833593	P	GC08	Mφ_APOE	-0.60775137	-2.2311897
GC08P:CCGGTAGTCGCAAGCC	GC08P	13018.0	2710	0.03441389	P	GC08	cDC2_CD1C	2.7740378	-2.0297904
GC08P:CCTAAAGAGGCGATAC	GC08P	4821.0	1635	0.035054967	P	GC08	Mφ_THBS1	1.2002056	-5.5241475
GC08P:CCTAGCTCACTACAGT	GC08P	6153.0	1888	0.026653664	P	GC08	Mφ_THBS1	0.18311077	-4.4936357
GC08P:CCTAGCTTCGGTGTTA	GC08P	7874.0	2104	0.048260096	P	GC08	cDC2_CD1C	1.2085328	-4.3465304
GC08P:CCTCAGTAGCGATATA	GC08P	8035.0	2347	0.04181705	P	GC08	Mφ_THBS1	-0.7421346	-6.30807
GC08P:CGACCTTAGACAAGCC	GC08P	3575.0	1186	0.07888112	P	GC08	Mφ_THBS1	0.09693324	-3.5343525
GC08P:CGAGCCAAGGCCCTTG	GC08P	12790.0	2923	0.06254887	P	GC08	cDC2_CD1C	2.2841432	-0.5306592
GC08P:CGATGGCCAAGGACTG	GC08P	18326.0	4431	0.03694205	P	GC08	Mφ_APOE	-0.29130912	-0.050975986
GC08P:CGATGGCTCAGTGCAT	GC08P	6869.0	2034	0.052409377	P	GC08	Mφ_THBS1	0.20500183	-6.5907464
GC08P:CGATGTAAGTGTTAGA	GC08P	5238.0	1757	0.0744559	P	GC08	Mφ_THBS1	0.56302375	-5.4886956
GC08P:CGCGGTACAGGTGCCT	GC08P	1623.0	681	0.05422058	P	GC08	Mφ_THBS1	0.10586565	-6.197739
GC08P:CGCTGGACATCTCGCT	GC08P	5392.0	1839	0.02911721	P	GC08	Mφ_THBS1	1.3248609	-5.802835
GC08P:CGCTTCAGTTCGAATC	GC08P	6338.0	2162	0.058851372	P	GC08	Mφ_THBS1	1.0886102	-5.7471747
GC08P:CGCTTCATCTATCGCC	GC08P	9564.0	2523	0.032517776	P	GC08	cDC2_CD1C	1.9407327	-2.494697
GC08P:CGGACACAGATAGGAG	GC08P	17058.0	3932	0.06659632	P	GC08	cDC2_CD1C	2.0056345	0.49952167
GC08P:CGGACACCATCCCATC	GC08P	4906.0	1619	0.08683245	P	GC08	Mono_FCGR3A	5.5294237	-3.2007847
GC08P:CGGACGTAGATGTCGG	GC08P	2472.0	1038	0.03883495	P	GC08	Mφ_THBS1	0.456718	-6.069303
GC08P:CGGACTGAGATCTGAA	GC08P	6076.0	1987	0.043778803	P	GC08	Mφ_THBS1	0.30129212	-7.165105
GC08P:CGGGTCAAGGCTCAGA	GC08P	10676.0	2896	0.026601724	P	GC08	Mφ_THBS1	-1.5065433	-5.775397
GC08P:CGGGTCATCGCGGATC	GC08P	2113.0	811	0.029342167	P	GC08	Mφ_THBS1	1.3735288	-6.0414753
GC08P:CGTGTCTCAAAGGCGT	GC08P	3288.0	1237	0.049878344	P	GC08	Mφ_THBS1	1.3323492	-6.0388956
GC08P:CGTTAGAGTCGAGATG	GC08P	2420.0	995	0.041322313	P	GC08	Mφ_THBS1	0.7946512	-6.4825554
GC08P:CGTTCTGTCGCCTGTT	GC08P	1016.0	556	0.016732283	P	GC08	Mφ_THBS1	-0.03340061	-6.7072496
GC08P:CTAATGGAGAGGGATA	GC08P	11028.0	2980	0.06537904	P	GC08	Mφ_THBS1	-1.7544364	-5.6870084
GC08P:CTACCCACATTGGTAC	GC08P	4520.0	1235	0.061946902	P	GC08	DC_LAMP3	3.9402106	-1.4177839
GC08P:CTAGTGAAGTACGCGA	GC08P	5491.0	1711	0.036969587	P	GC08	Mφ_THBS1	1.2888337	-6.78349
GC08P:CTAGTGAAGTGTTAGA	GC08P	3038.0	1138	0.06287031	P	GC08	Mφ_THBS1	0.07634567	-5.331575
GC08P:CTCGAGGCAGTGGAGT	GC08P	5863.0	2034	0.039229065	P	GC08	Mφ_THBS1	-0.5299256	-4.7661705
GC08P:CTCGGAGGTCTCTTTA	GC08P	6340.0	2034	0.042113565	P	GC08	Mφ_THBS1	1.361435	-5.8097405
GC08P:CTCTGGTTCATCGATG	GC08P	12475.0	3358	0.056673348	P	GC08	Mφ_APOE	-0.8115566	-2.2700672
GC08P:CTGAAGTAGATCCTGT	GC08P	3787.0	1537	0.055452865	P	GC08	Mφ_THBS1	0.89021355	-7.596368
GC08P:CTGAAGTCAGTAGAGC	GC08P	7892.0	2276	0.073872276	P	GC08	Mono_FCGR3A	5.772875	-2.4214382
GC08P:CTGATCCCACCACGTG	GC08P	12237.0	3162	0.034975894	P	GC08	Mφ_APOE	-1.6631253	-1.7527701
GC08P:CTTAGGAGTATATCCG	GC08P	12120.0	2972	0.052062705	P	GC08	Mφ_THBS1	1.6212856	-4.4216623
GC08P:GAACCTAAGTGAAGAG	GC08P	11891.0	2751	0.045664787	P	GC08	cDC2_CD1C	2.3908873	-0.65230083
GC08P:GAAGCAGTCACATGCA	GC08P	1142.0	601	0.0026269702	P	GC08	Mφ_APOE	-0.5541006	-1.7316135
GC08P:GAATGAATCTCGAGTA	GC08P	16530.0	3651	0.055595886	P	GC08	Mφ_APOE	-0.85822546	-0.6044079
GC08P:GACACGCGTAGAAGGA	GC08P	4977.0	1641	0.040988546	P	GC08	Mφ_THBS1	0.09982998	-6.330101
GC08P:GACTAACCAACGCACC	GC08P	7544.0	1985	0.049178153	P	GC08	cDC2_CD1C	1.5289867	-3.0574481
GC08P:GACTACATCACCAGGC	GC08P	4222.0	1455	0.06560872	P	GC08	cDC2_CD1C	0.9125043	-1.8973359
GC08P:GAGGTGATCGGTGTCG	GC08P	6790.0	1962	0.046244476	P	GC08	Mφ_THBS1	1.361809	-6.63062
GC08P:GATCAGTAGTGTTTGC	GC08P	3377.0	1239	0.067515545	P	GC08	Mφ_THBS1	-0.5053673	-5.807814
GC08P:GATCGCGTCGGTCCGA	GC08P	6708.0	1767	0.028920691	P	GC08	cDC2_CD1C	1.7879813	-2.7459564
GC08P:GATGAAAGTCGCATCG	GC08P	4548.0	1581	0.039577838	P	GC08	Mono_FCGR3A	5.543458	-2.6695893
GC08P:GATGAGGAGACTACAA	GC08P	2350.0	1298	0.028510638	P	GC08	Mφ_APOE	-1.9064653	0.6648069
GC08P:GATGAGGCATGACGGA	GC08P	1590.0	769	0.049685534	P	GC08	Mφ_THBS1	0.22932853	-5.851633
GC08P:GCACATATCCTGCCAT	GC08P	15316.0	3337	0.029576913	P	GC08	Mφ_APOE	-3.1245282	-0.7553627
GC08P:GCATGTATCGTAGGAG	GC08P	11149.0	2873	0.048614226	P	GC08	cDC2_CD1C	1.0011753	-2.6289022
GC08P:GCGAGAAGTGTCGCTG	GC08P	4609.0	1525	0.034280755	P	GC08	Mφ_THBS1	0.29272312	-4.0808163
GC08P:GCGGGTTAGAGACTAT	GC08P	3671.0	1388	0.026968129	P	GC08	Mφ_THBS1	-0.8597419	-4.9035044
GC08P:GGAACTTAGCACCGCT	GC08P	9418.0	2435	0.043958377	P	GC08	Mφ_APOE	-2.5308535	0.7983853
GC08P:GGAATAAGTATAAACG	GC08P	10537.0	2646	0.050678562	P	GC08	Mφ_APOE	0.14906396	-1.1807234
GC08P:GGACAAGAGCAGCGTA	GC08P	3774.0	1238	0.0972443	P	GC08	Mφ_APOE	-1.7642012	-0.29180512
GC08P:GGACAGATCAAACGGG	GC08P	10667.0	2905	0.056248244	P	GC08	Mφ_APOE	-0.09509484	-1.1681719
GC08P:GGACAGATCTCGATGA	GC08P	16065.0	2758	0.065670714	P	GC08	DC_LAMP3	4.3829412	-0.6573145
GC08P:GGAGCAACATCCGTGG	GC08P	15552.0	3281	0.03948045	P	GC08	cDC2_CD1C	-0.12825558	-1.8541018
GC08P:GGATTACGTGAACCTT	GC08P	14740.0	3395	0.04735414	P	GC08	Mφ_APOE	-3.3483624	-1.8435235
GC08P:GGCGTGTAGATAGGAG	GC08P	4301.0	1505	0.03534062	P	GC08	cDC2_CD1C	2.0893788	-2.4167018
GC08P:GGGCATCGTAGCGTGA	GC08P	1637.0	635	0.056200366	P	GC08	cDC2_CD1C	2.2411852	-3.06418
GC08P:GTAACTGCATCCTAGA	GC08P	15776.0	3591	0.06129564	P	GC08	Mφ_APOE	-1.0033932	-0.79953843
GC08P:GTACTTTAGGAGCGAG	GC08P	6201.0	2171	0.05079826	P	GC08	Mono_CD14	2.5070722	-5.455618
GC08P:GTAGGCCAGTCCATAC	GC08P	9153.0	2470	0.03944062	P	GC08	Mφ_THBS1	-1.2334697	-3.1396956
GC08P:GTAGTCAGTCATGCCG	GC08P	6615.0	1953	0.04489796	P	GC08	Mφ_THBS1	0.47499606	-6.8050365
GC08P:GTATCTTAGCCATCGC	GC08P	4918.0	1696	0.044123627	P	GC08	Mφ_THBS1	-0.2933692	-6.699784
GC08P:GTCACGGGTAGAGCTG	GC08P	4179.0	1552	0.07824838	P	GC08	Mφ_THBS1	1.7119634	-4.7950654
GC08P:GTCATTTCATTGAGCT	GC08P	1232.0	618	0.04788961	P	GC08	Mφ_APOE	-1.0550674	0.0145598315
GC08P:GTCGGGTGTCGGATCC	GC08P	5434.0	1632	0.039013617	P	GC08	Mφ_APOE	-1.046733	0.15955839
GC08P:GTCGGGTGTTCATGGT	GC08P	3366.0	1352	0.04515746	P	GC08	Mφ_THBS1	0.9613443	-5.21511
GC08P:GTCTCGTAGGACGAAA	GC08P	7888.0	2313	0.04716024	P	GC08	Mφ_THBS1	0.74783933	-4.320351
GC08P:GTCTTCGAGTCATCCA	GC08P	9584.0	2744	0.054257095	P	GC08	Mφ_APOE	-0.084632106	-4.044889
GC08P:GTGCAGCAGTGGTAAT	GC08P	8902.0	2741	0.058301505	P	GC08	Mφ_APOE	-1.4390815	0.55355865
GC08P:GTGTTAGCACACCGAC	GC08P	8604.0	2659	0.04033008	P	GC08	Mono_CD14	3.3658113	-5.6270275
GC08P:GTGTTAGTCACTTACT	GC08P	17999.0	3693	0.04533585	P	GC08	cDC2_CD1C	1.8547732	-1.2853159
GC08P:TACCTTATCGTTACAG	GC08P	13322.0	3002	0.057573937	P	GC08	cDC2_CD1C	1.0446352	-2.4160511
GC08P:TAGACCACACGTCAGC	GC08P	10653.0	2878	0.05857505	P	GC08	cDC2_CD1C	1.1988481	-3.1138208
GC08P:TAGCCGGCAGATAATG	GC08P	3722.0	1581	0.04459968	P	GC08	Mφ_APOE	-1.3261853	0.9133505
GC08P:TATTACCAGTACACCT	GC08P	11489.0	2898	0.07380973	P	GC08	Mφ_APOE	-2.260877	-1.8128991
GC08P:TCATTTGGTATTCGTG	GC08P	10620.0	2705	0.0413371	P	GC08	Mφ_APOE	-0.70576745	-0.061430663
GC08P:TCGGGACCAAGTTGTC	GC08P	3101.0	1241	0.07158981	P	GC08	Mφ_THBS1	0.63136613	-4.6134796
GC08P:TCGGGACGTAGCGTGA	GC08P	2978.0	1172	0.0402955	P	GC08	Mφ_THBS1	0.36635774	-5.9244485
GC08P:TCTGAGATCCGAAGAG	GC08P	2274.0	1052	0.07167986	P	GC08	Mφ_APOE	-1.1854804	1.1166576
GC08P:TGACAACAGCTGCAAG	GC08P	6566.0	2026	0.04340542	P	GC08	Mφ_THBS1	-0.6681421	-6.373454
GC08P:TGACAACCACAGATTC	GC08P	7981.0	2381	0.051497307	P	GC08	Mφ_THBS1	-0.33413908	-6.916344
GC08P:TGACAACGTGGTAACG	GC08P	2773.0	1211	0.043274432	P	GC08	Mφ_APOE	-1.0304043	0.7522754
GC08P:TGACGGCCATGCCCGA	GC08P	20068.0	3202	0.036525812	P	GC08	cDC1_XCR1	1.4692318	2.7523513
GC08P:TGACTTTGTTTGTTGG	GC08P	10453.0	2736	0.08504736	P	GC08	Mφ_APOE	-0.4519981	-0.80564415
GC08P:TGAGAGGGTCTCATCC	GC08P	13227.0	2766	0.038859908	P	GC08	cDC1_XCR1	1.1781493	2.9229207
GC08P:TGAGAGGTCGTAGATC	GC08P	9566.0	2395	0.046727996	P	GC08	cDC2_CD1C	1.7524652	-1.9375881
GC08P:TGCCCATTCTTGCATT	GC08P	2520.0	987	0.082539685	P	GC08	Mφ_THBS1	-0.38503468	-5.369385
GC08P:TGCTGCTAGATAGGAG	GC08P	24567.0	5124	0.03256401	P	GC08	Mφ_APOE	-0.8464818	-1.1460487
GC08P:TGTGGTAGTATATGAG	GC08P	3264.0	1443	0.09436274	P	GC08	Mφ_APOE	-1.2405814	1.3904371
GC08P:TGTTCCGTCGCCATAA	GC08P	8587.0	2439	0.036217537	P	GC08	Mφ_THBS1	0.8383874	-4.7360606
GC08P:TTAACTCCAACACGCC	GC08P	2818.0	1199	0.0489709	P	GC08	Mφ_THBS1	-0.052078415	-5.5572276
GC08P:TTCTCCTTCCTACAGA	GC08P	18748.0	3311	0.037497334	P	GC08	DC_LAMP3	4.6827674	-0.3239263
GC08P:TTGACTTAGTTACGGG	GC08P	8561.0	2419	0.0558346	P	GC08	Mφ_THBS1	1.1367917	-3.920552
GC08P:TTGCCGTGTCTCTCGT	GC08P	5115.0	1742	0.07350928	P	GC08	Mφ_THBS1	1.8118262	-4.826259
GC08P:TTGCGTCAGCGTCTAT	GC08P	6294.0	1855	0.05624404	P	GC08	Mφ_THBS1	1.4430239	-5.842564
GC08P:TTTGGTTTCCGGGTGT	GC08P	15135.0	3116	0.03666997	P	GC08	cDC2_CD1C	0.21668795	-1.9027566
GC08T-S1:AAACCTGTCCAGTAGT	GC08T-S1	7022.0	1949	0.048704073	T	GC08	Mφ_THBS1	1.1617993	-7.7455306
GC08T-S1:AAACGGGAGCGTGAGT	GC08T-S1	3809.0	1366	0.07035968	T	GC08	cDC2_CD1C	1.373953	-2.1963844
GC08T-S1:AAACGGGCATACCATG	GC08T-S1	20366.0	4266	0.043749385	T	GC08	Mφ_APOE	-2.4876807	-1.4924363
GC08T-S1:AAAGATGGTACAAGTA	GC08T-S1	17476.0	3671	0.046177614	T	GC08	Mφ_APOE	-0.87845	-1.1654731
GC08T-S1:AAAGATGGTCAACTGT	GC08T-S1	2607.0	1072	0.049482163	T	GC08	Mφ_APOE	-0.3340005	-1.6836236
GC08T-S1:AAAGCAATCATCGCTC	GC08T-S1	23130.0	4502	0.058668397	T	GC08	Mφ_APOE	-1.8778934	-1.7611016
GC08T-S1:AAATGCCCAGCCTTGG	GC08T-S1	9803.0	2616	0.03978374	T	GC08	Mφ_APOE	-1.1500996	-0.6160539
GC08T-S1:AAATGCCTCCGTTGCT	GC08T-S1	3666.0	1337	0.06082924	T	GC08	Mφ_APOE	-2.0744934	-1.8827851
GC08T-S1:AACACGTTCCGAACGC	GC08T-S1	6822.0	1794	0.035033714	T	GC08	DC_LAMP3	4.5809073	-0.98001057
GC08T-S1:AACGTTGAGCTCAACT	GC08T-S1	11095.0	2901	0.03388914	T	GC08	Mφ_APOE	-0.51158935	-2.1000843
GC08T-S1:AACTCAGGTTTGTTTC	GC08T-S1	4629.0	1662	0.04882264	T	GC08	Mφ_THBS1	0.51036894	-4.1545453
GC08T-S1:AACTCTTTCACTGGGC	GC08T-S1	12678.0	2980	0.039201766	T	GC08	cDC1_XCR1	1.3072983	2.587896
GC08T-S1:AAGGCAGTCCAAAGTC	GC08T-S1	7740.0	2323	0.031782947	T	GC08	Mφ_THBS1	0.6713099	-4.201339
GC08T-S1:AAGGTTCCACCATGTA	GC08T-S1	4110.0	1425	0.03698297	T	GC08	cDC2_CD1C	1.6846992	-1.0015472
GC08T-S1:AAGGTTCGTCCGTGAC	GC08T-S1	9493.0	2727	0.034551773	T	GC08	Mφ_APOE	-1.0592302	-0.8329252
GC08T-S1:ACCTTTAGTACCGCTG	GC08T-S1	18584.0	3813	0.056015927	T	GC08	Mφ_APOE	-3.509255	0.46241805
GC08T-S1:ACCTTTAGTAGCTTGT	GC08T-S1	7878.0	2119	0.031353135	T	GC08	DC_LAMP3	4.379658	-0.958401
GC08T-S1:ACGGCCACATGCTGGC	GC08T-S1	11393.0	2722	0.057228122	T	GC08	Mφ_APOE	-2.414561	1.0364614
GC08T-S1:ACGGCCATCATGCATG	GC08T-S1	12342.0	2903	0.02989791	T	GC08	cDC2_CD1C	0.9520885	-1.4360372
GC08T-S1:ACGGGCTGTAATTGGA	GC08T-S1	932.0	490	0.059012875	T	GC08	Mφ_APOE	-0.41539872	-2.2390912
GC08T-S1:ACTGATGCAGTATGCT	GC08T-S1	5510.0	1915	0.054083485	T	GC08	Mφ_APOE	-1.8463454	1.160812
GC08T-S1:ACTTGTTCATGCAACT	GC08T-S1	7346.0	2270	0.047781106	T	GC08	Mφ_APOE	-2.5863621	-1.1806954
GC08T-S1:AGACGTTGTATTCGTG	GC08T-S1	6919.0	2275	0.01951149	T	GC08	pDC_LILRA4	4.4158344	2.6019201
GC08T-S1:AGATCTGGTTGAGGTG	GC08T-S1	14032.0	3265	0.04218928	T	GC08	cDC2_CD1C	0.009935141	-1.7497087
GC08T-S1:AGCAGCCAGGACTGGT	GC08T-S1	5294.0	1772	0.038156405	T	GC08	Mφ_THBS1	1.0896678	-6.201267
GC08T-S1:AGCAGCCTCTTGAGAC	GC08T-S1	8549.0	2672	0.028190432	T	GC08	pDC_LILRA4	4.327282	2.7548656
GC08T-S1:AGCATACTCTACTCAT	GC08T-S1	7249.0	2371	0.04386812	T	GC08	Mφ_THBS1	0.75501895	-3.7359843
GC08T-S1:AGCGGTCAGAACAATC	GC08T-S1	20154.0	4288	0.046392776	T	GC08	Mφ_APOE	-1.9064505	-1.499123
GC08T-S1:AGCGGTCAGCCAGAAC	GC08T-S1	8736.0	2440	0.026442308	T	GC08	Mφ_APOE	-1.7013397	-0.5309047
GC08T-S1:AGCGTATAGAACAACT	GC08T-S1	14364.0	3024	0.038638264	T	GC08	cDC2_CD1C	1.2696879	-2.041704
GC08T-S1:AGCGTATGTGAGCGAT	GC08T-S1	7986.0	2349	0.07362885	T	GC08	Mφ_APOE	-2.3632898	-0.31436035
GC08T-S1:AGCGTCGCACGGTTTA	GC08T-S1	10550.0	2855	0.02815166	T	GC08	Mφ_APOE	-2.1461883	-0.6287983
GC08T-S1:AGCTCCTTCCTTAATC	GC08T-S1	7596.0	2573	0.025276462	T	GC08	pDC_LILRA4	5.0704007	2.5680897
GC08T-S1:AGGCCACCAGCATGAG	GC08T-S1	13621.0	3159	0.0297335	T	GC08	cDC2_CD1C	2.2374418	-1.1105752
GC08T-S1:AGGCCGTAGTTAGGTA	GC08T-S1	14636.0	3117	0.028559716	T	GC08	cDC2_CD1C	1.5903224	-2.5958252
GC08T-S1:AGGGAGTGTTATCGGT	GC08T-S1	9216.0	2355	0.037326388	T	GC08	Mφ_APOE	-1.3558604	-1.8751154
GC08T-S1:AGGGATGTCATGCATG	GC08T-S1	4086.0	1510	0.036221243	T	GC08	Mφ_THBS1	0.55756736	-7.6891913
GC08T-S1:AGGGATGTCCGAATGT	GC08T-S1	17661.0	3871	0.02955665	T	GC08	Mφ_APOE	-1.0758504	-0.9644996
GC08T-S1:AGGTCCGAGGAGTACC	GC08T-S1	6220.0	1802	0.04067524	T	GC08	Mφ_THBS1	1.0409317	-5.3261085
GC08T-S1:AGGTCCGCAGACGCCT	GC08T-S1	15301.0	3395	0.0477093	T	GC08	Mφ_APOE	-1.8597609	-1.695971
GC08T-S1:AGGTCCGTCACCCTCA	GC08T-S1	7707.0	2269	0.027896717	T	GC08	Mφ_APOE	-0.08791189	-0.9948339
GC08T-S1:AGTAGTCAGACAGGCT	GC08T-S1	8775.0	2313	0.04136752	T	GC08	Mφ_THBS1	0.20983915	-3.9306672
GC08T-S1:AGTGGGAAGCAGCGTA	GC08T-S1	13701.0	3085	0.037880447	T	GC08	cDC2_CD1C	-0.072134666	-1.6820049
GC08T-S1:ATAAGAGTCCTTTCGG	GC08T-S1	16779.0	3628	0.047738243	T	GC08	cDC2_CD1C	0.31782287	-0.80387086
GC08T-S1:ATCCACCTCTGAAAGA	GC08T-S1	6429.0	2051	0.02908695	T	GC08	Mφ_THBS1	-2.3686168	-6.2420163
GC08T-S1:ATCCGAAGTGCAGTAG	GC08T-S1	6011.0	1894	0.017301613	T	GC08	Mφ_APOE	-1.4967203	-2.5049121
GC08T-S1:ATGTGTGGTGTTGGGA	GC08T-S1	13283.0	3019	0.026575321	T	GC08	cDC2_CD1C	1.650622	-1.2549129
GC08T-S1:ATTACTCAGCCACTAT	GC08T-S1	2826.0	1120	0.03361642	T	GC08	Mφ_THBS1	-1.2567344	-6.427904
GC08T-S1:ATTACTCGTTGTCTTT	GC08T-S1	9177.0	2775	0.011223711	T	GC08	DC_LAMP3	4.4620156	-0.63831383
GC08T-S1:CAACCAAGTTCTGGTA	GC08T-S1	7957.0	2434	0.03443509	T	GC08	Mφ_THBS1	0.9204755	-4.9027367
GC08T-S1:CAAGAAAAGGAGTAGA	GC08T-S1	6500.0	2064	0.05	T	GC08	Mφ_THBS1	0.07346097	-4.851851
GC08T-S1:CACAAACGTAAGGGCT	GC08T-S1	11276.0	2993	0.05613693	T	GC08	Mφ_THBS1	-0.10789841	-3.181616
GC08T-S1:CACACTCTCAAACCAC	GC08T-S1	13634.0	3176	0.024644272	T	GC08	cDC2_CD1C	2.2256532	-1.5432912
GC08T-S1:CACAGTAAGGGTCGAT	GC08T-S1	18287.0	3204	0.036473997	T	GC08	DC_LAMP3	3.381516	-1.1056211
GC08T-S1:CACAGTATCCTCAACC	GC08T-S1	7474.0	2340	0.030907145	T	GC08	Mφ_THBS1	-1.1195285	-4.2898264
GC08T-S1:CACATAGAGCTGTCTA	GC08T-S1	11475.0	2847	0.046361655	T	GC08	Mφ_APOE	-2.2254503	-0.7489783
GC08T-S1:CACATAGCATGATCCA	GC08T-S1	21516.0	4674	0.046058748	T	GC08	cDC2_CD1C	1.1003116	0.97631466
GC08T-S1:CACATAGTCTCGTATT	GC08T-S1	19750.0	3936	0.05356962	T	GC08	cDC2_CD1C	2.0368161	-1.5954359
GC08T-S1:CACTCCACATCGGGTC	GC08T-S1	13520.0	2849	0.029955622	T	GC08	cDC2_CD1C	1.2655551	-2.6956205
GC08T-S1:CACTCCAGTCACTTCC	GC08T-S1	12816.0	3035	0.08762484	T	GC08	Mφ_THBS1	-1.1805973	-3.066397
GC08T-S1:CAGCAGCCAATGGAAT	GC08T-S1	24725.0	4649	0.03506572	T	GC08	Mφ_APOE	-2.940998	-0.785871
GC08T-S1:CAGCAGCCACCACCAG	GC08T-S1	16926.0	3657	0.049627792	T	GC08	Mφ_APOE	-1.5444509	-0.7696751
GC08T-S1:CAGCATAAGGATATAC	GC08T-S1	1731.0	955	0.09705373	T	GC08	pDC_LILRA4	4.9823365	2.0490572
GC08T-S1:CAGCATACATGTTCCC	GC08T-S1	17479.0	3523	0.05040334	T	GC08	Mφ_APOE	-3.131781	-1.619509
GC08T-S1:CAGCTGGTCCAACCAA	GC08T-S1	17105.0	3856	0.03285589	T	GC08	cDC2_CD1C	0.7642844	0.06869503
GC08T-S1:CAGGTGCAGGATCGCA	GC08T-S1	6028.0	2099	0.04246848	T	GC08	Mφ_APOE	-2.2524002	-0.12162015
GC08T-S1:CAGGTGCGTTCTGTTT	GC08T-S1	14863.0	3860	0.034246113	T	GC08	Mφ_APOE	-1.2504091	-0.36240253
GC08T-S1:CAGGTGCTCTTTAGGG	GC08T-S1	7794.0	2469	0.030664613	T	GC08	Mφ_THBS1	0.052622106	-3.4007847
GC08T-S1:CAGTAACGTTCTCATT	GC08T-S1	7511.0	2137	0.04273732	T	GC08	cDC2_CD1C	1.836964	-1.3828466
GC08T-S1:CAGTCCTGTCTAGTGT	GC08T-S1	18618.0	3951	0.0374906	T	GC08	Mφ_APOE	-2.206469	-1.2468961
GC08T-S1:CATCAGAGTGAAATCA	GC08T-S1	17381.0	3193	0.042057417	T	GC08	cDC1_XCR1	1.3773224	2.743701
GC08T-S1:CATCCACTCAGCATGT	GC08T-S1	1093.0	606	0.04757548	T	GC08	cDC2_CD1C	0.09157955	-1.2964718
GC08T-S1:CATTCGCTCTAACTCT	GC08T-S1	971.0	528	0.057672504	T	GC08	Mφ_APOE	-0.39159885	-2.2150717
GC08T-S1:CCACCTAAGTACGTTC	GC08T-S1	14305.0	3299	0.038448095	T	GC08	Mφ_APOE	-2.6076407	-0.7119504
GC08T-S1:CCATGTCGTCACCTAA	GC08T-S1	7965.0	2194	0.037162587	T	GC08	Mφ_APOE	-0.89294994	-1.70677
GC08T-S1:CCCTCCTAGTCCTCCT	GC08T-S1	5119.0	1864	0.03535847	T	GC08	DC_LAMP3	4.4920244	-0.7286148
GC08T-S1:CCGGTAGAGTGTGGCA	GC08T-S1	5003.0	1778	0.032180693	T	GC08	Mφ_THBS1	0.25774705	-3.523613
GC08T-S1:CCGTACTAGAAAGTGG	GC08T-S1	3520.0	1342	0.051988635	T	GC08	cDC2_CD1C	0.568249	-1.0279937
GC08T-S1:CCGTGGACAGGGCATA	GC08T-S1	7617.0	2585	0.084810294	T	GC08	Mφ_APOE	-1.4019719	-0.83581316
GC08T-S1:CCGTGGATCGATCCCT	GC08T-S1	3304.0	1356	0.07596853	T	GC08	Mφ_THBS1	-0.89034826	-4.59722
GC08T-S1:CCTAAAGAGTCGAGTG	GC08T-S1	3530.0	1300	0.09745043	T	GC08	Mφ_APOE	-0.6632616	-1.7995123
GC08T-S1:CCTAGCTGTGCAGACA	GC08T-S1	31180.0	5949	0.021616422	T	GC08	cDC2_CD1C	0.048412934	0.08471942
GC08T-S1:CCTCTGATCAGGATCT	GC08T-S1	8707.0	2625	0.032617435	T	GC08	Mφ_THBS1	-1.6100464	-5.6149964
GC08T-S1:CCTTACGGTGCAGTAG	GC08T-S1	8064.0	2342	0.041170634	T	GC08	cDC2_CD1C	1.2456396	-1.4727602
GC08T-S1:CCTTCCCCAATGGAGC	GC08T-S1	10626.0	2930	0.022774328	T	GC08	Mφ_THBS1	-0.11799185	-4.2224946
GC08T-S1:CCTTCGAAGGCACATG	GC08T-S1	8392.0	2678	0.044089608	T	GC08	Mφ_APOE	-2.5325227	-0.20070827
GC08T-S1:CCTTTCTCACATAACC	GC08T-S1	11438.0	3098	0.042052805	T	GC08	Mφ_THBS1	0.49283794	-4.121893
GC08T-S1:CGAACATGTCCTCCAT	GC08T-S1	4671.0	1488	0.038749732	T	GC08	Mφ_THBS1	0.19011787	-6.852848
GC08T-S1:CGAATGTCAATCGAAA	GC08T-S1	15488.0	3723	0.035963327	T	GC08	Mφ_APOE	-1.3407598	-0.43574837
GC08T-S1:CGACTTCGTTACCGAT	GC08T-S1	12348.0	3087	0.04373178	T	GC08	cDC2_CD1C	2.2480416	-0.027826753
GC08T-S1:CGAGAAGGTCATCCCT	GC08T-S1	8348.0	2132	0.037014853	T	GC08	Mφ_THBS1	1.9306704	-4.090953
GC08T-S1:CGAGCACGTTCCGTCT	GC08T-S1	19528.0	3823	0.03768947	T	GC08	cDC2_CD1C	-0.427755	-1.2948583
GC08T-S1:CGAGCACTCAAACGGG	GC08T-S1	1137.0	655	0.054529462	T	GC08	Mφ_APOE	-1.4399647	-2.0009305
GC08T-S1:CGATCGGCAGGTGGAT	GC08T-S1	7647.0	2076	0.029292533	T	GC08	DC_LAMP3	4.526216	-1.1062027
GC08T-S1:CGATGGCGTCCCTTGT	GC08T-S1	7254.0	1980	0.050592776	T	GC08	cDC2_CD1C	2.0088477	-2.4908667
GC08T-S1:CGATGGCTCCATGAGT	GC08T-S1	1094.0	569	0.057586838	T	GC08	Mφ_THBS1	0.18642065	-4.0398626
GC08T-S1:CGATTGAGTTTAAGCC	GC08T-S1	5499.0	1560	0.03327878	T	GC08	cDC2_CD1C	1.7869984	-3.704464
GC08T-S1:CGCTATCGTTTGACTG	GC08T-S1	18191.0	3506	0.03364301	T	GC08	cDC1_XCR1	0.90626293	2.7794662
GC08T-S1:CGCTGGAAGGGCTCTC	GC08T-S1	12100.0	2776	0.031404957	T	GC08	Mφ_APOE	-3.467326	-2.0306182
GC08T-S1:CGCTTCAGTTACGGAG	GC08T-S1	770.0	486	0.042857144	T	GC08	Mφ_APOE	-0.8628714	-1.4911695
GC08T-S1:CGCTTCAGTTGTTTGG	GC08T-S1	7409.0	2367	0.030638414	T	GC08	cDC2_CD1C	1.368739	-1.5138912
GC08T-S1:CGGCTAGGTCGGCACT	GC08T-S1	10529.0	2845	0.029632444	T	GC08	Mφ_APOE	-0.9161939	-0.6419553
GC08T-S1:CGGTTAACAAATTGCC	GC08T-S1	4377.0	1649	0.046607267	T	GC08	Mono_FCGR3A	5.619761	-2.6505668
GC08T-S1:CGGTTAAGTTGCGTTA	GC08T-S1	2661.0	1076	0.030063886	T	GC08	Mφ_THBS1	0.053262558	-3.9772277
GC08T-S1:CGTAGGCTCATGCAAC	GC08T-S1	11783.0	2828	0.04701689	T	GC08	cDC2_CD1C	2.2737913	-0.11073024
GC08T-S1:CGTCACTTCTATCGCC	GC08T-S1	11998.0	2654	0.09826638	T	GC08	cDC2_CD1C	1.3937801	-2.206021
GC08T-S1:CGTCAGGCACATGACT	GC08T-S1	9757.0	1545	0.0004099621	T	GC08	cDC2_CD1C	2.4265976	-2.5122473
GC08T-S1:CGTCTACAGGACCACA	GC08T-S1	9046.0	2371	0.048861377	T	GC08	cDC2_CD1C	1.0868897	-1.2939575
GC08T-S1:CGTCTACTCCACGACG	GC08T-S1	3331.0	1145	0.09246472	T	GC08	cDC2_CD1C	1.599297	-2.670863
GC08T-S1:CGTGAGCTCCAGTAGT	GC08T-S1	10932.0	2896	0.03841932	T	GC08	DC_LAMP3	4.125848	-1.0848966
GC08T-S1:CGTGTAACAACGCACC	GC08T-S1	6172.0	1913	0.05573558	T	GC08	cDC2_CD1C	2.1160874	0.23071589
GC08T-S1:CGTGTAAGTCAGAATA	GC08T-S1	7354.0	1968	0.04541746	T	GC08	cDC2_CD1C	1.0468861	-1.8230356
GC08T-S1:CGTGTCTCACCTGGTG	GC08T-S1	9078.0	2399	0.03602115	T	GC08	cDC2_CD1C	1.1862471	-1.8474863
GC08T-S1:CTAACTTAGAACTGTA	GC08T-S1	4070.0	1591	0.03267813	T	GC08	Mφ_THBS1	-0.3797211	-7.872231
GC08T-S1:CTAGAGTTCAGCAACT	GC08T-S1	12397.0	2868	0.05638461	T	GC08	cDC2_CD1C	0.69786817	-3.1103306
GC08T-S1:CTAGTGAAGAAGCCCA	GC08T-S1	7519.0	2258	0.054927517	T	GC08	cDC2_CD1C	0.7596564	-1.7936728
GC08T-S1:CTAGTGAAGTAGGCCA	GC08T-S1	19208.0	4264	0.03337151	T	GC08	cDC2_CD1C	-0.017592823	-0.6510547
GC08T-S1:CTAGTGACAATCACAC	GC08T-S1	27511.0	5029	0.049907308	T	GC08	cDC2_CD1C	0.30713317	0.38252947
GC08T-S1:CTCACACCAAGTCTGT	GC08T-S1	18008.0	3606	0.0241004	T	GC08	cDC2_CD1C	1.6979686	-2.207845
GC08T-S1:CTCACACGTCGCATAT	GC08T-S1	1124.0	526	0.022241993	T	GC08	Mφ_THBS1	-1.3609965	-5.338205
GC08T-S1:CTCACACGTGCCTGGT	GC08T-S1	18808.0	3904	0.042747766	T	GC08	cDC2_CD1C	0.8192372	-0.0914873
GC08T-S1:CTCGAAATCGTTGCCT	GC08T-S1	6170.0	2128	0.016531605	T	GC08	pDC_LILRA4	4.092152	2.8361812
GC08T-S1:CTCGTCAGTTCCGGCA	GC08T-S1	8559.0	2292	0.041243136	T	GC08	Mφ_APOE	-2.9820714	0.19491048
GC08T-S1:CTCTGGTAGTACGACG	GC08T-S1	6891.0	2221	0.08968219	T	GC08	Mφ_APOE	0.16218157	-3.1638992
GC08T-S1:CTGAAGTTCACTCCTG	GC08T-S1	772.0	417	0.04404145	T	GC08	cDC2_CD1C	0.83063775	-3.1137886
GC08T-S1:CTTAGGAGTTATCGGT	GC08T-S1	9857.0	2669	0.046870243	T	GC08	cDC2_CD1C	1.9185653	-1.4263159
GC08T-S1:CTTCTCTGTAAATGAC	GC08T-S1	15079.0	3718	0.03362292	T	GC08	cDC2_CD1C	2.0310051	-0.93675405
GC08T-S1:CTTGGCTAGCCCGAAA	GC08T-S1	8868.0	2714	0.032250788	T	GC08	cDC2_CD1C	0.00027190088	-1.4590862
GC08T-S1:CTTTGCGGTCATCCCT	GC08T-S1	6173.0	1756	0.06884821	T	GC08	Mφ_APOE	-1.4744053	-1.603594
GC08T-S1:GAAACTCCATCCAACA	GC08T-S1	1163.0	551	0.031814273	T	GC08	Mφ_THBS1	-0.6072641	-5.4591327
GC08T-S1:GAAACTCTCTAGCACA	GC08T-S1	6821.0	2185	0.03577188	T	GC08	Mφ_THBS1	0.28510457	-4.376724
GC08T-S1:GAAATGAGTCCAAGTT	GC08T-S1	2462.0	975	0.021933388	T	GC08	Mφ_THBS1	1.3922254	-6.3431287
GC08T-S1:GAATAAGCATGGAATA	GC08T-S1	13981.0	3237	0.044059794	T	GC08	cDC2_CD1C	2.1350121	-0.88486665
GC08T-S1:GACGCGTCAATAACGA	GC08T-S1	5982.0	1838	0.04563691	T	GC08	Mono_FCGR3A	5.2351785	-2.7481043
GC08T-S1:GACGTGCAGAGTGAGA	GC08T-S1	9903.0	2984	0.031606585	T	GC08	Mφ_APOE	-1.2123096	-2.918219
GC08T-S1:GACTAACGTACAGCAG	GC08T-S1	5934.0	2024	0.041287497	T	GC08	Mφ_THBS1	0.037558697	-5.996846
GC08T-S1:GACTACACAGATAATG	GC08T-S1	7545.0	2344	0.048774023	T	GC08	Mφ_THBS1	-0.41724896	-6.410821
GC08T-S1:GAGCAGAAGCGATAGC	GC08T-S1	9882.0	2622	0.037441812	T	GC08	Mφ_APOE	-2.355922	-2.4096553
GC08T-S1:GATCGCGAGCAACGGT	GC08T-S1	10153.0	2464	0.033684626	T	GC08	DC_LAMP3	4.399681	-0.7328174
GC08T-S1:GATCTAGTCGAGCCCA	GC08T-S1	6110.0	1849	0.023895254	T	GC08	Mφ_THBS1	0.9908409	-4.371896
GC08T-S1:GATGAAACAAGGCTCC	GC08T-S1	9283.0	2423	0.038565118	T	GC08	Mφ_THBS1	-2.2748446	-3.0003686
GC08T-S1:GCATGCGCAGCCTGTG	GC08T-S1	9749.0	2619	0.06257052	T	GC08	cDC2_CD1C	0.116775945	-1.4220177
GC08T-S1:GCATGCGGTAGCGATG	GC08T-S1	8647.0	2151	0.03249682	T	GC08	DC_LAMP3	4.495104	-0.87420076
GC08T-S1:GCCAAATCAGTTAACC	GC08T-S1	5999.0	1887	0.090848476	T	GC08	cDC2_CD1C	0.46770826	-1.0205972
GC08T-S1:GCCAAATGTTATGCGT	GC08T-S1	8854.0	2503	0.030946465	T	GC08	cDC2_CD1C	1.4039361	-3.9374619
GC08T-S1:GCGAGAAGTCATGCAT	GC08T-S1	12930.0	3023	0.044547565	T	GC08	Mφ_APOE	-0.7571595	-1.749004
GC08T-S1:GCGCAACAGAAACGAG	GC08T-S1	26658.0	4692	0.036274288	T	GC08	Mφ_APOE	-3.704626	-1.1058724
GC08T-S1:GCGCAACCAGGCTCAC	GC08T-S1	1204.0	648	0.03820598	T	GC08	Mφ_APOE	-1.2565414	-2.6195927
GC08T-S1:GCGCCAAAGCCGATTT	GC08T-S1	848.0	503	0.045990568	T	GC08	Mφ_APOE	-0.6986184	-2.1282377
GC08T-S1:GCTCTGTGTTAAGACA	GC08T-S1	8730.0	2706	0.028636884	T	GC08	Mφ_THBS1	-0.8380049	-6.348536
GC08T-S1:GCTGCAGAGTGGAGAA	GC08T-S1	7726.0	2122	0.034946933	T	GC08	Mφ_APOE	-1.2658237	-0.5752914
GC08T-S1:GCTTCCAAGGCATGGT	GC08T-S1	11076.0	3071	0.028349584	T	GC08	Mφ_APOE	-0.42985198	-0.4201789
GC08T-S1:GCTTGAACATCTACGA	GC08T-S1	12360.0	3160	0.045226537	T	GC08	cDC2_CD1C	2.1647542	-1.0845133
GC08T-S1:GCTTGAAGTGTGTGCC	GC08T-S1	10306.0	2886	0.045798562	T	GC08	Mφ_APOE	-0.98796046	-1.2720425
GC08T-S1:GCTTGAATCACCGGGT	GC08T-S1	6784.0	2130	0.03360849	T	GC08	Mono_CD14	4.6696506	-5.7951803
GC08T-S1:GGAACTTTCACCACCT	GC08T-S1	8631.0	2176	0.0324412	T	GC08	cDC2_CD1C	2.011543	-1.5855564
GC08T-S1:GGAACTTTCTGGTGTA	GC08T-S1	4633.0	1680	0.034319017	T	GC08	Mφ_THBS1	-0.41333354	-5.625863
GC08T-S1:GGAATAAAGTTCGATC	GC08T-S1	16485.0	3880	0.056596905	T	GC08	Mφ_APOE	-1.8086863	-1.4028969
GC08T-S1:GGACAAGGTATAATGG	GC08T-S1	9092.0	2577	0.051143862	T	GC08	Mφ_THBS1	2.1508684	-5.53157
GC08T-S1:GGACAGACAATGACCT	GC08T-S1	8918.0	2694	0.040031396	T	GC08	Mφ_THBS1	-1.4074696	-3.6808965
GC08T-S1:GGAGCAACAATCTGCA	GC08T-S1	1394.0	685	0.018651363	T	GC08	Mφ_THBS1	-0.4153805	-3.6207592
GC08T-S1:GGAGCAACAGCCACCA	GC08T-S1	13452.0	3661	0.048096936	T	GC08	Mφ_APOE	-0.38839898	-0.11447494
GC08T-S1:GGAGCAATCTTACCTA	GC08T-S1	12668.0	3030	0.033864856	T	GC08	Mφ_APOE	-3.5807965	-0.6947547
GC08T-S1:GGATTACAGAATGTGT	GC08T-S1	3275.0	1369	0.07725191	T	GC08	Mφ_THBS1	-0.72482836	-4.7420864
GC08T-S1:GGCGTGTCACCGGAAA	GC08T-S1	7084.0	2343	0.047148503	T	GC08	Mφ_APOE	-2.5223343	-0.3891995
GC08T-S1:GGCTGGTGTACAGCAG	GC08T-S1	6665.0	2319	0.030907728	T	GC08	Mono_CD14	5.6478124	-5.9342213
GC08T-S1:GGGACCTCATAGTAAG	GC08T-S1	7646.0	1842	0.037535965	T	GC08	DC_LAMP3	4.583217	-1.0876814
GC08T-S1:GGGACCTGTTCTGTTT	GC08T-S1	7110.0	2354	0.041068915	T	GC08	Mono_CD14	2.7059228	-5.949097
GC08T-S1:GGGAGATCATCCTTGC	GC08T-S1	17530.0	3456	0.038676556	T	GC08	Mφ_APOE	-1.7864027	-1.1099619
GC08T-S1:GGTGTTAAGAGTCTGG	GC08T-S1	6676.0	2095	0.031006591	T	GC08	Mφ_THBS1	-0.2634027	-3.3933232
GC08T-S1:GGTGTTAAGGTTACCT	GC08T-S1	18389.0	4016	0.0483985	T	GC08	Mφ_APOE	-3.0404155	-0.046712913
GC08T-S1:GTAACTGAGTGCCAGA	GC08T-S1	9629.0	2544	0.040606502	T	GC08	cDC2_CD1C	1.3809566	-1.6326176
GC08T-S1:GTAACTGTCAGGCAAG	GC08T-S1	14280.0	3431	0.03214286	T	GC08	Mφ_APOE	-2.8662696	0.22855933
GC08T-S1:GTACGTACAAATACAG	GC08T-S1	19488.0	4013	0.05341749	T	GC08	Mφ_APOE	-0.93495524	-0.9924761
GC08T-S1:GTAGGCCGTCCAGTAT	GC08T-S1	7070.0	2183	0.031117398	T	GC08	cDC2_CD1C	2.070408	-2.1601245
GC08T-S1:GTAGGCCGTTCACCTC	GC08T-S1	2600.0	1128	0.06615385	T	GC08	cDC2_CD1C	1.3850967	-0.75884557
GC08T-S1:GTCGGGTAGGCCCTTG	GC08T-S1	6174.0	1977	0.04616132	T	GC08	Mφ_APOE	-2.2530012	-0.8707383
GC08T-S1:GTGCATAGTAGCGCAA	GC08T-S1	13459.0	3529	0.032989077	T	GC08	Mφ_APOE	-1.5670503	-2.4029593
GC08T-S1:GTGCGGTCATGTTGAC	GC08T-S1	11489.0	2852	0.061014883	T	GC08	Mφ_APOE	-2.0124466	-0.5722491
GC08T-S1:GTGCTTCCAGCCTATA	GC08T-S1	13269.0	3122	0.033687543	T	GC08	Mφ_APOE	-0.6217229	-1.1614393
GC08T-S1:GTGGGTCAGCGCCTCA	GC08T-S1	13939.0	3342	0.036085803	T	GC08	cDC2_CD1C	0.61915773	-1.040674
GC08T-S1:GTGGGTCGTGTCTGAT	GC08T-S1	5321.0	1648	0.037398987	T	GC08	cDC2_CD1C	-0.082289234	-1.3796957
GC08T-S1:GTGTTAGCATCTACGA	GC08T-S1	13408.0	2959	0.046315633	T	GC08	cDC2_CD1C	1.7933193	-1.62717
GC08T-S1:GTTACAGAGTATGACA	GC08T-S1	17247.0	3928	0.06505479	T	GC08	cDC2_CD1C	1.6560609	0.2761677
GC08T-S1:GTTCATTGTCCGAATT	GC08T-S1	21296.0	4549	0.05019722	T	GC08	Mφ_APOE	-2.9473286	-0.3693705
GC08T-S1:GTTCGGGGTTGGACCC	GC08T-S1	2634.0	1029	0.050873198	T	GC08	Mφ_APOE	-0.6409911	-2.090177
GC08T-S1:GTTCTCGAGAACTCGG	GC08T-S1	12737.0	3062	0.032189682	T	GC08	Mφ_APOE	-1.9687301	0.31390482
GC08T-S1:TAAACCGTCCGGCACA	GC08T-S1	8106.0	2388	0.037009623	T	GC08	Mφ_THBS1	-1.0346242	-4.066314
GC08T-S1:TACACGACAAATTGCC	GC08T-S1	4289.0	1281	0.031709023	T	GC08	DC_LAMP3	4.202984	-1.1421516
GC08T-S1:TACAGTGTCACTTACT	GC08T-S1	2487.0	822	0.08845999	T	GC08	Mφ_APOE	-2.2677314	-1.4713359
GC08T-S1:TACAGTGTCGGTTAAC	GC08T-S1	8316.0	2493	0.04112554	T	GC08	Mφ_THBS1	-0.9778868	-3.9134798
GC08T-S1:TACCTTAGTGCATCTA	GC08T-S1	16274.0	3780	0.05419688	T	GC08	Mφ_APOE	-1.0180775	-1.5317823
GC08T-S1:TACCTTATCTAACGGT	GC08T-S1	10207.0	2335	0.057509553	T	GC08	DC_LAMP3	4.2989664	-0.4119568
GC08T-S1:TACGGGCAGCGGATCA	GC08T-S1	15562.0	3640	0.034507133	T	GC08	Mφ_APOE	-2.3323143	-1.6666348
GC08T-S1:TATCTCAGTTAGTGGG	GC08T-S1	11046.0	2887	0.03385841	T	GC08	Mφ_APOE	-1.602399	-1.6004236
GC08T-S1:TATGCCCTCATGCTCC	GC08T-S1	1277.0	637	0.050117463	T	GC08	Mφ_APOE	-0.18935427	-2.294125
GC08T-S1:TCAACGAGTAATCACC	GC08T-S1	8112.0	2396	0.028846154	T	GC08	Mφ_APOE	-1.0161079	0.01990934
GC08T-S1:TCACAAGAGCGATATA	GC08T-S1	6251.0	1807	0.043353062	T	GC08	Mφ_THBS1	-1.5870442	-6.6688924
GC08T-S1:TCACAAGCAAGACGTG	GC08T-S1	8277.0	2396	0.050259758	T	GC08	Mφ_APOE	-0.5191197	-0.82902783
GC08T-S1:TCAGATGGTCAGAATA	GC08T-S1	2006.0	890	0.07577268	T	GC08	Mφ_APOE	-1.995759	-1.3707807
GC08T-S1:TCAGCAACAGGGTTAG	GC08T-S1	16141.0	3740	0.041880924	T	GC08	cDC2_CD1C	1.9200149	0.3399395
GC08T-S1:TCAGGTAAGACTAAGT	GC08T-S1	7657.0	2386	0.03839624	T	GC08	Mφ_THBS1	0.26397908	-3.1045618
GC08T-S1:TCGAGGCCAAAGGAAG	GC08T-S1	4251.0	1746	0.07010115	T	GC08	Mono_FCGR3A	5.8898864	-2.3823364
GC08T-S1:TCGAGGCCAGTCGTGC	GC08T-S1	6352.0	1968	0.091939546	T	GC08	Mφ_THBS1	-1.2440614	-3.5422342
GC08T-S1:TCGTACCGTATCGCAT	GC08T-S1	11220.0	2802	0.033600714	T	GC08	Mφ_APOE	-1.1335235	-0.84073627
GC08T-S1:TCTCATACAGGTTTCA	GC08T-S1	2982.0	1284	0.028504359	T	GC08	Mφ_THBS1	0.22352517	-5.611099
GC08T-S1:TCTGAGATCGTCTGAA	GC08T-S1	9209.0	2453	0.051362798	T	GC08	DC_LAMP3	4.61491	-0.7338348
GC08T-S1:TCTGGAAAGAATGTTG	GC08T-S1	1728.0	549	0.004050926	T	GC08	DC_LAMP3	3.125809	-1.61135
GC08T-S1:TCTTCGGCAGACGTAG	GC08T-S1	9157.0	2605	0.0377853	T	GC08	Mφ_APOE	-2.5131354	-2.2876832
GC08T-S1:TCTTTCCCATACTACG	GC08T-S1	2338.0	876	0.03421728	T	GC08	cDC2_CD1C	2.1688457	-3.633216
GC08T-S1:TGAAAGAGTCTGATTG	GC08T-S1	2941.0	1129	0.09248555	T	GC08	cDC2_CD1C	1.1494759	-2.8350794
GC08T-S1:TGACGGCCATCGGTTA	GC08T-S1	9737.0	2589	0.03686967	T	GC08	cDC2_CD1C	1.2105682	-2.233465
GC08T-S1:TGACTTTGTCATACTG	GC08T-S1	10647.0	2824	0.04790082	T	GC08	cDC2_CD1C	1.6885793	-0.8287408
GC08T-S1:TGCCAAAAGCTCTCGG	GC08T-S1	2967.0	1071	0.058308054	T	GC08	Mφ_APOE	-3.4294405	-1.2068337
GC08T-S1:TGCTACCTCAGCATGT	GC08T-S1	5784.0	2082	0.030255878	T	GC08	Mφ_THBS1	1.1840595	-5.205215
GC08T-S1:TGCTGCTTCGCCCTTA	GC08T-S1	618.0	397	0.03236246	T	GC08	Mφ_THBS1	-0.052031513	-3.3059661
GC08T-S1:TGGCCAGAGCAGCGTA	GC08T-S1	17614.0	3825	0.038832746	T	GC08	Mφ_APOE	-1.7103113	-1.7736542
GC08T-S1:TGGCGCACATACGCTA	GC08T-S1	4947.0	2052	0.05457853	T	GC08	pDC_LILRA4	4.935458	2.2628493
GC08T-S1:TGGCTGGAGTGCAAGC	GC08T-S1	13220.0	2762	0.038350984	T	GC08	DC_LAMP3	4.8074813	-0.46052867
GC08T-S1:TGGCTGGCAGATGGCA	GC08T-S1	7988.0	2529	0.030921383	T	GC08	Mφ_THBS1	0.19607306	-7.1078787
GC08T-S1:TGGGAAGCACGTTGGC	GC08T-S1	903.0	491	0.050941307	T	GC08	Mφ_THBS1	-0.66828245	-3.8537855
GC08T-S1:TGGGCGTGTTGGTAAA	GC08T-S1	5148.0	1660	0.032828283	T	GC08	Mφ_APOE	-0.6776034	-0.66181034
GC08T-S1:TGTCCCATCGGCCGAT	GC08T-S1	6428.0	1942	0.03780336	T	GC08	Mφ_THBS1	-2.130442	-5.360565
GC08T-S1:TGTTCCGAGTGTTGAA	GC08T-S1	10055.0	2598	0.091297865	T	GC08	cDC2_CD1C	2.1815846	0.03904288
GC08T-S1:TTAGGACCAGTCAGAG	GC08T-S1	10597.0	2610	0.041521184	T	GC08	cDC2_CD1C	2.2463043	-1.3532207
GC08T-S1:TTCCCAGTCTGGTGTA	GC08T-S1	11107.0	2932	0.031871792	T	GC08	Mφ_APOE	0.12083827	-1.6663566
GC08T-S1:TTCGGTCAGTCATGCT	GC08T-S1	10647.0	2717	0.043298583	T	GC08	cDC2_CD1C	1.6556365	-2.7677314
GC08T-S1:TTCTCAATCCGAGCCA	GC08T-S1	741.0	421	0.0	T	GC08	Mφ_APOE	-1.2593923	-1.3972191
GC08T-S1:TTCTCCTAGATCCCGC	GC08T-S1	5042.0	1771	0.00396668	T	GC08	Mφ_APOE	-2.3714337	0.7302669
GC08T-S1:TTGACTTTCCAATGGT	GC08T-S1	16684.0	3930	0.046271876	T	GC08	Mφ_APOE	-0.6172198	-0.77685237
GC08T-S1:TTGCGTCCAGCGTTCG	GC08T-S1	12740.0	2888	0.024960754	T	GC08	cDC2_CD1C	1.9500848	-1.1157302
GC08T-S1:TTGGCAATCCTTGCCA	GC08T-S1	20023.0	4170	0.032762323	T	GC08	Mφ_APOE	-0.87757736	-2.159947
GC08T-S1:TTTACTGAGATCGATA	GC08T-S1	11361.0	2381	0.027726432	T	GC08	DC_LAMP3	4.725532	-1.0308536
GC08T-S2:AAACGGGAGTGGCACA	GC08T-S2	2350.0	996	0.04170213	T	GC08	Mφ_THBS1	0.13411316	-7.1575036
GC08T-S2:AAGTCTGGTGTTCTTT	GC08T-S2	4934.0	1743	0.0320227	T	GC08	Mφ_THBS1	-0.67113024	-4.2091722
GC08T-S2:AGATCTGTCGGAAACG	GC08T-S2	9348.0	2568	0.04075738	T	GC08	Mφ_THBS1	-1.0982188	-4.250345
GC08T-S2:AGCGGTCGTTCAGTAC	GC08T-S2	5076.0	1610	0.037628055	T	GC08	Mφ_THBS1	1.0729868	-7.3813224
GC08T-S2:AGGGAGTCACCGGAAA	GC08T-S2	20764.0	3877	0.034097478	T	GC08	Mφ_APOE	0.45250222	-1.9881039
GC08T-S2:ATAACGCAGGCCCTTG	GC08T-S2	5889.0	1706	0.04228222	T	GC08	Mφ_THBS1	0.4533269	-7.780881
GC08T-S2:ATAAGAGTCCGTAGTA	GC08T-S2	17678.0	3430	0.06510918	T	GC08	cDC2_CD1C	1.6031682	-1.650176
GC08T-S2:ATGCGATAGTTGAGAT	GC08T-S2	4271.0	1719	0.047998127	T	GC08	Mφ_APOE	-2.567769	-1.9402856
GC08T-S2:ATTATCCGTCGCTTTC	GC08T-S2	9163.0	2840	0.069518715	T	GC08	cDC2_CD1C	1.9137253	0.48356202
GC08T-S2:CACAAACCACCCAGTG	GC08T-S2	16917.0	3614	0.033398356	T	GC08	Mφ_APOE	-1.1594303	-2.0215492
GC08T-S2:CACAAACCATGCAATC	GC08T-S2	1618.0	647	0.07540173	T	GC08	DC_LAMP3	3.5681646	-1.665388
GC08T-S2:CACAGTATCTGCTGTC	GC08T-S2	5535.0	2282	0.037217706	T	GC08	pDC_LILRA4	5.0746913	2.3038847
GC08T-S2:CCCAATCTCTAACTGG	GC08T-S2	6449.0	1728	0.022018917	T	GC08	Mφ_THBS1	-2.5998104	-4.9959292
GC08T-S2:CCGGGATGTCTGATTG	GC08T-S2	26296.0	4565	0.036735624	T	GC08	cDC1_XCR1	0.9698386	2.8187418
GC08T-S2:CCTACACAGAATTGTG	GC08T-S2	25029.0	4970	0.040712774	T	GC08	Mφ_APOE	-0.975295	-0.24319203
GC08T-S2:CGAATGTTCCGTTGTC	GC08T-S2	13675.0	3369	0.03166362	T	GC08	cDC2_CD1C	2.5608296	-0.4100511
GC08T-S2:CGTCAGGTCAATCACG	GC08T-S2	8883.0	2548	0.040414274	T	GC08	Mφ_THBS1	-0.32694685	-6.2604914
GC08T-S2:CGTCTACAGTGTGAAT	GC08T-S2	641.0	377	0.06552262	T	GC08	Mφ_APOE	-1.2663603	-1.3153102
GC08T-S2:CGTTGGGTCGGCGCAT	GC08T-S2	641.0	456	0.03432137	T	GC08	Mφ_APOE	-1.0103114	-1.7098814
GC08T-S2:CTCGAAATCTCTTGAT	GC08T-S2	7464.0	2705	0.065648444	T	GC08	pDC_LILRA4	5.0078363	2.4574716
GC08T-S2:CTGCCTAAGTCGTTTG	GC08T-S2	7314.0	2031	0.035684988	T	GC08	Mono_FCGR3A	5.5194955	-2.6881783
GC08T-S2:CTTAGGACACCATCCT	GC08T-S2	31117.0	5209	0.05112961	T	GC08	cDC2_CD1C	0.67983466	0.66629905
GC08T-S2:GAATGAAAGAAACCTA	GC08T-S2	11523.0	3265	0.018831901	T	GC08	Mφ_THBS1	-0.9018633	-3.7648835
GC08T-S2:GACTACAAGCGCTTAT	GC08T-S2	7020.0	1916	0.06481481	T	GC08	DC_LAMP3	4.157805	-1.1118271
GC08T-S2:GCGAGAAGTCCGAATT	GC08T-S2	10864.0	2378	0.03525405	T	GC08	Mφ_THBS1	-2.631939	-5.6925
GC08T-S2:GCGCCAATCTACCTGC	GC08T-S2	9024.0	2414	0.03723404	T	GC08	Mφ_THBS1	-2.479592	-6.05495
GC08T-S2:GCTGCTTAGGAATCGC	GC08T-S2	2436.0	1112	0.052134648	T	GC08	Mφ_THBS1	-1.3328984	-6.1960692
GC08T-S2:GGAAAGCCAGATCGGA	GC08T-S2	2166.0	756	0.07294552	T	GC08	DC_LAMP3	3.7420526	-1.5226433
GC08T-S2:GGATGTTGTTCGAATC	GC08T-S2	25456.0	4563	0.043958202	T	GC08	Mφ_APOE	-0.67143476	-1.6398505
GC08T-S2:GTAACTGTCAAGAAGT	GC08T-S2	14338.0	3542	0.032222066	T	GC08	Mφ_THBS1	-1.3253436	-4.4823823
GC08T-S2:GTGCATACACGGTGTC	GC08T-S2	11563.0	2532	0.040733375	T	GC08	DC_LAMP3	4.6559243	-0.6501729
GC08T-S2:TCAACGAAGCTGGAAC	GC08T-S2	816.0	560	0.025735294	T	GC08	Mφ_APOE	-1.3725548	-2.0771244
GC08T-S2:TCGAGGCAGATGTAAC	GC08T-S2	27680.0	5180	0.05447977	T	GC08	Mφ_APOE	-0.6539321	-1.1449343
GC08T-S2:TCTCTAAAGCTCCTCT	GC08T-S2	14841.0	2846	0.036048785	T	GC08	DC_LAMP3	4.5545444	-0.80414575
GC08T-S2:TGAGAGGGTGAGCGAT	GC08T-S2	3369.0	1299	0.046601366	T	GC08	Mφ_THBS1	-1.8095858	-6.1049623
GC08T-S2:TGTATTCCAAGCGAGT	GC08T-S2	10018.0	2684	0.035835497	T	GC08	Mφ_THBS1	-1.2777163	-4.417078
GC08T-S2:TTAACTCTCGCCTGTT	GC08T-S2	16109.0	4364	0.054441616	T	GC08	Mφ_APOE	-0.9778516	0.0030667442
GC10B:AAACCTGAGGGTCGAT	GC10B	6313.0	1905	0.044036116	B	GC10	Mono_CD14	4.3836017	-6.974569
GC10B:AAACCTGGTAGTAGTA	GC10B	5702.0	2101	0.03156787	B	GC10	Mono_CD14	4.4464984	-6.893938
GC10B:AAACCTGGTCTTCAAG	GC10B	7003.0	2418	0.056832787	B	GC10	Mono_CD14	5.0149894	-5.448212
GC10B:AAACCTGTCCGAAGAG	GC10B	11058.0	2795	0.0482004	B	GC10	Mono_CD14	6.191995	-5.496794
GC10B:AAACCTGTCTGGCGAC	GC10B	6355.0	2098	0.053658538	B	GC10	Mono_CD14	4.0877953	-6.8790708
GC10B:AAACGGGGTAGGCTGA	GC10B	6485.0	2151	0.055050116	B	GC10	Mono_CD14	5.2441907	-6.232368
GC10B:AAAGATGAGGCATTGG	GC10B	7432.0	2350	0.04386437	B	GC10	Mono_CD14	5.5350823	-5.7302375
GC10B:AAAGATGCATGAAGTA	GC10B	9355.0	2621	0.051630143	B	GC10	Mono_FCGR3A	6.5860996	-3.9627612
GC10B:AAAGTAGAGAGTCGGT	GC10B	1524.0	725	0.043963253	B	GC10	Mono_CD14	3.2998288	-5.4300237
GC10B:AAAGTAGCAGGGTACA	GC10B	6181.0	2037	0.052256916	B	GC10	Mono_CD14	5.6686144	-6.3787036
GC10B:AAAGTAGGTAAATGAC	GC10B	8236.0	2494	0.050388537	B	GC10	Mono_CD14	5.8183837	-5.8127456
GC10B:AAAGTAGGTTACCAGT	GC10B	9312.0	2673	0.05594931	B	GC10	Mono_FCGR3A	7.1529484	-3.3490975
GC10B:AAAGTAGGTTCGAATC	GC10B	2523.0	928	0.034086406	B	GC10	Mono_CD14	4.08041	-6.0216594
GC10B:AAAGTAGTCCGCATAA	GC10B	7517.0	2222	0.048822667	B	GC10	Mono_CD14	6.0211477	-6.0616612
GC10B:AAATGCCGTTGTCGCG	GC10B	4504.0	1702	0.035301954	B	GC10	Mono_CD14	4.8998322	-5.3339176
GC10B:AAATGCCTCATGTAGC	GC10B	9713.0	2608	0.060434468	B	GC10	Mono_FCGR3A	7.794756	-3.477264
GC10B:AACACGTAGAGCTGCA	GC10B	11822.0	2862	0.06183387	B	GC10	Mono_CD14	6.692298	-6.468404
GC10B:AACACGTCACGAAATA	GC10B	13149.0	3249	0.050574187	B	GC10	Mono_FCGR3A	7.991789	-2.7787228
GC10B:AACCATGAGAGGGATA	GC10B	5410.0	1929	0.049537893	B	GC10	Mono_CD14	4.5055923	-8.281035
GC10B:AACCATGAGATGTGGC	GC10B	3799.0	1556	0.03448276	B	GC10	Mono_CD14	4.2284636	-7.330841
GC10B:AACCATGCACAAGTAA	GC10B	8214.0	2548	0.043827612	B	GC10	Mono_CD14	5.2867236	-6.612925
GC10B:AACCATGGTCACCTAA	GC10B	17308.0	3777	0.044141438	B	GC10	Mono_CD14	5.948352	-5.220266
GC10B:AACCATGTCTCTGTCG	GC10B	2060.0	898	0.033495147	B	GC10	Mono_CD14	3.3052871	-4.7844844
GC10B:AACCGCGAGAGCTTCT	GC10B	1697.0	824	0.026517384	B	GC10	Mono_CD14	3.191636	-5.9841785
GC10B:AACCGCGAGTGCCATT	GC10B	5179.0	1723	0.045954816	B	GC10	Mono_CD14	4.0961237	-6.9463005
GC10B:AACCGCGCATACCATG	GC10B	1383.0	678	0.07230658	B	GC10	Mono_CD14	2.974533	-5.193541
GC10B:AACCGCGGTAGAGCTG	GC10B	982.0	527	0.028513238	B	GC10	Mono_CD14	3.2088876	-5.2321267
GC10B:AACGTTGAGGGAACGG	GC10B	5118.0	1788	0.036342323	B	GC10	Mono_CD14	4.6210485	-7.4385595
GC10B:AACGTTGCAGGGTACA	GC10B	4833.0	1813	0.043451272	B	GC10	Mono_CD14	4.5077267	-7.827091
GC10B:AACTCAGCAAGCTGTT	GC10B	5317.0	1858	0.029339854	B	GC10	Mono_CD14	5.464254	-6.697946
GC10B:AACTCAGGTACACCGC	GC10B	8224.0	2461	0.024075875	B	GC10	pDC_LILRA4	3.930332	3.7657218
GC10B:AACTCAGTCCCAACGG	GC10B	872.0	473	0.07912844	B	GC10	Mono_CD14	2.8574915	-5.4172187
GC10B:AACTCCCCAAGTTCTG	GC10B	1388.0	690	0.05835735	B	GC10	Mono_CD14	2.974071	-4.7457824
GC10B:AACTCCCTCAGCATGT	GC10B	6516.0	2150	0.059699204	B	GC10	Mono_CD14	5.3220897	-5.9819417
GC10B:AACTCTTAGGTGACCA	GC10B	4966.0	1809	0.05477245	B	GC10	Mono_CD14	3.6778245	-6.205231
GC10B:AACTCTTAGTCGTTTG	GC10B	1437.0	725	0.030619346	B	GC10	Mono_CD14	3.0043797	-6.117
GC10B:AACTCTTGTCCGAGTC	GC10B	10027.0	2551	0.045975864	B	GC10	Mono_CD14	6.785681	-6.0674562
GC10B:AACTGGTGTCAATACC	GC10B	7868.0	2535	0.08070666	B	GC10	Mono_FCGR3A	7.8256073	-2.2246296
GC10B:AACTGGTGTGTTGGGA	GC10B	9284.0	2542	0.04017665	B	GC10	Mono_FCGR3A	6.693913	-3.6849012
GC10B:AACTGGTTCGGCGGTT	GC10B	772.0	391	0.049222797	B	GC10	Mono_CD14	2.4807603	-4.7396417
GC10B:AACTGGTTCTCTGAGA	GC10B	9059.0	2817	0.040622585	B	GC10	Mono_CD14	5.3407164	-5.107962
GC10B:AACTTTCCAATAGCGG	GC10B	10607.0	2810	0.030828698	B	GC10	Mono_CD14	5.970779	-4.5324025
GC10B:AACTTTCGTAAACCTC	GC10B	2812.0	1200	0.06081081	B	GC10	Mono_CD14	3.9760916	-6.3353314
GC10B:AACTTTCGTATATGGA	GC10B	10179.0	2805	0.04519108	B	GC10	Mono_CD14	5.0589695	-7.011927
GC10B:AACTTTCTCACCTTAT	GC10B	3190.0	1325	0.043260187	B	GC10	Mono_CD14	3.5658166	-7.472129
GC10B:AACTTTCTCTACCAGA	GC10B	6636.0	2166	0.040084388	B	GC10	Mono_CD14	4.5693803	-6.8327627
GC10B:AACTTTCTCTACTATC	GC10B	676.0	393	0.090236686	B	GC10	Mono_CD14	2.4925826	-4.668444
GC10B:AAGACCTTCAAACCGT	GC10B	3852.0	1538	0.026998961	B	GC10	Mono_CD14	4.593311	-7.623137
GC10B:AAGCCGCCAGGCGATA	GC10B	11015.0	2891	0.046845213	B	GC10	Mono_FCGR3A	7.4798746	-3.2362928
GC10B:AAGGAGCCAGACTCGC	GC10B	2619.0	1162	0.049637266	B	GC10	Mono_CD14	3.4575512	-7.082242
GC10B:AAGGAGCCAGGTCGTC	GC10B	3869.0	1545	0.030757302	B	GC10	Mono_CD14	4.301303	-6.398948
GC10B:AAGGAGCCAGTAACGG	GC10B	7618.0	2272	0.048700448	B	GC10	Mono_FCGR3A	7.2375197	-3.5498054
GC10B:AAGGCAGAGACACGAC	GC10B	3247.0	1341	0.0486603	B	GC10	Mono_CD14	3.7546008	-6.306686
GC10B:AAGGCAGGTATTACCG	GC10B	4817.0	1689	0.05978825	B	GC10	Mono_CD14	3.521144	-6.864422
GC10B:AAGGTTCAGTGGCACA	GC10B	3821.0	1566	0.034545932	B	GC10	Mono_CD14	3.626457	-7.0939593
GC10B:AAGGTTCGTCCGACGT	GC10B	6308.0	2013	0.036620166	B	GC10	Mono_CD14	4.324161	-7.0446315
GC10B:AAGTCTGCATTACGAC	GC10B	1498.0	745	0.06141522	B	GC10	Mono_CD14	3.2560976	-5.437387
GC10B:AATCCAGCATTGGCGC	GC10B	3456.0	1335	0.067708336	B	GC10	Mono_CD14	3.90992	-7.0616236
GC10B:AATCGGTAGCAATATG	GC10B	6504.0	2146	0.050123002	B	GC10	Mono_CD14	5.5043583	-6.231081
GC10B:AATCGGTCATGACATC	GC10B	9308.0	2540	0.054684144	B	GC10	Mono_FCGR3A	7.4940605	-3.4511154
GC10B:AATCGGTTCTCAAGTG	GC10B	3301.0	1261	0.0566495	B	GC10	Mono_FCGR3A	4.9334526	-3.5353699
GC10B:AATCGGTTCTCTTATG	GC10B	2538.0	1083	0.049251378	B	GC10	Mono_CD14	4.163895	-5.6075325
GC10B:ACACCCTTCGGTTCGG	GC10B	2206.0	1099	0.04986401	B	GC10	Mono_CD14	3.4626193	-7.18113
GC10B:ACACCGGGTTGGAGGT	GC10B	6477.0	1970	0.050795123	B	GC10	Mono_CD14	5.1726966	-5.064208
GC10B:ACACTGACAGCTCGCA	GC10B	7565.0	2277	0.056576338	B	GC10	Mono_CD14	5.5097194	-7.518815
GC10B:ACAGCCGAGACCACGA	GC10B	10656.0	2790	0.026557807	B	GC10	pDC_LILRA4	3.9001474	3.541266
GC10B:ACAGCCGAGGTACTCT	GC10B	4086.0	1618	0.050660793	B	GC10	Mono_CD14	4.068947	-6.073455
GC10B:ACAGCTAAGAAACCTA	GC10B	5691.0	2074	0.03813038	B	GC10	Mono_CD14	4.8357906	-7.2415786
GC10B:ACAGCTACAAAGGAAG	GC10B	5938.0	1876	0.048332773	B	GC10	Mono_CD14	5.308699	-6.6184626
GC10B:ACAGCTACATGGGACA	GC10B	6727.0	2132	0.038204253	B	GC10	Mono_CD14	6.337572	-6.841498
GC10B:ACATACGAGCCACCTG	GC10B	6041.0	1886	0.051812615	B	GC10	Mono_CD14	4.4257154	-5.1620774
GC10B:ACATACGGTATATCCG	GC10B	2377.0	1007	0.04838031	B	GC10	Mono_CD14	3.152804	-4.5775747
GC10B:ACATACGTCCGCGCAA	GC10B	4992.0	1847	0.03846154	B	GC10	Mono_CD14	3.7686021	-7.4022436
GC10B:ACATCAGAGAACTGTA	GC10B	4377.0	1663	0.045693398	B	GC10	Mono_CD14	4.7103686	-6.3715487
GC10B:ACATCAGAGAGCTATA	GC10B	10314.0	2755	0.046538685	B	GC10	Mono_FCGR3A	7.14181	-3.5600343
GC10B:ACATCAGAGCCGGTAA	GC10B	4780.0	1635	0.040167365	B	GC10	Mono_CD14	4.229326	-5.859186
GC10B:ACATCAGAGCGGCTTC	GC10B	5053.0	1649	0.056006335	B	GC10	Mono_CD14	5.7216997	-5.8306217
GC10B:ACATCAGCACAAGTAA	GC10B	3360.0	1438	0.045535713	B	GC10	Mono_CD14	3.6879487	-7.186991
GC10B:ACATCAGGTCAAAGCG	GC10B	8689.0	2477	0.036252733	B	GC10	Mono_CD14	6.7019205	-6.247518
GC10B:ACCAGTAGTCTGGAGA	GC10B	9477.0	2481	0.0640498	B	GC10	Mono_FCGR3A	6.9549985	-3.7165534
GC10B:ACCAGTAGTTAAGACA	GC10B	7904.0	2346	0.04908907	B	GC10	Mono_CD14	5.6838927	-7.014501
GC10B:ACCAGTAGTTGTCTTT	GC10B	4872.0	1757	0.047413792	B	GC10	Mono_CD14	4.9305887	-5.561401
GC10B:ACCTTTAAGCGGATCA	GC10B	6118.0	2008	0.036940176	B	GC10	Mono_CD14	5.659708	-6.913129
GC10B:ACCTTTACATGACATC	GC10B	6969.0	2255	0.043334767	B	GC10	Mono_CD14	5.1941066	-8.105449
GC10B:ACGAGCCTCAACGGCC	GC10B	5681.0	1906	0.035029043	B	GC10	Mono_CD14	3.679204	-6.7258697
GC10B:ACGAGGAAGCTCCCAG	GC10B	825.0	420	0.07272727	B	GC10	Mono_CD14	2.5177724	-3.5122356
GC10B:ACGAGGAAGGATATAC	GC10B	9564.0	2718	0.035968214	B	GC10	Mono_CD14	5.8681326	-6.2950196
GC10B:ACGAGGAGTTTGACAC	GC10B	1815.0	834	0.056198347	B	GC10	Mono_CD14	3.2592828	-5.9426556
GC10B:ACGATACAGAATTCCC	GC10B	7579.0	2334	0.058846813	B	GC10	Mono_FCGR3A	6.281089	-3.6514432
GC10B:ACGATACAGGCCATAG	GC10B	6922.0	2251	0.054030627	B	GC10	Mono_CD14	4.443355	-7.6547594
GC10B:ACGATACCACGGTTTA	GC10B	1616.0	775	0.06745049	B	GC10	Mono_CD14	3.4672759	-5.3060184
GC10B:ACGATGTCACATGGGA	GC10B	9665.0	2633	0.03621314	B	GC10	Mono_FCGR3A	6.597727	-3.4745183
GC10B:ACGATGTCATGCCACG	GC10B	8956.0	2649	0.047677536	B	GC10	Mono_FCGR3A	5.642099	-4.333306
GC10B:ACGCAGCCAACACCTA	GC10B	5723.0	2070	0.033898305	B	GC10	Mono_CD14	5.0329385	-6.593969
GC10B:ACGCAGCCAGTGGAGT	GC10B	7200.0	2156	0.05013889	B	GC10	Mono_CD14	5.6204715	-4.79545
GC10B:ACGCAGCCATTACGAC	GC10B	5778.0	1889	0.03980616	B	GC10	Mono_CD14	5.3496437	-7.581691
GC10B:ACGCCAGCAGATGGCA	GC10B	9197.0	2562	0.04110036	B	GC10	Mono_FCGR3A	7.883235	-3.4379857
GC10B:ACGCCGACACAGGAGT	GC10B	5083.0	1694	0.03777297	B	GC10	Mono_CD14	3.783418	-6.4351025
GC10B:ACGCCGAGTTTGGCGC	GC10B	6628.0	2094	0.06291491	B	GC10	Mono_FCGR3A	6.2499385	-3.8305526
GC10B:ACGCCGATCAAAGTAG	GC10B	8645.0	2749	0.036321573	B	GC10	Mono_CD14	4.947314	-5.9238095
GC10B:ACGGAGAAGGGTCTCC	GC10B	8611.0	2255	0.053303912	B	GC10	Mono_CD14	6.2281556	-5.426005
GC10B:ACGGAGACACTTCTGC	GC10B	6041.0	1869	0.040721733	B	GC10	Mono_FCGR3A	5.3489633	-3.968448
GC10B:ACGGCCAGTTTGACTG	GC10B	5554.0	1942	0.041771695	B	GC10	Mono_CD14	4.8264847	-5.5897145
GC10B:ACGGGCTCAGGATCGA	GC10B	13200.0	3368	0.04590909	B	GC10	Mono_FCGR3A	5.9141192	-4.408994
GC10B:ACGGGTCAGTTACCCA	GC10B	5923.0	1974	0.046598006	B	GC10	Mono_CD14	5.113534	-6.768214
GC10B:ACGGGTCCAGTGACAG	GC10B	12181.0	3031	0.03275593	B	GC10	Mono_CD14	6.589864	-6.3684487
GC10B:ACGTCAAGTCGCCATG	GC10B	1398.0	647	0.08869814	B	GC10	Mono_CD14	2.939969	-4.3888326
GC10B:ACTATCTAGAAGCCCA	GC10B	1602.0	686	0.039325844	B	GC10	Mono_CD14	3.0795233	-4.3286552
GC10B:ACTATCTAGCAGGTCA	GC10B	10159.0	2671	0.050103355	B	GC10	Mono_CD14	6.067988	-7.7141576
GC10B:ACTGAACAGTCGCCGT	GC10B	5172.0	1685	0.047370456	B	GC10	Mono_CD14	4.054453	-6.032754
GC10B:ACTGAACAGTTACCCA	GC10B	5290.0	1913	0.04347826	B	GC10	Mono_CD14	4.078059	-6.4091887
GC10B:ACTGAACGTCAATACC	GC10B	3130.0	1314	0.05463259	B	GC10	Mono_CD14	3.3619504	-6.8607674
GC10B:ACTGAACGTTCCACGG	GC10B	3013.0	1232	0.036840357	B	GC10	Mono_CD14	3.3682399	-5.2510095
GC10B:ACTGAGTAGACAGAGA	GC10B	5456.0	1926	0.03170821	B	GC10	Mono_CD14	4.8456917	-7.8883204
GC10B:ACTGAGTAGGAGTCTG	GC10B	962.0	496	0.07380457	B	GC10	Mono_CD14	2.7691271	-4.6846313
GC10B:ACTGAGTAGTAGGTGC	GC10B	1171.0	584	0.023911187	B	GC10	Mono_CD14	3.043332	-5.175365
GC10B:ACTGCTCCAACCGCCA	GC10B	4160.0	1727	0.03701923	B	GC10	Mono_CD14	4.235372	-7.15808
GC10B:ACTGTCCAGTAGCGGT	GC10B	628.0	403	0.060509555	B	GC10	Mono_CD14	2.86564	-4.9906836
GC10B:ACTGTCCGTTTGACAC	GC10B	5466.0	2049	0.031101353	B	GC10	Mono_CD14	4.040277	-7.7929664
GC10B:ACTTACTTCTTGTACT	GC10B	7535.0	2500	0.04021234	B	GC10	Mono_CD14	5.368025	-7.6272626
GC10B:ACTTGTTAGAGCAATT	GC10B	5676.0	1894	0.033474278	B	GC10	Mono_CD14	4.2999005	-7.5643945
GC10B:ACTTGTTGTCTCTCGT	GC10B	6845.0	2308	0.05536888	B	GC10	Mono_CD14	4.802695	-7.3509226
GC10B:ACTTTCAAGTGGGTTG	GC10B	11881.0	2965	0.047386583	B	GC10	Mono_CD14	6.3384132	-6.13161
GC10B:ACTTTCACAACGATGG	GC10B	10556.0	2788	0.042250853	B	GC10	Mono_FCGR3A	6.9321094	-3.1017675
GC10B:ACTTTCACATACGCCG	GC10B	7404.0	2384	0.04997299	B	GC10	Mono_CD14	5.364846	-5.4313126
GC10B:ACTTTCACATGAAGTA	GC10B	1609.0	720	0.07955252	B	GC10	Mono_CD14	3.0738032	-4.934996
GC10B:ACTTTCACATTGTGCA	GC10B	8557.0	2360	0.059132874	B	GC10	Mono_CD14	5.9822927	-7.269388
GC10B:ACTTTCAGTACCCAAT	GC10B	5922.0	1956	0.055724416	B	GC10	Mono_CD14	4.0421424	-7.059017
GC10B:AGAATAGAGAGATGAG	GC10B	4622.0	1778	0.03721333	B	GC10	Mono_CD14	3.7043486	-7.4821463
GC10B:AGAATAGGTGTTTGTG	GC10B	6257.0	2028	0.051782005	B	GC10	Mono_CD14	5.222381	-7.112276
GC10B:AGAATAGGTTCCGGCA	GC10B	6705.0	2304	0.026249068	B	GC10	pDC_LILRA4	3.841436	3.6811202
GC10B:AGACGTTAGTAGCGGT	GC10B	8903.0	2551	0.0424576	B	GC10	Mono_FCGR3A	7.784668	-3.1300852
GC10B:AGACGTTCAGACGCTC	GC10B	8175.0	2336	0.04648318	B	GC10	Mono_FCGR3A	5.877943	-3.9359524
GC10B:AGACGTTTCAACACCA	GC10B	9443.0	2775	0.041406333	B	GC10	Mono_CD14	5.6058555	-5.877737
GC10B:AGACGTTTCTGCTTGC	GC10B	8309.0	2303	0.0463353	B	GC10	Mono_FCGR3A	7.2092	-3.6803365
GC10B:AGAGCGAAGCGAAGGG	GC10B	5376.0	1860	0.05282738	B	GC10	Mono_CD14	4.929829	-6.806906
GC10B:AGAGCGACAGACGCCT	GC10B	3923.0	1339	0.032882996	B	GC10	Mono_CD14	6.6055484	-6.0130305
GC10B:AGAGCGAGTCTAAAGA	GC10B	1445.0	659	0.020069204	B	GC10	Mono_CD14	2.8857715	-6.1544566
GC10B:AGAGCTTAGAGCCTAG	GC10B	8265.0	2428	0.042589232	B	GC10	Mono_CD14	6.418667	-6.4173245
GC10B:AGAGCTTAGTCTCCTC	GC10B	7484.0	2119	0.036611438	B	GC10	Mono_CD14	6.145016	-5.287483
GC10B:AGAGCTTGTAGGACAC	GC10B	7755.0	2438	0.050032236	B	GC10	Mono_CD14	5.4247255	-6.7868085
GC10B:AGAGCTTGTATAAACG	GC10B	6649.0	2039	0.033538878	B	GC10	Mono_CD14	6.4615164	-6.896964
GC10B:AGAGTGGTCAGTTGAC	GC10B	7682.0	2332	0.0346264	B	GC10	Mono_FCGR3A	6.261799	-3.8391793
GC10B:AGATCTGCAGCTCGCA	GC10B	1307.0	596	0.04820199	B	GC10	Mono_CD14	2.6764843	-5.354107
GC10B:AGATCTGTCAGTTTGG	GC10B	8183.0	2871	0.021874618	B	GC10	pDC_LILRA4	4.0365043	3.8874702
GC10B:AGCAGCCCAAACTGTC	GC10B	7211.0	2399	0.033282485	B	GC10	Mono_CD14	4.641022	-6.666127
GC10B:AGCATACCAGCGTCCA	GC10B	13046.0	2878	0.046604324	B	GC10	Mono_CD14	5.6460176	-4.5068717
GC10B:AGCATACTCTGTCTCG	GC10B	1747.0	857	0.054951344	B	GC10	Mono_CD14	3.1601682	-6.0691743
GC10B:AGCCTAACACAACGCC	GC10B	10175.0	2736	0.044029485	B	GC10	Mono_FCGR3A	7.7651534	-3.296694
GC10B:AGCCTAACAGATCTGT	GC10B	5919.0	1893	0.05169792	B	GC10	Mono_CD14	3.6655626	-6.7701845
GC10B:AGCCTAATCTAACGGT	GC10B	12431.0	3259	0.04585311	B	GC10	Mono_CD14	4.7293115	-6.5787745
GC10B:AGCGGTCCAAGGTGTG	GC10B	9167.0	2505	0.051707212	B	GC10	Mono_CD14	6.433625	-7.3531404
GC10B:AGCGGTCCACTTGGAT	GC10B	21036.0	3973	0.048535842	B	GC10	Mono_CD14	6.6933374	-6.152609
GC10B:AGCGGTCGTACCGAGA	GC10B	1984.0	754	0.04485887	B	GC10	Mono_CD14	2.5963771	-3.6973367
GC10B:AGCGTATAGCTAACTC	GC10B	7029.0	2321	0.047517426	B	GC10	Mono_CD14	5.388358	-6.748316
GC10B:AGCGTATCACGCATCG	GC10B	9085.0	2686	0.04755091	B	GC10	Mono_CD14	4.552231	-6.102385
GC10B:AGCTCTCCACCCATTC	GC10B	4735.0	1628	0.050686378	B	GC10	Mono_CD14	3.5728667	-7.296851
GC10B:AGCTTGACACGTTGGC	GC10B	5830.0	1776	0.034819897	B	GC10	Mono_CD14	6.1804395	-6.1477437
GC10B:AGGCCACAGCAAATCA	GC10B	11946.0	3187	0.049723756	B	GC10	Mono_CD14	5.852744	-6.214583
GC10B:AGGCCACGTACACCGC	GC10B	1718.0	801	0.029103609	B	GC10	Mono_CD14	3.32343	-5.0485263
GC10B:AGGCCGTGTTGGACCC	GC10B	1673.0	806	0.031081889	B	GC10	Mono_CD14	2.9901562	-5.7242575
GC10B:AGGGAGTCAGCCAGAA	GC10B	11365.0	2773	0.043202817	B	GC10	Mono_FCGR3A	6.8896585	-3.898545
GC10B:AGGGAGTTCGGTGTCG	GC10B	1979.0	826	0.079838306	B	GC10	Mono_FCGR3A	3.72665	-3.8149877
GC10B:AGGGATGCATCGGGTC	GC10B	7816.0	2369	0.07881269	B	GC10	Mono_FCGR3A	7.484688	-3.4966025
GC10B:AGGGATGTCGGCTTGG	GC10B	1618.0	754	0.0512979	B	GC10	Mono_CD14	3.1494362	-5.01955
GC10B:AGGGTGACACGCGAAA	GC10B	11400.0	2713	0.080350876	B	GC10	Mono_FCGR3A	6.935556	-3.6736107
GC10B:AGGGTGAGTTGTGGCC	GC10B	6282.0	1839	0.052690227	B	GC10	Mono_FCGR3A	5.870143	-3.9998505
GC10B:AGGGTGATCATGGTCA	GC10B	9136.0	2723	0.03349387	B	GC10	Mono_CD14	5.389655	-7.9775367
GC10B:AGGTCATTCGTACCGG	GC10B	11062.0	3016	0.042397395	B	GC10	Mono_FCGR3A	7.5475287	-3.2664883
GC10B:AGGTCCGTCAAACAAG	GC10B	7501.0	2537	0.04652713	B	GC10	Mono_CD14	5.1176457	-6.581871
GC10B:AGTAGTCCATTATCTC	GC10B	4696.0	1775	0.06601363	B	GC10	Mono_CD14	4.4549146	-6.2803445
GC10B:AGTAGTCTCACCAGGC	GC10B	4356.0	1673	0.046831954	B	GC10	Mono_CD14	4.7347717	-5.615265
GC10B:AGTAGTCTCGCAGGCT	GC10B	3617.0	1389	0.049488526	B	GC10	Mono_CD14	3.4839041	-6.3856473
GC10B:AGTCTTTCACGAAAGC	GC10B	12797.0	3075	0.048527	B	GC10	Mono_FCGR3A	6.524461	-3.77898
GC10B:AGTCTTTGTGCAGACA	GC10B	6330.0	2057	0.041390207	B	GC10	Mono_CD14	5.175159	-8.092145
GC10B:AGTCTTTTCATCACCC	GC10B	3888.0	1622	0.03600823	B	GC10	Mono_CD14	4.281193	-7.4372916
GC10B:AGTGAGGGTTAGAACA	GC10B	9806.0	2790	0.04079135	B	GC10	Mono_FCGR3A	7.846788	-2.6585507
GC10B:AGTGGGACAAGCCGTC	GC10B	5095.0	1816	0.042983316	B	GC10	Mono_CD14	4.8900485	-6.6334777
GC10B:AGTGGGAGTTAAAGTG	GC10B	9245.0	2540	0.056462955	B	GC10	Mono_FCGR3A	7.6756716	-3.044707
GC10B:AGTGTCAAGTTATCGC	GC10B	4429.0	1680	0.07134794	B	GC10	Mono_CD14	4.6520405	-7.9006844
GC10B:AGTTGGTTCTCGCATC	GC10B	5595.0	2035	0.029490616	B	GC10	pDC_LILRA4	3.9375799	3.7145715
GC10B:ATAACGCGTGTCGCTG	GC10B	3794.0	1518	0.043753296	B	GC10	Mono_CD14	4.5396504	-7.0542107
GC10B:ATAACGCGTTCCACGG	GC10B	7048.0	1917	0.030788876	B	GC10	Mono_CD14	6.3469305	-5.8297534
GC10B:ATAACGCTCTAACTTC	GC10B	1768.0	889	0.07239819	B	GC10	Mono_CD14	3.3508174	-5.6185293
GC10B:ATAAGAGAGCCGATTT	GC10B	1955.0	929	0.04910486	B	GC10	Mono_CD14	3.1520398	-6.098182
GC10B:ATAAGAGAGGCACATG	GC10B	16963.0	3520	0.049224783	B	GC10	Mono_CD14	6.702258	-6.955816
GC10B:ATAAGAGTCCGAACGC	GC10B	8159.0	2404	0.056134332	B	GC10	Mono_FCGR3A	6.431555	-3.604213
GC10B:ATCACGAAGACACGAC	GC10B	7045.0	2201	0.057345636	B	GC10	Mono_FCGR3A	5.8550377	-4.223818
GC10B:ATCACGACACAACGCC	GC10B	4305.0	1617	0.046689894	B	GC10	Mono_CD14	4.1710534	-7.05373
GC10B:ATCATCTAGCTGAAAT	GC10B	3284.0	1500	0.040803898	B	GC10	Mono_CD14	3.8659704	-7.880946
GC10B:ATCATCTTCTATGTGG	GC10B	7988.0	2517	0.07536305	B	GC10	Mono_CD14	4.6914473	-7.818826
GC10B:ATCCACCAGGCTCATT	GC10B	4852.0	1730	0.05296785	B	GC10	Mono_CD14	3.6714277	-6.609631
GC10B:ATCCACCGTCTGCAAT	GC10B	2554.0	1095	0.04815975	B	GC10	Mono_CD14	3.298639	-7.302823
GC10B:ATCCGAACAGTACACT	GC10B	8334.0	2423	0.064194866	B	GC10	Mono_CD14	5.117428	-5.349087
GC10B:ATCCGAAGTAGCGATG	GC10B	5232.0	1811	0.029051987	B	GC10	Mono_CD14	5.2350082	-7.591789
GC10B:ATCGAGTCACTGTTAG	GC10B	6945.0	2291	0.046076313	B	GC10	Mono_CD14	5.3078737	-6.0775456
GC10B:ATCGAGTCATAGAAAC	GC10B	9734.0	2934	0.061536882	B	GC10	Mono_FCGR3A	7.385129	-2.1982653
GC10B:ATCGAGTCATGGGAAC	GC10B	3987.0	1520	0.03260597	B	GC10	Mono_CD14	3.3503575	-6.1494513
GC10B:ATCGAGTTCGTTGCCT	GC10B	6938.0	2221	0.040933985	B	GC10	Mono_CD14	4.6978145	-7.882356
GC10B:ATCTACTCAACACCTA	GC10B	5320.0	1898	0.031390976	B	GC10	Mono_CD14	5.233001	-6.3349366
GC10B:ATCTACTGTCCTCCAT	GC10B	7996.0	2302	0.054902453	B	GC10	Mono_FCGR3A	6.2806163	-4.2066817
GC10B:ATCTACTTCCGTTGCT	GC10B	8717.0	2608	0.05208214	B	GC10	Mono_FCGR3A	7.9131036	-2.5124347
GC10B:ATCTGCCAGCTGCGAA	GC10B	10263.0	2842	0.04667251	B	GC10	Mono_CD14	5.4703674	-5.629078
GC10B:ATGAGGGCAAGGACAC	GC10B	7547.0	2290	0.049423613	B	GC10	Mono_CD14	5.4691286	-6.501632
GC10B:ATGAGGGGTGAAGGCT	GC10B	5252.0	1889	0.040746383	B	GC10	Mono_CD14	5.1834903	-7.3292646
GC10B:ATGCGATTCAACACAC	GC10B	6289.0	2178	0.05406265	B	GC10	Mono_CD14	5.138978	-5.984095
GC10B:ATGGGAGAGTCACGCC	GC10B	2183.0	758	0.06138342	B	GC10	cDC2_CD1C	2.5147462	-3.475942
GC10B:ATGGGAGAGTTGAGAT	GC10B	4685.0	1607	0.040554963	B	GC10	Mono_CD14	5.2074285	-7.587613
GC10B:ATGTGTGAGTCTCGGC	GC10B	3239.0	1285	0.057116393	B	GC10	Mono_CD14	3.5941045	-5.90451
GC10B:ATGTGTGCAGGAACGT	GC10B	7926.0	2327	0.050214484	B	GC10	Mono_CD14	5.1279225	-5.114257
GC10B:ATGTGTGGTAATCGTC	GC10B	3791.0	1619	0.041413873	B	GC10	Mono_CD14	3.520982	-7.507836
GC10B:ATTACTCAGCTTTGGT	GC10B	2979.0	1229	0.050016783	B	GC10	Mono_CD14	3.2192678	-6.194643
GC10B:ATTACTCAGTGCCATT	GC10B	2563.0	1069	0.058135	B	GC10	Mono_CD14	3.1332061	-5.9072194
GC10B:ATTATCCGTCTCCACT	GC10B	2680.0	1228	0.045522388	B	GC10	Mono_CD14	3.833979	-7.027472
GC10B:ATTCTACGTAAGAGAG	GC10B	4604.0	1699	0.05712424	B	GC10	Mono_CD14	4.163473	-6.2621055
GC10B:ATTCTACGTACAGTTC	GC10B	10753.0	2886	0.048358597	B	GC10	Mono_FCGR3A	7.738379	-2.9434905
GC10B:ATTCTACTCTTGTACT	GC10B	7094.0	2279	0.053707357	B	GC10	Mono_CD14	4.4629407	-8.056658
GC10B:ATTGGTGTCTACTATC	GC10B	9236.0	2540	0.05077956	B	GC10	Mono_CD14	6.666414	-6.5425735
GC10B:CAACCAAAGATAGCAT	GC10B	3040.0	1302	0.06414474	B	GC10	Mono_CD14	3.2531126	-6.3043466
GC10B:CAACCTCAGATGTGTA	GC10B	7010.0	2307	0.033380885	B	GC10	Mono_CD14	5.380134	-6.5487685
GC10B:CAACCTCGTACCGTTA	GC10B	3377.0	1385	0.031684928	B	GC10	Mono_CD14	4.6057005	-7.776364
GC10B:CAACCTCGTCTACCTC	GC10B	11094.0	2844	0.04254552	B	GC10	Mono_FCGR3A	7.7712946	-3.3793886
GC10B:CAACCTCGTGACCAAG	GC10B	13699.0	3016	0.04044091	B	GC10	Mono_FCGR3A	6.7386193	-3.7907016
GC10B:CAACTAGAGATCCGAG	GC10B	9744.0	2768	0.045463875	B	GC10	Mono_CD14	5.344027	-4.4053526
GC10B:CAACTAGCAGCTGTGC	GC10B	9061.0	2541	0.047897585	B	GC10	Mono_CD14	5.3900833	-4.7278876
GC10B:CAACTAGTCTGGTGTA	GC10B	7267.0	2320	0.03646622	B	GC10	Mono_CD14	5.4360933	-5.7641764
GC10B:CAAGAAACAGTTAACC	GC10B	4243.0	1464	0.06622673	B	GC10	Mono_CD14	3.8274574	-5.282431
GC10B:CAAGATCAGTGAAGTT	GC10B	10085.0	2854	0.062667325	B	GC10	Mono_FCGR3A	7.677684	-2.6618314
GC10B:CAAGATCTCCGTAGTA	GC10B	12251.0	2917	0.0681577	B	GC10	Mono_FCGR3A	6.108901	-4.459644
GC10B:CAAGGCCTCTATGTGG	GC10B	7968.0	2430	0.064508036	B	GC10	Mono_CD14	4.956981	-6.781346
GC10B:CACAAACCACAGGCCT	GC10B	7021.0	2242	0.028343542	B	GC10	Mono_CD14	6.258274	-5.9484463
GC10B:CACAAACCATCGTCGG	GC10B	8903.0	2483	0.046276536	B	GC10	Mono_CD14	5.140352	-5.238047
GC10B:CACAAACGTATATGAG	GC10B	11312.0	2992	0.051626593	B	GC10	Mono_FCGR3A	8.134114	-2.5021198
GC10B:CACACAACAGCTGTTA	GC10B	9503.0	2455	0.04335473	B	GC10	Mono_CD14	6.4618206	-5.805693
GC10B:CACACAAGTTAAGTAG	GC10B	7232.0	2272	0.061670355	B	GC10	Mono_CD14	4.918987	-7.698439
GC10B:CACACTCTCAGCTCTC	GC10B	922.0	486	0.07158352	B	GC10	Mono_CD14	2.7163174	-5.1926293
GC10B:CACAGGCAGAATCTCC	GC10B	8869.0	2506	0.03416394	B	GC10	Mono_CD14	5.6893706	-6.3348975
GC10B:CACAGGCGTGAGTATA	GC10B	8596.0	2708	0.057584923	B	GC10	Mono_FCGR3A	7.60977	-2.9180744
GC10B:CACAGGCGTGTGGCTC	GC10B	2293.0	992	0.07152203	B	GC10	Mono_CD14	3.6075113	-5.755695
GC10B:CACAGGCTCGATAGAA	GC10B	4750.0	1833	0.036421053	B	GC10	Mono_CD14	3.9311094	-7.3955336
GC10B:CACAGGCTCGTTGACA	GC10B	6418.0	2202	0.03490184	B	GC10	Mono_CD14	4.923846	-7.7075257
GC10B:CACAGTAAGCCGTCGT	GC10B	7212.0	2017	0.046173044	B	GC10	Mono_CD14	6.6625013	-6.060257
GC10B:CACAGTAAGTGATCGG	GC10B	6070.0	2007	0.0616145	B	GC10	Mono_CD14	4.7600017	-5.1558576
GC10B:CACAGTACAAACTGTC	GC10B	6799.0	2484	0.04485954	B	GC10	Mono_CD14	4.5314355	-7.496865
GC10B:CACAGTAGTGGCAAAC	GC10B	9515.0	2556	0.05359958	B	GC10	Mono_CD14	6.642983	-6.4171534
GC10B:CACAGTAGTTATGCGT	GC10B	7516.0	2385	0.05814263	B	GC10	Mono_FCGR3A	6.8495765	-2.989232
GC10B:CACATAGCAGCTCCGA	GC10B	12852.0	3135	0.03252412	B	GC10	Mono_CD14	5.6582046	-5.152662
GC10B:CACATAGGTCCCTACT	GC10B	9821.0	2781	0.051420424	B	GC10	Mono_FCGR3A	6.531209	-4.14378
GC10B:CACATTTGTACCGAGA	GC10B	8710.0	2498	0.045120552	B	GC10	Mono_FCGR3A	6.4534883	-3.4010081
GC10B:CACCACTCAGATAATG	GC10B	3381.0	1379	0.029577048	B	GC10	Mono_CD14	3.7391055	-7.4670887
GC10B:CACCAGGAGGATATAC	GC10B	10165.0	3064	0.038957205	B	GC10	Mono_CD14	4.859268	-7.628494
GC10B:CACTCCACATGACATC	GC10B	4003.0	1685	0.03697227	B	GC10	Mono_CD14	3.9445796	-7.4642973
GC10B:CACTCCAGTCGTGGCT	GC10B	8360.0	2456	0.038516745	B	GC10	Mono_CD14	6.2528434	-6.903581
GC10B:CACTCCATCATGTCTT	GC10B	4372.0	1704	0.035452884	B	GC10	Mono_CD14	4.109952	-8.114771
GC10B:CAGAATCCAGAGTGTG	GC10B	2257.0	1062	0.046078864	B	GC10	Mono_CD14	3.8162389	-7.3077755
GC10B:CAGAATCTCGTAGATC	GC10B	6820.0	2343	0.04076246	B	GC10	Mono_CD14	5.3921304	-7.3024616
GC10B:CAGAGAGAGCCCAGCT	GC10B	9307.0	2582	0.042118836	B	GC10	Mono_FCGR3A	6.553399	-3.458455
GC10B:CAGAGAGCAGGTCTCG	GC10B	4988.0	1713	0.04009623	B	GC10	Mono_CD14	4.8233805	-7.163161
GC10B:CAGAGAGGTAGGACAC	GC10B	4857.0	1794	0.057442866	B	GC10	Mono_CD14	3.851458	-7.6762137
GC10B:CAGATCAAGAATAGGG	GC10B	6171.0	2078	0.041160267	B	GC10	Mono_CD14	5.0212803	-6.9135137
GC10B:CAGATCAAGTCATCCA	GC10B	9318.0	2664	0.04249839	B	GC10	Mono_FCGR3A	8.031362	-2.8950346
GC10B:CAGATCAAGTCTCCTC	GC10B	6827.0	2155	0.041892488	B	GC10	Mono_CD14	5.928896	-6.420697
GC10B:CAGCAGCGTATGCTTG	GC10B	4018.0	1400	0.035340965	B	GC10	Mono_CD14	3.522447	-6.468531
GC10B:CAGCAGCTCCTATTCA	GC10B	11322.0	3238	0.050609432	B	GC10	Mono_CD14	4.853931	-7.3743563
GC10B:CAGCATAAGGAGCGTT	GC10B	7418.0	2188	0.044081964	B	GC10	Mono_CD14	4.56595	-5.166763
GC10B:CAGCATACAGCCTGTG	GC10B	6783.0	2054	0.050125312	B	GC10	Mono_CD14	5.56915	-7.328577
GC10B:CAGCATAGTACCAGTT	GC10B	5676.0	2091	0.052854124	B	GC10	Mono_CD14	4.641676	-7.3155327
GC10B:CAGCATAGTACCGAGA	GC10B	9726.0	2722	0.050688874	B	GC10	Mono_FCGR3A	6.3416677	-3.89512
GC10B:CAGCTAAAGAAGGCCT	GC10B	6379.0	2030	0.02649318	B	GC10	Mono_CD14	5.4178257	-7.959158
GC10B:CAGCTAACATCATCCC	GC10B	7693.0	2060	0.058624722	B	GC10	Mono_CD14	6.6711736	-5.9532948
GC10B:CAGCTGGAGGGTTTCT	GC10B	9588.0	2858	0.047872342	B	GC10	Mono_CD14	5.2182016	-6.3703384
GC10B:CAGCTGGCAGCATGAG	GC10B	8417.0	2326	0.041820128	B	GC10	Mono_CD14	6.516477	-7.1440406
GC10B:CAGGTGCTCTGCGTAA	GC10B	11238.0	2808	0.048941094	B	GC10	Mono_CD14	5.577197	-4.9823627
GC10B:CAGTAACAGCAGACTG	GC10B	6060.0	1903	0.043729372	B	GC10	Mono_CD14	5.9961867	-7.126145
GC10B:CAGTAACAGCGTTGCC	GC10B	7744.0	2115	0.047908057	B	GC10	Mono_CD14	6.1149964	-6.49543
GC10B:CAGTAACGTACCCAAT	GC10B	8639.0	2282	0.05509897	B	GC10	Mono_FCGR3A	6.6526237	-3.6981947
GC10B:CAGTAACTCAGCATGT	GC10B	4356.0	1582	0.03627181	B	GC10	Mono_CD14	3.7332463	-6.8747935
GC10B:CAGTCCTAGGACAGCT	GC10B	8280.0	2454	0.03574879	B	GC10	Mono_CD14	5.2224646	-5.230258
GC10B:CAGTCCTCAGATGGCA	GC10B	8261.0	2641	0.033409998	B	GC10	Mono_FCGR3A	5.977801	-4.076233
GC10B:CAGTCCTGTGACGCCT	GC10B	7993.0	2524	0.047791816	B	GC10	Mono_FCGR3A	6.8366885	-2.8690517
GC10B:CAGTCCTGTTAGAACA	GC10B	9358.0	2826	0.035691388	B	GC10	Mono_CD14	4.7528033	-7.989312
GC10B:CAGTCCTTCGTTACGA	GC10B	6087.0	2185	0.063906685	B	GC10	Mono_CD14	4.300397	-7.9694347
GC10B:CATATGGAGTTGCAGG	GC10B	7134.0	2200	0.05438744	B	GC10	Mono_CD14	5.864489	-5.6563845
GC10B:CATATGGCAGGAATGC	GC10B	7447.0	2231	0.061501276	B	GC10	Mono_CD14	5.3249617	-8.029023
GC10B:CATATTCCAATGCCAT	GC10B	9271.0	2484	0.038938627	B	GC10	Mono_CD14	6.3612747	-6.6992
GC10B:CATATTCTCCAAAGTC	GC10B	8494.0	2558	0.048033908	B	GC10	Mono_FCGR3A	7.627188	-3.5162332
GC10B:CATCAGATCTTGACGA	GC10B	8687.0	2661	0.046045817	B	GC10	Mono_FCGR3A	7.6419177	-3.2011638
GC10B:CATCCACAGTCCGGTC	GC10B	7369.0	2299	0.041253902	B	GC10	Mono_CD14	4.54776	-7.4396534
GC10B:CATCCACCACCAGCAC	GC10B	8955.0	2474	0.026689	B	GC10	Mono_CD14	5.5919375	-6.4743114
GC10B:CATCCACGTGAGGGTT	GC10B	10480.0	2851	0.030057251	B	GC10	Mono_CD14	5.743004	-5.2202353
GC10B:CATCGAACAGTTCCCT	GC10B	7669.0	2302	0.04733342	B	GC10	Mono_CD14	4.150884	-6.665881
GC10B:CATGACACATCAGTAC	GC10B	10563.0	2849	0.047808386	B	GC10	Mono_FCGR3A	7.471443	-3.4592638
GC10B:CATGCCTCAAATCCGT	GC10B	10693.0	3164	0.050967924	B	GC10	Mono_CD14	5.0511284	-6.7751503
GC10B:CATGGCGCACAGTCGC	GC10B	5743.0	1888	0.033083756	B	GC10	Mono_CD14	4.0706496	-6.9411187
GC10B:CATGGCGTCAGGATCT	GC10B	3727.0	1398	0.026294608	B	GC10	Mono_CD14	4.4350085	-7.7200336
GC10B:CATTATCAGGTCGGAT	GC10B	3932.0	1396	0.043997966	B	GC10	Mono_CD14	5.984152	-6.413839
GC10B:CATTATCAGTGGGCTA	GC10B	9405.0	2601	0.041573633	B	GC10	Mono_CD14	6.214684	-6.8798733
GC10B:CATTATCGTATAGGTA	GC10B	2945.0	1349	0.04685908	B	GC10	Mono_CD14	3.4610302	-7.15105
GC10B:CATTATCTCCAGTATG	GC10B	9711.0	2904	0.051693954	B	GC10	Mono_CD14	5.106336	-7.6513977
GC10B:CATTCGCCACGGCTAC	GC10B	6702.0	2087	0.03282602	B	GC10	Mono_CD14	5.993485	-6.883283
GC10B:CATTCGCCAGTACACT	GC10B	9768.0	2851	0.041871417	B	GC10	Mono_CD14	5.467529	-5.8961916
GC10B:CCAATCCCATCGACGC	GC10B	5355.0	1883	0.039962653	B	GC10	Mono_CD14	4.1302085	-5.9918394
GC10B:CCAATCCCATGTAAGA	GC10B	2597.0	959	0.051597998	B	GC10	Mono_CD14	2.8366725	-4.0253344
GC10B:CCACCTACAAGGACAC	GC10B	7499.0	2400	0.037605014	B	GC10	Mono_CD14	4.920746	-7.662965
GC10B:CCACCTAGTAGATTAG	GC10B	9429.0	2744	0.04380104	B	GC10	Mono_CD14	5.5185704	-5.9880238
GC10B:CCACCTAGTTATCACG	GC10B	8649.0	2700	0.03896404	B	GC10	Mono_CD14	5.0202394	-8.018542
GC10B:CCACCTATCGCAGGCT	GC10B	9657.0	2752	0.05001553	B	GC10	Mono_CD14	5.4295053	-7.9176984
GC10B:CCACGGAAGTTCGCGC	GC10B	1771.0	831	0.05759458	B	GC10	Mono_CD14	3.379208	-5.466744
GC10B:CCACGGACAGTCACTA	GC10B	10596.0	2894	0.048980746	B	GC10	Mono_FCGR3A	7.9377685	-2.975978
GC10B:CCACGGAGTTCGGCAC	GC10B	3457.0	1343	0.04367949	B	GC10	Mono_CD14	4.292951	-6.139733
GC10B:CCACGGATCATCGATG	GC10B	8427.0	2405	0.03215854	B	GC10	Mono_CD14	6.423265	-6.8530326
GC10B:CCACTACCACCATCCT	GC10B	7792.0	2263	0.04774127	B	GC10	Mono_CD14	6.6206183	-6.5075874
GC10B:CCAGCGAAGAGTCGGT	GC10B	7290.0	2113	0.032784637	B	GC10	Mono_CD14	6.701293	-6.4724007
GC10B:CCAGCGACAAATTGCC	GC10B	8251.0	2318	0.037571203	B	GC10	Mono_FCGR3A	7.0014772	-3.3277812
GC10B:CCAGCGAGTCTCTCGT	GC10B	10423.0	2682	0.037033483	B	GC10	Mono_FCGR3A	7.283298	-3.6587434
GC10B:CCATTCGAGCGATAGC	GC10B	6352.0	1987	0.054943323	B	GC10	Mono_CD14	5.640514	-6.846078
GC10B:CCATTCGGTCTAGAGG	GC10B	7219.0	2239	0.065244496	B	GC10	Mono_FCGR3A	7.1737986	-2.9675102
GC10B:CCATTCGGTGCTAGCC	GC10B	6736.0	2135	0.08061164	B	GC10	Mono_FCGR3A	6.3769107	-3.7316732
GC10B:CCATTCGTCCAGAGGA	GC10B	2829.0	1241	0.026511135	B	GC10	Mono_CD14	3.6635077	-7.0771
GC10B:CCCAATCCACCGTTGG	GC10B	7681.0	2223	0.04270277	B	GC10	Mono_CD14	5.8381224	-5.2974463
GC10B:CCCAGTTGTGGTTTCA	GC10B	5409.0	2070	0.027916435	B	GC10	Mono_CD14	4.544556	-7.036517
GC10B:CCCAGTTGTTAAAGTG	GC10B	4709.0	1662	0.04056063	B	GC10	Mono_CD14	3.7258048	-7.1246743
GC10B:CCCATACGTTGTTTGG	GC10B	1402.0	654	0.055634808	B	GC10	Mono_CD14	3.059365	-4.670486
GC10B:CCCTCCTAGGACAGAA	GC10B	17435.0	3375	0.024548322	B	GC10	cDC1_XCR1	1.1911341	3.0367086
GC10B:CCCTCCTTCAGTGCAT	GC10B	13008.0	3457	0.03198032	B	GC10	Mono_FCGR3A	7.33312	-2.273389
GC10B:CCCTCCTTCGTAGGAG	GC10B	747.0	485	0.04016064	B	GC10	Mono_CD14	2.6810656	-4.937972
GC10B:CCCTCCTTCTGCTTGC	GC10B	12910.0	3539	0.037645236	B	GC10	Mono_CD14	5.243725	-5.796547
GC10B:CCGGGATGTAGCCTCG	GC10B	6227.0	2036	0.03789947	B	GC10	Mono_CD14	5.430766	-6.216582
GC10B:CCGGTAGCATTGGTAC	GC10B	9688.0	2511	0.06059042	B	GC10	Mono_CD14	6.6390934	-6.818387
GC10B:CCGGTAGGTCTGATTG	GC10B	6517.0	2094	0.03928188	B	GC10	Mono_FCGR3A	6.2086663	-3.5832298
GC10B:CCGTGGACATAGGATA	GC10B	5740.0	1998	0.03240418	B	GC10	Mono_CD14	4.682391	-7.3876534
GC10B:CCGTGGAGTTGCCTCT	GC10B	3760.0	1518	0.052393615	B	GC10	Mono_CD14	4.251289	-7.158098
GC10B:CCGTGGATCTACGAGT	GC10B	2200.0	994	0.046363637	B	GC10	Mono_CD14	3.35788	-5.5216293
GC10B:CCGTGGATCTTAGCCC	GC10B	7936.0	2219	0.036794353	B	GC10	Mono_CD14	6.590247	-6.822217
GC10B:CCGTTCACACTTGGAT	GC10B	7995.0	2401	0.041400876	B	GC10	Mono_CD14	5.559708	-5.3241177
GC10B:CCGTTCATCATAGCAC	GC10B	4152.0	1599	0.034922928	B	GC10	Mono_CD14	4.5869474	-6.2401066
GC10B:CCTACACAGATTACCC	GC10B	11292.0	2816	0.04507616	B	GC10	Mono_CD14	4.786496	-5.703269
GC10B:CCTACACAGCCAGGAT	GC10B	7698.0	2423	0.04728501	B	GC10	Mono_CD14	5.140572	-6.815176
GC10B:CCTACACCACGCGAAA	GC10B	9367.0	2697	0.042276077	B	GC10	Mono_FCGR3A	6.4208097	-3.405331
GC10B:CCTACACCACTTAAGC	GC10B	4996.0	1747	0.05144115	B	GC10	Mono_CD14	3.8549147	-7.4195657
GC10B:CCTATTAAGGGTCGAT	GC10B	5493.0	1718	0.0697251	B	GC10	Mono_FCGR3A	5.8587155	-3.63646
GC10B:CCTATTAGTGGTCCGT	GC10B	1835.0	847	0.052316077	B	GC10	Mono_CD14	3.2023926	-6.1751237
GC10B:CCTATTAGTTCAGCGC	GC10B	9005.0	2514	0.043420322	B	GC10	Mono_FCGR3A	7.172298	-3.567054
GC10B:CCTATTAGTTGTCGCG	GC10B	5821.0	1733	0.05291187	B	GC10	Mono_CD14	5.186203	-4.436027
GC10B:CCTATTATCCATGAAC	GC10B	3840.0	1361	0.04140625	B	GC10	Mono_CD14	4.4663906	-6.485612
GC10B:CCTCTGAAGAACAACT	GC10B	5104.0	1765	0.03585423	B	GC10	Mono_CD14	4.3395534	-6.1872883
GC10B:CCTCTGATCATGGTCA	GC10B	8633.0	2623	0.03127534	B	GC10	Mono_CD14	5.3149977	-7.9681416
GC10B:CCTTACGTCTCTGAGA	GC10B	5347.0	1855	0.04694221	B	GC10	Mono_CD14	5.0134053	-7.7841744
GC10B:CCTTCGAGTGACAAAT	GC10B	7568.0	2282	0.028541226	B	GC10	Mono_CD14	4.493427	-6.0213532
GC10B:CCTTCGATCACCCGAG	GC10B	5482.0	2005	0.035753373	B	GC10	Mono_CD14	4.700856	-6.633109
GC10B:CCTTCGATCACCTTAT	GC10B	4044.0	1593	0.052176062	B	GC10	Mono_CD14	3.8849044	-5.4928465
GC10B:CCTTCGATCCAAACTG	GC10B	7306.0	2303	0.03202847	B	GC10	Mono_CD14	5.335221	-6.0838537
GC10B:CCTTTCTCAAGCCGCT	GC10B	8635.0	2428	0.03416329	B	GC10	Mono_CD14	6.568746	-6.2264066
GC10B:CCTTTCTGTTGGGACA	GC10B	8540.0	2508	0.055386417	B	GC10	Mono_CD14	5.3019133	-7.4874187
GC10B:CCTTTCTTCGAATCCA	GC10B	13416.0	3439	0.037343472	B	GC10	Mono_CD14	4.655109	-7.8300114
GC10B:CGAACATTCTCTTATG	GC10B	8520.0	3051	0.035093896	B	GC10	pDC_LILRA4	4.105611	3.7224498
GC10B:CGAATGTAGAATTGTG	GC10B	10739.0	2896	0.06294813	B	GC10	Mono_CD14	5.668602	-7.058667
GC10B:CGACCTTAGAGCTATA	GC10B	14551.0	3031	0.037866812	B	GC10	cDC2_CD1C	2.388961	-2.602104
GC10B:CGACCTTAGGCTCATT	GC10B	7943.0	2440	0.033614505	B	GC10	Mono_CD14	5.2602944	-8.053536
GC10B:CGACCTTCATATACCG	GC10B	10254.0	2884	0.035498343	B	GC10	Mono_CD14	5.644477	-6.4469814
GC10B:CGACCTTTCAGCTGGC	GC10B	10679.0	2913	0.0368012	B	GC10	Mono_CD14	6.1252055	-5.3470206
GC10B:CGACCTTTCTGAAAGA	GC10B	9043.0	2763	0.036602896	B	GC10	Mono_FCGR3A	6.644568	-3.138378
GC10B:CGACTTCGTGCCTTGG	GC10B	7253.0	2178	0.0370881	B	GC10	Mono_CD14	6.0137115	-5.6764393
GC10B:CGAGAAGAGGATGCGT	GC10B	8088.0	2268	0.03437191	B	GC10	Mono_FCGR3A	6.341361	-3.895838
GC10B:CGAGAAGGTGGTTTCA	GC10B	7091.0	2105	0.04710196	B	GC10	Mono_CD14	5.994574	-6.4381714
GC10B:CGAGCACAGACTGGGT	GC10B	8747.0	2573	0.05030296	B	GC10	Mono_CD14	5.4393506	-5.363354
GC10B:CGAGCACTCTACCAGA	GC10B	8452.0	2307	0.044368196	B	GC10	Mono_CD14	6.4155955	-7.2530804
GC10B:CGATCGGCATAAGACA	GC10B	3616.0	1442	0.05199115	B	GC10	Mono_CD14	4.853978	-6.323162
GC10B:CGATGGCAGCTACCGC	GC10B	9354.0	2594	0.05035279	B	GC10	Mono_FCGR3A	7.125539	-3.2808762
GC10B:CGATGGCAGGGTCTCC	GC10B	9909.0	2754	0.06357857	B	GC10	Mono_FCGR3A	7.5063667	-3.441096
GC10B:CGATGGCGTGGCTCCA	GC10B	8249.0	2208	0.037216634	B	GC10	Mono_CD14	6.1902003	-7.2241497
GC10B:CGATGGCTCAACCAAC	GC10B	8665.0	2409	0.043508366	B	GC10	Mono_CD14	5.850512	-7.5874104
GC10B:CGATGTATCTGTTGAG	GC10B	6492.0	2085	0.03866297	B	GC10	Mono_CD14	6.1136622	-6.729347
GC10B:CGATTGAGTAAACGCG	GC10B	8467.0	2508	0.03720326	B	GC10	Mono_FCGR3A	7.8014455	-2.9764035
GC10B:CGATTGATCTAACTCT	GC10B	1337.0	627	0.06357517	B	GC10	Mono_CD14	2.9486084	-4.5620065
GC10B:CGCCAAGAGAGCCTAG	GC10B	8942.0	2401	0.041265935	B	GC10	Mono_CD14	6.612008	-5.9962673
GC10B:CGCCAAGCACATTCGA	GC10B	7568.0	2466	0.045718815	B	GC10	Mono_CD14	4.978946	-6.0194907
GC10B:CGCCAAGTCACAACGT	GC10B	8670.0	2673	0.046828143	B	GC10	Mono_CD14	5.2289586	-8.097924
GC10B:CGCGGTACAAGTCATC	GC10B	9959.0	2615	0.04880008	B	GC10	Mono_FCGR3A	6.832173	-3.6527414
GC10B:CGCGGTAGTAGTGAAT	GC10B	11131.0	2824	0.04977091	B	GC10	Mono_CD14	5.4709067	-4.8134413
GC10B:CGCGTTTCACAGACAG	GC10B	15312.0	2702	0.014498432	B	GC10	pDC_LILRA4	3.753021	2.3223724
GC10B:CGCTATCGTCATACTG	GC10B	9908.0	2878	0.057327412	B	GC10	Mono_FCGR3A	7.634195	-3.028226
GC10B:CGCTGGAAGTGCAAGC	GC10B	2598.0	1023	0.03425712	B	GC10	Mono_CD14	3.8846986	-6.510496
GC10B:CGCTTCATCACCAGGC	GC10B	9083.0	2539	0.030496532	B	GC10	Mono_CD14	5.662847	-7.9730897
GC10B:CGCTTCATCCGATATG	GC10B	4795.0	1753	0.045464024	B	GC10	Mono_CD14	4.3782716	-6.9432898
GC10B:CGCTTCATCGCCTGTT	GC10B	11270.0	3308	0.026619343	B	GC10	pDC_LILRA4	4.0211287	3.9582393
GC10B:CGGACGTCATCCCATC	GC10B	6157.0	1885	0.04515186	B	GC10	Mono_CD14	6.2942467	-5.660158
GC10B:CGGACGTTCTGATACG	GC10B	5178.0	1889	0.048088066	B	GC10	Mono_CD14	4.6225195	-7.0410185
GC10B:CGGACTGAGAATTCCC	GC10B	8418.0	2484	0.050249465	B	GC10	Mono_CD14	5.751968	-7.472507
GC10B:CGGACTGAGGATGTAT	GC10B	7285.0	2237	0.042415924	B	GC10	Mono_CD14	5.7072845	-7.4771805
GC10B:CGGACTGGTAGTACCT	GC10B	2194.0	956	0.041476756	B	GC10	Mono_CD14	3.2695258	-6.6507998
GC10B:CGGACTGTCAGTTCGA	GC10B	10628.0	2809	0.035190064	B	GC10	Mono_CD14	5.594299	-4.5548024
GC10B:CGGAGCTAGCTTATCG	GC10B	6481.0	2063	0.045980558	B	GC10	Mono_CD14	4.907513	-6.80605
GC10B:CGGAGCTGTACCAGTT	GC10B	7771.0	2375	0.05662077	B	GC10	Mono_FCGR3A	7.69331	-3.272568
GC10B:CGGAGCTTCACTTATC	GC10B	3367.0	1491	0.03207603	B	GC10	Mono_CD14	4.0479097	-7.6499257
GC10B:CGGAGCTTCGCTTAGA	GC10B	6740.0	2055	0.038130563	B	GC10	Mono_CD14	5.8799896	-5.6886697
GC10B:CGGAGCTTCGGTCTAA	GC10B	3820.0	1499	0.02356021	B	GC10	Mono_CD14	4.647036	-6.4715915
GC10B:CGGCTAGAGCTAGCCC	GC10B	1598.0	811	0.04505632	B	GC10	Mono_CD14	3.1240098	-6.50007
GC10B:CGGCTAGGTTACGACT	GC10B	8831.0	2464	0.037141886	B	GC10	Mono_CD14	6.4439845	-6.500644
GC10B:CGGGTCACACTAAGTC	GC10B	2832.0	1345	0.038135592	B	GC10	Mono_CD14	3.945852	-7.547878
GC10B:CGGGTCAGTACTCAAC	GC10B	6868.0	2110	0.05168899	B	GC10	Mono_CD14	4.9098864	-6.0434976
GC10B:CGGGTCAGTGCCTTGG	GC10B	10066.0	2786	0.04540036	B	GC10	Mono_FCGR3A	6.9111686	-3.2479413
GC10B:CGGGTCAGTGTAATGA	GC10B	8910.0	2357	0.035241302	B	GC10	Mono_CD14	6.6545987	-6.689609
GC10B:CGGTTAAGTTCAGGCC	GC10B	2393.0	1023	0.05641454	B	GC10	Mono_CD14	3.5615897	-5.7811055
GC10B:CGGTTAATCTAACTCT	GC10B	7173.0	2345	0.05060644	B	GC10	Mono_CD14	4.6894765	-8.015553
GC10B:CGGTTAATCTACTATC	GC10B	10085.0	2680	0.048289537	B	GC10	Mono_CD14	5.4738517	-7.4944005
GC10B:CGTAGCGAGTGGAGTC	GC10B	4609.0	1645	0.04013886	B	GC10	Mono_CD14	5.8897667	-5.848622
GC10B:CGTAGCGTCCACTGGG	GC10B	7487.0	2237	0.043408576	B	GC10	Mono_CD14	4.0629635	-7.139432
GC10B:CGTAGCGTCCATGAAC	GC10B	5227.0	1887	0.0506983	B	GC10	Mono_CD14	4.8419623	-6.1456513
GC10B:CGTAGGCTCGTCACGG	GC10B	10056.0	2688	0.048130468	B	GC10	Mono_FCGR3A	6.8634124	-3.651335
GC10B:CGTCACTAGACAGGCT	GC10B	6888.0	2147	0.035569105	B	GC10	Mono_CD14	5.444457	-7.6945114
GC10B:CGTCAGGGTCGTCTTC	GC10B	3189.0	1286	0.027908435	B	GC10	Mono_CD14	3.6459222	-5.30365
GC10B:CGTCAGGGTGGACGAT	GC10B	8462.0	2366	0.034625385	B	GC10	Mono_CD14	5.8662477	-7.758074
GC10B:CGTCAGGTCAAACGGG	GC10B	8643.0	2586	0.051255353	B	GC10	Mono_FCGR3A	8.236841	-2.954725
GC10B:CGTCCATCATCTACGA	GC10B	4596.0	1629	0.04395126	B	GC10	Mono_CD14	3.1860187	-6.355864
GC10B:CGTCCATTCGCCCTTA	GC10B	7724.0	2310	0.044277575	B	GC10	Mono_CD14	5.086234	-7.989614
GC10B:CGTCTACAGATATGCA	GC10B	11936.0	3096	0.04599531	B	GC10	Mono_FCGR3A	6.4527545	-3.706238
GC10B:CGTGAGCTCGTCTGAA	GC10B	6948.0	1939	0.04015544	B	GC10	Mono_CD14	6.5015497	-5.953365
GC10B:CGTGAGCTCTTGTCAT	GC10B	6830.0	2062	0.052415814	B	GC10	Mono_FCGR3A	5.6117797	-3.8682415
GC10B:CGTGTAAGTATATCCG	GC10B	7392.0	2384	0.04193723	B	GC10	Mono_FCGR3A	7.1584034	-2.767244
GC10B:CGTGTCTAGGAGCGTT	GC10B	4339.0	1512	0.028808482	B	GC10	Mono_CD14	5.2920413	-5.542317
GC10B:CGTGTCTTCGGCCGAT	GC10B	11510.0	2552	0.043440487	B	GC10	cDC1_XCR1	1.2315255	3.0919905
GC10B:CGTTAGAGTAGGCATG	GC10B	8540.0	2775	0.021545667	B	GC10	pDC_LILRA4	3.9737008	3.756036
GC10B:CGTTCTGTCACAGGCC	GC10B	6855.0	2215	0.03369803	B	GC10	Mono_CD14	5.60402	-4.6069894
GC10B:CGTTCTGTCACCATAG	GC10B	5488.0	1986	0.041362975	B	GC10	Mono_CD14	3.954635	-7.5146556
GC10B:CGTTGGGAGTGTACTC	GC10B	7453.0	2144	0.037568763	B	GC10	Mono_CD14	6.2724915	-6.46219
GC10B:CGTTGGGAGTTGAGAT	GC10B	5454.0	1807	0.037770443	B	GC10	Mono_CD14	5.752592	-7.0198755
GC10B:CGTTGGGCAGCTGGCT	GC10B	11753.0	3071	0.04892368	B	GC10	Mono_CD14	6.4073057	-5.945252
GC10B:CTAATGGAGGTAAACT	GC10B	8085.0	2550	0.057637602	B	GC10	Mono_FCGR3A	6.6767087	-3.3806028
GC10B:CTACACCGTACCGCTG	GC10B	1524.0	778	0.038057745	B	GC10	Mono_CD14	3.1468263	-5.865327
GC10B:CTACATTTCGCGGATC	GC10B	9478.0	2463	0.04547373	B	GC10	Mono_CD14	5.5041704	-4.840228
GC10B:CTACCCAAGGCATGGT	GC10B	7328.0	2267	0.03397926	B	GC10	Mono_CD14	4.298448	-7.331547
GC10B:CTACCCACAAACTGCT	GC10B	5922.0	2076	0.0363053	B	GC10	Mono_CD14	5.231387	-5.0950565
GC10B:CTACCCAGTTGTTTGG	GC10B	9432.0	2691	0.04071247	B	GC10	Mono_CD14	6.1021132	-6.7121696
GC10B:CTACGTCAGATGCGAC	GC10B	7027.0	2165	0.03073858	B	GC10	Mono_CD14	5.778702	-6.387119
GC10B:CTACGTCTCGTCCAGG	GC10B	1626.0	708	0.05104551	B	GC10	Mono_CD14	3.2769954	-4.136248
GC10B:CTAGAGTAGAGGACGG	GC10B	8439.0	2200	0.04526603	B	GC10	Mono_FCGR3A	6.3971252	-3.8011162
GC10B:CTAGAGTCAGCGTAAG	GC10B	5868.0	1941	0.04430811	B	GC10	Mono_CD14	4.3692155	-6.3958225
GC10B:CTAGCCTAGCAATCTC	GC10B	7289.0	2381	0.05199616	B	GC10	Mono_CD14	4.9989853	-8.155897
GC10B:CTAGTGAAGAAAGTGG	GC10B	7032.0	2306	0.06498862	B	GC10	Mono_CD14	4.7417607	-7.7121863
GC10B:CTAGTGAAGCTACCTA	GC10B	9705.0	2809	0.030087585	B	GC10	Mono_CD14	5.2945476	-7.18408
GC10B:CTAGTGAGTCCATCCT	GC10B	3558.0	1303	0.044125915	B	GC10	Mono_CD14	3.6086373	-6.1216016
GC10B:CTAGTGAGTGGTGTAG	GC10B	832.0	431	0.058894232	B	GC10	Mono_CD14	3.0857127	-5.0685782
GC10B:CTCACACCATGCAACT	GC10B	929.0	525	0.041980624	B	GC10	Mono_CD14	2.9435663	-5.0126543
GC10B:CTCAGAACACCTGGTG	GC10B	2080.0	864	0.060096152	B	GC10	Mono_FCGR3A	3.9902246	-3.8000007
GC10B:CTCAGAACACTATCTT	GC10B	5732.0	2062	0.064724356	B	GC10	Mono_CD14	4.476614	-7.1212535
GC10B:CTCAGAAGTCTCCCTA	GC10B	4438.0	1765	0.06511942	B	GC10	Mono_CD14	4.1180005	-7.3884373
GC10B:CTCAGAATCCGGGTGT	GC10B	9792.0	2877	0.062806375	B	GC10	Mono_FCGR3A	7.843776	-2.4217045
GC10B:CTCAGAATCTGTGCAA	GC10B	11604.0	3005	0.043864183	B	GC10	Mono_CD14	6.345239	-6.672234
GC10B:CTCATTAAGTGGAGAA	GC10B	3446.0	1250	0.06819501	B	GC10	Mono_CD14	4.02206	-5.5925093
GC10B:CTCATTATCCACGCAG	GC10B	3567.0	1369	0.046818055	B	GC10	Mono_CD14	3.7324824	-6.719819
GC10B:CTCCTAGGTGGGTCAA	GC10B	10322.0	2941	0.040011626	B	GC10	Mono_FCGR3A	7.431769	-3.0826592
GC10B:CTCGAGGGTCTGATTG	GC10B	6929.0	2141	0.042141724	B	GC10	Mono_CD14	5.880702	-5.799883
GC10B:CTCGAGGTCACATAGC	GC10B	8940.0	2674	0.046532437	B	GC10	Mono_CD14	5.8199725	-6.152124
GC10B:CTCGGAGAGCCGCCTA	GC10B	5149.0	1692	0.03456982	B	GC10	Mono_CD14	6.0939093	-5.9557734
GC10B:CTCGGAGTCGTTTGCC	GC10B	7399.0	2198	0.050682526	B	GC10	Mono_FCGR3A	5.7708387	-3.856843
GC10B:CTCGGGAAGCTGTCTA	GC10B	1635.0	654	0.06116208	B	GC10	Mono_CD14	2.6622972	-3.7266443
GC10B:CTCGGGACACCACCAG	GC10B	7648.0	2063	0.040402718	B	GC10	Mono_CD14	6.62617	-6.155812
GC10B:CTCGTACAGCCACCTG	GC10B	8687.0	2407	0.043513294	B	GC10	Mono_CD14	5.82156	-7.4820065
GC10B:CTCGTACAGGTCGGAT	GC10B	5790.0	1773	0.04317789	B	GC10	Mono_CD14	5.601022	-5.540037
GC10B:CTCGTACCAGTATGCT	GC10B	3966.0	1519	0.046394352	B	GC10	Mono_CD14	4.0441	-6.8637733
GC10B:CTCGTCAAGCTGCCCA	GC10B	4226.0	1506	0.046852816	B	GC10	Mono_CD14	3.335491	-6.2406883
GC10B:CTCTAATCAACTTGAC	GC10B	6864.0	2487	0.054050118	B	GC10	Mono_CD14	4.8828397	-7.576377
GC10B:CTCTAATCATTCTCAT	GC10B	9428.0	2695	0.048048366	B	GC10	Mono_CD14	5.144485	-8.100524
GC10B:CTCTAATTCACGGTTA	GC10B	3670.0	1451	0.039782017	B	GC10	Mono_CD14	3.7788622	-7.2398467
GC10B:CTCTAATTCTGCTGTC	GC10B	10844.0	2782	0.053024713	B	GC10	Mono_CD14	6.1488028	-7.288537
GC10B:CTCTACGAGGGAAACA	GC10B	7429.0	2440	0.036074843	B	GC10	Mono_CD14	4.357992	-6.6002655
GC10B:CTCTACGGTGCCTTGG	GC10B	9647.0	2559	0.056701567	B	GC10	Mono_CD14	6.1840353	-7.114443
GC10B:CTCTACGTCCCTAATT	GC10B	1308.0	630	0.065749235	B	GC10	Mono_CD14	2.940741	-4.9770327
GC10B:CTCTGGTGTAAAGGAG	GC10B	5722.0	2178	0.03565187	B	GC10	Mono_FCGR3A	6.9503913	-2.6990848
GC10B:CTCTGGTGTCCAAGTT	GC10B	9453.0	2703	0.041574102	B	GC10	Mono_FCGR3A	6.0719147	-4.3552933
GC10B:CTGAAACCAAGTCTAC	GC10B	4321.0	1537	0.030779911	B	GC10	Mono_CD14	5.7862825	-6.2395616
GC10B:CTGAAGTCATGTAAGA	GC10B	4051.0	1627	0.044433475	B	GC10	Mono_CD14	3.7543712	-7.261944
GC10B:CTGATAGAGGGAAACA	GC10B	8851.0	2575	0.057394646	B	GC10	Mono_FCGR3A	7.5490613	-3.0502822
GC10B:CTGATAGAGGGTTTCT	GC10B	4253.0	1632	0.051963322	B	GC10	Mono_CD14	3.7163017	-6.7213807
GC10B:CTGATAGCACCAGGTC	GC10B	8838.0	2415	0.045485403	B	GC10	Mono_CD14	4.691015	-5.436647
GC10B:CTGATAGGTAATCGTC	GC10B	11020.0	2967	0.03911071	B	GC10	Mono_CD14	5.8149586	-5.795438
GC10B:CTGCCTACAGCGTAAG	GC10B	14154.0	3320	0.04069521	B	GC10	Mono_FCGR3A	6.8506002	-3.179417
GC10B:CTGCCTAGTCCGTCAG	GC10B	1003.0	477	0.08175474	B	GC10	Mono_CD14	2.5088186	-3.9670951
GC10B:CTGCGGACATGGATGG	GC10B	5664.0	1963	0.043961864	B	GC10	Mono_CD14	4.5102873	-6.4600406
GC10B:CTGCGGATCAACACTG	GC10B	5100.0	1845	0.039215688	B	GC10	Mono_CD14	4.4647136	-7.3953695
GC10B:CTGCTGTCAAACGCGA	GC10B	6285.0	2248	0.03468576	B	GC10	Mono_CD14	5.0499907	-6.3149977
GC10B:CTGCTGTCATCTCCCA	GC10B	5233.0	1853	0.050449073	B	GC10	Mono_CD14	4.659344	-6.117405
GC10B:CTGCTGTGTCCAAGTT	GC10B	9862.0	2725	0.044919893	B	GC10	Mono_CD14	6.0979195	-6.878976
GC10B:CTGCTGTTCCTAGGGC	GC10B	2248.0	930	0.042704627	B	GC10	Mono_CD14	3.2808447	-5.151425
GC10B:CTGGTCTAGGTAGCTG	GC10B	12255.0	3164	0.041860465	B	GC10	Mono_FCGR3A	7.810115	-2.5881617
GC10B:CTGTGCTAGTGAACGC	GC10B	8503.0	2505	0.040926732	B	GC10	Mono_CD14	5.921761	-7.4803905
GC10B:CTGTGCTAGTTAGGTA	GC10B	20160.0	3983	0.036904763	B	GC10	Mono_CD14	5.4599004	-5.427924
GC10B:CTGTGCTGTCGCGGTT	GC10B	12589.0	3154	0.044562712	B	GC10	Mono_FCGR3A	7.563399	-3.5023265
GC10B:CTGTGCTGTTACCGAT	GC10B	10162.0	2781	0.04880929	B	GC10	Mono_FCGR3A	7.243054	-2.857859
GC10B:CTGTGCTGTTCGCGAC	GC10B	6853.0	2314	0.054720562	B	GC10	Mono_CD14	4.159135	-6.7324557
GC10B:CTGTGCTGTTGGTAAA	GC10B	3267.0	1508	0.038873583	B	GC10	Mono_CD14	3.6953094	-7.3547254
GC10B:CTGTGCTGTTTGCATG	GC10B	6280.0	2274	0.032484077	B	GC10	Mono_CD14	4.695015	-6.9279127
GC10B:CTTAACTTCTGTCAAG	GC10B	5038.0	1837	0.039896786	B	GC10	Mono_CD14	4.318054	-7.917037
GC10B:CTTACCGAGAGGTACC	GC10B	7520.0	2254	0.032579787	B	GC10	Mono_CD14	5.9656324	-5.2105565
GC10B:CTTACCGCATTGCGGC	GC10B	11971.0	3095	0.04360538	B	GC10	Mono_FCGR3A	8.150153	-2.7640333
GC10B:CTTACCGGTAGCGTAG	GC10B	9012.0	2480	0.06835331	B	GC10	Mono_FCGR3A	6.6771092	-3.6102073
GC10B:CTTACCGTCGGCGGTT	GC10B	9201.0	2540	0.044560373	B	GC10	Mono_FCGR3A	7.537469	-3.1200712
GC10B:CTTAGGAAGATGTAAC	GC10B	7540.0	2297	0.063395225	B	GC10	Mono_FCGR3A	6.200541	-3.9219823
GC10B:CTTAGGATCGCGTAGC	GC10B	1590.0	768	0.06981132	B	GC10	Mono_CD14	2.9423027	-5.1909556
GC10B:CTTAGGATCTCAACTT	GC10B	9837.0	2700	0.0645522	B	GC10	Mono_CD14	4.937911	-7.86279
GC10B:CTTCTCTAGTCGAGTG	GC10B	5860.0	2198	0.033959046	B	GC10	Mono_CD14	4.1070867	-7.743959
GC10B:CTTCTCTCAATAAGCA	GC10B	12396.0	3552	0.034365926	B	GC10	Mono_CD14	5.02699	-7.6104493
GC10B:CTTCTCTCATCGATGT	GC10B	8008.0	2505	0.03071928	B	GC10	Mono_CD14	4.019816	-7.490745
GC10B:CTTCTCTTCACTTCAT	GC10B	7942.0	2496	0.04469907	B	GC10	Mono_CD14	4.989062	-7.992585
GC10B:CTTGGCTGTCTAAACC	GC10B	5216.0	1919	0.03642638	B	GC10	Mono_CD14	3.8536854	-7.659298
GC10B:CTTTGCGCAAACAACA	GC10B	7878.0	2253	0.043285098	B	GC10	Mono_CD14	6.5593295	-6.51822
GC10B:GAAACTCTCAATAAGG	GC10B	3031.0	1248	0.01682613	B	GC10	Mono_CD14	4.3433414	-6.7222214
GC10B:GAAACTCTCTTCAACT	GC10B	10264.0	2624	0.0460834	B	GC10	Mono_CD14	5.9421344	-4.966006
GC10B:GAAATGATCAACGGGA	GC10B	6787.0	2120	0.039634597	B	GC10	Mono_CD14	5.758704	-7.411025
GC10B:GAACATCTCTGATTCT	GC10B	12959.0	3364	0.0462227	B	GC10	Mono_CD14	5.308582	-4.9624476
GC10B:GAACCTACAGACGCTC	GC10B	802.0	425	0.057356607	B	GC10	Mono_CD14	2.928724	-5.262792
GC10B:GAAGCAGAGATCTGAA	GC10B	2878.0	1143	0.03926338	B	GC10	Mono_CD14	3.114022	-6.174395
GC10B:GAAGCAGTCTGTCCGT	GC10B	9172.0	2569	0.040013082	B	GC10	Mono_FCGR3A	7.7766156	-3.2948422
GC10B:GAATAAGAGCTCAACT	GC10B	2863.0	1178	0.04226336	B	GC10	Mono_CD14	4.1320024	-6.101272
GC10B:GAATAAGCAGACGTAG	GC10B	9164.0	2681	0.036665212	B	GC10	Mono_CD14	5.9742365	-6.936556
GC10B:GAATAAGGTATCAGTC	GC10B	5498.0	1930	0.037286285	B	GC10	Mono_CD14	5.1949935	-6.9060025
GC10B:GAATAAGGTTTGTTTC	GC10B	8989.0	2485	0.057181	B	GC10	Mono_CD14	5.7307215	-5.4270816
GC10B:GACAGAGAGAACTGTA	GC10B	11043.0	2941	0.04826587	B	GC10	Mono_CD14	5.362085	-5.911213
GC10B:GACAGAGGTAAACACA	GC10B	9868.0	2853	0.0398257	B	GC10	Mono_FCGR3A	7.7608027	-2.6333318
GC10B:GACCAATGTCTGCAAT	GC10B	5416.0	2008	0.039697193	B	GC10	Mono_CD14	4.391508	-7.4202805
GC10B:GACGCGTTCGAGCCCA	GC10B	8324.0	2110	0.042888034	B	GC10	Mono_CD14	5.503145	-5.345782
GC10B:GACGCGTTCGATCCCT	GC10B	7362.0	2122	0.036131486	B	GC10	Mono_CD14	6.3900533	-6.219666
GC10B:GACGGCTAGGCCGAAT	GC10B	10487.0	2772	0.05730905	B	GC10	Mono_CD14	5.7638435	-5.840687
GC10B:GACGGCTCACAAGACG	GC10B	11277.0	2831	0.057550766	B	GC10	Mono_FCGR3A	7.4992294	-3.689452
GC10B:GACGGCTCATTCGACA	GC10B	10327.0	2666	0.052096445	B	GC10	Mono_FCGR3A	6.882261	-3.4141796
GC10B:GACGGCTGTTAAGTAG	GC10B	5306.0	1786	0.04297022	B	GC10	Mono_CD14	5.390836	-7.4668565
GC10B:GACGTGCAGAAACGCC	GC10B	13286.0	3309	0.035902455	B	GC10	Mono_CD14	5.4805136	-6.847213
GC10B:GACGTTAAGTGCAAGC	GC10B	7175.0	2499	0.028710801	B	GC10	pDC_LILRA4	3.9285693	3.8372998
GC10B:GACGTTAGTCAGAATA	GC10B	14951.0	3638	0.053641897	B	GC10	Mono_CD14	5.7056947	-5.1714215
GC10B:GACGTTAGTCGCGAAA	GC10B	4205.0	1471	0.041854933	B	GC10	Mono_CD14	3.979231	-6.7916975
GC10B:GACGTTAGTTAGAACA	GC10B	10461.0	2886	0.05085556	B	GC10	Mono_FCGR3A	7.2642035	-2.7031167
GC10B:GACTAACCACATCCGG	GC10B	5981.0	2136	0.03745193	B	GC10	Mono_CD14	5.003598	-7.323339
GC10B:GACTACAGTAAATGAC	GC10B	3515.0	1333	0.048364155	B	GC10	Mono_CD14	4.387328	-7.299991
GC10B:GACTGCGAGGGTTCCC	GC10B	1885.0	839	0.03872679	B	GC10	Mono_CD14	3.1836262	-4.740065
GC10B:GACTGCGCATTTCAGG	GC10B	5777.0	2139	0.03046564	B	GC10	pDC_LILRA4	3.9310348	3.6513813
GC10B:GACTGCGGTCTTCAAG	GC10B	8843.0	2620	0.049191453	B	GC10	Mono_FCGR3A	6.6188145	-3.302198
GC10B:GACTGCGGTTCAGGCC	GC10B	9504.0	2486	0.049978957	B	GC10	Mono_FCGR3A	6.6902843	-3.914664
GC10B:GAGCAGATCGGTGTCG	GC10B	7202.0	2279	0.045404054	B	GC10	Mono_FCGR3A	7.0667624	-3.391586
GC10B:GAGGTGACACGACGAA	GC10B	8250.0	2512	0.047272727	B	GC10	Mono_FCGR3A	7.5406437	-2.9024873
GC10B:GAGGTGATCAAAGTAG	GC10B	11488.0	3017	0.03716922	B	GC10	Mono_CD14	5.787234	-5.737909
GC10B:GATCAGTTCATCATTC	GC10B	2463.0	1139	0.059277304	B	GC10	Mono_CD14	3.5041542	-6.055309
GC10B:GATCAGTTCCCAGGTG	GC10B	12779.0	2989	0.03278817	B	GC10	Mono_CD14	6.413529	-5.6667213
GC10B:GATCGATCATGGTTGT	GC10B	8021.0	2265	0.037775837	B	GC10	Mono_CD14	5.969056	-5.8989096
GC10B:GATCGCGAGTAGCCGA	GC10B	891.0	517	0.046015713	B	GC10	Mono_CD14	3.1898105	-5.758339
GC10B:GATCGCGCATCCCATC	GC10B	8297.0	2257	0.030854525	B	GC10	Mono_FCGR3A	6.0771365	-3.889271
GC10B:GATCGCGGTCTTCTCG	GC10B	8190.0	2209	0.04041514	B	GC10	Mono_FCGR3A	6.0916066	-4.0230513
GC10B:GATCGCGTCACCCGAG	GC10B	9729.0	2448	0.031144002	B	GC10	Mono_FCGR3A	6.8573065	-3.7494667
GC10B:GATCGTAAGTCTCGGC	GC10B	6758.0	1914	0.052086417	B	GC10	Mono_FCGR3A	6.030955	-3.8433492
GC10B:GATCGTACAGGGTATG	GC10B	6542.0	2000	0.040966064	B	GC10	Mono_CD14	4.5786166	-5.4678473
GC10B:GATCGTACATTCTCAT	GC10B	7855.0	2375	0.040229153	B	GC10	Mono_CD14	5.223132	-4.9839497
GC10B:GATCGTACATTGAGCT	GC10B	8074.0	2308	0.036660887	B	GC10	Mono_CD14	6.056331	-6.2294674
GC10B:GATCGTAGTATTCTCT	GC10B	5191.0	1770	0.049701408	B	GC10	Mono_CD14	4.8080006	-6.6565356
GC10B:GATCTAGTCGCCGTGA	GC10B	8768.0	2561	0.055428833	B	GC10	Mono_FCGR3A	6.5515685	-3.5798907
GC10B:GATGAAAAGAAGGCCT	GC10B	9703.0	2395	0.06121818	B	GC10	Mono_FCGR3A	6.6483316	-3.732166
GC10B:GATGAAAAGAGAACAG	GC10B	9642.0	2551	0.046255965	B	GC10	Mono_FCGR3A	5.9290824	-4.3207865
GC10B:GATGAAATCTGGAGCC	GC10B	6133.0	2047	0.053318117	B	GC10	Mono_CD14	4.4066076	-5.558058
GC10B:GATGAGGAGCTGAAAT	GC10B	8860.0	2618	0.037358917	B	GC10	Mono_CD14	5.9069366	-6.984682
GC10B:GATGAGGCAGTAAGCG	GC10B	8247.0	2644	0.046804897	B	GC10	Mono_FCGR3A	7.1498256	-2.2583275
GC10B:GATGAGGGTGATGTCT	GC10B	3513.0	1371	0.047822375	B	GC10	Mono_CD14	3.994235	-6.178748
GC10B:GATGAGGGTTAAGACA	GC10B	9943.0	2763	0.044956252	B	GC10	Mono_CD14	5.6119885	-7.17184
GC10B:GATGAGGTCCTCAACC	GC10B	7235.0	2252	0.03648929	B	GC10	Mono_CD14	5.420217	-7.8480334
GC10B:GATGCTAGTACTTAGC	GC10B	7930.0	2549	0.032660782	B	GC10	Mono_CD14	5.0990953	-6.7158136
GC10B:GATTCAGAGGATTCGG	GC10B	2656.0	1078	0.05384036	B	GC10	Mono_CD14	3.1109326	-5.330078
GC10B:GATTCAGTCAGGTAAA	GC10B	8851.0	2412	0.02711558	B	GC10	Mono_CD14	5.680642	-5.2533865
GC10B:GCAAACTCAATCCGAT	GC10B	2392.0	812	0.07148829	B	GC10	cDC2_CD1C	2.5202737	-3.429375
GC10B:GCAAACTCACACTGCG	GC10B	12030.0	2914	0.057024106	B	GC10	Mono_FCGR3A	7.621952	-3.6921318
GC10B:GCAATCAAGAATTCCC	GC10B	6499.0	2155	0.048622865	B	GC10	Mono_CD14	4.365597	-7.971874
GC10B:GCAATCACATCTCGCT	GC10B	9693.0	2731	0.047972765	B	GC10	Mono_CD14	5.998789	-6.6081214
GC10B:GCACATAAGAAACCAT	GC10B	6933.0	2220	0.05221405	B	GC10	Mono_CD14	4.923927	-6.6336355
GC10B:GCACATACATGCATGT	GC10B	8212.0	2514	0.06758402	B	GC10	Mono_FCGR3A	7.3979683	-3.3975186
GC10B:GCACATACATTCTCAT	GC10B	5267.0	1999	0.054490224	B	GC10	Mono_CD14	4.942771	-5.7863016
GC10B:GCACATAGTGGTCCGT	GC10B	5608.0	1910	0.038516406	B	GC10	Mono_CD14	4.9292617	-7.0569863
GC10B:GCAGCCAAGGCTCATT	GC10B	5491.0	2006	0.0371517	B	GC10	Mono_CD14	3.9439604	-7.541231
GC10B:GCAGCCACAACACCCG	GC10B	11906.0	3159	0.03376449	B	GC10	Mono_FCGR3A	6.006402	-4.2325616
GC10B:GCAGTTAAGGAATGGA	GC10B	8714.0	2699	0.03270599	B	GC10	Mono_CD14	5.044744	-7.819855
GC10B:GCAGTTAGTATAGGTA	GC10B	6038.0	2129	0.034779727	B	GC10	Mono_CD14	4.474577	-7.80672
GC10B:GCATACATCATTGCGA	GC10B	10030.0	2778	0.04127617	B	GC10	Mono_CD14	5.700896	-5.7847443
GC10B:GCATGATCAACCGCCA	GC10B	5980.0	2074	0.037625417	B	GC10	Mono_FCGR3A	6.46118	-3.3070195
GC10B:GCATGCGAGAGCTGGT	GC10B	4121.0	1607	0.041009463	B	GC10	Mono_CD14	4.516919	-6.530202
GC10B:GCATGCGAGCCAACAG	GC10B	4145.0	1659	0.042219542	B	GC10	Mono_CD14	3.9982524	-6.8288207
GC10B:GCATGTAAGCCTTGAT	GC10B	8238.0	2324	0.041150764	B	GC10	Mono_FCGR3A	5.872478	-4.0725126
GC10B:GCATGTAGTAGAAGGA	GC10B	9070.0	2711	0.04432194	B	GC10	Mono_CD14	5.1836348	-5.8227205
GC10B:GCCAAATAGCTAACTC	GC10B	6989.0	2244	0.04335384	B	GC10	Mono_CD14	4.934695	-7.937251
GC10B:GCCAAATAGGTGCACA	GC10B	7538.0	2418	0.050809234	B	GC10	Mono_CD14	4.5235157	-7.955812
GC10B:GCCAAATCACTTGGAT	GC10B	9808.0	2777	0.040579118	B	GC10	Mono_CD14	4.1592917	-7.5243373
GC10B:GCCTCTAAGCTGCAAG	GC10B	2278.0	1171	0.031606674	B	GC10	Mono_CD14	3.541318	-7.780173
GC10B:GCGACCACAAGCTGGA	GC10B	10566.0	2745	0.04533409	B	GC10	Mono_FCGR3A	7.2292395	-3.5244105
GC10B:GCGAGAAAGGGAGTAA	GC10B	5553.0	1963	0.05330452	B	GC10	Mono_CD14	4.46329	-7.970377
GC10B:GCGAGAACATTATCTC	GC10B	6906.0	2076	0.067477554	B	GC10	Mono_CD14	5.8049836	-6.662427
GC10B:GCGAGAAGTCCGTGAC	GC10B	2158.0	946	0.06533828	B	GC10	Mono_CD14	3.0228016	-6.021079
GC10B:GCGCAACCATGGTCTA	GC10B	12342.0	2908	0.037190083	B	GC10	Mono_CD14	6.5179954	-6.1736636
GC10B:GCGCAACGTAGCGTGA	GC10B	2937.0	1230	0.03404835	B	GC10	Mono_CD14	3.8674138	-7.1162653
GC10B:GCGCAACGTCCTGCTT	GC10B	7104.0	2213	0.035472974	B	GC10	Mono_CD14	4.7706327	-7.5604815
GC10B:GCGCAGTAGCTAGTTC	GC10B	10252.0	2589	0.039797112	B	GC10	Mono_CD14	4.9096246	-5.899495
GC10B:GCGCAGTCAGACACTT	GC10B	3093.0	1199	0.040413838	B	GC10	Mono_CD14	3.4188318	-6.8834004
GC10B:GCGCAGTGTACTCTCC	GC10B	1580.0	745	0.039873417	B	GC10	Mono_CD14	3.324354	-6.3195715
GC10B:GCGCAGTGTTATCGGT	GC10B	624.0	379	0.07852564	B	GC10	Mono_CD14	2.6513731	-5.145395
GC10B:GCGCCAATCAGCTTAG	GC10B	12217.0	3030	0.034132767	B	GC10	Mono_CD14	5.422039	-4.702187
GC10B:GCGCGATAGAAGGTGA	GC10B	4385.0	1621	0.046066135	B	GC10	Mono_CD14	4.7658725	-7.617711
GC10B:GCGGGTTCAATGTTGC	GC10B	6135.0	2038	0.035696823	B	GC10	Mono_CD14	5.294222	-7.5505147
GC10B:GCGGGTTTCGTCTGAA	GC10B	8008.0	2374	0.03921079	B	GC10	Mono_CD14	5.220206	-5.2890377
GC10B:GCTCCTAGTAGCTAAA	GC10B	11302.0	3187	0.044151478	B	GC10	Mono_CD14	5.237038	-6.4023666
GC10B:GCTCTGTAGGAATCGC	GC10B	15082.0	3957	0.038058612	B	GC10	Mono_CD14	4.9981103	-7.754142
GC10B:GCTCTGTCATTGCGGC	GC10B	4783.0	1957	0.035960693	B	GC10	Mono_CD14	4.054268	-7.6379876
GC10B:GCTCTGTTCTTACCGC	GC10B	8707.0	2743	0.045136098	B	GC10	Mono_FCGR3A	7.76784	-2.1212661
GC10B:GCTGCAGCATGCCACG	GC10B	4002.0	1453	0.03598201	B	GC10	Mono_CD14	4.046584	-5.0698957
GC10B:GCTGCAGTCTCGCTTG	GC10B	7467.0	2180	0.045801528	B	GC10	Mono_CD14	3.8878317	-6.2810664
GC10B:GCTGCGACAATGAAAC	GC10B	6042.0	2096	0.026481297	B	GC10	Mono_CD14	4.2883277	-8.146721
GC10B:GCTGCGAGTGAAATCA	GC10B	703.0	372	0.079658605	B	GC10	Mono_CD14	2.6091897	-3.9759302
GC10B:GCTGCTTAGCGTGAAC	GC10B	18112.0	3994	0.030200971	B	GC10	Mono_CD14	5.8735943	-4.8136983
GC10B:GCTGGGTCATTGCGGC	GC10B	9652.0	2904	0.040095318	B	GC10	Mono_CD14	4.365577	-8.020667
GC10B:GCTGGGTGTCTAAACC	GC10B	8558.0	2614	0.03470437	B	GC10	Mono_CD14	5.0805373	-6.9528484
GC10B:GCTTCCAAGTTAGCGG	GC10B	5275.0	1919	0.027109005	B	GC10	Mono_CD14	4.6085887	-7.5877395
GC10B:GCTTGAAAGCGATAGC	GC10B	7515.0	2309	0.044976715	B	GC10	Mono_FCGR3A	6.5577908	-3.5173962
GC10B:GCTTGAACACGCATCG	GC10B	15522.0	3420	0.038976938	B	GC10	Mono_CD14	5.734036	-4.9682913
GC10B:GGAAAGCAGGATTCGG	GC10B	7834.0	2252	0.03369926	B	GC10	Mono_CD14	6.1745605	-6.9680777
GC10B:GGAAAGCAGTGACATA	GC10B	10422.0	2552	0.047591634	B	GC10	Mono_CD14	6.813977	-6.4667296
GC10B:GGAACTTCACACCGCA	GC10B	11413.0	2624	0.035573468	B	GC10	Mono_CD14	6.719461	-6.703402
GC10B:GGACAAGCACATCCAA	GC10B	3853.0	1446	0.04619777	B	GC10	Mono_CD14	3.7230144	-5.693979
GC10B:GGACAAGGTAGGAGTC	GC10B	4444.0	1542	0.04927993	B	GC10	Mono_CD14	5.378693	-7.023855
GC10B:GGACATTCAATCCAAC	GC10B	6328.0	2142	0.036188368	B	GC10	Mono_CD14	4.832794	-4.770784
GC10B:GGACATTGTCGCGTGT	GC10B	8239.0	2263	0.06044423	B	GC10	Mono_CD14	6.081262	-6.069632
GC10B:GGACGTCAGAAGGGTA	GC10B	6586.0	2150	0.031126631	B	GC10	Mono_CD14	5.1345477	-7.7372375
GC10B:GGAGCAAGTTGCGCAC	GC10B	8097.0	2340	0.04532543	B	GC10	Mono_FCGR3A	7.236451	-3.512442
GC10B:GGAGCAATCCGTAGGC	GC10B	6227.0	1997	0.055564478	B	GC10	Mono_FCGR3A	6.6096115	-3.2412498
GC10B:GGATGTTCAAGAGGCT	GC10B	7916.0	2383	0.040803436	B	GC10	Mono_CD14	6.1201835	-6.3113394
GC10B:GGATGTTCACTTACGA	GC10B	9779.0	2591	0.049084775	B	GC10	Mono_FCGR3A	7.3210273	-3.4902427
GC10B:GGATGTTCATGAACCT	GC10B	10005.0	2665	0.036281858	B	GC10	Mono_FCGR3A	7.601872	-3.2545733
GC10B:GGATGTTTCCACGAAT	GC10B	4363.0	1533	0.035067614	B	GC10	Mono_CD14	3.220557	-6.662538
GC10B:GGATTACTCTTGCAAG	GC10B	6541.0	2588	0.024766855	B	GC10	pDC_LILRA4	4.1432037	3.7293446
GC10B:GGCAATTAGGCAGGTT	GC10B	6691.0	2203	0.040352713	B	GC10	Mono_CD14	3.9202147	-6.4890304
GC10B:GGCAATTTCTGAGTGT	GC10B	4759.0	1751	0.037612945	B	GC10	Mono_CD14	3.8797896	-7.5680747
GC10B:GGCGACTTCCCTGACT	GC10B	5161.0	1794	0.044177484	B	GC10	Mono_CD14	4.399741	-7.2811823
GC10B:GGCGTGTAGAATGTTG	GC10B	2766.0	1088	0.036514822	B	GC10	Mono_CD14	4.0358458	-5.028226
GC10B:GGCGTGTCAAGACGTG	GC10B	4098.0	1541	0.055636898	B	GC10	Mono_CD14	4.8016615	-6.3565183
GC10B:GGCGTGTCAAGTCTGT	GC10B	5498.0	1746	0.026918879	B	GC10	Mono_CD14	6.3281975	-5.728635
GC10B:GGCGTGTCAATTCCTT	GC10B	3862.0	1525	0.05100984	B	GC10	Mono_CD14	3.8433142	-7.059886
GC10B:GGCGTGTCACTCAGGC	GC10B	6866.0	1995	0.05345179	B	GC10	Mono_CD14	5.2469573	-5.041254
GC10B:GGCGTGTGTCGCTTTC	GC10B	3963.0	1400	0.03532677	B	GC10	Mono_CD14	3.9442036	-4.7495165
GC10B:GGCGTGTTCCAGGGCT	GC10B	3798.0	1350	0.04028436	B	GC10	Mono_CD14	5.0006533	-5.252572
GC10B:GGCGTGTTCGGAATCT	GC10B	2012.0	914	0.055168986	B	GC10	Mono_CD14	3.5135489	-5.621769
GC10B:GGCGTGTTCTGGCGAC	GC10B	3524.0	1226	0.042281497	B	GC10	Mono_CD14	3.9095192	-5.2882266
GC10B:GGCTCGAGTCTGATCA	GC10B	4534.0	1961	0.033965595	B	GC10	pDC_LILRA4	3.9663534	3.6066399
GC10B:GGCTCGAGTTGAGTTC	GC10B	1448.0	712	0.040745858	B	GC10	Mono_CD14	3.0288491	-5.250867
GC10B:GGCTCGATCAGCGATT	GC10B	7384.0	2322	0.036836404	B	GC10	Mono_CD14	5.846367	-6.1093125
GC10B:GGCTCGATCCATGAAC	GC10B	6263.0	2309	0.030496567	B	GC10	Mono_CD14	4.567037	-7.147857
GC10B:GGCTGGTAGATGTCGG	GC10B	18708.0	3740	0.03330126	B	GC10	cDC1_XCR1	1.0220449	3.0642982
GC10B:GGCTGGTGTTATCACG	GC10B	10938.0	3193	0.04104955	B	GC10	Mono_CD14	5.1276493	-7.5720563
GC10B:GGCTGGTTCGTACCGG	GC10B	9904.0	2967	0.032613087	B	GC10	Mono_CD14	5.356534	-6.1904655
GC10B:GGGAATGAGTCCCACG	GC10B	7279.0	2313	0.035856575	B	GC10	Mono_CD14	5.3526673	-5.8665175
GC10B:GGGAATGAGTCGATAA	GC10B	4308.0	1441	0.05176416	B	GC10	Mono_CD14	3.3030107	-5.8470273
GC10B:GGGAATGTCACCGGGT	GC10B	3611.0	1398	0.04126281	B	GC10	Mono_CD14	4.5055857	-5.343959
GC10B:GGGACCTAGTAGGTGC	GC10B	9707.0	2815	0.052539404	B	GC10	Mono_FCGR3A	7.6842585	-2.6596398
GC10B:GGGACCTCAGTCGATT	GC10B	5883.0	2196	0.0390957	B	GC10	Mono_CD14	4.2423444	-7.781031
GC10B:GGGACCTCAGTGACAG	GC10B	9416.0	2915	0.04184367	B	GC10	Mono_CD14	5.046042	-5.8308406
GC10B:GGGACCTTCTTATCTG	GC10B	6510.0	2290	0.041013826	B	GC10	Mono_CD14	4.9680142	-7.644522
GC10B:GGGAGATAGAGTACAT	GC10B	9685.0	2875	0.03789365	B	GC10	Mono_CD14	5.209673	-5.376549
GC10B:GGGAGATGTCGACTGC	GC10B	8108.0	2369	0.046497285	B	GC10	Mono_FCGR3A	6.8359485	-3.4171498
GC10B:GGGATGAAGTGGGATC	GC10B	1198.0	548	0.061769616	B	GC10	Mono_CD14	3.079124	-4.042933
GC10B:GGGATGACACATAACC	GC10B	4307.0	1646	0.046668213	B	GC10	Mono_CD14	4.5505643	-5.8120985
GC10B:GGGATGAGTACTCAAC	GC10B	3722.0	1461	0.04379366	B	GC10	Mono_CD14	4.4395537	-6.846955
GC10B:GGGCACTTCGTACGGC	GC10B	9008.0	2590	0.050510656	B	GC10	Mono_FCGR3A	6.8760176	-3.034454
GC10B:GGGCACTTCTGTTGAG	GC10B	3731.0	1475	0.04824444	B	GC10	Mono_CD14	3.8227165	-7.1638317
GC10B:GGGTCTGAGACCGGAT	GC10B	8063.0	2606	0.04526851	B	GC10	Mono_CD14	4.7804875	-7.376042
GC10B:GGGTCTGAGTATCTCG	GC10B	7146.0	2407	0.04631962	B	GC10	Mono_CD14	4.6641307	-8.1227045
GC10B:GGGTCTGCATACAGCT	GC10B	10122.0	2891	0.03457815	B	GC10	Mono_CD14	5.1993017	-6.258274
GC10B:GGGTCTGTCACGCGGT	GC10B	3937.0	1655	0.037846077	B	GC10	Mono_CD14	4.0627837	-7.9916267
GC10B:GGGTTGCAGACTAGGC	GC10B	6559.0	2148	0.058393046	B	GC10	Mono_CD14	5.1814713	-5.7607126
GC10B:GGGTTGCAGCTAGTTC	GC10B	5093.0	1733	0.025917927	B	GC10	Mono_CD14	5.3358884	-5.2428427
GC10B:GGTATTGAGAGACGAA	GC10B	6977.0	2348	0.051168125	B	GC10	Mono_CD14	5.2445393	-7.1132293
GC10B:GGTATTGAGGCATGTG	GC10B	7997.0	2397	0.03826435	B	GC10	Mono_CD14	5.137046	-7.623648
GC10B:GGTATTGGTGCACGAA	GC10B	5028.0	1879	0.03341289	B	GC10	Mono_CD14	4.51884	-7.2355137
GC10B:GGTGAAGCAGACTCGC	GC10B	8384.0	2483	0.0459208	B	GC10	Mono_CD14	5.4423227	-7.540203
GC10B:GGTGAAGCATTGCGGC	GC10B	11163.0	2634	0.055630207	B	GC10	Mono_FCGR3A	6.537706	-3.8028662
GC10B:GGTGTTAAGCCCAGCT	GC10B	2826.0	1280	0.03715499	B	GC10	Mono_CD14	3.7700777	-5.7606997
GC10B:GTAACGTGTGTCGCTG	GC10B	4382.0	1584	0.034230944	B	GC10	Mono_CD14	5.5132995	-6.0955663
GC10B:GTAACGTTCCAGAAGG	GC10B	4307.0	1621	0.0503831	B	GC10	Mono_CD14	3.4173172	-7.2492113
GC10B:GTAACTGAGGACTGGT	GC10B	719.0	361	0.036161337	B	GC10	Mono_CD14	2.7434247	-4.851024
GC10B:GTAACTGTCGTTGACA	GC10B	1069.0	566	0.043966323	B	GC10	Mono_CD14	2.9954996	-5.2938023
GC10B:GTACGTACATGGATGG	GC10B	1698.0	712	0.049469966	B	GC10	Mono_CD14	3.1275191	-5.6662245
GC10B:GTACGTAGTCCGAGTC	GC10B	6637.0	2092	0.039023656	B	GC10	Mono_CD14	5.2885838	-5.617854
GC10B:GTACTCCAGGGAAACA	GC10B	2336.0	1084	0.047945205	B	GC10	Mono_CD14	3.5577128	-5.7102494
GC10B:GTACTCCTCCGTCAAA	GC10B	3252.0	1396	0.03198032	B	GC10	Mono_CD14	3.506569	-6.382129
GC10B:GTACTTTAGCCGTCGT	GC10B	4195.0	1461	0.04624553	B	GC10	Mono_CD14	4.7976527	-4.924996
GC10B:GTACTTTCAGCGAACA	GC10B	5696.0	1943	0.048455056	B	GC10	Mono_CD14	5.1406527	-6.660545
GC10B:GTACTTTGTTGACGTT	GC10B	8423.0	2560	0.055918317	B	GC10	Mono_FCGR3A	7.814268	-2.5754719
GC10B:GTAGTCAAGACCGGAT	GC10B	8284.0	2447	0.050217286	B	GC10	Mono_CD14	4.156368	-5.9682913
GC10B:GTAGTCAAGACGACGT	GC10B	8610.0	2314	0.033217188	B	GC10	Mono_CD14	6.2527857	-6.796777
GC10B:GTAGTCAAGTACCGGA	GC10B	8913.0	2793	0.041063614	B	GC10	pDC_LILRA4	3.9545395	3.7689726
GC10B:GTAGTCACACCACCAG	GC10B	4075.0	1514	0.029693251	B	GC10	Mono_CD14	3.6655457	-7.041451
GC10B:GTATTCTAGAGGGCTT	GC10B	5058.0	1802	0.050810598	B	GC10	Mono_CD14	3.715531	-7.6336555
GC10B:GTATTCTTCTCGGACG	GC10B	6838.0	2116	0.039192747	B	GC10	Mono_CD14	3.6618848	-6.850675
GC10B:GTCAAGTAGATAGGAG	GC10B	8359.0	2526	0.04282809	B	GC10	Mono_CD14	5.651356	-5.15114
GC10B:GTCAAGTAGCGAGAAA	GC10B	7697.0	2472	0.044043135	B	GC10	Mono_CD14	5.6666756	-6.787173
GC10B:GTCAAGTAGGCATGTG	GC10B	8487.0	2464	0.037704725	B	GC10	Mono_CD14	5.867551	-6.721025
GC10B:GTCAAGTAGTGTACGG	GC10B	5107.0	1739	0.04190327	B	GC10	Mono_CD14	5.801077	-6.1051126
GC10B:GTCAAGTCAAACGCGA	GC10B	7128.0	2163	0.047278337	B	GC10	Mono_CD14	4.65591	-5.135778
GC10B:GTCAAGTTCGGAAATA	GC10B	5794.0	2119	0.06213324	B	GC10	Mono_CD14	5.1243777	-6.909899
GC10B:GTCACGGAGACAAAGG	GC10B	8236.0	2653	0.035454106	B	GC10	Mono_FCGR3A	7.2590656	-2.4141107
GC10B:GTCACGGAGAGGGATA	GC10B	9186.0	2466	0.040060963	B	GC10	Mono_FCGR3A	6.4330735	-4.029863
GC10B:GTCACGGAGTGCTGCC	GC10B	6515.0	1943	0.030698389	B	GC10	Mono_CD14	5.197429	-4.853103
GC10B:GTCATTTCATGTCCTC	GC10B	5179.0	1889	0.08824097	B	GC10	Mono_CD14	4.287743	-7.4153666
GC10B:GTCATTTTCATGTCCC	GC10B	3604.0	1739	0.072142065	B	GC10	pDC_LILRA4	4.1380944	3.5138443
GC10B:GTCATTTTCTCCAGGG	GC10B	5009.0	1774	0.038131364	B	GC10	Mono_CD14	3.5406792	-7.132106
GC10B:GTCCTCACAATAACGA	GC10B	7622.0	2462	0.03883495	B	GC10	Mono_CD14	4.702144	-7.2270217
GC10B:GTCGGGTAGAGGTTAT	GC10B	8971.0	2642	0.0420243	B	GC10	Mono_CD14	5.262583	-7.158301
GC10B:GTCGGGTCAGGCTGAA	GC10B	539.0	367	0.050092764	B	GC10	Mono_CD14	2.8950095	-6.159064
GC10B:GTCGGGTCATCGATTG	GC10B	6786.0	2162	0.030946065	B	GC10	Mono_CD14	6.2372365	-6.5414815
GC10B:GTCGTAAAGATCGATA	GC10B	7982.0	2436	0.043347534	B	GC10	Mono_CD14	5.4764276	-5.59526
GC10B:GTCGTAAAGTACTTGC	GC10B	10753.0	2937	0.052450478	B	GC10	Mono_CD14	5.7523427	-5.5880117
GC10B:GTCGTAATCGATCCCT	GC10B	8521.0	2364	0.031451706	B	GC10	Mono_CD14	6.5997047	-6.6962557
GC10B:GTCTCGTAGATCCGAG	GC10B	6587.0	2189	0.047062397	B	GC10	Mono_CD14	4.9425826	-6.18517
GC10B:GTCTCGTCAATAGAGT	GC10B	9249.0	2822	0.03708509	B	GC10	Mono_CD14	5.320983	-6.850734
GC10B:GTCTCGTTCGGTTCGG	GC10B	1172.0	552	0.086177476	B	GC10	Mono_CD14	2.2900794	-4.524994
GC10B:GTCTTCGTCCACGCAG	GC10B	2665.0	1149	0.051782362	B	GC10	Mono_CD14	3.8560832	-6.991203
GC10B:GTGAAGGGTTGGTAAA	GC10B	7252.0	2210	0.044953115	B	GC10	Mono_CD14	5.4990387	-4.92247
GC10B:GTGAAGGTCATGCTCC	GC10B	3679.0	1365	0.030986682	B	GC10	Mono_CD14	3.6124084	-5.5323515
GC10B:GTGCAGCGTTCGGGCT	GC10B	6347.0	1806	0.043485112	B	GC10	Mono_CD14	6.360208	-5.9969835
GC10B:GTGCGGTCATCACAAC	GC10B	8174.0	2469	0.053462196	B	GC10	Mono_FCGR3A	7.469968	-3.1274178
GC10B:GTGCGGTCATTACGAC	GC10B	5071.0	1798	0.048708342	B	GC10	Mono_CD14	4.138563	-6.6942396
GC10B:GTGCGGTTCTTGACGA	GC10B	5704.0	1963	0.03839411	B	GC10	Mono_CD14	5.1291537	-6.2321424
GC10B:GTGCTTCGTAGTGAAT	GC10B	8266.0	2491	0.027340915	B	GC10	Mono_CD14	5.6760855	-5.112763
GC10B:GTGGGTCAGGATGGTC	GC10B	8176.0	2694	0.034124266	B	GC10	pDC_LILRA4	3.9569974	3.7100046
GC10B:GTGTGCGAGGCAAAGA	GC10B	6890.0	1980	0.03004354	B	GC10	Mono_CD14	6.046405	-5.6278505
GC10B:GTGTTAGAGTCCTCCT	GC10B	3396.0	1375	0.057420496	B	GC10	Mono_CD14	3.4194756	-6.3910017
GC10B:GTGTTAGAGTGGTAGC	GC10B	8227.0	2247	0.039625622	B	GC10	Mono_CD14	6.771222	-6.2767043
GC10B:GTTACAGAGCTCAACT	GC10B	6997.0	2140	0.033299986	B	GC10	Mono_CD14	4.667427	-6.100381
GC10B:GTTACAGCACATCCGG	GC10B	5890.0	1917	0.03752122	B	GC10	Mono_CD14	3.3656845	-6.76652
GC10B:GTTACAGGTACCAGTT	GC10B	1216.0	657	0.04029605	B	GC10	Mono_CD14	2.8895721	-5.6497345
GC10B:GTTCATTAGTACGCCC	GC10B	6271.0	2144	0.040503908	B	GC10	Mono_CD14	4.480938	-7.345233
GC10B:GTTCGGGCAGTCCTTC	GC10B	7311.0	2173	0.0586787	B	GC10	Mono_CD14	5.843073	-5.788954
GC10B:GTTCTCGAGTCCTCCT	GC10B	6472.0	2140	0.048053153	B	GC10	Mono_CD14	4.740456	-6.458071
GC10B:GTTCTCGGTCATCCCT	GC10B	9645.0	2643	0.03908761	B	GC10	Mono_CD14	4.954418	-7.0374236
GC10B:GTTTCTACAGCTGGCT	GC10B	4457.0	1739	0.043078303	B	GC10	Mono_CD14	4.075165	-7.8367867
GC10B:GTTTCTATCATTATCC	GC10B	7222.0	2435	0.04486292	B	GC10	Mono_CD14	4.6044803	-7.3443027
GC10B:TAAACCGAGACATAAC	GC10B	7522.0	2437	0.048790216	B	GC10	Mono_CD14	5.0870957	-6.1915507
GC10B:TAAACCGGTTATGCGT	GC10B	5884.0	1799	0.04996601	B	GC10	Mono_CD14	6.407032	-6.2368655
GC10B:TAAGAGAAGCTACCGC	GC10B	7323.0	2103	0.04984296	B	GC10	Mono_FCGR3A	5.7767825	-4.051471
GC10B:TAAGAGATCAGCCTAA	GC10B	5378.0	1897	0.039233916	B	GC10	Mono_CD14	4.6804094	-6.919862
GC10B:TAAGAGATCGTAGGAG	GC10B	7523.0	2257	0.045327663	B	GC10	Mono_CD14	5.1468215	-4.9519334
GC10B:TAAGCGTAGCGTCTAT	GC10B	5726.0	1870	0.03719874	B	GC10	Mono_CD14	4.723785	-4.704941
GC10B:TAAGTGCGTGCTTCTC	GC10B	5625.0	1659	0.041066665	B	GC10	Mono_CD14	6.2016835	-6.3199024
GC10B:TACACGACACCGATAT	GC10B	7909.0	2255	0.037172843	B	GC10	Mono_CD14	6.061398	-5.6801424
GC10B:TACACGAGTACAGTTC	GC10B	8009.0	2328	0.036209263	B	GC10	Mono_CD14	6.254873	-6.9332147
GC10B:TACAGTGAGCCCAGCT	GC10B	6747.0	2207	0.029642804	B	GC10	Mono_CD14	4.075413	-6.558189
GC10B:TACAGTGCATACTACG	GC10B	9016.0	2614	0.06100266	B	GC10	Mono_FCGR3A	7.107637	-3.1342852
GC10B:TACAGTGGTAAATACG	GC10B	8652.0	2562	0.044267222	B	GC10	Mono_CD14	4.4516625	-5.158276
GC10B:TACAGTGTCACCACCT	GC10B	10393.0	2834	0.0661984	B	GC10	Mono_FCGR3A	7.726288	-3.3891182
GC10B:TACCTATTCGTCGTTC	GC10B	664.0	346	0.07981928	B	GC10	Mono_CD14	2.4643564	-3.9073746
GC10B:TACCTTACAAGAAGAG	GC10B	5447.0	1895	0.038920507	B	GC10	Mono_CD14	5.2492714	-7.6225877
GC10B:TACCTTATCGAGCCCA	GC10B	1434.0	660	0.059274755	B	GC10	Mono_CD14	2.993391	-5.2788286
GC10B:TACCTTATCGCGTTTC	GC10B	4819.0	1858	0.03859722	B	GC10	Mono_CD14	3.9452028	-7.8124733
GC10B:TACGGATGTTCGTTGA	GC10B	1254.0	671	0.032695375	B	GC10	Mono_CD14	3.0900574	-5.493011
GC10B:TACGGGCAGCGCTTAT	GC10B	3556.0	1514	0.044150732	B	GC10	Mono_CD14	4.070536	-7.255531
GC10B:TACGGTAAGAGCTATA	GC10B	5595.0	1855	0.04593387	B	GC10	Mono_CD14	4.998597	-4.925192
GC10B:TACTCATCAAGGTTTC	GC10B	4045.0	1395	0.049196538	B	GC10	Mono_CD14	2.941172	-3.8996603
GC10B:TACTCATGTCTTGTCC	GC10B	8097.0	2401	0.041743856	B	GC10	Mono_CD14	5.9386687	-7.237497
GC10B:TACTCGCGTCTGGTCG	GC10B	5637.0	1968	0.035834663	B	GC10	Mono_CD14	4.235933	-5.7958055
GC10B:TACTTACAGTCTCGGC	GC10B	9527.0	2503	0.045869634	B	GC10	Mono_FCGR3A	6.0907354	-4.1913705
GC10B:TAGAGCTTCAGCTGGC	GC10B	4904.0	1698	0.05872757	B	GC10	Mono_CD14	4.9740953	-5.1219697
GC10B:TAGAGCTTCCATGAGT	GC10B	5826.0	1870	0.0441126	B	GC10	Mono_CD14	6.1719155	-7.407841
GC10B:TAGAGCTTCCTCGCAT	GC10B	7301.0	2300	0.056430627	B	GC10	Mono_CD14	4.974303	-5.1256084
GC10B:TAGCCGGAGCAAATCA	GC10B	2701.0	990	0.06293965	B	GC10	Mono_FCGR3A	3.1411753	-3.8338253
GC10B:TAGCCGGCAATGGAGC	GC10B	5522.0	1887	0.032596886	B	GC10	Mono_CD14	4.489345	-7.163876
GC10B:TAGCCGGGTCAATGTC	GC10B	4389.0	1712	0.049669627	B	GC10	Mono_CD14	4.503678	-6.088044
GC10B:TAGGCATGTGACGCCT	GC10B	3879.0	1321	0.04202114	B	GC10	Mono_CD14	3.9110913	-6.108231
GC10B:TAGTGGTAGAAACGCC	GC10B	5413.0	1907	0.039719194	B	GC10	Mono_FCGR3A	5.9483333	-3.828759
GC10B:TAGTGGTAGACTACAA	GC10B	5179.0	1871	0.048464954	B	GC10	Mono_CD14	4.7890077	-6.790109
GC10B:TAGTGGTTCCTAGAAC	GC10B	7428.0	2458	0.04429187	B	GC10	Mono_CD14	4.855952	-7.2062564
GC10B:TAGTTGGAGCACAGGT	GC10B	783.0	438	0.093231164	B	GC10	Mono_CD14	2.8241625	-4.3793674
GC10B:TAGTTGGCAGGATCGA	GC10B	6002.0	1831	0.033488836	B	GC10	Mono_CD14	6.5900693	-6.3523984
GC10B:TAGTTGGCATATGGTC	GC10B	6888.0	2062	0.042973287	B	GC10	Mono_CD14	5.884104	-6.7073526
GC10B:TATCAGGAGAAACGAG	GC10B	9852.0	2699	0.051969144	B	GC10	Mono_CD14	6.2175603	-6.4432006
GC10B:TATCAGGAGCGGCTTC	GC10B	5492.0	1719	0.042425346	B	GC10	Mono_FCGR3A	5.7158556	-3.6033006
GC10B:TATCAGGCACCTCGGA	GC10B	2164.0	844	0.04667283	B	GC10	Mono_CD14	2.6721883	-3.789346
GC10B:TATCAGGGTCTGATCA	GC10B	3670.0	1379	0.025613079	B	GC10	Mono_CD14	3.81498	-6.6199255
GC10B:TATCAGGTCAGGCGAA	GC10B	6844.0	2242	0.04222677	B	GC10	Mono_CD14	5.449391	-5.627426
GC10B:TATGCCCGTTTGGCGC	GC10B	8289.0	2314	0.043551695	B	GC10	Mono_CD14	6.2076387	-5.7518153
GC10B:TATGCCCTCCAATGGT	GC10B	3038.0	1245	0.038512178	B	GC10	Mono_CD14	3.1267018	-5.6266418
GC10B:TATTACCAGCAGATCG	GC10B	2959.0	1301	0.035822913	B	GC10	Mono_CD14	3.876403	-5.912313
GC10B:TATTACCGTCATATCG	GC10B	5107.0	1832	0.032308597	B	GC10	Mono_CD14	3.9556408	-7.89663
GC10B:TCAACGACACAGAGGT	GC10B	4031.0	1490	0.039444305	B	GC10	Mono_CD14	5.4192414	-7.7488422
GC10B:TCAACGACAGCCTTGG	GC10B	9780.0	2845	0.04591002	B	GC10	Mono_FCGR3A	7.403315	-3.272413
GC10B:TCAACGAGTACGAAAT	GC10B	6846.0	2300	0.057697926	B	GC10	Mono_CD14	4.293061	-7.3140216
GC10B:TCACAAGTCCAGAAGG	GC10B	7060.0	2145	0.042917848	B	GC10	Mono_CD14	6.4732366	-6.8476768
GC10B:TCACGAATCCGCGCAA	GC10B	8941.0	2477	0.04384297	B	GC10	Mono_FCGR3A	6.0895286	-4.444685
GC10B:TCAGATGCAAGGCTCC	GC10B	1729.0	735	0.06940428	B	GC10	Mono_CD14	2.8949132	-4.2708516
GC10B:TCAGATGCAAGGTGTG	GC10B	10706.0	2596	0.049131326	B	GC10	Mono_CD14	6.6544876	-6.664019
GC10B:TCAGCAAGTGAACCTT	GC10B	6482.0	2143	0.041036718	B	GC10	Mono_FCGR3A	6.1239996	-3.5509596
GC10B:TCAGCAATCTGTCTAT	GC10B	6983.0	2306	0.045968782	B	GC10	Mono_CD14	5.439944	-6.3242435
GC10B:TCAGCTCAGTGAACGC	GC10B	5773.0	2098	0.04157284	B	GC10	Mono_CD14	4.438273	-8.119357
GC10B:TCAGCTCCACCTCGTT	GC10B	6681.0	2298	0.03951504	B	GC10	Mono_CD14	4.2447233	-7.7641683
GC10B:TCAGCTCCACGAAACG	GC10B	5910.0	1997	0.033671744	B	GC10	Mono_CD14	5.2907557	-7.010097
GC10B:TCAGCTCCAGGTCTCG	GC10B	6240.0	2209	0.030448718	B	GC10	Mono_CD14	4.722885	-7.4687295
GC10B:TCAGCTCGTAAGGATT	GC10B	11516.0	3026	0.04671761	B	GC10	Mono_CD14	6.4052567	-6.738294
GC10B:TCAGGATAGGCCCGTT	GC10B	992.0	568	0.049395163	B	GC10	Mono_CD14	2.8805373	-5.9452286
GC10B:TCAGGATTCGGACAAG	GC10B	5602.0	2003	0.03320243	B	GC10	Mono_CD14	4.3642926	-5.989445
GC10B:TCAGGTACAGACGTAG	GC10B	10042.0	2699	0.041127264	B	GC10	Mono_CD14	6.000032	-5.5161033
GC10B:TCATTACTCCTATGTT	GC10B	10237.0	2846	0.040441535	B	GC10	Mono_CD14	5.794227	-7.575922
GC10B:TCATTTGTCTCGATGA	GC10B	9747.0	2936	0.015081564	B	GC10	pDC_LILRA4	4.044894	3.8412337
GC10B:TCCCGATTCCTAGAAC	GC10B	6073.0	2014	0.058784787	B	GC10	Mono_CD14	5.7093387	-5.815237
GC10B:TCGAGGCAGGAACTGC	GC10B	9419.0	2506	0.044272214	B	GC10	Mono_CD14	6.083451	-5.8447433
GC10B:TCGAGGCCAGATCTGT	GC10B	7287.0	2569	0.030602442	B	GC10	pDC_LILRA4	3.9902818	3.7720795
GC10B:TCGAGGCGTAAACACA	GC10B	7962.0	2514	0.03227832	B	GC10	Mono_CD14	5.1820154	-5.8014855
GC10B:TCGAGGCGTGTGAAAT	GC10B	1949.0	804	0.0282196	B	GC10	Mono_CD14	3.7807105	-4.639153
GC10B:TCGAGGCGTTGGTGGA	GC10B	8043.0	2284	0.035185877	B	GC10	Mono_FCGR3A	7.143005	-3.6723046
GC10B:TCGCGAGAGCCAGTAG	GC10B	2299.0	988	0.041322313	B	GC10	Mono_CD14	3.3591266	-6.1182785
GC10B:TCGCGAGAGCGTCTAT	GC10B	4375.0	1288	0.03222857	B	GC10	Mono_FCGR3A	4.2701645	-3.983106
GC10B:TCGCGAGAGTTACCCA	GC10B	5625.0	1817	0.044622224	B	GC10	Mono_CD14	3.811359	-6.5699906
GC10B:TCGCGAGTCACCCGAG	GC10B	10464.0	2781	0.034690365	B	GC10	Mono_CD14	5.5609126	-5.9434247
GC10B:TCGCGAGTCCAAAGTC	GC10B	8237.0	2101	0.029986646	B	GC10	Mono_CD14	6.650585	-6.68827
GC10B:TCGCGAGTCCTACAGA	GC10B	9964.0	2760	0.057607386	B	GC10	Mono_CD14	5.7277527	-5.3802886
GC10B:TCGCGTTCAAATTGCC	GC10B	1844.0	680	0.03199566	B	GC10	Mono_CD14	2.66194	-4.7351875
GC10B:TCGCGTTGTGACGGTA	GC10B	2033.0	929	0.04918839	B	GC10	Mono_CD14	3.374004	-5.6742544
GC10B:TCGCGTTGTTACGGAG	GC10B	6847.0	2186	0.034175552	B	GC10	Mono_CD14	5.741839	-5.6655903
GC10B:TCGCGTTTCAGGTTCA	GC10B	9556.0	2567	0.03275429	B	GC10	Mono_FCGR3A	6.1706133	-4.1573834
GC10B:TCGGGACCACAACGTT	GC10B	5848.0	1864	0.041552667	B	GC10	Mono_CD14	5.7581835	-7.0416274
GC10B:TCGGGACGTCATATCG	GC10B	2250.0	1032	0.027555555	B	GC10	Mono_CD14	3.4781802	-6.208531
GC10B:TCGGGACGTGATGTCT	GC10B	2869.0	1214	0.041477866	B	GC10	Mono_CD14	4.024302	-6.4322944
GC10B:TCGGGACTCCGTTGCT	GC10B	6569.0	2220	0.031511646	B	GC10	Mono_CD14	4.8097763	-6.651729
GC10B:TCGGTAACAGGCTGAA	GC10B	5386.0	1857	0.037875976	B	GC10	Mono_CD14	4.3484507	-5.58966
GC10B:TCGGTAAGTGCAGGTA	GC10B	9123.0	2552	0.0385838	B	GC10	Mono_FCGR3A	6.584503	-3.3137872
GC10B:TCGTACCCAGCCAGAA	GC10B	4395.0	1626	0.02821388	B	GC10	Mono_CD14	3.9163282	-6.340729
GC10B:TCGTACCCATGTAGTC	GC10B	7664.0	2096	0.07881002	B	GC10	Mono_FCGR3A	6.533555	-3.5748038
GC10B:TCGTACCGTCGCCATG	GC10B	8528.0	2536	0.047138836	B	GC10	Mono_CD14	5.529058	-6.5014296
GC10B:TCTATTGTCATCGGAT	GC10B	4207.0	1494	0.031613976	B	GC10	Mono_CD14	4.3939095	-6.7303333
GC10B:TCTCTAAAGGGATCTG	GC10B	7551.0	2573	0.039067674	B	GC10	Mono_CD14	4.907298	-6.065333
GC10B:TCTCTAACACCATCCT	GC10B	4535.0	1751	0.035722163	B	GC10	Mono_CD14	3.6403708	-7.7883573
GC10B:TCTCTAACATTCGACA	GC10B	9814.0	2767	0.05298553	B	GC10	Mono_CD14	5.3753314	-7.8503876
GC10B:TCTGAGAAGCTGATAA	GC10B	10395.0	3110	0.053102452	B	GC10	Mono_FCGR3A	7.4873414	-2.1064594
GC10B:TCTGAGACAACAACCT	GC10B	9507.0	2673	0.054380983	B	GC10	Mono_FCGR3A	6.752309	-3.254452
GC10B:TCTGAGAGTTCAGGCC	GC10B	3185.0	1398	0.06091052	B	GC10	Mono_CD14	4.434079	-6.497773
GC10B:TCTGGAACAAGAAGAG	GC10B	6341.0	2057	0.028544394	B	GC10	Mono_CD14	6.3370385	-6.7081814
GC10B:TCTGGAAGTATATGGA	GC10B	2133.0	880	0.061415847	B	GC10	Mono_CD14	3.1264498	-4.484337
GC10B:TCTTTCCAGTACGTTC	GC10B	7363.0	2319	0.03096564	B	GC10	Mono_CD14	5.7876315	-6.6125135
GC10B:TGAAAGAAGACAGAGA	GC10B	6067.0	2083	0.04829405	B	GC10	Mono_CD14	5.5600915	-6.510034
GC10B:TGAAAGACAAGCGAGT	GC10B	3233.0	1127	0.032786883	B	GC10	Mono_CD14	3.3197792	-6.4784245
GC10B:TGAAAGACAATCGAAA	GC10B	8662.0	2295	0.04871854	B	GC10	Mono_CD14	5.5729265	-4.518972
GC10B:TGAAAGACATTCACTT	GC10B	5203.0	1813	0.040553525	B	GC10	Mono_CD14	5.766123	-7.8207474
GC10B:TGACAACAGTACGTTC	GC10B	4091.0	1580	0.04962112	B	GC10	Mono_CD14	4.1921234	-6.000149
GC10B:TGACAACTCAATCTCT	GC10B	4180.0	1769	0.065789476	B	GC10	Mono_CD14	3.6204972	-7.5829897
GC10B:TGACGGCAGTCCGGTC	GC10B	1074.0	540	0.040968344	B	GC10	Mono_CD14	3.06034	-5.423284
GC10B:TGACTAGAGCGCCTCA	GC10B	5525.0	1820	0.046696834	B	GC10	Mono_CD14	5.5573997	-6.597198
GC10B:TGACTAGCAATGTTGC	GC10B	5880.0	1824	0.0457483	B	GC10	Mono_CD14	4.2132664	-6.8959208
GC10B:TGACTAGGTAGGGTAC	GC10B	6201.0	1905	0.044347685	B	GC10	Mono_CD14	3.337123	-6.460311
GC10B:TGACTTTCAACGCACC	GC10B	10893.0	2771	0.06389424	B	GC10	Mono_FCGR3A	7.624819	-3.5084474
GC10B:TGACTTTCATACCATG	GC10B	2213.0	995	0.044283777	B	GC10	Mono_CD14	3.7730346	-5.3446302
GC10B:TGAGAGGGTGCCTGGT	GC10B	8708.0	2578	0.042719338	B	GC10	Mono_CD14	5.90799	-5.362725
GC10B:TGAGAGGTCAAGATCC	GC10B	5798.0	1878	0.03915143	B	GC10	Mono_CD14	5.4392133	-6.6823816
GC10B:TGAGAGGTCCGTACAA	GC10B	1550.0	738	0.05419355	B	GC10	Mono_CD14	3.13937	-5.624997
GC10B:TGAGCATAGCCAGTAG	GC10B	7588.0	2293	0.044148657	B	GC10	Mono_CD14	5.349706	-6.273697
GC10B:TGAGGGAAGCCACTAT	GC10B	6852.0	2271	0.03911267	B	GC10	Mono_CD14	4.7281795	-7.5735617
GC10B:TGAGGGAAGGCATGTG	GC10B	6890.0	2116	0.051814225	B	GC10	Mono_CD14	5.6462727	-7.3859925
GC10B:TGAGGGAAGTTCGCGC	GC10B	4995.0	1695	0.04144144	B	GC10	Mono_CD14	5.7414904	-7.466819
GC10B:TGAGGGACACTCTGTC	GC10B	12361.0	2976	0.048701562	B	GC10	Mono_CD14	5.9688067	-5.07635
GC10B:TGATTTCAGTCGAGTG	GC10B	10046.0	2657	0.04489349	B	GC10	Mono_CD14	6.2891116	-6.044858
GC10B:TGATTTCGTAATCACC	GC10B	7269.0	2256	0.053514928	B	GC10	Mono_CD14	6.117678	-7.212585
GC10B:TGATTTCGTATATGGA	GC10B	6977.0	2289	0.035832018	B	GC10	Mono_CD14	4.7875338	-7.153788
GC10B:TGATTTCTCAACGCTA	GC10B	10107.0	2706	0.045414068	B	GC10	Mono_CD14	5.2529573	-5.081112
GC10B:TGATTTCTCAGAAATG	GC10B	746.0	450	0.050938338	B	GC10	Mono_CD14	2.892887	-4.954979
GC10B:TGATTTCTCCTTTCGG	GC10B	5947.0	2023	0.04842778	B	GC10	Mono_CD14	5.244161	-5.625377
GC10B:TGCACCTTCCGCAGTG	GC10B	2383.0	980	0.04699958	B	GC10	Mono_CD14	3.2571862	-4.323175
GC10B:TGCCAAATCGCTTGTC	GC10B	4538.0	1765	0.018951079	B	GC10	Mono_CD14	4.240379	-6.579534
GC10B:TGCCCATAGGATGGAA	GC10B	1049.0	511	0.038131554	B	GC10	Mono_CD14	2.6460414	-4.148553
GC10B:TGCCCATAGGCCATAG	GC10B	3576.0	1423	0.056767337	B	GC10	Mono_CD14	3.2218125	-5.2919464
GC10B:TGCCCATGTCGAATCT	GC10B	7774.0	2218	0.04283509	B	GC10	Mono_FCGR3A	6.1314044	-3.9754927
GC10B:TGCCCTAAGAGTCTGG	GC10B	4144.0	1671	0.033542473	B	GC10	Mono_CD14	3.7556672	-7.96664
GC10B:TGCCCTAAGTGGCACA	GC10B	9389.0	2763	0.03972734	B	GC10	Mono_FCGR3A	6.630819	-3.3167496
GC10B:TGCCCTAGTTCCGTCT	GC10B	9414.0	2729	0.038559593	B	GC10	Mono_CD14	5.7513947	-5.94962
GC10B:TGCCCTATCAACGGGA	GC10B	6803.0	2413	0.061884463	B	GC10	Mono_FCGR3A	7.263412	-2.409359
GC10B:TGCGTGGAGAGTCGGT	GC10B	4477.0	1619	0.05271387	B	GC10	Mono_FCGR3A	5.9029164	-3.7401478
GC10B:TGCGTGGTCATGCATG	GC10B	9357.0	2537	0.043283105	B	GC10	Mono_FCGR3A	6.8651395	-3.2451704
GC10B:TGCTACCGTCTGCGGT	GC10B	2601.0	1095	0.044213764	B	GC10	Mono_CD14	3.2617202	-4.944135
GC10B:TGCTACCTCAAACCAC	GC10B	3400.0	1445	0.04970588	B	GC10	Mono_CD14	3.7266457	-5.980797
GC10B:TGCTACCTCCTTGGTC	GC10B	9175.0	2709	0.040871933	B	GC10	Mono_CD14	5.4470725	-7.1029644
GC10B:TGCTGCTGTTATGTGC	GC10B	8226.0	2483	0.037806954	B	GC10	Mono_CD14	5.064417	-7.3890576
GC10B:TGCTGCTTCAGTTGAC	GC10B	8625.0	2756	0.036869567	B	GC10	Mono_CD14	4.87915	-7.9877987
GC10B:TGGACGCAGAGTGACC	GC10B	10263.0	2423	0.05456494	B	GC10	Mono_FCGR3A	7.34099	-3.7231126
GC10B:TGGACGCCAGCTGCAC	GC10B	5181.0	1828	0.03493534	B	GC10	Mono_CD14	3.6703112	-6.7242556
GC10B:TGGCCAGCAGATTGCT	GC10B	8084.0	2341	0.034388915	B	GC10	Mono_CD14	6.033572	-7.3540974
GC10B:TGGCCAGTCCAGTAGT	GC10B	6630.0	2024	0.03092006	B	GC10	Mono_CD14	6.063882	-7.1432104
GC10B:TGGCTGGAGGCGACAT	GC10B	8221.0	2660	0.02907189	B	GC10	Mono_CD14	4.6344795	-7.7418084
GC10B:TGGGAAGCAGTTAACC	GC10B	7841.0	2135	0.05445734	B	GC10	Mono_FCGR3A	6.6194015	-3.6858027
GC10B:TGGGAAGCATGGAATA	GC10B	3800.0	1440	0.040263157	B	GC10	Mono_CD14	5.6794415	-6.5499363
GC10B:TGGGCGTTCTTGGGTA	GC10B	6675.0	2398	0.066516854	B	GC10	Mono_CD14	4.7571125	-6.8336678
GC10B:TGGGCGTTCTTGTTTG	GC10B	7628.0	2319	0.05099633	B	GC10	Mono_FCGR3A	7.045389	-3.525868
GC10B:TGGTTCCAGCACCGTC	GC10B	7215.0	2320	0.048094247	B	GC10	Mono_FCGR3A	7.2720785	-2.7327254
GC10B:TGTATTCCACGCGAAA	GC10B	9257.0	2511	0.04353462	B	GC10	Mono_CD14	6.269592	-6.0218964
GC10B:TGTATTCGTGTGGTTT	GC10B	7934.0	2307	0.054827325	B	GC10	Mono_CD14	5.489117	-7.758295
GC10B:TGTATTCTCACCGGGT	GC10B	5201.0	1521	0.02653336	B	GC10	Mono_CD14	6.1731277	-6.150431
GC10B:TGTCCCAAGCTGTTCA	GC10B	4918.0	1811	0.052867018	B	GC10	Mono_CD14	3.8409362	-6.9229083
GC10B:TGTCCCACAACGCACC	GC10B	9839.0	2598	0.031202357	B	GC10	Mono_FCGR3A	6.874645	-3.7232623
GC10B:TGTCCCACATGGTCTA	GC10B	712.0	419	0.039325844	B	GC10	Mono_CD14	2.8770766	-5.443907
GC10B:TGTCCCAGTACAGTGG	GC10B	9319.0	2683	0.04657152	B	GC10	Mono_FCGR3A	7.70776	-3.1603868
GC10B:TGTGGTAAGTCTCGGC	GC10B	5788.0	1922	0.047166552	B	GC10	Mono_FCGR3A	6.158939	-3.8998227
GC10B:TGTGGTATCGTTACAG	GC10B	7350.0	2273	0.046938777	B	GC10	Mono_CD14	4.208288	-7.339352
GC10B:TGTGTTTTCGAGGTAG	GC10B	2226.0	957	0.039982032	B	GC10	Mono_CD14	3.3408697	-6.3304057
GC10B:TGTTCCGAGCCTTGAT	GC10B	943.0	484	0.03711559	B	GC10	Mono_CD14	2.6580327	-4.0434875
GC10B:TGTTCCGAGTACGTAA	GC10B	10784.0	2935	0.044695847	B	GC10	Mono_CD14	6.2107406	-6.9744806
GC10B:TGTTCCGCAAATCCGT	GC10B	2807.0	1090	0.0402565	B	GC10	Mono_CD14	4.0501866	-6.5341268
GC10B:TTAACTCCACCCTATC	GC10B	5158.0	1774	0.043427683	B	GC10	Mono_CD14	4.369741	-6.7173653
GC10B:TTAACTCGTGACAAAT	GC10B	10282.0	2765	0.028885432	B	GC10	Mono_CD14	5.7539396	-5.14381
GC10B:TTAGGACAGCAATATG	GC10B	12181.0	3215	0.051391512	B	GC10	Mono_FCGR3A	7.0126953	-3.2714858
GC10B:TTAGGACGTCTCTCTG	GC10B	9441.0	2492	0.047028918	B	GC10	Mono_CD14	5.4434648	-5.214257
GC10B:TTAGGCAAGACGCAAC	GC10B	9593.0	2691	0.032523714	B	GC10	Mono_CD14	5.6459594	-5.337879
GC10B:TTAGGCAAGCTAAACA	GC10B	7780.0	2445	0.05951157	B	GC10	Mono_CD14	4.7469344	-6.005839
GC10B:TTAGGCATCTCACATT	GC10B	6676.0	2169	0.03999401	B	GC10	Mono_CD14	4.6492205	-6.745593
GC10B:TTAGTTCCAATGGTCT	GC10B	7606.0	2100	0.052458584	B	GC10	Mono_CD14	3.7634246	-6.6951933
GC10B:TTAGTTCGTCCAACTA	GC10B	8884.0	2625	0.058532193	B	GC10	Mono_FCGR3A	7.402232	-3.2123804
GC10B:TTCCCAGAGCTATGCT	GC10B	767.0	600	0.056062583	B	GC10	Mono_CD14	3.5944345	-7.7102337
GC10B:TTCCCAGCAGGGAGAG	GC10B	4943.0	1705	0.038235888	B	GC10	Mono_CD14	5.025739	-6.8073835
GC10B:TTCCCAGTCCTCAACC	GC10B	11624.0	3043	0.041121818	B	GC10	Mono_FCGR3A	6.8614755	-2.9164495
GC10B:TTCCCAGTCCTTCAAT	GC10B	7029.0	2308	0.043960735	B	GC10	Mono_CD14	4.353626	-7.8399215
GC10B:TTCGGTCCAGCGTCCA	GC10B	3404.0	1260	0.04054054	B	GC10	Mono_CD14	3.593576	-5.0789332
GC10B:TTCGGTCGTCCATCCT	GC10B	6419.0	1964	0.043308925	B	GC10	Mono_CD14	5.392386	-7.3383427
GC10B:TTCGGTCTCGAATGGG	GC10B	7340.0	2401	0.044959128	B	GC10	Mono_CD14	4.965435	-7.471989
GC10B:TTCTACAGTAGCTAAA	GC10B	12628.0	3359	0.038961038	B	GC10	Mono_CD14	5.5071664	-7.6264234
GC10B:TTCTCAAAGATATGCA	GC10B	1477.0	759	0.06025728	B	GC10	Mono_CD14	2.9884295	-5.543832
GC10B:TTCTCAACAGTGAGTG	GC10B	6400.0	2103	0.03671875	B	GC10	Mono_CD14	4.9917374	-7.6539006
GC10B:TTCTCAAGTTGCCTCT	GC10B	6095.0	1966	0.058408532	B	GC10	Mono_CD14	5.4368367	-7.0895467
GC10B:TTCTTAGAGAAGGACA	GC10B	2627.0	1146	0.031594977	B	GC10	Mono_CD14	3.2870483	-6.31658
GC10B:TTCTTAGCAGGCAGTA	GC10B	8902.0	2611	0.053358797	B	GC10	Mono_CD14	5.404316	-6.7550125
GC10B:TTGAACGAGCTAAACA	GC10B	10418.0	2755	0.043002497	B	GC10	Mono_CD14	5.6073194	-5.2918606
GC10B:TTGAACGGTACTTGAC	GC10B	10859.0	2860	0.045952667	B	GC10	Mono_FCGR3A	7.083427	-3.6825378
GC10B:TTGACTTAGCCAGTTT	GC10B	2478.0	1080	0.04196933	B	GC10	Mono_CD14	3.66149	-6.936898
GC10B:TTGACTTCATGCTAGT	GC10B	6947.0	2134	0.034547288	B	GC10	Mono_CD14	5.653226	-6.738986
GC10B:TTGCCGTCACGGATAG	GC10B	6608.0	2186	0.03858959	B	GC10	Mono_CD14	4.1393905	-6.796663
GC10B:TTGCGTCAGCGAGAAA	GC10B	2832.0	1169	0.056850284	B	GC10	Mono_CD14	3.8789384	-6.888486
GC10B:TTGGCAACACATTTCT	GC10B	7661.0	2166	0.04242266	B	GC10	Mono_CD14	5.7428718	-7.0738444
GC10B:TTGGCAATCCGTCAAA	GC10B	3600.0	1378	0.04472222	B	GC10	Mono_CD14	3.5134912	-7.4060383
GC10B:TTGTAGGGTTCGGCAC	GC10B	1661.0	751	0.08007225	B	GC10	Mono_CD14	2.8710527	-4.1220117
GC10B:TTTACTGAGATGGGTC	GC10B	8041.0	2342	0.056833725	B	GC10	Mono_CD14	5.7064595	-7.453064
GC10B:TTTACTGGTATATCCG	GC10B	8235.0	2518	0.038494233	B	GC10	Mono_CD14	5.5020647	-5.1661882
GC10B:TTTACTGTCTTAGCCC	GC10B	5496.0	1937	0.047489084	B	GC10	Mono_CD14	5.022455	-6.053891
GC10B:TTTATGCAGGGTCGAT	GC10B	7741.0	2154	0.049476814	B	GC10	Mono_CD14	6.3540993	-6.62894
GC10B:TTTCCTCAGAAACGAG	GC10B	10635.0	2890	0.04851904	B	GC10	Mono_FCGR3A	8.041524	-2.7997525
GC10B:TTTCCTCCATGATCCA	GC10B	7580.0	2427	0.038126647	B	GC10	Mono_CD14	5.3816304	-6.5308948
GC10B:TTTCCTCGTTGTGGAG	GC10B	3181.0	1295	0.034894686	B	GC10	Mono_CD14	4.002709	-6.728604
GC10B:TTTGCGCGTCTCCCTA	GC10B	6684.0	2079	0.037402753	B	GC10	Mono_CD14	6.195974	-6.21672
GC10B:TTTGCGCGTTCTGTTT	GC10B	4070.0	1533	0.044226043	B	GC10	Mono_CD14	4.7073064	-7.18631
GC10B:TTTGGTTTCTTTAGTC	GC10B	6779.0	2222	0.041599058	B	GC10	Mono_CD14	5.164287	-7.486827
GC10B:TTTGTCAAGTGGTAGC	GC10B	13356.0	3141	0.042303085	B	GC10	Mono_CD14	5.5872297	-5.10444
GC10B:TTTGTCACACGCCAGT	GC10B	8715.0	2343	0.032702237	B	GC10	Mono_FCGR3A	6.216549	-3.944709
GC10B:TTTGTCAGTTCAGCGC	GC10B	9157.0	2333	0.043464016	B	GC10	Mono_CD14	6.5123177	-7.0119214
GC10B:TTTGTCATCTCAAGTG	GC10B	6578.0	1987	0.07160231	B	GC10	DC_LAMP3	4.824152	-0.61135316
GC06B:CACAGGCGTGTATGGG	GC06B	4678.0	1649	0.026934588	B	GC06	Mono_CD14	4.5999947	-4.8826456
GC06B:CACCAGGAGGGAACGG	GC06B	9069.0	2773	0.031425737	B	GC06	Mono_FCGR3A	7.335191	-2.404823
GC06B:CAGTAACTCAAGGCTT	GC06B	775.0	447	0.038709678	B	GC06	Mono_CD14	2.7306116	-5.400199
GC06B:CGGAGCTAGCTAGTTC	GC06B	11583.0	3118	0.022533022	B	GC06	Mono_FCGR3A	7.8054285	-2.883365
GC06B:GACGTTAGTTCCGTCT	GC06B	4568.0	1764	0.044220667	B	GC06	Mono_CD14	3.9529715	-7.7860327
GC06B:GACTGCGTCGGACAAG	GC06B	886.0	525	0.040632054	B	GC06	Mono_CD14	2.8853033	-6.0393567
GC07B:AAACGGGTCGTCCGTT	GC07B	8675.0	2402	0.03700288	B	GC07	Mono_FCGR3A	7.4852405	-3.084279
GC07B:AAAGTAGAGACTAAGT	GC07B	2597.0	1082	0.042741627	B	GC07	Mono_CD14	3.838149	-6.394919
GC07B:AAATGCCAGAATTCCC	GC07B	10993.0	2775	0.059128538	B	GC07	Mono_CD14	5.027391	-4.7731547
GC07B:AAATGCCAGAGTTGGC	GC07B	8006.0	2497	0.046964776	B	GC07	Mono_FCGR3A	7.4167643	-2.6040761
GC07B:AAGGCAGTCTTCGGTC	GC07B	2702.0	1157	0.035529237	B	GC07	Mono_CD14	3.4689803	-5.3923306
GC07B:AATCCAGGTCTGGAGA	GC07B	9374.0	2499	0.041177727	B	GC07	Mono_FCGR3A	7.941746	-3.136528
GC07B:ACACCGGGTAAACACA	GC07B	8288.0	2476	0.05019305	B	GC07	Mono_CD14	4.3509445	-5.763064
GC07B:ACAGCTAAGATCCGAG	GC07B	11484.0	3060	0.046847787	B	GC07	Mono_FCGR3A	8.168957	-2.6494172
GC07B:ACAGCTACATTCACTT	GC07B	4814.0	1812	0.039468218	B	GC07	Mono_CD14	4.349446	-6.8154945
GC07B:ACAGCTATCATCGCTC	GC07B	10904.0	3028	0.03952678	B	GC07	Mono_FCGR3A	8.004865	-2.572384
GC07B:ACATACGGTACATGTC	GC07B	10309.0	2780	0.04365118	B	GC07	Mono_CD14	5.1296535	-5.9086576
GC07B:ACATACGGTTCGAATC	GC07B	6210.0	1940	0.04363929	B	GC07	Mono_CD14	6.0032263	-6.0634727
GC07B:ACATGGTGTAAGTTCC	GC07B	2911.0	1177	0.043284096	B	GC07	Mono_CD14	3.6398344	-4.5660386
GC07B:ACCCACTCATTTCACT	GC07B	9912.0	2752	0.050847456	B	GC07	Mono_CD14	4.8940415	-7.2579284
GC07B:ACCTTTACATTTCAGG	GC07B	10811.0	3279	0.048099156	B	GC07	pDC_LILRA4	4.2091007	3.9130673
GC07B:ACGAGGAAGCTGTCTA	GC07B	2720.0	1172	0.04375	B	GC07	Mono_CD14	3.8086371	-5.943771
GC07B:ACGAGGACAAACTGTC	GC07B	9203.0	2717	0.053134847	B	GC07	Mono_FCGR3A	8.11315	-2.5456688
GC07B:ACGCCGAAGGGCTTCC	GC07B	4367.0	1597	0.03045569	B	GC07	Mono_CD14	3.9391518	-6.410923
GC07B:ACGCCGATCGTTACAG	GC07B	3525.0	1497	0.04283688	B	GC07	Mono_CD14	3.0888908	-6.6797037
GC07B:ACGGCCACAATCAGAA	GC07B	1207.0	654	0.057166528	B	GC07	Mono_CD14	3.1255534	-5.893404
GC07B:ACTGAACTCCGCTGTT	GC07B	7035.0	2227	0.057995737	B	GC07	Mono_CD14	5.418252	-6.418748
GC07B:ACTGAGTTCAGTTCGA	GC07B	9904.0	2697	0.040387724	B	GC07	Mono_CD14	5.3708005	-5.4855623
GC07B:ACTGATGGTCAGTGGA	GC07B	5736.0	1923	0.04218968	B	GC07	Mono_FCGR3A	6.1383314	-3.6720276
GC07B:ACTGCTCAGCTGCGAA	GC07B	9138.0	2655	0.04607135	B	GC07	Mono_FCGR3A	7.4916835	-2.4783144
GC07B:ACTTGTTAGTCATCCA	GC07B	3299.0	1228	0.09275538	B	GC07	Mono_CD14	3.9824898	-6.7370152
GC07B:AGAATAGAGACCACGA	GC07B	4754.0	1801	0.06352545	B	GC07	Mono_CD14	3.5171971	-7.315268
GC07B:AGAGCGACAGTTCATG	GC07B	1993.0	856	0.0858003	B	GC07	Mono_FCGR3A	5.9467945	-3.400912
GC07B:AGATTGCAGGATGGAA	GC07B	4079.0	1648	0.038489826	B	GC07	Mono_CD14	3.7105665	-6.900483
GC07B:AGATTGCCACGGTTTA	GC07B	6226.0	2141	0.04513331	B	GC07	Mono_CD14	4.7992787	-6.8259
GC07B:AGCGTATGTCATGCAT	GC07B	3691.0	1415	0.0444324	B	GC07	Mono_CD14	3.9152536	-5.8759017
GC07B:AGCTCCTGTCAGAAGC	GC07B	10108.0	3072	0.040067274	B	GC07	Mono_CD14	5.537051	-7.079296
GC07B:AGCTTGATCAGCACAT	GC07B	8175.0	2367	0.041223243	B	GC07	Mono_CD14	6.1252356	-7.1268086
GC07B:AGGCCGTAGCTGAACG	GC07B	20205.0	4140	0.0454343	B	GC07	Mono_CD14	6.3173733	-6.669553
GC07B:AGGGAGTAGGGAACGG	GC07B	5857.0	2024	0.051050026	B	GC07	Mono_CD14	4.804913	-5.49661
GC07B:AGTAGTCAGCCGGTAA	GC07B	1386.0	715	0.031746034	B	GC07	Mono_CD14	3.1075373	-5.440864
GC07B:AGTGTCATCGCATGAT	GC07B	10819.0	2715	0.055365562	B	GC07	Mono_FCGR3A	7.731436	-3.1790764
GC07B:ATCTACTAGTGGGATC	GC07B	4257.0	1552	0.05379375	B	GC07	Mono_CD14	3.9324894	-5.790446
GC07B:ATCTACTGTCTCACCT	GC07B	2195.0	1057	0.04236902	B	GC07	Mono_CD14	3.601016	-5.5248585
GC07B:ATGCGATTCACTTCAT	GC07B	11681.0	3002	0.041948464	B	GC07	Mono_CD14	5.226656	-4.994897
GC07B:ATTATCCTCAGCGATT	GC07B	8940.0	2644	0.050447427	B	GC07	Mono_FCGR3A	8.045492	-2.5177717
GC07B:ATTGGACAGTGCGATG	GC07B	9819.0	2688	0.051940117	B	GC07	Mono_FCGR3A	7.692795	-3.0445447
GC07B:CAAGAAAGTTAAAGTG	GC07B	1092.0	565	0.052197803	B	GC07	Mono_CD14	2.852479	-4.994405
GC07B:CAAGGCCTCAGTGTTG	GC07B	5439.0	1806	0.0288656	B	GC07	Mono_CD14	4.996876	-5.0181546
GC07B:CAAGTTGCAATGGAGC	GC07B	10287.0	2827	0.045105472	B	GC07	Mono_FCGR3A	8.052979	-2.972358
GC07B:CACACCTTCCTCCTAG	GC07B	3214.0	1445	0.036403235	B	GC07	Mono_CD14	3.5234714	-7.0804048
GC07B:CAGAATCGTAGGCTGA	GC07B	3057.0	1375	0.04612365	B	GC07	Mono_CD14	3.9663951	-5.9016156
GC07B:CAGAGAGCACTGTGTA	GC07B	8565.0	2506	0.058610626	B	GC07	Mono_FCGR3A	7.2413673	-3.094263
GC07B:CAGTAACCAAAGGAAG	GC07B	7999.0	2335	0.035004377	B	GC07	Mono_FCGR3A	7.8953223	-3.161152
GC07B:CAGTAACTCGGGAGTA	GC07B	8620.0	2461	0.05197216	B	GC07	Mono_FCGR3A	7.164454	-3.1477783
GC07B:CATCAGAAGTGACTCT	GC07B	2122.0	992	0.04571159	B	GC07	Mono_CD14	3.6972897	-5.8223305
GC07B:CATTATCAGACTAGAT	GC07B	7290.0	2436	0.060768176	B	GC07	Mono_CD14	4.580163	-6.50513
GC07B:CATTCGCCATCGTCGG	GC07B	6325.0	2031	0.031936757	B	GC07	Mono_CD14	5.3246903	-5.3821406
GC07B:CATTCGCGTGTAACGG	GC07B	8114.0	2507	0.044614248	B	GC07	Mono_FCGR3A	7.6549683	-2.6249511
GC07B:CCACCTATCTCGCATC	GC07B	4642.0	1833	0.042223178	B	GC07	Mono_CD14	4.3083453	-6.919792
GC07B:CCACGGAGTTCATGGT	GC07B	11508.0	2849	0.03606187	B	GC07	Mono_FCGR3A	6.882027	-3.8072994
GC07B:CCACTACAGCGTGTCC	GC07B	4126.0	1541	0.045322347	B	GC07	Mono_CD14	4.0301743	-6.126255
GC07B:CCATTCGCAAGTTCTG	GC07B	9778.0	2561	0.033851504	B	GC07	Mono_FCGR3A	7.784485	-2.9180708
GC07B:CCATTCGCACAACGTT	GC07B	2482.0	1111	0.0455278	B	GC07	Mono_CD14	3.4675815	-6.2116847
GC07B:CCCTCCTGTGCAGGTA	GC07B	5179.0	1944	0.046147905	B	GC07	Mono_CD14	4.71163	-5.4957337
GC07B:CCTTTCTTCACCCGAG	GC07B	1190.0	668	0.03697479	B	GC07	Mono_CD14	3.116184	-5.4833593
GC07B:CGAATGTAGCGATATA	GC07B	2668.0	869	0.091454275	B	GC07	pDC_LILRA4	3.347108	0.35393205
GC07B:CGAATGTAGGAGTAGA	GC07B	12405.0	3167	0.042563483	B	GC07	Mono_CD14	5.020732	-6.0404563
GC07B:CGAATGTCAAAGTGCG	GC07B	12425.0	3154	0.03468813	B	GC07	Mono_CD14	5.612182	-7.3273478
GC07B:CGAATGTTCTACTTAC	GC07B	1110.0	595	0.06576577	B	GC07	Mono_CD14	2.7635887	-5.2385564
GC07B:CGAGAAGTCTGTCTCG	GC07B	8913.0	2631	0.04431729	B	GC07	Mono_CD14	4.3665705	-6.091668
GC07B:CGAGCACCACAAGACG	GC07B	2463.0	1019	0.077141695	B	GC07	Mono_FCGR3A	6.019996	-3.5012994
GC07B:CGAGCCATCGGGAGTA	GC07B	10104.0	2613	0.056710213	B	GC07	Mono_FCGR3A	8.262566	-2.5655649
GC07B:CGCTATCAGATGTCGG	GC07B	2480.0	1096	0.040725805	B	GC07	Mono_CD14	3.1218655	-5.6401124
GC07B:CGCTGGAAGCGTAATA	GC07B	10668.0	3048	0.040494937	B	GC07	Mono_CD14	4.8293715	-6.13854
GC07B:CGGCTAGTCGTATCAG	GC07B	7864.0	2486	0.034333672	B	GC07	Mono_CD14	4.921808	-5.3715796
GC07B:CGGGTCAAGTATCGAA	GC07B	9831.0	2562	0.058386736	B	GC07	Mono_CD14	5.437014	-6.9854493
GC07B:CGGTTAACAAGTTGTC	GC07B	9266.0	2486	0.04824088	B	GC07	Mono_CD14	1.6845945	-5.0736923
GC07B:CTACACCTCAAGGCTT	GC07B	936.0	535	0.026709402	B	GC07	Mono_CD14	2.8183954	-4.953636
GC07B:CTACCCATCGAGAACG	GC07B	2089.0	992	0.035902347	B	GC07	Mono_CD14	3.5007782	-5.864658
GC07B:CTAGAGTAGGAATCGC	GC07B	5104.0	1747	0.05348746	B	GC07	Mono_CD14	4.223756	-5.425206
GC07B:CTCATTAAGACTGTAA	GC07B	3193.0	1249	0.046664577	B	GC07	pDC_LILRA4	3.8275435	2.5415692
GC07B:CTCTACGGTCCAGTGC	GC07B	8120.0	2586	0.040640395	B	GC07	Mono_FCGR3A	7.0871077	-2.6141984
GC07B:CTCTACGGTCCGAATT	GC07B	12844.0	3000	0.04469013	B	GC07	Mono_CD14	4.4201865	-6.21921
GC07B:CTCTACGTCCTATTCA	GC07B	5767.0	2132	0.0457777	B	GC07	Mono_CD14	4.475042	-6.735841
GC07B:CTGCGGATCCTAAGTG	GC07B	9400.0	2783	0.051914893	B	GC07	Mono_FCGR3A	8.044519	-2.650149
GC07B:CTGCGGATCCTATTCA	GC07B	10586.0	3034	0.051388625	B	GC07	Mono_FCGR3A	8.001807	-2.2122798
GC07B:GAACGGACACATTTCT	GC07B	10849.0	2852	0.050235044	B	GC07	Mono_CD14	5.700077	-5.0870523
GC07B:GAATAAGGTTTGGGCC	GC07B	6071.0	2099	0.06736946	B	GC07	Mono_FCGR3A	6.985065	-3.1468134
GC07B:GACGCGTAGTTGTAGA	GC07B	7097.0	2098	0.045089476	B	GC07	pDC_LILRA4	3.8331406	3.4336286
GC07B:GACGGCTCATGAGCGA	GC07B	8631.0	2572	0.061174836	B	GC07	Mono_FCGR3A	8.082565	-2.3690705
GC07B:GACGTGCCACGTCTCT	GC07B	8500.0	2442	0.039411765	B	GC07	Mono_CD14	4.6325192	-5.5604157
GC07B:GAGGTGACAAGACGTG	GC07B	12792.0	3196	0.041510317	B	GC07	Mono_CD14	6.27287	-5.995981
GC07B:GAGGTGATCCGAAGAG	GC07B	8463.0	2465	0.041474655	B	GC07	Mono_CD14	4.5473456	-6.641096
GC07B:GAGTCCGAGCTTTGGT	GC07B	6590.0	2136	0.03884674	B	GC07	Mono_FCGR3A	7.092249	-3.2977896
GC07B:GAGTCCGTCGTCTGCT	GC07B	8207.0	2353	0.037163395	B	GC07	Mono_CD14	5.1845865	-5.2881637
GC07B:GATCGATTCGCGATCG	GC07B	5721.0	1863	0.041076735	B	GC07	Mono_CD14	4.2403097	-5.5448856
GC07B:GATCTAGGTCTCTTAT	GC07B	8116.0	2343	0.03794973	B	GC07	Mono_CD14	4.3080974	-4.689439
GC07B:GATCTAGTCTTCCTTC	GC07B	5356.0	1829	0.07636296	B	GC07	Mono_CD14	4.401783	-6.5896597
GC07B:GATGCTAAGAAACCTA	GC07B	11445.0	3077	0.06509393	B	GC07	Mono_CD14	5.178736	-7.201739
GC07B:GCAATCACAAGCGAGT	GC07B	8235.0	2298	0.030843958	B	GC07	Mono_FCGR3A	6.6338053	-3.4239876
GC07B:GCACTCTTCCACGTTC	GC07B	10109.0	2798	0.038678404	B	GC07	Mono_FCGR3A	8.029562	-2.6312807
GC07B:GCAGCCAGTTTGGGCC	GC07B	8966.0	2769	0.03546732	B	GC07	pDC_LILRA4	3.8943036	3.0133424
GC07B:GCGCAACGTCAAAGCG	GC07B	2614.0	1120	0.033664882	B	GC07	Mono_CD14	3.0736392	-6.678076
GC07B:GCTCTGTGTCACTGGC	GC07B	7727.0	2180	0.040119063	B	GC07	Mono_CD14	5.9943156	-6.991049
GC07B:GGAACTTAGCGTTCCG	GC07B	5776.0	2027	0.039127424	B	GC07	Mono_CD14	4.541531	-5.332651
GC07B:GGAACTTAGTTCGCGC	GC07B	3483.0	1376	0.044788975	B	GC07	Mono_CD14	4.059717	-6.3555
GC07B:GGAATAATCGCGGATC	GC07B	5936.0	1997	0.022742588	B	GC07	Mono_CD14	4.767163	-4.9656405
GC07B:GGACAAGTCAAAGTAG	GC07B	9483.0	2837	0.04144258	B	GC07	Mono_CD14	5.011696	-5.9538646
GC07B:GGACATTCAAAGGCGT	GC07B	5047.0	1708	0.031503864	B	GC07	Mono_CD14	4.049185	-6.6304693
GC07B:GGCAATTCATCGATGT	GC07B	31899.0	5086	0.053512648	B	GC07	cDC2_CD1C	0.62556624	0.8458161
GC07B:GGGACCTCACATTTCT	GC07B	9435.0	2577	0.040699523	B	GC07	Mono_FCGR3A	8.245687	-2.8906617
GC07B:GGGAGATCACCAGTTA	GC07B	8592.0	2601	0.06738827	B	GC07	Mono_FCGR3A	8.009627	-2.5753863
GC07B:GGGATGATCGATGAGG	GC07B	2610.0	1170	0.04712644	B	GC07	Mono_CD14	3.872215	-6.2524676
GC07B:GGGTCTGTCATGCATG	GC07B	9284.0	2772	0.044161998	B	GC07	Mono_FCGR3A	7.661464	-2.2805748
GC07B:GGGTTGCGTATCAGTC	GC07B	1305.0	664	0.089655176	B	GC07	Mono_FCGR3A	5.351077	-3.457677
GC07B:GGTGAAGGTGCTAGCC	GC07B	6281.0	2168	0.049195986	B	GC07	Mono_CD14	4.5167904	-5.6300073
GC07B:GGTGCGTGTAATCGTC	GC07B	6606.0	1910	0.03012413	B	GC07	Mono_CD14	5.180774	-4.535195
GC07B:GGTGCGTGTCTCTCTG	GC07B	2761.0	1175	0.05034408	B	GC07	Mono_CD14	3.2633173	-6.542078
GC07B:GGTGTTAGTAGATTAG	GC07B	2739.0	1342	0.03687477	B	GC07	Mono_CD14	3.8708045	-6.3772445
GC07B:GTAACGTAGGCAGGTT	GC07B	6304.0	2203	0.047271572	B	GC07	Mono_FCGR3A	7.7381773	-2.3999748
GC07B:GTAACTGAGGAATCGC	GC07B	8455.0	2516	0.051448848	B	GC07	Mono_FCGR3A	7.5325394	-2.7858086
GC07B:GTAGGCCAGGCTCAGA	GC07B	9892.0	2724	0.041548725	B	GC07	Mono_FCGR3A	8.25794	-2.529363
GC07B:GTCACGGAGCTGAAAT	GC07B	5493.0	1917	0.03422538	B	GC07	Mono_CD14	4.53041	-6.4192424
GC07B:GTCATTTAGCCAGTTT	GC07B	6671.0	2257	0.058162194	B	GC07	Mono_CD14	4.263493	-7.925988
GC07B:GTCGGGTAGCGTTGCC	GC07B	703.0	415	0.05832148	B	GC07	Mφ_APOE	0.020574184	-2.5928183
GC07B:GTCGGGTCACCAGCAC	GC07B	10451.0	2740	0.038752273	B	GC07	Mono_FCGR3A	7.8141522	-2.8330736
GC07B:GTCGGGTCATGTTGAC	GC07B	1093.0	532	0.052150045	B	GC07	Mono_CD14	2.7767167	-5.2031097
GC07B:GTCGGGTGTTAAGTAG	GC07B	4111.0	1692	0.033325225	B	GC07	Mono_CD14	4.491242	-5.8073397
GC07B:GTCGTAAGTCGCATCG	GC07B	7357.0	2286	0.043360066	B	GC07	Mono_CD14	5.4725575	-6.0844803
GC07B:GTGTGCGGTCGCGTGT	GC07B	5129.0	1813	0.057711054	B	GC07	Mono_CD14	3.7184155	-6.4110203
GC07B:GTTACAGGTCCAGTAT	GC07B	6259.0	2009	0.056079246	B	GC07	Mono_CD14	4.8295784	-5.36536
GC07B:GTTCGGGAGCGATTCT	GC07B	3129.0	1285	0.029082773	B	GC07	Mono_CD14	4.874572	-6.6886344
GC07B:TAAGAGAAGCGTCTAT	GC07B	6198.0	2034	0.058889963	B	GC07	Mono_FCGR3A	7.767012	-3.2669995
GC07B:TACACGATCACTTACT	GC07B	11732.0	3089	0.053358335	B	GC07	Mono_FCGR3A	7.8364954	-2.3967464
GC07B:TACGGGCAGGCTCTTA	GC07B	5156.0	1902	0.03995345	B	GC07	Mono_CD14	4.450963	-5.9633937
GC07B:TACGGTAGTGAAGGCT	GC07B	12348.0	2976	0.017654682	B	GC07	pDC_LILRA4	3.9675765	3.566577
GC07B:TACTCGCAGTGTCTCA	GC07B	7050.0	2334	0.044397164	B	GC07	Mono_CD14	4.743	-6.2806644
GC07B:TACTCGCAGTGTTTGC	GC07B	11362.0	2822	0.038021475	B	GC07	Mono_FCGR3A	8.000264	-3.1773915
GC07B:TACTTGTTCACATACG	GC07B	13231.0	3292	0.053586274	B	GC07	Mono_FCGR3A	8.125133	-2.605106
GC07B:TAGACCAGTATGGTTC	GC07B	5929.0	2012	0.034913138	B	GC07	Mono_FCGR3A	6.5749664	-3.3949785
GC07B:TAGCCGGCACGTAAGG	GC07B	7073.0	2189	0.034073237	B	GC07	Mono_CD14	5.0030203	-5.121009
GC07B:TATCTCATCAACCATG	GC07B	8912.0	2777	0.039160684	B	GC07	Mono_CD14	4.6916533	-5.910792
GC07B:TATTACCCAACACCCG	GC07B	3858.0	1416	0.08579575	B	GC07	Mono_CD14	5.2293515	-6.963956
GC07B:TCAACGATCAGCGACC	GC07B	8577.0	2441	0.04232249	B	GC07	Mono_CD14	5.2714305	-6.4883943
GC07B:TCAGGTACAAGCGTAG	GC07B	6113.0	2055	0.05676427	B	GC07	Mono_CD14	4.5153146	-5.861476
GC07B:TCGTAGATCCACGTGG	GC07B	3701.0	1463	0.04485274	B	GC07	Mono_CD14	3.9079454	-6.8582625
GC07B:TCTCATACATCGACGC	GC07B	3504.0	1272	0.056221463	B	GC07	Mono_FCGR3A	5.7173076	-3.436306
GC07B:TGAAAGAGTTGTTTGG	GC07B	5769.0	1832	0.04662853	B	GC07	Mono_CD14	5.2386518	-4.9683976
GC07B:TGAAAGATCTTGGGTA	GC07B	6719.0	2112	0.033784788	B	GC07	Mono_CD14	4.660648	-5.447591
GC07B:TGATTTCAGAGACTTA	GC07B	10889.0	3120	0.04435669	B	GC07	Mono_CD14	4.9469595	-7.1216474
GC07B:TGCCCATCACAACGCC	GC07B	6982.0	2194	0.025637353	B	GC07	Mono_CD14	4.9431005	-7.754755
GC07B:TGCCCATTCTGGTTCC	GC07B	6113.0	1968	0.054637656	B	GC07	Mono_FCGR3A	6.690575	-3.7495346
GC07B:TGGCCAGAGATCTGAA	GC07B	6895.0	2361	0.054387238	B	GC07	Mono_FCGR3A	7.992588	-2.7502158
GC07B:TGGGAAGCATGAACCT	GC07B	5271.0	1809	0.05103396	B	GC07	Mono_CD14	4.247146	-5.9965396
GC07B:TGTCCCAAGTAAGTAC	GC07B	8478.0	2478	0.051663127	B	GC07	Mono_FCGR3A	7.7167954	-3.0693204
GC07B:TGTTCCGGTCAGAGGT	GC07B	10403.0	2639	0.036431797	B	GC07	Mono_CD14	5.5241594	-5.1125183
GC07B:TGTTCCGTCGGAGCAA	GC07B	8276.0	2508	0.0540116	B	GC07	Mono_FCGR3A	8.01789	-2.9362807
GC07B:TTAGTTCAGAGACTAT	GC07B	4401.0	1791	0.045671437	B	GC07	Mono_CD14	4.418251	-7.8072014
GC07B:TTCCCAGGTTAGAACA	GC07B	801.0	511	0.051186018	B	GC07	Mono_CD14	2.98309	-5.8812094
GC07B:TTCGGTCTCTGAAAGA	GC07B	8118.0	2579	0.047179107	B	GC07	Mono_CD14	4.867352	-7.3722544
GC07B:TTCTTAGCATTGCGGC	GC07B	898.0	493	0.043429844	B	GC07	Mono_CD14	2.7392957	-4.4002852
GC07B:TTGACTTGTCGAAAGC	GC07B	7926.0	2306	0.0336866	B	GC07	Mono_CD14	4.1434784	-6.2954683
GC07B:TTGTAGGCACAACGTT	GC07B	6850.0	2249	0.028029198	B	GC07	Mono_CD14	4.826678	-5.6520534
GC07B:TTTATGCGTAGAGCTG	GC07B	1592.0	747	0.055276383	B	GC07	Mono_CD14	3.2436097	-5.702735
GC08B:AAAGCAAGTCGCATCG	GC08B	6977.0	2173	0.044288374	B	GC08	Mono_FCGR3A	7.7298	-3.1106303
GC08B:AACTGGTTCGTACCGG	GC08B	6785.0	2266	0.045099486	B	GC08	Mono_CD14	4.1658907	-8.210169
GC08B:AAGGAGCCACAGTCGC	GC08B	3794.0	1413	0.052187666	B	GC08	Mono_CD14	3.2165005	-6.9868364
GC08B:AAGTCTGAGGTAGCTG	GC08B	2036.0	960	0.054518662	B	GC08	Mono_CD14	3.8557994	-6.482129
GC08B:ACGGCCAAGGAGTAGA	GC08B	9908.0	2987	0.02553492	B	GC08	Mono_FCGR3A	8.128161	-2.4305763
GC08B:ACGGGTCGTCGGCTCA	GC08B	5145.0	1651	0.06239067	B	GC08	Mono_FCGR3A	6.4498835	-3.651374
GC08B:ACTGCTCTCCGTACAA	GC08B	7356.0	2371	0.060087003	B	GC08	Mono_FCGR3A	7.6114717	-2.0968432
GC08B:ACTGTCCTCAACACTG	GC08B	9385.0	2972	0.06148109	B	GC08	Mono_CD14	4.662938	-7.646397
GC08B:ACTTACTTCGTTGCCT	GC08B	6050.0	1982	0.051074382	B	GC08	Mono_CD14	5.3216743	-7.9847684
GC08B:ACTTTCAAGTCACGCC	GC08B	5680.0	1997	0.04911972	B	GC08	Mono_CD14	4.8731723	-7.724628
GC08B:AGAGCGAAGGGTCGAT	GC08B	1851.0	841	0.04376013	B	GC08	Mono_CD14	3.455902	-6.5026126
GC08B:AGCGTATGTGTTGGGA	GC08B	6980.0	2264	0.047421202	B	GC08	Mono_FCGR3A	7.306782	-2.5095701
GC08B:AGCTCTCGTCTTGCGG	GC08B	4374.0	1817	0.045038868	B	GC08	Mono_FCGR3A	7.1249223	-2.1700659
GC08B:AGGGTGATCTTGTCAT	GC08B	6643.0	2360	0.07376186	B	GC08	Mono_FCGR3A	7.263812	-2.0776129
GC08B:AGTGTCAGTAAGAGAG	GC08B	9450.0	2743	0.046878308	B	GC08	Mono_FCGR3A	8.073454	-2.4634511
GC08B:ATCCACCTCAGCTCTC	GC08B	5977.0	2078	0.04199431	B	GC08	Mono_CD14	4.3670087	-8.144067
GC08B:ATCTGCCGTCGGCATC	GC08B	7964.0	2498	0.046710197	B	GC08	Mono_CD14	5.2802525	-7.5403547
GC08B:CAAGAAATCGGTGTCG	GC08B	2001.0	928	0.027986007	B	GC08	Mono_CD14	3.4565969	-6.605711
GC08B:CAAGGCCCAGTAAGCG	GC08B	6243.0	1969	0.040845748	B	GC08	Mono_FCGR3A	6.4339805	-3.649379
GC08B:CACAAACCAAACGCGA	GC08B	1394.0	560	0.035150647	B	GC08	cDC2_CD1C	2.4003294	-3.2055519
GC08B:CACTCCAGTACTCGCG	GC08B	1310.0	569	0.06793893	B	GC08	Mono_FCGR3A	3.4332285	-3.747847
GC08B:CACTCCATCACATGCA	GC08B	11448.0	3150	0.04638365	B	GC08	Mono_FCGR3A	7.931013	-2.175308
GC08B:CAGAATCAGGTGTGGT	GC08B	6322.0	2259	0.05805125	B	GC08	Mono_FCGR3A	7.2884417	-2.1121452
GC08B:CAGCATAGTACGCACC	GC08B	10144.0	2857	0.056683753	B	GC08	Mono_FCGR3A	8.161214	-2.3175223
GC08B:CAGCTAACATTCCTGC	GC08B	8902.0	2601	0.045046058	B	GC08	Mono_FCGR3A	7.31361	-2.6408057
GC08B:CAGCTAATCATTATCC	GC08B	4833.0	1828	0.053382993	B	GC08	Mono_CD14	4.748799	-8.016576
GC08B:CAGCTGGCAGCTCCGA	GC08B	5590.0	2169	0.036493737	B	GC08	Mono_CD14	4.9351997	-6.2196603
GC08B:CAGTAACTCTGTGCAA	GC08B	4197.0	1539	0.0578985	B	GC08	Mono_CD14	5.2334485	-7.6415706
GC08B:CATATTCAGCCTTGAT	GC08B	3347.0	1525	0.04272483	B	GC08	Mono_CD14	3.7902238	-7.9318466
GC08B:CATCGGGTCGGTCCGA	GC08B	3071.0	1195	0.05568219	B	GC08	Mono_CD14	4.8062434	-6.7248716
GC08B:CCACTACAGTCTCAAC	GC08B	9326.0	2941	0.0522196	B	GC08	Mono_FCGR3A	7.831153	-2.1603782
GC08B:CCTACACGTGGTGTAG	GC08B	671.0	388	0.025335321	B	GC08	Mono_CD14	2.976997	-5.8079815
GC08B:CCTATTACAGGCTGAA	GC08B	2009.0	955	0.04678945	B	GC08	Mono_CD14	3.6922262	-7.1873245
GC08B:CCTCAGTAGTTCCACA	GC08B	6723.0	2153	0.05101889	B	GC08	Mono_CD14	5.5257506	-7.6247053
GC08B:CCTTACGGTAAATACG	GC08B	3760.0	1524	0.05292553	B	GC08	Mono_CD14	3.9857106	-7.8090253
GC08B:CCTTCCCAGGGTGTTG	GC08B	8914.0	2775	0.05597936	B	GC08	Mono_FCGR3A	7.5200562	-2.202529
GC08B:CCTTCGATCATTGCGA	GC08B	9835.0	2826	0.0578546	B	GC08	Mono_FCGR3A	7.6939025	-2.1783645
GC08B:CCTTTCTTCTAAGCCA	GC08B	9419.0	3096	0.06359486	B	GC08	Mono_FCGR3A	7.661871	-1.9030656
GC08B:CGACTTCTCGCCTGTT	GC08B	3582.0	1432	0.037967615	B	GC08	Mono_CD14	4.0638595	-6.881759
GC08B:CGAGCCATCACCCTCA	GC08B	8668.0	2542	0.043147206	B	GC08	Mono_CD14	5.0353584	-5.6568418
GC08B:CGCGGTATCCACGCAG	GC08B	9840.0	2605	0.052743904	B	GC08	Mono_FCGR3A	7.977714	-2.9252584
GC08B:CGCTATCGTTCCAACA	GC08B	6160.0	2223	0.047727272	B	GC08	Mono_CD14	5.1071057	-6.638777
GC08B:CGGAGTCCAATCTACG	GC08B	11479.0	3131	0.042425297	B	GC08	Mono_FCGR3A	7.9492936	-2.5328257
GC08B:CGTCAGGAGTGTGAAT	GC08B	8079.0	2367	0.047530636	B	GC08	Mono_FCGR3A	7.7651367	-2.9341347
GC08B:CGTGTCTGTGTTTGTG	GC08B	3703.0	1547	0.048339184	B	GC08	Mono_FCGR3A	6.9649115	-2.4725392
GC08B:CTCGGAGCATCAGTAC	GC08B	7764.0	2493	0.059119012	B	GC08	Mono_FCGR3A	8.2048435	-2.3701556
GC08B:CTCTGGTTCCGAATGT	GC08B	3177.0	1373	0.03745672	B	GC08	Mono_CD14	3.6873817	-7.8558583
GC08B:CTGGTCTCATCGGGTC	GC08B	7214.0	2428	0.060853895	B	GC08	Mono_FCGR3A	7.3717213	-2.0286393
GC08B:CTGGTCTTCCACTCCA	GC08B	10682.0	3112	0.047931097	B	GC08	Mono_FCGR3A	7.925279	-2.092056
GC08B:CTTTGCGTCTCGTTTA	GC08B	8323.0	2505	0.04745885	B	GC08	Mono_FCGR3A	7.704125	-2.734275
GC08B:GAAACTCGTTCCATGA	GC08B	914.0	448	0.043763675	B	GC08	Mono_FCGR3A	2.8447776	-3.8209527
GC08B:GAAATGAAGTCATCCA	GC08B	10881.0	2730	0.031063322	B	GC08	Mono_CD14	5.6738095	-7.444548
GC08B:GAAATGACACGGACAA	GC08B	7511.0	2478	0.061642922	B	GC08	Mono_FCGR3A	7.4686975	-2.0564296
GC08B:GACGTTACAAAGGCGT	GC08B	4505.0	1617	0.05682575	B	GC08	Mono_CD14	4.0202684	-6.952277
GC08B:GACTACAAGACCTTTG	GC08B	10329.0	2883	0.054119468	B	GC08	Mono_CD14	5.5184326	-5.794179
GC08B:GATCGTATCTGCCAGG	GC08B	7357.0	2492	0.04866114	B	GC08	Mono_FCGR3A	8.014215	-2.1415856
GC08B:GATCTAGGTAAACCTC	GC08B	5735.0	2130	0.0418483	B	GC08	Mono_CD14	4.632866	-8.314472
GC08B:GATTCAGAGCCAGGAT	GC08B	8015.0	2545	0.053774174	B	GC08	Mono_CD14	5.188411	-6.0801597
GC08B:GCAAACTGTCCAGTTA	GC08B	10348.0	2990	0.04396985	B	GC08	Mono_FCGR3A	7.9666247	-2.3123157
GC08B:GCAGCCAGTCTCCCTA	GC08B	5178.0	1844	0.062379297	B	GC08	Mono_FCGR3A	6.9602532	-2.6297963
GC08B:GCATACATCAGCGACC	GC08B	10722.0	3037	0.037679538	B	GC08	Mono_FCGR3A	7.7492723	-2.3221245
GC08B:GCGCAGTCAGGACGTA	GC08B	7791.0	2410	0.053780004	B	GC08	Mono_FCGR3A	8.06203	-2.5976217
GC08B:GCTGCAGCATGAGCGA	GC08B	7999.0	2508	0.045255657	B	GC08	Mono_FCGR3A	7.515119	-2.800414
GC08B:GCTGCAGTCAGGTAAA	GC08B	7616.0	2542	0.076549366	B	GC08	Mono_FCGR3A	7.63884	-2.2505374
GC08B:GGAAAGCTCTTACCGC	GC08B	7358.0	2372	0.0606143	B	GC08	Mono_FCGR3A	7.6213837	-2.341653
GC08B:GGACATTCATGCAATC	GC08B	8251.0	2741	0.048842564	B	GC08	Mono_FCGR3A	7.5389614	-2.4152422
GC08B:GGAGCAATCCCACTTG	GC08B	4939.0	1973	0.08058311	B	GC08	Mono_FCGR3A	7.410738	-2.4586613
GC08B:GGATGTTTCTTATCTG	GC08B	7895.0	2823	0.06421786	B	GC08	Mono_CD14	4.4755177	-7.9984455
GC08B:GGATTACTCTGAGTGT	GC08B	5284.0	1796	0.03993187	B	GC08	Mono_CD14	5.809114	-7.6194396
GC08B:GGCTGGTAGACGCTTT	GC08B	4329.0	1792	0.04227304	B	GC08	Mono_CD14	3.9589784	-8.135498
GC08B:GGGAATGCAACACCTA	GC08B	3469.0	1507	0.03978092	B	GC08	Mono_CD14	3.5754318	-7.5884633
GC08B:GGGCATCAGTCGCCGT	GC08B	7440.0	2477	0.05873656	B	GC08	Mono_FCGR3A	8.208708	-2.439534
GC08B:GGTGAAGTCTGCCCTA	GC08B	8336.0	2393	0.051583495	B	GC08	Mono_FCGR3A	7.498588	-2.9429526
GC08B:GTAGGCCCAATGCCAT	GC08B	9763.0	2747	0.050906483	B	GC08	Mono_FCGR3A	8.134881	-2.634704
GC08B:GTAGTCATCATCTGCC	GC08B	8751.0	2714	0.043423608	B	GC08	Mono_FCGR3A	7.7077465	-2.2397487
GC08B:GTATCTTAGATGTCGG	GC08B	8715.0	2684	0.051979344	B	GC08	Mono_FCGR3A	7.3601594	-2.4357724
GC08B:GTCAAGTGTTCCCTTG	GC08B	6503.0	2358	0.04720898	B	GC08	Mono_FCGR3A	7.413506	-2.365886
GC08B:GTCGGGTTCAACACGT	GC08B	3432.0	1405	0.04283217	B	GC08	Mono_CD14	4.225553	-7.045598
GC08B:GTCTCGTAGATCCCAT	GC08B	5556.0	1782	0.04913607	B	GC08	Mono_FCGR3A	6.6010985	-3.8143468
GC08B:GTGCATATCCTTTCTC	GC08B	8899.0	2751	0.06270368	B	GC08	Mono_FCGR3A	7.6058455	-2.046971
GC08B:GTTAAGCAGCTACCTA	GC08B	8694.0	2682	0.042097997	B	GC08	Mono_FCGR3A	7.9474125	-2.3250368
GC08B:GTTAAGCTCAGGATCT	GC08B	10543.0	3060	0.049132127	B	GC08	Mono_FCGR3A	7.8091106	-2.0652149
GC08B:GTTTCTAGTGAAATCA	GC08B	8913.0	2661	0.059014924	B	GC08	Mono_CD14	4.918942	-8.11039
GC08B:TACGGTAGTAAGTAGT	GC08B	5912.0	1994	0.04583897	B	GC08	Mono_CD14	5.6549773	-4.8537283
GC08B:TATTACCAGCTCCTCT	GC08B	9775.0	2837	0.043171354	B	GC08	Mono_FCGR3A	8.036883	-2.0788474
GC08B:TCAACGATCACCAGGC	GC08B	7494.0	2394	0.050840672	B	GC08	Mono_CD14	5.5113225	-6.1937466
GC08B:TCACGAAGTCCTCCAT	GC08B	8018.0	2412	0.05238214	B	GC08	Mono_FCGR3A	7.5081234	-2.897735
GC08B:TCGCGAGAGCCACTAT	GC08B	4690.0	1869	0.038592752	B	GC08	Mono_CD14	3.8949592	-7.619029
GC08B:TCGCGAGTCGCAAGCC	GC08B	5007.0	1705	0.048132613	B	GC08	Mono_CD14	5.7551894	-5.877012
GC08B:TCGTACCCACGGTAGA	GC08B	6614.0	2176	0.045509525	B	GC08	Mono_FCGR3A	7.328192	-3.1990314
GC08B:TCTCTAAGTATCGCAT	GC08B	10229.0	2842	0.05171571	B	GC08	Mono_FCGR3A	8.140111	-2.4670777
GC08B:TCTTCGGAGGCCGAAT	GC08B	10146.0	2825	0.044746697	B	GC08	Mono_FCGR3A	8.150275	-2.3170326
GC08B:TGCCCTAAGTGCAAGC	GC08B	9740.0	2906	0.030698152	B	GC08	Mono_CD14	5.4259496	-6.792481
GC08B:TGCGCAGGTCTAACGT	GC08B	3602.0	1560	0.047473624	B	GC08	Mono_CD14	3.7893722	-7.571101
GC08B:TGCGTGGTCACAGTAC	GC08B	6845.0	2324	0.054784514	B	GC08	Mono_FCGR3A	7.2743964	-2.592623
GC08B:TGGGCGTCAGCCACCA	GC08B	7412.0	2238	0.055585537	B	GC08	Mono_FCGR3A	7.639591	-2.6037738
GC08B:TGTGTTTGTAAGGGCT	GC08B	8862.0	2677	0.047054842	B	GC08	Mono_FCGR3A	7.257914	-2.2717998
GC08B:TTCGAAGTCTCCAACC	GC08B	8785.0	2683	0.05270347	B	GC08	Mono_FCGR3A	7.950273	-2.1523302
GC08B:TTGAACGAGGCAAAGA	GC08B	9162.0	2791	0.06254093	B	GC08	Mono_FCGR3A	8.274426	-2.33903
