Warning messages:
1: package 'data.table' was built under R version 4.4.3 
2: package 'Matrix' was built under R version 4.4.3 
3: package 'Seurat' was built under R version 4.4.3 
4: package 'SeuratObject' was built under R version 4.4.3 
5: package 'sp' was built under R version 4.4.3 
6: package 'Rcpp' was built under R version 4.4.3 
7: package 'RANN' was built under R version 4.4.3 
Scaling features for provided objects
Computing within dataset neighborhoods
Finding all pairwise anchors
Projecting new data onto SVD
Projecting new data onto SVD
Finding neighborhoods
Finding anchors
	Found 1065 anchors
Projecting new data onto SVD
Projecting new data onto SVD
Finding neighborhoods
Finding anchors
	Found 1216 anchors
Projecting new data onto SVD
Projecting new data onto SVD
Finding neighborhoods
Finding anchors
	Found 1787 anchors
Projecting new data onto SVD
Projecting new data onto SVD
Finding neighborhoods
Finding anchors
	Found 1373 anchors
Projecting new data onto SVD
Projecting new data onto SVD
Finding neighborhoods
Finding anchors
	Found 2707 anchors
Projecting new data onto SVD
Projecting new data onto SVD
Finding neighborhoods
Finding anchors
	Found 2535 anchors
Projecting new data onto SVD
Projecting new data onto SVD
Finding neighborhoods
Finding anchors
	Found 1126 anchors
Projecting new data onto SVD
Projecting new data onto SVD
Finding neighborhoods
Finding anchors
	Found 1858 anchors
Projecting new data onto SVD
Projecting new data onto SVD
Finding neighborhoods
Finding anchors
	Found 2701 anchors
Projecting new data onto SVD
Projecting new data onto SVD
Finding neighborhoods
Finding anchors
	Found 2404 anchors
Projecting new data onto SVD
Projecting new data onto SVD
Finding neighborhoods
Finding anchors
	Found 1108 anchors
Projecting new data onto SVD
Projecting new data onto SVD
Finding neighborhoods
Finding anchors
	Found 1491 anchors
Projecting new data onto SVD
Projecting new data onto SVD
Finding neighborhoods
Finding anchors
	Found 2796 anchors
Projecting new data onto SVD
Projecting new data onto SVD
Finding neighborhoods
Finding anchors
	Found 2225 anchors
Projecting new data onto SVD
Projecting new data onto SVD
Finding neighborhoods
Finding anchors
	Found 3525 anchors
Projecting new data onto SVD
Projecting new data onto SVD
Finding neighborhoods
Finding anchors
	Found 1421 anchors
Projecting new data onto SVD
Projecting new data onto SVD
Finding neighborhoods
Finding anchors
	Found 3444 anchors
Projecting new data onto SVD
Projecting new data onto SVD
Finding neighborhoods
Finding anchors
	Found 2940 anchors
Projecting new data onto SVD
Projecting new data onto SVD
Finding neighborhoods
Finding anchors
	Found 5332 anchors
Projecting new data onto SVD
Projecting new data onto SVD
Finding neighborhoods
Finding anchors
	Found 3155 anchors
Projecting new data onto SVD
Projecting new data onto SVD
Finding neighborhoods
Finding anchors
	Found 2799 anchors
Projecting new data onto SVD
Projecting new data onto SVD
Finding neighborhoods
Finding anchors
	Found 973 anchors
Projecting new data onto SVD
Projecting new data onto SVD
Finding neighborhoods
Finding anchors
	Found 1640 anchors
Projecting new data onto SVD
Projecting new data onto SVD
Finding neighborhoods
Finding anchors
	Found 1570 anchors
Projecting new data onto SVD
Projecting new data onto SVD
Finding neighborhoods
Finding anchors
	Found 1902 anchors
Projecting new data onto SVD
Projecting new data onto SVD
Finding neighborhoods
Finding anchors
	Found 1923 anchors
Projecting new data onto SVD
Projecting new data onto SVD
Finding neighborhoods
Finding anchors
	Found 1687 anchors
Projecting new data onto SVD
Projecting new data onto SVD
Finding neighborhoods
Finding anchors
	Found 2304 anchors
Projecting new data onto SVD
Projecting new data onto SVD
Finding neighborhoods
Finding anchors
	Found 991 anchors
Projecting new data onto SVD
Projecting new data onto SVD
Finding neighborhoods
Finding anchors
	Found 2714 anchors
Projecting new data onto SVD
Projecting new data onto SVD
Finding neighborhoods
Finding anchors
	Found 1864 anchors
Projecting new data onto SVD
Projecting new data onto SVD
Finding neighborhoods
Finding anchors
	Found 2503 anchors
Projecting new data onto SVD
Projecting new data onto SVD
Finding neighborhoods
Finding anchors
	Found 1790 anchors
Projecting new data onto SVD
Projecting new data onto SVD
Finding neighborhoods
Finding anchors
	Found 1393 anchors
Projecting new data onto SVD
Projecting new data onto SVD
Finding neighborhoods
Finding anchors
	Found 2931 anchors
Projecting new data onto SVD
Projecting new data onto SVD
Finding neighborhoods
Finding anchors
	Found 2289 anchors
Projecting new data onto SVD
Projecting new data onto SVD
Finding neighborhoods
Finding anchors
	Found 896 anchors
Projecting new data onto SVD
Projecting new data onto SVD
Finding neighborhoods
Finding anchors
	Found 1492 anchors
Projecting new data onto SVD
Projecting new data onto SVD
Finding neighborhoods
Finding anchors
	Found 2856 anchors
Projecting new data onto SVD
Projecting new data onto SVD
Finding neighborhoods
Finding anchors
	Found 1830 anchors
Projecting new data onto SVD
Projecting new data onto SVD
Finding neighborhoods
Finding anchors
	Found 2224 anchors
Projecting new data onto SVD
Projecting new data onto SVD
Finding neighborhoods
Finding anchors
	Found 1840 anchors
Projecting new data onto SVD
Projecting new data onto SVD
Finding neighborhoods
Finding anchors
	Found 1980 anchors
Projecting new data onto SVD
Projecting new data onto SVD
Finding neighborhoods
Finding anchors
	Found 1416 anchors
Projecting new data onto SVD
Projecting new data onto SVD
Finding neighborhoods
Finding anchors
	Found 1581 anchors
Projecting new data onto SVD
Projecting new data onto SVD
Finding neighborhoods
Finding anchors
	Found 881 anchors
Projecting new data onto SVD
Projecting new data onto SVD
Finding neighborhoods
Finding anchors
	Found 2575 anchors
Projecting new data onto SVD
Projecting new data onto SVD
Finding neighborhoods
Finding anchors
	Found 1520 anchors
Projecting new data onto SVD
Projecting new data onto SVD
Finding neighborhoods
Finding anchors
	Found 2630 anchors
Projecting new data onto SVD
Projecting new data onto SVD
Finding neighborhoods
Finding anchors
	Found 1615 anchors
Projecting new data onto SVD
Projecting new data onto SVD
Finding neighborhoods
Finding anchors
	Found 1265 anchors
Projecting new data onto SVD
Projecting new data onto SVD
Finding neighborhoods
Finding anchors
	Found 2719 anchors
Projecting new data onto SVD
Projecting new data onto SVD
Finding neighborhoods
Finding anchors
	Found 1561 anchors
Projecting new data onto SVD
Projecting new data onto SVD
Finding neighborhoods
Finding anchors
	Found 2768 anchors
Projecting new data onto SVD
Projecting new data onto SVD
Finding neighborhoods
Finding anchors
	Found 1614 anchors
Projecting new data onto SVD
Projecting new data onto SVD
Finding neighborhoods
Finding anchors
	Found 1123 anchors
Projecting new data onto SVD
Projecting new data onto SVD
Finding neighborhoods
Finding anchors
	Found 1464 anchors
Projecting new data onto SVD
Projecting new data onto SVD
Finding neighborhoods
Finding anchors
	Found 2056 anchors
Projecting new data onto SVD
Projecting new data onto SVD
Finding neighborhoods
Finding anchors
	Found 2431 anchors
Projecting new data onto SVD
Projecting new data onto SVD
Finding neighborhoods
Finding anchors
	Found 1682 anchors
Projecting new data onto SVD
Projecting new data onto SVD
Finding neighborhoods
Finding anchors
	Found 2401 anchors
Projecting new data onto SVD
Projecting new data onto SVD
Finding neighborhoods
Finding anchors
	Found 2237 anchors
Projecting new data onto SVD
Projecting new data onto SVD
Finding neighborhoods
Finding anchors
	Found 1923 anchors
Projecting new data onto SVD
Projecting new data onto SVD
Finding neighborhoods
Finding anchors
	Found 1881 anchors
Projecting new data onto SVD
Projecting new data onto SVD
Finding neighborhoods
Finding anchors
	Found 1633 anchors
Projecting new data onto SVD
Projecting new data onto SVD
Finding neighborhoods
Finding anchors
	Found 1701 anchors
Projecting new data onto SVD
Projecting new data onto SVD
Finding neighborhoods
Finding anchors
	Found 993 anchors
Projecting new data onto SVD
Projecting new data onto SVD
Finding neighborhoods
Finding anchors
	Found 2311 anchors
Projecting new data onto SVD
Projecting new data onto SVD
Finding neighborhoods
Finding anchors
	Found 1561 anchors
Projecting new data onto SVD
Projecting new data onto SVD
Finding neighborhoods
Finding anchors
	Found 2483 anchors
Projecting new data onto SVD
Projecting new data onto SVD
Finding neighborhoods
Finding anchors
	Found 1659 anchors
Projecting new data onto SVD
Projecting new data onto SVD
Finding neighborhoods
Finding anchors
	Found 1387 anchors
Projecting new data onto SVD
Projecting new data onto SVD
Finding neighborhoods
Finding anchors
	Found 2707 anchors
Projecting new data onto SVD
Projecting new data onto SVD
Finding neighborhoods
Finding anchors
	Found 1915 anchors
Projecting new data onto SVD
Projecting new data onto SVD
Finding neighborhoods
Finding anchors
	Found 3007 anchors
Projecting new data onto SVD
Projecting new data onto SVD
Finding neighborhoods
Finding anchors
	Found 1223 anchors
Projecting new data onto SVD
Projecting new data onto SVD
Finding neighborhoods
Finding anchors
	Found 2478 anchors
Projecting new data onto SVD
Projecting new data onto SVD
Finding neighborhoods
Finding anchors
	Found 2077 anchors
Projecting new data onto SVD
Projecting new data onto SVD
Finding neighborhoods
Finding anchors
	Found 545 anchors
Projecting new data onto SVD
Projecting new data onto SVD
Finding neighborhoods
Finding anchors
	Found 601 anchors
Projecting new data onto SVD
Projecting new data onto SVD
Finding neighborhoods
Finding anchors
	Found 682 anchors
Projecting new data onto SVD
Projecting new data onto SVD
Finding neighborhoods
Finding anchors
	Found 852 anchors
Projecting new data onto SVD
Projecting new data onto SVD
Finding neighborhoods
Finding anchors
	Found 674 anchors
Projecting new data onto SVD
Projecting new data onto SVD
Finding neighborhoods
Finding anchors
	Found 849 anchors
Projecting new data onto SVD
Projecting new data onto SVD
Finding neighborhoods
Finding anchors
	Found 736 anchors
Projecting new data onto SVD
Projecting new data onto SVD
Finding neighborhoods
Finding anchors
	Found 667 anchors
Projecting new data onto SVD
Projecting new data onto SVD
Finding neighborhoods
Finding anchors
	Found 613 anchors
Projecting new data onto SVD
Projecting new data onto SVD
Finding neighborhoods
Finding anchors
	Found 692 anchors
Projecting new data onto SVD
Projecting new data onto SVD
Finding neighborhoods
Finding anchors
	Found 686 anchors
Projecting new data onto SVD
Projecting new data onto SVD
Finding neighborhoods
Finding anchors
	Found 1339 anchors
Projecting new data onto SVD
Projecting new data onto SVD
Finding neighborhoods
Finding anchors
	Found 643 anchors
Projecting new data onto SVD
Projecting new data onto SVD
Finding neighborhoods
Finding anchors
	Found 1057 anchors
Projecting new data onto SVD
Projecting new data onto SVD
Finding neighborhoods
Finding anchors
	Found 2005 anchors
Projecting new data onto SVD
Projecting new data onto SVD
Finding neighborhoods
Finding anchors
	Found 2914 anchors
Projecting new data onto SVD
Projecting new data onto SVD
Finding neighborhoods
Finding anchors
	Found 2329 anchors
Projecting new data onto SVD
Projecting new data onto SVD
Finding neighborhoods
Finding anchors
	Found 2524 anchors
Projecting new data onto SVD
Projecting new data onto SVD
Finding neighborhoods
Finding anchors
	Found 1863 anchors
Projecting new data onto SVD
Projecting new data onto SVD
Finding neighborhoods
Finding anchors
	Found 2712 anchors
Projecting new data onto SVD
Projecting new data onto SVD
Finding neighborhoods
Finding anchors
	Found 1711 anchors
Projecting new data onto SVD
Projecting new data onto SVD
Finding neighborhoods
Finding anchors
	Found 2229 anchors
Projecting new data onto SVD
Projecting new data onto SVD
Finding neighborhoods
Finding anchors
	Found 2159 anchors
Projecting new data onto SVD
Projecting new data onto SVD
Finding neighborhoods
Finding anchors
	Found 1560 anchors
Projecting new data onto SVD
Projecting new data onto SVD
Finding neighborhoods
Finding anchors
	Found 1481 anchors
Projecting new data onto SVD
Projecting new data onto SVD
Finding neighborhoods
Finding anchors
	Found 1509 anchors
Projecting new data onto SVD
Projecting new data onto SVD
Finding neighborhoods
Finding anchors
	Found 676 anchors
Projecting new data onto SVD
Projecting new data onto SVD
Finding neighborhoods
Finding anchors
	Found 684 anchors
Projecting new data onto SVD
Projecting new data onto SVD
Finding neighborhoods
Finding anchors
	Found 849 anchors
Projecting new data onto SVD
Projecting new data onto SVD
Finding neighborhoods
Finding anchors
	Found 1855 anchors
Projecting new data onto SVD
Projecting new data onto SVD
Finding neighborhoods
Finding anchors
	Found 1098 anchors
Projecting new data onto SVD
Projecting new data onto SVD
Finding neighborhoods
Finding anchors
	Found 1433 anchors
Projecting new data onto SVD
Projecting new data onto SVD
Finding neighborhoods
Finding anchors
	Found 1169 anchors
Projecting new data onto SVD
Projecting new data onto SVD
Finding neighborhoods
Finding anchors
	Found 1406 anchors
Projecting new data onto SVD
Projecting new data onto SVD
Finding neighborhoods
Finding anchors
	Found 906 anchors
Projecting new data onto SVD
Projecting new data onto SVD
Finding neighborhoods
Finding anchors
	Found 878 anchors
Projecting new data onto SVD
Projecting new data onto SVD
Finding neighborhoods
Finding anchors
	Found 1821 anchors
Projecting new data onto SVD
Projecting new data onto SVD
Finding neighborhoods
Finding anchors
	Found 786 anchors
Projecting new data onto SVD
Projecting new data onto SVD
Finding neighborhoods
Finding anchors
	Found 1208 anchors
Projecting new data onto SVD
Projecting new data onto SVD
Finding neighborhoods
Finding anchors
	Found 883 anchors
Projecting new data onto SVD
Projecting new data onto SVD
Finding neighborhoods
Finding anchors
	Found 522 anchors
Projecting new data onto SVD
Projecting new data onto SVD
Finding neighborhoods
Finding anchors
	Found 1652 anchors
Projecting new data onto SVD
Projecting new data onto SVD
Finding neighborhoods
Finding anchors
	Found 1269 anchors
Projecting new data onto SVD
Projecting new data onto SVD
Finding neighborhoods
Finding anchors
	Found 1862 anchors
Projecting new data onto SVD
Projecting new data onto SVD
Finding neighborhoods
Finding anchors
	Found 2445 anchors
Projecting new data onto SVD
Projecting new data onto SVD
Finding neighborhoods
Finding anchors
	Found 2297 anchors
Projecting new data onto SVD
Projecting new data onto SVD
Finding neighborhoods
Finding anchors
	Found 2460 anchors
Projecting new data onto SVD
Projecting new data onto SVD
Finding neighborhoods
Finding anchors
	Found 2321 anchors
Projecting new data onto SVD
Projecting new data onto SVD
Finding neighborhoods
Finding anchors
	Found 2644 anchors
Projecting new data onto SVD
Projecting new data onto SVD
Finding neighborhoods
Finding anchors
	Found 2093 anchors
Projecting new data onto SVD
Projecting new data onto SVD
Finding neighborhoods
Finding anchors
	Found 2007 anchors
Projecting new data onto SVD
Projecting new data onto SVD
Finding neighborhoods
Finding anchors
	Found 2145 anchors
Projecting new data onto SVD
Projecting new data onto SVD
Finding neighborhoods
Finding anchors
	Found 1783 anchors
Projecting new data onto SVD
Projecting new data onto SVD
Finding neighborhoods
Finding anchors
	Found 2642 anchors
Projecting new data onto SVD
Projecting new data onto SVD
Finding neighborhoods
Finding anchors
	Found 1832 anchors
Projecting new data onto SVD
Projecting new data onto SVD
Finding neighborhoods
Finding anchors
	Found 1072 anchors
Projecting new data onto SVD
Projecting new data onto SVD
Finding neighborhoods
Finding anchors
	Found 2521 anchors
Projecting new data onto SVD
Projecting new data onto SVD
Finding neighborhoods
Finding anchors
	Found 1292 anchors
Projecting new data onto SVD
Projecting new data onto SVD
Finding neighborhoods
Finding anchors
	Found 920 anchors
Projecting new data onto SVD
Projecting new data onto SVD
Finding neighborhoods
Finding anchors
	Found 1887 anchors
Projecting new data onto SVD
Projecting new data onto SVD
Finding neighborhoods
Finding anchors
	Found 2532 anchors
Projecting new data onto SVD
Projecting new data onto SVD
Finding neighborhoods
Finding anchors
	Found 2057 anchors
Projecting new data onto SVD
Projecting new data onto SVD
Finding neighborhoods
Finding anchors
	Found 2608 anchors
Projecting new data onto SVD
Projecting new data onto SVD
Finding neighborhoods
Finding anchors
	Found 1287 anchors
Projecting new data onto SVD
Projecting new data onto SVD
Finding neighborhoods
Finding anchors
	Found 2372 anchors
Projecting new data onto SVD
Projecting new data onto SVD
Finding neighborhoods
Finding anchors
	Found 1585 anchors
Projecting new data onto SVD
Projecting new data onto SVD
Finding neighborhoods
Finding anchors
	Found 2161 anchors
Projecting new data onto SVD
Projecting new data onto SVD
Finding neighborhoods
Finding anchors
	Found 2141 anchors
Projecting new data onto SVD
Projecting new data onto SVD
Finding neighborhoods
Finding anchors
	Found 1554 anchors
Projecting new data onto SVD
Projecting new data onto SVD
Finding neighborhoods
Finding anchors
	Found 1189 anchors
Projecting new data onto SVD
Projecting new data onto SVD
Finding neighborhoods
Finding anchors
	Found 1565 anchors
Projecting new data onto SVD
Projecting new data onto SVD
Finding neighborhoods
Finding anchors
	Found 570 anchors
Projecting new data onto SVD
Projecting new data onto SVD
Finding neighborhoods
Finding anchors
	Found 3457 anchors
Projecting new data onto SVD
Projecting new data onto SVD
Finding neighborhoods
Finding anchors
	Found 1289 anchors
Projecting new data onto SVD
Projecting new data onto SVD
Finding neighborhoods
Finding anchors
	Found 2422 anchors
Projecting new data onto SVD
Projecting new data onto SVD
Finding neighborhoods
Finding anchors
	Found 1498 anchors
Projecting new data onto SVD
Projecting new data onto SVD
Finding neighborhoods
Finding anchors
	Found 2293 anchors
Projecting new data onto SVD
Projecting new data onto SVD
Finding neighborhoods
Finding anchors
	Found 2995 anchors
Projecting new data onto SVD
Projecting new data onto SVD
Finding neighborhoods
Finding anchors
	Found 3120 anchors
Projecting new data onto SVD
Projecting new data onto SVD
Finding neighborhoods
Finding anchors
	Found 2782 anchors
Projecting new data onto SVD
Projecting new data onto SVD
Finding neighborhoods
Finding anchors
	Found 3526 anchors
Projecting new data onto SVD
Projecting new data onto SVD
Finding neighborhoods
Finding anchors
	Found 3581 anchors
Projecting new data onto SVD
Projecting new data onto SVD
Finding neighborhoods
Finding anchors
	Found 1902 anchors
Projecting new data onto SVD
Projecting new data onto SVD
Finding neighborhoods
Finding anchors
	Found 2259 anchors
Projecting new data onto SVD
Projecting new data onto SVD
Finding neighborhoods
Finding anchors
	Found 2258 anchors
Projecting new data onto SVD
Projecting new data onto SVD
Finding neighborhoods
Finding anchors
	Found 2133 anchors
Projecting new data onto SVD
Projecting new data onto SVD
Finding neighborhoods
Finding anchors
	Found 3536 anchors
Projecting new data onto SVD
Projecting new data onto SVD
Finding neighborhoods
Finding anchors
	Found 2105 anchors
Projecting new data onto SVD
Projecting new data onto SVD
Finding neighborhoods
Finding anchors
	Found 1124 anchors
Projecting new data onto SVD
Projecting new data onto SVD
Finding neighborhoods
Finding anchors
	Found 2322 anchors
Projecting new data onto SVD
Projecting new data onto SVD
Finding neighborhoods
Finding anchors
	Found 1329 anchors
Projecting new data onto SVD
Projecting new data onto SVD
Finding neighborhoods
Finding anchors
	Found 3440 anchors
Projecting new data onto SVD
Projecting new data onto SVD
Finding neighborhoods
Finding anchors
	Found 2014 anchors
Projecting new data onto SVD
Projecting new data onto SVD
Finding neighborhoods
Finding anchors
	Found 1275 anchors
Projecting new data onto SVD
Projecting new data onto SVD
Finding neighborhoods
Finding anchors
	Found 2970 anchors
Projecting new data onto SVD
Projecting new data onto SVD
Finding neighborhoods
Finding anchors
	Found 2409 anchors
Projecting new data onto SVD
Projecting new data onto SVD
Finding neighborhoods
Finding anchors
	Found 3767 anchors
Projecting new data onto SVD
Projecting new data onto SVD
Finding neighborhoods
Finding anchors
	Found 2173 anchors
Projecting new data onto SVD
Projecting new data onto SVD
Finding neighborhoods
Finding anchors
	Found 1869 anchors
Projecting new data onto SVD
Projecting new data onto SVD
Finding neighborhoods
Finding anchors
	Found 4777 anchors
Projecting new data onto SVD
Projecting new data onto SVD
Finding neighborhoods
Finding anchors
	Found 1812 anchors
Projecting new data onto SVD
Projecting new data onto SVD
Finding neighborhoods
Finding anchors
	Found 2407 anchors
Projecting new data onto SVD
Projecting new data onto SVD
Finding neighborhoods
Finding anchors
	Found 1766 anchors
Projecting new data onto SVD
Projecting new data onto SVD
Finding neighborhoods
Finding anchors
	Found 2316 anchors
Projecting new data onto SVD
Projecting new data onto SVD
Finding neighborhoods
Finding anchors
	Found 1912 anchors
Projecting new data onto SVD
Projecting new data onto SVD
Finding neighborhoods
Finding anchors
	Found 2318 anchors
Projecting new data onto SVD
Projecting new data onto SVD
Finding neighborhoods
Finding anchors
	Found 609 anchors
Projecting new data onto SVD
Projecting new data onto SVD
Finding neighborhoods
Finding anchors
	Found 2070 anchors
Projecting new data onto SVD
Projecting new data onto SVD
Finding neighborhoods
Finding anchors
	Found 1028 anchors
Projecting new data onto SVD
Projecting new data onto SVD
Finding neighborhoods
Finding anchors
	Found 2233 anchors
Projecting new data onto SVD
Projecting new data onto SVD
Finding neighborhoods
Finding anchors
	Found 2024 anchors
Projecting new data onto SVD
Projecting new data onto SVD
Finding neighborhoods
Finding anchors
	Found 3126 anchors
Projecting new data onto SVD
Projecting new data onto SVD
Finding neighborhoods
Finding anchors
	Found 1218 anchors
Projecting new data onto SVD
Projecting new data onto SVD
Finding neighborhoods
Finding anchors
	Found 1865 anchors
Projecting new data onto SVD
Projecting new data onto SVD
Finding neighborhoods
Finding anchors
	Found 4271 anchors
Projecting new data onto SVD
Projecting new data onto SVD
Finding neighborhoods
Finding anchors
	Found 2830 anchors
Projecting new data onto SVD
Projecting new data onto SVD
Finding neighborhoods
Finding anchors
	Found 3211 anchors
Projecting new data onto SVD
Projecting new data onto SVD
Finding neighborhoods
Finding anchors
	Found 2889 anchors
Projecting new data onto SVD
Projecting new data onto SVD
Finding neighborhoods
Finding anchors
	Found 3050 anchors
Projecting new data onto SVD
Projecting new data onto SVD
Finding neighborhoods
Finding anchors
	Found 1577 anchors
Projecting new data onto SVD
Projecting new data onto SVD
Finding neighborhoods
Finding anchors
	Found 1931 anchors
Projecting new data onto SVD
Projecting new data onto SVD
Finding neighborhoods
Finding anchors
	Found 3086 anchors
Projecting new data onto SVD
Projecting new data onto SVD
Finding neighborhoods
Finding anchors
	Found 1767 anchors
Projecting new data onto SVD
Projecting new data onto SVD
Finding neighborhoods
Finding anchors
	Found 2119 anchors
Projecting new data onto SVD
Projecting new data onto SVD
Finding neighborhoods
Finding anchors
	Found 1615 anchors
Projecting new data onto SVD
Projecting new data onto SVD
Finding neighborhoods
Finding anchors
	Found 671 anchors
Projecting new data onto SVD
Projecting new data onto SVD
Finding neighborhoods
Finding anchors
	Found 2725 anchors
Projecting new data onto SVD
Projecting new data onto SVD
Finding neighborhoods
Finding anchors
	Found 1918 anchors
Projecting new data onto SVD
Projecting new data onto SVD
Finding neighborhoods
Finding anchors
	Found 2420 anchors
Projecting new data onto SVD
Projecting new data onto SVD
Finding neighborhoods
Finding anchors
	Found 2575 anchors
Projecting new data onto SVD
Projecting new data onto SVD
Finding neighborhoods
Finding anchors
	Found 3485 anchors
Projecting new data onto SVD
Projecting new data onto SVD
Finding neighborhoods
Finding anchors
	Found 2725 anchors
Projecting new data onto SVD
Projecting new data onto SVD
Finding neighborhoods
Finding anchors
	Found 692 anchors
Projecting new data onto SVD
Projecting new data onto SVD
Finding neighborhoods
Finding anchors
	Found 889 anchors
Projecting new data onto SVD
Projecting new data onto SVD
Finding neighborhoods
Finding anchors
	Found 2148 anchors
Projecting new data onto SVD
Projecting new data onto SVD
Finding neighborhoods
Finding anchors
	Found 1212 anchors
Projecting new data onto SVD
Projecting new data onto SVD
Finding neighborhoods
Finding anchors
	Found 1514 anchors
Projecting new data onto SVD
Projecting new data onto SVD
Finding neighborhoods
Finding anchors
	Found 1276 anchors
Projecting new data onto SVD
Projecting new data onto SVD
Finding neighborhoods
Finding anchors
	Found 1234 anchors
Projecting new data onto SVD
Projecting new data onto SVD
Finding neighborhoods
Finding anchors
	Found 709 anchors
Projecting new data onto SVD
Projecting new data onto SVD
Finding neighborhoods
Finding anchors
	Found 972 anchors
Projecting new data onto SVD
Projecting new data onto SVD
Finding neighborhoods
Finding anchors
	Found 1859 anchors
Projecting new data onto SVD
Projecting new data onto SVD
Finding neighborhoods
Finding anchors
	Found 829 anchors
Projecting new data onto SVD
Projecting new data onto SVD
Finding neighborhoods
Finding anchors
	Found 1162 anchors
Projecting new data onto SVD
Projecting new data onto SVD
Finding neighborhoods
Finding anchors
	Found 899 anchors
Projecting new data onto SVD
Projecting new data onto SVD
Finding neighborhoods
Finding anchors
	Found 595 anchors
Projecting new data onto SVD
Projecting new data onto SVD
Finding neighborhoods
Finding anchors
	Found 1827 anchors
Projecting new data onto SVD
Projecting new data onto SVD
Finding neighborhoods
Finding anchors
	Found 2097 anchors
Projecting new data onto SVD
Projecting new data onto SVD
Finding neighborhoods
Finding anchors
	Found 1554 anchors
Projecting new data onto SVD
Projecting new data onto SVD
Finding neighborhoods
Finding anchors
	Found 1538 anchors
Projecting new data onto SVD
Projecting new data onto SVD
Finding neighborhoods
Finding anchors
	Found 1556 anchors
Projecting new data onto SVD
Projecting new data onto SVD
Finding neighborhoods
Finding anchors
	Found 1153 anchors
Projecting new data onto SVD
Projecting new data onto SVD
Finding neighborhoods
Finding anchors
	Found 2187 anchors
Projecting new data onto SVD
Projecting new data onto SVD
Finding neighborhoods
Finding anchors
	Found 1377 anchors
Projecting new data onto SVD
Projecting new data onto SVD
Finding neighborhoods
Finding anchors
	Found 1932 anchors
Projecting new data onto SVD
Projecting new data onto SVD
Finding neighborhoods
Finding anchors
	Found 2599 anchors
Projecting new data onto SVD
Projecting new data onto SVD
Finding neighborhoods
Finding anchors
	Found 2526 anchors
Projecting new data onto SVD
Projecting new data onto SVD
Finding neighborhoods
Finding anchors
	Found 2666 anchors
Projecting new data onto SVD
Projecting new data onto SVD
Finding neighborhoods
Finding anchors
	Found 2955 anchors
Projecting new data onto SVD
Projecting new data onto SVD
Finding neighborhoods
Finding anchors
	Found 2684 anchors
Projecting new data onto SVD
Projecting new data onto SVD
Finding neighborhoods
Finding anchors
	Found 1902 anchors
Projecting new data onto SVD
Projecting new data onto SVD
Finding neighborhoods
Finding anchors
	Found 2001 anchors
Projecting new data onto SVD
Projecting new data onto SVD
Finding neighborhoods
Finding anchors
	Found 2155 anchors
Projecting new data onto SVD
Projecting new data onto SVD
Finding neighborhoods
Finding anchors
	Found 1684 anchors
Projecting new data onto SVD
Projecting new data onto SVD
Finding neighborhoods
Finding anchors
	Found 2870 anchors
Projecting new data onto SVD
Projecting new data onto SVD
Finding neighborhoods
Finding anchors
	Found 1697 anchors
Projecting new data onto SVD
Projecting new data onto SVD
Finding neighborhoods
Finding anchors
	Found 1067 anchors
Projecting new data onto SVD
Projecting new data onto SVD
Finding neighborhoods
Finding anchors
	Found 2212 anchors
Projecting new data onto SVD
Projecting new data onto SVD
Finding neighborhoods
Finding anchors
	Found 1470 anchors
Projecting new data onto SVD
Projecting new data onto SVD
Finding neighborhoods
Finding anchors
	Found 3133 anchors
Projecting new data onto SVD
Projecting new data onto SVD
Finding neighborhoods
Finding anchors
	Found 2057 anchors
Projecting new data onto SVD
Projecting new data onto SVD
Finding neighborhoods
Finding anchors
	Found 3843 anchors
Projecting new data onto SVD
Projecting new data onto SVD
Finding neighborhoods
Finding anchors
	Found 2301 anchors
Projecting new data onto SVD
Projecting new data onto SVD
Finding neighborhoods
Finding anchors
	Found 3098 anchors
Projecting new data onto SVD
Projecting new data onto SVD
Finding neighborhoods
Finding anchors
	Found 1520 anchors
Projecting new data onto SVD
Projecting new data onto SVD
Finding neighborhoods
Finding anchors
	Found 1051 anchors
Projecting new data onto SVD
Projecting new data onto SVD
Finding neighborhoods
Finding anchors
	Found 3102 anchors
Projecting new data onto SVD
Projecting new data onto SVD
Finding neighborhoods
Finding anchors
	Found 2159 anchors
Projecting new data onto SVD
Projecting new data onto SVD
Finding neighborhoods
Finding anchors
	Found 3027 anchors
Projecting new data onto SVD
Projecting new data onto SVD
Finding neighborhoods
Finding anchors
	Found 2203 anchors
Projecting new data onto SVD
Projecting new data onto SVD
Finding neighborhoods
Finding anchors
	Found 1368 anchors
Projecting new data onto SVD
Projecting new data onto SVD
Finding neighborhoods
Finding anchors
	Found 3826 anchors
Projecting new data onto SVD
Projecting new data onto SVD
Finding neighborhoods
Finding anchors
	Found 1801 anchors
Projecting new data onto SVD
Projecting new data onto SVD
Finding neighborhoods
Finding anchors
	Found 3387 anchors
Projecting new data onto SVD
Projecting new data onto SVD
Finding neighborhoods
Finding anchors
	Found 1722 anchors
Projecting new data onto SVD
Projecting new data onto SVD
Finding neighborhoods
Finding anchors
	Found 2796 anchors
Projecting new data onto SVD
Projecting new data onto SVD
Finding neighborhoods
Finding anchors
	Found 1386 anchors
Projecting new data onto SVD
Projecting new data onto SVD
Finding neighborhoods
Finding anchors
	Found 2496 anchors
Projecting new data onto SVD
Projecting new data onto SVD
Finding neighborhoods
Finding anchors
	Found 543 anchors
Projecting new data onto SVD
Projecting new data onto SVD
Finding neighborhoods
Finding anchors
	Found 2980 anchors
Projecting new data onto SVD
Projecting new data onto SVD
Finding neighborhoods
Finding anchors
	Found 1149 anchors
Projecting new data onto SVD
Projecting new data onto SVD
Finding neighborhoods
Finding anchors
	Found 2059 anchors
Projecting new data onto SVD
Projecting new data onto SVD
Finding neighborhoods
Finding anchors
	Found 2742 anchors
Projecting new data onto SVD
Projecting new data onto SVD
Finding neighborhoods
Finding anchors
	Found 2250 anchors
Projecting new data onto SVD
Projecting new data onto SVD
Finding neighborhoods
Finding anchors
	Found 2975 anchors
Projecting new data onto SVD
Projecting new data onto SVD
Finding neighborhoods
Finding anchors
	Found 2423 anchors
Projecting new data onto SVD
Projecting new data onto SVD
Finding neighborhoods
Finding anchors
	Found 1259 anchors
Projecting new data onto SVD
Projecting new data onto SVD
Finding neighborhoods
Finding anchors
	Found 2071 anchors
Projecting new data onto SVD
Projecting new data onto SVD
Finding neighborhoods
Finding anchors
	Found 1076 anchors
Projecting new data onto SVD
Projecting new data onto SVD
Finding neighborhoods
Finding anchors
	Found 1634 anchors
Projecting new data onto SVD
Projecting new data onto SVD
Finding neighborhoods
Finding anchors
	Found 2667 anchors
Projecting new data onto SVD
Projecting new data onto SVD
Finding neighborhoods
Finding anchors
	Found 1875 anchors
Projecting new data onto SVD
Projecting new data onto SVD
Finding neighborhoods
Finding anchors
	Found 2180 anchors
Projecting new data onto SVD
Projecting new data onto SVD
Finding neighborhoods
Finding anchors
	Found 1940 anchors
Projecting new data onto SVD
Projecting new data onto SVD
Finding neighborhoods
Finding anchors
	Found 2115 anchors
Projecting new data onto SVD
Projecting new data onto SVD
Finding neighborhoods
Finding anchors
	Found 1641 anchors
Projecting new data onto SVD
Projecting new data onto SVD
Finding neighborhoods
Finding anchors
	Found 2087 anchors
Projecting new data onto SVD
Projecting new data onto SVD
Finding neighborhoods
Finding anchors
	Found 2900 anchors
Projecting new data onto SVD
Projecting new data onto SVD
Finding neighborhoods
Finding anchors
	Found 1692 anchors
Projecting new data onto SVD
Projecting new data onto SVD
Finding neighborhoods
Finding anchors
	Found 1841 anchors
Projecting new data onto SVD
Projecting new data onto SVD
Finding neighborhoods
Finding anchors
	Found 1536 anchors
Projecting new data onto SVD
Projecting new data onto SVD
Finding neighborhoods
Finding anchors
	Found 780 anchors
Projecting new data onto SVD
Projecting new data onto SVD
Finding neighborhoods
Finding anchors
	Found 2547 anchors
Projecting new data onto SVD
Projecting new data onto SVD
Finding neighborhoods
Finding anchors
	Found 1513 anchors
Projecting new data onto SVD
Projecting new data onto SVD
Finding neighborhoods
Finding anchors
	Found 2387 anchors
Projecting new data onto SVD
Projecting new data onto SVD
Finding neighborhoods
Finding anchors
	Found 3045 anchors
Projecting new data onto SVD
Projecting new data onto SVD
Finding neighborhoods
Finding anchors
	Found 2763 anchors
Projecting new data onto SVD
Projecting new data onto SVD
Finding neighborhoods
Finding anchors
	Found 1980 anchors
Projecting new data onto SVD
Projecting new data onto SVD
Finding neighborhoods
Finding anchors
	Found 3161 anchors
Projecting new data onto SVD
Projecting new data onto SVD
Finding neighborhoods
Finding anchors
	Found 1655 anchors
Projecting new data onto SVD
Projecting new data onto SVD
Finding neighborhoods
Finding anchors
	Found 2510 anchors
Projecting new data onto SVD
Projecting new data onto SVD
Finding neighborhoods
Finding anchors
	Found 1938 anchors
Projecting new data onto SVD
Projecting new data onto SVD
Finding neighborhoods
Finding anchors
	Found 1062 anchors
Projecting new data onto SVD
Projecting new data onto SVD
Finding neighborhoods
Finding anchors
	Found 1857 anchors
Projecting new data onto SVD
Projecting new data onto SVD
Finding neighborhoods
Finding anchors
	Found 1833 anchors
Projecting new data onto SVD
Projecting new data onto SVD
Finding neighborhoods
Finding anchors
	Found 2223 anchors
Projecting new data onto SVD
Projecting new data onto SVD
Finding neighborhoods
Finding anchors
	Found 2007 anchors
Projecting new data onto SVD
Projecting new data onto SVD
Finding neighborhoods
Finding anchors
	Found 1614 anchors
Projecting new data onto SVD
Projecting new data onto SVD
Finding neighborhoods
Finding anchors
	Found 2321 anchors
Projecting new data onto SVD
Projecting new data onto SVD
Finding neighborhoods
Finding anchors
	Found 1903 anchors
Projecting new data onto SVD
Projecting new data onto SVD
Finding neighborhoods
Finding anchors
	Found 2315 anchors
Projecting new data onto SVD
Projecting new data onto SVD
Finding neighborhoods
Finding anchors
	Found 1580 anchors
Projecting new data onto SVD
Projecting new data onto SVD
Finding neighborhoods
Finding anchors
	Found 1780 anchors
Projecting new data onto SVD
Projecting new data onto SVD
Finding neighborhoods
Finding anchors
	Found 2222 anchors
Projecting new data onto SVD
Projecting new data onto SVD
Finding neighborhoods
Finding anchors
	Found 1960 anchors
Projecting new data onto SVD
Projecting new data onto SVD
Finding neighborhoods
Finding anchors
	Found 741 anchors
Projecting new data onto SVD
Projecting new data onto SVD
Finding neighborhoods
Finding anchors
	Found 2341 anchors
Projecting new data onto SVD
Projecting new data onto SVD
Finding neighborhoods
Finding anchors
	Found 998 anchors
Projecting new data onto SVD
Projecting new data onto SVD
Finding neighborhoods
Finding anchors
	Found 2296 anchors
Projecting new data onto SVD
Projecting new data onto SVD
Finding neighborhoods
Finding anchors
	Found 2009 anchors
Projecting new data onto SVD
Projecting new data onto SVD
Finding neighborhoods
Finding anchors
	Found 2446 anchors
Projecting new data onto SVD
Projecting new data onto SVD
Finding neighborhoods
Finding anchors
	Found 1941 anchors
Projecting new data onto SVD
Projecting new data onto SVD
Finding neighborhoods
Finding anchors
	Found 2017 anchors
Projecting new data onto SVD
Projecting new data onto SVD
Finding neighborhoods
Finding anchors
	Found 1054 anchors
Projecting new data onto SVD
Projecting new data onto SVD
Finding neighborhoods
Finding anchors
	Found 2482 anchors
Projecting new data onto SVD
Projecting new data onto SVD
Finding neighborhoods
Finding anchors
	Found 2335 anchors
Projecting new data onto SVD
Projecting new data onto SVD
Finding neighborhoods
Finding anchors
	Found 1838 anchors
Projecting new data onto SVD
Projecting new data onto SVD
Finding neighborhoods
Finding anchors
	Found 977 anchors
Projecting new data onto SVD
Projecting new data onto SVD
Finding neighborhoods
Finding anchors
	Found 2353 anchors
Projecting new data onto SVD
Projecting new data onto SVD
Finding neighborhoods
Finding anchors
	Found 2062 anchors
Projecting new data onto SVD
Projecting new data onto SVD
Finding neighborhoods
Finding anchors
	Found 2598 anchors
Projecting new data onto SVD
Projecting new data onto SVD
Finding neighborhoods
Finding anchors
	Found 1987 anchors
Projecting new data onto SVD
Projecting new data onto SVD
Finding neighborhoods
Finding anchors
	Found 1159 anchors
Projecting new data onto SVD
Projecting new data onto SVD
Finding neighborhoods
Finding anchors
	Found 2646 anchors
Projecting new data onto SVD
Projecting new data onto SVD
Finding neighborhoods
Finding anchors
	Found 1666 anchors
Projecting new data onto SVD
Projecting new data onto SVD
Finding neighborhoods
Finding anchors
	Found 3045 anchors
Projecting new data onto SVD
Projecting new data onto SVD
Finding neighborhoods
Finding anchors
	Found 1647 anchors
Projecting new data onto SVD
Projecting new data onto SVD
Finding neighborhoods
Finding anchors
	Found 2371 anchors
Projecting new data onto SVD
Projecting new data onto SVD
Finding neighborhoods
Finding anchors
	Found 1466 anchors
Projecting new data onto SVD
Projecting new data onto SVD
Finding neighborhoods
Finding anchors
	Found 2784 anchors
Projecting new data onto SVD
Projecting new data onto SVD
Finding neighborhoods
Finding anchors
	Found 616 anchors
Projecting new data onto SVD
Projecting new data onto SVD
Finding neighborhoods
Finding anchors
	Found 2399 anchors
Projecting new data onto SVD
Projecting new data onto SVD
Finding neighborhoods
Finding anchors
	Found 1044 anchors
Projecting new data onto SVD
Projecting new data onto SVD
Finding neighborhoods
Finding anchors
	Found 1957 anchors
Projecting new data onto SVD
Projecting new data onto SVD
Finding neighborhoods
Finding anchors
	Found 2269 anchors
Projecting new data onto SVD
Projecting new data onto SVD
Finding neighborhoods
Finding anchors
	Found 2101 anchors
Projecting new data onto SVD
Projecting new data onto SVD
Finding neighborhoods
Finding anchors
	Found 2387 anchors
Projecting new data onto SVD
Projecting new data onto SVD
Finding neighborhoods
Finding anchors
	Found 2076 anchors
Projecting new data onto SVD
Projecting new data onto SVD
Finding neighborhoods
Finding anchors
	Found 1375 anchors
Projecting new data onto SVD
Projecting new data onto SVD
Finding neighborhoods
Finding anchors
	Found 1750 anchors
Projecting new data onto SVD
Projecting new data onto SVD
Finding neighborhoods
Finding anchors
	Found 3395 anchors
Projecting new data onto SVD
Projecting new data onto SVD
Finding neighborhoods
Finding anchors
	Found 1874 anchors
Projecting new data onto SVD
Projecting new data onto SVD
Finding neighborhoods
Finding anchors
	Found 2244 anchors
Projecting new data onto SVD
Projecting new data onto SVD
Finding neighborhoods
Finding anchors
	Found 1144 anchors
Projecting new data onto SVD
Projecting new data onto SVD
Finding neighborhoods
Finding anchors
	Found 1836 anchors
Projecting new data onto SVD
Projecting new data onto SVD
Finding neighborhoods
Finding anchors
	Found 3151 anchors
Projecting new data onto SVD
Projecting new data onto SVD
Finding neighborhoods
Finding anchors
	Found 2341 anchors
Projecting new data onto SVD
Projecting new data onto SVD
Finding neighborhoods
Finding anchors
	Found 2288 anchors
Projecting new data onto SVD
Projecting new data onto SVD
Finding neighborhoods
Finding anchors
	Found 2006 anchors
Projecting new data onto SVD
Projecting new data onto SVD
Finding neighborhoods
Finding anchors
	Found 2282 anchors
Projecting new data onto SVD
Projecting new data onto SVD
Finding neighborhoods
Finding anchors
	Found 1407 anchors
Projecting new data onto SVD
Projecting new data onto SVD
Finding neighborhoods
Finding anchors
	Found 1981 anchors
Projecting new data onto SVD
Projecting new data onto SVD
Finding neighborhoods
Finding anchors
	Found 2645 anchors
Projecting new data onto SVD
Projecting new data onto SVD
Finding neighborhoods
Finding anchors
	Found 1636 anchors
Projecting new data onto SVD
Projecting new data onto SVD
Finding neighborhoods
Finding anchors
	Found 1792 anchors
Projecting new data onto SVD
Projecting new data onto SVD
Finding neighborhoods
Finding anchors
	Found 1631 anchors
Projecting new data onto SVD
Projecting new data onto SVD
Finding neighborhoods
Finding anchors
	Found 744 anchors
Projecting new data onto SVD
Projecting new data onto SVD
Finding neighborhoods
Finding anchors
	Found 2841 anchors
Projecting new data onto SVD
Projecting new data onto SVD
Finding neighborhoods
Finding anchors
	Found 1398 anchors
Projecting new data onto SVD
Projecting new data onto SVD
Finding neighborhoods
Finding anchors
	Found 2319 anchors
Projecting new data onto SVD
Projecting new data onto SVD
Finding neighborhoods
Finding anchors
	Found 2454 anchors
Projecting new data onto SVD
Projecting new data onto SVD
Finding neighborhoods
Finding anchors
	Found 2976 anchors
Projecting new data onto SVD
Projecting new data onto SVD
Finding neighborhoods
Finding anchors
	Found 2284 anchors
Projecting new data onto SVD
Projecting new data onto SVD
Finding neighborhoods
Finding anchors
	Found 3766 anchors
Projecting new data onto SVD
Projecting new data onto SVD
Finding neighborhoods
Finding anchors
	Found 1678 anchors
Projecting new data onto SVD
Projecting new data onto SVD
Finding neighborhoods
Finding anchors
	Found 2676 anchors
Projecting new data onto SVD
Projecting new data onto SVD
Finding neighborhoods
Finding anchors
	Found 2175 anchors
Projecting new data onto SVD
Projecting new data onto SVD
Finding neighborhoods
Finding anchors
	Found 3280 anchors
Projecting new data onto SVD
Projecting new data onto SVD
Finding neighborhoods
Finding anchors
	Found 2044 anchors
Projecting new data onto SVD
Projecting new data onto SVD
Finding neighborhoods
Finding anchors
	Found 2047 anchors
Projecting new data onto SVD
Projecting new data onto SVD
Finding neighborhoods
Finding anchors
	Found 1446 anchors
Projecting new data onto SVD
Projecting new data onto SVD
Finding neighborhoods
Finding anchors
	Found 1943 anchors
Projecting new data onto SVD
Projecting new data onto SVD
Finding neighborhoods
Finding anchors
	Found 2403 anchors
Projecting new data onto SVD
Projecting new data onto SVD
Finding neighborhoods
Finding anchors
	Found 2953 anchors
Projecting new data onto SVD
Projecting new data onto SVD
Finding neighborhoods
Finding anchors
	Found 2490 anchors
Projecting new data onto SVD
Projecting new data onto SVD
Finding neighborhoods
Finding anchors
	Found 2249 anchors
Projecting new data onto SVD
Projecting new data onto SVD
Finding neighborhoods
Finding anchors
	Found 3093 anchors
Projecting new data onto SVD
Projecting new data onto SVD
Finding neighborhoods
Finding anchors
	Found 1920 anchors
Projecting new data onto SVD
Projecting new data onto SVD
Finding neighborhoods
Finding anchors
	Found 2045 anchors
Projecting new data onto SVD
Projecting new data onto SVD
Finding neighborhoods
Finding anchors
	Found 1766 anchors
Projecting new data onto SVD
Projecting new data onto SVD
Finding neighborhoods
Finding anchors
	Found 1548 anchors
Projecting new data onto SVD
Projecting new data onto SVD
Finding neighborhoods
Finding anchors
	Found 2755 anchors
Projecting new data onto SVD
Projecting new data onto SVD
Finding neighborhoods
Finding anchors
	Found 1743 anchors
Projecting new data onto SVD
Projecting new data onto SVD
Finding neighborhoods
Finding anchors
	Found 905 anchors
Projecting new data onto SVD
Projecting new data onto SVD
Finding neighborhoods
Finding anchors
	Found 2325 anchors
Projecting new data onto SVD
Projecting new data onto SVD
Finding neighborhoods
Finding anchors
	Found 1276 anchors
Projecting new data onto SVD
Projecting new data onto SVD
Finding neighborhoods
Finding anchors
	Found 2669 anchors
Projecting new data onto SVD
Projecting new data onto SVD
Finding neighborhoods
Finding anchors
	Found 2022 anchors
Projecting new data onto SVD
Projecting new data onto SVD
Finding neighborhoods
Finding anchors
	Found 3238 anchors
Projecting new data onto SVD
Projecting new data onto SVD
Finding neighborhoods
Finding anchors
	Found 2340 anchors
Projecting new data onto SVD
Projecting new data onto SVD
Finding neighborhoods
Finding anchors
	Found 2555 anchors
Projecting new data onto SVD
Projecting new data onto SVD
Finding neighborhoods
Finding anchors
	Found 1499 anchors
Projecting new data onto SVD
Projecting new data onto SVD
Finding neighborhoods
Finding anchors
	Found 3400 anchors
Projecting new data onto SVD
Projecting new data onto SVD
Finding neighborhoods
Finding anchors
	Found 2289 anchors
Projecting new data onto SVD
Projecting new data onto SVD
Finding neighborhoods
Finding anchors
	Found 2044 anchors
Projecting new data onto SVD
Projecting new data onto SVD
Finding neighborhoods
Finding anchors
	Found 2812 anchors
Projecting new data onto SVD
Projecting new data onto SVD
Finding neighborhoods
Finding anchors
	Found 1990 anchors
Projecting new data onto SVD
Projecting new data onto SVD
Finding neighborhoods
Finding anchors
	Found 2241 anchors
Projecting new data onto SVD
Projecting new data onto SVD
Finding neighborhoods
Finding anchors
	Found 1104 anchors
Projecting new data onto SVD
Projecting new data onto SVD
Finding neighborhoods
Finding anchors
	Found 2818 anchors
Projecting new data onto SVD
Projecting new data onto SVD
Finding neighborhoods
Finding anchors
	Found 2023 anchors
Projecting new data onto SVD
Projecting new data onto SVD
Finding neighborhoods
Finding anchors
	Found 2969 anchors
Projecting new data onto SVD
Projecting new data onto SVD
Finding neighborhoods
Finding anchors
	Found 2030 anchors
Projecting new data onto SVD
Projecting new data onto SVD
Finding neighborhoods
Finding anchors
	Found 1268 anchors
Projecting new data onto SVD
Projecting new data onto SVD
Finding neighborhoods
Finding anchors
	Found 3341 anchors
Projecting new data onto SVD
Projecting new data onto SVD
Finding neighborhoods
Finding anchors
	Found 1585 anchors
Projecting new data onto SVD
Projecting new data onto SVD
Finding neighborhoods
Finding anchors
	Found 2991 anchors
Projecting new data onto SVD
Projecting new data onto SVD
Finding neighborhoods
Finding anchors
	Found 1472 anchors
Projecting new data onto SVD
Projecting new data onto SVD
Finding neighborhoods
Finding anchors
	Found 2585 anchors
Projecting new data onto SVD
Projecting new data onto SVD
Finding neighborhoods
Finding anchors
	Found 1428 anchors
Projecting new data onto SVD
Projecting new data onto SVD
Finding neighborhoods
Finding anchors
	Found 2499 anchors
Projecting new data onto SVD
Projecting new data onto SVD
Finding neighborhoods
Finding anchors
	Found 527 anchors
Projecting new data onto SVD
Projecting new data onto SVD
Finding neighborhoods
Finding anchors
	Found 2252 anchors
Projecting new data onto SVD
Projecting new data onto SVD
Finding neighborhoods
Finding anchors
	Found 996 anchors
Projecting new data onto SVD
Projecting new data onto SVD
Finding neighborhoods
Finding anchors
	Found 1830 anchors
Projecting new data onto SVD
Projecting new data onto SVD
Finding neighborhoods
Finding anchors
	Found 2254 anchors
Projecting new data onto SVD
Projecting new data onto SVD
Finding neighborhoods
Finding anchors
	Found 2300 anchors
Projecting new data onto SVD
Projecting new data onto SVD
Finding neighborhoods
Finding anchors
	Found 2722 anchors
Projecting new data onto SVD
Projecting new data onto SVD
Finding neighborhoods
Finding anchors
	Found 2324 anchors
Projecting new data onto SVD
Projecting new data onto SVD
Finding neighborhoods
Finding anchors
	Found 1136 anchors
Projecting new data onto SVD
Projecting new data onto SVD
Finding neighborhoods
Finding anchors
	Found 1845 anchors
Projecting new data onto SVD
Projecting new data onto SVD
Finding neighborhoods
Finding anchors
	Found 4156 anchors
Projecting new data onto SVD
Projecting new data onto SVD
Finding neighborhoods
Finding anchors
	Found 1718 anchors
Projecting new data onto SVD
Projecting new data onto SVD
Finding neighborhoods
Finding anchors
	Found 2082 anchors
Projecting new data onto SVD
Projecting new data onto SVD
Finding neighborhoods
Finding anchors
	Found 3299 anchors
Projecting new data onto SVD
Projecting new data onto SVD
Finding neighborhoods
Finding anchors
	Found 1996 anchors
Projecting new data onto SVD
Projecting new data onto SVD
Finding neighborhoods
Finding anchors
	Found 2258 anchors
Projecting new data onto SVD
Projecting new data onto SVD
Finding neighborhoods
Finding anchors
	Found 1266 anchors
Projecting new data onto SVD
Projecting new data onto SVD
Finding neighborhoods
Finding anchors
	Found 2186 anchors
Projecting new data onto SVD
Projecting new data onto SVD
Finding neighborhoods
Finding anchors
	Found 1759 anchors
Projecting new data onto SVD
Projecting new data onto SVD
Finding neighborhoods
Finding anchors
	Found 3056 anchors
Projecting new data onto SVD
Projecting new data onto SVD
Finding neighborhoods
Finding anchors
	Found 1895 anchors
Projecting new data onto SVD
Projecting new data onto SVD
Finding neighborhoods
Finding anchors
	Found 1955 anchors
Projecting new data onto SVD
Projecting new data onto SVD
Finding neighborhoods
Finding anchors
	Found 3356 anchors
Projecting new data onto SVD
Projecting new data onto SVD
Finding neighborhoods
Finding anchors
	Found 2062 anchors
Projecting new data onto SVD
Projecting new data onto SVD
Finding neighborhoods
Finding anchors
	Found 2269 anchors
Projecting new data onto SVD
Projecting new data onto SVD
Finding neighborhoods
Finding anchors
	Found 1359 anchors
Projecting new data onto SVD
Projecting new data onto SVD
Finding neighborhoods
Finding anchors
	Found 2022 anchors
Projecting new data onto SVD
Projecting new data onto SVD
Finding neighborhoods
Finding anchors
	Found 3186 anchors
Projecting new data onto SVD
Projecting new data onto SVD
Finding neighborhoods
Finding anchors
	Found 2255 anchors
Projecting new data onto SVD
Projecting new data onto SVD
Finding neighborhoods
Finding anchors
	Found 913 anchors
Projecting new data onto SVD
Projecting new data onto SVD
Finding neighborhoods
Finding anchors
	Found 1485 anchors
Projecting new data onto SVD
Projecting new data onto SVD
Finding neighborhoods
Finding anchors
	Found 869 anchors
Projecting new data onto SVD
Projecting new data onto SVD
Finding neighborhoods
Finding anchors
	Found 2273 anchors
Projecting new data onto SVD
Projecting new data onto SVD
Finding neighborhoods
Finding anchors
	Found 1457 anchors
Projecting new data onto SVD
Projecting new data onto SVD
Finding neighborhoods
Finding anchors
	Found 2830 anchors
Projecting new data onto SVD
Projecting new data onto SVD
Finding neighborhoods
Finding anchors
	Found 2538 anchors
Projecting new data onto SVD
Projecting new data onto SVD
Finding neighborhoods
Finding anchors
	Found 1941 anchors
Projecting new data onto SVD
Projecting new data onto SVD
Finding neighborhoods
Finding anchors
	Found 875 anchors
Projecting new data onto SVD
Projecting new data onto SVD
Finding neighborhoods
Finding anchors
	Found 2375 anchors
Projecting new data onto SVD
Projecting new data onto SVD
Finding neighborhoods
Finding anchors
	Found 1993 anchors
Projecting new data onto SVD
Projecting new data onto SVD
Finding neighborhoods
Finding anchors
	Found 1558 anchors
Projecting new data onto SVD
Projecting new data onto SVD
Finding neighborhoods
Finding anchors
	Found 2086 anchors
Projecting new data onto SVD
Projecting new data onto SVD
Finding neighborhoods
Finding anchors
	Found 1889 anchors
Projecting new data onto SVD
Projecting new data onto SVD
Finding neighborhoods
Finding anchors
	Found 1650 anchors
Projecting new data onto SVD
Projecting new data onto SVD
Finding neighborhoods
Finding anchors
	Found 2653 anchors
Projecting new data onto SVD
Projecting new data onto SVD
Finding neighborhoods
Finding anchors
	Found 2172 anchors
Projecting new data onto SVD
Projecting new data onto SVD
Finding neighborhoods
Finding anchors
	Found 974 anchors
Projecting new data onto SVD
Projecting new data onto SVD
Finding neighborhoods
Finding anchors
	Found 2878 anchors
Projecting new data onto SVD
Projecting new data onto SVD
Finding neighborhoods
Finding anchors
	Found 1770 anchors
Projecting new data onto SVD
Projecting new data onto SVD
Finding neighborhoods
Finding anchors
	Found 2978 anchors
Projecting new data onto SVD
Projecting new data onto SVD
Finding neighborhoods
Finding anchors
	Found 1835 anchors
Projecting new data onto SVD
Projecting new data onto SVD
Finding neighborhoods
Finding anchors
	Found 1433 anchors
Projecting new data onto SVD
Projecting new data onto SVD
Finding neighborhoods
Finding anchors
	Found 3386 anchors
Projecting new data onto SVD
Projecting new data onto SVD
Finding neighborhoods
Finding anchors
	Found 1807 anchors
Projecting new data onto SVD
Projecting new data onto SVD
Finding neighborhoods
Finding anchors
	Found 3621 anchors
Projecting new data onto SVD
Projecting new data onto SVD
Finding neighborhoods
Finding anchors
	Found 1523 anchors
Projecting new data onto SVD
Projecting new data onto SVD
Finding neighborhoods
Finding anchors
	Found 3338 anchors
Projecting new data onto SVD
Projecting new data onto SVD
Finding neighborhoods
Finding anchors
	Found 1926 anchors
Projecting new data onto SVD
Projecting new data onto SVD
Finding neighborhoods
Finding anchors
	Found 2863 anchors
Projecting new data onto SVD
Projecting new data onto SVD
Finding neighborhoods
Finding anchors
	Found 684 anchors
Projecting new data onto SVD
Projecting new data onto SVD
Finding neighborhoods
Finding anchors
	Found 2180 anchors
Projecting new data onto SVD
Projecting new data onto SVD
Finding neighborhoods
Finding anchors
	Found 1045 anchors
Projecting new data onto SVD
Projecting new data onto SVD
Finding neighborhoods
Finding anchors
	Found 1990 anchors
Projecting new data onto SVD
Projecting new data onto SVD
Finding neighborhoods
Finding anchors
	Found 2096 anchors
Projecting new data onto SVD
Projecting new data onto SVD
Finding neighborhoods
Finding anchors
	Found 2415 anchors
Projecting new data onto SVD
Projecting new data onto SVD
Finding neighborhoods
Finding anchors
	Found 2626 anchors
Projecting new data onto SVD
Projecting new data onto SVD
Finding neighborhoods
Finding anchors
	Found 2029 anchors
Projecting new data onto SVD
Projecting new data onto SVD
Finding neighborhoods
Finding anchors
	Found 1113 anchors
Projecting new data onto SVD
Projecting new data onto SVD
Finding neighborhoods
Finding anchors
	Found 2094 anchors
Projecting new data onto SVD
Projecting new data onto SVD
Finding neighborhoods
Finding anchors
	Found 3602 anchors
Projecting new data onto SVD
Projecting new data onto SVD
Finding neighborhoods
Finding anchors
	Found 1752 anchors
Projecting new data onto SVD
Projecting new data onto SVD
Finding neighborhoods
Finding anchors
	Found 2256 anchors
Projecting new data onto SVD
Projecting new data onto SVD
Finding neighborhoods
Finding anchors
	Found 3150 anchors
Projecting new data onto SVD
Projecting new data onto SVD
Finding neighborhoods
Finding anchors
	Found 1959 anchors
Projecting new data onto SVD
Projecting new data onto SVD
Finding neighborhoods
Finding anchors
	Found 2131 anchors
Projecting new data onto SVD
Projecting new data onto SVD
Finding neighborhoods
Finding anchors
	Found 3455 anchors
Projecting new data onto SVD
Projecting new data onto SVD
Finding neighborhoods
Finding anchors
	Found 2474 anchors
Projecting new data onto SVD
Projecting new data onto SVD
Finding neighborhoods
Finding anchors
	Found 1222 anchors
Projecting new data onto SVD
Projecting new data onto SVD
Finding neighborhoods
Finding anchors
	Found 1640 anchors
Projecting new data onto SVD
Projecting new data onto SVD
Finding neighborhoods
Finding anchors
	Found 3570 anchors
Projecting new data onto SVD
Projecting new data onto SVD
Finding neighborhoods
Finding anchors
	Found 2373 anchors
Projecting new data onto SVD
Projecting new data onto SVD
Finding neighborhoods
Finding anchors
	Found 2426 anchors
Projecting new data onto SVD
Projecting new data onto SVD
Finding neighborhoods
Finding anchors
	Found 2773 anchors
Projecting new data onto SVD
Projecting new data onto SVD
Finding neighborhoods
Finding anchors
	Found 2912 anchors
Projecting new data onto SVD
Projecting new data onto SVD
Finding neighborhoods
Finding anchors
	Found 1675 anchors
Projecting new data onto SVD
Projecting new data onto SVD
Finding neighborhoods
Finding anchors
	Found 1501 anchors
Projecting new data onto SVD
Projecting new data onto SVD
Finding neighborhoods
Finding anchors
	Found 3036 anchors
Projecting new data onto SVD
Projecting new data onto SVD
Finding neighborhoods
Finding anchors
	Found 1460 anchors
Projecting new data onto SVD
Projecting new data onto SVD
Finding neighborhoods
Finding anchors
	Found 2200 anchors
Projecting new data onto SVD
Projecting new data onto SVD
Finding neighborhoods
Finding anchors
	Found 1431 anchors
Projecting new data onto SVD
Projecting new data onto SVD
Finding neighborhoods
Finding anchors
	Found 845 anchors
Projecting new data onto SVD
Projecting new data onto SVD
Finding neighborhoods
Finding anchors
	Found 2259 anchors
Projecting new data onto SVD
Projecting new data onto SVD
Finding neighborhoods
Finding anchors
	Found 2271 anchors
Projecting new data onto SVD
Projecting new data onto SVD
Finding neighborhoods
Finding anchors
	Found 2401 anchors
Projecting new data onto SVD
Projecting new data onto SVD
Finding neighborhoods
Finding anchors
	Found 1953 anchors
Projecting new data onto SVD
Projecting new data onto SVD
Finding neighborhoods
Finding anchors
	Found 3100 anchors
Projecting new data onto SVD
Projecting new data onto SVD
Finding neighborhoods
Finding anchors
	Found 2375 anchors
Projecting new data onto SVD
Projecting new data onto SVD
Finding neighborhoods
Finding anchors
	Found 3691 anchors
Projecting new data onto SVD
Projecting new data onto SVD
Finding neighborhoods
Finding anchors
	Found 2055 anchors
Projecting new data onto SVD
Projecting new data onto SVD
Finding neighborhoods
Finding anchors
	Found 2711 anchors
Projecting new data onto SVD
Projecting new data onto SVD
Finding neighborhoods
Finding anchors
	Found 1685 anchors
Projecting new data onto SVD
Projecting new data onto SVD
Finding neighborhoods
Finding anchors
	Found 2836 anchors
Projecting new data onto SVD
Projecting new data onto SVD
Finding neighborhoods
Finding anchors
	Found 1590 anchors
Projecting new data onto SVD
Projecting new data onto SVD
Finding neighborhoods
Finding anchors
	Found 1630 anchors
Projecting new data onto SVD
Projecting new data onto SVD
Finding neighborhoods
Finding anchors
	Found 2629 anchors
Projecting new data onto SVD
Projecting new data onto SVD
Finding neighborhoods
Finding anchors
	Found 2359 anchors
Projecting new data onto SVD
Projecting new data onto SVD
Finding neighborhoods
Finding anchors
	Found 1520 anchors
Projecting new data onto SVD
Projecting new data onto SVD
Finding neighborhoods
Finding anchors
	Found 1883 anchors
Projecting new data onto SVD
Projecting new data onto SVD
Finding neighborhoods
Finding anchors
	Found 1472 anchors
Projecting new data onto SVD
Projecting new data onto SVD
Finding neighborhoods
Finding anchors
	Found 787 anchors
Projecting new data onto SVD
Projecting new data onto SVD
Finding neighborhoods
Finding anchors
	Found 927 anchors
Projecting new data onto SVD
Projecting new data onto SVD
Finding neighborhoods
Finding anchors
	Found 1846 anchors
Projecting new data onto SVD
Projecting new data onto SVD
Finding neighborhoods
Finding anchors
	Found 1145 anchors
Projecting new data onto SVD
Projecting new data onto SVD
Finding neighborhoods
Finding anchors
	Found 1351 anchors
Projecting new data onto SVD
Projecting new data onto SVD
Finding neighborhoods
Finding anchors
	Found 1265 anchors
Projecting new data onto SVD
Projecting new data onto SVD
Finding neighborhoods
Finding anchors
	Found 1208 anchors
Projecting new data onto SVD
Projecting new data onto SVD
Finding neighborhoods
Finding anchors
	Found 820 anchors
Projecting new data onto SVD
Projecting new data onto SVD
Finding neighborhoods
Finding anchors
	Found 863 anchors
Projecting new data onto SVD
Projecting new data onto SVD
Finding neighborhoods
Finding anchors
	Found 1948 anchors
Projecting new data onto SVD
Projecting new data onto SVD
Finding neighborhoods
Finding anchors
	Found 826 anchors
Projecting new data onto SVD
Projecting new data onto SVD
Finding neighborhoods
Finding anchors
	Found 1070 anchors
Projecting new data onto SVD
Projecting new data onto SVD
Finding neighborhoods
Finding anchors
	Found 776 anchors
Projecting new data onto SVD
Projecting new data onto SVD
Finding neighborhoods
Finding anchors
	Found 552 anchors
Projecting new data onto SVD
Projecting new data onto SVD
Finding neighborhoods
Finding anchors
	Found 1627 anchors
Projecting new data onto SVD
Projecting new data onto SVD
Finding neighborhoods
Finding anchors
	Found 1636 anchors
Projecting new data onto SVD
Projecting new data onto SVD
Finding neighborhoods
Finding anchors
	Found 1311 anchors
Projecting new data onto SVD
Projecting new data onto SVD
Finding neighborhoods
Finding anchors
	Found 1434 anchors
Projecting new data onto SVD
Projecting new data onto SVD
Finding neighborhoods
Finding anchors
	Found 1546 anchors
Projecting new data onto SVD
Projecting new data onto SVD
Finding neighborhoods
Finding anchors
	Found 1082 anchors
Projecting new data onto SVD
Projecting new data onto SVD
Finding neighborhoods
Finding anchors
	Found 1849 anchors
Projecting new data onto SVD
Projecting new data onto SVD
Finding neighborhoods
Finding anchors
	Found 1481 anchors
Projecting new data onto SVD
Projecting new data onto SVD
Finding neighborhoods
Finding anchors
	Found 1626 anchors
Projecting new data onto SVD
Projecting new data onto SVD
Finding neighborhoods
Finding anchors
	Found 1108 anchors
Projecting new data onto SVD
Projecting new data onto SVD
Finding neighborhoods
Finding anchors
	Found 1701 anchors
Projecting new data onto SVD
Projecting new data onto SVD
Finding neighborhoods
Finding anchors
	Found 970 anchors
Projecting new data onto SVD
Projecting new data onto SVD
Finding neighborhoods
Finding anchors
	Found 994 anchors
Projecting new data onto SVD
Projecting new data onto SVD
Finding neighborhoods
Finding anchors
	Found 1631 anchors
Projecting new data onto SVD
Projecting new data onto SVD
Finding neighborhoods
Finding anchors
	Found 1141 anchors
Projecting new data onto SVD
Projecting new data onto SVD
Finding neighborhoods
Finding anchors
	Found 995 anchors
Projecting new data onto SVD
Projecting new data onto SVD
Finding neighborhoods
Finding anchors
	Found 929 anchors
Projecting new data onto SVD
Projecting new data onto SVD
Finding neighborhoods
Finding anchors
	Found 1034 anchors
Projecting new data onto SVD
Projecting new data onto SVD
Finding neighborhoods
Finding anchors
	Found 2111 anchors
Projecting new data onto SVD
Projecting new data onto SVD
Finding neighborhoods
Finding anchors
	Found 915 anchors
Projecting new data onto SVD
Projecting new data onto SVD
Finding neighborhoods
Finding anchors
	Found 2753 anchors
Projecting new data onto SVD
Projecting new data onto SVD
Finding neighborhoods
Finding anchors
	Found 1633 anchors
Projecting new data onto SVD
Projecting new data onto SVD
Finding neighborhoods
Finding anchors
	Found 2592 anchors
Projecting new data onto SVD
Projecting new data onto SVD
Finding neighborhoods
Finding anchors
	Found 1653 anchors
Projecting new data onto SVD
Projecting new data onto SVD
Finding neighborhoods
Finding anchors
	Found 1319 anchors
Projecting new data onto SVD
Projecting new data onto SVD
Finding neighborhoods
Finding anchors
	Found 3120 anchors
Projecting new data onto SVD
Projecting new data onto SVD
Finding neighborhoods
Finding anchors
	Found 1770 anchors
Projecting new data onto SVD
Projecting new data onto SVD
Finding neighborhoods
Finding anchors
	Found 2910 anchors
Projecting new data onto SVD
Projecting new data onto SVD
Finding neighborhoods
Finding anchors
	Found 1339 anchors
Projecting new data onto SVD
Projecting new data onto SVD
Finding neighborhoods
Finding anchors
	Found 2747 anchors
Projecting new data onto SVD
Projecting new data onto SVD
Finding neighborhoods
Finding anchors
	Found 1437 anchors
Projecting new data onto SVD
Projecting new data onto SVD
Finding neighborhoods
Finding anchors
	Found 2548 anchors
Projecting new data onto SVD
Projecting new data onto SVD
Finding neighborhoods
Finding anchors
	Found 589 anchors
Projecting new data onto SVD
Projecting new data onto SVD
Finding neighborhoods
Finding anchors
	Found 1652 anchors
Projecting new data onto SVD
Projecting new data onto SVD
Finding neighborhoods
Finding anchors
	Found 778 anchors
Projecting new data onto SVD
Projecting new data onto SVD
Finding neighborhoods
Finding anchors
	Found 1701 anchors
Projecting new data onto SVD
Projecting new data onto SVD
Finding neighborhoods
Finding anchors
	Found 1663 anchors
Projecting new data onto SVD
Projecting new data onto SVD
Finding neighborhoods
Finding anchors
	Found 1991 anchors
Projecting new data onto SVD
Projecting new data onto SVD
Finding neighborhoods
Finding anchors
	Found 2524 anchors
Projecting new data onto SVD
Projecting new data onto SVD
Finding neighborhoods
Finding anchors
	Found 1805 anchors
Projecting new data onto SVD
Projecting new data onto SVD
Finding neighborhoods
Finding anchors
	Found 759 anchors
Projecting new data onto SVD
Projecting new data onto SVD
Finding neighborhoods
Finding anchors
	Found 1726 anchors
Projecting new data onto SVD
Projecting new data onto SVD
Finding neighborhoods
Finding anchors
	Found 3326 anchors
Projecting new data onto SVD
Projecting new data onto SVD
Finding neighborhoods
Finding anchors
	Found 1595 anchors
Projecting new data onto SVD
Projecting new data onto SVD
Finding neighborhoods
Finding anchors
	Found 1885 anchors
Projecting new data onto SVD
Projecting new data onto SVD
Finding neighborhoods
Finding anchors
	Found 2544 anchors
Projecting new data onto SVD
Projecting new data onto SVD
Finding neighborhoods
Finding anchors
	Found 1667 anchors
Projecting new data onto SVD
Projecting new data onto SVD
Finding neighborhoods
Finding anchors
	Found 1829 anchors
Projecting new data onto SVD
Projecting new data onto SVD
Finding neighborhoods
Finding anchors
	Found 3038 anchors
Projecting new data onto SVD
Projecting new data onto SVD
Finding neighborhoods
Finding anchors
	Found 2142 anchors
Projecting new data onto SVD
Projecting new data onto SVD
Finding neighborhoods
Finding anchors
	Found 3157 anchors
Projecting new data onto SVD
Projecting new data onto SVD
Finding neighborhoods
Finding anchors
	Found 1396 anchors
Projecting new data onto SVD
Projecting new data onto SVD
Finding neighborhoods
Finding anchors
	Found 742 anchors
Projecting new data onto SVD
Projecting new data onto SVD
Finding neighborhoods
Finding anchors
	Found 825 anchors
Projecting new data onto SVD
Projecting new data onto SVD
Finding neighborhoods
Finding anchors
	Found 1436 anchors
Projecting new data onto SVD
Projecting new data onto SVD
Finding neighborhoods
Finding anchors
	Found 2116 anchors
Projecting new data onto SVD
Projecting new data onto SVD
Finding neighborhoods
Finding anchors
	Found 1613 anchors
Projecting new data onto SVD
Projecting new data onto SVD
Finding neighborhoods
Finding anchors
	Found 1723 anchors
Projecting new data onto SVD
Projecting new data onto SVD
Finding neighborhoods
Finding anchors
	Found 1237 anchors
Projecting new data onto SVD
Projecting new data onto SVD
Finding neighborhoods
Finding anchors
	Found 1761 anchors
Projecting new data onto SVD
Projecting new data onto SVD
Finding neighborhoods
Finding anchors
	Found 1356 anchors
Projecting new data onto SVD
Projecting new data onto SVD
Finding neighborhoods
Finding anchors
	Found 1509 anchors
Projecting new data onto SVD
Projecting new data onto SVD
Finding neighborhoods
Finding anchors
	Found 2139 anchors
Projecting new data onto SVD
Projecting new data onto SVD
Finding neighborhoods
Finding anchors
	Found 1332 anchors
Projecting new data onto SVD
Projecting new data onto SVD
Finding neighborhoods
Finding anchors
	Found 1416 anchors
Projecting new data onto SVD
Projecting new data onto SVD
Finding neighborhoods
Finding anchors
	Found 1345 anchors
Projecting new data onto SVD
Projecting new data onto SVD
Finding neighborhoods
Finding anchors
	Found 612 anchors
Projecting new data onto SVD
Projecting new data onto SVD
Finding neighborhoods
Finding anchors
	Found 2173 anchors
Projecting new data onto SVD
Projecting new data onto SVD
Finding neighborhoods
Finding anchors
	Found 1486 anchors
Projecting new data onto SVD
Projecting new data onto SVD
Finding neighborhoods
Finding anchors
	Found 1818 anchors
Projecting new data onto SVD
Projecting new data onto SVD
Finding neighborhoods
Finding anchors
	Found 2077 anchors
Projecting new data onto SVD
Projecting new data onto SVD
Finding neighborhoods
Finding anchors
	Found 1764 anchors
Projecting new data onto SVD
Projecting new data onto SVD
Finding neighborhoods
Finding anchors
	Found 1564 anchors
Projecting new data onto SVD
Projecting new data onto SVD
Finding neighborhoods
Finding anchors
	Found 2356 anchors
Projecting new data onto SVD
Projecting new data onto SVD
Finding neighborhoods
Finding anchors
	Found 1515 anchors
Projecting new data onto SVD
Projecting new data onto SVD
Finding neighborhoods
Finding anchors
	Found 1709 anchors
Projecting new data onto SVD
Projecting new data onto SVD
Finding neighborhoods
Finding anchors
	Found 1790 anchors
Projecting new data onto SVD
Projecting new data onto SVD
Finding neighborhoods
Finding anchors
	Found 2124 anchors
Projecting new data onto SVD
Projecting new data onto SVD
Finding neighborhoods
Finding anchors
	Found 1527 anchors
Projecting new data onto SVD
Projecting new data onto SVD
Finding neighborhoods
Finding anchors
	Found 1581 anchors
Projecting new data onto SVD
Projecting new data onto SVD
Finding neighborhoods
Finding anchors
	Found 1841 anchors
Projecting new data onto SVD
Projecting new data onto SVD
Finding neighborhoods
Finding anchors
	Found 1451 anchors
Projecting new data onto SVD
Projecting new data onto SVD
Finding neighborhoods
Finding anchors
	Found 1656 anchors
Projecting new data onto SVD
Projecting new data onto SVD
Finding neighborhoods
Finding anchors
	Found 1237 anchors
Projecting new data onto SVD
Projecting new data onto SVD
Finding neighborhoods
Finding anchors
	Found 1598 anchors
Projecting new data onto SVD
Projecting new data onto SVD
Finding neighborhoods
Finding anchors
	Found 2321 anchors
Projecting new data onto SVD
Projecting new data onto SVD
Finding neighborhoods
Finding anchors
	Found 2307 anchors
Projecting new data onto SVD
Projecting new data onto SVD
Finding neighborhoods
Finding anchors
	Found 1327 anchors
Projecting new data onto SVD
Projecting new data onto SVD
Finding neighborhoods
Finding anchors
	Found 1297 anchors
Projecting new data onto SVD
Projecting new data onto SVD
Finding neighborhoods
Finding anchors
	Found 2908 anchors
Projecting new data onto SVD
Projecting new data onto SVD
Finding neighborhoods
Finding anchors
	Found 2368 anchors
Projecting new data onto SVD
Projecting new data onto SVD
Finding neighborhoods
Finding anchors
	Found 3677 anchors
Projecting new data onto SVD
Projecting new data onto SVD
Finding neighborhoods
Finding anchors
	Found 3172 anchors
Projecting new data onto SVD
Projecting new data onto SVD
Finding neighborhoods
Finding anchors
	Found 1882 anchors
Projecting new data onto SVD
Projecting new data onto SVD
Finding neighborhoods
Finding anchors
	Found 4022 anchors
Projecting new data onto SVD
Projecting new data onto SVD
Finding neighborhoods
Finding anchors
	Found 2407 anchors
Projecting new data onto SVD
Projecting new data onto SVD
Finding neighborhoods
Finding anchors
	Found 3107 anchors
Projecting new data onto SVD
Projecting new data onto SVD
Finding neighborhoods
Finding anchors
	Found 2086 anchors
Projecting new data onto SVD
Projecting new data onto SVD
Finding neighborhoods
Finding anchors
	Found 2673 anchors
Projecting new data onto SVD
Projecting new data onto SVD
Finding neighborhoods
Finding anchors
	Found 1900 anchors
Projecting new data onto SVD
Projecting new data onto SVD
Finding neighborhoods
Finding anchors
	Found 2554 anchors
Projecting new data onto SVD
Projecting new data onto SVD
Finding neighborhoods
Finding anchors
	Found 683 anchors
Projecting new data onto SVD
Projecting new data onto SVD
Finding neighborhoods
Finding anchors
	Found 2789 anchors
Projecting new data onto SVD
Projecting new data onto SVD
Finding neighborhoods
Finding anchors
	Found 1248 anchors
Projecting new data onto SVD
Projecting new data onto SVD
Finding neighborhoods
Finding anchors
	Found 2520 anchors
Projecting new data onto SVD
Projecting new data onto SVD
Finding neighborhoods
Finding anchors
	Found 2658 anchors
Projecting new data onto SVD
Projecting new data onto SVD
Finding neighborhoods
Finding anchors
	Found 3066 anchors
Projecting new data onto SVD
Projecting new data onto SVD
Finding neighborhoods
Finding anchors
	Found 3199 anchors
Projecting new data onto SVD
Projecting new data onto SVD
Finding neighborhoods
Finding anchors
	Found 2924 anchors
Projecting new data onto SVD
Projecting new data onto SVD
Finding neighborhoods
Finding anchors
	Found 1360 anchors
Projecting new data onto SVD
Projecting new data onto SVD
Finding neighborhoods
Finding anchors
	Found 2525 anchors
Projecting new data onto SVD
Projecting new data onto SVD
Finding neighborhoods
Finding anchors
	Found 3894 anchors
Projecting new data onto SVD
Projecting new data onto SVD
Finding neighborhoods
Finding anchors
	Found 2245 anchors
Projecting new data onto SVD
Projecting new data onto SVD
Finding neighborhoods
Finding anchors
	Found 2587 anchors
Projecting new data onto SVD
Projecting new data onto SVD
Finding neighborhoods
Finding anchors
	Found 3381 anchors
Projecting new data onto SVD
Projecting new data onto SVD
Finding neighborhoods
Finding anchors
	Found 2550 anchors
Projecting new data onto SVD
Projecting new data onto SVD
Finding neighborhoods
Finding anchors
	Found 2735 anchors
Projecting new data onto SVD
Projecting new data onto SVD
Finding neighborhoods
Finding anchors
	Found 3550 anchors
Projecting new data onto SVD
Projecting new data onto SVD
Finding neighborhoods
Finding anchors
	Found 2473 anchors
Projecting new data onto SVD
Projecting new data onto SVD
Finding neighborhoods
Finding anchors
	Found 3055 anchors
Projecting new data onto SVD
Projecting new data onto SVD
Finding neighborhoods
Finding anchors
	Found 2201 anchors
Projecting new data onto SVD
Projecting new data onto SVD
Finding neighborhoods
Finding anchors
	Found 1247 anchors
Projecting new data onto SVD
Projecting new data onto SVD
Finding neighborhoods
Finding anchors
	Found 2792 anchors
Projecting new data onto SVD
Projecting new data onto SVD
Finding neighborhoods
Finding anchors
	Found 1913 anchors
Projecting new data onto SVD
Projecting new data onto SVD
Finding neighborhoods
Finding anchors
	Found 1305 anchors
Projecting new data onto SVD
Projecting new data onto SVD
Finding neighborhoods
Finding anchors
	Found 3474 anchors
Projecting new data onto SVD
Projecting new data onto SVD
Finding neighborhoods
Finding anchors
	Found 2312 anchors
Projecting new data onto SVD
Projecting new data onto SVD
Finding neighborhoods
Finding anchors
	Found 3913 anchors
Projecting new data onto SVD
Projecting new data onto SVD
Finding neighborhoods
Finding anchors
	Found 2474 anchors
Projecting new data onto SVD
Projecting new data onto SVD
Finding neighborhoods
Finding anchors
	Found 1846 anchors
Projecting new data onto SVD
Projecting new data onto SVD
Finding neighborhoods
Finding anchors
	Found 4740 anchors
Projecting new data onto SVD
Projecting new data onto SVD
Finding neighborhoods
Finding anchors
	Found 2002 anchors
Projecting new data onto SVD
Projecting new data onto SVD
Finding neighborhoods
Finding anchors
	Found 3084 anchors
Projecting new data onto SVD
Projecting new data onto SVD
Finding neighborhoods
Finding anchors
	Found 1974 anchors
Projecting new data onto SVD
Projecting new data onto SVD
Finding neighborhoods
Finding anchors
	Found 2919 anchors
Projecting new data onto SVD
Projecting new data onto SVD
Finding neighborhoods
Finding anchors
	Found 2088 anchors
Projecting new data onto SVD
Projecting new data onto SVD
Finding neighborhoods
Finding anchors
	Found 2732 anchors
Projecting new data onto SVD
Projecting new data onto SVD
Finding neighborhoods
Finding anchors
	Found 639 anchors
Projecting new data onto SVD
Projecting new data onto SVD
Finding neighborhoods
Finding anchors
	Found 2480 anchors
Projecting new data onto SVD
Projecting new data onto SVD
Finding neighborhoods
Finding anchors
	Found 1134 anchors
Projecting new data onto SVD
Projecting new data onto SVD
Finding neighborhoods
Finding anchors
	Found 2451 anchors
Projecting new data onto SVD
Projecting new data onto SVD
Finding neighborhoods
Finding anchors
	Found 2197 anchors
Projecting new data onto SVD
Projecting new data onto SVD
Finding neighborhoods
Finding anchors
	Found 3230 anchors
Projecting new data onto SVD
Projecting new data onto SVD
Finding neighborhoods
Finding anchors
	Found 4278 anchors
Projecting new data onto SVD
Projecting new data onto SVD
Finding neighborhoods
Finding anchors
	Found 2781 anchors
Projecting new data onto SVD
Projecting new data onto SVD
Finding neighborhoods
Finding anchors
	Found 1288 anchors
Projecting new data onto SVD
Projecting new data onto SVD
Finding neighborhoods
Finding anchors
	Found 2282 anchors
Projecting new data onto SVD
Projecting new data onto SVD
Finding neighborhoods
Finding anchors
	Found 3758 anchors
Projecting new data onto SVD
Projecting new data onto SVD
Finding neighborhoods
Finding anchors
	Found 2019 anchors
Projecting new data onto SVD
Projecting new data onto SVD
Finding neighborhoods
Finding anchors
	Found 2376 anchors
Projecting new data onto SVD
Projecting new data onto SVD
Finding neighborhoods
Finding anchors
	Found 3114 anchors
Projecting new data onto SVD
Projecting new data onto SVD
Finding neighborhoods
Finding anchors
	Found 2531 anchors
Projecting new data onto SVD
Projecting new data onto SVD
Finding neighborhoods
Finding anchors
	Found 2584 anchors
Projecting new data onto SVD
Projecting new data onto SVD
Finding neighborhoods
Finding anchors
	Found 3628 anchors
Projecting new data onto SVD
Projecting new data onto SVD
Finding neighborhoods
Finding anchors
	Found 2841 anchors
Projecting new data onto SVD
Projecting new data onto SVD
Finding neighborhoods
Finding anchors
	Found 3512 anchors
Projecting new data onto SVD
Projecting new data onto SVD
Finding neighborhoods
Finding anchors
	Found 2337 anchors
Projecting new data onto SVD
Projecting new data onto SVD
Finding neighborhoods
Finding anchors
	Found 1266 anchors
Projecting new data onto SVD
Projecting new data onto SVD
Finding neighborhoods
Finding anchors
	Found 2986 anchors
Projecting new data onto SVD
Projecting new data onto SVD
Finding neighborhoods
Finding anchors
	Found 1775 anchors
Projecting new data onto SVD
Projecting new data onto SVD
Finding neighborhoods
Finding anchors
	Found 4630 anchors
Projecting new data onto SVD
Projecting new data onto SVD
Finding neighborhoods
Finding anchors
	Found 1095 anchors
Projecting new data onto SVD
Projecting new data onto SVD
Finding neighborhoods
Finding anchors
	Found 1028 anchors
Projecting new data onto SVD
Projecting new data onto SVD
Finding neighborhoods
Finding anchors
	Found 2643 anchors
Projecting new data onto SVD
Projecting new data onto SVD
Finding neighborhoods
Finding anchors
	Found 1991 anchors
Projecting new data onto SVD
Projecting new data onto SVD
Finding neighborhoods
Finding anchors
	Found 2019 anchors
Projecting new data onto SVD
Projecting new data onto SVD
Finding neighborhoods
Finding anchors
	Found 2922 anchors
Projecting new data onto SVD
Projecting new data onto SVD
Finding neighborhoods
Finding anchors
	Found 2386 anchors
Projecting new data onto SVD
Projecting new data onto SVD
Finding neighborhoods
Finding anchors
	Found 1231 anchors
Projecting new data onto SVD
Projecting new data onto SVD
Finding neighborhoods
Finding anchors
	Found 1017 anchors
Projecting new data onto SVD
Projecting new data onto SVD
Finding neighborhoods
Finding anchors
	Found 2215 anchors
Projecting new data onto SVD
Projecting new data onto SVD
Finding neighborhoods
Finding anchors
	Found 957 anchors
Projecting new data onto SVD
Projecting new data onto SVD
Finding neighborhoods
Finding anchors
	Found 2298 anchors
Projecting new data onto SVD
Projecting new data onto SVD
Finding neighborhoods
Finding anchors
	Found 1143 anchors
Projecting new data onto SVD
Projecting new data onto SVD
Finding neighborhoods
Finding anchors
	Found 904 anchors
Projecting new data onto SVD
Projecting new data onto SVD
Finding neighborhoods
Finding anchors
	Found 1475 anchors
Projecting new data onto SVD
Projecting new data onto SVD
Finding neighborhoods
Finding anchors
	Found 1514 anchors
Projecting new data onto SVD
Projecting new data onto SVD
Finding neighborhoods
Finding anchors
	Found 1979 anchors
Projecting new data onto SVD
Projecting new data onto SVD
Finding neighborhoods
Finding anchors
	Found 1105 anchors
Projecting new data onto SVD
Projecting new data onto SVD
Finding neighborhoods
Finding anchors
	Found 3290 anchors
Projecting new data onto SVD
Projecting new data onto SVD
Finding neighborhoods
Finding anchors
	Found 1949 anchors
Projecting new data onto SVD
Projecting new data onto SVD
Finding neighborhoods
Finding anchors
	Found 3160 anchors
Projecting new data onto SVD
Projecting new data onto SVD
Finding neighborhoods
Finding anchors
	Found 1444 anchors
Projecting new data onto SVD
Projecting new data onto SVD
Finding neighborhoods
Finding anchors
	Found 2737 anchors
Projecting new data onto SVD
Projecting new data onto SVD
Finding neighborhoods
Finding anchors
	Found 1018 anchors
Projecting new data onto SVD
Projecting new data onto SVD
Finding neighborhoods
Finding anchors
	Found 2275 anchors
Projecting new data onto SVD
Projecting new data onto SVD
Finding neighborhoods
Finding anchors
	Found 1264 anchors
Projecting new data onto SVD
Projecting new data onto SVD
Finding neighborhoods
Finding anchors
	Found 1177 anchors
Projecting new data onto SVD
Projecting new data onto SVD
Finding neighborhoods
Finding anchors
	Found 2488 anchors
Projecting new data onto SVD
Projecting new data onto SVD
Finding neighborhoods
Finding anchors
	Found 2149 anchors
Projecting new data onto SVD
Projecting new data onto SVD
Finding neighborhoods
Finding anchors
	Found 1057 anchors
Projecting new data onto SVD
Projecting new data onto SVD
Finding neighborhoods
Finding anchors
	Found 1720 anchors
Projecting new data onto SVD
Projecting new data onto SVD
Finding neighborhoods
Finding anchors
	Found 1025 anchors
Projecting new data onto SVD
Projecting new data onto SVD
Finding neighborhoods
Finding anchors
	Found 3815 anchors
Projecting new data onto SVD
Projecting new data onto SVD
Finding neighborhoods
Finding anchors
	Found 1569 anchors
Projecting new data onto SVD
Projecting new data onto SVD
Finding neighborhoods
Finding anchors
	Found 957 anchors
Projecting new data onto SVD
Projecting new data onto SVD
Finding neighborhoods
Finding anchors
	Found 1372 anchors
Projecting new data onto SVD
Projecting new data onto SVD
Finding neighborhoods
Finding anchors
	Found 1680 anchors
Projecting new data onto SVD
Projecting new data onto SVD
Finding neighborhoods
Finding anchors
	Found 1875 anchors
Projecting new data onto SVD
Projecting new data onto SVD
Finding neighborhoods
Finding anchors
	Found 948 anchors
Projecting new data onto SVD
Projecting new data onto SVD
Finding neighborhoods
Finding anchors
	Found 1475 anchors
Projecting new data onto SVD
Projecting new data onto SVD
Finding neighborhoods
Finding anchors
	Found 2467 anchors
Projecting new data onto SVD
Projecting new data onto SVD
Finding neighborhoods
Finding anchors
	Found 1964 anchors
Projecting new data onto SVD
Projecting new data onto SVD
Finding neighborhoods
Finding anchors
	Found 2131 anchors
Projecting new data onto SVD
Projecting new data onto SVD
Finding neighborhoods
Finding anchors
	Found 1450 anchors
Projecting new data onto SVD
Projecting new data onto SVD
Finding neighborhoods
Finding anchors
	Found 1948 anchors
Projecting new data onto SVD
Projecting new data onto SVD
Finding neighborhoods
Finding anchors
	Found 1372 anchors
Projecting new data onto SVD
Projecting new data onto SVD
Finding neighborhoods
Finding anchors
	Found 1457 anchors
Projecting new data onto SVD
Projecting new data onto SVD
Finding neighborhoods
Finding anchors
	Found 2168 anchors
Projecting new data onto SVD
Projecting new data onto SVD
Finding neighborhoods
Finding anchors
	Found 1445 anchors
Projecting new data onto SVD
Projecting new data onto SVD
Finding neighborhoods
Finding anchors
	Found 1716 anchors
Projecting new data onto SVD
Projecting new data onto SVD
Finding neighborhoods
Finding anchors
	Found 1404 anchors
Projecting new data onto SVD
Projecting new data onto SVD
Finding neighborhoods
Finding anchors
	Found 770 anchors
Projecting new data onto SVD
Projecting new data onto SVD
Finding neighborhoods
Finding anchors
	Found 2983 anchors
Projecting new data onto SVD
Projecting new data onto SVD
Finding neighborhoods
Finding anchors
	Found 1785 anchors
Projecting new data onto SVD
Projecting new data onto SVD
Finding neighborhoods
Finding anchors
	Found 2444 anchors
Projecting new data onto SVD
Projecting new data onto SVD
Finding neighborhoods
Finding anchors
	Found 2628 anchors
Projecting new data onto SVD
Projecting new data onto SVD
Finding neighborhoods
Finding anchors
	Found 2367 anchors
Projecting new data onto SVD
Projecting new data onto SVD
Finding neighborhoods
Finding anchors
	Found 1759 anchors
Projecting new data onto SVD
Projecting new data onto SVD
Finding neighborhoods
Finding anchors
	Found 2892 anchors
Projecting new data onto SVD
Projecting new data onto SVD
Finding neighborhoods
Finding anchors
	Found 2355 anchors
Projecting new data onto SVD
Projecting new data onto SVD
Finding neighborhoods
Finding anchors
	Found 2121 anchors
Projecting new data onto SVD
Projecting new data onto SVD
Finding neighborhoods
Finding anchors
	Found 2053 anchors
Projecting new data onto SVD
Projecting new data onto SVD
Finding neighborhoods
Finding anchors
	Found 2831 anchors
Projecting new data onto SVD
Projecting new data onto SVD
Finding neighborhoods
Finding anchors
	Found 1837 anchors
Projecting new data onto SVD
Projecting new data onto SVD
Finding neighborhoods
Finding anchors
	Found 2006 anchors
Projecting new data onto SVD
Projecting new data onto SVD
Finding neighborhoods
Finding anchors
	Found 2967 anchors
Projecting new data onto SVD
Projecting new data onto SVD
Finding neighborhoods
Finding anchors
	Found 2134 anchors
Projecting new data onto SVD
Projecting new data onto SVD
Finding neighborhoods
Finding anchors
	Found 1823 anchors
Projecting new data onto SVD
Projecting new data onto SVD
Finding neighborhoods
Finding anchors
	Found 1390 anchors
Projecting new data onto SVD
Projecting new data onto SVD
Finding neighborhoods
Finding anchors
	Found 1639 anchors
Projecting new data onto SVD
Projecting new data onto SVD
Finding neighborhoods
Finding anchors
	Found 2564 anchors
Projecting new data onto SVD
Projecting new data onto SVD
Finding neighborhoods
Finding anchors
	Found 1711 anchors
Projecting new data onto SVD
Projecting new data onto SVD
Finding neighborhoods
Finding anchors
	Found 1259 anchors
Projecting new data onto SVD
Projecting new data onto SVD
Finding neighborhoods
Finding anchors
	Found 1980 anchors
Projecting new data onto SVD
Projecting new data onto SVD
Finding neighborhoods
Finding anchors
	Found 2277 anchors
Projecting new data onto SVD
Projecting new data onto SVD
Finding neighborhoods
Finding anchors
	Found 2041 anchors
Projecting new data onto SVD
Projecting new data onto SVD
Finding neighborhoods
Finding anchors
	Found 2164 anchors
Merging dataset 1 into 19
Extracting anchors for merged samples
Finding integration vectors
Finding integration vector weights
0%   10   20   30   40   50   60   70   80   90   100%
[----|----|----|----|----|----|----|----|----|----|
**************************************************|
Integrating data
Warning: Layer counts isn't present in the assay object; returning NULL
Merging dataset 30 into 24
Extracting anchors for merged samples
Finding integration vectors
Finding integration vector weights
0%   10   20   30   40   50   60   70   80   90   100%
[----|----|----|----|----|----|----|----|----|----|
**************************************************|
Integrating data
Warning: Layer counts isn't present in the assay object; returning NULL
Merging dataset 14 into 12
Extracting anchors for merged samples
Finding integration vectors
Finding integration vector weights
0%   10   20   30   40   50   60   70   80   90   100%
[----|----|----|----|----|----|----|----|----|----|
**************************************************|
Integrating data
Warning: Layer counts isn't present in the assay object; returning NULL
Merging dataset 26 into 29
Extracting anchors for merged samples
Finding integration vectors
Finding integration vector weights
0%   10   20   30   40   50   60   70   80   90   100%
[----|----|----|----|----|----|----|----|----|----|
**************************************************|
Integrating data
Warning: Layer counts isn't present in the assay object; returning NULL
Merging dataset 31 into 7
Extracting anchors for merged samples
Finding integration vectors
Finding integration vector weights
0%   10   20   30   40   50   60   70   80   90   100%
[----|----|----|----|----|----|----|----|----|----|
**************************************************|
Integrating data
Warning: Layer counts isn't present in the assay object; returning NULL
Merging dataset 2 into 38
Extracting anchors for merged samples
Finding integration vectors
Finding integration vector weights
0%   10   20   30   40   50   60   70   80   90   100%
[----|----|----|----|----|----|----|----|----|----|
**************************************************|
Integrating data
Warning: Layer counts isn't present in the assay object; returning NULL
Merging dataset 17 into 19 1
Extracting anchors for merged samples
Finding integration vectors
Warning: Different cells in new layer data than already exists for scale.data
Finding integration vector weights
0%   10   20   30   40   50   60   70   80   90   100%
[----|----|----|----|----|----|----|----|----|----|
**************************************************|
Integrating data
Warning: Layer counts isn't present in the assay object; returning NULL
Merging dataset 4 into 7 31
Extracting anchors for merged samples
Finding integration vectors
Warning: Different cells in new layer data than already exists for scale.data
Finding integration vector weights
0%   10   20   30   40   50   60   70   80   90   100%
[----|----|----|----|----|----|----|----|----|----|
**************************************************|
Integrating data
Warning: Layer counts isn't present in the assay object; returning NULL
Merging dataset 32 into 9
Extracting anchors for merged samples
Finding integration vectors
Finding integration vector weights
0%   10   20   30   40   50   60   70   80   90   100%
[----|----|----|----|----|----|----|----|----|----|
**************************************************|
Integrating data
Warning: Layer counts isn't present in the assay object; returning NULL
Merging dataset 8 into 37
Extracting anchors for merged samples
Finding integration vectors
Finding integration vector weights
0%   10   20   30   40   50   60   70   80   90   100%
[----|----|----|----|----|----|----|----|----|----|
**************************************************|
Integrating data
Warning: Layer counts isn't present in the assay object; returning NULL
Merging dataset 20 into 38 2
Extracting anchors for merged samples
Finding integration vectors
Warning: Different cells in new layer data than already exists for scale.data
Finding integration vector weights
0%   10   20   30   40   50   60   70   80   90   100%
[----|----|----|----|----|----|----|----|----|----|
**************************************************|
Integrating data
Warning: Layer counts isn't present in the assay object; returning NULL
Merging dataset 35 into 24 30
Extracting anchors for merged samples
Finding integration vectors
Warning: Different cells in new layer data than already exists for scale.data
Finding integration vector weights
0%   10   20   30   40   50   60   70   80   90   100%
[----|----|----|----|----|----|----|----|----|----|
**************************************************|
Integrating data
Warning: Layer counts isn't present in the assay object; returning NULL
Merging dataset 3 into 21
Extracting anchors for merged samples
Finding integration vectors
Finding integration vector weights
0%   10   20   30   40   50   60   70   80   90   100%
[----|----|----|----|----|----|----|----|----|----|
**************************************************|
Integrating data
Warning: Layer counts isn't present in the assay object; returning NULL
Merging dataset 36 into 33
Extracting anchors for merged samples
Finding integration vectors
Finding integration vector weights
0%   10   20   30   40   50   60   70   80   90   100%
[----|----|----|----|----|----|----|----|----|----|
**************************************************|
Integrating data
Warning: Layer counts isn't present in the assay object; returning NULL
Merging dataset 23 into 19 1 17
Extracting anchors for merged samples
Finding integration vectors
Warning: Different cells in new layer data than already exists for scale.data
Finding integration vector weights
0%   10   20   30   40   50   60   70   80   90   100%
[----|----|----|----|----|----|----|----|----|----|
**************************************************|
Integrating data
Warning: Layer counts isn't present in the assay object; returning NULL
Merging dataset 9 32 into 24 30 35
Extracting anchors for merged samples
Finding integration vectors
Finding integration vector weights
0%   10   20   30   40   50   60   70   80   90   100%
[----|----|----|----|----|----|----|----|----|----|
**************************************************|
Integrating data
Warning: Layer counts isn't present in the assay object; returning NULL
Merging dataset 25 into 28
Extracting anchors for merged samples
Finding integration vectors
Finding integration vector weights
0%   10   20   30   40   50   60   70   80   90   100%
[----|----|----|----|----|----|----|----|----|----|
**************************************************|
Integrating data
Warning: Layer counts isn't present in the assay object; returning NULL
Merging dataset 13 into 27
Extracting anchors for merged samples
Finding integration vectors
Finding integration vector weights
0%   10   20   30   40   50   60   70   80   90   100%
[----|----|----|----|----|----|----|----|----|----|
**************************************************|
Integrating data
Warning: Layer counts isn't present in the assay object; returning NULL
Merging dataset 38 2 20 into 7 31 4
Extracting anchors for merged samples
Finding integration vectors
Finding integration vector weights
0%   10   20   30   40   50   60   70   80   90   100%
[----|----|----|----|----|----|----|----|----|----|
**************************************************|
Integrating data
Warning: Layer counts isn't present in the assay object; returning NULL
Merging dataset 18 into 15
Extracting anchors for merged samples
Finding integration vectors
Finding integration vector weights
0%   10   20   30   40   50   60   70   80   90   100%
[----|----|----|----|----|----|----|----|----|----|
**************************************************|
Integrating data
Warning: Layer counts isn't present in the assay object; returning NULL
Merging dataset 29 26 into 19 1 17 23
Extracting anchors for merged samples
Finding integration vectors
Finding integration vector weights
0%   10   20   30   40   50   60   70   80   90   100%
[----|----|----|----|----|----|----|----|----|----|
**************************************************|
Integrating data
Warning: Layer counts isn't present in the assay object; returning NULL
Merging dataset 11 into 24 30 35 9 32
Extracting anchors for merged samples
Finding integration vectors
Warning: Different cells in new layer data than already exists for scale.data
Finding integration vector weights
0%   10   20   30   40   50   60   70   80   90   100%
[----|----|----|----|----|----|----|----|----|----|
**************************************************|
Integrating data
Warning: Layer counts isn't present in the assay object; returning NULL
Merging dataset 40 into 28 25
Extracting anchors for merged samples
Finding integration vectors
Warning: Different cells in new layer data than already exists for scale.data
Finding integration vector weights
0%   10   20   30   40   50   60   70   80   90   100%
[----|----|----|----|----|----|----|----|----|----|
**************************************************|
Integrating data
Warning: Layer counts isn't present in the assay object; returning NULL
Merging dataset 37 8 into 7 31 4 38 2 20
Extracting anchors for merged samples
Finding integration vectors
Finding integration vector weights
0%   10   20   30   40   50   60   70   80   90   100%
[----|----|----|----|----|----|----|----|----|----|
**************************************************|
Integrating data
Warning: Layer counts isn't present in the assay object; returning NULL
Merging dataset 33 36 into 21 3
Extracting anchors for merged samples
Finding integration vectors
Finding integration vector weights
0%   10   20   30   40   50   60   70   80   90   100%
[----|----|----|----|----|----|----|----|----|----|
**************************************************|
Integrating data
Warning: Layer counts isn't present in the assay object; returning NULL
Merging dataset 27 13 into 24 30 35 9 32 11
Extracting anchors for merged samples
Finding integration vectors
Finding integration vector weights
0%   10   20   30   40   50   60   70   80   90   100%
[----|----|----|----|----|----|----|----|----|----|
**************************************************|
Integrating data
Warning: Layer counts isn't present in the assay object; returning NULL
Merging dataset 12 14 into 19 1 17 23 29 26
Extracting anchors for merged samples
Finding integration vectors
Finding integration vector weights
0%   10   20   30   40   50   60   70   80   90   100%
[----|----|----|----|----|----|----|----|----|----|
**************************************************|
Integrating data
Warning: Layer counts isn't present in the assay object; returning NULL
Merging dataset 5 into 6
Extracting anchors for merged samples
Finding integration vectors
Finding integration vector weights
0%   10   20   30   40   50   60   70   80   90   100%
[----|----|----|----|----|----|----|----|----|----|
**************************************************|
Integrating data
Warning: Layer counts isn't present in the assay object; returning NULL
Merging dataset 15 18 into 28 25 40
Extracting anchors for merged samples
Finding integration vectors
Finding integration vector weights
0%   10   20   30   40   50   60   70   80   90   100%
[----|----|----|----|----|----|----|----|----|----|
**************************************************|
Integrating data
Warning: Layer counts isn't present in the assay object; returning NULL
Merging dataset 22 into 16
Extracting anchors for merged samples
Finding integration vectors
Finding integration vector weights
0%   10   20   30   40   50   60   70   80   90   100%
[----|----|----|----|----|----|----|----|----|----|
**************************************************|
Integrating data
Warning: Layer counts isn't present in the assay object; returning NULL
Merging dataset 10 into 21 3 33 36
Extracting anchors for merged samples
Finding integration vectors
Warning: Different cells in new layer data than already exists for scale.data
Finding integration vector weights
0%   10   20   30   40   50   60   70   80   90   100%
[----|----|----|----|----|----|----|----|----|----|
**************************************************|
Integrating data
Warning: Layer counts isn't present in the assay object; returning NULL
Merging dataset 24 30 35 9 32 11 27 13 into 7 31 4 38 2 20 37 8
Extracting anchors for merged samples
Finding integration vectors
Error in .M2C(newTMat(i = c(ij1[, 1], ij2[, 1]), j = c(ij1[, 2], ij2[,  : 
  'R_Calloc' could not allocate memory (450661400 of 8 bytes)
Calls: run_rpca ... FindIntegrationMatrix -> - -> - -> .Arith.Csparse -> .M2C
In addition: Warning message:
package 'future' was built under R version 4.4.3 
Execution halted
