gene	cluster	avgExpr	logFC	statistic	auc	pval	padj	pct_in	pct_out	positive_direction	passes_primary_filter	rank
DCN	0	4.96303201548145	3.5945118614653	10195480	0.983771572723397	0	0	100	45.4558068544471	TRUE	TRUE	1
GSN	0	3.98390715990211	2.49407596915683	10062166	0.970907977929818	0	0	99.9304589707928	75.2462883307895	TRUE	TRUE	2
CFD	0	4.57375395905978	4.226407607232	10020012	0.966840498333312	0	0	96.4534075104311	14.166782294991	TRUE	TRUE	3
FBLN1	0	3.77185683023233	2.95104208911912	10010043	0.965878580031429	0	0	99.5132127955494	35.5903982239489	TRUE	TRUE	4
TNXB	0	2.72267545418689	2.54445571964147	9881133	0.953439931391073	0	0	94.6453407510431	9.60177605106147	TRUE	TRUE	5
MGP	0	4.70413208008236	3.04980225847448	9848876.5	0.950327470993372	0	0	99.7218358831711	65.200499514361	TRUE	TRUE	6
CCDC80	0	3.19115798931333	2.43639350834915	9827583.5	0.948272889149457	0	0	98.7482614742698	40.8491744137644	TRUE	TRUE	7
SFRP2	0	3.63283341235147	3.20716603504775	9674585.5	0.933509966453956	0	0	93.8803894297636	16.9141112806993	TRUE	TRUE	8
MFAP5	0	3.00743743567845	2.82418274678558	9652592.5	0.931387840943542	0	0	89.8470097357441	9.04676009435271	TRUE	TRUE	9
FBLN2	0	2.28344658938101	2.00896708786524	9615372.5	0.927796447704895	0	0	91.4464534075104	18.4404051616484	TRUE	TRUE	10
EFEMP1	0	2.33417657184518	2.05962258708025	9602407.5	0.926545442510401	0	0	91.7246175243394	18.1351463854586	TRUE	TRUE	11
LTBP4	0	2.47085594471612	1.83695787869428	9462220.5	0.913018665402764	0	0	95.5493741307371	40.6132926321632	TRUE	TRUE	12
CST3	0	3.45474250356699	1.84799552662923	9436417	0.910528861119222	0	0	97.9833101529903	74.4553905924795	TRUE	TRUE	13
SFRP1	0	2.02255132401866	1.92595143356466	9375818	0.904681605910495	0	0	84.1446453407511	5.68891355626474	TRUE	TRUE	14
ADH1B	0	2.15614253043275	1.99785313603533	9360940.5	0.903246061770034	0	0	85.7440890125174	8.03385597335923	TRUE	TRUE	15
OGN	0	1.9343848982294	1.74927904493993	9351619	0.902346621359662	0	0	86.7872044506259	11.8079644789788	TRUE	TRUE	16
C1R	0	2.96642046263232	1.77549251084404	9250579	0.892597175555445	0	0	98.4005563282337	55.4877202719578	TRUE	TRUE	17
IGFBP6	0	2.7974305145617	2.32703685842938	9230069	0.890618146127056	0	0	88.1084840055633	28.1670598029693	TRUE	TRUE	18
TIMP2	0	2.51708163732223	1.51879626519084	9209661.5	0.888649007021261	0	0	96.5229485396384	58.6929374219509	TRUE	TRUE	19
PLPP3	0	2.15438781842637	1.76185313040968	9109727.5	0.879006280210111	0	0	86.230876216968	28.1670598029693	TRUE	TRUE	20
CXCL12	0	2.06196372899427	1.65092605657304	9070136.5	0.87518610692394	0	0	88.8038942976356	24.1570695157486	TRUE	TRUE	21
FBN1	0	2.18377331203718	1.65572593353541	9062556.5	0.874454705506719	0	0	89.7079276773296	34.3416123213542	TRUE	TRUE	22
LUM	0	4.01906793464461	2.63373621258639	9051933.5	0.873429682122137	0	0	99.3741307371349	42.791730262245	TRUE	TRUE	23
CD55	0	2.09813722959992	1.78786139279606	9020521	0.870398660088042	0	0	82.4756606397775	23.4216733731095	TRUE	TRUE	24
ITM2A	0	1.71555348305153	1.6081375305014	8987349	0.867197862223657	0	0	77.3991655076495	7.50659081448592	TRUE	TRUE	25
PLAC9	0	2.3285171849025	1.782272379738	8954716.5	0.864049121227952	0	0	86.0222531293463	35.6597752185375	TRUE	TRUE	26
GPNMB	0	1.93284037766708	1.47908949927805	8936206	0.862263025458366	0	0	86.9262865090403	31.3028999583738	TRUE	TRUE	27
SCARA5	0	1.52984335318238	1.44323245608054	8926570.5	0.861333286889022	0	0	76.2169680111266	5.41140557791037	TRUE	TRUE	28
CYBRD1	0	1.72339043757066	1.31780479293069	8914326.5	0.860151851671021	0	0	86.5785813630042	30.9143887886777	TRUE	TRUE	29
PCOLCE2	0	1.64026901218159	1.58933188496596	8905070	0.859258683172538	0	0	73.8525730180807	3.13584015540447	TRUE	TRUE	30
GPX3	0	1.88716054046608	1.49633969877058	8800921	0.849209246998118	0	0	81.9888734353269	27.1125294852227	TRUE	TRUE	31
S100A10	0	2.67394360552223	1.61919798779495	8744920	0.843805657187331	0	0	94.0890125173853	51.0198418204524	TRUE	TRUE	32
PLTP	0	1.55393384605986	1.28065886550348	8716586	0.841071682549399	0	0	79.2072322670376	20.8963507700846	TRUE	TRUE	33
COL14A1	0	2.17140701428568	1.37070241518129	8686259	0.838145401443852	0	0	91.7941585535466	47.3983627029277	TRUE	TRUE	34
MFAP4	0	2.12021537124848	1.42930915694049	8675546	0.837111693873577	0	0	88.4561891515994	40.6132926321632	TRUE	TRUE	35
SERPING1	0	2.26148934557078	1.21984979892394	8673592	0.836923150553096	0	0	94.7148817802504	59.969474122381	TRUE	TRUE	36
FSTL1	0	2.27651997561377	1.46844634824741	8660499	0.835659794516728	0	0	91.0987482614743	46.8710975440544	TRUE	TRUE	37
MMP2	0	2.80883262082108	1.82729228972781	8645459.5	0.83420861884202	0	0	96.2447844228095	39.0176217566255	TRUE	TRUE	38
CD248	0	1.60050987799156	1.29447995432368	8600050	0.829827012950823	0	0	78.442280945758	21.8815040932427	TRUE	TRUE	39
PRELP	0	1.45473532114361	1.17681045303909	8592263	0.829075637906509	0	0	77.9554937413074	21.2016095462745	TRUE	TRUE	40
MRC2	0	1.59446778565654	1.18057758801808	8572297.5	0.82714914780156	0	0	83.518776077886	29.1799639239628	TRUE	TRUE	41
C3	0	2.17548305813246	1.56236089026191	8494386.5	0.819631441229387	0	0	89.0820584144645	24.628833078951	TRUE	TRUE	42
PSAP	0	2.13440767048207	1.13429782986448	8486109.5	0.818832785618525	0	0	91.7246175243394	60.5938670736784	TRUE	TRUE	43
S100A4	0	3.18540249361951	1.57188204068827	8443191	0.814691538689109	0	0	95.201668984701	65.353128902456	TRUE	TRUE	44
NPC2	0	1.85299502583023	1.12739147505704	8420831	0.81253400099926	0	0	86.3004172461753	48.0366310531428	TRUE	TRUE	45
C1S	0	2.81747966195104	1.5041335265076	8418477	0.812306861297923	0	0	97.7051460361614	56.2231164145969	TRUE	TRUE	46
PI16	0	1.44959899325229	1.39528807928929	8403176.5	0.810830501484706	0	0	64.5340751043116	2.87220757596781	TRUE	TRUE	47
CLU	0	1.93119750688747	1.36742255806672	8346334.5	0.80534576278317	0	0	82.6842837273992	28.3058137921465	TRUE	TRUE	48
CILP	0	1.29447787796165	1.17363040843622	8329319.5	0.803703969232509	0	0	66.759388038943	7.82572498959345	TRUE	TRUE	49
MGST1	0	1.18501607673879	1.05321810572664	8327272	0.803506404008003	0	0	67.5938803894298	10.3094213958651	TRUE	TRUE	50
MYH11	1	3.18802623739759	2.38536429933981	9068727.5	0.879956977941516	0	0	97.1288515406162	28.8485520299293	TRUE	TRUE	1
ADIRF	1	2.98580696857169	2.0112618171462	8771032.5	0.851071029769813	0	0	92.6470588235294	42.164334210891	TRUE	TRUE	2
TAGLN	1	3.89401145577154	2.19690923135811	8487507	0.823559976852041	0	0	97.8291316526611	55.8819454066787	TRUE	TRUE	3
PLN	1	1.96687241862954	1.4923835300667	8459495	0.820841915815793	0	0	82.4229691876751	23.7633365664404	TRUE	TRUE	4
ACTA2	1	3.94578650880874	2.30497716809701	8399040	0.814975844848124	0	0	98.3893557422969	53.2769848967715	TRUE	TRUE	5
MYL9	1	3.22268680909429	1.53468576470734	8337626.5	0.809016768686136	3.99257838653243e-304	8.44553177317349e-301	97.2689075630252	69.7381183317168	TRUE	TRUE	6
DSTN	1	3.04340785574019	1.33568094915233	8292454.5	0.804633638130325	1.28215531116531e-293	1.9587771612075e-290	95.5882352941177	74.8510461410559	TRUE	TRUE	7
TPM2	1	3.14921966713105	1.53463663497949	8278114.5	0.803242198916424	3.43554950491515e-295	5.90463598972886e-292	96.4285714285714	65.8999584314812	TRUE	TRUE	8
C11orf96	1	3.49068062388409	1.76595668743435	8275137.5	0.802953334583106	2.11571612018794e-296	4.15571982778915e-293	95.2380952380952	63.5582652071498	TRUE	TRUE	9
CARMN	1	2.30677538632305	1.36910656130407	8015945.5	0.777803410403929	1.24339507719764e-273	1.4866139664286e-270	87.1848739495798	44.0626299016212	TRUE	TRUE	10
MCAM	1	2.15181858309983	1.35247711826722	8008025.5	0.777034916779515	9.65580969685557e-296	1.77016740569221e-292	88.7254901960784	33.6843563807676	TRUE	TRUE	11
SORBS2	1	1.5135178864124	1.11623607483976	7990498.5	0.775334236507406	0	0	73.6694677871149	22.0867396425107	TRUE	TRUE	12
FLNA	1	2.29443445202788	1.08085502399826	7983310	0.774636721808025	7.27025532559852e-244	5.88013974113629e-241	89.4957983193277	64.8607454621034	TRUE	TRUE	13
TSC22D1	1	2.22556694263028	1.20367024310448	7958754.5	0.77225405196026	3.84110568442151e-247	3.40730855535184e-244	85.2941176470588	56.1452126922544	TRUE	TRUE	14
CSRP2	1	1.66390768225909	1.11860388720763	7884912.5	0.76508901329688	5.06613851184858e-287	6.63398775892019e-284	76.1204481792717	30.9962588333102	TRUE	TRUE	15
RERGL	1	1.75377045376644	1.29711743500554	7874466	0.764075368265638	0	0	71.7787114845939	17.2509352916724	TRUE	TRUE	16
SPARCL1	1	2.75148419033108	1.18719611385145	7709465.5	0.748065035907671	5.82466138421433e-199	3.40792262562787e-196	94.6078431372549	64.6529028682278	TRUE	TRUE	17
CAV1	1	2.22787208822801	1.05255327501507	7642879.5	0.741604061605244	1.52559572162082e-194	8.56170545894914e-192	87.1148459383754	56.4777608424553	TRUE	TRUE	18
LMOD1	1	1.07223356974793	0.787911526164626	7459758	0.723835411953336	1.52026709653863e-255	1.49306517456127e-252	60.4341736694678	20.6595538312318	TRUE	TRUE	19
NTRK2	1	0.983738152501138	0.738825035255776	7356802.5	0.713845431480061	5.89650594513202e-271	6.75616737438273e-268	56.9327731092437	15.3110710821671	TRUE	TRUE	20
TINAGL1	1	1.29705336819508	0.790531610330714	7335188.5	0.711748181328788	2.01911737153083e-196	1.15674392916097e-193	70.0980392156863	27.3105168352501	TRUE	TRUE	21
PPP1R12A	1	1.35954887166258	0.712570888041101	7281128.5	0.706502630150023	1.35534102001492e-154	5.17646148741532e-152	72.1288515406162	44.741582374948	TRUE	TRUE	22
CSRP1	1	1.49902667909871	0.822282662522215	7256631.5	0.704125636675621	1.47491881272848e-155	5.71250597622825e-153	69.6778711484594	41.5408064292642	TRUE	TRUE	23
SNCG	1	1.02649493590399	0.772115910486758	7211008.5	0.699698744677308	3.7382300048906e-244	3.21242459076521e-241	53.3613445378151	14.9369544131911	TRUE	TRUE	24
A2M	1	1.96665155124718	0.815332111650416	7164515.5	0.695187434818738	3.91351821083539e-128	1.0550768360761e-125	84.8739495798319	56.0205071359291	TRUE	TRUE	25
CRIM1	1	1.15923049029928	0.679056061977729	7147841	0.69356947434648	2.07511269735378e-154	7.71128703574752e-152	64.7759103641457	33.0331162532908	TRUE	TRUE	26
PTMA	1	3.35641555215704	0.655705854321839	7146768.5	0.693465407501507	1.77388420938263e-118	4.03140841932339e-116	98.109243697479	92.5176666204794	TRUE	TRUE	27
MT-ND1	1	4.80725783218853	0.52221720450996	7143243.5	0.693123369619429	4.93474446656709e-118	1.11229949250925e-115	99.859943977591	99.9307191353748	TRUE	TRUE	28
HSPB1	1	2.21113378640443	0.674477303417604	7114112.5	0.690296729749126	5.88529647177298e-116	1.29471814141828e-113	88.0952380952381	75.4191492309824	TRUE	TRUE	29
MYLK	1	1.43343475086656	0.705860290131181	7089923.5	0.687949622137895	6.61159408657767e-131	1.89387735194583e-128	73.2492997198879	42.0119163087155	TRUE	TRUE	30
CNN1	1	0.965489459991371	0.678045872121664	7079940.5	0.686980951449445	1.22321355033383e-189	6.22910174456109e-187	53.6414565826331	19.4402106138285	TRUE	TRUE	31
PPP1R14A	1	1.18634862951251	0.703442584691344	7074640	0.686466633210025	1.53556518944653e-153	5.63020095261201e-151	62.2549019607843	28.5298600526535	TRUE	TRUE	32
SYNPO2	1	1.1685995487189	0.667101871214403	7070927.5	0.686106401823581	7.75755734922719e-143	2.50970670054586e-140	63.7254901960784	33.2686711930165	TRUE	TRUE	33
KCNMA1	1	0.699286028064169	0.576408617304378	7061404	0.68518231734983	2.13333612661423e-270	2.34658440583059e-267	45.1680672268908	9.6716087016766	TRUE	TRUE	34
ZFHX3	1	1.16549912376208	0.626602306100923	7015555	0.680733496114256	2.82910415492446e-128	7.70272625309582e-126	65.3361344537815	37.3700983788278	TRUE	TRUE	35
SLC7A2	1	0.812332401725212	0.621743656376258	7004122	0.679624128992043	1.25601905598347e-210	8.42421171231451e-208	47.5490196078431	14.1194402106138	TRUE	TRUE	36
IGFBP5	1	2.43045407158183	0.918084929620653	6992309	0.678477889700982	1.82684866424728e-105	3.41744975633578e-103	84.9439775910364	61.2719966745185	TRUE	TRUE	37
SH3BGRL	1	1.41544871829003	0.569691363586876	6985235.5	0.677791533684279	1.0452736866072e-107	2.06791230992887e-105	73.4593837535014	55.9512262713039	TRUE	TRUE	38
NET1	1	1.10779325347638	0.653588199309619	6982429	0.677519213310931	2.59995436576765e-141	8.3135052446796e-139	60.2941176470588	28.003325481502	TRUE	TRUE	39
CAV2	1	1.20250082959896	0.623013853107616	6980047	0.677288083031467	3.23445358772879e-122	7.66760682835811e-120	66.1064425770308	38.2568934460302	TRUE	TRUE	40
PPP1R12B	1	1.15965436745813	0.621807302162699	6973053	0.676609441060614	2.1126254425138e-125	5.48066858902708e-123	64.7058823529412	35.3748094776223	TRUE	TRUE	41
NDUFA4	1	1.70258518685098	0.595740364478915	6937493	0.673158982312615	3.07554277290045e-99	5.22063893283886e-97	78.0812324929972	63.1148676735486	TRUE	TRUE	42
ACTG2	1	0.975637574512156	0.609183768435577	6932724	0.672696236593571	1.38386182216315e-158	5.59629650700949e-156	54.6218487394958	20.1745877788555	TRUE	TRUE	43
SELENOM	1	1.97457485046886	0.582888020998714	6914420.5	0.670920210955381	9.7696725052892e-95	1.56195479199388e-92	81.2324929971989	71.1653041429957	TRUE	TRUE	44
SPEG	1	0.616622485155967	0.513013213995168	6906455	0.670147302373908	2.1072814021508e-247	1.93160437592483e-244	41.3865546218487	8.74324511569905	TRUE	TRUE	45
GADD45B	1	1.62803712582966	0.812346944925927	6891854.5	0.668730586317941	1.32255197452665e-107	2.59777548196489e-105	66.4565826330532	41.4299570458639	TRUE	TRUE	46
NR2F2	1	1.50397512340729	0.61868361549842	6860523.5	0.665690475996412	1.22216011068079e-95	1.98864975642669e-93	73.9495798319328	51.8775114313427	TRUE	TRUE	47
BCAM	1	0.836443295979528	0.550176287822608	6816665	0.661434797003185	6.09959574916975e-149	2.20701030929499e-146	49.4397759103642	18.3317167798254	TRUE	TRUE	48
MYL6	1	2.7928548855539	0.55248533459805	6773107	0.657208276132956	5.02190565770578e-79	6.0835851841961e-77	93.0672268907563	86.0329776915616	TRUE	TRUE	49
RHOB	1	1.56078800994227	0.640582274526037	6771888.5	0.657090042612583	1.43340537306019e-86	2.05297991425949e-84	71.358543417367	51.5172509352917	TRUE	TRUE	50
ACTA2	2	4.48845207838646	2.85188072628451	7940628.5	0.909910258323015	0	0	99.9143101970865	54.613533030222	TRUE	TRUE	1
DSTN	2	3.52091685070388	1.84109048829814	7932383.5	0.908965470378348	0	0	99.2287917737789	75.0066862797539	TRUE	TRUE	2
MYL9	2	3.66908577753263	1.99718457422336	7892293.5	0.904371589395732	0	0	99.4001713796058	70.3664081305162	TRUE	TRUE	3
TPM2	2	3.58883204637725	1.98929147007627	7836948.5	0.898029650184386	0	0	99.3144815766924	66.5151109922439	TRUE	TRUE	4
TAGLN	2	4.3412860577362	2.63730714852848	7819697	0.896052814620115	0	0	99.9143101970865	57.0205937416421	TRUE	TRUE	5
MYH11	2	3.28602353102461	2.41539994005629	7735400	0.886393288923143	0	0	98.6289631533847	30.9975929392886	TRUE	TRUE	6
ADIRF	2	3.17922863375499	2.16467061110642	7671349.5	0.879053793441052	0	0	99.057412167952	42.9259160203263	TRUE	TRUE	7
RERGL	2	2.47692287005152	2.08785091832302	7670174	0.878919093837783	0	0	87.8320479862896	16.6488365873228	TRUE	TRUE	8
MCAM	2	2.63035577347063	1.85848908441964	7668894.5	0.878772476957831	0	0	98.2005141388175	34.1267718641348	TRUE	TRUE	9
LBH	2	1.87149204557463	1.44312905215008	7566700	0.86706209107412	0	0	88.8603256212511	28.1626103236159	TRUE	TRUE	10
TINAGL1	2	1.88397598729594	1.4414566292971	7557892.5	0.866052846705091	0	0	90.745501285347	25.5817063385932	TRUE	TRUE	11
PLN	2	2.15575027572247	1.65864950669427	7519809	0.861688888950003	0	0	91.7737789203085	24.3514308638673	TRUE	TRUE	12
MYL6	2	3.4047388511655	1.24057549378262	7484936.5	0.857692877112481	0	0	99.4858611825193	85.2768119818133	TRUE	TRUE	13
SPARCL1	2	3.17712600408127	1.63782666936833	7404126.5	0.848432923951961	0	0	99.4858611825193	64.9371489703129	TRUE	TRUE	14
MGST3	2	2.21086104364743	1.15565613311455	7374976.5	0.845092648804961	0	0	95.1156812339332	62.5702059374164	TRUE	TRUE	15
HES4	2	1.6912277411548	1.26758768065106	7327451	0.839646739834162	0	0	85.4327335047129	28.5905322278684	TRUE	TRUE	16
NET1	2	1.66300882101309	1.27263768598187	7277698.5	0.833945640717484	0	0	83.8046272493573	25.4613533030222	TRUE	TRUE	17
PHLDA2	2	1.57142032392277	1.24730511177454	7269432	0.832998389105042	0	0	81.2339331619537	22.2385664616208	TRUE	TRUE	18
SORBS2	2	1.74753415779755	1.3478131075479	7263894	0.832363794121712	0	0	84.3187660668381	22.2251939021129	TRUE	TRUE	19
CAV1	2	2.57961302066078	1.42244949808305	7251683.5	0.830964602708935	7.07207914141782e-308	4.93294975388514e-305	97.1722365038561	55.9775341000268	TRUE	TRUE	20
TPM1	2	2.99749565251757	1.29301731239905	7243378.5	0.830012939412336	1.93734629837554e-291	1.1098976220631e-288	98.3718937446444	76.1834715164483	TRUE	TRUE	21
BCAM	2	1.33826050503162	1.11110350915633	7197392.5	0.824743440513195	0	0	77.4635818337618	15.044129446376	TRUE	TRUE	22
CRIP2	2	1.74412641064838	1.17663984986556	7189487	0.823837555601544	0	0	86.8894601542417	37.4030489435678	TRUE	TRUE	23
NOTCH3	2	1.74472113429082	1.1901674290312	7148467	0.819137106663981	0	0	89.4601542416453	32.2679860925381	TRUE	TRUE	24
RCAN2	2	1.38553083937413	1.08463526836371	7114865.5	0.815286737698219	0	0	77.7206512425022	21.9844878309709	TRUE	TRUE	25
FRZB	2	1.75468600890335	1.2238541998277	7095306.5	0.813045487557561	0	0	85.6898029134533	31.8534367477935	TRUE	TRUE	26
GADD45B	2	2.29776764777248	1.55824127624045	7087082	0.812103048691472	7.17546056785359e-308	4.93294975388514e-305	85.8611825192802	39.2752072746724	TRUE	TRUE	27
SOD3	2	2.32339239577606	1.23625055172097	7085708	0.811945603132227	7.31516003659965e-272	3.65744701539007e-269	95.8868894601543	57.9700454667023	TRUE	TRUE	28
CALM2	2	2.70436199270503	0.962001327594157	7081743.5	0.811491314253315	9.39516678130807e-259	3.91451047453319e-256	97.8577549271637	80.9975929392886	TRUE	TRUE	29
MYLK	2	1.8609167528206	1.17541797549737	7073809.5	0.810582163549497	5.68444767800014e-300	3.39818753689839e-297	90.6598114824336	40.3851297138272	TRUE	TRUE	30
CAV2	2	1.58629005925755	1.04495170744533	7017522	0.804132224018217	1.77590083537533e-301	1.08523326826636e-298	85.0899742930591	36.2663813853972	TRUE	TRUE	31
CAVIN1	2	2.0578145144955	1.04056685090805	7015234	0.803870043931207	1.73606732617928e-256	6.91885730472522e-254	92.3736075407026	60.2701257020594	TRUE	TRUE	32
CSRP2	2	1.80375674243061	1.24123554147636	7010115	0.803283461822202	0	0	85.1756640959726	31.1580636533833	TRUE	TRUE	33
PPP1R14A	2	1.57689542141993	1.13038541719137	7008740	0.803125901673759	0	0	82.5192802056555	26.5445306231613	TRUE	TRUE	34
C11orf96	2	3.52244318856388	1.7410399551846	7006961	0.802922047488973	2.88931235923345e-251	1.10351667453556e-248	97.2579263067695	64.3487563519658	TRUE	TRUE	35
MAP3K20	2	1.59049617683987	1.02548799190564	6962913.5	0.797874679751836	4.71073484197017e-279	2.59080994838675e-276	83.1191088260497	40.3316394757957	TRUE	TRUE	36
CSRP1	2	1.79502227276668	1.13577104609287	6958417.5	0.797359486713726	7.24996260369991e-278	3.83397541613738e-275	86.2896315338475	39.930462690559	TRUE	TRUE	37
FLNA	2	2.38912893041206	1.15260289834537	6946625.5	0.796008250880675	6.34321157725221e-240	2.18039968953573e-237	95.2870608397601	64.8167959347419	TRUE	TRUE	38
MAP3K7CL	2	1.14773191942308	1.00231983424706	6921619	0.793142776079184	0	0	66.6666666666667	10.8986359989302	TRUE	TRUE	39
TBX2	2	1.30473134049949	0.94431254667702	6863947.5	0.786534245096671	0	0	77.8063410454156	24.0037443166622	TRUE	TRUE	40
EFHD1	2	1.11699724885572	0.874774307895919	6839732	0.783759410351484	0	0	71.2939160239932	18.4006418828564	TRUE	TRUE	41
PTMA	2	3.6084997858376	0.92424409612318	6829557	0.782593465253003	2.0417997846618e-212	6.03736046004461e-210	100	92.4177587590265	TRUE	TRUE	42
TSC22D1	2	2.20452310011548	1.13733138886662	6806555	0.779957684500642	1.65353495725499e-221	5.22650089535114e-219	93.9160239931448	55.8170633859321	TRUE	TRUE	43
NTRK2	2	1.16358838695465	0.920955543767257	6769549	0.775717196607335	0	0	69.5801199657241	14.7900508157261	TRUE	TRUE	44
ZFHX3	2	1.4391487980376	0.92108722616237	6763787.5	0.775056990938057	1.31673549312597e-249	4.96012456513302e-247	80.5484147386461	35.9721850762236	TRUE	TRUE	45
IGFBP7	2	3.58144502571677	1.15375774313243	6759848	0.774605566789117	4.2710085287197e-201	1.15145552481631e-198	99.5715509854328	84.8087723990372	TRUE	TRUE	46
YBX1	2	2.1984381917082	0.856909389132473	6745195.5	0.772926548552704	1.36388479043058e-201	3.75054678520507e-199	94.0017137960583	71.2623696175448	TRUE	TRUE	47
CRIP1	2	1.36874986374055	1.00301480749111	6733949.5	0.771637878422235	5.74406330552807e-292	3.36076589018546e-289	73.350471293916	24.2845680663279	TRUE	TRUE	48
CCDC3	2	1.0664199417765	0.843054320070589	6695510.5	0.76723318420695	0	0	67.0951156812339	16.501738432736	TRUE	TRUE	49
CARMN	2	2.25831388030546	1.26529718285763	6679390	0.765385949026599	6.13353433814825e-212	1.79431979536956e-209	88.6032562125107	45.3463492912544	TRUE	TRUE	50
RGS5	3	2.77166843623708	2.28619738830403	5286125.5	0.895982935710089	0	0	90.0937081659973	23.1957457584199	TRUE	TRUE	1
COL4A1	3	2.65727332544451	1.98560747627582	5111251.5	0.86634230006885	6.90774179830974e-292	1.72687265192472e-288	87.14859437751	39.9088376804254	TRUE	TRUE	2
COL4A2	3	2.30186208154251	1.58739630266673	5026165	0.851920385178767	1.11623792032899e-258	1.61554876690141e-255	85.9437751004016	44.3783236262345	TRUE	TRUE	3
COL18A1	3	2.23885132564128	1.4120768858307	4960143.5	0.840729932475746	5.8397683860272e-231	7.29944503851645e-228	88.7550200803213	50.7596859964548	TRUE	TRUE	4
IGFBP7	3	3.82777859840443	1.36203521638758	4861537	0.824016416810994	2.11900861766781e-189	1.66487479934992e-186	98.3935742971888	85.7052418333755	TRUE	TRUE	5
NDUFA4L2	3	1.69224115622045	1.44511235800204	4830194.5	0.81870395399442	0	0	73.3601070950469	13.965560901494	TRUE	TRUE	6
CCDC102B	3	1.22059682441203	1.09259962613233	4805755	0.814561529650297	0	0	70.0133868808568	9.09090909090909	TRUE	TRUE	7
NOTCH3	3	1.83520069003987	1.225913876139	4791503.5	0.812145941747915	2.40063936739874e-223	2.44500673941103e-220	87.2824631860777	35.5153203342618	TRUE	TRUE	8
ADGRF5	3	1.00403869164797	0.95456741853334	4776926.5	0.8096751825399	0	0	65.0602409638554	3.98835148138769	TRUE	TRUE	9
ITGA1	3	1.66319442645622	1.22106257461417	4753117.5	0.80563962611652	6.16485932510545e-228	7.37075941656847e-225	77.9116465863454	31.8941504178273	TRUE	TRUE	10
PDGFRB	3	2.12201038797024	1.11803415430724	4711850	0.798644904595168	1.56857188407599e-169	9.80321778186494e-167	90.4953145917001	60.0785008863003	TRUE	TRUE	11
CALD1	3	3.28556445345477	0.995170342025527	4686444.5	0.794338746053684	1.97193610531974e-156	1.04281290308053e-153	98.3935742971888	89.7062547480375	TRUE	TRUE	12
CYTOR	3	1.53058973251802	1.19303102862632	4608922	0.781198907218305	1.42433246290387e-226	1.63198826655806e-223	70.1472556894244	24.0314003545201	TRUE	TRUE	13
MYO1B	3	1.17491657741728	0.912508275162242	4585221.5	0.777181741230135	1.36825067874831e-232	1.7916916864238e-229	69.8795180722892	21.7523423651557	TRUE	TRUE	14
MYH9	3	1.78510787111664	0.918624614820658	4539945.5	0.769507590588572	8.27837521365021e-142	3.73191868852733e-139	85.9437751004016	55.2291719422639	TRUE	TRUE	15
SPARC	3	2.96407246464994	1.1804022646018	4518014	0.765790264968035	1.20817940554773e-129	4.61440631571625e-127	93.4404283801874	74.0567232210686	TRUE	TRUE	16
GJC1	3	0.918450474298355	0.796469165112264	4511829.5	0.764742010161012	0	0	61.1780455153949	10.0911623195746	TRUE	TRUE	17
EPS8	3	1.274641775908	0.846592210826157	4505078.5	0.763597735247566	2.27237034496386e-170	1.48780743133717e-167	75.7697456492637	31.982780450747	TRUE	TRUE	18
PRSS23	3	1.7065852621972	1.17476642340041	4500157.5	0.762763640024774	2.07583933819093e-166	1.21454268001941e-163	71.4859437751004	33.5527981767536	TRUE	TRUE	19
EPAS1	3	1.48921423519507	0.925340388706278	4499093	0.762583210363188	2.53045530383657e-154	1.28861093333707e-151	78.8487282463186	38.655355786275	TRUE	TRUE	20
MCAM	3	2.19606197126404	1.28428861144772	4496423.5	0.76213073785816	1.34769167614194e-152	6.50178480740828e-150	88.7550200803213	38.4274499873386	TRUE	TRUE	21
MEF2C	3	1.43821210113595	0.946433780418063	4487351.5	0.760593060178589	9.32120940256498e-168	5.57225950785075e-165	76.7068273092369	31.4256773866802	TRUE	TRUE	22
MIR4435-2HG	3	1.1124776371855	0.893421457287754	4457025.5	0.755452891162862	1.68660819616912e-226	1.85520155145819e-223	63.186077643909	17.6373765510256	TRUE	TRUE	23
UACA	3	1.27624903523135	0.888928435594098	4431268	0.751087069642629	2.93042836215877e-165	1.67883019856258e-162	70.0133868808568	28.5768548999747	TRUE	TRUE	24
IFITM3	3	2.91833852747382	0.838472647013406	4416478.5	0.748580292301137	2.64412184736918e-112	7.05929191075779e-110	93.0388219544846	86.2116991643454	TRUE	TRUE	25
PLXDC1	3	0.91033699454606	0.764356566225452	4395088.5	0.744954749359555	5.05397500606911e-260	7.72106992732747e-257	58.2329317269076	12.3575588756647	TRUE	TRUE	26
NR2F2	3	1.82776536837661	0.919752636213208	4382497	0.742820526641046	3.84550666981887e-117	1.14943030340597e-114	85.0066934404284	52.7348695872373	TRUE	TRUE	27
LHFPL6	3	1.34415557121911	0.800545301043817	4366030	0.740029417916453	4.25016179999636e-128	1.55833599117467e-125	74.9665327978581	39.8581919473284	TRUE	TRUE	28
ENPEP	3	0.743331720969676	0.676763034469281	4363851	0.739660083738347	0	0	52.8781793842035	5.71030640668524	TRUE	TRUE	29
PDGFA	3	1.143384761177	0.85120933696079	4336416	0.735009930835014	1.84477988691961e-175	1.2373073685464e-172	62.3828647925034	20.7520891364903	TRUE	TRUE	30
ANGPT2	3	0.86918310471025	0.739215211282551	4319243.5	0.732099241907276	3.88323163034781e-271	7.1189991068623e-268	54.7523427041499	9.77462648771841	TRUE	TRUE	31
COL5A3	3	0.785777914969133	0.681634971177486	4307485	0.730106210271999	2.96226403988841e-285	6.26609991022241e-282	53.2797858099063	8.77437325905292	TRUE	TRUE	32
MYL12A	3	1.91233326459669	0.75988098288193	4280921	0.72560368934165	4.73487806863383e-96	1.07606952073853e-93	80.5890227576975	65.5988857938719	TRUE	TRUE	33
ARPC5	3	1.4401783472839	0.750909427748029	4259198	0.721921703866195	1.25204580624442e-101	3.04690332972702e-99	74.0294511378849	48.5186123069131	TRUE	TRUE	34
THY1	3	1.61958057520405	0.969715868809011	4247018	0.719857229203808	1.11792509864176e-112	3.01390414583822e-110	69.2101740294512	36.6168650291213	TRUE	TRUE	35
STOM	3	1.24459354472366	0.703542968935849	4240012	0.718669732530188	2.65463409025558e-106	6.88677196678661e-104	70.1472556894244	40.6178779437832	TRUE	TRUE	36
ADAP2	3	0.670292962431747	0.582286584519409	4237399	0.718226836611238	1.76875149856707e-286	4.05324145492465e-283	50.4685408299866	7.40693846543429	TRUE	TRUE	37
SEPT4	3	0.858689146157822	0.650289473970464	4224628	0.716062189163508	4.38655705751176e-170	2.80525424475618e-167	57.2958500669344	16.8523676880223	TRUE	TRUE	38
CHN1	3	0.791896154840733	0.662736506851107	4210640	0.713691263746639	1.27942561723639e-216	1.25653303744227e-213	51.5394912985274	11.192707014434	TRUE	TRUE	39
PHLDA1	3	1.1981218959275	0.775755643791332	4202004	0.712227486802108	5.48625006008746e-124	1.95930377145903e-121	64.6586345381526	26.7662699417574	TRUE	TRUE	40
JAG1	3	1.16084247748945	0.694669911102898	4201215.5	0.712093838339769	1.48129464246258e-113	4.15654299725289e-111	70.281124497992	31.0458343884528	TRUE	TRUE	41
GUCY1A2	3	0.620963311224105	0.577640296161649	4195179	0.711070669103357	0	0	45.6492637215529	3.82375284882249	TRUE	TRUE	42
EDNRA	3	0.982083903982803	0.66780588625421	4184217.5	0.709212726655758	2.26617788116907e-131	9.16435669915709e-129	61.4457831325301	23.1704228918714	TRUE	TRUE	43
TBX2	3	1.11927691539498	0.691101002661725	4183851	0.709150605969078	2.26780493360307e-117	6.85300745814845e-115	67.4698795180723	27.8424917700684	TRUE	TRUE	44
EGFL6	3	0.861850311244901	0.764376340610414	4162599.5	0.705548538375669	3.20449090470729e-257	4.40601476942729e-254	46.9879518072289	7.58419853127374	TRUE	TRUE	45
ITGB1	3	1.90647951103638	0.651424209062182	4157407.5	0.704668509439124	2.17160023355111e-78	3.77954650774822e-76	83.5341365461848	70.1190174727779	TRUE	TRUE	46
SEPT7	3	1.85930675599489	0.622654382268092	4156074.5	0.704442569806533	3.92287088045144e-78	6.78459285166881e-76	84.7389558232932	70.5115219042796	TRUE	TRUE	47
OLFML2B	3	0.728640490033081	0.589922369789057	4148415	0.703144306778901	1.9982839509053e-192	1.61620030488073e-189	50.6024096385542	11.6358571790327	TRUE	TRUE	48
CTSC	3	1.23037909283044	0.792513286434581	4140489.5	0.70180095752301	2.82303841572755e-113	7.84148822162545e-111	62.516733601071	26.538364142821	TRUE	TRUE	49
ARHGDIB	3	0.728893475871371	0.604022486637783	4129924	0.700010135926503	3.74005861383617e-209	3.3176732845768e-206	48.7282463186078	9.73664218789567	TRUE	TRUE	50
COL1A1	4	4.78427904621374	2.58864407383991	5133644.5	0.896298470949294	1.31120523004447e-276	2.25355203881206e-273	98.8934993084371	75.5364806866953	TRUE	TRUE	1
COL3A1	4	4.71054887514636	2.61713526535998	5117736	0.893520957970922	2.44292157991067e-275	3.73210558477575e-272	99.4467496542185	70.0959353698561	TRUE	TRUE	2
CTHRC1	4	2.15372685086516	1.83867365130549	5083797	0.887595445636449	0	0	86.030428769018	19.300681646049	TRUE	TRUE	3
COL1A2	4	4.63401575537074	2.28772046903444	5008081.5	0.874376048212814	3.48164508892064e-247	4.35189810455585e-244	99.7233748271093	75.1704115122444	TRUE	TRUE	4
VCAN	4	2.34194864706291	1.65376105433419	4961880	0.866309589032486	2.52040453571568e-290	5.33143110212658e-287	92.8077455048409	37.3138096440293	TRUE	TRUE	5
COL6A3	4	2.97679750859926	1.81505660780373	4861857	0.848846271897893	9.60582744916788e-237	1.01596403471026e-233	97.372060857538	48.9522847765716	TRUE	TRUE	6
POSTN	4	2.41634879655776	1.94695005576597	4856870	0.847975576532324	0	0	84.2323651452282	20.6134814440798	TRUE	TRUE	7
THBS2	4	1.78595808093422	1.36970315877384	4822431	0.841962767690376	3.72833892327354e-303	8.5437993375916e-300	84.6473029045643	26.0792729108811	TRUE	TRUE	8
LUM	4	4.02243801043686	2.39970603248348	4818963	0.84135727911452	3.9040134207158e-228	3.83415946629514e-225	99.0318118948824	47.9298157031053	TRUE	TRUE	9
BGN	4	2.40810611388798	1.4327381284194	4818219	0.841227381911395	6.11042030920127e-220	5.79415338216296e-217	91.2863070539419	54.4938146932593	TRUE	TRUE	10
FAP	4	1.30714699041245	1.12194150709348	4775385	0.83374886470892	0	0	76.6251728907331	13.4309517798536	TRUE	TRUE	11
MMP2	4	2.92561277537424	1.78980812524368	4744636	0.828380304092146	7.67261070968373e-218	7.03297073018643e-215	96.5421853388658	44.1555162837667	TRUE	TRUE	12
CDH11	4	1.44957448184949	1.08209833231738	4698944.5	0.820402887349444	1.38342191294522e-269	1.90213595920403e-266	82.4343015214384	25.675334511487	TRUE	TRUE	13
FN1	4	3.21873182852728	1.68294536773481	4652760.5	0.812339483546878	6.54845283912892e-177	4.1878117354234e-174	94.7441217150761	64.5544054531684	TRUE	TRUE	14
MXRA5	4	1.34268540170886	1.08848036576779	4646526	0.811250983395157	0	0	75.3803596127248	18.0257510729614	TRUE	TRUE	15
SPARC	4	3.2566035434445	1.49605506967987	4641695.5	0.810407611836429	5.23901579306695e-171	3.00141031861558e-168	95.5739972337483	73.9207270891189	TRUE	TRUE	16
SULF1	4	1.5742686669756	1.17379063370868	4627874	0.807994474480263	1.31327121484492e-245	1.57015848421828e-242	79.3914246196404	26.7104266599344	TRUE	TRUE	17
COL5A2	4	2.10250933077707	1.28944875342513	4605821	0.804144174721515	4.72955109440459e-187	3.51507906878465e-184	90.4564315352697	44.78667003282	TRUE	TRUE	18
SFRP4	4	1.78359795304355	1.58469502233877	4552992.5	0.794920687631098	0	0	66.5283540802213	10.1868215097198	TRUE	TRUE	19
AEBP1	4	2.04236127059281	1.18215090894552	4543979.5	0.793347080787331	2.68492913907394e-165	1.44770326265479e-162	86.030428769018	52.5751072961373	TRUE	TRUE	20
MARCKS	4	2.19711844580139	1.19989814506867	4525219.5	0.790071715826822	2.20574956230532e-163	1.1444510795063e-160	91.2863070539419	50.391315324413	TRUE	TRUE	21
RARRES2	4	2.50535659357065	1.37403200777774	4489126.5	0.783770130138142	7.75618749358052e-153	3.44011935299953e-150	88.1051175656985	54.6705377429942	TRUE	TRUE	22
C1S	4	2.79536233294133	1.34424211262955	4474389.5	0.781197152876787	6.1667143716371e-146	2.42254969293784e-143	97.372060857538	59.9974753850038	TRUE	TRUE	23
NBL1	4	1.68634798584632	1.08999789342214	4468046.5	0.780089709382943	2.67589030902624e-167	1.50172056342679e-164	79.253112033195	40.343347639485	TRUE	TRUE	24
HTRA1	4	1.89193405270263	1.10551198954059	4466971	0.779901934595362	6.77117436676643e-157	3.10334206519517e-154	86.7219917012448	46.5791466801313	TRUE	TRUE	25
PCOLCE	4	1.99621663731677	1.13366189665235	4453130.5	0.777485479971912	4.74844181132208e-155	2.14061313720567e-152	88.1051175656985	45.7838929563242	TRUE	TRUE	26
CTSK	4	1.75813329849363	1.14597177350764	4432062.5	0.773807154332892	1.42599107626029e-172	8.34326140554928e-170	80.359612724758	33.968694774047	TRUE	TRUE	27
VMP1	4	1.9449826897383	1.05922937397771	4430803	0.77358725443056	1.33657409939919e-145	5.17668326188426e-143	90.7330567081605	50.4039383993941	TRUE	TRUE	28
C3	4	2.21324063868983	1.46255354961323	4428470.5	0.773180016223183	8.4297840237728e-179	5.51930073499353e-176	79.9446749654219	31.27997980308	TRUE	TRUE	29
SERPINF1	4	1.9653718038398	1.19289713653364	4421848.5	0.772023861278168	1.81225436119566e-158	8.59227287560679e-156	82.4343015214384	39.7248169654128	TRUE	TRUE	30
COL5A1	4	1.60634573064056	1.0094718019348	4398835	0.768005864928558	3.25492933447496e-159	1.59834467444155e-156	82.7109266943292	36.7079020449381	TRUE	TRUE	31
ISLR	4	1.54602248819257	0.997995927421482	4390256	0.766508031453281	6.18584636784048e-165	3.27124210133164e-162	79.253112033195	33.4890179247665	TRUE	TRUE	32
IGFBP4	4	2.12709432391367	1.08469095869889	4383840.5	0.765387929965853	2.67494199957858e-133	8.86243735498931e-131	90.0414937759336	55.402676091896	TRUE	TRUE	33
CTSB	4	1.38871446939457	0.859075243984774	4365010.5	0.762100343494298	2.24790883940266e-151	9.51003771918979e-149	78.2849239280775	37.6546326685181	TRUE	TRUE	34
SULF2	4	0.880030785762145	0.725725805221555	4335261	0.756906288595968	1.34151390683134e-275	2.17001711317382e-272	62.2406639004149	12.2822519565766	TRUE	TRUE	35
EMILIN1	4	1.59444264649155	0.901211966406155	4330681	0.756106652587486	6.46874535887765e-135	2.16931742224118e-132	84.3706777316736	43.8651855592022	TRUE	TRUE	36
TMSB10	4	3.13312891667798	0.996595220030999	4313962	0.753187631970495	3.28648182819898e-113	8.52593998053243e-111	95.850622406639	84.0318101489523	TRUE	TRUE	37
MXRA8	4	1.32090691054374	0.820867461369395	4295689	0.749997293808268	1.9605542244471e-140	7.09385271290405e-138	77.1784232365145	36.2660944206009	TRUE	TRUE	38
THY1	4	1.61692331185939	0.963878299701967	4289692.5	0.748950346794106	9.06112013299968e-140	3.23599665632933e-137	80.2213001383126	35.710679121434	TRUE	TRUE	39
MDK	4	1.05901207575705	0.806955640513207	4287890.5	0.748635730181161	1.66040620352627e-209	1.42685969346153e-206	65.0069156293223	17.4577126988134	TRUE	TRUE	40
COL11A1	4	0.830898820679701	0.773769646728098	4284632	0.748066818841939	0	0	53.3886583679115	4.31709164352436	TRUE	TRUE	41
COL8A1	4	1.01370552382231	0.774107338299855	4257642.5	0.743354640664878	1.44416958608277e-205	1.20343089235424e-202	63.762102351314	16.8644281747034	TRUE	TRUE	42
NNMT	4	1.81666294394451	0.985864715013101	4225676	0.737773513052399	4.66349912368886e-115	1.23309194617615e-112	79.6680497925311	45.8217621812674	TRUE	TRUE	43
SERPINH1	4	1.65901131232349	0.851608189785184	4225054	0.737664916197099	1.02779519813754e-112	2.64143365921349e-110	84.2323651452282	47.9298157031053	TRUE	TRUE	44
PTGDS	4	1.76732143153234	1.29351695106945	4215822.5	0.736053160779565	3.61489728067881e-184	2.61594895582596e-181	64.4536652835408	18.3287048725069	TRUE	TRUE	45
PLXDC2	4	0.931003521170411	0.683312191042507	4208425.5	0.734761696247961	1.73986341343121e-180	1.16693912209621e-177	64.1770401106501	18.6569048220146	TRUE	TRUE	46
TIMP1	4	3.29951753829536	1.30526225492816	4201392.5	0.7335337835738	1.76369554875432e-97	3.54013605074416e-95	94.8824343015214	75.1577884372633	TRUE	TRUE	47
CHPF	4	0.802013177087815	0.613786658923405	4196806	0.732733012710721	1.71907691473606e-191	1.35065417366648e-188	60.7192254495159	16.6372128250442	TRUE	TRUE	48
DCN	4	3.59057876966285	1.7723792824386	4184848.5	0.730645316734426	1.61161233481796e-103	3.48958485001253e-101	98.478561549101	50.5175460742237	TRUE	TRUE	49
C1R	4	2.47755222204718	1.08176074044363	4178314.5	0.729504525974727	4.43418438988094e-98	8.96585562774529e-96	94.6058091286307	59.7071446604393	TRUE	TRUE	50
SOD2	5	2.54105767126487	1.93001037337584	3883012.5	0.859059497698489	4.29105107152241e-228	6.55553407865527e-225	87.6565295169946	36.111798169676	TRUE	TRUE	1
WNT5A	5	1.41958508042653	1.29258445217705	3651174.5	0.807768744494006	0	0	67.4418604651163	7.85307939648776	TRUE	TRUE	2
NEAT1	5	4.10476133454256	1.22126662659052	3591322.5	0.794527368357244	2.20601108237169e-120	1.21326197508278e-117	93.3810375670841	94.8553054662379	TRUE	TRUE	3
TMEM158	5	1.32926190341133	1.15498353232946	3555609	0.786626280897171	3.49998421054652e-284	8.02050548381822e-281	66.0107334525939	12.0331437051694	TRUE	TRUE	4
COL7A1	5	1.13808204061032	1.039161968535	3499871	0.774295066850676	0	0	60.4651162790698	7.30892901310908	TRUE	TRUE	5
IER3	5	1.72069574638656	1.42213326080697	3470089.5	0.767706347285465	1.93951175469137e-178	2.31889711922861e-175	65.6529516994633	20.7024486767252	TRUE	TRUE	6
CXCL8	5	2.05636413501534	1.98559268642539	3460211.5	0.765520984833434	0	0	55.4561717352415	3.47514222112293	TRUE	TRUE	7
SAT1	5	2.1024778045063	1.12411448559491	3455560	0.764491908760786	2.74031785023824e-105	1.27722034853731e-102	85.6887298747764	55.7259460796438	TRUE	TRUE	8
HIF1A	5	1.36901608669854	0.927823514376564	3410296.5	0.75447802403235	6.53114184105866e-124	3.82127381887813e-121	71.1985688729875	32.4511501360376	TRUE	TRUE	9
TNC	5	1.60012855773463	1.20877941840957	3406660	0.753673501805501	9.26825784613558e-151	7.49611242679066e-148	66.9051878354204	22.8790502102399	TRUE	TRUE	10
MMP1	5	1.92597573792123	1.85059408881865	3392644	0.750572667615619	0	0	52.5939177101968	3.48750927529063	TRUE	TRUE	11
FTH1	5	4.27908938568695	1.14921817006071	3385789.5	0.749056210141692	1.24376018525115e-86	4.22248905360756e-84	98.3899821109124	94.8058372495671	TRUE	TRUE	12
CXCL1	5	1.75674506699582	1.64816344806529	3371919	0.745987565690296	0	0	52.9516994633274	5.44150383378679	TRUE	TRUE	13
NAMPT	5	1.37494499252758	1.00595134076481	3357820.5	0.742868479586839	2.36823989851835e-127	1.48009611293991e-124	66.3685152057245	26.4160277022013	TRUE	TRUE	14
ACSL4	5	1.08693103540629	0.92656653252253	3348215	0.740743403758434	6.7461114945836e-190	9.27556599947772e-187	57.4239713774598	13.8263665594855	TRUE	TRUE	15
PLOD2	5	1.15897570302924	0.80828707769957	3317338.5	0.733912431522139	1.45467427554832e-120	8.16369140883737e-118	66.3685152057245	25.5503339104625	TRUE	TRUE	16
INHBA	5	1.2059680030411	0.979688690616058	3310458	0.732390221929995	1.057672968876e-160	1.11865188350465e-157	58.3184257602862	16.052436309671	TRUE	TRUE	17
COL5A2	5	1.86113486414829	1.00523506809648	3308066	0.731861027053982	7.35687480441092e-87	2.5288337530812e-84	78.5330948121646	46.5372248330448	TRUE	TRUE	18
PHLDA1	5	1.31933621179632	0.887313360790241	3289739	0.727806447416569	1.11209016403312e-109	5.36515217907838e-107	66.5474060822898	27.5166955231264	TRUE	TRUE	19
LOXL2	5	1.04867554734728	0.813700100576497	3288343	0.727497602915351	2.15873029008286e-152	1.8265846836893e-149	59.0339892665474	16.2874103388573	TRUE	TRUE	20
CEBPB	5	1.88989472188196	0.845603691194631	3279806	0.725608917022155	2.48521543471268e-75	7.3484880902327e-73	82.2898032200358	60.9943111550829	TRUE	TRUE	21
MMP3	5	1.89344664469109	1.83138564775667	3269858	0.723408068098	0	0	46.690518783542	2.79495424189958	TRUE	TRUE	22
TMEM132A	5	0.76488879229388	0.679614890994394	3268926	0.723201876783433	7.44156854317583e-241	1.36423795579195e-237	50.6261180679785	7.79124412564927	TRUE	TRUE	23
PLAU	5	1.47217697319241	1.17106806364998	3263663.5	0.722037625932673	5.27168033293552e-129	3.62414843688485e-126	58.1395348837209	19.7501855058125	TRUE	TRUE	24
COL12A1	5	1.66356884805615	0.978661421905012	3238868	0.716551985653332	2.38294348109226e-80	7.53201871109839e-78	71.3774597495528	41.219391540935	TRUE	TRUE	25
COL3A1	5	3.6184200122708	1.39642487665379	3232322.5	0.715103889892068	2.00096492958265e-66	5.00223041805394e-64	91.0554561717352	71.2713331684393	TRUE	TRUE	26
CHI3L1	5	1.14677837667899	1.05535404041785	3204243.5	0.708891823452448	6.33044862953376e-279	1.33908466818114e-275	45.9749552772809	5.10759337125897	TRUE	TRUE	27
IL24	5	1.07686206649015	1.06176491705049	3194277	0.706686881674946	0	0	42.0393559928444	0.9027949542419	TRUE	TRUE	28
COL6A3	5	2.30270754814758	1.05755265136241	3170650	0.70145975486242	9.54382377604786e-64	2.26246215532362e-61	79.964221824687	51.1377689834282	TRUE	TRUE	29
CD44	5	1.21581126100619	0.708751713323975	3153647	0.69769809078347	6.71737505679138e-72	1.92417809048652e-69	65.8318425760286	36.1612663863468	TRUE	TRUE	30
CTSB	5	1.22118479767319	0.662540201683907	3143652	0.69548684379946	1.55296837769144e-67	3.95417383501267e-65	69.2307692307692	39.1046252782587	TRUE	TRUE	31
ADM	5	0.878864813804616	0.729585327429934	3143522.5	0.69545819382603	5.30190833050362e-158	4.8599059060173e-155	47.9427549194991	10.2399208508533	TRUE	TRUE	32
GAPDH	5	2.62552412963009	0.732290707124339	3126959	0.691793762668487	2.20329942202649e-52	4.06634434941655e-50	89.087656529517	82.2038090526837	TRUE	TRUE	33
SERPINH1	5	1.54516785888538	0.712622238994036	3114623.5	0.689064714427242	3.12044311959595e-57	6.50068676861887e-55	75.8497316636852	49.2456096957705	TRUE	TRUE	34
COL4A1	5	1.64934882822601	0.86183781463918	3096998.5	0.685165441981702	1.0684616581957e-58	2.29543962021279e-56	69.2307692307692	42.2458570368538	TRUE	TRUE	35
TGFBI	5	0.999173445959094	0.664851905065112	3096903	0.685144314009019	8.60593235201464e-80	2.68925606531876e-77	56.350626118068	24.3136284936928	TRUE	TRUE	36
SLC25A37	5	1.19004604750007	0.673555221565333	3094618	0.684638791311824	6.38407488885071e-62	1.46296396140421e-59	66.3685152057245	37.3608706406134	TRUE	TRUE	37
STC1	5	0.840035037458579	0.8196158920403	3092419.5	0.684152405469468	0	0	37.9248658318426	1.29854068760821	TRUE	TRUE	38
PKM	5	1.46825089300379	0.611609938249616	3089183.5	0.683436487986701	4.58913622419545e-52	8.30241164665465e-50	74.0608228980322	54.9220875587435	TRUE	TRUE	39
VMP1	5	1.6526884035851	0.725244990954374	3084536	0.682408296855317	2.65426774963854e-52	4.833755552802e-50	79.2486583184258	52.0158298293347	TRUE	TRUE	40
AKR1B1	5	0.829230655749424	0.648483258512743	3084264.5	0.682348231467007	2.48782148239746e-101	1.10342907974916e-98	48.479427549195	16.3245115013604	TRUE	TRUE	41
COL6A1	5	2.3647279826319	0.736773095070434	3081169	0.681663397546146	1.52753298269345e-47	2.33364608283817e-45	86.4042933810376	75.7234726688103	TRUE	TRUE	42
CALU	5	1.19809550222053	0.597525295132125	3076833.5	0.680704231833373	1.64549429188186e-56	3.37682444272084e-54	67.7996422182469	41.4667326242889	TRUE	TRUE	43
GK	5	0.612113914083787	0.558445771107589	3074337.5	0.680152028484489	2.03777431500163e-229	3.29627975813116e-226	40.0715563506261	4.67474647538956	TRUE	TRUE	44
TIMP1	5	3.0522059544607	1.01438027965499	3067989.5	0.678747626698147	4.68314625160689e-46	6.88672934614642e-44	92.8443649373882	75.6987385604749	TRUE	TRUE	45
F3	5	0.963762380711963	0.680631285899625	3062239.5	0.677475523630808	3.0187502577014e-98	1.25776686873531e-95	50.2683363148479	15.6566905763047	TRUE	TRUE	46
TCIM	5	0.909023471047112	0.652618449626898	3058747.5	0.67670296990713	1.06156276933487e-93	3.9988924101287e-91	49.9105545617174	16.6460549097205	TRUE	TRUE	47
CXCL5	5	1.04318869279545	1.01853335375979	3057814.5	0.676496557357247	0	0	36.4937388193202	1.44694533762058	TRUE	TRUE	48
COL4A2	5	1.52127317369066	0.715936790759657	3054498	0.675762830431537	5.49160811997706e-51	9.37973488765522e-49	71.0196779964222	46.3764531288647	TRUE	TRUE	49
RAI14	5	0.648400100746408	0.49613655810446	3043035	0.673226810003553	9.66960672895604e-106	4.58456061102693e-103	46.1538461538462	13.2822161761069	TRUE	TRUE	50
C1S	6	3.0122112403867	1.5353371118201	3284639.5	0.825158593544316	9.30520658638491e-136	4.26473126531664e-132	97.3360655737705	61.0763761186711	TRUE	TRUE	1
ADAMDEC1	6	2.1895341761324	2.07414269886744	3240740.5	0.814130400922872	0	0	66.3934426229508	5.79870050263577	TRUE	TRUE	2
TMEM176B	6	1.67402252201865	1.05939109593641	3027506.5	0.760562309954037	1.33065026662066e-109	4.5739439602252e-106	76.6393442622951	35.3683952433493	TRUE	TRUE	3
EMILIN1	6	1.69234743275972	0.979010429711643	3008899.5	0.755887907801205	3.32438049612929e-94	7.03208763561994e-91	77.6639344262295	45.4333701115606	TRUE	TRUE	4
CCL2	6	1.71606774279493	1.31960288850791	2981210	0.748931823617249	1.00780323540051e-140	5.5427162340557e-137	64.9590163934426	20.0931715091333	TRUE	TRUE	5
CXCL14	6	1.80304222700034	1.53135658144741	2960118.5	0.743633271835314	9.47601262590526e-220	8.68602903999229e-216	57.5819672131148	9.68493318622042	TRUE	TRUE	6
CTSC	6	1.44918147382802	0.999241941888483	2921875.5	0.734025964825545	5.75839120736349e-103	1.4395454528299e-99	67.827868852459	27.3630011033468	TRUE	TRUE	7
C1R	6	2.45418823786277	1.02583387796006	2867356	0.720329717812519	1.68790701108936e-63	1.78522134222871e-60	90.3688524590164	60.9660414368027	TRUE	TRUE	8
PTGDS	6	1.86842130232886	1.36339949361385	2863976	0.719480603002149	1.8648388027967e-111	7.32588603401521e-108	60.655737704918	19.8847615544931	TRUE	TRUE	9
VCAM1	6	1.12703235012996	0.84508644754542	2841395.5	0.713807988512331	6.01261911260415e-108	1.83712236641668e-104	57.172131147541	19.4924604634057	TRUE	TRUE	10
SOD2	6	1.6808747519081	1.00156706402817	2803134.5	0.70419615958937	2.31310353060734e-66	2.76556669513788e-63	67.827868852459	37.7467206080667	TRUE	TRUE	11
TYMP	6	1.20564302313083	0.723492755701219	2795305	0.702229252959843	1.04360119830095e-69	1.30445406145809e-66	64.344262295082	33.247517469658	TRUE	TRUE	12
CFH	6	1.39175367506034	0.724234615148459	2771699.5	0.69629914063552	7.63291741607259e-59	6.7708901943413e-56	72.9508196721312	41.0935392914062	TRUE	TRUE	13
LUM	6	3.13364435032691	1.38860487896085	2756554	0.692494327511119	6.56163834248708e-52	4.62662802000134e-49	89.9590163934426	49.9448326590659	TRUE	TRUE	14
APOE	6	1.54713232531416	0.989708902043853	2744574	0.689484743064893	8.65444616340314e-70	1.13327911927344e-66	60.2459016393443	26.7132524212333	TRUE	TRUE	15
TMEM176A	6	1.11140171816263	0.677207050336402	2741614.5	0.688741265171019	9.11815142394469e-66	1.04475019169606e-62	61.0655737704918	29.1528748314331	TRUE	TRUE	16
ADAM28	6	0.893046475780019	0.828895795160198	2730572.5	0.68596732264554	5.99081524192991e-235	8.23707141689152e-231	40.5737704918033	4.29079318376854	TRUE	TRUE	17
CCL11	6	1.27701314965516	1.13973894852024	2729606.5	0.685724646637606	5.03417071098702e-174	3.4608665095358e-170	42.6229508196721	6.75493441216133	TRUE	TRUE	18
A2M	6	2.07399244788017	0.83513717067221	2727952	0.685309007450103	8.07247261289298e-46	4.43969848763888e-43	79.5081967213115	59.6665440725757	TRUE	TRUE	19
VMP1	6	1.60523200447458	0.668636806000566	2678201	0.67281069060668	1.03564688690779e-41	4.38142365278112e-39	76.6393442622951	52.4089738874586	TRUE	TRUE	20
RARRES2	6	2.0551891292533	0.857347534215	2678174	0.672803907736893	9.18076852177606e-41	3.60659933686171e-38	73.5655737704918	56.5036165256835	TRUE	TRUE	21
C3	6	1.73029957866649	0.908584498729222	2639470	0.663080789505946	1.06629702643141e-45	5.7494317509485e-43	62.5	33.7256344244207	TRUE	TRUE	22
COL3A1	6	3.27639037266103	1.02177826629841	2639038	0.662972263589354	1.88175121110938e-34	5.8802586993519e-32	94.0573770491803	71.2639450778472	TRUE	TRUE	23
NNMT	6	1.55668979858893	0.681936058690048	2629850	0.660664078122582	9.42280269754535e-38	3.1989833503679e-35	68.2377049180328	47.4806914306731	TRUE	TRUE	24
MMP2	6	2.05088870658754	0.811189210925509	2591727.5	0.651087042809455	1.28646081265724e-33	3.76344530715548e-31	78.8934426229508	46.7206080666912	TRUE	TRUE	25
CD74	6	1.26425038865724	0.653068676995998	2587619	0.650054916123535	1.00654048253688e-38	3.59465671808855e-36	58.4016393442623	34.3631236974378	TRUE	TRUE	26
CDH11	6	0.915655818496563	0.485062663225718	2586675.5	0.649817892507089	1.44328314304778e-42	6.50636772961818e-40	56.5573770491803	28.8586490131176	TRUE	TRUE	27
IGKC	6	1.53196090090575	0.689049454652129	2581579.5	0.648537688639145	4.01531303043046e-34	1.22685658915341e-31	66.8032786885246	42.3439990192473	TRUE	TRUE	28
ZFP36L2	6	1.64024082966383	0.583158110777149	2580880	0.648361962068182	3.08300734203752e-30	7.18471346599066e-28	75.6147540983607	58.0728208900331	TRUE	TRUE	29
GGT5	6	0.682192232879257	0.448213021385526	2569592	0.645526220062423	3.52024857502953e-55	2.68898098790936e-52	45.2868852459016	17.9355155081525	TRUE	TRUE	30
UGCG	6	0.824279549093154	0.488853697941677	2567157.5	0.644914631303296	4.08479488740763e-43	1.90386058659021e-40	50.2049180327869	25.6957214662253	TRUE	TRUE	31
FBLN1	6	2.05380144470953	0.786511159548478	2559715.5	0.643045071416082	5.84394071011807e-31	1.40967127708366e-28	79.0983606557377	44.2564668382984	TRUE	TRUE	32
PPA1	6	0.967357462820043	0.471304750093219	2548548	0.640239601106964	1.55205720678599e-32	4.22574466627802e-30	56.9672131147541	37.6609047443913	TRUE	TRUE	33
WARS	6	0.688673191477984	0.464207449978176	2541576	0.638488113397524	8.8341817969206e-50	5.64956198217488e-47	42.827868852459	18.278778962854	TRUE	TRUE	34
C2	6	0.670189164850005	0.406948703155762	2535510.5	0.636964354260748	1.2274185646461e-43	5.81944536365571e-41	46.3114754098361	21.4049282824568	TRUE	TRUE	35
LAP3	6	0.767745890494933	0.507292999399403	2532959.5	0.636323498674577	4.34559445211416e-43	1.99165836397812e-40	43.6475409836066	21.6868946916759	TRUE	TRUE	36
TNFSF10	6	0.680982821732808	0.482445506685463	2520228.5	0.633125249961313	2.34922115131005e-52	1.70003243262829e-49	39.7540983606557	15.3365207796984	TRUE	TRUE	37
PDPN	6	0.640910718123799	0.413199872752389	2514315	0.631639675869262	1.97738759792225e-48	1.20835959011697e-45	41.5983606557377	16.5379428711536	TRUE	TRUE	38
CTSK	6	1.21195088035629	0.534098490245212	2512951.5	0.63129714094502	4.30788424563887e-29	9.11250068237103e-27	60.0409836065574	36.5207796984185	TRUE	TRUE	39
IL6ST	6	1.11971640451357	0.466622047558103	2512617.5	0.631213234333581	1.95726683379152e-26	3.84449147588806e-24	63.3196721311476	44.6978055657717	TRUE	TRUE	40
TCIM	6	0.833377769581505	0.566766665993985	2504502.5	0.629174605136492	4.56834255285629e-45	2.41397511518394e-42	40.7786885245902	17.4819173715827	TRUE	TRUE	41
TPT1	6	3.71054454970907	0.323716427241698	2498306	0.627617936520378	2.4056580309895e-21	3.27491040565248e-19	99.1803278688525	97.2906705896776	TRUE	TRUE	42
TCF21	6	0.85687715667748	0.503242247745283	2492407	0.626136005080621	5.13400850127776e-33	1.41180099776637e-30	46.1065573770492	26.0267255118303	TRUE	TRUE	43
FGF7	6	0.946134877519943	0.4922117585016	2488476	0.625148469483115	3.64836552135571e-31	8.95771459569293e-29	50.2049180327869	27.7185239671448	TRUE	TRUE	44
CD63	6	2.67089032722395	0.391120184752019	2486809	0.624729690078119	1.69721472750168e-20	2.14090402713617e-18	90.5737704918033	87.4341056761064	TRUE	TRUE	45
CTSS	6	0.577500930920552	0.377645852889112	2484362.5	0.624115086710198	1.65703596240485e-42	7.2328304651065e-40	39.7540983606557	17.0773568713988	TRUE	TRUE	46
BASP1	6	0.766548517114724	0.400828240489859	2482339.5	0.623606873910973	1.04042346865334e-31	2.64913008930539e-29	47.9508196721312	26.0022066936374	TRUE	TRUE	47
NFKBIA	6	1.31552019021566	0.480203590661334	2480976.5	0.62326446459543	4.32613415643386e-22	6.17408656348309e-20	65.5737704918033	52.7031997057742	TRUE	TRUE	48
TIMP1	6	2.78275535365471	0.71998020072606	2479965.5	0.623010483804517	3.55277700389384e-20	4.38106792959986e-18	86.4754098360656	76.2290057619223	TRUE	TRUE	49
CALR	6	1.4353719110746	0.3826315933477	2477548.5	0.622403291349882	1.00153005226248e-20	1.29300821160404e-18	72.7459016393443	62.5107269829594	TRUE	TRUE	50
CXCL14	7	3.37883085449802	3.15348005308343	2828996	0.93853001243413	0	0	92.3076923076923	8.87573964497041	TRUE	TRUE	1
F3	7	2.49655249968627	2.2647693704042	2775978	0.920941092478346	0	0	89.8351648351648	14.7325202270257	TRUE	TRUE	2
PDGFRA	7	2.05881968601709	1.60899847521994	2629566	0.872368363432245	1.16061543059112e-187	1.2275293740702e-184	88.1868131868132	29.0786136939983	TRUE	TRUE	3
PLAT	7	2.23279290268663	1.75248218499442	2601753.5	0.863141462450121	1.00082675849882e-172	9.49025345929626e-170	85.989010989011	30.9503683130057	TRUE	TRUE	4
FENDRR	7	1.16210000513361	1.05899476415044	2450217	0.812868661347106	0	0	68.4065934065934	8.13911363361913	TRUE	TRUE	5
POSTN	7	2.3127341879698	1.75437628916014	2397712	0.795449931061572	8.63406463744047e-136	6.41697685040474e-133	76.6483516483517	23.7048665620094	TRUE	TRUE	6
COL6A1	7	2.78004594460746	1.15299734669947	2380780	0.789832676682091	1.98297190518356e-79	7.78996348866324e-77	96.978021978022	75.5102040816327	TRUE	TRUE	7
EDNRB	7	1.12216132607866	0.986308344245233	2334361.5	0.774433165554407	2.81931512883836e-198	3.52401576036027e-195	62.3626373626374	11.1822243690376	TRUE	TRUE	8
SOX6	7	1.05855432956545	0.957839540232992	2323623.5	0.770870793860167	3.65994563652127e-245	7.74191115836142e-242	59.8901098901099	7.95797608984422	TRUE	TRUE	9
EMILIN1	7	1.71823943949931	0.991380808286634	2316896	0.768638920552941	6.15918213207434e-79	2.3201554719166e-76	80.7692307692308	45.7794952300447	TRUE	TRUE	10
FOXF1	7	1.21097546312767	0.911531242007683	2306647	0.765238776439115	3.82683170382968e-112	2.39168284144574e-109	68.956043956044	23.258060620698	TRUE	TRUE	11
DDHD1	7	1.12673807345445	0.976536787871168	2304491	0.764523515368824	4.42510196220149e-167	3.92535093092189e-164	61.8131868131868	12.9332206255283	TRUE	TRUE	12
WNT5A	7	1.2025722644822	1.03559498689348	2297100	0.762071523452999	1.70713226232166e-202	2.34722150407916e-199	60.989010989011	9.53991063881174	TRUE	TRUE	13
COL5A1	7	1.65805328195594	1.01968933655946	2286746.5	0.758636711073011	4.97917873842253e-79	1.90170050177613e-76	77.7472527472528	38.9204202391016	TRUE	TRUE	14
COL3A1	7	3.8737682584229	1.63011437514883	2280154.5	0.756449790397985	4.6595202366677e-63	1.33470986445964e-60	98.3516483516484	71.4164955923198	TRUE	TRUE	15
TRPA1	7	1.01539979957752	0.974969979758724	2275696.5	0.7549708322109	0	0	53.2967032967033	3.10348991667673	TRUE	TRUE	16
LAMA4	7	1.45454499871944	0.917255214670521	2262187.5	0.750489170894315	1.16976190352773e-76	4.17756916689728e-74	73.6263736263736	36.6863905325444	TRUE	TRUE	17
COL6A2	7	3.01371978029778	0.908688921575747	2256241.5	0.748516563137382	2.76006888257554e-58	7.16029567942875e-56	96.4285714285714	85.810892404299	TRUE	TRUE	18
F2R	7	1.09036500306319	0.904598977135873	2253284.5	0.747535567318806	6.60730283322573e-140	5.19126344602498e-137	59.3406593406593	13.9475908706678	TRUE	TRUE	19
TCF4	7	1.73999187908523	0.885416238655354	2246038	0.74513151381887	9.8871614092856e-62	2.74633385448429e-59	81.5934065934066	54.83637241879	TRUE	TRUE	20
BMP4	7	0.992238492193748	0.875312223291435	2245495	0.744951371536325	1.7157734518103e-184	1.74748348708635e-181	55.7692307692308	9.21386306001691	TRUE	TRUE	21
PTCH1	7	0.987044223212079	0.872104116264922	2234784	0.741397957193151	1.96745382336871e-192	2.35230489951374e-189	54.945054945055	8.34440284989736	TRUE	TRUE	22
LAMB1	7	1.22430173818485	0.839271939506536	2232236.5	0.740552814532406	6.03447889599623e-82	2.44032551707353e-79	68.4065934065934	28.414442700157	TRUE	TRUE	23
HSD17B2	7	0.86237355342257	0.848369709803549	2230809.5	0.740079401940892	0	0	48.9010989010989	1.20758362516604	TRUE	TRUE	24
ALKAL2	7	0.901064268391581	0.836399101903378	2213673	0.734394303920931	2.55719494685537e-258	6.39275489487053e-255	50.8241758241758	5.04769955319406	TRUE	TRUE	25
DLL1	7	0.823543694570462	0.729719964563059	2199382	0.729653211177182	3.87433665680523e-189	4.26161534901949e-186	52.1978021978022	7.52324598478445	TRUE	TRUE	26
PDGFD	7	0.838945004463961	0.756898863296338	2190938	0.726851882569791	4.06799822113486e-201	5.3269468134756e-198	50.5494505494506	6.70208911967154	TRUE	TRUE	27
COL6A3	7	2.39626174292411	1.13031599477836	2176760.5	0.722148443875892	4.93631728855183e-52	1.17020507860247e-49	87.6373626373627	51.4792899408284	TRUE	TRUE	28
MCTP2	7	0.775274805333146	0.704059494759687	2173274.5	0.720991950327176	1.20309608311678e-205	1.83799662164602e-202	49.1758241758242	6.06206979833354	TRUE	TRUE	29
ETS2	7	1.01496185957106	0.715954558626558	2170936	0.720216144198755	1.35438480436959e-78	5.03300374802154e-76	61.8131868131868	23.2459847844463	TRUE	TRUE	30
NRG1	7	0.84867969123527	0.809880011228696	2165139	0.718292967749555	0	0	45.8791208791209	2.49969810409371	TRUE	TRUE	31
COL4A5	7	0.812741895317582	0.717721829056847	2147363	0.712395713210832	5.09371514193631e-161	4.24460826327596e-158	48.6263736263736	7.752686873566	TRUE	TRUE	32
ABCC4	7	0.672577650030171	0.612638850351172	2146763	0.712196660964926	1.93497597033569e-206	3.32561901301632e-203	46.978021978022	5.43412631324719	TRUE	TRUE	33
VCAN	7	1.68108692730265	0.892156201558741	2126232	0.705385424863749	1.23419854416457e-49	2.75928664764076e-47	73.6263736263736	40.5627339693274	TRUE	TRUE	34
RGS10	7	0.927396549281249	0.650897473905947	2103248.5	0.697760562707429	2.8211548549308e-64	8.34182122104752e-62	57.1428571428571	23.149378094433	TRUE	TRUE	35
TMEM176B	7	1.43455645959572	0.793535691330403	2094755.5	0.694942978166623	1.59795430762518e-47	3.32895041707461e-45	67.8571428571429	36.3724187900012	TRUE	TRUE	36
CYGB	7	0.847068825400282	0.607932176193574	2090226	0.6934402995869	2.89695581091465e-75	9.95792348054275e-73	53.8461538461539	17.2563700036228	TRUE	TRUE	37
HSP90B1	7	1.90004196959677	0.641091296456119	2089676.5	0.693258000905024	7.66876279812461e-37	1.17811904014318e-34	83.2417582417583	68.989252505736	TRUE	TRUE	38
A2M	7	2.07027153651417	0.818747327908971	2089177	0.693092289910307	5.55188707255951e-38	9.14199656337209e-36	85.7142857142857	59.6908585919575	TRUE	TRUE	39
PLAU	7	1.12022128034922	0.776065619858028	2088428.5	0.692843972233539	7.65190118351345e-66	2.3379958960604e-63	55.7692307692308	20.7583625166043	TRUE	TRUE	40
RBP1	7	0.796827018961362	0.609924301279038	2086191	0.692101673233179	2.83341095029938e-82	1.16292489137735e-79	50.8241758241758	15.0102644608139	TRUE	TRUE	41
CTSC	7	1.2663959035421	0.793459155278658	2081407	0.690514563325818	1.34179952449861e-52	3.23667939685854e-50	61.2637362637363	28.2574568288854	TRUE	TRUE	42
CDH11	7	1.02926732146852	0.596404732173019	2073051	0.687742429047827	2.76927240134174e-50	6.39934636676441e-48	64.2857142857143	28.9337036589784	TRUE	TRUE	43
AGT	7	0.737681712466087	0.683854838542955	2072772	0.68764986975348	1.90483243605815e-203	2.75689406100859e-200	40.9340659340659	4.0574809805579	TRUE	TRUE	44
PITX1	7	0.740899174131656	0.582227214842527	2072270.5	0.687483495251277	2.08698580734726e-91	9.72712249427837e-89	48.0769230769231	12.2086704504287	TRUE	TRUE	45
GJA1	7	0.851196169031198	0.664523079608846	2069740.5	0.686644158281038	3.66060526796468e-79	1.41778851075719e-76	49.1758241758242	14.7083685545224	TRUE	TRUE	46
ST5	7	0.968870078463895	0.594444317740328	2062064	0.684097450671536	6.74995367239872e-48	1.43380427305848e-45	60.1648351648352	29.658253834078	TRUE	TRUE	47
TMEM176A	7	1.10712202345337	0.662598713782451	2060622	0.683619061773874	1.2023145777513e-47	2.52385103615138e-45	60.7142857142857	29.6461779978264	TRUE	TRUE	48
PCDH18	7	0.8078712843133	0.592222147253316	2058936	0.683059724962877	3.27206759708508e-66	1.01099535789037e-63	50.5494505494506	17.9326168337157	TRUE	TRUE	49
TGFBI	7	0.955306026399651	0.603400393945793	2043196	0.677837921045263	8.48781327802443e-50	1.92893595897302e-47	56.5934065934066	25.0573602221954	TRUE	TRUE	50
DUSP1	8	2.92416601904479	1.54245778203831	1884727.5	0.842552458150158	1.69385440350922e-84	5.8224127802625e-81	95.1310861423221	64.9439006922893	TRUE	TRUE	1
C3	8	2.49205175349959	1.67064589491124	1811863	0.809978962200806	6.76848849202665e-91	3.10211108403735e-87	88.0149812734083	33.6715206493196	TRUE	TRUE	2
ZFP36	8	2.97641064369449	1.47871433297295	1809849	0.809078619498365	7.92271775446377e-69	1.08933407765e-65	94.0074906367041	66.3523513965147	TRUE	TRUE	3
CCDC80	8	2.69134822222615	1.58011847436186	1802990	0.806012358030619	6.06476078211914e-74	9.81028569102907e-71	95.1310861423221	49.0570541895441	TRUE	TRUE	4
EGR1	8	2.60626851081996	1.40781825762462	1784979.5	0.797960907066215	1.78829294579453e-67	2.34172703411447e-64	89.8876404494382	54.9653855335402	TRUE	TRUE	5
LMNA	8	2.50663041166754	1.11542731454315	1774904	0.793456734822699	3.42245210235374e-61	3.2453107021595e-58	93.6329588014981	72.9410360467892	TRUE	TRUE	6
CYR61	8	2.3710851916217	1.60139014042139	1774460.5	0.793258471670498	1.99060924028774e-76	3.64931756657818e-73	81.6479400749064	38.2907615182621	TRUE	TRUE	7
KLF6	8	2.1460699950741	1.25613082963616	1745662.5	0.78038455451812	9.48245454001494e-61	8.4115489482539e-58	84.6441947565543	53.0436858438768	TRUE	TRUE	8
FOSB	8	2.42447393359134	1.40225773379211	1745311	0.780227419235147	5.73139426675684e-63	5.62884324791237e-60	85.7677902621723	48.0544282645023	TRUE	TRUE	9
MEG3	8	1.93180760865442	1.17970142799009	1737170.5	0.776588273371582	7.99122919802782e-66	9.15628382152363e-63	85.0187265917603	41.0360467892098	TRUE	TRUE	10
NR4A1	8	2.26544483248896	1.3735843292535	1730152	0.773450708695773	4.60943352228419e-63	4.6946226825664e-60	82.3970037453184	42.9816185247076	TRUE	TRUE	11
ANXA1	8	2.02344350354683	1.02141975103217	1718049.5	0.768040382203077	3.16180514937385e-54	2.12064584884467e-51	84.6441947565543	57.5077584148962	TRUE	TRUE	12
THBS1	8	1.77864973399906	1.16864439855619	1704522.5	0.761993244300437	3.95235659945262e-63	4.1802251587826e-60	76.7790262172285	36.4048698973502	TRUE	TRUE	13
DCN	8	3.86925916405436	1.96347346442984	1698233	0.759181573284051	5.39089802246307e-52	3.44754197022586e-49	95.5056179775281	53.2227261876343	TRUE	TRUE	14
JUND	8	3.05238818898393	0.929399878850124	1689156	0.755123772534272	5.67900914086246e-46	2.83940131571958e-43	97.0037453183521	86.022917164001	TRUE	TRUE	15
MCL1	8	1.58429504575698	0.881010693129628	1667615.5	0.745494263109285	4.01441317342504e-49	2.29984058033365e-46	79.0262172284644	47.3621389353068	TRUE	TRUE	16
GPRC5A	8	1.01117042782599	0.89888914268043	1658016.5	0.741203106405845	1.54973676148792e-144	2.13081056020782e-140	54.6816479400749	8.77297684411554	TRUE	TRUE	17
S100A10	8	2.44637188760918	1.15805710153735	1644843.5	0.73531422139132	3.08852030713989e-42	1.36985838590387e-39	87.6404494382023	57.2451659107186	TRUE	TRUE	18
EFEMP1	8	1.583903891699	0.997564175844307	1643883.5	0.73488506101677	3.55361519409733e-58	2.79202469207093e-55	74.1573033707865	28.9806636428742	TRUE	TRUE	19
ZFP36L1	8	2.65861834845243	0.937760353488261	1637883.5	0.732202808675835	1.45262483477907e-38	5.54801810160968e-36	92.1348314606742	80.0787777512533	TRUE	TRUE	20
ATF3	8	1.39321948656113	0.968645652147081	1627844.5	0.727714953467392	1.68691473227411e-57	1.22074916375804e-54	64.4194756554307	27.070899976128	TRUE	TRUE	21
TSHZ2	8	1.08105323352123	0.772417025969533	1627762	0.727678072497704	2.97646599794538e-66	3.55868862945652e-63	62.9213483146067	21.7832418238243	TRUE	TRUE	22
PTGIS	8	0.981818034957251	0.754739755329798	1619892	0.72415985151051	2.15046207795215e-79	4.54888897550816e-76	58.4269662921348	16.1852470756744	TRUE	TRUE	23
EMP1	8	1.17204875274175	0.849684263546183	1614886.5	0.721922182495085	2.04640210888627e-59	1.65511798800775e-56	62.1722846441948	23.8481737884937	TRUE	TRUE	24
COL1A2	8	3.86151149038298	1.36608047086079	1610095	0.719780180479819	7.15167740871391e-35	2.39834118368566e-32	96.6292134831461	76.6053950823586	TRUE	TRUE	25
ABL2	8	0.906149874628407	0.740233538063862	1604528.5	0.717291720870516	1.07880538280597e-80	2.69691538379829e-77	54.3071161048689	14.6693721651946	TRUE	TRUE	26
MGP	8	3.42090931281158	1.29941084432678	1601856	0.716097000973658	3.45744768371318e-34	1.11671552747685e-31	95.1310861423221	70.1718787300072	TRUE	TRUE	27
SERPINE1	8	1.27262491860945	1.11760883797663	1599593.5	0.715085568320096	1.09412502005953e-109	7.52183598165426e-106	49.812734082397	9.5488183337312	TRUE	TRUE	28
FBLN1	8	2.49438227308078	1.22038586652022	1598029.5	0.714386394543226	1.23918801298352e-38	4.79949734775124e-36	90.6367041198502	44.8078300310337	TRUE	TRUE	29
COL1A1	8	3.73593904632373	1.36599893219272	1596498.5	0.713701973154231	4.75291720183013e-33	1.40538139928093e-30	94.7565543071161	76.9396037240392	TRUE	TRUE	30
SOCS3	8	1.61485083683113	0.909664641331357	1588900.5	0.710305347606492	3.8516265275015e-39	1.53501272289513e-36	71.5355805243446	40.7257101933636	TRUE	TRUE	31
NFKBIZ	8	1.11265622218702	0.766590449807806	1587845.5	0.709833718236544	8.81927913845928e-50	5.38936348952204e-47	60.6741573033708	26.5934590594414	TRUE	TRUE	32
MYC	8	0.994209981415864	0.741747065563917	1578692.5	0.705741942290447	3.83422479750598e-61	3.51457825688723e-58	55.4307116104869	18.5963237049415	TRUE	TRUE	33
MYADM	8	1.48086215552847	0.729121368833249	1575599.5	0.704359241208694	9.1308915200191e-34	2.88609638975868e-31	75.2808988764045	50.4416328479351	TRUE	TRUE	34
COL3A1	8	3.59604891029194	1.32467096872945	1572749.5	0.70308517134675	2.80507232450734e-30	7.48899843219682e-28	90.6367041198502	71.9742181904989	TRUE	TRUE	35
IGF1	8	0.955105175749456	0.74933826432646	1571717.5	0.702623823944109	3.8397228604614e-75	6.59928368373925e-72	52.059925093633	13.4877058963953	TRUE	TRUE	36
EGR3	8	0.777503062607539	0.682894989977145	1569935	0.701826971477823	2.07626243856485e-119	1.90317135993649e-115	46.4419475655431	7.30484602530437	TRUE	TRUE	37
FOS	8	3.36946010229072	1.06686001315872	1566187.5	0.70015168136988	3.01114432367228e-29	7.88604359587276e-27	93.6329588014981	75.8056815469086	TRUE	TRUE	38
JUNB	8	2.97963481641077	0.944433374918365	1561713	0.698151391686627	1.24385831405417e-28	3.08151889893473e-26	94.0074906367041	77.4170446407257	TRUE	TRUE	39
FSTL1	8	1.89388374325039	0.86836984996869	1558143	0.69655545154377	1.06827466038936e-30	2.96732170566131e-28	81.2734082397004	53.3659584626403	TRUE	TRUE	40
MMP19	8	0.805008313442266	0.673975734098155	1557189	0.696128973421562	9.63893067473981e-82	2.6506095462467e-78	47.940074906367	11.1721174504655	TRUE	TRUE	41
COL6A2	8	2.83945368686271	0.718348362595202	1556608	0.695869241986548	8.47384282965288e-28	1.99164276899679e-25	97.3782771535581	85.9035569348293	TRUE	TRUE	42
AHNAK	8	1.80492277523203	0.645192043640709	1555977	0.695587158448693	1.41393982100199e-28	3.47160099444052e-26	83.8951310861423	67.0207686798759	TRUE	TRUE	43
C1S	8	2.51578598795723	0.982591133189759	1555064	0.695179009050814	6.49337090925321e-29	1.62328369666867e-26	94.0074906367041	62.1389353067558	TRUE	TRUE	44
OGN	8	1.1864270969419	0.732986259817572	1552880.5	0.694202892719741	6.42511417686367e-47	3.39777336056873e-44	62.9213483146067	23.0484602530437	TRUE	TRUE	45
CST3	8	2.71031054199669	0.821543262430366	1551267.5	0.693481813882086	2.33145276503795e-27	5.25513275293266e-25	89.8876404494382	78.0019097636668	TRUE	TRUE	46
LIMA1	8	1.29721623807995	0.676974252529254	1545700	0.690992907230727	9.53349010537344e-32	2.7308483792465e-29	69.2883895131086	43.1367868226307	TRUE	TRUE	47
ALDH1A3	8	0.812077936001531	0.682964962065737	1538221.5	0.687649703208779	2.40634072932758e-82	7.35244041286436e-79	45.6928838951311	9.93077106708045	TRUE	TRUE	48
TNXB	8	1.45003465880164	0.875616220500189	1531668.5	0.68472023661042	2.71486453312002e-43	1.24426766327112e-40	60.6741573033708	22.5710193363571	TRUE	TRUE	49
MMP2	8	2.22500797301252	0.969459471444657	1525877	0.682131192538332	9.27977067729416e-28	2.16257977843146e-25	85.7677902621723	47.3502029123896	TRUE	TRUE	50
PIGR	9	2.63363490473152	2.35660990936813	1851034	0.944407029402101	2.28039652082416e-221	7.7418054229807e-219	93.9914163090129	20.4113171659534	TRUE	TRUE	1
LGALS4	9	1.66456296356126	1.51637596513004	1766338	0.901194696315707	1.54100091608029e-269	7.99546871533808e-267	87.1244635193133	11.6024726581075	TRUE	TRUE	2
KRT8	9	1.74172575740485	1.50932977543933	1749480	0.892593658354405	3.41570949489113e-186	8.02808507692404e-184	87.9828326180258	18.4973846885402	TRUE	TRUE	3
ELF3	9	1.41905858964187	1.34669533565187	1746344.5	0.890993910191653	0	0	81.9742489270386	5.78934854969092	TRUE	TRUE	4
EPCAM	9	1.44440795118102	1.35804985418671	1739796	0.887652831944555	0	0	81.5450643776824	7.19210651450309	TRUE	TRUE	5
TSPAN8	9	1.31655427513271	1.22553910884429	1711023.5	0.872972955046847	0	0	79.8283261802575	7.57251545411317	TRUE	TRUE	6
MT-CO1	9	6.58317329845816	1.0324080397762	1699112	0.86689564672581	1.26444887693723e-81	1.06333576962987e-79	100	99.9881122206372	TRUE	TRUE	7
CD24	9	1.41929041011603	1.25516084667637	1698625.5	0.866647431933535	3.50236602783209e-221	1.17453126096774e-218	82.4034334763949	12.0542082738944	TRUE	TRUE	8
KRT18	9	1.42455072766878	1.22666446089918	1690349	0.862424719234121	1.21520139404966e-182	2.76172092024559e-180	83.6909871244635	15.2520209224917	TRUE	TRUE	9
MT-CO2	9	6.50979807299727	1.056655443494	1678765	0.856514503090823	3.55169067290805e-77	2.83918435506682e-75	100	100	TRUE	TRUE	10
PHGR1	9	1.77477469595151	1.51519375383116	1664358	0.849163977885669	1.50727499175647e-149	2.52735091453117e-147	81.9742489270386	18.3309557774608	TRUE	TRUE	11
MT-CO3	9	6.89439165164112	0.965549362764159	1636793.5	0.835100428776385	2.11729005355641e-68	1.50060204079247e-66	100	100	TRUE	TRUE	12
MT-ND4	9	5.83695932544204	0.817290744353104	1632035.5	0.832672872801781	1.93416647930337e-67	1.33973914393862e-65	100	99.9762244412744	TRUE	TRUE	13
C15orf48	9	1.21736941558367	1.09162426802779	1629407.5	0.831332053738885	2.75342918556169e-211	8.50747743525403e-209	74.2489270386266	9.91440798858773	TRUE	TRUE	14
KRT19	9	1.05465775442785	0.972513668366014	1595290	0.81392513045945	9.20074420824751e-252	4.51805830326068e-249	68.2403433476395	6.82358535425583	TRUE	TRUE	15
LLGL2	9	0.68209926188188	0.644995954898111	1592318.5	0.812409055936849	0	0	66.0944206008584	3.37612933903947	TRUE	TRUE	16
SPINT2	9	0.792080288893104	0.739153173688426	1591543.5	0.812013646966627	0	0	66.9527896995708	4.76699952448883	TRUE	TRUE	17
MT-ND1	9	5.15526369404416	0.805676681014067	1581918	0.807102667556464	9.65025572558845e-58	5.81956978504292e-56	100	99.9167855444603	TRUE	TRUE	18
ATP1B1	9	0.936576734124218	0.807302220186666	1579509.5	0.805873838518038	1.33229163434483e-170	2.73408116812303e-168	71.2446351931331	10.794103661436	TRUE	TRUE	19
KLF5	9	0.757288914545277	0.705596702671517	1568701	0.800359286447523	0	0	64.3776824034335	4.45791726105564	TRUE	TRUE	20
FXYD3	9	0.984743481886464	0.880899010693221	1567847.5	0.799923826375156	2.21006724188172e-204	6.53490742844145e-202	67.381974248927	8.0718021873514	TRUE	TRUE	21
MT-ND2	9	4.65952173179691	0.839615540929412	1551420	0.791542431719249	3.23182238240952e-52	1.79902598570606e-50	100	99.8335710889206	TRUE	TRUE	22
CLDN3	9	0.721302615038593	0.68347861026966	1545670.5	0.788609007365321	0	0	60.9442060085837	3.22158820732287	TRUE	TRUE	23
FAM3D	9	0.670176252002755	0.639744517173009	1542372	0.786926095767542	0	0	60.0858369098713	2.56776034236805	TRUE	TRUE	24
ABCC3	9	0.677779585923391	0.632637984950798	1542043	0.786758238282119	0	0	61.3733905579399	3.89919163100333	TRUE	TRUE	25
CDH17	9	0.610621709633631	0.589775158774549	1524478.5	0.777796740401511	0	0	57.5107296137339	1.8188302425107	TRUE	TRUE	26
MT-ND5	9	3.70533096771383	0.717947226053655	1523267	0.777178626895157	2.2725545805911e-47	1.18807943748431e-45	100	98.3238231098431	TRUE	TRUE	27
FABP1	9	1.50357576602614	1.25646127252923	1519714.5	0.77536612319617	5.92251028179842e-98	6.05439071521096e-96	67.8111587982833	17.5939134569662	TRUE	TRUE	28
DSP	9	0.62645990946269	0.589961275109965	1515106	0.773014842887435	0	0	57.9399141630901	3.31669044222539	TRUE	TRUE	29
CLDN7	9	0.619426303205188	0.581786060813107	1513394.5	0.772141626819647	0	0	57.9399141630901	3.32857822158821	TRUE	TRUE	30
CLDN4	9	0.659726719610891	0.622476642557388	1499669.5	0.765139061508289	0	0	56.2231759656653	3.13837375178317	TRUE	TRUE	31
CEACAM5	9	0.75552860121581	0.726182202390854	1499602	0.765104622662495	0	0	55.3648068669528	2.46077032810271	TRUE	TRUE	32
MT-CYB	9	5.79425739979077	0.666720493981337	1497556	0.764060742981108	3.72872616524136e-43	1.77091953053492e-41	100	99.9643366619116	TRUE	TRUE	33
MT-ND3	9	4.98890266434679	0.74956236969736	1483631	0.756956136645177	5.88664597413668e-41	2.65371930561942e-39	100	99.8811222063719	TRUE	TRUE	34
HMGCS2	9	0.687614156061831	0.655926209019277	1480939.5	0.755582919556979	0	0	53.6480686695279	2.67475035663338	TRUE	TRUE	35
AGR2	9	0.856744254355425	0.791325922210025	1480623.5	0.755421694738153	1.41052707250561e-210	4.30978710742576e-208	55.793991416309	5.23062291963861	TRUE	TRUE	36
TSPAN1	9	0.585313231777488	0.56013689807479	1474560	0.752328065975645	0	0	52.7896995708155	2.18735140275796	TRUE	TRUE	37
MUC13	9	0.550351503224872	0.52937632225105	1473599.5	0.751838013955131	0	0	52.3605150214592	1.89015691868759	TRUE	TRUE	38
ST14	9	0.496353488587817	0.47898824635099	1472048	0.751046430707001	0	0	51.931330472103	1.49786019971469	TRUE	TRUE	39
RBM47	9	0.495835451587457	0.476061516978369	1465767.5	0.747842087432832	0	0	51.5021459227468	1.79505468378507	TRUE	TRUE	40
DSG2	9	0.506279397769031	0.464350831597615	1463994.5	0.746937493749987	6.42648558153798e-242	2.80510995248751e-239	53.6480686695279	3.94674274845459	TRUE	TRUE	41
SLC26A2	9	0.967449539004947	0.829072353774924	1461093.5	0.745457388688548	3.39003870179938e-103	3.64151071331177e-101	59.2274678111588	12.208749405611	TRUE	TRUE	42
SLC44A4	9	0.446782764648779	0.431283557080936	1452088	0.740862736454564	0	0	49.7854077253219	1.45030908226343	TRUE	TRUE	43
MT-ATP6	9	6.06804671494727	0.615068106392271	1437003.5	0.733166547278668	5.00195863941496e-34	1.99057685420075e-32	100	100	TRUE	TRUE	44
GPX2	9	0.608375622997222	0.565200853618855	1436318	0.732816801666942	2.59962488835052e-237	1.08313764855683e-234	50.2145922746781	3.50689491203043	TRUE	TRUE	45
ERBB3	9	0.437438332173913	0.410053244553459	1434821	0.732053024598009	0	0	48.9270386266094	2.02092249167855	TRUE	TRUE	46
CA2	9	0.698749287292676	0.638804872363027	1434480.5	0.731879299753673	1.4191831309712e-181	3.19886204250631e-179	51.0729613733906	5.05230622919639	TRUE	TRUE	47
SMIM22	9	0.47094005645979	0.447626504777533	1424907	0.7269948510099	0	0	47.6394849785408	1.99714693295292	TRUE	TRUE	48
AMN	9	0.406063211122501	0.390541825586203	1414541	0.721706064706255	0	0	45.9227467811159	1.37898240608654	TRUE	TRUE	49
MAL2	9	0.367633898327029	0.355322553301697	1408683	0.718717283096496	0	0	45.0643776824034	1.14122681883024	TRUE	TRUE	50
PTPRC	10	1.50816578061102	1.45782434595309	1639091.5	0.896228885938686	0	0	81.5668202764977	3.97484575225439	TRUE	TRUE	1
CD2	10	1.06825407746357	1.05599380291338	1510184	0.825744336958875	0	0	65.8986175115208	1.15092548647366	TRUE	TRUE	2
FYB1	10	1.03370717291244	1.00455126076211	1500308.5	0.820344572294677	0	0	65.8986175115208	2.44423350735643	TRUE	TRUE	3
SRGN	10	1.3488756505823	1.20418585776867	1488194.5	0.813720831811451	1.31232694376476e-164	6.56139611392492e-162	70.0460829493088	11.2007593735168	TRUE	TRUE	4
IL32	10	1.90521103045813	1.34081544213736	1471717.5	0.804711473057769	1.20352475354195e-72	2.54582516905002e-70	80.184331797235	33.827717133365	TRUE	TRUE	5
TRBC2	10	1.09354996349137	1.0621936523421	1470612	0.804107003427242	0	0	62.6728110599078	2.72899857617466	TRUE	TRUE	6
TRAC	10	1.19771933848557	1.06487668405702	1454298	0.795186770453546	5.67162339342137e-158	2.64345714738465e-155	66.3594470046083	10.15662078785	TRUE	TRUE	7
CD52	10	1.02000535038396	0.962831351309901	1451006.5	0.793387031160123	1.96517797836254e-305	3.37752682668696e-302	62.2119815668203	4.05790223065971	TRUE	TRUE	8
CD3D	10	1.02622018614545	1.00995828356012	1445186	0.79020447531708	0	0	58.9861751152074	1.4594209776934	TRUE	TRUE	9
CORO1A	10	0.872749579126601	0.824368157444537	1402638	0.766939912820771	1.93171189244566e-267	2.30957153610275e-264	56.6820276497696	3.87992406264832	TRUE	TRUE	10
B2M	10	4.6090883638604	0.714075853681885	1401575.5	0.766358954899075	4.63708436348563e-41	6.31263281740056e-39	100	99.0389178927385	TRUE	TRUE	11
RPL28	10	3.25469662933167	0.794848760887787	1401004	0.766046467885193	5.44024246680102e-41	7.36951860071731e-39	98.6175115207373	91.468913146654	TRUE	TRUE	12
TMSB4X	10	4.06106864969919	0.730763018271475	1400144.5	0.765576507100536	7.87639416256208e-41	1.05655103939656e-38	99.5391705069125	97.4252491694352	TRUE	TRUE	13
BTG1	10	1.94946339122636	1.00798681374362	1398208.5	0.764517933419215	6.2367875343336e-44	9.07436086807617e-42	88.9400921658986	55.9207403891789	TRUE	TRUE	14
EVL	10	1.09446433469602	0.836753583534043	1394918.5	0.76271901430168	4.05522616211026e-72	8.38456122044135e-70	67.741935483871	21.8319886093972	TRUE	TRUE	15
CD48	10	0.811301150970954	0.771765925668435	1390588.5	0.760351439900792	3.54015883992201e-289	5.12372778626397e-286	54.8387096774194	3.25106786900807	TRUE	TRUE	16
RAC2	10	0.770256337253008	0.727239084622335	1378090	0.753517460997903	2.01349026268648e-251	1.9774631690577e-248	53.9170506912442	3.72567631703844	TRUE	TRUE	17
ACAP1	10	0.772082230217345	0.729455887430467	1375002	0.751828992233481	3.34836341258641e-249	3.17505674078323e-246	53.4562211981567	3.71381110583768	TRUE	TRUE	18
ARHGDIB	10	0.963292692597294	0.806472570961179	1368672	0.748367849979988	5.03063825001759e-101	1.5370835693026e-98	59.4470046082949	11.9126720455624	TRUE	TRUE	19
CCL5	10	1.31724993799647	1.23245573129381	1352301	0.739416450322493	1.17128277666483e-168	6.19405866836657e-166	51.6129032258065	5.62411010915994	TRUE	TRUE	20
CXCR4	10	0.933121174955058	0.845591265514516	1352250	0.739388564342252	4.531029741005e-161	2.18594362891046e-158	52.9953917050691	5.94447081158045	TRUE	TRUE	21
HCST	10	0.746150159068397	0.726186931144183	1351883	0.739187894641299	0	0	49.3087557603687	1.8984337921215	TRUE	TRUE	22
RPS29	10	2.41149906828915	0.83150925233828	1351452	0.738952230769063	9.17843156940392e-34	1.04729331836945e-31	90.7834101382488	76.7797816801139	TRUE	TRUE	23
CD3E	10	0.713345950085057	0.704273921852773	1350828.5	0.738611310991013	0	0	48.3870967741936	0.854295206454675	TRUE	TRUE	24
RPS27	10	3.07997730964203	0.825306207818563	1349893	0.738099794627957	3.00103949729927e-33	3.39611461465978e-31	94.9308755760369	85.3345989558614	TRUE	TRUE	25
CD7	10	0.772111046743372	0.759787177554802	1344814	0.735322679066268	0	0	47.926267281106	1.16279069767442	TRUE	TRUE	26
RPS19	10	3.12455442067092	0.781239928553295	1336609.5	0.730836590342921	2.62690235801399e-31	2.86655507710424e-29	98.6175115207373	88.4076886568581	TRUE	TRUE	27
STK4	10	0.877094708757227	0.677768853072186	1330434	0.727459926206041	1.59013199170251e-64	3.01565790619499e-62	59.4470046082949	17.3350735643094	TRUE	TRUE	28
RPS3	10	3.01118134811131	0.761120915494174	1327590	0.725904872719638	4.36939575116273e-30	4.65713231632651e-28	95.852534562212	86.0583768391077	TRUE	TRUE	29
RPS15A	10	2.8892962517301	0.70095388879482	1326737.5	0.725438739422465	5.88048431086618e-30	6.1956872821651e-28	95.852534562212	86.8652112007594	TRUE	TRUE	30
RPL30	10	2.90276497957571	0.721050180834193	1323966.5	0.723923601162681	1.32727390715224e-29	1.37730962916148e-27	95.3917050691244	85.2278120550546	TRUE	TRUE	31
CD3G	10	0.663342777303115	0.656738646028644	1322749	0.723257891732408	0	0	45.1612903225806	0.640721404841006	TRUE	TRUE	32
TRBC1	10	0.837883551702169	0.82446926146674	1319320	0.721382969649118	0	0	45.1612903225806	1.12719506407214	TRUE	TRUE	33
RPS12	10	3.05341897973563	0.711086347411111	1317413.5	0.720340526093623	1.11336188628236e-28	1.12975418859331e-26	95.852534562212	87.8500237304224	TRUE	TRUE	34
RPL39	10	3.13593600589554	0.681444097048076	1316292	0.719727307920275	1.67464679964714e-28	1.67458590339988e-26	98.6175115207373	90.9349786426198	TRUE	TRUE	35
RPLP2	10	2.74274179835187	0.682534209083145	1314989.5	0.719015121856266	2.2494434462567e-28	2.23312076998603e-26	97.2350230414747	86.3312766967252	TRUE	TRUE	36
RPL13	10	3.56718755681009	0.587675073670443	1314230	0.718599839464239	3.26554408287888e-28	3.21860920197442e-26	98.6175115207373	94.9098243948742	TRUE	TRUE	37
HLA-E	10	1.66483683724616	0.700657566806208	1299202.5	0.710383044011732	5.03509797665987e-28	4.9450056878632e-26	83.8709677419355	58.6971998101566	TRUE	TRUE	38
LAPTM5	10	0.618693621889054	0.575803162392311	1298102.5	0.709781581692799	4.29809503782052e-194	2.88276379134211e-191	45.1612903225806	3.3578547698149	TRUE	TRUE	39
GZMA	10	0.86146316118884	0.849319664384081	1294944	0.708054564661574	0	0	42.3963133640553	1.04413858566683	TRUE	TRUE	40
SH3BGRL3	10	1.70411977321483	0.748121363564168	1294374.5	0.707743171215545	8.84774759235859e-28	8.5973219449565e-26	83.8709677419355	55.8495491219744	TRUE	TRUE	41
RPS2	10	3.07188849455761	0.680229497611338	1294231	0.70766470772212	1.18280548703793e-25	1.06294013359661e-23	97.2350230414747	88.3839582344566	TRUE	TRUE	42
RPSA	10	2.10801640723186	0.674423927483909	1294087	0.707585970836733	4.33206167822533e-26	3.9577197371933e-24	88.4792626728111	72.437114380636	TRUE	TRUE	43
IKZF1	10	0.563898018138796	0.544729628682501	1292397	0.706661906001282	2.75295235051714e-300	4.45314333452182e-297	42.8571428571429	1.67299477930707	TRUE	TRUE	44
GMFG	10	0.712341084291184	0.600994008182088	1290963.5	0.705878091242927	2.09879457897704e-87	5.54949539685478e-85	49.3087557603687	9.1124822021832	TRUE	TRUE	45
CD69	10	0.656332624402353	0.633787052908185	1283411.5	0.701748779031493	2.97042233195083e-278	3.88969731934837e-275	41.9354838709678	1.77978168011391	TRUE	TRUE	46
CD37	10	0.613752180915507	0.549999367320824	1282752	0.701388175032096	1.67935241133271e-148	7.21570499363098e-146	44.7004608294931	4.36639772187945	TRUE	TRUE	47
RPS18	10	3.20977905809528	0.60873622041199	1280600.5	0.700211769414657	6.11227299988238e-24	5.28557846615615e-22	98.1566820276498	91.3977218794495	TRUE	TRUE	48
CST7	10	0.601260221039952	0.593539742483246	1279797	0.699772428529873	0	0	40.5529953917051	0.711912672045562	TRUE	TRUE	49
CYBA	10	1.25134805575163	0.64516654656105	1273306.5	0.696223527456208	2.03668486309764e-28	2.02923177718558e-26	72.8110599078341	40.6620787850024	TRUE	TRUE	50
MT-ATP6	11	6.51018975174917	1.06679467142467	1602952	0.896607890385704	7.0973630076765e-87	1.95170385348096e-82	100	100	TRUE	TRUE	1
MT-CYB	11	6.02820311430915	0.904887169142942	1525868	0.853491114198712	2.12325293229534e-69	2.43280551604956e-66	100	99.9644254713625	TRUE	TRUE	2
MT-ND4	11	5.86649352751176	0.845532185271082	1523877	0.852377452461019	5.64837495882346e-69	5.75276529602541e-66	100	99.976283647575	TRUE	TRUE	3
MT-CO3	11	6.9022813098247	0.97123293425461	1510397.5	0.844837721977228	3.9236919317029e-66	3.08278869799709e-63	100	100	TRUE	TRUE	4
MT-CO1	11	6.42747512706427	0.870224800058964	1493496.5	0.835384182535368	1.17631262454558e-62	6.88242997071893e-60	100	99.9881418237875	TRUE	TRUE	5
MT-CO2	11	6.42703241694055	0.96917781264808	1485564.5	0.830947434718503	4.66854846656405e-61	2.29250739789366e-58	100	100	TRUE	TRUE	6
MT-ND3	11	5.23122775376378	0.996112777410654	1482774	0.829386574307136	1.6848778468717e-60	7.59548457559424e-58	100	99.881418237875	TRUE	TRUE	7
MT-ND1	11	5.18476151402687	0.833909746761631	1470215	0.8223617235971	5.04406108862985e-58	2.01024109965554e-55	100	99.9169927665125	TRUE	TRUE	8
MT-ND5	11	3.88271774455439	0.898005543857454	1466925	0.820521468892424	2.20018340888695e-57	8.28806076177837e-55	99.5283018867925	98.3398553302502	TRUE	TRUE	9
MT-ND2	11	4.62580365081909	0.802958984969169	1437485	0.804054265699218	8.07455088044143e-52	2.22042074661259e-49	100	99.833985533025	TRUE	TRUE	10
MALAT1	11	6.57034769348229	0.76641737939151	1392695.5	0.77900135138461	6.52654461298994e-44	1.49561208593842e-41	100	99.6323965374125	TRUE	TRUE	11
NEAT1	11	3.96029450352808	1.02291547355517	1299808	0.727044920113928	1.16331403871738e-29	1.2447460214276e-27	97.6415094339623	94.6875370568007	TRUE	TRUE	12
VMP1	11	1.98089862847146	1.0318639145025	1296042	0.724938415792406	3.77558078966246e-32	4.78454820898286e-30	75	53.2432111941184	TRUE	TRUE	13
WSB1	11	1.98450715223198	0.728868881236065	1259874.5	0.704708199369503	7.27229953442359e-25	5.95181443146174e-23	78.3018867924528	73.0463654689909	TRUE	TRUE	14
MEG3	11	1.56927882642711	0.800364904701284	1209280.5	0.676408549968788	1.50293397078292e-22	1.04366619349898e-20	65.0943396226415	41.8237875014823	TRUE	TRUE	15
DDX17	11	1.88066648528141	0.528154681700811	1199292.5	0.670821782798485	1.09870926342616e-17	5.0778833672195e-16	78.3018867924528	76.7105419186529	TRUE	TRUE	16
KCNQ1OT1	11	1.09884042294301	0.619460128074853	1112684	0.622377497208854	1.84923961184853e-13	5.56979628545705e-12	46.6981132075472	31.6731886635835	TRUE	TRUE	17
PNISR	11	1.61258163471231	0.334569370674229	1111039.5	0.621457649530483	1.05469402614542e-09	2.03672970680989e-08	74.5283018867925	74.5049211431282	TRUE	TRUE	18
SLC25A37	11	1.06854796651741	0.52128739612027	1106063.5	0.618674334208154	1.91708720792815e-11	4.65706547092017e-10	50.9433962264151	38.9422506818451	TRUE	TRUE	19
FUS	11	1.46091741726628	0.364325750726187	1104494	0.617796437624874	2.46769488796544e-09	4.53300879920919e-08	66.9811320754717	68.3268113364165	TRUE	TRUE	20
SRSF11	11	1.24106405416206	0.386850992034104	1103328.5	0.617144517607154	1.41263254547318e-09	2.68034589538429e-08	59.9056603773585	58.5675323135302	TRUE	TRUE	21
RBM25	11	1.09265718906346	0.363558512978173	1073693	0.600567961892744	1.11148283649639e-07	1.59773478937868e-06	55.6603773584906	52.1285426301435	TRUE	TRUE	22
ODF2L	11	0.781356636190293	0.429460394510761	1063055	0.594617618564982	2.99447499157119e-09	5.43890804446607e-08	39.622641509434	28.0090122139215	TRUE	TRUE	23
ARID1B	11	1.01781724117763	0.33394864167112	1048389	0.586414221756845	3.81380120654036e-06	4.11600154547305e-05	50.9433962264151	48.9861259338314	TRUE	TRUE	24
NKTR	11	1.07879349679536	0.351850550075373	1043742.5	0.58381521157895	8.50281712380013e-06	8.56166122619479e-05	50.4716981132076	50.5988378987312	TRUE	TRUE	25
LIMA1	11	1.03205746162764	0.400734337158769	1040189	0.58182756869352	7.0992566566584e-06	7.27356403880214e-05	46.2264150943396	43.887110162457	TRUE	TRUE	26
DST	11	1.36965760881421	0.259473986663524	1036985	0.580035417911216	4.85304105441087e-05	0.000413425576069531	63.2075471698113	66.7733902525792	TRUE	TRUE	27
COL7A1	11	0.533256827286505	0.376372549316927	1036110.5	0.57954626814245	1.69357662468107e-13	5.11776523100052e-12	25	10.3877623621487	TRUE	TRUE	28
CCNL2	11	0.723528038785286	0.3558231843733	1033098.5	0.57786151216358	1.60439552666345e-06	1.86708728682684e-05	37.2641509433962	29.5742914739713	TRUE	TRUE	29
ANKRD28	11	0.691419333763945	0.402527832226816	1032687.5	0.577631620162479	8.75524242725987e-08	1.28611330933344e-06	32.5471698113208	21.5581643543223	TRUE	TRUE	30
MT-ND4L	11	1.2578189557168	0.296680802256549	1032307	0.577418788273382	6.76007493067487e-05	0.000558076555144486	57.5471698113208	60.2158188070675	TRUE	TRUE	31
RUFY3	11	0.685555296222759	0.346939259269505	1030676	0.576506491792129	1.25144444500901e-06	1.49364022540377e-05	35.8490566037736	27.2382307601091	TRUE	TRUE	32
XAF1	11	0.762891536558048	0.383493252748755	1028642.5	0.575369057767217	2.36832434865733e-06	2.66802749953822e-05	36.7924528301887	28.186884857109	TRUE	TRUE	33
COL1A1	11	2.82955519185958	0.427920150844069	1028167.5	0.575103367498305	0.000168140035179653	0.00126745691540715	83.4905660377359	77.3390252579153	TRUE	TRUE	34
TSHZ2	11	0.679796336898616	0.356035096913348	1027744	0.574866483648023	4.3201097851018e-07	5.57740370800538e-06	33.4905660377359	22.7914146804222	TRUE	TRUE	35
IGKC	11	1.31637687569124	0.44549418992268	1025978	0.573878675195604	4.91605902972638e-05	0.000418405160193271	50	43.5669394047196	TRUE	TRUE	36
POLR2J3.1	11	1.00945160592964	0.320136304960336	1024104.5	0.572830736840221	8.7494552652412e-05	0.000705368719844233	48.5849056603774	47.4682793786316	TRUE	TRUE	37
COL3A1	11	2.73868629879744	0.437115332579789	1022601	0.571989757220623	0.000290446887910514	0.00206809916381441	85.8490566037736	72.216293134116	TRUE	TRUE	38
SON	11	1.16206565993171	0.227118101691205	1020101.5	0.57059166705821	0.000302215625028215	0.00214191429707497	55.6603773584906	62.6111704019922	TRUE	TRUE	39
HNRNPH1	11	1.22574073395037	0.232729285594267	1017076	0.568899359882224	0.000422974544711479	0.00288405083189213	58.0188679245283	62.7416103403297	TRUE	TRUE	40
COL27A1	11	0.52190001636668	0.317636437147355	1016095	0.568350639558428	1.26867315717512e-07	1.80016734515783e-06	26.8867924528302	16.1152614727855	TRUE	TRUE	41
LUC7L3	11	1.11033197330354	0.229885715149225	1013083.5	0.566666163253526	0.000571580817550844	0.00374860503263312	55.188679245283	58.7454049567177	TRUE	TRUE	42
RBM6	11	0.798095824452445	0.312781011911363	1012739.5	0.56647374756404	0.000143056881129593	0.00109549693762735	40.5660377358491	37.6259931222578	TRUE	TRUE	43
N4BP2L2	11	1.29641992714535	0.174012853139655	1004503	0.561866678301104	0.00177962219833098	0.0101341542414379	60.8490566037736	70.1055377682912	TRUE	TRUE	44
SRRM2	11	1.26101269181681	0.15055845280681	1004498	0.561863881561431	0.00175855784553383	0.0100287395674689	60.8490566037736	69.2754654334163	TRUE	TRUE	45
ATRX	11	0.998650071798229	0.253442319925768	1001361	0.560109207090742	0.00151549375026702	0.0088293564912273	48.5849056603774	52.353847978181	TRUE	TRUE	46
SAT1	11	1.34076661677944	0.29699946787878	1000674.5	0.559725214733672	0.00196937315965008	0.0110997730102926	56.1320754716981	57.7018854500178	TRUE	TRUE	47
NFAT5	11	0.613580727263841	0.274880031423353	996329	0.557294568284077	0.000304370730768777	0.00215496671612013	33.0188679245283	27.7244159848215	TRUE	TRUE	48
POSTN	11	0.904189578291238	0.278800177856504	992637.5	0.555229735383679	0.000356265095762705	0.00248149287446267	36.3207547169811	25.6729515000593	TRUE	TRUE	49
VCAN	11	1.09993754805872	0.28031650913604	991920	0.554828403240638	0.00232608148321459	0.0128187605491515	47.1698113207547	41.8237875014823	TRUE	TRUE	50
HLA-DRA	12	2.97752777702642	2.59870140745653	1576383.5	0.94720013026842	1.89433709693368e-175	1.48835359510226e-172	94.4162436548223	23.4493371212121	TRUE	TRUE	1
CD74	12	3.01619192881738	2.42336834906969	1557190.5	0.93566764968851	7.58168489748047e-132	4.16977505991631e-129	95.4314720812183	34.3276515151515	TRUE	TRUE	2
HLA-DRB1	12	1.91199913926309	1.68976796337766	1454989.5	0.874258227099677	6.20110630487249e-166	4.26310555694222e-163	82.2335025380711	15.530303030303	TRUE	TRUE	3
HLA-DPB1	12	1.62632314275373	1.40780469476613	1406791	0.845297237924935	1.09227594976564e-126	5.56231413751951e-124	77.6649746192893	18.2528409090909	TRUE	TRUE	4
HLA-DPA1	12	1.63915721978759	1.42557868512445	1386220.5	0.832937060163821	6.25737365537872e-124	2.96675031291827e-121	75.1269035532995	17.0809659090909	TRUE	TRUE	5
IGKC	12	2.7659683408573	1.92809785984595	1382976.5	0.830987840812952	6.16557818033257e-69	1.50041800337137e-66	87.8172588832487	42.6964962121212	TRUE	TRUE	6
HLA-DQA1	12	1.35084427372222	1.25369206554352	1366401.5	0.821028435529149	2.01363502681375e-218	2.05084998527227e-215	69.0355329949239	7.30350378787879	TRUE	TRUE	7
HLA-DQB1	12	1.30224036594655	1.23121983004204	1363807.5	0.819469781091371	7.18327543990723e-252	1.03964679643163e-248	67.51269035533	5.96590909090909	TRUE	TRUE	8
CD37	12	1.34603673700755	1.29805807945024	1362350	0.818594014382403	0	0	65.989847715736	3.96543560606061	TRUE	TRUE	9
MS4A1	12	1.22496676724293	1.20651692272789	1331127	0.799833078564836	0	0	60.9137055837564	1.44412878787879	TRUE	TRUE	10
CD79A	12	1.09711939720576	1.08262796628424	1311429	0.787997159090909	0	0	58.3756345177665	1.20738636363636	TRUE	TRUE	11
CD52	12	1.10174625659051	1.04419895395306	1304409	0.783779058029534	2.34812301247181e-260	4.03568966999765e-257	59.8984771573604	4.24952651515152	TRUE	TRUE	12
CD48	12	0.779720336931894	0.737621577197667	1259139	0.756577714005538	7.96619478982095e-256	1.28860229720757e-252	54.3147208121827	3.38541666666667	TRUE	TRUE	13
RAC2	12	0.800387585446363	0.756351283833878	1254070	0.75353190855253	5.2188046226999e-229	5.74047633278498e-226	53.8071065989848	3.84706439393939	TRUE	TRUE	14
CORO1A	12	0.799115102818049	0.747064960139101	1237984.5	0.74386662869174	1.26511777562696e-203	1.24248120399878e-200	52.2842639593909	4.10748106060606	TRUE	TRUE	15
CD53	12	0.73730925846136	0.70520470395207	1235528	0.742390593754807	1.50573981291727e-274	3.45052825961766e-271	50.761421319797	2.65151515151515	TRUE	TRUE	16
CD79B	12	0.811953765259443	0.79446051524087	1231806	0.740154158975542	0	0	49.238578680203	1.62168560606061	TRUE	TRUE	17
PTPRC	12	0.832288784694164	0.762735198625878	1230284.5	0.739239936644362	8.25227353494871e-174	6.30359083159873e-171	52.2842639593909	4.84138257575758	TRUE	TRUE	18
LTB	12	0.852192642402311	0.810399152052476	1224668	0.735865155360714	2.06425508123567e-238	2.36520626995415e-235	49.746192893401	3.04214015151515	TRUE	TRUE	19
RPL28	12	3.16595919708653	0.702160304806229	1218490.5	0.732153286513613	6.34447909536289e-29	7.39266231539763e-27	96.9543147208122	91.5246212121212	TRUE	TRUE	20
CXCR4	12	0.884857360546469	0.794200107740777	1216945	0.731224643324104	4.73898663856382e-137	2.77271050157162e-134	51.7766497461929	6.0842803030303	TRUE	TRUE	21
IGLC2	12	1.42698124969023	1.0471355069008	1214117.5	0.729525685952161	1.61070123621631e-46	2.68440444210378e-44	64.4670050761421	25.0118371212121	TRUE	TRUE	22
CYBA	12	1.39613319269002	0.791800563831545	1211426	0.727908446777419	1.67244524624405e-34	2.31108401138016e-32	73.0964467005076	40.7315340909091	TRUE	TRUE	23
LIMD2	12	0.823974098034833	0.6936574272195	1204055.5	0.723479741097524	3.26327266502141e-78	9.06431666822462e-76	53.8071065989848	11.4938446969697	TRUE	TRUE	24
HLA-DMA	12	0.745046176922364	0.663464661093328	1197495.5	0.719538039820797	3.33231406787942e-110	1.29063809229037e-107	49.746192893401	7.12594696969697	TRUE	TRUE	25
IGHM	12	1.03904659675069	0.991274552730774	1194699.5	0.717858009825411	2.87484410182678e-172	2.13663075557121e-169	46.1928934010152	3.94176136363636	TRUE	TRUE	26
ARHGDIB	12	0.84261208623954	0.681068535286226	1191663.5	0.716033771246731	3.82647493728841e-70	9.47966074779225e-68	53.8071065989848	12.1567234848485	TRUE	TRUE	27
BANK1	12	0.667862419698958	0.653669976144534	1173785.5	0.705291433529457	0	0	42.1319796954315	1.37310606060606	TRUE	TRUE	28
LAPTM5	12	0.676014771827003	0.63309782124242	1170590	0.703371356329796	2.71782335153691e-166	1.9163442139465e-163	43.6548223350254	3.49195075757576	TRUE	TRUE	29
RPL18A	12	2.88609966300274	0.636724399978568	1168069.5	0.701856865770651	2.71613042677571e-22	2.5579065275995e-20	93.9086294416244	87.4763257575758	TRUE	TRUE	30
BCL11A	12	0.662220647892826	0.642227262603812	1166006	0.700616972388863	1.0049574740268e-244	1.25615116264831e-241	41.6243654822335	1.953125	TRUE	TRUE	31
HLA-DMB	12	0.586898088133507	0.566362426274298	1164733	0.699852066028303	4.50988708273521e-240	5.39206021252763e-237	41.6243654822335	1.98863636363636	TRUE	TRUE	32
RPLP2	12	2.64777993230283	0.583742067016901	1156792.5	0.695080864963083	6.16982321591305e-21	5.63667669815259e-19	92.8934010152284	86.4583333333333	TRUE	TRUE	33
RPL39	12	3.00240622174633	0.543187247390059	1154528.5	0.693720497327334	1.23518995619644e-20	1.11001596749824e-18	91.8781725888325	91.110321969697	TRUE	TRUE	34
MARCH1	12	0.504990202352583	0.498740328677913	1148623	0.690172064874635	0	0	38.5786802030457	0.639204545454546	TRUE	TRUE	35
RPL13	12	3.48336727275025	0.500508897395499	1146404.5	0.688839036782803	1.12276356938874e-19	9.47082067319659e-18	96.4467005076142	94.9692234848485	TRUE	TRUE	36
VPREB3	12	0.639502607306237	0.630293013496977	1143578	0.687140680279957	0	0	38.0710659898477	0.804924242424242	TRUE	TRUE	37
TNFRSF13C	12	0.505146835730256	0.500006220827863	1136793	0.683063783456391	0	0	37.0558375634518	0.532670454545455	TRUE	TRUE	38
POU2F2	12	0.613990737150809	0.563385415712267	1134683.5	0.681796250096139	1.56221086682183e-114	6.81892644868787e-112	40.1015228426396	4.36789772727273	TRUE	TRUE	39
RPS19	12	2.94963225482453	0.600389203847671	1129769	0.678843278918628	7.85813634995328e-18	6.03605842143478e-16	94.9238578680203	88.5179924242424	TRUE	TRUE	40
PRKCB	12	0.505064173318524	0.490942652803702	1126974	0.67716384979234	6.36389408350219e-267	1.25000516715876e-263	36.5482233502538	1.21922348484848	TRUE	TRUE	41
STK4	12	0.679788160856678	0.474256721956928	1116120.5	0.670642317047377	6.62159668387417e-34	9.10436436049279e-32	49.746192893401	17.6609848484848	TRUE	TRUE	42
RPS12	12	2.92280197450639	0.575740024357733	1114554	0.66970105560683	3.2691409352548e-16	2.38456516123533e-14	93.9086294416244	87.9142992424243	TRUE	TRUE	43
ANKRD44	12	0.540930174628159	0.441958329583388	1114549.5	0.669698351695893	1.47321561698352e-57	3.00088564825406e-55	42.1319796954315	8.79498106060606	TRUE	TRUE	44
RPL11	12	2.94525965941869	0.480926310953464	1112945	0.668734257229657	4.93890173086266e-16	3.55536279311498e-14	93.9086294416244	90.4356060606061	TRUE	TRUE	45
JCHAIN	12	0.869339467957398	0.685730433138472	1109663	0.6667622048531	2.06381491159791e-39	3.08439381815386e-37	44.6700507614213	13.671875	TRUE	TRUE	46
RPSA	12	2.00252690224817	0.564877851592132	1109457.5	0.666638726253653	5.95323180544753e-16	4.2084298565039e-14	84.7715736040609	72.561553030303	TRUE	TRUE	47
RPS3A	12	2.91409182524916	0.552585278437181	1107766.5	0.665622656610521	1.59394842100208e-15	1.09854605586808e-13	92.8934010152284	86.5175189393939	TRUE	TRUE	48
RPS2	12	2.9420823311548	0.545785975763616	1107639	0.665546045800646	1.69020814771339e-15	1.16197584634926e-13	92.8934010152284	88.5061553030303	TRUE	TRUE	49
UBA52	12	2.20332740520183	0.481209298318903	1102800.5	0.662638740674512	4.34890563564051e-15	2.93114108025682e-13	88.8324873096447	80.5989583333333	TRUE	TRUE	50
MT-ND1	13	5.01299388957946	0.65433236389396	1053264	0.743921922609134	2.99390921244726e-27	2.35227169808821e-24	100	99.9174333569238	TRUE	TRUE	1
MT-CYB	13	5.7913949478656	0.658611335041035	1053045.5	0.743767595735634	3.22570413053101e-27	2.39739561852628e-24	100	99.9646142958245	TRUE	TRUE	2
ABCA8	13	1.21806177318056	0.907193561059649	1038362.5	0.733396971096731	1.56900276826133e-51	4.79400079160203e-48	63.4730538922156	18.1646614767634	TRUE	TRUE	3
DCN	13	3.71115948766261	1.77909990358416	1036463.5	0.732055704585168	3.17655632672826e-27	2.39739561852628e-24	98.8023952095809	53.656522764803	TRUE	TRUE	4
MT-ND4	13	5.61921294146205	0.588892693086971	1028044	0.726108999269684	1.20571782830887e-23	6.76653766544197e-21	100	99.9764095305497	TRUE	TRUE	5
GSN	13	2.86413230920783	0.978338278539902	1020166	0.720544756205918	9.24997477729199e-23	4.46254484913601e-20	94.0119760479042	79.0634583628214	TRUE	TRUE	6
LTBP4	13	1.81962839974542	0.897510415838397	1012479	0.715115416724937	1.87982533692357e-24	1.23079326047765e-21	82.0359281437126	49.1153573956122	TRUE	TRUE	7
MT-ATP6	13	6.00379068513392	0.544758142632146	1008449.5	0.712269374909064	4.97679056234336e-21	2.13838693240438e-18	100	100	TRUE	TRUE	8
MT-CO3	13	6.60159135250656	0.659464809336382	1008304.5	0.712166961194384	5.19640034901585e-21	2.19839712611672e-18	100	100	TRUE	TRUE	9
MT-ND2	13	4.42824633835318	0.597248189900592	1003928.5	0.709076185915501	1.89450428456464e-20	7.13657168784153e-18	100	99.8348667138476	TRUE	TRUE	10
MT-CO2	13	6.12187620981183	0.652866369831733	998947	0.705557745090145	8.07623444374736e-20	2.77610463710761e-17	100	100	TRUE	TRUE	11
ADH1B	13	1.35504084175959	0.881458298281091	990744.5	0.699764307195941	1.46586318765497e-35	2.87926941409458e-32	61.6766467065868	20.1580561453173	TRUE	TRUE	12
MT-ND3	13	4.84350842139109	0.595468910538119	979796	0.692031365436148	1.70159543822588e-17	4.58746793684053e-15	100	99.8820476527483	TRUE	TRUE	13
APOD	13	1.751958335418	1.57650131679365	979777	0.692017945708018	6.22637639588092e-53	2.14023905637912e-49	46.1077844311377	10.9105921207832	TRUE	TRUE	14
MT-ND5	13	3.47762445003249	0.480166220831345	978627	0.691205699005386	2.33147864023058e-17	6.10603153597149e-15	98.8023952095809	98.3604623732012	TRUE	TRUE	15
MT-CO1	13	6.10263245639656	0.534364337222797	977339.5	0.690296335849179	3.29420855514508e-17	8.54598500546551e-15	100	99.9882047652748	TRUE	TRUE	16
TNXB	13	1.36590849781868	0.779504840015671	965590	0.681997646603467	2.97159689303123e-27	2.35227169808821e-24	63.4730538922156	22.965322009908	TRUE	TRUE	17
OGN	13	1.17029539811425	0.707891053124153	961524	0.679125824783554	4.77445915886868e-26	3.28232131024324e-23	59.2814371257485	23.5904694503421	TRUE	TRUE	18
ABCA6	13	0.756507563078101	0.605335350044997	949900.5	0.670916129524391	1.31619567844197e-41	3.01617208012297e-38	44.311377245509	11.1818825194621	TRUE	TRUE	19
MATN2	13	0.812371634405662	0.592718851561099	941884.5	0.665254416856309	7.16467750838857e-31	7.88085867212709e-28	46.7065868263473	15.1450813871196	TRUE	TRUE	20
MGP	13	3.10266698981715	0.959572914777414	937247.5	0.661979296891002	3.59221346768017e-13	4.72642479175775e-11	88.0239520958084	70.6062750648738	TRUE	TRUE	21
MFAP5	13	1.34616811590772	0.706795445466584	924748	0.653150881534878	1.57235634314081e-20	6.08989113803227e-18	56.8862275449102	21.8093890068412	TRUE	TRUE	22
CFD	13	2.0529222358392	1.02230825407869	922975	0.651898609009864	1.58432257438312e-17	4.31359272009519e-15	61.6766467065868	27.1880160415192	TRUE	TRUE	23
FBLN1	13	2.1424344719184	0.847110645040994	913046	0.644885741609492	2.76770723803368e-12	2.81885856809956e-10	73.6526946107784	45.6829440905874	TRUE	TRUE	24
PRELP	13	0.924077700906948	0.459275514048923	911820.5	0.644020169145079	5.24323437555531e-15	8.58236321984497e-13	57.4850299401198	30.1132342533616	TRUE	TRUE	25
FLRT2	13	0.586323483291392	0.449546748414495	911320	0.643666665254064	4.81440395671054e-30	5.0919728617532e-27	38.9221556886228	11.2172682236376	TRUE	TRUE	26
LUM	13	2.86243452772377	1.05947641911765	905864.5	0.639813437526928	5.14621962980965e-11	4.30139494225336e-09	92.814371257485	51.4036329322954	TRUE	TRUE	27
ADD3	13	1.01901141711722	0.458985061963354	905603	0.639628739689764	1.74779942326681e-12	1.84148415097371e-10	61.6766467065868	38.2873319179052	TRUE	TRUE	28
IGFBP6	13	1.50272252015889	0.657962258443997	901955.5	0.637052505039461	3.54908676091266e-12	3.51065959850133e-10	62.874251497006	37.6503892427459	TRUE	TRUE	29
SFRP2	13	1.7081357853058	0.763745533000638	896686	0.633330649387707	2.57165370058913e-13	3.48364064593598e-11	58.0838323353294	29.1578202406228	TRUE	TRUE	30
MEG3	13	1.25729038299378	0.477982678445953	893309	0.630945469287893	1.08759467671941e-10	8.66891768553827e-09	68.2634730538922	41.8848785090823	TRUE	TRUE	31
THBS4	13	0.613130709997457	0.56119520186809	892128.5	0.630111680390105	6.51423092609702e-72	4.47837090591855e-68	28.7425149700599	3.07855626326964	TRUE	TRUE	32
ABCA10	13	0.621715193779456	0.556557291123041	891137.5	0.62941173562288	2.49604319169253e-49	6.86386917283529e-46	29.940119760479	4.82425100259495	TRUE	TRUE	33
CLDN1	13	0.602003011278373	0.579912401309707	889622.5	0.628341688879848	5.70525379718896e-121	7.84443870844496e-117	26.9461077844311	1.52158527954706	TRUE	TRUE	34
EPB41L2	13	0.943841526812689	0.461198949860864	888362	0.627451395863616	7.3626829100718e-11	6.0257862304781e-09	56.2874251497006	36.8365180467091	TRUE	TRUE	35
OAF	13	0.731781285492457	0.410280859678606	887420	0.626786059868939	2.3065818665167e-13	3.15565645509167e-11	47.3053892215569	25.1592356687898	TRUE	TRUE	36
ITM2A	13	0.740859777937295	0.373156416797722	881988	0.622949430226596	2.01950853704054e-15	3.55990161923576e-13	45.5089820359282	18.6128803963199	TRUE	TRUE	37
TIMP2	13	1.68896974798672	0.446678155216425	880483.5	0.621886799649109	3.33354991021422e-08	1.76626761042352e-06	81.437125748503	64.6614767633876	TRUE	TRUE	38
PI16	13	0.649674152759087	0.370428278057822	880001.5	0.621546362335485	4.27639461363841e-20	1.54732336158477e-17	38.9221556886228	12.620901155933	TRUE	TRUE	39
TXNIP	13	1.87534184623377	0.481103650395568	875407	0.618301260183102	9.33285485667876e-08	4.53434939406023e-06	83.8323353293413	66.8671856569946	TRUE	TRUE	40
EBF2	13	0.531867286142728	0.449869133441581	872130	0.615986710231342	6.29806047125186e-31	7.21626520412312e-28	28.7425149700599	6.65251238499646	TRUE	TRUE	41
SFRP1	13	0.828176350601486	0.419315916077966	870317	0.614706185647106	8.04997136024733e-14	1.19014065825506e-11	43.1137724550898	18.2590233545648	TRUE	TRUE	42
CCDC80	13	1.70884678530217	0.559625814578421	865306	0.611166908928075	1.46068718100115e-07	6.90162144164101e-06	67.6646706586826	50.1415428167021	TRUE	TRUE	43
DAAM1	13	0.58480931221635	0.343588144756687	863915.5	0.610184796719371	4.36175093097002e-12	4.2684622366813e-10	40.7185628742515	20.0990799716914	TRUE	TRUE	44
PTGDS	13	1.26293708910525	0.694366436198399	863672	0.610012812308857	1.99936255258544e-11	1.73988831751731e-09	41.9161676646707	21.7975937721161	TRUE	TRUE	45
FGL2	13	0.480182175946038	0.308017083516292	860259.5	0.607602558506483	8.70640306085784e-17	2.04630237410709e-14	33.5329341317365	12.0193441849493	TRUE	TRUE	46
SPTBN1	13	1.07061900184018	0.385955163238374	859678.5	0.607192197346284	3.04581325162798e-07	1.36634288101987e-05	62.2754491017964	47.9358339230951	TRUE	TRUE	47
CYBRD1	13	0.931267508824927	0.31251668125084	859302.5	0.606926627989598	8.95015109810589e-08	4.35610982383741e-06	61.6766467065868	39.7499410238264	TRUE	TRUE	48
ZBTB20	13	1.34033932563913	0.37871302494428	858850.5	0.606607379720389	1.05122514994568e-06	3.93301229909609e-05	73.0538922155689	59.9787685774947	TRUE	TRUE	49
CFH	13	1.05983132331012	0.358352562501219	855617.5	0.604323907033774	2.95110674302888e-07	1.32819123284045e-05	63.4730538922156	42.4864354800661	TRUE	TRUE	50
GPM6B	14	2.41475693644977	2.33564460970791	1182160	0.93384648440956	0	0	87.9194630872483	7.00329566854991	TRUE	TRUE	1
CRYAB	14	2.94126084278292	2.25541294223624	1178379	0.930859686042544	4.48040310149289e-87	9.1264151768854e-85	94.6308724832215	44.138418079096	TRUE	TRUE	2
S100B	14	2.7166575074634	2.71381001365937	1172151	0.92593988169719	0	0	85.2348993288591	0.211864406779661	TRUE	TRUE	3
CLU	14	3.55819683518593	2.81549241632852	1151263	0.909439420366789	6.18721959126343e-87	1.24191497474564e-84	90.6040268456376	36.4171374764595	TRUE	TRUE	4
CDH19	14	1.75212061508678	1.7470628927972	1141375	0.901628401521758	0	0	80.5369127516778	0.294256120527307	TRUE	TRUE	5
PLP1	14	1.8866413482777	1.88336673404104	1129426	0.892189297134696	0	0	78.5234899328859	0.270715630885122	TRUE	TRUE	6
CD9	14	2.8183012402347	1.9451259560239	1126332.5	0.889745588923015	6.22677493157167e-67	9.95523743274939e-65	93.2885906040269	51.8714689265537	TRUE	TRUE	7
AP1S2	14	1.82282721523709	1.64976128809325	1114226.5	0.880182462493206	1.82995886635023e-130	5.08303422886515e-128	80.5369127516778	15.9722222222222	TRUE	TRUE	8
LGI4	14	1.62001872971942	1.46763164747732	1061952.5	0.838888651904094	3.77811626731247e-127	1.00868368189151e-124	73.1543624161074	12.3587570621469	TRUE	TRUE	9
PRNP	14	1.76415671884697	1.30897147216524	1056765.5	0.834791184797583	7.52240068048608e-61	1.11815403412263e-58	82.5503355704698	34.310263653484	TRUE	TRUE	10
HAND2-AS1	14	1.60295698441078	1.51406427757858	1053244.5	0.832009773252948	2.38981283829755e-181	9.12742545004782e-179	69.7986577181208	7.46233521657251	TRUE	TRUE	11
NRXN1	14	1.59315867442021	1.59134973921961	1036030	0.818411190738002	0	0	63.758389261745	0.141242937853107	TRUE	TRUE	12
ALDH1A1	14	1.74733437994862	1.51786535448445	1028373	0.812362548818868	9.43416933039521e-86	1.87992914794593e-83	70.4697986577181	16.9020715630885	TRUE	TRUE	13
SPP1	14	1.42654337753804	1.35126089050203	1024264.5	0.809117042050582	3.01354271131448e-189	1.23685688087219e-186	65.1006711409396	5.95574387947269	TRUE	TRUE	14
S100A10	14	2.72394022001504	1.4244092079012	1016339	0.802856298739873	1.05883804864331e-39	1.15086907113211e-37	93.9597315436242	57.5564971751413	TRUE	TRUE	15
PRIMA1	14	1.16211334325779	1.14793656970337	1015242	0.801989724339286	0	0	61.0738255033557	1.24764595103578	TRUE	TRUE	16
SEMA3B	14	1.39004157569943	1.18450599260044	1009354	0.797338502761663	2.25674412745867e-87	4.63120945977507e-85	68.4563758389262	14.5244821092279	TRUE	TRUE	17
TSPAN11	14	1.03859373126212	1.00424869590826	1007058.5	0.79552517410483	3.58043445973692e-269	2.40142359044648e-266	61.0738255033557	3.3545197740113	TRUE	TRUE	18
CHL1	14	1.1829211717124	1.12445964647787	1005123.5	0.793996622176721	1.15855289719673e-209	5.68911537857371e-207	61.744966442953	4.62570621468927	TRUE	TRUE	19
TUBA1A	14	2.15778818137021	1.24058134327671	1002963	0.792289936677663	1.12017092501067e-37	1.15369214482654e-35	82.5503355704698	55.0376647834275	TRUE	TRUE	20
HAND2	14	1.35003437650245	1.21820191699967	999844.5	0.78982647973306	6.87756139237721e-101	1.51300848583185e-98	63.758389261745	11.3582862523541	TRUE	TRUE	21
PMP22	14	2.07265550495184	1.29287372144397	999560.5	0.789602134127074	1.93948591075239e-38	2.0279058197635e-36	83.8926174496644	49.6351224105461	TRUE	TRUE	22
METRN	14	1.2134546553274	1.07127193290749	992849.5	0.784300784261682	2.52291005215097e-82	4.78465541545515e-80	63.758389261745	14.0772128060264	TRUE	TRUE	23
MDK	14	1.58174485087983	1.28433703214243	986874.5	0.779580837093492	6.11405795812388e-60	8.99093474815233e-58	67.1140939597316	20.6332391713748	TRUE	TRUE	24
SERPINE2	14	1.85021236851895	1.38840240969898	983435.5	0.776864201392839	2.34878042460503e-48	2.85792534938999e-46	71.1409395973154	27.5070621468927	TRUE	TRUE	25
GAS7	14	1.23118706920472	1.02662854570307	982691	0.776276084126442	2.84410916651322e-71	4.79816920061025e-69	65.1006711409396	15.7956685499058	TRUE	TRUE	26
SAMHD1	14	1.19901059052368	1.00269943176013	978371	0.772863503077643	2.08427108405973e-67	3.35177605500342e-65	64.4295302013423	16.4901129943503	TRUE	TRUE	27
SOX2	14	1.04631137938375	1.04599028046189	976948	0.771739405199762	0	0	54.3624161073826	0.0235404896421846	TRUE	TRUE	28
MIA	14	1.29197368921381	1.2911136766942	976751	0.771583785184343	0	0	54.3624161073826	0.082391713747646	TRUE	TRUE	29
GPR155	14	1.10276696752735	1.02871039482717	976095.5	0.771065973407146	3.58824367058313e-133	1.04971396486559e-130	58.3892617449665	6.82674199623352	TRUE	TRUE	30
FXYD1	14	1.93194697750116	1.20557853017163	973143.5	0.7687340430238	1.97657786969163e-34	1.8742729254707e-32	77.1812080536913	46.0216572504708	TRUE	TRUE	31
PTPRZ1	14	0.977303868113759	0.975542245099588	972160	0.767957127870676	0	0	53.6912751677852	0.164783427495292	TRUE	TRUE	32
RASSF4	14	1.05510389841678	0.962250369725309	971506.5	0.767440895992113	4.24501691064545e-114	1.03304177014017e-111	58.3892617449665	8.02730696798493	TRUE	TRUE	33
PLEKHB1	14	0.979517816113373	0.972553115658151	970218.5	0.766423441272008	0	0	53.6912751677852	0.717984934086629	TRUE	TRUE	34
ERBB3	14	0.900569546397079	0.877252500016828	967709.5	0.764441458436027	3.5104758843868e-282	2.54038358801981e-279	54.3624161073826	2.38935969868173	TRUE	TRUE	35
ABCA8	14	1.43876991750246	1.12985039057515	965226.5	0.762480014282284	4.90116965787259e-58	7.05640127863028e-56	65.1006711409396	18.2321092278719	TRUE	TRUE	36
VIM	14	4.10777527548015	0.794114836434809	956665.5	0.755717258180715	8.28672276330803e-27	6.19229862141869e-25	98.6577181208054	96.0687382297552	TRUE	TRUE	37
SCN7A	14	1.12017868459226	1.09388357920266	955540.5	0.754828565199257	4.72921374597825e-307	3.94086814547442e-304	52.3489932885906	1.91854990583804	TRUE	TRUE	38
CNN3	14	1.76596105324873	0.929138908809418	955272.5	0.754616858782341	3.64019462461851e-29	2.93553407572975e-27	78.5234899328859	54.1784369114878	TRUE	TRUE	39
PMEPA1	14	1.70724627533165	1.15890242107327	955141.5	0.754513375421833	5.47769541711858e-34	5.08889007686972e-32	70.4697986577181	38.2179849340866	TRUE	TRUE	40
L1CAM	14	0.886587100132495	0.881245062791499	953363.5	0.75310884553647	0	0	51.006711409396	0.647363465160075	TRUE	TRUE	41
CNP	14	0.986755669424521	0.859091243622012	950476.5	0.750828261858719	5.12212204968255e-70	8.58861184415978e-68	57.7181208053691	12.7471751412429	TRUE	TRUE	42
NCAM1	14	0.926990806744388	0.885309630136833	949011.5	0.749670986109531	7.93144668870897e-201	3.51785245956142e-198	52.3489932885906	3.31920903954802	TRUE	TRUE	43
SAT1	14	2.14273335596332	1.11082850433926	945524.5	0.746916432841669	4.96171107246612e-27	3.7587353383401e-25	80.5369127516778	57.2622410546139	TRUE	TRUE	44
S100A6	14	3.73044184988258	0.930955676756253	941532.5	0.743762955168796	1.61793754059035e-24	1.08781575620279e-22	97.9865771812081	92.478813559322	TRUE	TRUE	45
PGRMC1	14	1.22334132088952	0.808779284238888	940029.5	0.742575661345568	1.25278695783895e-32	1.10772953548596e-30	67.7852348993289	34.8516949152542	TRUE	TRUE	46
PSAP	14	2.03297523999719	0.858992596314916	939415	0.742090237490363	3.87722448160657e-25	2.65884778103987e-23	86.5771812080537	65.4072504708098	TRUE	TRUE	47
NRXN3	14	0.825416449178793	0.802259688663853	937822.5	0.740832243203276	5.94113951387939e-265	3.79942780214347e-262	49.6644295302014	2.07156308851224	TRUE	TRUE	48
CD59	14	1.71239316999968	0.843529510249797	937720.5	0.740751668372957	7.10354757047788e-26	5.00872960616849e-24	81.2080536912752	56.5677966101695	TRUE	TRUE	49
TUBB2B	14	0.848572403601665	0.834314519180622	937512.5	0.740587358915052	0	0	48.993288590604	1.27118644067797	TRUE	TRUE	50
PECAM1	15	1.60198558225683	1.57620856958117	887010.5	0.944784044309528	0	0	90	2.24956063268893	TRUE	TRUE	1
VWF	15	1.420217018425	1.40185929326495	845290	0.900346168184481	0	0	80.9090909090909	1.65202108963093	TRUE	TRUE	2
EGFL7	15	1.24717509687978	1.22260026042907	842674	0.897559780582628	0	0	80.9090909090909	2.42530755711775	TRUE	TRUE	3
CD74	15	2.43092406838939	1.80585532039142	834503.5	0.888857112424775	2.67397115783591e-60	4.15432389092258e-58	94.5454545454546	34.9619214997071	TRUE	TRUE	4
ACKR1	15	1.98283368879768	1.93103167180327	832616	0.886846674122597	3.21857206816126e-296	2.21268783255916e-293	79.0909090909091	4.10076157000586	TRUE	TRUE	5
CAVIN2	15	1.10392833209845	1.02229511330791	803056	0.855361346327955	2.04554462729628e-163	6.944497741484e-161	76.3636363636364	7.13532513181019	TRUE	TRUE	6
CD93	15	1.02113467548785	0.995146286170535	802783	0.85507056505299	0	0	72.7272727272727	2.46045694200352	TRUE	TRUE	7
PLVAP	15	1.08110259385482	1.06980669608935	798904	0.8509389146296	0	0	70.9090909090909	0.937316930287053	TRUE	TRUE	8
AQP1	15	1.17573884287029	1.14593501054852	794532	0.846282153698674	0	0	70.9090909090909	2.72993555946104	TRUE	TRUE	9
RNASE1	15	1.00953053422371	0.97233353957398	794029.5	0.845746924428823	5.65884735226538e-299	3.99006777794733e-296	71.8181818181818	3.08142940831869	TRUE	TRUE	10
FABP5	15	1.48591310222502	1.2600873573165	791000.5	0.842520636949459	8.76783374201245e-80	1.73458028828489e-77	80	16.1452841241945	TRUE	TRUE	11
EMCN	15	0.916531465945317	0.909962161407116	787256.5	0.838532779464238	0	0	68.1818181818182	0.538957234915056	TRUE	TRUE	12
HLA-E	15	2.13579382793318	1.16890042853333	782089.5	0.833029237897428	1.44099614490118e-35	1.39528003481119e-33	95.4545454545454	58.863503222027	TRUE	TRUE	13
TSPAN7	15	0.899720847787552	0.872646122713738	779745.5	0.830532566437663	0	0	68.1818181818182	2.42530755711775	TRUE	TRUE	14
ITGA6	15	0.956386713061363	0.907624433320439	777477	0.828116312509986	7.76923129465844e-224	3.88447438857841e-221	69.0909090909091	3.98359695371998	TRUE	TRUE	15
HLA-DRA	15	1.75029225529047	1.32915974279854	774020	0.824434148159983	1.97773582711668e-53	2.64008531601367e-51	82.7272727272727	24.323374340949	TRUE	TRUE	16
TM4SF1	15	1.3548160426311	1.15848572484183	773739.5	0.824135378388454	1.80114220221739e-85	3.69623950886387e-83	75.4545454545455	12.8763913298184	TRUE	TRUE	17
SPARCL1	15	3.20665916737179	1.46490709199565	768100.5	0.81812909410449	2.33447278325274e-31	2.02509990746584e-29	100	69.2091388400703	TRUE	TRUE	18
PTPRB	15	0.754242081530681	0.747231794346225	765279.5	0.815124354263194	0	0	63.6363636363636	0.644405389572349	TRUE	TRUE	19
ADGRL4	15	0.807087487477869	0.797670877995478	764827	0.814642381637109	0	0	63.6363636363636	0.925600468658465	TRUE	TRUE	20
CD34	15	0.965943792057258	0.81038606202832	762782.5	0.812464717473505	5.1467952452138e-88	1.08870555729334e-85	74.5454545454546	11.3298183948448	TRUE	TRUE	21
CLEC14A	15	0.772734137358505	0.764425668842397	760704	0.810250838792139	0	0	62.7272727272727	0.714704159343878	TRUE	TRUE	22
HLA-DPA1	15	1.14743150860139	0.912984177941026	758694	0.808109921712734	7.45716883263173e-61	1.17179820416309e-58	76.3636363636364	17.6567076742824	TRUE	TRUE	23
CALCRL	15	0.842904757465183	0.791688445100382	757575.5	0.806918570591681	7.25086464665663e-189	3.02108374118804e-186	65.4545454545455	4.22964264792033	TRUE	TRUE	24
PALMD	15	0.828801423925652	0.809342710636589	757141.5	0.80645630292379	0	0	62.7272727272727	1.59343878148799	TRUE	TRUE	25
TGFBR2	15	1.2296460750297	0.872472819050381	752246.5	0.801242477499068	2.00414111897116e-41	2.25868346846672e-39	81.8181818181818	28.8927943760984	TRUE	TRUE	26
CLDN5	15	0.950662331260488	0.938187228395249	751481	0.800427118283006	0	0	60.9090909090909	0.995899238429994	TRUE	TRUE	27
JAM2	15	0.794337095243947	0.71901391167814	747357.5	0.796035042871598	1.54381429060829e-122	4.08205280552282e-120	65.4545454545455	6.65495020503808	TRUE	TRUE	28
RAMP2	15	0.958772764762263	0.884193171582836	743738	0.792179794429355	8.09314601799e-129	2.22553422348707e-126	63.6363636363636	6.08084358523726	TRUE	TRUE	29
MMRN2	15	0.664318478099537	0.645376791915845	743078	0.79147680673164	0	0	60	1.83948447568834	TRUE	TRUE	30
CDH5	15	0.629192378281367	0.622604696239361	739714.5	0.78789423230548	0	0	58.1818181818182	0.620972466315173	TRUE	TRUE	31
GNG11	15	1.32710370561211	0.878646201043136	736049	0.783989987750972	1.83464356468615e-33	1.66504499621467e-31	80.9090909090909	34.2355008787346	TRUE	TRUE	32
ID1	15	1.23524273705044	0.973822607840729	734068	0.781879959524951	4.59657163058012e-50	5.96231713534541e-48	71.8181818181818	18.2776801405975	TRUE	TRUE	33
TCF4	15	1.8298748898472	0.950107850069388	731032	0.77864621611546	7.16578939320904e-26	5.36926546386527e-24	90.9090909090909	55.5125951962507	TRUE	TRUE	34
HLA-DRB1	15	1.21915795333553	0.970773017254926	730976	0.778586568674442	3.58894140521756e-53	4.76774394696027e-51	70	16.3678968951377	TRUE	TRUE	35
ECSCR	15	0.703016952856784	0.694942286471536	726733	0.774067209884433	0	0	55.4545454545455	0.656121851200937	TRUE	TRUE	36
HLA-DPB1	15	1.04858497136114	0.808270365517902	725160	0.772391755871545	1.11469251657283e-45	1.34442673303668e-43	70	18.9572349150557	TRUE	TRUE	37
NPDC1	15	0.897112903636864	0.700866647817795	724486	0.771673856313575	5.47928010907774e-49	7.00812668462924e-47	69.0909090909091	17.1294669009959	TRUE	TRUE	38
ELK3	15	0.802727599242121	0.659082609201193	723330.5	0.770443095276136	2.54938737649643e-60	3.98327292422019e-58	65.4545454545455	12.9349736379613	TRUE	TRUE	39
SRGN	15	0.866308864568289	0.700303285785968	723019.5	0.770111838951909	7.80648333737276e-64	1.27780050770484e-61	66.3636363636364	11.9859402460457	TRUE	TRUE	40
LDB2	15	0.802076015768715	0.679681828577176	722888	0.769971773978804	5.3998263208015e-69	9.33898264124028e-67	63.6363636363636	10.8845928529584	TRUE	TRUE	41
NFIB	15	1.3889343691805	0.829733517571356	721987.5	0.769012621824573	1.67378229691712e-28	1.35374527596835e-26	86.3636363636364	38.0199179847686	TRUE	TRUE	42
SOX18	15	0.70173728847035	0.689695704045064	720826	0.767775469989881	0	0	54.5454545454545	1.07791446983011	TRUE	TRUE	43
NUAK1	15	0.798927723188743	0.69751101392003	719060.5	0.765894977898493	1.66944086812298e-78	3.23295453750098e-76	60.9090909090909	8.96309314586995	TRUE	TRUE	44
HYAL2	15	0.87071430499436	0.781718919801372	716433	0.763096341268573	7.48610113565393e-75	1.39094794006316e-72	59.0909090909091	9.29115407147042	TRUE	TRUE	45
SYNE2	15	1.51970238878393	0.940808821001583	715081.5	0.76165681418757	1.01665388121341e-27	8.05676227074568e-26	81.8181818181818	36.3678968951377	TRUE	TRUE	46
FLT1	15	0.643793553660401	0.618267957119202	714891	0.76145390637482	4.15366080256083e-216	1.9693365243038e-213	54.5454545454545	2.44874048037493	TRUE	TRUE	47
TPM3	15	1.07201555623051	0.705768188031335	714477.5	0.761013473930873	1.10866347144368e-30	9.55709617593406e-29	76.3636363636364	30.2753368482718	TRUE	TRUE	48
THSD7A	15	0.606189456874084	0.589768271502258	714382.5	0.760912286307717	0	0	53.6363636363636	1.40597539543058	TRUE	TRUE	49
SHANK3	15	0.573516850757741	0.56674738042798	714014	0.760519784843159	0	0	52.7272727272727	0.656121851200937	TRUE	TRUE	50
ACTG2	16	2.50424038057185	2.06172448082248	780736	0.887375458329261	3.19036185677834e-69	9.74797341106083e-66	87.378640776699	25.1229220323109	TRUE	TRUE	1
PDLIM3	16	1.75665048836262	1.2490189269148	733571.5	0.833768836110776	2.68776859467897e-43	3.69554742925385e-40	85.4368932038835	33.551861390775	TRUE	TRUE	2
MYLK	16	2.20338134159816	1.37560079498377	733306	0.833467071898307	1.63200206991868e-36	1.95123586611712e-33	90.2912621359223	46.6518379770546	TRUE	TRUE	3
LPP	16	2.21804503955967	1.22519234284443	724437	0.823386669636951	1.44530625840733e-31	1.47201765925716e-28	90.2912621359223	59.342074455631	TRUE	TRUE	4
PITX1	16	1.42912242044703	1.26095920516359	706938.5	0.803498078029065	2.32767678523112e-70	8.00109798963381e-67	67.9611650485437	13.0648560056193	TRUE	TRUE	5
TAGLN	16	4.06937522685829	2.03361200231286	705945	0.802368877482593	2.01943087526503e-27	1.46137709576087e-24	99.0291262135922	62.3741512526341	TRUE	TRUE	6
TGM2	16	1.255996211667	1.03408277214993	695388	0.790369914051187	8.24011796980716e-55	1.61853574322662e-51	69.9029126213592	16.1320533832826	TRUE	TRUE	7
FHL1	16	1.81625210204202	1.08905239307059	694590	0.789462916531223	6.9252983436198e-28	5.14699403111354e-25	84.4660194174757	46.8859751814563	TRUE	TRUE	8
SELENOM	16	2.41984673726498	0.943113826843847	686274	0.780011047638965	4.85838674616875e-23	2.52076937986593e-20	89.3203883495146	72.629360805432	TRUE	TRUE	9
TMEM176B	16	1.7636991460257	1.10240079420444	682971.5	0.776257464544126	1.45228613746902e-28	1.17460048512531e-25	82.5242718446602	37.1575743385624	TRUE	TRUE	10
PCDH7	16	1.10515302778751	0.909577665781796	676692	0.76912025786917	5.3707575642053e-50	8.88561275446561e-47	65.0485436893204	15.0667291032545	TRUE	TRUE	11
MYL6	16	3.27634408510745	0.956105220081308	673747.5	0.765773573411106	1.44294084005477e-20	5.83521031774504e-18	100	87.0405057363615	TRUE	TRUE	12
ACTB	16	4.25733722694145	0.80835122245496	671611	0.763345252356716	3.49362605812498e-20	1.37244604246255e-17	100	97.1201123858581	TRUE	TRUE	13
CXCL14	16	1.892522566746	1.55289547787025	667565	0.758746615808126	3.14600257523242e-56	6.65476344740895e-53	63.1067961165049	11.7771013814095	TRUE	TRUE	14
FLNA	16	2.41855409303299	1.03881351026511	663162.5	0.753742785505316	2.19653140943873e-19	6.10125426547026e-17	93.2038834951456	68.6373214703816	TRUE	TRUE	15
MYH11	16	2.7431959445527	1.56516228830383	661126.5	0.751428691582199	3.61132200721365e-23	1.90976430531477e-20	93.2038834951456	39.4872395223601	TRUE	TRUE	16
ACTA2	16	3.86313794406027	1.86379341839213	660709	0.750954165937356	1.45917926061328e-19	4.17978859245882e-17	99.0291262135922	60.266916413018	TRUE	TRUE	17
HSD17B6	16	0.830689258830065	0.809914374881587	660207.5	0.750384166869358	8.78807717774057e-223	8.05544447702293e-219	51.4563106796117	1.99016623741513	TRUE	TRUE	18
TPM1	16	2.83908644819129	0.971638479363081	657495.5	0.747301739207525	3.91834509377405e-18	1.02619592127326e-15	95.1456310679612	78.9861859049403	TRUE	TRUE	19
CD9	16	1.78798816632367	0.891914492907763	655490	0.74502231122972	1.32113542878796e-19	3.82420033223579e-17	81.5533980582524	52.236010302037	TRUE	TRUE	20
NBL1	16	1.55201142693177	0.874926686943795	654094	0.743435633863969	5.94943764750868e-21	2.59688231537843e-18	79.6116504854369	43.163193631468	TRUE	TRUE	21
TGFB1I1	16	1.42652294725501	0.802872776483597	654068.5	0.743406650860511	8.16876075435845e-21	3.50988674975161e-18	78.6407766990291	43.7836572231328	TRUE	TRUE	22
DES	16	1.19420778919769	1.03816288530917	652428	0.741542077638079	7.99653490104393e-57	1.83247261036506e-53	55.3398058252427	9.92741746663545	TRUE	TRUE	23
TPM2	16	3.08161648030273	1.22817174485087	651931	0.74097719321775	1.51370208770025e-17	3.78411760996992e-15	95.1456310679612	70.650901428237	TRUE	TRUE	24
CSRP1	16	1.71041770957691	0.908673546465335	650158.5	0.738962590330361	1.00402569062366e-19	2.93720239004895e-17	84.4660194174757	45.7269960196675	TRUE	TRUE	25
SYNPO2	16	1.49763534154965	0.896627093605271	648182.5	0.736716691709497	3.17311429854623e-21	1.45429116826204e-18	74.7572815533981	37.8599859517677	TRUE	TRUE	26
ACTN1	16	1.71665172271655	0.797037732748958	643295	0.731161616046809	2.29125207806747e-17	5.57585317652897e-15	87.378640776699	54.4369000234137	TRUE	TRUE	27
SMTN	16	1.17723533076755	0.749915416160497	633427.5	0.719946330297127	2.43599573261039e-20	9.70832560160189e-18	67.9611650485437	32.0182627019433	TRUE	TRUE	28
MYL9	16	3.00948382960112	1.0808578091986	630823	0.716986085885164	2.04460431325746e-14	4.01604100073335e-12	98.0582524271845	73.9990634511824	TRUE	TRUE	29
A2M	16	2.22518381111513	0.95051079797933	629862	0.715893824460746	7.10416196032501e-15	1.45789066975356e-12	86.4077669902913	60.4776398969796	TRUE	TRUE	30
FHL2	16	0.974655515631255	0.727640356757817	625800.5	0.711277570792407	3.21408556633704e-26	2.05544509276052e-23	56.3106796116505	19.4450948255678	TRUE	TRUE	31
TCEAL4	16	1.23309982636342	0.74794915422588	625616	0.711067870237979	4.52302108257298e-17	1.07222893749719e-14	65.0485436893204	38.5272769843128	TRUE	TRUE	32
TMEM176A	16	1.1993305936	0.735673500087813	625143	0.710530263938551	2.65244768537843e-19	7.29396589002214e-17	66.9902912621359	30.519784593772	TRUE	TRUE	33
HHIP	16	1.12228063176863	1.10319013665687	623931.5	0.709153287127228	4.35190554761536e-229	5.98365253269374e-225	42.7184466019417	1.24092718332943	TRUE	TRUE	34
TCIM	16	1.02917396196889	0.739378807972592	623105	0.708213896838693	1.33105028472352e-26	8.71489328086e-24	58.252427184466	18.3212362444392	TRUE	TRUE	35
TUBA1A	16	1.64386473057456	0.713780245885105	622016.5	0.706976720396988	3.62338939351333e-14	7.01687217832557e-12	83.495145631068	55.1744322172793	TRUE	TRUE	36
CNN1	16	1.17734271757833	0.787277975994062	621958	0.706910229977291	2.16111883951154e-21	1.00726452487674e-18	61.1650485436893	24.6546476235074	TRUE	TRUE	37
C9orf3	16	1.14296466849135	0.608151116830338	610927.5	0.694373091952272	1.4829346480027e-14	2.95501593372653e-12	70.873786407767	39.2882228986186	TRUE	TRUE	38
RGS2	16	0.78192005564785	0.614098301533972	608619	0.69174927769809	5.87929476204204e-29	4.89923414125436e-26	49.5145631067961	13.3926480917818	TRUE	TRUE	39
RTN4	16	1.54381757190036	0.572758047939844	603915.5	0.686403334295645	2.09157892273523e-11	3.16023784595033e-09	80.5825242718447	61.8239288222899	TRUE	TRUE	40
CARMN	16	2.01752759864602	0.864000811105541	603614	0.686060652901824	4.62942013889315e-12	7.62301942511513e-10	82.5242718446602	50.8077733551861	TRUE	TRUE	41
PFN1	16	2.00496064943796	0.632134367377664	602584.5	0.684890535174	6.06757093523249e-11	8.97054479290098e-09	87.378640776699	70.6977288691173	TRUE	TRUE	42
PPP1CC	16	1.00274714118706	0.56896978258119	602291.5	0.684557514781332	4.10232717767228e-14	7.88880385026643e-12	62.1359223300971	34.8981503160852	TRUE	TRUE	43
GREM1	16	1.26135516504714	0.974249935884065	601889	0.684100037962052	1.49691551654833e-25	9.14748439768054e-23	48.5436893203884	14.2823694685085	TRUE	TRUE	44
ITM2C	16	0.941044071253149	0.592578435794204	601591	0.683761334627529	9.637490030751e-16	2.10334395520335e-13	57.2815533980583	28.4710840552564	TRUE	TRUE	45
GBP2	16	0.925590276125906	0.574786337430923	601506.5	0.683665292910189	6.35647966460033e-16	1.43276093685938e-13	59.2233009708738	27.8740341840318	TRUE	TRUE	46
DSTN	16	2.69267965997128	0.773538299884121	599570	0.681464289529975	1.8421783370907e-10	2.5978493380337e-08	95.1456310679612	78.0730508077734	TRUE	TRUE	47
RPS24	16	3.01918832020159	0.500342796804469	598051	0.679737811794605	3.33100071156142e-10	4.22145278935462e-08	99.0291262135922	91.8169047061578	TRUE	TRUE	48
RPL21	16	2.64439913951484	0.578650984979136	597227	0.678801262976998	3.72213769989488e-10	4.67374724243879e-08	89.3203883495146	82.3109342074456	TRUE	TRUE	49
ILK	16	1.14654035732017	0.569027657290496	596900.5	0.678430166873905	4.43341127034803e-12	7.34423954959641e-10	67.9611650485437	42.3320065558417	TRUE	TRUE	50
STMN1	17	2.15716023376317	1.96912627880831	615331	0.944854770255081	1.42765206697225e-98	3.66906581211867e-96	93.421052631579	15.1009452678259	TRUE	TRUE	1
H2AFZ	17	2.66555773406641	1.9524626483117	604680.5	0.928500684843162	3.69632550121822e-43	5.15965761208121e-41	94.7368421052632	49.5857159528533	TRUE	TRUE	2
CENPF	17	1.43260378046116	1.41535361846626	596929.5	0.916598847743703	0	0	84.2105263157895	1.56377640331427	TRUE	TRUE	3
TUBB	17	2.68184502361961	1.62010226313181	594618	0.913049486828286	4.26367018892922e-37	5.40307219010897e-35	97.3684210526316	63.4263041195005	TRUE	TRUE	4
TUBA1B	17	2.93220466923915	1.76157890153581	591648	0.908488984159547	4.66566151481959e-36	5.77932549531639e-34	97.3684210526316	65.3868596102229	TRUE	TRUE	5
PTTG1	17	1.45377166565534	1.40767433364631	591230.5	0.907847903397191	1.89697245562211e-226	8.69414092619207e-224	84.2105263157895	4.41124985412534	TRUE	TRUE	6
HMGB1	17	3.00569333850101	1.25447602556247	589907	0.905815638992451	2.36671870183395e-34	2.84202609527213e-32	98.6842105263158	84.6656552689929	TRUE	TRUE	7
MKI67	17	1.20801178273922	1.20013864323786	585375	0.898856649734969	0	0	80.2631578947369	0.781888201657136	TRUE	TRUE	8
SMC4	17	1.34247972406051	1.19167253422597	565373	0.868143123007659	8.75166309737867e-75	1.78268135936901e-72	81.5789473684211	13.4904889718754	TRUE	TRUE	9
HMGN2	17	2.20805493657366	1.33907183591097	564205.5	0.866350400157238	2.44173782658364e-30	2.69660034109331e-28	94.7368421052632	57.661337378924	TRUE	TRUE	10
TOP2A	17	1.17351960534504	1.16224774436434	563281	0.864930809343349	0	0	73.6842105263158	1.08530750379274	TRUE	TRUE	11
PCLAF	17	1.19630730868703	1.16972546337722	556103.5	0.853909594560564	1.80852729574029e-287	9.75150825599257e-285	72.3684210526316	2.34566460497141	TRUE	TRUE	12
ANLN	17	0.851934753004997	0.846746204955781	555607	0.853147207498265	0	0	71.0526315789474	0.548488738475902	TRUE	TRUE	13
UBE2C	17	1.06406335334057	1.0536792016662	550382.5	0.845124868712802	0	0	69.7368421052632	0.956937799043062	TRUE	TRUE	14
TYMS	17	1.04446636230892	1.00221863001292	547899	0.841311397878522	7.97571437235674e-173	2.74155211906798e-170	71.0526315789474	4.09616057883067	TRUE	TRUE	15
TPX2	17	0.844585928281511	0.833912133447589	545737	0.837991597619326	0	0	68.421052631579	1.20200723538336	TRUE	TRUE	16
CFL1	17	2.4497235819235	1.08355818408814	545041.5	0.836923641522993	1.27457835964181e-24	1.0784501634397e-22	98.6842105263158	71.7353250087525	TRUE	TRUE	17
TK1	17	0.796910107304283	0.781096854336641	543976	0.835287541996548	0	0	68.421052631579	1.72715602754114	TRUE	TRUE	18
GAPDH	17	3.16956904083833	1.23988457406963	542581.5	0.833146255474139	9.94959135160956e-24	8.14297061243783e-22	98.6842105263158	82.5067102345665	TRUE	TRUE	19
HMGB2	17	1.49636355454175	1.1760958593945	542332	0.832763142539509	7.95297483355637e-38	1.02675518754914e-35	81.5789473684211	26.1757497957755	TRUE	TRUE	20
HNRNPA2B1	17	2.4261499663794	0.926176116081048	538487	0.826859057434694	5.90950553131632e-23	4.7795733119314e-21	97.3684210526316	80.1026957637997	TRUE	TRUE	21
BIRC5	17	0.848364811613916	0.841306548112491	538065	0.826211066819809	0	0	65.7894736842105	0.665188470066519	TRUE	TRUE	22
SKA2	17	0.997930990854441	0.836384416888471	536208	0.82335960100976	1.59063679938111e-52	2.61921684707672e-50	76.3157894736842	15.4160345431206	TRUE	TRUE	23
RAN	17	1.7780590203005	1.05137840191443	533567	0.819304285336986	1.97041783333401e-24	1.64694589662164e-22	86.8421052631579	51.1494923561676	TRUE	TRUE	24
CBX3	17	1.35783893501707	0.882202561829138	533168	0.818691611746135	5.33290419655922e-28	5.53394462268611e-26	90.7894736842105	37.6356634379741	TRUE	TRUE	25
ACTB	17	4.42843639127967	0.978420868002592	533076	0.818550343649999	9.97464780430789e-22	7.64046907996275e-20	100	97.1291866028708	TRUE	TRUE	26
CKS2	17	0.970813946888384	0.922472707065157	532717.5	0.817999858731904	2.51015199515684e-125	7.04353772600182e-123	67.1052631578947	5.14645816314623	TRUE	TRUE	27
TUBB4B	17	1.76799858488788	1.12024152662542	529039.5	0.812352205932032	9.62671901918318e-25	8.22127783566827e-23	89.4736842105263	44.8827167697514	TRUE	TRUE	28
CDKN3	17	0.832684728320816	0.81783266936004	527402	0.809837787373089	0	0	63.1578947368421	1.45874664488272	TRUE	TRUE	29
UBE2S	17	1.17162745186296	0.990630642941543	526048	0.807758689523435	1.25729495108987e-45	1.84889592834333e-43	72.3684210526316	16.3963122884817	TRUE	TRUE	30
ASPM	17	0.931027318511503	0.924653444022162	525542.5	0.806982482756079	0	0	61.8421052631579	0.571828684794025	TRUE	TRUE	31
TUBA1C	17	1.29664240843023	0.937968656688523	524884	0.805971341002758	1.22060849117682e-30	1.35344810076095e-28	81.5789473684211	28.3346948302019	TRUE	TRUE	32
NUSAP1	17	0.684421008883114	0.676653472636382	524759	0.805779400654747	0	0	61.8421052631579	0.758548255339013	TRUE	TRUE	33
MYL12A	17	2.2607651578526	1.05190030575317	524632	0.805584389261168	8.08083221504599e-21	5.93378188254169e-19	94.7368421052632	66.6472167114016	TRUE	TRUE	34
RANBP1	17	1.4248204786105	0.927992406528991	522459	0.802247698251347	1.17825459948624e-24	1.00312146226849e-22	84.2105263157895	39.7829384992414	TRUE	TRUE	35
CCNB2	17	0.800545337687713	0.79522305933958	521323	0.800503344368624	0	0	60.5263157894737	0.571828684794025	TRUE	TRUE	36
CCNB1	17	0.923701235294917	0.910659295537665	519543	0.797770113812949	0	0	60.5263157894737	1.41206675224647	TRUE	TRUE	37
H2AFV	17	1.22785664520215	0.81486646763932	517503	0.794637647333411	2.46914792558723e-25	2.14870565840896e-23	85.5263157894737	34.5547905239818	TRUE	TRUE	38
CEP55	17	0.616700526345951	0.613669951151964	517490	0.794617685537218	0	0	59.2105263157895	0.291749328976543	TRUE	TRUE	39
JPT1	17	1.02094509241276	0.868067194218084	516809	0.793571994521255	5.02318129502432e-45	7.27012960167757e-43	68.421052631579	14.8558758314856	TRUE	TRUE	40
KIF20B	17	0.780479551644341	0.721667552300525	515462	0.791503645331089	1.72271472508514e-103	4.46914454953926e-101	63.1578947368421	5.30983778737309	TRUE	TRUE	41
PPIA	17	2.48072621524118	0.866174674476565	515140	0.791009206994613	1.58867949050382e-18	1.03523927273376e-16	96.0526315789474	80.0560158711635	TRUE	TRUE	42
LGALS1	17	3.59746530104107	1.19913815875201	513331	0.7882314462782	4.15396655375338e-18	2.63202595072959e-16	96.0526315789474	87.1863694713502	TRUE	TRUE	43
POMP	17	1.7595780391698	0.914267435639222	512998	0.787720117191099	1.36480372921169e-19	9.40619993724114e-18	92.1052631578947	55.2923328276345	TRUE	TRUE	44
IKBIP	17	1.00809700495447	0.776040407330179	512980	0.787692477780985	3.71486899961332e-34	4.42230227793795e-32	73.6842105263158	20.3641031625627	TRUE	TRUE	45
NUCKS1	17	1.96536987704835	0.890397029675522	511930	0.786080178857694	1.90117414803708e-18	1.23012677404404e-16	97.3684210526316	66.5071770334928	TRUE	TRUE	46
TACC3	17	0.594555920433547	0.584416146594837	510891.5	0.78448553844642	0	0	57.8947368421053	1.02695763799743	TRUE	TRUE	47
LSM5	17	1.12475056934634	0.758051804750153	510501.5	0.783886684560626	5.00974088789699e-25	4.33216555585784e-23	81.5789473684211	31.3222079589217	TRUE	TRUE	48
KPNA2	17	0.952104032981138	0.860335273196045	510136	0.783325450983042	2.18950507305974e-61	3.90968831195258e-59	63.1578947368421	9.3009686077722	TRUE	TRUE	49
ANP32E	17	0.859729979308357	0.672663359985571	510048	0.783190324978042	1.02643257219388e-37	1.31896585526914e-35	72.3684210526316	17.0848407048664	TRUE	TRUE	50
