expression_cell_id	cluster	cleanup_label	review_label	current_action	scDblFinder.class	scDblFinder.score
AAACCTGAGAGGGATA.41	1	core_retained_singlet	mac_mono_supported	retain_for_current_mac_mono_analysis	singlet	0.200990441815614
AAACCTGAGGCTCTTA.46	1	core_retained_singlet	mac_mono_supported	retain_for_current_mac_mono_analysis	singlet	0.0667053235956961
AAACCTGAGTCCTCCT.58	1	core_retained_singlet	mac_mono_supported	retain_for_current_mac_mono_analysis	singlet	0.190148772063335
AAACCTGCAGAGCCAA.49	1	core_retained_singlet	mac_mono_supported	retain_for_current_mac_mono_analysis	singlet	0.228151947213356
AAACCTGGTCTCTTTA.58	1	core_retained_singlet	mac_mono_supported	retain_for_current_mac_mono_analysis	singlet	0.120198248247545
AAACCTGTCCCTAACC.34	1	core_retained_singlet	mac_mono_supported	retain_for_current_mac_mono_analysis	singlet	0.176960728644882
AAACGGGGTCACACGC.58	1	core_retained_singlet	mac_mono_supported	retain_for_current_mac_mono_analysis	singlet	0.336324787955702
AAACGGGTCGATCCCT.57	1	core_retained_singlet	mac_mono_supported	retain_for_current_mac_mono_analysis	singlet	0.24453634296165
AAAGATGGTAACGACG.22	1	core_retained_singlet	mac_mono_supported	retain_for_current_mac_mono_analysis	singlet	0.190162647130828
AAAGATGTCGTCTGCT.16	1	core_retained_singlet	mac_mono_supported	retain_for_current_mac_mono_analysis	singlet	0.340963004592967
AAAGATGTCTCGTATT.35	1	core_retained_singlet	mac_mono_supported	retain_for_current_mac_mono_analysis	singlet	0.208781317433533
AAAGCAAAGATGCCTT.34	1	core_retained_singlet	mac_mono_supported	retain_for_current_mac_mono_analysis	singlet	0.286683475191198
AAAGCAACAAGTACCT.22	1	core_retained_singlet	mac_mono_supported	retain_for_current_mac_mono_analysis	singlet	0.368876701410771
AAAGTAGCAAGACGTG.22	1	core_retained_singlet	mac_mono_supported	retain_for_current_mac_mono_analysis	singlet	0.32727343004506
AAAGTAGCAATGGAGC.52	1	core_retained_singlet	mac_mono_supported	retain_for_current_mac_mono_analysis	singlet	0.092478589188812
AAAGTAGGTGCAACGA.52	1	core_retained_singlet	mac_mono_supported	retain_for_current_mac_mono_analysis	singlet	0.122264499768886
AAATGCCAGGACAGAA.46	1	core_retained_singlet	mac_mono_supported	retain_for_current_mac_mono_analysis	singlet	0.24686144801212
AAATGCCGTCCGTCAG.40	1	core_retained_singlet	mac_mono_supported	retain_for_current_mac_mono_analysis	singlet	0.334659025132427
AAATGCCGTCTCTCGT.46	1	core_retained_singlet	mac_mono_supported	retain_for_current_mac_mono_analysis	singlet	0.137329111963835
AAATGCCTCCGCAAGC.22	1	core_retained_singlet	mac_mono_supported	retain_for_current_mac_mono_analysis	singlet	0.075448197744875
AACACGTGTCACAAGG.58	1	core_retained_singlet	mac_mono_supported	retain_for_current_mac_mono_analysis	singlet	0.0985660496070731
AACCATGAGTGCGATG.22	1	core_retained_singlet	mac_mono_supported	retain_for_current_mac_mono_analysis	singlet	0.0650272969593495
AACCATGGTCTCAACA.22	1	core_retained_singlet	mac_mono_supported	retain_for_current_mac_mono_analysis	singlet	0.246882328365676
AACCATGTCAACGGGA.22	1	core_retained_singlet	mac_mono_supported	retain_for_current_mac_mono_analysis	singlet	0.11387144854305
AACCGCGAGACATAAC.58	1	core_retained_singlet	mac_mono_supported	retain_for_current_mac_mono_analysis	singlet	0.1256108012155
AACCGCGAGCAGATCG.34	1	core_retained_singlet	mac_mono_supported	retain_for_current_mac_mono_analysis	singlet	0.279501521544686
AACCGCGCACCGCTAG.51	1	core_retained_singlet	mac_mono_supported	retain_for_current_mac_mono_analysis	singlet	0.387493844028011
AACCGCGGTCTTCAAG.58	1	core_retained_singlet	mac_mono_supported	retain_for_current_mac_mono_analysis	singlet	0.0790980226276338
AACCGCGGTGCACGAA.34	1	core_retained_singlet	mac_mono_supported	retain_for_current_mac_mono_analysis	singlet	0.0500122292528226
AACGTTGAGGCATGTG.41	1	core_retained_singlet	mac_mono_supported	retain_for_current_mac_mono_analysis	singlet	0.244775757524832
AACGTTGCAATAACGA.22	1	core_retained_singlet	mac_mono_supported	retain_for_current_mac_mono_analysis	singlet	0.228503764036047
AACGTTGCACTTACGA.7	1	core_retained_singlet	mac_mono_supported	retain_for_current_mac_mono_analysis	singlet	0.331119190496822
AACGTTGTCGGACAAG.60	1	core_retained_singlet	mac_mono_supported	retain_for_current_mac_mono_analysis	singlet	0.257095886719154
AACTCCCAGGTTACCT.52	1	core_retained_singlet	mac_mono_supported	retain_for_current_mac_mono_analysis	singlet	0.268736036913255
AACTCCCAGTGGAGTC.22	1	core_retained_singlet	mac_mono_supported	retain_for_current_mac_mono_analysis	singlet	0.297412501662057
AACTCCCCAAATACAG.34	1	core_retained_singlet	mac_mono_supported	retain_for_current_mac_mono_analysis	singlet	0.133780446826072
AACTCCCCAGCAGTTT.52	1	core_retained_singlet	mac_mono_supported	retain_for_current_mac_mono_analysis	singlet	0.101219915730868
AACTCCCGTGTTGGGA.46	1	core_retained_singlet	mac_mono_supported	retain_for_current_mac_mono_analysis	singlet	0.330640907857092
AACTCTTGTCGAAAGC.22	1	core_retained_singlet	mac_mono_supported	retain_for_current_mac_mono_analysis	singlet	0.0976656202569215
AACTCTTGTCTTCTCG.35	1	core_retained_singlet	mac_mono_supported	retain_for_current_mac_mono_analysis	singlet	0.288808620896627
AACTCTTTCACAAACC.57	1	core_retained_singlet	mac_mono_supported	retain_for_current_mac_mono_analysis	singlet	0.245437648572812
AACTCTTTCGACGGAA.26	1	core_retained_singlet	mac_mono_supported	retain_for_current_mac_mono_analysis	singlet	0.0596426992623187
AACTGGTAGAAGGGTA.34	1	core_retained_singlet	mac_mono_supported	retain_for_current_mac_mono_analysis	singlet	0.264982748563111
AACTGGTAGCCTCGTG.22	1	core_retained_singlet	mac_mono_supported	retain_for_current_mac_mono_analysis	singlet	0.104444692249748
AACTGGTAGCGTCAAG.22	1	core_retained_singlet	mac_mono_supported	retain_for_current_mac_mono_analysis	singlet	0.0468298720150258
AACTGGTTCGGCCGAT.52	1	core_retained_singlet	mac_mono_supported	retain_for_current_mac_mono_analysis	singlet	0.148949567292447
AACTTTCTCTAACTTC.58	1	core_retained_singlet	mac_mono_supported	retain_for_current_mac_mono_analysis	singlet	0.235503634184084
AAGACCTAGAACAATC.22	1	core_retained_singlet	mac_mono_supported	retain_for_current_mac_mono_analysis	singlet	0.232919994701632
AAGACCTAGACTTGAA.58	1	core_retained_singlet	mac_mono_supported	retain_for_current_mac_mono_analysis	singlet	0.214692452605248
AAGACCTAGTCTCAAC.49	1	core_retained_singlet	mac_mono_supported	retain_for_current_mac_mono_analysis	singlet	0.297000116950994
AAGACCTCACAGATTC.22	1	core_retained_singlet	mac_mono_supported	retain_for_current_mac_mono_analysis	singlet	0.244650204921967
AAGACCTTCCGCATCT.58	1	core_retained_singlet	mac_mono_supported	retain_for_current_mac_mono_analysis	singlet	0.0897458899543724
AAGACCTTCTTTAGGG.41	1	core_retained_singlet	mac_mono_supported	retain_for_current_mac_mono_analysis	singlet	0.149835818741671
AAGCCGCCAAAGGTGC.58	1	core_retained_singlet	mac_mono_supported	retain_for_current_mac_mono_analysis	singlet	0.290745155433901
AAGCCGCCATTCACTT.34	1	core_retained_singlet	mac_mono_supported	retain_for_current_mac_mono_analysis	singlet	0.291061442890519
AAGCCGCCATTGCGGC.52	1	core_retained_singlet	mac_mono_supported	retain_for_current_mac_mono_analysis	singlet	0.135906219360011
AAGCCGCGTGAAATCA.35	1	core_retained_singlet	mac_mono_supported	retain_for_current_mac_mono_analysis	singlet	0.28537613120035
AAGCCGCGTGAGGGTT.52	1	core_retained_singlet	mac_mono_supported	retain_for_current_mac_mono_analysis	singlet	0.101464346105962
AAGCCGCGTTCACCTC.29	1	core_retained_singlet	mac_mono_supported	retain_for_current_mac_mono_analysis	singlet	0.37677411857962
AAGCCGCTCGCCATAA.52	1	core_retained_singlet	mac_mono_supported	retain_for_current_mac_mono_analysis	singlet	0.266698420147907
AAGCCGCTCTCGCATC.49	1	core_retained_singlet	mac_mono_supported	retain_for_current_mac_mono_analysis	singlet	0.145215813401672
AAGGAGCAGATGCCAG.58	1	core_retained_singlet	mac_mono_supported	retain_for_current_mac_mono_analysis	singlet	0.214432153862893
AAGGAGCGTCAAAGCG.41	1	core_retained_singlet	mac_mono_supported	retain_for_current_mac_mono_analysis	singlet	0.285335775305649
AAGGAGCTCAAGAAGT.22	1	core_retained_singlet	mac_mono_supported	retain_for_current_mac_mono_analysis	singlet	0.287625819508809
AAGGAGCTCTTCAACT.22	1	core_retained_singlet	mac_mono_supported	retain_for_current_mac_mono_analysis	singlet	0.323106321059606
AAGGCAGCAGCCTATA.45	1	core_retained_singlet	mac_mono_supported	retain_for_current_mac_mono_analysis	singlet	0.179381427563083
AAGGCAGGTTACCGAT.41	1	core_retained_singlet	mac_mono_supported	retain_for_current_mac_mono_analysis	singlet	0.24563374741054
AAGGCAGTCCGCTGTT.35	1	core_retained_singlet	mac_mono_supported	retain_for_current_mac_mono_analysis	singlet	0.28251298944249
AAGGCAGTCCGTAGGC.52	1	core_retained_singlet	mac_mono_supported	retain_for_current_mac_mono_analysis	singlet	0.152028021214034
AAGGTTCCAAGGACTG.52	1	core_retained_singlet	mac_mono_supported	retain_for_current_mac_mono_analysis	singlet	0.166812055362136
AAGGTTCCACATAACC.26	1	core_retained_singlet	mac_mono_supported	retain_for_current_mac_mono_analysis	singlet	0.169781172012835
AAGGTTCGTGCACGAA.58	1	core_retained_singlet	mac_mono_supported	retain_for_current_mac_mono_analysis	singlet	0.178825615769007
AAGTCTGAGCTGCGAA.22	1	core_retained_singlet	mac_mono_supported	retain_for_current_mac_mono_analysis	singlet	0.343549236028444
AAGTCTGCACGGACAA.34	1	core_retained_singlet	mac_mono_supported	retain_for_current_mac_mono_analysis	singlet	0.281173397055933
AAGTCTGGTCTGATCA.56	1	core_retained_singlet	mac_mono_supported	retain_for_current_mac_mono_analysis	singlet	0.235902828168631
AAGTCTGTCGTCCGTT.46	1	core_retained_singlet	mac_mono_supported	retain_for_current_mac_mono_analysis	singlet	0.364171038275355
AATCCAGGTACCCAAT.52	1	core_retained_singlet	mac_mono_supported	retain_for_current_mac_mono_analysis	singlet	0.355060088472277
AATCCAGTCCGTTGCT.52	1	core_retained_singlet	mac_mono_supported	retain_for_current_mac_mono_analysis	singlet	0.367137327022971
AATCGGTAGTACACCT.55	1	core_retained_singlet	mac_mono_supported	retain_for_current_mac_mono_analysis	singlet	0.137075470469549
ACACCAAAGTACGTTC.34	1	core_retained_singlet	mac_mono_supported	retain_for_current_mac_mono_analysis	singlet	0.393079697121137
ACACCAACAATGACCT.51	1	core_retained_singlet	mac_mono_supported	retain_for_current_mac_mono_analysis	singlet	0.226747158980513
ACACCAACACGCCAGT.22	1	core_retained_singlet	mac_mono_supported	retain_for_current_mac_mono_analysis	singlet	0.0800313774809202
ACACCAAGTGAGCGAT.57	1	core_retained_singlet	mac_mono_supported	retain_for_current_mac_mono_analysis	singlet	0.273709346303845
ACACCGGCAGTTTACG.22	1	core_retained_singlet	mac_mono_supported	retain_for_current_mac_mono_analysis	singlet	0.0729715886710475
ACACCGGGTATAGGTA.52	1	core_retained_singlet	mac_mono_supported	retain_for_current_mac_mono_analysis	singlet	0.194798182117818
ACACTGAAGGCATGGT.34	1	core_retained_singlet	mac_mono_supported	retain_for_current_mac_mono_analysis	singlet	0.19284680809665
ACACTGAGTACAGCAG.41	1	core_retained_singlet	mac_mono_supported	retain_for_current_mac_mono_analysis	singlet	0.204479886206528
ACACTGAGTCTCTCGT.49	1	core_retained_singlet	mac_mono_supported	retain_for_current_mac_mono_analysis	singlet	0.290825178560771
ACACTGAGTTGGTAAA.58	1	core_retained_singlet	mac_mono_supported	retain_for_current_mac_mono_analysis	singlet	0.130324648186119
ACACTGATCACTCCTG.22	1	core_retained_singlet	mac_mono_supported	retain_for_current_mac_mono_analysis	singlet	0.267342593502305
ACAGCTATCAGTGCAT.58	1	core_retained_singlet	mac_mono_supported	retain_for_current_mac_mono_analysis	singlet	0.132600758487443
ACATCAGAGGAGTAGA.22	1	core_retained_singlet	mac_mono_supported	retain_for_current_mac_mono_analysis	singlet	0.341159274940194
ACATCAGCACTCTGTC.22	1	core_retained_singlet	mac_mono_supported	retain_for_current_mac_mono_analysis	singlet	0.0318838230233646
ACATCAGGTTGGTGGA.34	1	core_retained_singlet	mac_mono_supported	retain_for_current_mac_mono_analysis	singlet	0.17444478853109
ACATGGTAGAGGTTAT.34	1	core_retained_singlet	mac_mono_supported	retain_for_current_mac_mono_analysis	singlet	0.379838624417708
ACATGGTAGCTAGTTC.49	1	core_retained_singlet	mac_mono_supported	retain_for_current_mac_mono_analysis	singlet	0.245992512243255
ACATGGTGTTCACCTC.22	1	core_retained_singlet	mac_mono_supported	retain_for_current_mac_mono_analysis	singlet	0.0669255734104315
ACCAGTAAGAAACCAT.34	1	core_retained_singlet	mac_mono_supported	retain_for_current_mac_mono_analysis	singlet	0.127841114239711
ACCAGTAGTTGATTGC.55	1	core_retained_singlet	mac_mono_supported	retain_for_current_mac_mono_analysis	singlet	0.366130689797331
ACCCACTCATGTCGAT.52	1	core_retained_singlet	mac_mono_supported	retain_for_current_mac_mono_analysis	singlet	0.115134197541155
ACCCACTGTTCGTCTC.41	1	core_retained_singlet	mac_mono_supported	retain_for_current_mac_mono_analysis	singlet	0.390389934236751
ACCCACTTCACGACTA.58	1	core_retained_singlet	mac_mono_supported	retain_for_current_mac_mono_analysis	singlet	0.383890437208745
ACCGTAACACAGGTTT.52	1	core_retained_singlet	mac_mono_supported	retain_for_current_mac_mono_analysis	singlet	0.201807559986173
ACCGTAACATCCCACT.58	1	core_retained_singlet	mac_mono_supported	retain_for_current_mac_mono_analysis	singlet	0.237810760653676
ACCGTAAGTCAGGACA.35	1	core_retained_singlet	mac_mono_supported	retain_for_current_mac_mono_analysis	singlet	0.250468742002952
ACCGTAATCTAGAGTC.40	1	core_retained_singlet	mac_mono_supported	retain_for_current_mac_mono_analysis	singlet	0.286913988544688
ACCTTTAAGAATGTGT.22	1	core_retained_singlet	mac_mono_supported	retain_for_current_mac_mono_analysis	singlet	0.372245553476871
ACCTTTAGTTCTCATT.35	1	core_retained_singlet	mac_mono_supported	retain_for_current_mac_mono_analysis	singlet	0.230606607963425
ACGAGCCAGACTGTAA.58	1	core_retained_singlet	mac_mono_supported	retain_for_current_mac_mono_analysis	singlet	0.109116129615893
ACGAGCCGTATCTGCA.58	1	core_retained_singlet	mac_mono_supported	retain_for_current_mac_mono_analysis	singlet	0.0801770973282116
ACGAGCCGTTAGATGA.57	1	core_retained_singlet	mac_mono_supported	retain_for_current_mac_mono_analysis	singlet	0.262028415724373
ACGAGCCTCTACTATC.52	1	core_retained_singlet	mac_mono_supported	retain_for_current_mac_mono_analysis	singlet	0.0979314535255572
ACGAGGATCAGGTTCA.57	1	core_retained_singlet	mac_mono_supported	retain_for_current_mac_mono_analysis	singlet	0.31173460171717
ACGATACAGTTACGGG.22	1	core_retained_singlet	mac_mono_supported	retain_for_current_mac_mono_analysis	singlet	0.119460230872075
ACGATACCAGGGTATG.52	1	core_retained_singlet	mac_mono_supported	retain_for_current_mac_mono_analysis	singlet	0.2213417254242
ACGATACCATATACGC.59	1	core_retained_singlet	mac_mono_supported	retain_for_current_mac_mono_analysis	singlet	0.156651857186876
ACGATACGTCGGCATC.22	1	core_retained_singlet	mac_mono_supported	retain_for_current_mac_mono_analysis	singlet	0.25533463425327
ACGATACGTCTGCGGT.52	1	core_retained_singlet	mac_mono_supported	retain_for_current_mac_mono_analysis	singlet	0.249570112496718
ACGATGTAGAGGTTGC.3	1	core_retained_singlet	mac_mono_supported	retain_for_current_mac_mono_analysis	singlet	0.169572349462228
ACGATGTAGCTAAACA.34	1	core_retained_singlet	mac_mono_supported	retain_for_current_mac_mono_analysis	singlet	0.0527484789007405
ACGATGTAGTGTCTCA.58	1	core_retained_singlet	mac_mono_supported	retain_for_current_mac_mono_analysis	singlet	0.170348322819703
ACGATGTCACCAGATT.57	1	core_retained_singlet	mac_mono_supported	retain_for_current_mac_mono_analysis	singlet	0.275184304955884
ACGATGTCACTTCGAA.58	1	core_retained_singlet	mac_mono_supported	retain_for_current_mac_mono_analysis	singlet	0.16451234121622
ACGATGTTCATGTCCC.57	1	core_retained_singlet	mac_mono_supported	retain_for_current_mac_mono_analysis	singlet	0.232634517441228
ACGCAGCAGATCACGG.26	1	core_retained_singlet	mac_mono_supported	retain_for_current_mac_mono_analysis	singlet	0.218675988542909
ACGCAGCCACTTAAGC.52	1	core_retained_singlet	mac_mono_supported	retain_for_current_mac_mono_analysis	singlet	0.103022664573175
ACGCAGCGTAGCGCTC.58	1	core_retained_singlet	mac_mono_supported	retain_for_current_mac_mono_analysis	singlet	0.141631743861578
ACGCAGCTCTGAAAGA.58	1	core_retained_singlet	mac_mono_supported	retain_for_current_mac_mono_analysis	singlet	0.161766311985764
ACGCCAGAGGTGCAAC.52	1	core_retained_singlet	mac_mono_supported	retain_for_current_mac_mono_analysis	singlet	0.162819266886685
ACGCCAGCACATGTGT.58	1	core_retained_singlet	mac_mono_supported	retain_for_current_mac_mono_analysis	singlet	0.130018474472343
ACGCCAGCATTTGCTT.55	1	core_retained_singlet	mac_mono_supported	retain_for_current_mac_mono_analysis	singlet	0.237328395885041
ACGCCGAAGTACCGGA.58	1	core_retained_singlet	mac_mono_supported	retain_for_current_mac_mono_analysis	singlet	0.0890767769099998
ACGCCGACACGCATCG.22	1	core_retained_singlet	mac_mono_supported	retain_for_current_mac_mono_analysis	singlet	0.229292570648451
ACGCCGACAGGTCGTC.22	1	core_retained_singlet	mac_mono_supported	retain_for_current_mac_mono_analysis	singlet	0.149163257853711
ACGCCGAGTAAGTTCC.41	1	core_retained_singlet	mac_mono_supported	retain_for_current_mac_mono_analysis	singlet	0.0451621011003758
ACGCCGATCGGTCTAA.22	1	core_retained_singlet	mac_mono_supported	retain_for_current_mac_mono_analysis	singlet	0.203244186837593
ACGGCCAGTTAGGGTG.52	1	core_retained_singlet	mac_mono_supported	retain_for_current_mac_mono_analysis	singlet	0.0538288096939097
ACGGGCTGTCTGCCAG.22	1	core_retained_singlet	mac_mono_supported	retain_for_current_mac_mono_analysis	singlet	0.108371481823651
ACGGGTCAGGGATCTG.52	1	core_retained_singlet	mac_mono_supported	retain_for_current_mac_mono_analysis	singlet	0.371879405784261
ACGGGTCCAAGGTTCT.52	1	core_retained_singlet	mac_mono_supported	retain_for_current_mac_mono_analysis	singlet	0.0990796061052841
ACGGGTCTCGGATGTT.57	1	core_retained_singlet	mac_mono_supported	retain_for_current_mac_mono_analysis	singlet	0.203151990866529
ACGTCAACATCGACGC.39	1	core_retained_singlet	mac_mono_supported	retain_for_current_mac_mono_analysis	singlet	0.36189703642016
ACGTCAATCCGTAGGC.22	1	core_retained_singlet	mac_mono_supported	retain_for_current_mac_mono_analysis	singlet	0.0643333523820346
ACTATCTAGGAGTAGA.22	1	core_retained_singlet	mac_mono_supported	retain_for_current_mac_mono_analysis	singlet	0.190664679555065
ACTATCTTCCAAGTAC.58	1	core_retained_singlet	mac_mono_supported	retain_for_current_mac_mono_analysis	singlet	0.106467952844985
ACTATCTTCCGAATGT.22	1	core_retained_singlet	mac_mono_supported	retain_for_current_mac_mono_analysis	singlet	0.0515047772145667
ACTGAACAGACGCAAC.58	1	core_retained_singlet	mac_mono_supported	retain_for_current_mac_mono_analysis	singlet	0.102223604186494
ACTGAACAGCCTATGT.58	1	core_retained_singlet	mac_mono_supported	retain_for_current_mac_mono_analysis	singlet	0.260063705009287
ACTGAACGTTAAAGAC.28	1	core_retained_singlet	mac_mono_supported	retain_for_current_mac_mono_analysis	singlet	0.256441127320493
ACTGAACGTTCGGGCT.16	1	core_retained_singlet	mac_mono_supported	retain_for_current_mac_mono_analysis	singlet	0.0470794511946844
ACTGAGTCACACATGT.26	1	core_retained_singlet	mac_mono_supported	retain_for_current_mac_mono_analysis	singlet	0.247341347998831
ACTGAGTCAGGGATTG.55	1	core_retained_singlet	mac_mono_supported	retain_for_current_mac_mono_analysis	singlet	0.289034778515348
ACTGAGTGTAGCTCCG.52	1	core_retained_singlet	mac_mono_supported	retain_for_current_mac_mono_analysis	singlet	0.0904805780283076
ACTGAGTTCTCTGAGA.56	1	core_retained_singlet	mac_mono_supported	retain_for_current_mac_mono_analysis	singlet	0.20301015034303
ACTGATGGTACTTCTT.56	1	core_retained_singlet	mac_mono_supported	retain_for_current_mac_mono_analysis	singlet	0.226946045728748
ACTGCTCAGTTGTAGA.57	1	core_retained_singlet	mac_mono_supported	retain_for_current_mac_mono_analysis	singlet	0.250115011949889
ACTGCTCCAAAGCGGT.52	1	core_retained_singlet	mac_mono_supported	retain_for_current_mac_mono_analysis	singlet	0.272599533184366
ACTGCTCCACACCGAC.41	1	core_retained_singlet	mac_mono_supported	retain_for_current_mac_mono_analysis	singlet	0.194522362470643
ACTGCTCGTGTAAGTA.52	1	core_retained_singlet	mac_mono_supported	retain_for_current_mac_mono_analysis	singlet	0.159759699331294
ACTGCTCTCGGAGGTA.52	1	core_retained_singlet	mac_mono_supported	retain_for_current_mac_mono_analysis	singlet	0.256875684836595
ACTTGTTGTAGAGCTG.52	1	core_retained_singlet	mac_mono_supported	retain_for_current_mac_mono_analysis	singlet	0.202490912772743
ACTTGTTTCTACCAGA.34	1	core_retained_singlet	mac_mono_supported	retain_for_current_mac_mono_analysis	singlet	0.147696951210671
ACTTGTTTCTGGCGTG.58	1	core_retained_singlet	mac_mono_supported	retain_for_current_mac_mono_analysis	singlet	0.129788865550684
ACTTTCAAGTCGTACT.22	1	core_retained_singlet	mac_mono_supported	retain_for_current_mac_mono_analysis	singlet	0.298829149434638
ACTTTCAAGTGGGCTA.58	1	core_retained_singlet	mac_mono_supported	retain_for_current_mac_mono_analysis	singlet	0.164690953621049
AGAATAGTCCGTCATC.22	1	core_retained_singlet	mac_mono_supported	retain_for_current_mac_mono_analysis	singlet	0.308827136469969
AGAATAGTCTTGTCAT.22	1	core_retained_singlet	mac_mono_supported	retain_for_current_mac_mono_analysis	singlet	0.167644155689254
AGACGTTGTAGCTGCC.49	1	core_retained_singlet	mac_mono_supported	retain_for_current_mac_mono_analysis	singlet	0.305439299134215
AGACGTTGTATGAATG.49	1	core_retained_singlet	mac_mono_supported	retain_for_current_mac_mono_analysis	singlet	0.335973030244664
AGACGTTGTCATATGC.29	1	core_retained_singlet	mac_mono_supported	retain_for_current_mac_mono_analysis	singlet	0.150613729675665
AGACGTTTCCGAACGC.22	1	core_retained_singlet	mac_mono_supported	retain_for_current_mac_mono_analysis	singlet	0.15721946616851
AGACGTTTCTTACCGC.52	1	core_retained_singlet	mac_mono_supported	retain_for_current_mac_mono_analysis	singlet	0.0908353179561822
AGAGCGAAGATGTAAC.56	1	core_retained_singlet	mac_mono_supported	retain_for_current_mac_mono_analysis	singlet	0.375014728289662
AGAGCGAGTCTAAACC.58	1	core_retained_singlet	mac_mono_supported	retain_for_current_mac_mono_analysis	singlet	0.156325096363926
AGAGCTTGTGCTGTAT.52	1	core_retained_singlet	mac_mono_supported	retain_for_current_mac_mono_analysis	singlet	0.170033032690986
AGAGCTTTCATCTGCC.57	1	core_retained_singlet	mac_mono_supported	retain_for_current_mac_mono_analysis	singlet	0.206390367976067
AGAGTGGCAAGGACTG.58	1	core_retained_singlet	mac_mono_supported	retain_for_current_mac_mono_analysis	singlet	0.0807238342961371
AGAGTGGGTCAATACC.20	1	core_retained_singlet	mac_mono_supported	retain_for_current_mac_mono_analysis	singlet	0.0592627577036921
AGAGTGGTCCAAATGC.16	1	core_retained_singlet	mac_mono_supported	retain_for_current_mac_mono_analysis	singlet	0.318698214302883
AGAGTGGTCGATCCCT.46	1	core_retained_singlet	mac_mono_supported	retain_for_current_mac_mono_analysis	singlet	0.0473265027883612
AGATCTGAGGCATTGG.45	1	core_retained_singlet	mac_mono_supported	retain_for_current_mac_mono_analysis	singlet	0.152913924377839
AGATCTGAGTACGTAA.22	1	core_retained_singlet	mac_mono_supported	retain_for_current_mac_mono_analysis	singlet	0.228243880075726
AGATCTGCAGCCAGAA.51	1	core_retained_singlet	mac_mono_supported	retain_for_current_mac_mono_analysis	singlet	0.304042969560069
AGATCTGGTAAACACA.58	1	core_retained_singlet	mac_mono_supported	retain_for_current_mac_mono_analysis	singlet	0.280127511242928
AGATCTGTCATAAAGG.52	1	core_retained_singlet	mac_mono_supported	retain_for_current_mac_mono_analysis	singlet	0.352550250768408
AGATTGCCATTAGGCT.49	1	core_retained_singlet	mac_mono_supported	retain_for_current_mac_mono_analysis	singlet	0.108923674091883
AGATTGCGTGTGAAAT.34	1	core_retained_singlet	mac_mono_supported	retain_for_current_mac_mono_analysis	singlet	0.0975408452901138
AGATTGCTCCTTGACC.34	1	core_retained_singlet	mac_mono_supported	retain_for_current_mac_mono_analysis	singlet	0.119253384726707
AGCAGCCAGTGGTAAT.22	1	core_retained_singlet	mac_mono_supported	retain_for_current_mac_mono_analysis	singlet	0.233648492165792
AGCAGCCCACGAGAGT.34	1	core_retained_singlet	mac_mono_supported	retain_for_current_mac_mono_analysis	singlet	0.157030489403736
AGCAGCCCAGCTTCGG.46	1	core_retained_singlet	mac_mono_supported	retain_for_current_mac_mono_analysis	singlet	0.25333638566971
AGCATACAGACCCACC.34	1	core_retained_singlet	mac_mono_supported	retain_for_current_mac_mono_analysis	singlet	0.199663145685263
AGCATACAGTGGTAAT.52	1	core_retained_singlet	mac_mono_supported	retain_for_current_mac_mono_analysis	singlet	0.129985197760982
AGCATACGTACTTAGC.52	1	core_retained_singlet	mac_mono_supported	retain_for_current_mac_mono_analysis	singlet	0.168785949960091
AGCATACGTCCAAGTT.58	1	core_retained_singlet	mac_mono_supported	retain_for_current_mac_mono_analysis	singlet	0.0831725119621007
AGCATACTCAACCATG.22	1	core_retained_singlet	mac_mono_supported	retain_for_current_mac_mono_analysis	singlet	0.3518357962247
AGCCTAAAGAGTAAGG.25	1	core_retained_singlet	mac_mono_supported	retain_for_current_mac_mono_analysis	singlet	0.0911260187858826
AGCCTAATCCAATGGT.16	1	core_retained_singlet	mac_mono_supported	retain_for_current_mac_mono_analysis	singlet	0.384185140415066
AGCGGTCGTGGCAAAC.22	1	core_retained_singlet	mac_mono_supported	retain_for_current_mac_mono_analysis	singlet	0.352138892646984
AGCGGTCGTGGCCCTA.35	1	core_retained_singlet	mac_mono_supported	retain_for_current_mac_mono_analysis	singlet	0.225741755075142
AGCGTATAGCACAGGT.52	1	core_retained_singlet	mac_mono_supported	retain_for_current_mac_mono_analysis	singlet	0.142567689861735
AGCGTATAGTCCGGTC.41	1	core_retained_singlet	mac_mono_supported	retain_for_current_mac_mono_analysis	singlet	0.264087487145943
AGCGTATCATAAAGGT.21	1	core_retained_singlet	mac_mono_supported	retain_for_current_mac_mono_analysis	singlet	0.0384521080422714
AGCGTATGTTTGTTGG.22	1	core_retained_singlet	mac_mono_supported	retain_for_current_mac_mono_analysis	singlet	0.0868829696567435
AGCGTCGCAACACCTA.52	1	core_retained_singlet	mac_mono_supported	retain_for_current_mac_mono_analysis	singlet	0.182567021189401
AGCGTCGGTAAATGAC.52	1	core_retained_singlet	mac_mono_supported	retain_for_current_mac_mono_analysis	singlet	0.187338957806162
AGCTCCTCACATTCGA.51	1	core_retained_singlet	mac_mono_supported	retain_for_current_mac_mono_analysis	singlet	0.290227292081309
AGCTCTCCACTGCCAG.22	1	core_retained_singlet	mac_mono_supported	retain_for_current_mac_mono_analysis	singlet	0.297921734131714
AGCTCTCTCGAATCCA.41	1	core_retained_singlet	mac_mono_supported	retain_for_current_mac_mono_analysis	singlet	0.208070861285437
AGCTTGACACGTCAGC.34	1	core_retained_singlet	mac_mono_supported	retain_for_current_mac_mono_analysis	singlet	0.353927462075525
AGCTTGACACTACAGT.51	1	core_retained_singlet	mac_mono_supported	retain_for_current_mac_mono_analysis	singlet	0.307038056947688
AGCTTGAGTACTCGCG.22	1	core_retained_singlet	mac_mono_supported	retain_for_current_mac_mono_analysis	singlet	0.255960145122641
AGCTTGAGTATGCTTG.46	1	core_retained_singlet	mac_mono_supported	retain_for_current_mac_mono_analysis	singlet	0.265453205590265
AGGCCACAGCTGTCTA.22	1	core_retained_singlet	mac_mono_supported	retain_for_current_mac_mono_analysis	singlet	0.298531824908551
AGGCCACAGTTTAGGA.56	1	core_retained_singlet	mac_mono_supported	retain_for_current_mac_mono_analysis	singlet	0.297384388015058
AGGCCACCACCATCCT.22	1	core_retained_singlet	mac_mono_supported	retain_for_current_mac_mono_analysis	singlet	0.161706019760307
AGGCCGTCAAGAGTCG.34	1	core_retained_singlet	mac_mono_supported	retain_for_current_mac_mono_analysis	singlet	0.217555290513196
AGGCCGTTCCGTCAAA.22	1	core_retained_singlet	mac_mono_supported	retain_for_current_mac_mono_analysis	singlet	0.204380993044487
AGGGAGTCACGAGGTA.52	1	core_retained_singlet	mac_mono_supported	retain_for_current_mac_mono_analysis	singlet	0.131986967262148
AGGGATGGTTCGAATC.41	1	core_retained_singlet	mac_mono_supported	retain_for_current_mac_mono_analysis	singlet	0.224159888465939
AGGGATGTCCTTAATC.49	1	core_retained_singlet	mac_mono_supported	retain_for_current_mac_mono_analysis	singlet	0.351364595425108
AGGGTGAGTGCCTGGT.22	1	core_retained_singlet	mac_mono_supported	retain_for_current_mac_mono_analysis	singlet	0.229704493543184
AGGGTGATCACAACGT.57	1	core_retained_singlet	mac_mono_supported	retain_for_current_mac_mono_analysis	singlet	0.133383835765233
AGGGTGATCTATCGCC.55	1	core_retained_singlet	mac_mono_supported	retain_for_current_mac_mono_analysis	singlet	0.261472065528707
AGGTCATCAGACTCGC.22	1	core_retained_singlet	mac_mono_supported	retain_for_current_mac_mono_analysis	singlet	0.0407119926764412
AGGTCATTCAGGATCT.57	1	core_retained_singlet	mac_mono_supported	retain_for_current_mac_mono_analysis	singlet	0.266729283916636
AGGTCCGAGCTCAACT.22	1	core_retained_singlet	mac_mono_supported	retain_for_current_mac_mono_analysis	singlet	0.149271130516685
AGGTCCGTCAACGCTA.22	1	core_retained_singlet	mac_mono_supported	retain_for_current_mac_mono_analysis	singlet	0.22872190812929
AGTAGTCCATGGGACA.41	1	core_retained_singlet	mac_mono_supported	retain_for_current_mac_mono_analysis	singlet	0.206199880987552
AGTCTTTAGAAACGCC.29	1	core_retained_singlet	mac_mono_supported	retain_for_current_mac_mono_analysis	singlet	0.279120786395452
AGTCTTTAGCGTGAAC.52	1	core_retained_singlet	mac_mono_supported	retain_for_current_mac_mono_analysis	singlet	0.116632780472268
AGTGAGGTCCCAGGTG.56	1	core_retained_singlet	mac_mono_supported	retain_for_current_mac_mono_analysis	singlet	0.197932383710071
AGTGAGGTCGCCCTTA.57	1	core_retained_singlet	mac_mono_supported	retain_for_current_mac_mono_analysis	singlet	0.270971666731753
AGTGGGAAGATAGCAT.24	1	core_retained_singlet	mac_mono_supported	retain_for_current_mac_mono_analysis	singlet	0.135290116692509
AGTGGGACAGCCTTGG.57	1	core_retained_singlet	mac_mono_supported	retain_for_current_mac_mono_analysis	singlet	0.237087935709523
AGTGGGATCCGCGGTA.22	1	core_retained_singlet	mac_mono_supported	retain_for_current_mac_mono_analysis	singlet	0.260730905518969
AGTGTCAAGGTTACCT.51	1	core_retained_singlet	mac_mono_supported	retain_for_current_mac_mono_analysis	singlet	0.343681194635417
AGTGTCACACAGTCGC.52	1	core_retained_singlet	mac_mono_supported	retain_for_current_mac_mono_analysis	singlet	0.122757543605354
AGTTGGTAGCGTCAAG.22	1	core_retained_singlet	mac_mono_supported	retain_for_current_mac_mono_analysis	singlet	0.296186604464977
AGTTGGTGTGATGTGG.51	1	core_retained_singlet	mac_mono_supported	retain_for_current_mac_mono_analysis	singlet	0.22932968727918
ATAACGCCAGCCTATA.22	1	core_retained_singlet	mac_mono_supported	retain_for_current_mac_mono_analysis	singlet	0.0852305005850484
ATAACGCCAGGGTTAG.22	1	core_retained_singlet	mac_mono_supported	retain_for_current_mac_mono_analysis	singlet	0.345830796078383
ATAACGCGTGTTTGGT.57	1	core_retained_singlet	mac_mono_supported	retain_for_current_mac_mono_analysis	singlet	0.186670797018472
ATAAGAGTCGTAGATC.22	1	core_retained_singlet	mac_mono_supported	retain_for_current_mac_mono_analysis	singlet	0.299335612804837
ATAGACCAGAGATGAG.22	1	core_retained_singlet	mac_mono_supported	retain_for_current_mac_mono_analysis	singlet	0.327461438116199
ATAGACCAGGTGATAT.34	1	core_retained_singlet	mac_mono_supported	retain_for_current_mac_mono_analysis	singlet	0.107380407471548
ATAGACCCATGTCCTC.46	1	core_retained_singlet	mac_mono_supported	retain_for_current_mac_mono_analysis	singlet	0.0933442834404904
ATAGACCTCCGCATAA.40	1	core_retained_singlet	mac_mono_supported	retain_for_current_mac_mono_analysis	singlet	0.309879207681935
ATCACGAAGACCGGAT.57	1	core_retained_singlet	mac_mono_supported	retain_for_current_mac_mono_analysis	singlet	0.311535882288674
ATCACGAAGTACACCT.46	1	core_retained_singlet	mac_mono_supported	retain_for_current_mac_mono_analysis	singlet	0.156760078292579
ATCACGACAGATCTGT.25	1	core_retained_singlet	mac_mono_supported	retain_for_current_mac_mono_analysis	singlet	0.173347509699528
ATCACGAGTCGGCATC.35	1	core_retained_singlet	mac_mono_supported	retain_for_current_mac_mono_analysis	singlet	0.269427686596731
ATCATCTTCAATACCG.57	1	core_retained_singlet	mac_mono_supported	retain_for_current_mac_mono_analysis	singlet	0.238856088926351
ATCATGGAGCTGATAA.58	1	core_retained_singlet	mac_mono_supported	retain_for_current_mac_mono_analysis	singlet	0.240534528619002
ATCATGGAGGATTCGG.34	1	core_retained_singlet	mac_mono_supported	retain_for_current_mac_mono_analysis	singlet	0.217801765626652
ATCATGGAGTAGGTGC.41	1	core_retained_singlet	mac_mono_supported	retain_for_current_mac_mono_analysis	singlet	0.0799790614532163
ATCATGGCAGCGAACA.46	1	core_retained_singlet	mac_mono_supported	retain_for_current_mac_mono_analysis	singlet	0.207681978759602
ATCATGGTCAGGTAAA.19	1	core_retained_singlet	mac_mono_supported	retain_for_current_mac_mono_analysis	singlet	0.248948948630456
ATCCACCCACTGAAGG.29	1	core_retained_singlet	mac_mono_supported	retain_for_current_mac_mono_analysis	singlet	0.211991285828739
ATCCACCTCCGAACGC.22	1	core_retained_singlet	mac_mono_supported	retain_for_current_mac_mono_analysis	singlet	0.176984405625632
ATCCACCTCTGCTTGC.22	1	core_retained_singlet	mac_mono_supported	retain_for_current_mac_mono_analysis	singlet	0.253094294488395
ATCCGAACAGTCGTGC.57	1	core_retained_singlet	mac_mono_supported	retain_for_current_mac_mono_analysis	singlet	0.213663328359056
ATCCGAATCAGCAACT.52	1	core_retained_singlet	mac_mono_supported	retain_for_current_mac_mono_analysis	singlet	0.327381228769396
ATCGAGTAGTTTAGGA.34	1	core_retained_singlet	mac_mono_supported	retain_for_current_mac_mono_analysis	singlet	0.325087204678842
ATCTACTGTTGTGGCC.34	1	core_retained_singlet	mac_mono_supported	retain_for_current_mac_mono_analysis	singlet	0.237718677500718
ATCTACTTCTTACCTA.58	1	core_retained_singlet	mac_mono_supported	retain_for_current_mac_mono_analysis	singlet	0.123671359833451
ATCTGCCCAAAGGCGT.41	1	core_retained_singlet	mac_mono_supported	retain_for_current_mac_mono_analysis	singlet	0.222465503348597
ATGAGGGAGACTGTAA.22	1	core_retained_singlet	mac_mono_supported	retain_for_current_mac_mono_analysis	singlet	0.019454664440985
ATGAGGGAGAGCCTAG.46	1	core_retained_singlet	mac_mono_supported	retain_for_current_mac_mono_analysis	singlet	0.197811524767279
ATGAGGGCATGCCTTC.22	1	core_retained_singlet	mac_mono_supported	retain_for_current_mac_mono_analysis	singlet	0.322703238803217
ATGCGATCACGAAGCA.58	1	core_retained_singlet	mac_mono_supported	retain_for_current_mac_mono_analysis	singlet	0.110018625841787
ATGCGATCATTTGCCC.22	1	core_retained_singlet	mac_mono_supported	retain_for_current_mac_mono_analysis	singlet	0.294598137987967
ATGCGATTCCAGGGCT.34	1	core_retained_singlet	mac_mono_supported	retain_for_current_mac_mono_analysis	singlet	0.168799045869517
ATGGGAGAGTTCCACA.51	1	core_retained_singlet	mac_mono_supported	retain_for_current_mac_mono_analysis	singlet	0.342328079730644
ATGGGAGCAGATCCAT.22	1	core_retained_singlet	mac_mono_supported	retain_for_current_mac_mono_analysis	singlet	0.316289915753969
ATGTGTGAGGCATTGG.58	1	core_retained_singlet	mac_mono_supported	retain_for_current_mac_mono_analysis	singlet	0.0392200299060455
ATGTGTGCAACACGCC.55	1	core_retained_singlet	mac_mono_supported	retain_for_current_mac_mono_analysis	singlet	0.160012771250355
ATGTGTGCAAGGACTG.41	1	core_retained_singlet	mac_mono_supported	retain_for_current_mac_mono_analysis	singlet	0.384139729007618
ATGTGTGGTAAGTGTA.3	1	core_retained_singlet	mac_mono_supported	retain_for_current_mac_mono_analysis	singlet	0.116631059195254
ATGTGTGGTACCAGTT.57	1	core_retained_singlet	mac_mono_supported	retain_for_current_mac_mono_analysis	singlet	0.196987059009984
ATGTGTGGTACTCTCC.52	1	core_retained_singlet	mac_mono_supported	retain_for_current_mac_mono_analysis	singlet	0.218436645323862
ATTACTCAGCTACCTA.58	1	core_retained_singlet	mac_mono_supported	retain_for_current_mac_mono_analysis	singlet	0.280041623570302
ATTACTCGTCTCTCTG.52	1	core_retained_singlet	mac_mono_supported	retain_for_current_mac_mono_analysis	singlet	0.258712602130242
ATTACTCGTGGTCCGT.52	1	core_retained_singlet	mac_mono_supported	retain_for_current_mac_mono_analysis	singlet	0.140272290252597
ATTATCCAGCTGCGAA.22	1	core_retained_singlet	mac_mono_supported	retain_for_current_mac_mono_analysis	singlet	0.209526398493132
ATTATCCTCTTGTATC.51	1	core_retained_singlet	mac_mono_supported	retain_for_current_mac_mono_analysis	singlet	0.373603924114704
ATTGGACGTCCGAAGA.34	1	core_retained_singlet	mac_mono_supported	retain_for_current_mac_mono_analysis	singlet	0.293963959816292
ATTGGACGTCTTGATG.52	1	core_retained_singlet	mac_mono_supported	retain_for_current_mac_mono_analysis	singlet	0.135948875888132
ATTGGACGTTGATTCG.52	1	core_retained_singlet	mac_mono_supported	retain_for_current_mac_mono_analysis	singlet	0.184632127460587
ATTGGACTCGGCCGAT.52	1	core_retained_singlet	mac_mono_supported	retain_for_current_mac_mono_analysis	singlet	0.171106699444711
ATTGGTGAGAGCTGGT.26	1	core_retained_singlet	mac_mono_supported	retain_for_current_mac_mono_analysis	singlet	0.338410479277825
ATTGGTGAGCTGGAAC.52	1	core_retained_singlet	mac_mono_supported	retain_for_current_mac_mono_analysis	singlet	0.388722363451436
ATTGGTGAGTACGATA.58	1	core_retained_singlet	mac_mono_supported	retain_for_current_mac_mono_analysis	singlet	0.339447292510148
ATTGGTGTCTCGGACG.22	1	core_retained_singlet	mac_mono_supported	retain_for_current_mac_mono_analysis	singlet	0.218319628123311
ATTTCTGCACCAACCG.58	1	core_retained_singlet	mac_mono_supported	retain_for_current_mac_mono_analysis	singlet	0.0862843687852861
ATTTCTGCAGGTTTCA.22	1	core_retained_singlet	mac_mono_supported	retain_for_current_mac_mono_analysis	singlet	0.0424937308627902
ATTTCTGTCCGAAGAG.34	1	core_retained_singlet	mac_mono_supported	retain_for_current_mac_mono_analysis	singlet	0.170692146787261
CAACCTCAGGCCCGTT.45	1	core_retained_singlet	mac_mono_supported	retain_for_current_mac_mono_analysis	singlet	0.342963755547728
CAACCTCGTCGAGATG.51	1	core_retained_singlet	mac_mono_supported	retain_for_current_mac_mono_analysis	singlet	0.382457336350725
CAACCTCGTGTCGCTG.58	1	core_retained_singlet	mac_mono_supported	retain_for_current_mac_mono_analysis	singlet	0.189911930380048
CAACTAGAGATCGGGT.58	1	core_retained_singlet	mac_mono_supported	retain_for_current_mac_mono_analysis	singlet	0.236834684786163
CAACTAGCATCACCCT.60	1	core_retained_singlet	mac_mono_supported	retain_for_current_mac_mono_analysis	singlet	0.321510060816519
CAACTAGCATTGAGCT.57	1	core_retained_singlet	mac_mono_supported	retain_for_current_mac_mono_analysis	singlet	0.317225173298278
CAAGAAACAATGACCT.22	1	core_retained_singlet	mac_mono_supported	retain_for_current_mac_mono_analysis	singlet	0.0974144759833868
CAAGAAATCAATCACG.16	1	core_retained_singlet	mac_mono_supported	retain_for_current_mac_mono_analysis	singlet	0.030647153746199
CAAGAAATCGGCGCAT.49	1	core_retained_singlet	mac_mono_supported	retain_for_current_mac_mono_analysis	singlet	0.2474851559765
CAAGATCCAGGTCTCG.41	1	core_retained_singlet	mac_mono_supported	retain_for_current_mac_mono_analysis	singlet	0.29377376372351
CAAGGCCAGTGAAGAG.25	1	core_retained_singlet	mac_mono_supported	retain_for_current_mac_mono_analysis	singlet	0.188471027562253
CAAGGCCCATTCTTAC.58	1	core_retained_singlet	mac_mono_supported	retain_for_current_mac_mono_analysis	singlet	0.280259404879703
CAAGGCCTCGTTTAGG.51	1	core_retained_singlet	mac_mono_supported	retain_for_current_mac_mono_analysis	singlet	0.379768914043558
CACAAACAGATGGCGT.49	1	core_retained_singlet	mac_mono_supported	retain_for_current_mac_mono_analysis	singlet	0.124418478295708
CACAAACAGCGATGAC.22	1	core_retained_singlet	mac_mono_supported	retain_for_current_mac_mono_analysis	singlet	0.340796516197963
CACAAACCACATAACC.34	1	core_retained_singlet	mac_mono_supported	retain_for_current_mac_mono_analysis	singlet	0.0879633167725127
CACAAACGTACTCAAC.57	1	core_retained_singlet	mac_mono_supported	retain_for_current_mac_mono_analysis	singlet	0.166855577215753
CACAAACGTGTTGGGA.7	1	core_retained_singlet	mac_mono_supported	retain_for_current_mac_mono_analysis	singlet	0.140619950467278
CACAAACGTTTGACAC.22	1	core_retained_singlet	mac_mono_supported	retain_for_current_mac_mono_analysis	singlet	0.278811131263179
CACAAACTCGAGGTAG.46	1	core_retained_singlet	mac_mono_supported	retain_for_current_mac_mono_analysis	singlet	0.329797378329566
CACACAAAGATGGCGT.58	1	core_retained_singlet	mac_mono_supported	retain_for_current_mac_mono_analysis	singlet	0.175538721305028
CACACAACACACAGAG.22	1	core_retained_singlet	mac_mono_supported	retain_for_current_mac_mono_analysis	singlet	0.305920757612982
CACACAATCTTACCGC.34	1	core_retained_singlet	mac_mono_supported	retain_for_current_mac_mono_analysis	singlet	0.122905322710739
CACACTCCAATCGAAA.52	1	core_retained_singlet	mac_mono_supported	retain_for_current_mac_mono_analysis	singlet	0.237238718236095
CACACTCGTTAAGTAG.34	1	core_retained_singlet	mac_mono_supported	retain_for_current_mac_mono_analysis	singlet	0.185846173661328
CACACTCTCTCGATGA.49	1	core_retained_singlet	mac_mono_supported	retain_for_current_mac_mono_analysis	singlet	0.130406120055707
CACAGGCCACGGATAG.22	1	core_retained_singlet	mac_mono_supported	retain_for_current_mac_mono_analysis	singlet	0.220664622696395
CACAGGCCAGCGTAAG.58	1	core_retained_singlet	mac_mono_supported	retain_for_current_mac_mono_analysis	singlet	0.312603678684968
CACAGGCTCTAGCACA.22	1	core_retained_singlet	mac_mono_supported	retain_for_current_mac_mono_analysis	singlet	0.096295192845527
CACATAGCAGCCACCA.22	1	core_retained_singlet	mac_mono_supported	retain_for_current_mac_mono_analysis	singlet	0.307217361195141
CACATAGGTACCATCA.52	1	core_retained_singlet	mac_mono_supported	retain_for_current_mac_mono_analysis	singlet	0.288375171724889
CACATAGGTTACAGAA.57	1	core_retained_singlet	mac_mono_supported	retain_for_current_mac_mono_analysis	singlet	0.2760115655554
CACATTTAGGGTTCCC.58	1	core_retained_singlet	mac_mono_supported	retain_for_current_mac_mono_analysis	singlet	0.101624452414741
CACATTTTCGCAGGCT.45	1	core_retained_singlet	mac_mono_supported	retain_for_current_mac_mono_analysis	singlet	0.148550740565129
CACCAGGAGGCAATTA.46	1	core_retained_singlet	mac_mono_supported	retain_for_current_mac_mono_analysis	singlet	0.0943543739810883
CACCAGGAGGTAAACT.58	1	core_retained_singlet	mac_mono_supported	retain_for_current_mac_mono_analysis	singlet	0.124667858963705
CACCAGGCAAGCTGAG.46	1	core_retained_singlet	mac_mono_supported	retain_for_current_mac_mono_analysis	singlet	0.18823597240605
CACCAGGGTGTAAGTA.46	1	core_retained_singlet	mac_mono_supported	retain_for_current_mac_mono_analysis	singlet	0.118644051030064
CACCAGGTCACATGCA.52	1	core_retained_singlet	mac_mono_supported	retain_for_current_mac_mono_analysis	singlet	0.27320884328966
CACCTTGAGAAGGACA.52	1	core_retained_singlet	mac_mono_supported	retain_for_current_mac_mono_analysis	singlet	0.129783245783875
CACCTTGAGCACCGTC.58	1	core_retained_singlet	mac_mono_supported	retain_for_current_mac_mono_analysis	singlet	0.143786927390099
CACCTTGAGCCACTAT.58	1	core_retained_singlet	mac_mono_supported	retain_for_current_mac_mono_analysis	singlet	0.061634789527005
CACCTTGCAATCGGTT.52	1	core_retained_singlet	mac_mono_supported	retain_for_current_mac_mono_analysis	singlet	0.289856783754672
CACCTTGGTAAATGTG.58	1	core_retained_singlet	mac_mono_supported	retain_for_current_mac_mono_analysis	singlet	0.232507836055411
CACTCCAAGCTCTCGG.58	1	core_retained_singlet	mac_mono_supported	retain_for_current_mac_mono_analysis	singlet	0.306695757408022
CACTCCACAATGAAAC.58	1	core_retained_singlet	mac_mono_supported	retain_for_current_mac_mono_analysis	singlet	0.0797933599240701
CACTCCACACTAGTAC.22	1	core_retained_singlet	mac_mono_supported	retain_for_current_mac_mono_analysis	singlet	0.0383911767280635
CACTCCATCATTTGGG.49	1	core_retained_singlet	mac_mono_supported	retain_for_current_mac_mono_analysis	singlet	0.192343627454118
CAGAATCAGCGGATCA.52	1	core_retained_singlet	mac_mono_supported	retain_for_current_mac_mono_analysis	singlet	0.123048667862663
CAGAATCGTAAATGTG.41	1	core_retained_singlet	mac_mono_supported	retain_for_current_mac_mono_analysis	singlet	0.231275479234542
CAGAGAGAGTACGATA.6	1	core_retained_singlet	mac_mono_supported	retain_for_current_mac_mono_analysis	singlet	0.210679592879223
CAGAGAGAGTGAATTG.16	1	core_retained_singlet	mac_mono_supported	retain_for_current_mac_mono_analysis	singlet	0.187993321264505
CAGAGAGCACCAGGTC.52	1	core_retained_singlet	mac_mono_supported	retain_for_current_mac_mono_analysis	singlet	0.177824357784964
CAGAGAGCAGGTGGAT.22	1	core_retained_singlet	mac_mono_supported	retain_for_current_mac_mono_analysis	singlet	0.321606153086857
CAGAGAGGTATAATGG.52	1	core_retained_singlet	mac_mono_supported	retain_for_current_mac_mono_analysis	singlet	0.180577142032262
CAGATCAAGATATGGT.57	1	core_retained_singlet	mac_mono_supported	retain_for_current_mac_mono_analysis	singlet	0.328540181068369
CAGATCACAGGTCCAC.60	1	core_retained_singlet	mac_mono_supported	retain_for_current_mac_mono_analysis	singlet	0.143335007596401
CAGATCACATCCGGGT.22	1	core_retained_singlet	mac_mono_supported	retain_for_current_mac_mono_analysis	singlet	0.376213724218716
CAGATCAGTACCAGTT.34	1	core_retained_singlet	mac_mono_supported	retain_for_current_mac_mono_analysis	singlet	0.166292346118955
CAGATCAGTGATGCCC.22	1	core_retained_singlet	mac_mono_supported	retain_for_current_mac_mono_analysis	singlet	0.341012885692267
CAGATCAGTGATGTCT.34	1	core_retained_singlet	mac_mono_supported	retain_for_current_mac_mono_analysis	singlet	0.142644444919576
CAGATCATCCCACTTG.35	1	core_retained_singlet	mac_mono_supported	retain_for_current_mac_mono_analysis	singlet	0.315823626100101
CAGCAGCAGCGATCCC.58	1	core_retained_singlet	mac_mono_supported	retain_for_current_mac_mono_analysis	singlet	0.368224861896239
CAGCAGCCAGCTGTAT.41	1	core_retained_singlet	mac_mono_supported	retain_for_current_mac_mono_analysis	singlet	0.303474415835343
CAGCAGCCAGGGTTAG.52	1	core_retained_singlet	mac_mono_supported	retain_for_current_mac_mono_analysis	singlet	0.178957256135355
CAGCAGCCATTGAGCT.52	1	core_retained_singlet	mac_mono_supported	retain_for_current_mac_mono_analysis	singlet	0.29636010632104
CAGCAGCGTCCAAGTT.58	1	core_retained_singlet	mac_mono_supported	retain_for_current_mac_mono_analysis	singlet	0.112804053086462
CAGCATACATGGTAGG.34	1	core_retained_singlet	mac_mono_supported	retain_for_current_mac_mono_analysis	singlet	0.349669554242673
CAGCATACATTGGGCC.29	1	core_retained_singlet	mac_mono_supported	retain_for_current_mac_mono_analysis	singlet	0.147423682263503
CAGCATAGTTCTGGTA.52	1	core_retained_singlet	mac_mono_supported	retain_for_current_mac_mono_analysis	singlet	0.118243042924142
CAGCCGAAGACCACGA.34	1	core_retained_singlet	mac_mono_supported	retain_for_current_mac_mono_analysis	singlet	0.276683713086365
CAGCCGACACGGCCAT.58	1	core_retained_singlet	mac_mono_supported	retain_for_current_mac_mono_analysis	singlet	0.340491282823331
CAGCCGACACTGCCAG.34	1	core_retained_singlet	mac_mono_supported	retain_for_current_mac_mono_analysis	singlet	0.104147025736427
CAGCCGAGTCGTCTTC.58	1	core_retained_singlet	mac_mono_supported	retain_for_current_mac_mono_analysis	singlet	0.195444445207116
CAGCGACAGTCTCGGC.57	1	core_retained_singlet	mac_mono_supported	retain_for_current_mac_mono_analysis	singlet	0.179543510230354
CAGCGACGTATATGGA.58	1	core_retained_singlet	mac_mono_supported	retain_for_current_mac_mono_analysis	singlet	0.14722833795431
CAGCGACTCAAGATCC.44	1	core_retained_singlet	mac_mono_supported	retain_for_current_mac_mono_analysis	singlet	0.14431626732569
CAGCTAAAGGCCATAG.52	1	core_retained_singlet	mac_mono_supported	retain_for_current_mac_mono_analysis	singlet	0.163270521888268
CAGCTAAAGGCCCTCA.57	1	core_retained_singlet	mac_mono_supported	retain_for_current_mac_mono_analysis	singlet	0.170810571943482
CAGCTAATCACGCGGT.45	1	core_retained_singlet	mac_mono_supported	retain_for_current_mac_mono_analysis	singlet	0.388182458289676
CAGCTAATCCAAGCCG.51	1	core_retained_singlet	mac_mono_supported	retain_for_current_mac_mono_analysis	singlet	0.281372348968884
CAGCTGGAGTACGACG.22	1	core_retained_singlet	mac_mono_supported	retain_for_current_mac_mono_analysis	singlet	0.387815891125168
CAGCTGGGTCCTAGCG.58	1	core_retained_singlet	mac_mono_supported	retain_for_current_mac_mono_analysis	singlet	0.134768258029619
CAGCTGGGTTAGATGA.34	1	core_retained_singlet	mac_mono_supported	retain_for_current_mac_mono_analysis	singlet	0.156183690542198
CAGCTGGTCCACGTGG.58	1	core_retained_singlet	mac_mono_supported	retain_for_current_mac_mono_analysis	singlet	0.172929864960745
CAGGTGCAGGGAGTAA.29	1	core_retained_singlet	mac_mono_supported	retain_for_current_mac_mono_analysis	singlet	0.382891825579172
CAGGTGCCAGGTCCAC.3	1	core_retained_singlet	mac_mono_supported	retain_for_current_mac_mono_analysis	singlet	0.299322563295099
CAGGTGCGTCGACTAT.55	1	core_retained_singlet	mac_mono_supported	retain_for_current_mac_mono_analysis	singlet	0.31080161628369
CAGGTGCTCGAGAGCA.52	1	core_retained_singlet	mac_mono_supported	retain_for_current_mac_mono_analysis	singlet	0.275014242493602
CAGTAACCACAAGACG.34	1	core_retained_singlet	mac_mono_supported	retain_for_current_mac_mono_analysis	singlet	0.233837564157457
CAGTAACCACGTCAGC.22	1	core_retained_singlet	mac_mono_supported	retain_for_current_mac_mono_analysis	singlet	0.0530179682810826
CAGTAACCAGTAACGG.41	1	core_retained_singlet	mac_mono_supported	retain_for_current_mac_mono_analysis	singlet	0.179726763637352
CAGTAACCATTGGGCC.25	1	core_retained_singlet	mac_mono_supported	retain_for_current_mac_mono_analysis	singlet	0.0574342831023142
CAGTAACTCCATGCTC.22	1	core_retained_singlet	mac_mono_supported	retain_for_current_mac_mono_analysis	singlet	0.0186888299782594
CAGTCCTAGGTGCTAG.46	1	core_retained_singlet	mac_mono_supported	retain_for_current_mac_mono_analysis	singlet	0.279103419079122
CAGTCCTCATCATCCC.35	1	core_retained_singlet	mac_mono_supported	retain_for_current_mac_mono_analysis	singlet	0.392516246575082
CATATGGAGAAACGCC.58	1	core_retained_singlet	mac_mono_supported	retain_for_current_mac_mono_analysis	singlet	0.142956908484927
CATATGGAGGCTCAGA.52	1	core_retained_singlet	mac_mono_supported	retain_for_current_mac_mono_analysis	singlet	0.131774543005513
CATATGGCAGGTCTCG.58	1	core_retained_singlet	mac_mono_supported	retain_for_current_mac_mono_analysis	singlet	0.073061785000083
CATATGGTCTTGGGTA.58	1	core_retained_singlet	mac_mono_supported	retain_for_current_mac_mono_analysis	singlet	0.156402786326809
CATATTCAGAGTGAGA.58	1	core_retained_singlet	mac_mono_supported	retain_for_current_mac_mono_analysis	singlet	0.162673111907461
CATATTCAGCGATAGC.39	1	core_retained_singlet	mac_mono_supported	retain_for_current_mac_mono_analysis	singlet	0.171309448172688
CATATTCCACCGATAT.34	1	core_retained_singlet	mac_mono_supported	retain_for_current_mac_mono_analysis	singlet	0.27508879006484
CATATTCGTATGCTTG.52	1	core_retained_singlet	mac_mono_supported	retain_for_current_mac_mono_analysis	singlet	0.0413464226667453
CATCAAGGTATTACCG.35	1	core_retained_singlet	mac_mono_supported	retain_for_current_mac_mono_analysis	singlet	0.315374872565875
CATCAGAAGCGGATCA.49	1	core_retained_singlet	mac_mono_supported	retain_for_current_mac_mono_analysis	singlet	0.248139909883169
CATCAGAAGGCACATG.35	1	core_retained_singlet	mac_mono_supported	retain_for_current_mac_mono_analysis	singlet	0.30094931686132
CATCAGACACCCTATC.52	1	core_retained_singlet	mac_mono_supported	retain_for_current_mac_mono_analysis	singlet	0.227018881545794
CATCAGACATGGGACA.58	1	core_retained_singlet	mac_mono_supported	retain_for_current_mac_mono_analysis	singlet	0.206005191271279
CATCAGAGTACTTAGC.22	1	core_retained_singlet	mac_mono_supported	retain_for_current_mac_mono_analysis	singlet	0.322711087460061
CATCAGAGTAGCTAAA.55	1	core_retained_singlet	mac_mono_supported	retain_for_current_mac_mono_analysis	singlet	0.184789232462089
CATCCACCAAACCCAT.22	1	core_retained_singlet	mac_mono_supported	retain_for_current_mac_mono_analysis	singlet	0.0863960687460888
CATCCACCATGGTTGT.41	1	core_retained_singlet	mac_mono_supported	retain_for_current_mac_mono_analysis	singlet	0.207726529419386
CATCCACGTTCCACTC.22	1	core_retained_singlet	mac_mono_supported	retain_for_current_mac_mono_analysis	singlet	0.058044869359184
CATCCACTCCACTCCA.10	1	core_retained_singlet	mac_mono_supported	retain_for_current_mac_mono_analysis	singlet	0.360512631189101
CATCGAAAGATACACA.57	1	core_retained_singlet	mac_mono_supported	retain_for_current_mac_mono_analysis	singlet	0.251983958716098
CATCGAACAGCTGTGC.22	1	core_retained_singlet	mac_mono_supported	retain_for_current_mac_mono_analysis	singlet	0.278703355965387
CATCGAATCAGTTGAC.22	1	core_retained_singlet	mac_mono_supported	retain_for_current_mac_mono_analysis	singlet	0.169772684639636
CATCGGGAGGAACTGC.57	1	core_retained_singlet	mac_mono_supported	retain_for_current_mac_mono_analysis	singlet	0.319347123101774
CATCGGGGTAAGTTCC.58	1	core_retained_singlet	mac_mono_supported	retain_for_current_mac_mono_analysis	singlet	0.095307866023505
CATCGGGTCACGAAGG.29	1	core_retained_singlet	mac_mono_supported	retain_for_current_mac_mono_analysis	singlet	0.292414443618185
CATCGGGTCATGTCCC.58	1	core_retained_singlet	mac_mono_supported	retain_for_current_mac_mono_analysis	singlet	0.186054369341063
CATGACATCACCAGGC.58	1	core_retained_singlet	mac_mono_supported	retain_for_current_mac_mono_analysis	singlet	0.199289099300112
CATGACATCACTTACT.34	1	core_retained_singlet	mac_mono_supported	retain_for_current_mac_mono_analysis	singlet	0.223633056580128
CATGGCGGTCGCTTCT.29	1	core_retained_singlet	mac_mono_supported	retain_for_current_mac_mono_analysis	singlet	0.158984036037811
CATTATCCAAGGACTG.57	1	core_retained_singlet	mac_mono_supported	retain_for_current_mac_mono_analysis	singlet	0.212939283640391
CATTCGCAGGCGTACA.34	1	core_retained_singlet	mac_mono_supported	retain_for_current_mac_mono_analysis	singlet	0.249391068466435
CATTCGCGTCGGCATC.22	1	core_retained_singlet	mac_mono_supported	retain_for_current_mac_mono_analysis	singlet	0.205801780270426
CATTCGCTCAGTCAGT.34	1	core_retained_singlet	mac_mono_supported	retain_for_current_mac_mono_analysis	singlet	0.144300477741982
CATTCGCTCTGGTATG.58	1	core_retained_singlet	mac_mono_supported	retain_for_current_mac_mono_analysis	singlet	0.148183108521152
CATTCGCTCTGTACGA.26	1	core_retained_singlet	mac_mono_supported	retain_for_current_mac_mono_analysis	singlet	0.336224655545941
CCAATCCAGACGCTTT.46	1	core_retained_singlet	mac_mono_supported	retain_for_current_mac_mono_analysis	singlet	0.218571345168639
CCAATCCCAGCCAATT.49	1	core_retained_singlet	mac_mono_supported	retain_for_current_mac_mono_analysis	singlet	0.262665648801622
CCAATCCGTCGTGGCT.22	1	core_retained_singlet	mac_mono_supported	retain_for_current_mac_mono_analysis	singlet	0.214328465266589
CCACCTACATTCTTAC.51	1	core_retained_singlet	mac_mono_supported	retain_for_current_mac_mono_analysis	singlet	0.312451524195609
CCACCTATCGACCAGC.52	1	core_retained_singlet	mac_mono_supported	retain_for_current_mac_mono_analysis	singlet	0.090274798477557
CCACGGAAGGCATTGG.57	1	core_retained_singlet	mac_mono_supported	retain_for_current_mac_mono_analysis	singlet	0.28689357968782
CCACGGAAGGCTAGCA.52	1	core_retained_singlet	mac_mono_supported	retain_for_current_mac_mono_analysis	singlet	0.170254227751741
CCACGGACACCACCAG.22	1	core_retained_singlet	mac_mono_supported	retain_for_current_mac_mono_analysis	singlet	0.164162634637135
CCACGGACAGGGTACA.52	1	core_retained_singlet	mac_mono_supported	retain_for_current_mac_mono_analysis	singlet	0.129991633044478
CCACGGACATGAACCT.25	1	core_retained_singlet	mac_mono_supported	retain_for_current_mac_mono_analysis	singlet	0.333921938347505
CCACTACAGGTAGCTG.45	1	core_retained_singlet	mac_mono_supported	retain_for_current_mac_mono_analysis	singlet	0.292382376881888
CCACTACAGTTCGCAT.52	1	core_retained_singlet	mac_mono_supported	retain_for_current_mac_mono_analysis	singlet	0.117511777664828
CCACTACCAGCCTATA.46	1	core_retained_singlet	mac_mono_supported	retain_for_current_mac_mono_analysis	singlet	0.104710550195123
CCAGCGACACTTAACG.35	1	core_retained_singlet	mac_mono_supported	retain_for_current_mac_mono_analysis	singlet	0.386737272462381
CCAGCGAGTCAAACTC.41	1	core_retained_singlet	mac_mono_supported	retain_for_current_mac_mono_analysis	singlet	0.169100540744104
CCAGCGAGTTAAGACA.60	1	core_retained_singlet	mac_mono_supported	retain_for_current_mac_mono_analysis	singlet	0.245560785611649
CCAGCGAGTTAGAACA.58	1	core_retained_singlet	mac_mono_supported	retain_for_current_mac_mono_analysis	singlet	0.196172625890313
CCATGTCCACGAGGTA.57	1	core_retained_singlet	mac_mono_supported	retain_for_current_mac_mono_analysis	singlet	0.392361147369386
CCATGTCGTTACCGAT.52	1	core_retained_singlet	mac_mono_supported	retain_for_current_mac_mono_analysis	singlet	0.270735259149118
CCATGTCTCTCGCTTG.34	1	core_retained_singlet	mac_mono_supported	retain_for_current_mac_mono_analysis	singlet	0.202342718388272
CCCAGTTGTCCTGCTT.29	1	core_retained_singlet	mac_mono_supported	retain_for_current_mac_mono_analysis	singlet	0.235873061340819
CCCAGTTGTTTGTTGG.22	1	core_retained_singlet	mac_mono_supported	retain_for_current_mac_mono_analysis	singlet	0.242170627090437
CCCTCCTAGATGTTAG.52	1	core_retained_singlet	mac_mono_supported	retain_for_current_mac_mono_analysis	singlet	0.234398106079088
CCCTCCTGTCTCTTAT.22	1	core_retained_singlet	mac_mono_supported	retain_for_current_mac_mono_analysis	singlet	0.338236322433375
CCCTCCTGTTCGGCAC.22	1	core_retained_singlet	mac_mono_supported	retain_for_current_mac_mono_analysis	singlet	0.274795956218753
CCCTCCTTCAACGCTA.10	1	core_retained_singlet	mac_mono_supported	retain_for_current_mac_mono_analysis	singlet	0.269786145753888
CCCTCCTTCAACGCTA.7	1	core_retained_singlet	mac_mono_supported	retain_for_current_mac_mono_analysis	singlet	0.36250134464765
CCCTCCTTCTTACCGC.22	1	core_retained_singlet	mac_mono_supported	retain_for_current_mac_mono_analysis	singlet	0.145860180585493
CCGGGATCACAAGCCC.49	1	core_retained_singlet	mac_mono_supported	retain_for_current_mac_mono_analysis	singlet	0.228863276310095
CCGGGATGTGGCAAAC.58	1	core_retained_singlet	mac_mono_supported	retain_for_current_mac_mono_analysis	singlet	0.302540217868822
CCGGGATTCACTTATC.22	1	core_retained_singlet	mac_mono_supported	retain_for_current_mac_mono_analysis	singlet	0.240184691971734
CCGGTAGGTTCCACAA.54	1	core_retained_singlet	mac_mono_supported	retain_for_current_mac_mono_analysis	singlet	0.195462888973661
CCGGTAGGTTCCATGA.22	1	core_retained_singlet	mac_mono_supported	retain_for_current_mac_mono_analysis	singlet	0.0441628401590347
CCGTACTCACTACAGT.51	1	core_retained_singlet	mac_mono_supported	retain_for_current_mac_mono_analysis	singlet	0.341867624461562
CCGTACTGTACTTCTT.34	1	core_retained_singlet	mac_mono_supported	retain_for_current_mac_mono_analysis	singlet	0.312234954628823
CCGTGGAAGAATTGTG.51	1	core_retained_singlet	mac_mono_supported	retain_for_current_mac_mono_analysis	singlet	0.282314345631391
CCGTGGAGTACCGTTA.22	1	core_retained_singlet	mac_mono_supported	retain_for_current_mac_mono_analysis	singlet	0.220778761380367
CCGTGGAGTATAATGG.52	1	core_retained_singlet	mac_mono_supported	retain_for_current_mac_mono_analysis	singlet	0.278899078515375
CCGTGGAGTCAAAGCG.58	1	core_retained_singlet	mac_mono_supported	retain_for_current_mac_mono_analysis	singlet	0.245421860817407
CCGTTCAGTATCTGCA.22	1	core_retained_singlet	mac_mono_supported	retain_for_current_mac_mono_analysis	singlet	0.269287078444253
CCGTTCATCTGGTATG.25	1	core_retained_singlet	mac_mono_supported	retain_for_current_mac_mono_analysis	singlet	0.267513925433752
CCTAAAGGTGAGTATA.41	1	core_retained_singlet	mac_mono_supported	retain_for_current_mac_mono_analysis	singlet	0.129078488960574
CCTAAAGTCTCTGTCG.22	1	core_retained_singlet	mac_mono_supported	retain_for_current_mac_mono_analysis	singlet	0.302085655157843
CCTACACCAAGGACTG.34	1	core_retained_singlet	mac_mono_supported	retain_for_current_mac_mono_analysis	singlet	0.243523657144208
CCTACACCAATAAGCA.22	1	core_retained_singlet	mac_mono_supported	retain_for_current_mac_mono_analysis	singlet	0.298654236676988
CCTACACGTACCTACA.58	1	core_retained_singlet	mac_mono_supported	retain_for_current_mac_mono_analysis	singlet	0.305196971293852
CCTACACGTCCATGAT.57	1	core_retained_singlet	mac_mono_supported	retain_for_current_mac_mono_analysis	singlet	0.211483021147561
CCTACACGTTCTCATT.41	1	core_retained_singlet	mac_mono_supported	retain_for_current_mac_mono_analysis	singlet	0.0706045659583556
CCTACCATCTATCGCC.52	1	core_retained_singlet	mac_mono_supported	retain_for_current_mac_mono_analysis	singlet	0.262814294284568
CCTATTACATCGGTTA.46	1	core_retained_singlet	mac_mono_supported	retain_for_current_mac_mono_analysis	singlet	0.128518258946461
CCTATTATCCAATGGT.55	1	core_retained_singlet	mac_mono_supported	retain_for_current_mac_mono_analysis	singlet	0.254871354271989
CCTCAGTAGATGAGAG.22	1	core_retained_singlet	mac_mono_supported	retain_for_current_mac_mono_analysis	singlet	0.368510702160066
CCTCAGTAGGGTTCCC.57	1	core_retained_singlet	mac_mono_supported	retain_for_current_mac_mono_analysis	singlet	0.151172551633372
CCTCTGAGTCAATACC.41	1	core_retained_singlet	mac_mono_supported	retain_for_current_mac_mono_analysis	singlet	0.0150436969099517
CCTCTGATCACCACCT.22	1	core_retained_singlet	mac_mono_supported	retain_for_current_mac_mono_analysis	singlet	0.213179566457409
CCTTACGAGTGCGATG.40	1	core_retained_singlet	mac_mono_supported	retain_for_current_mac_mono_analysis	singlet	0.0483527071091647
CCTTACGAGTGTCCAT.57	1	core_retained_singlet	mac_mono_supported	retain_for_current_mac_mono_analysis	singlet	0.195445781091481
CCTTACGCAATGTAAG.57	1	core_retained_singlet	mac_mono_supported	retain_for_current_mac_mono_analysis	singlet	0.333428289961341
CCTTACGCAGCGTTCG.20	1	core_retained_singlet	mac_mono_supported	retain_for_current_mac_mono_analysis	singlet	0.113377251845256
CCTTCCCCAGGCAGTA.22	1	core_retained_singlet	mac_mono_supported	retain_for_current_mac_mono_analysis	singlet	0.0156253661782774
CCTTCCCTCACGATGT.52	1	core_retained_singlet	mac_mono_supported	retain_for_current_mac_mono_analysis	singlet	0.228980080968136
CCTTCGAAGACGCACA.57	1	core_retained_singlet	mac_mono_supported	retain_for_current_mac_mono_analysis	singlet	0.323606898738044
CCTTCGAAGCAGGTCA.22	1	core_retained_singlet	mac_mono_supported	retain_for_current_mac_mono_analysis	singlet	0.279120915306614
CCTTCGACACCGTTGG.57	1	core_retained_singlet	mac_mono_supported	retain_for_current_mac_mono_analysis	singlet	0.243399278039989
CCTTCGACAGATAATG.52	1	core_retained_singlet	mac_mono_supported	retain_for_current_mac_mono_analysis	singlet	0.217957551557249
CCTTCGAGTGTGACGA.46	1	core_retained_singlet	mac_mono_supported	retain_for_current_mac_mono_analysis	singlet	0.216057770629636
CCTTTCTTCTAACTCT.52	1	core_retained_singlet	mac_mono_supported	retain_for_current_mac_mono_analysis	singlet	0.360501326495613
CCTTTCTTCTCTAGGA.22	1	core_retained_singlet	mac_mono_supported	retain_for_current_mac_mono_analysis	singlet	0.125700416446496
CCTTTCTTCTCTTGAT.51	1	core_retained_singlet	mac_mono_supported	retain_for_current_mac_mono_analysis	singlet	0.391316368486491
CGAACATAGCGTAATA.22	1	core_retained_singlet	mac_mono_supported	retain_for_current_mac_mono_analysis	singlet	0.0232967923994767
CGAACATAGGAGTACC.35	1	core_retained_singlet	mac_mono_supported	retain_for_current_mac_mono_analysis	singlet	0.182265625198918
CGAACATCAGTAAGCG.29	1	core_retained_singlet	mac_mono_supported	retain_for_current_mac_mono_analysis	singlet	0.192738272796329
CGAACATCATGACATC.52	1	core_retained_singlet	mac_mono_supported	retain_for_current_mac_mono_analysis	singlet	0.297726018639068
CGAATGTCACAAGACG.58	1	core_retained_singlet	mac_mono_supported	retain_for_current_mac_mono_analysis	singlet	0.217901770019189
CGACCTTAGAAACGAG.55	1	core_retained_singlet	mac_mono_supported	retain_for_current_mac_mono_analysis	singlet	0.35041577701544
CGACCTTAGAGCTGGT.52	1	core_retained_singlet	mac_mono_supported	retain_for_current_mac_mono_analysis	singlet	0.133436571854728
CGACCTTAGTCCAGGA.58	1	core_retained_singlet	mac_mono_supported	retain_for_current_mac_mono_analysis	singlet	0.0619352590251866
CGACCTTTCACTGGGC.34	1	core_retained_singlet	mac_mono_supported	retain_for_current_mac_mono_analysis	singlet	0.227812869919646
CGACCTTTCGAGGTAG.20	1	core_retained_singlet	mac_mono_supported	retain_for_current_mac_mono_analysis	singlet	0.305307169658889
CGACTTCCACATTTCT.6	1	core_retained_singlet	mac_mono_supported	retain_for_current_mac_mono_analysis	singlet	0.0938739740238177
CGACTTCCAGATGAGC.58	1	core_retained_singlet	mac_mono_supported	retain_for_current_mac_mono_analysis	singlet	0.195413627206262
CGACTTCTCGGATGGA.48	1	core_retained_singlet	mac_mono_supported	retain_for_current_mac_mono_analysis	singlet	0.276048886113439
CGAGAAGAGCTAGGCA.34	1	core_retained_singlet	mac_mono_supported	retain_for_current_mac_mono_analysis	singlet	0.376904134664735
CGAGAAGTCCAGAGGA.58	1	core_retained_singlet	mac_mono_supported	retain_for_current_mac_mono_analysis	singlet	0.153640813839059
CGAGCACCACCGATAT.52	1	core_retained_singlet	mac_mono_supported	retain_for_current_mac_mono_analysis	singlet	0.0818358667667055
CGAGCACCACTGTCGG.41	1	core_retained_singlet	mac_mono_supported	retain_for_current_mac_mono_analysis	singlet	0.237388941766685
CGAGCACGTACTTGAC.46	1	core_retained_singlet	mac_mono_supported	retain_for_current_mac_mono_analysis	singlet	0.0661911264047758
CGAGCACTCATTTGGG.52	1	core_retained_singlet	mac_mono_supported	retain_for_current_mac_mono_analysis	singlet	0.163693846760792
CGAGCCAAGACCCACC.58	1	core_retained_singlet	mac_mono_supported	retain_for_current_mac_mono_analysis	singlet	0.115241378099591
CGAGCCAAGGAATGGA.22	1	core_retained_singlet	mac_mono_supported	retain_for_current_mac_mono_analysis	singlet	0.206441213363849
CGAGCCATCACCGTAA.57	1	core_retained_singlet	mac_mono_supported	retain_for_current_mac_mono_analysis	singlet	0.257348642453942
CGATCGGAGTCCATAC.34	1	core_retained_singlet	mac_mono_supported	retain_for_current_mac_mono_analysis	singlet	0.0980632724113566
CGATCGGCATGGTAGG.22	1	core_retained_singlet	mac_mono_supported	retain_for_current_mac_mono_analysis	singlet	0.277487286865836
CGATCGGCATTCCTGC.22	1	core_retained_singlet	mac_mono_supported	retain_for_current_mac_mono_analysis	singlet	0.314274522627366
CGATCGGGTCAGCTAT.51	1	core_retained_singlet	mac_mono_supported	retain_for_current_mac_mono_analysis	singlet	0.355466606995741
CGATGGCCAGTCAGAG.57	1	core_retained_singlet	mac_mono_supported	retain_for_current_mac_mono_analysis	singlet	0.227738804201758
CGATGGCCAGTCGTGC.22	1	core_retained_singlet	mac_mono_supported	retain_for_current_mac_mono_analysis	singlet	0.364591909679183
CGATGGCGTCAGATAA.52	1	core_retained_singlet	mac_mono_supported	retain_for_current_mac_mono_analysis	singlet	0.190886527760945
CGATGTAAGAGAGCTC.34	1	core_retained_singlet	mac_mono_supported	retain_for_current_mac_mono_analysis	singlet	0.101397107805371
CGATGTAAGCCGTCGT.34	1	core_retained_singlet	mac_mono_supported	retain_for_current_mac_mono_analysis	singlet	0.148236725102394
CGATGTACAAGCGCTC.58	1	core_retained_singlet	mac_mono_supported	retain_for_current_mac_mono_analysis	singlet	0.0928496481113431
CGATGTAGTGAAATCA.35	1	core_retained_singlet	mac_mono_supported	retain_for_current_mac_mono_analysis	singlet	0.334965694961202
CGATTGAAGTGAACAT.22	1	core_retained_singlet	mac_mono_supported	retain_for_current_mac_mono_analysis	singlet	0.157397631916624
CGATTGAAGTTCGATC.52	1	core_retained_singlet	mac_mono_supported	retain_for_current_mac_mono_analysis	singlet	0.317367818193022
CGATTGAAGTTGTCGT.22	1	core_retained_singlet	mac_mono_supported	retain_for_current_mac_mono_analysis	singlet	0.0963393695337568
CGATTGAAGTTTAGGA.52	1	core_retained_singlet	mac_mono_supported	retain_for_current_mac_mono_analysis	singlet	0.162296703010985
CGATTGAGTAGCGTGA.22	1	core_retained_singlet	mac_mono_supported	retain_for_current_mac_mono_analysis	singlet	0.358834683958986
CGATTGAGTGTTAAGA.34	1	core_retained_singlet	mac_mono_supported	retain_for_current_mac_mono_analysis	singlet	0.218957809301501
CGATTGAGTTCCACGG.58	1	core_retained_singlet	mac_mono_supported	retain_for_current_mac_mono_analysis	singlet	0.178876837920506
CGATTGAGTTGAGTTC.22	1	core_retained_singlet	mac_mono_supported	retain_for_current_mac_mono_analysis	singlet	0.0838652221130683
CGCGGTACACAGCGTC.22	1	core_retained_singlet	mac_mono_supported	retain_for_current_mac_mono_analysis	singlet	0.182212174179447
CGCGTTTAGCTCTCGG.58	1	core_retained_singlet	mac_mono_supported	retain_for_current_mac_mono_analysis	singlet	0.056111457288084
CGCGTTTAGTGAACGC.22	1	core_retained_singlet	mac_mono_supported	retain_for_current_mac_mono_analysis	singlet	0.0963131551329444
CGCTATCCACCACGTG.20	1	core_retained_singlet	mac_mono_supported	retain_for_current_mac_mono_analysis	singlet	0.192907545970352
CGCTATCTCGCTTGTC.52	1	core_retained_singlet	mac_mono_supported	retain_for_current_mac_mono_analysis	singlet	0.314425331083816
CGCTATCTCTACTATC.52	1	core_retained_singlet	mac_mono_supported	retain_for_current_mac_mono_analysis	singlet	0.222673371126746
CGCTATCTCTGAAAGA.45	1	core_retained_singlet	mac_mono_supported	retain_for_current_mac_mono_analysis	singlet	0.277891799816115
CGCTGGAAGCCAGTTT.34	1	core_retained_singlet	mac_mono_supported	retain_for_current_mac_mono_analysis	singlet	0.260707641610756
CGCTTCACAGTCCTTC.58	1	core_retained_singlet	mac_mono_supported	retain_for_current_mac_mono_analysis	singlet	0.22197049407139
CGCTTCACATTGGTAC.22	1	core_retained_singlet	mac_mono_supported	retain_for_current_mac_mono_analysis	singlet	0.0590887470285603
CGCTTCAGTAAATGAC.49	1	core_retained_singlet	mac_mono_supported	retain_for_current_mac_mono_analysis	singlet	0.321754107598235
CGCTTCATCAACACTG.57	1	core_retained_singlet	mac_mono_supported	retain_for_current_mac_mono_analysis	singlet	0.358877019485073
CGCTTCATCGGTCTAA.57	1	core_retained_singlet	mac_mono_supported	retain_for_current_mac_mono_analysis	singlet	0.189489506177908
CGGACACCAGTTCCCT.51	1	core_retained_singlet	mac_mono_supported	retain_for_current_mac_mono_analysis	singlet	0.240468967119796
CGGACACGTGTGAATA.35	1	core_retained_singlet	mac_mono_supported	retain_for_current_mac_mono_analysis	singlet	0.319787018243751
CGGACACTCCTATTCA.6	1	core_retained_singlet	mac_mono_supported	retain_for_current_mac_mono_analysis	singlet	0.164672407026833
CGGACGTAGGGTGTGT.34	1	core_retained_singlet	mac_mono_supported	retain_for_current_mac_mono_analysis	singlet	0.104146273352318
CGGACGTCAAGTCTAC.46	1	core_retained_singlet	mac_mono_supported	retain_for_current_mac_mono_analysis	singlet	0.277005046887238
CGGACGTCACTGCCAG.52	1	core_retained_singlet	mac_mono_supported	retain_for_current_mac_mono_analysis	singlet	0.10679044415408
CGGACGTGTCCGTTAA.22	1	core_retained_singlet	mac_mono_supported	retain_for_current_mac_mono_analysis	singlet	0.377501651893804
CGGACTGCAGGGATTG.22	1	core_retained_singlet	mac_mono_supported	retain_for_current_mac_mono_analysis	singlet	0.0166142142080976
CGGACTGCATGCCTAA.22	1	core_retained_singlet	mac_mono_supported	retain_for_current_mac_mono_analysis	singlet	0.105563917243835
CGGACTGTCTGCCAGG.22	1	core_retained_singlet	mac_mono_supported	retain_for_current_mac_mono_analysis	singlet	0.138653156824094
CGGAGCTAGGCATTGG.22	1	core_retained_singlet	mac_mono_supported	retain_for_current_mac_mono_analysis	singlet	0.173193753761303
CGGAGCTAGTGGGCTA.34	1	core_retained_singlet	mac_mono_supported	retain_for_current_mac_mono_analysis	singlet	0.201322844603504
CGGAGCTCACCTCGTT.52	1	core_retained_singlet	mac_mono_supported	retain_for_current_mac_mono_analysis	singlet	0.122548988864441
CGGAGCTCAGCGTCCA.22	1	core_retained_singlet	mac_mono_supported	retain_for_current_mac_mono_analysis	singlet	0.262696896693193
CGGAGTCAGGCACATG.52	1	core_retained_singlet	mac_mono_supported	retain_for_current_mac_mono_analysis	singlet	0.226067364404823
CGGAGTCCAATAAGCA.22	1	core_retained_singlet	mac_mono_supported	retain_for_current_mac_mono_analysis	singlet	0.0637749861540771
CGGAGTCCACATTCGA.22	1	core_retained_singlet	mac_mono_supported	retain_for_current_mac_mono_analysis	singlet	0.0378033257453069
CGGAGTCGTGAGGGAG.55	1	core_retained_singlet	mac_mono_supported	retain_for_current_mac_mono_analysis	singlet	0.384181434883376
CGGAGTCGTTGTGGCC.22	1	core_retained_singlet	mac_mono_supported	retain_for_current_mac_mono_analysis	singlet	0.0378219057904696
CGGCTAGAGCTAGTCT.22	1	core_retained_singlet	mac_mono_supported	retain_for_current_mac_mono_analysis	singlet	0.0211338447452838
CGGCTAGAGCTGCAAG.52	1	core_retained_singlet	mac_mono_supported	retain_for_current_mac_mono_analysis	singlet	0.11372849149439
CGGCTAGAGGTTACCT.55	1	core_retained_singlet	mac_mono_supported	retain_for_current_mac_mono_analysis	singlet	0.191780017289557
CGGCTAGCAATTCCTT.41	1	core_retained_singlet	mac_mono_supported	retain_for_current_mac_mono_analysis	singlet	0.18573937697562
CGGCTAGTCGAACTGT.55	1	core_retained_singlet	mac_mono_supported	retain_for_current_mac_mono_analysis	singlet	0.181152017080626
CGGGTCAGTCGTTGTA.34	1	core_retained_singlet	mac_mono_supported	retain_for_current_mac_mono_analysis	singlet	0.0401002752562498
CGGTTAATCACATGCA.35	1	core_retained_singlet	mac_mono_supported	retain_for_current_mac_mono_analysis	singlet	0.249527782599234
CGTAGCGAGAGAACAG.55	1	core_retained_singlet	mac_mono_supported	retain_for_current_mac_mono_analysis	singlet	0.334342756303954
CGTAGCGCATTCTCAT.58	1	core_retained_singlet	mac_mono_supported	retain_for_current_mac_mono_analysis	singlet	0.128599659585102
CGTAGCGGTGGCCCTA.52	1	core_retained_singlet	mac_mono_supported	retain_for_current_mac_mono_analysis	singlet	0.115582284904372
CGTAGGCTCCGGCACA.7	1	core_retained_singlet	mac_mono_supported	retain_for_current_mac_mono_analysis	singlet	0.0828830077484062
CGTCACTAGTCCGTAT.34	1	core_retained_singlet	mac_mono_supported	retain_for_current_mac_mono_analysis	singlet	0.251843779376343
CGTCACTGTGAGCGAT.55	1	core_retained_singlet	mac_mono_supported	retain_for_current_mac_mono_analysis	singlet	0.375322724931613
CGTCACTGTTGGGACA.41	1	core_retained_singlet	mac_mono_supported	retain_for_current_mac_mono_analysis	singlet	0.376117940135978
CGTCAGGCAGCATACT.3	1	core_retained_singlet	mac_mono_supported	retain_for_current_mac_mono_analysis	singlet	0.100616137818171
CGTCCATAGAGCCCAA.40	1	core_retained_singlet	mac_mono_supported	retain_for_current_mac_mono_analysis	singlet	0.148130531664
CGTCCATAGATCACGG.35	1	core_retained_singlet	mac_mono_supported	retain_for_current_mac_mono_analysis	singlet	0.294882556378755
CGTCCATCAACGATCT.34	1	core_retained_singlet	mac_mono_supported	retain_for_current_mac_mono_analysis	singlet	0.191998666253137
CGTCCATTCGAACTGT.22	1	core_retained_singlet	mac_mono_supported	retain_for_current_mac_mono_analysis	singlet	0.320233643498733
CGTCTACAGCGGCTTC.52	1	core_retained_singlet	mac_mono_supported	retain_for_current_mac_mono_analysis	singlet	0.108263799138648
CGTCTACGTACCGTAT.41	1	core_retained_singlet	mac_mono_supported	retain_for_current_mac_mono_analysis	singlet	0.224485217858651
CGTGAGCCAGTGGAGT.58	1	core_retained_singlet	mac_mono_supported	retain_for_current_mac_mono_analysis	singlet	0.39423458525463
CGTGAGCTCTAACTTC.41	1	core_retained_singlet	mac_mono_supported	retain_for_current_mac_mono_analysis	singlet	0.364876970543548
CGTGAGCTCTCGATGA.34	1	core_retained_singlet	mac_mono_supported	retain_for_current_mac_mono_analysis	singlet	0.33008173716347
CGTGTAACATCGGACC.49	1	core_retained_singlet	mac_mono_supported	retain_for_current_mac_mono_analysis	singlet	0.136215349853994
CGTGTAATCATAACCG.22	1	core_retained_singlet	mac_mono_supported	retain_for_current_mac_mono_analysis	singlet	0.18445760254377
CGTGTCTAGAATGTGT.57	1	core_retained_singlet	mac_mono_supported	retain_for_current_mac_mono_analysis	singlet	0.337714451324459
CGTGTCTCAGTCACTA.41	1	core_retained_singlet	mac_mono_supported	retain_for_current_mac_mono_analysis	singlet	0.178957889559076
CGTTAGACAGGTCGTC.52	1	core_retained_singlet	mac_mono_supported	retain_for_current_mac_mono_analysis	singlet	0.215286142760246
CGTTAGAGTTTGGGCC.46	1	core_retained_singlet	mac_mono_supported	retain_for_current_mac_mono_analysis	singlet	0.140550818015004
CGTTCTGTCCGCGTTT.46	1	core_retained_singlet	mac_mono_supported	retain_for_current_mac_mono_analysis	singlet	0.276185883881158
CGTTGGGAGGACGAAA.57	1	core_retained_singlet	mac_mono_supported	retain_for_current_mac_mono_analysis	singlet	0.0882395914727846
CGTTGGGCAGGAATCG.58	1	core_retained_singlet	mac_mono_supported	retain_for_current_mac_mono_analysis	singlet	0.2349438350765
CGTTGGGGTCTGGTCG.6	1	core_retained_singlet	mac_mono_supported	retain_for_current_mac_mono_analysis	singlet	0.177511098418411
CGTTGGGGTTAAAGAC.34	1	core_retained_singlet	mac_mono_supported	retain_for_current_mac_mono_analysis	singlet	0.380899703491661
CTAAGACCAATCTGCA.52	1	core_retained_singlet	mac_mono_supported	retain_for_current_mac_mono_analysis	singlet	0.15009863237001
CTAAGACGTCACCTAA.35	1	core_retained_singlet	mac_mono_supported	retain_for_current_mac_mono_analysis	singlet	0.298273844381122
CTAAGACGTGGGTCAA.34	1	core_retained_singlet	mac_mono_supported	retain_for_current_mac_mono_analysis	singlet	0.0977338586504557
CTAAGACGTTCGGCAC.22	1	core_retained_singlet	mac_mono_supported	retain_for_current_mac_mono_analysis	singlet	0.241310169810674
CTAATGGCACGGTGTC.58	1	core_retained_singlet	mac_mono_supported	retain_for_current_mac_mono_analysis	singlet	0.125576649143862
CTAATGGGTAGGCATG.22	1	core_retained_singlet	mac_mono_supported	retain_for_current_mac_mono_analysis	singlet	0.191042752070686
CTAATGGTCACGGTTA.55	1	core_retained_singlet	mac_mono_supported	retain_for_current_mac_mono_analysis	singlet	0.276957999689726
CTAATGGTCCGCATCT.58	1	core_retained_singlet	mac_mono_supported	retain_for_current_mac_mono_analysis	singlet	0.117729675369055
CTACACCGTGCTGTAT.56	1	core_retained_singlet	mac_mono_supported	retain_for_current_mac_mono_analysis	singlet	0.214262198711657
CTACATTGTACTCGCG.57	1	core_retained_singlet	mac_mono_supported	retain_for_current_mac_mono_analysis	singlet	0.190720042130489
CTACATTGTAGGGTAC.22	1	core_retained_singlet	mac_mono_supported	retain_for_current_mac_mono_analysis	singlet	0.251159137501816
CTACCCAAGAACTCGG.22	1	core_retained_singlet	mac_mono_supported	retain_for_current_mac_mono_analysis	singlet	0.00410086550008922
CTACCCATCACCTTAT.34	1	core_retained_singlet	mac_mono_supported	retain_for_current_mac_mono_analysis	singlet	0.0452822882200711
CTACGTCAGTGCGATG.26	1	core_retained_singlet	mac_mono_supported	retain_for_current_mac_mono_analysis	singlet	0.177507310764215
CTACGTCCATAACCTG.34	1	core_retained_singlet	mac_mono_supported	retain_for_current_mac_mono_analysis	singlet	0.0762976793990781
CTACGTCGTCAGAGGT.41	1	core_retained_singlet	mac_mono_supported	retain_for_current_mac_mono_analysis	singlet	0.238420374336018
CTACGTCTCAGCTTAG.7	1	core_retained_singlet	mac_mono_supported	retain_for_current_mac_mono_analysis	singlet	0.206143613545155
CTACGTCTCGTTTATC.34	1	core_retained_singlet	mac_mono_supported	retain_for_current_mac_mono_analysis	singlet	0.239994788093809
CTAGAGTGTAGGACAC.49	1	core_retained_singlet	mac_mono_supported	retain_for_current_mac_mono_analysis	singlet	0.144278192219624
CTAGAGTTCTAACTCT.34	1	core_retained_singlet	mac_mono_supported	retain_for_current_mac_mono_analysis	singlet	0.0613016047219767
CTAGCCTAGAGACTAT.58	1	core_retained_singlet	mac_mono_supported	retain_for_current_mac_mono_analysis	singlet	0.0710653378675358
CTAGTGAGTCTAGGTT.22	1	core_retained_singlet	mac_mono_supported	retain_for_current_mac_mono_analysis	singlet	0.356562104352844
CTCACACAGCCTTGAT.22	1	core_retained_singlet	mac_mono_supported	retain_for_current_mac_mono_analysis	singlet	0.370951352358555
CTCACACAGCGATGAC.57	1	core_retained_singlet	mac_mono_supported	retain_for_current_mac_mono_analysis	singlet	0.358642884260717
CTCACACGTGTTTGGT.34	1	core_retained_singlet	mac_mono_supported	retain_for_current_mac_mono_analysis	singlet	0.0949199991767102
CTCAGAATCACGGTTA.22	1	core_retained_singlet	mac_mono_supported	retain_for_current_mac_mono_analysis	singlet	0.308910265621488
CTCAGAATCTCCGGTT.22	1	core_retained_singlet	mac_mono_supported	retain_for_current_mac_mono_analysis	singlet	0.0350987461892322
CTCATTAAGGCATGGT.46	1	core_retained_singlet	mac_mono_supported	retain_for_current_mac_mono_analysis	singlet	0.0880480980983083
CTCATTACACTGAAGG.58	1	core_retained_singlet	mac_mono_supported	retain_for_current_mac_mono_analysis	singlet	0.13702127725079
CTCATTATCCGCTGTT.35	1	core_retained_singlet	mac_mono_supported	retain_for_current_mac_mono_analysis	singlet	0.349382443135906
CTCATTATCCTAGGGC.57	1	core_retained_singlet	mac_mono_supported	retain_for_current_mac_mono_analysis	singlet	0.200541853258005
CTCATTATCCTCAACC.40	1	core_retained_singlet	mac_mono_supported	retain_for_current_mac_mono_analysis	singlet	0.227684036920916
CTCCTAGAGGTCATCT.20	1	core_retained_singlet	mac_mono_supported	retain_for_current_mac_mono_analysis	singlet	0.345031019949451
CTCCTAGCAGCGTTCG.22	1	core_retained_singlet	mac_mono_supported	retain_for_current_mac_mono_analysis	singlet	0.310934580702873
CTCCTAGGTCGCTTCT.58	1	core_retained_singlet	mac_mono_supported	retain_for_current_mac_mono_analysis	singlet	0.178903593112113
CTCGAAATCTTATCTG.46	1	core_retained_singlet	mac_mono_supported	retain_for_current_mac_mono_analysis	singlet	0.170834833542795
CTCGAGGAGTCCAGGA.55	1	core_retained_singlet	mac_mono_supported	retain_for_current_mac_mono_analysis	singlet	0.346844154937965
CTCGGAGCATCATCCC.34	1	core_retained_singlet	mac_mono_supported	retain_for_current_mac_mono_analysis	singlet	0.216413435399829
CTCGGAGGTAAGTTCC.22	1	core_retained_singlet	mac_mono_supported	retain_for_current_mac_mono_analysis	singlet	0.22393772348531
CTCGGAGTCAGCGATT.22	1	core_retained_singlet	mac_mono_supported	retain_for_current_mac_mono_analysis	singlet	0.29682413587011
CTCGGGAAGGCTCTTA.51	1	core_retained_singlet	mac_mono_supported	retain_for_current_mac_mono_analysis	singlet	0.249739657695096
CTCGGGAGTTTGGCGC.52	1	core_retained_singlet	mac_mono_supported	retain_for_current_mac_mono_analysis	singlet	0.108147319810351
CTCGGGATCAGGTAAA.58	1	core_retained_singlet	mac_mono_supported	retain_for_current_mac_mono_analysis	singlet	0.285935760613355
CTCGGGATCTACCAGA.29	1	core_retained_singlet	mac_mono_supported	retain_for_current_mac_mono_analysis	singlet	0.198023838630823
CTCGTACAGCAGACTG.7	1	core_retained_singlet	mac_mono_supported	retain_for_current_mac_mono_analysis	singlet	0.205180181933552
CTCGTACCACAGAGGT.22	1	core_retained_singlet	mac_mono_supported	retain_for_current_mac_mono_analysis	singlet	0.235780543433511
CTCGTACTCACGATGT.46	1	core_retained_singlet	mac_mono_supported	retain_for_current_mac_mono_analysis	singlet	0.219797699505287
CTCGTACTCCGTCATC.22	1	core_retained_singlet	mac_mono_supported	retain_for_current_mac_mono_analysis	singlet	0.068502085086898
CTCGTCAGTATAGGGC.57	1	core_retained_singlet	mac_mono_supported	retain_for_current_mac_mono_analysis	singlet	0.256840085729696
CTCGTCAGTTACCGAT.9	1	core_retained_singlet	mac_mono_supported	retain_for_current_mac_mono_analysis	singlet	0.170225534259313
CTCGTCATCCTCAACC.40	1	core_retained_singlet	mac_mono_supported	retain_for_current_mac_mono_analysis	singlet	0.361387968985144
CTCTAATAGCAGGCTA.57	1	core_retained_singlet	mac_mono_supported	retain_for_current_mac_mono_analysis	singlet	0.194248070560508
CTCTACGCAAGTTCTG.46	1	core_retained_singlet	mac_mono_supported	retain_for_current_mac_mono_analysis	singlet	0.123013195753437
CTCTGGTAGACTGTAA.45	1	core_retained_singlet	mac_mono_supported	retain_for_current_mac_mono_analysis	singlet	0.294337623453008
CTCTGGTAGTTGCAGG.52	1	core_retained_singlet	mac_mono_supported	retain_for_current_mac_mono_analysis	singlet	0.358745354117634
CTCTGGTCAGTTCCCT.57	1	core_retained_singlet	mac_mono_supported	retain_for_current_mac_mono_analysis	singlet	0.298621972919523
CTCTGGTCATGACATC.57	1	core_retained_singlet	mac_mono_supported	retain_for_current_mac_mono_analysis	singlet	0.31951148699198
CTCTGGTGTCTCATCC.55	1	core_retained_singlet	mac_mono_supported	retain_for_current_mac_mono_analysis	singlet	0.226852970649054
CTCTGGTTCTGCGGCA.39	1	core_retained_singlet	mac_mono_supported	retain_for_current_mac_mono_analysis	singlet	0.11951702616378
CTGAAACAGGATATAC.57	1	core_retained_singlet	mac_mono_supported	retain_for_current_mac_mono_analysis	singlet	0.28715528935797
CTGAAGTAGAGCAATT.58	1	core_retained_singlet	mac_mono_supported	retain_for_current_mac_mono_analysis	singlet	0.175408750415943
CTGAAGTCAAACTGTC.49	1	core_retained_singlet	mac_mono_supported	retain_for_current_mac_mono_analysis	singlet	0.384043537320801
CTGAAGTCAGTCTTCC.16	1	core_retained_singlet	mac_mono_supported	retain_for_current_mac_mono_analysis	singlet	0.0279210574760108
CTGAAGTGTCCTAGCG.34	1	core_retained_singlet	mac_mono_supported	retain_for_current_mac_mono_analysis	singlet	0.268145392582939
CTGATAGAGTACCGGA.58	1	core_retained_singlet	mac_mono_supported	retain_for_current_mac_mono_analysis	singlet	0.320840992123068
CTGATAGTCTGCCCTA.22	1	core_retained_singlet	mac_mono_supported	retain_for_current_mac_mono_analysis	singlet	0.271639986507832
CTGATCCAGGGCTCTC.34	1	core_retained_singlet	mac_mono_supported	retain_for_current_mac_mono_analysis	singlet	0.337691776890909
CTGATCCAGTAGCCGA.22	1	core_retained_singlet	mac_mono_supported	retain_for_current_mac_mono_analysis	singlet	0.105804959132357
CTGATCCGTTCGGCAC.22	1	core_retained_singlet	mac_mono_supported	retain_for_current_mac_mono_analysis	singlet	0.176717263854905
CTGATCCTCTCACATT.25	1	core_retained_singlet	mac_mono_supported	retain_for_current_mac_mono_analysis	singlet	0.229914171786602
CTGCCTAAGTGTACCT.52	1	core_retained_singlet	mac_mono_supported	retain_for_current_mac_mono_analysis	singlet	0.266208732055767
CTGCCTACAGTAAGCG.41	1	core_retained_singlet	mac_mono_supported	retain_for_current_mac_mono_analysis	singlet	0.389450758287057
CTGCCTACATTCGACA.52	1	core_retained_singlet	mac_mono_supported	retain_for_current_mac_mono_analysis	singlet	0.023486241422468
CTGCCTAGTCTGCGGT.20	1	core_retained_singlet	mac_mono_supported	retain_for_current_mac_mono_analysis	singlet	0.324189001315209
CTGCGGAAGAGAGCTC.41	1	core_retained_singlet	mac_mono_supported	retain_for_current_mac_mono_analysis	singlet	0.314627754470624
CTGCGGACACAAGCCC.34	1	core_retained_singlet	mac_mono_supported	retain_for_current_mac_mono_analysis	singlet	0.112912713475828
CTGCGGACACCCAGTG.41	1	core_retained_singlet	mac_mono_supported	retain_for_current_mac_mono_analysis	singlet	0.271965907851184
CTGCGGATCCTATGTT.21	1	core_retained_singlet	mac_mono_supported	retain_for_current_mac_mono_analysis	singlet	0.0694547380907646
CTGCTGTAGCCACTAT.58	1	core_retained_singlet	mac_mono_supported	retain_for_current_mac_mono_analysis	singlet	0.0988742564334228
CTGCTGTAGGCCGAAT.49	1	core_retained_singlet	mac_mono_supported	retain_for_current_mac_mono_analysis	singlet	0.268300363011737
CTGCTGTGTAGCAAAT.41	1	core_retained_singlet	mac_mono_supported	retain_for_current_mac_mono_analysis	singlet	0.202642515127287
CTGGTCTAGGATGGAA.52	1	core_retained_singlet	mac_mono_supported	retain_for_current_mac_mono_analysis	singlet	0.181438036011324
CTGGTCTCAATGAATG.40	1	core_retained_singlet	mac_mono_supported	retain_for_current_mac_mono_analysis	singlet	0.363819356588272
CTGGTCTCATCCTTGC.49	1	core_retained_singlet	mac_mono_supported	retain_for_current_mac_mono_analysis	singlet	0.345253576002807
CTGGTCTTCTGATTCT.22	1	core_retained_singlet	mac_mono_supported	retain_for_current_mac_mono_analysis	singlet	0.282996557926998
CTGTGCTCAGATCTGT.58	1	core_retained_singlet	mac_mono_supported	retain_for_current_mac_mono_analysis	singlet	0.273291477405434
CTGTGCTCATGTCTCC.22	1	core_retained_singlet	mac_mono_supported	retain_for_current_mac_mono_analysis	singlet	0.0966328250571287
CTGTGCTGTTTGGGCC.46	1	core_retained_singlet	mac_mono_supported	retain_for_current_mac_mono_analysis	singlet	0.280799596872408
CTTAACTCAGCGTAAG.58	1	core_retained_singlet	mac_mono_supported	retain_for_current_mac_mono_analysis	singlet	0.122755733060658
CTTAACTCATCCCATC.22	1	core_retained_singlet	mac_mono_supported	retain_for_current_mac_mono_analysis	singlet	0.356300444717877
CTTAACTGTAGGGACT.7	1	core_retained_singlet	mac_mono_supported	retain_for_current_mac_mono_analysis	singlet	0.308368939947685
CTTACCGAGATATGCA.34	1	core_retained_singlet	mac_mono_supported	retain_for_current_mac_mono_analysis	singlet	0.229198940525933
CTTACCGCAGACGCCT.52	1	core_retained_singlet	mac_mono_supported	retain_for_current_mac_mono_analysis	singlet	0.0875668172138253
CTTACCGGTAGGGTAC.34	1	core_retained_singlet	mac_mono_supported	retain_for_current_mac_mono_analysis	singlet	0.207580621463707
CTTACCGGTGATGCCC.58	1	core_retained_singlet	mac_mono_supported	retain_for_current_mac_mono_analysis	singlet	0.0512620333461142
CTTAGGAAGACAATAC.51	1	core_retained_singlet	mac_mono_supported	retain_for_current_mac_mono_analysis	singlet	0.277491235091167
CTTAGGAGTCCAAGTT.57	1	core_retained_singlet	mac_mono_supported	retain_for_current_mac_mono_analysis	singlet	0.26926049970188
CTTAGGAGTGTTTGGT.55	1	core_retained_singlet	mac_mono_supported	retain_for_current_mac_mono_analysis	singlet	0.316732715100167
CTTAGGATCCGCATAA.58	1	core_retained_singlet	mac_mono_supported	retain_for_current_mac_mono_analysis	singlet	0.0615170799264117
CTTCTCTTCCCAAGAT.58	1	core_retained_singlet	mac_mono_supported	retain_for_current_mac_mono_analysis	singlet	0.288707406050339
CTTGGCTTCTGGTTCC.52	1	core_retained_singlet	mac_mono_supported	retain_for_current_mac_mono_analysis	singlet	0.251293361151078
CTTTGCGCAGGTCGTC.58	1	core_retained_singlet	mac_mono_supported	retain_for_current_mac_mono_analysis	singlet	0.13941132847065
CTTTGCGCATTGAGCT.34	1	core_retained_singlet	mac_mono_supported	retain_for_current_mac_mono_analysis	singlet	0.175356220665095
CTTTGCGTCTATCGCC.52	1	core_retained_singlet	mac_mono_supported	retain_for_current_mac_mono_analysis	singlet	0.127075179999837
GAAACTCGTCCATGAT.41	1	core_retained_singlet	mac_mono_supported	retain_for_current_mac_mono_analysis	singlet	0.22824078018137
GAAATGAAGCCGTCGT.52	1	core_retained_singlet	mac_mono_supported	retain_for_current_mac_mono_analysis	singlet	0.150849851477736
GAAATGACACGGCTAC.41	1	core_retained_singlet	mac_mono_supported	retain_for_current_mac_mono_analysis	singlet	0.247112593023154
GAAATGACATTACGAC.34	1	core_retained_singlet	mac_mono_supported	retain_for_current_mac_mono_analysis	singlet	0.141705412968157
GAAATGAGTCCTAGCG.40	1	core_retained_singlet	mac_mono_supported	retain_for_current_mac_mono_analysis	singlet	0.319496547478243
GAACATCAGTCATCCA.58	1	core_retained_singlet	mac_mono_supported	retain_for_current_mac_mono_analysis	singlet	0.245989352734236
GAACATCGTCGAATCT.22	1	core_retained_singlet	mac_mono_supported	retain_for_current_mac_mono_analysis	singlet	0.313145286340321
GAACATCGTTGTCTTT.56	1	core_retained_singlet	mac_mono_supported	retain_for_current_mac_mono_analysis	singlet	0.166158417137051
GAACCTACACCAGGTC.58	1	core_retained_singlet	mac_mono_supported	retain_for_current_mac_mono_analysis	singlet	0.0387142659510936
GAACCTACAGAGTGTG.51	1	core_retained_singlet	mac_mono_supported	retain_for_current_mac_mono_analysis	singlet	0.253912485452857
GAAGCAGAGCGAAGGG.52	1	core_retained_singlet	mac_mono_supported	retain_for_current_mac_mono_analysis	singlet	0.341522923014959
GAAGCAGCAATGGTCT.58	1	core_retained_singlet	mac_mono_supported	retain_for_current_mac_mono_analysis	singlet	0.162781201587501
GAAGCAGCACAGCGTC.22	1	core_retained_singlet	mac_mono_supported	retain_for_current_mac_mono_analysis	singlet	0.355144066519894
GAAGCAGGTCGCGAAA.22	1	core_retained_singlet	mac_mono_supported	retain_for_current_mac_mono_analysis	singlet	0.274342573092381
GAATAAGCAGATAATG.58	1	core_retained_singlet	mac_mono_supported	retain_for_current_mac_mono_analysis	singlet	0.0797711119037689
GAATGAATCTGCAGTA.41	1	core_retained_singlet	mac_mono_supported	retain_for_current_mac_mono_analysis	singlet	0.366585894870711
GACACGCCATCTACGA.16	1	core_retained_singlet	mac_mono_supported	retain_for_current_mac_mono_analysis	singlet	0.370437194539168
GACACGCGTCTTCTCG.52	1	core_retained_singlet	mac_mono_supported	retain_for_current_mac_mono_analysis	singlet	0.243868830162667
GACACGCTCGAATGGG.58	1	core_retained_singlet	mac_mono_supported	retain_for_current_mac_mono_analysis	singlet	0.150976825879574
GACACGCTCGAGGTAG.34	1	core_retained_singlet	mac_mono_supported	retain_for_current_mac_mono_analysis	singlet	0.236824650360045
GACAGAGCAGGACGTA.34	1	core_retained_singlet	mac_mono_supported	retain_for_current_mac_mono_analysis	singlet	0.310039056381834
GACAGAGGTTCCATGA.52	1	core_retained_singlet	mac_mono_supported	retain_for_current_mac_mono_analysis	singlet	0.392484458247024
GACCAATAGATATGCA.22	1	core_retained_singlet	mac_mono_supported	retain_for_current_mac_mono_analysis	singlet	0.0944142682742423
GACCAATAGCTACCGC.41	1	core_retained_singlet	mac_mono_supported	retain_for_current_mac_mono_analysis	singlet	0.321427205121736
GACCAATAGGGTTTCT.22	1	core_retained_singlet	mac_mono_supported	retain_for_current_mac_mono_analysis	singlet	0.152482334873345
GACCAATTCAAAGACA.35	1	core_retained_singlet	mac_mono_supported	retain_for_current_mac_mono_analysis	singlet	0.239304071173793
GACCTGGCACCGATAT.58	1	core_retained_singlet	mac_mono_supported	retain_for_current_mac_mono_analysis	singlet	0.0417550453232115
GACCTGGTCAGTGCAT.34	1	core_retained_singlet	mac_mono_supported	retain_for_current_mac_mono_analysis	singlet	0.0808371836924859
GACGCGTAGATCCCAT.50	1	core_retained_singlet	mac_mono_supported	retain_for_current_mac_mono_analysis	singlet	0.340046434966867
GACGCGTGTTCGAATC.52	1	core_retained_singlet	mac_mono_supported	retain_for_current_mac_mono_analysis	singlet	0.223970508690082
GACGCGTTCCTTTCTC.58	1	core_retained_singlet	mac_mono_supported	retain_for_current_mac_mono_analysis	singlet	0.114962230391002
GACGCGTTCTGGTATG.57	1	core_retained_singlet	mac_mono_supported	retain_for_current_mac_mono_analysis	singlet	0.300103934221371
GACGGCTGTCTCAACA.22	1	core_retained_singlet	mac_mono_supported	retain_for_current_mac_mono_analysis	singlet	0.224898141659796
GACGGCTGTGCACTTA.6	1	core_retained_singlet	mac_mono_supported	retain_for_current_mac_mono_analysis	singlet	0.253722843570821
GACGGCTGTGGCTCCA.58	1	core_retained_singlet	mac_mono_supported	retain_for_current_mac_mono_analysis	singlet	0.289170060765891
GACGGCTTCAGCGATT.32	1	core_retained_singlet	mac_mono_supported	retain_for_current_mac_mono_analysis	singlet	0.186670854350259
GACGTGCAGAGCCCAA.58	1	core_retained_singlet	mac_mono_supported	retain_for_current_mac_mono_analysis	singlet	0.262824354677626
GACGTGCAGCAATCTC.22	1	core_retained_singlet	mac_mono_supported	retain_for_current_mac_mono_analysis	singlet	0.203677513485934
GACGTGCCAAGTTCTG.22	1	core_retained_singlet	mac_mono_supported	retain_for_current_mac_mono_analysis	singlet	0.321178477815742
GACGTGCGTTTGTTTC.52	1	core_retained_singlet	mac_mono_supported	retain_for_current_mac_mono_analysis	singlet	0.121120909602093
GACGTGCTCTCTAAGG.56	1	core_retained_singlet	mac_mono_supported	retain_for_current_mac_mono_analysis	singlet	0.175494779740451
GACGTTACACAACGCC.58	1	core_retained_singlet	mac_mono_supported	retain_for_current_mac_mono_analysis	singlet	0.0597962095681138
GACGTTACACCGTTGG.22	1	core_retained_singlet	mac_mono_supported	retain_for_current_mac_mono_analysis	singlet	0.165229748036999
GACGTTACAGCTCGCA.34	1	core_retained_singlet	mac_mono_supported	retain_for_current_mac_mono_analysis	singlet	0.245960190191187
GACGTTATCTTGAGGT.52	1	core_retained_singlet	mac_mono_supported	retain_for_current_mac_mono_analysis	singlet	0.189333631420788
GACTAACCAGCCTATA.22	1	core_retained_singlet	mac_mono_supported	retain_for_current_mac_mono_analysis	singlet	0.31183571376901
GACTAACGTAATAGCA.29	1	core_retained_singlet	mac_mono_supported	retain_for_current_mac_mono_analysis	singlet	0.188657339889951
GACTGCGAGCTGTTCA.22	1	core_retained_singlet	mac_mono_supported	retain_for_current_mac_mono_analysis	singlet	0.111648401018241
GACTGCGCAACAACCT.55	1	core_retained_singlet	mac_mono_supported	retain_for_current_mac_mono_analysis	singlet	0.116404056642567
GACTGCGGTCGCGGTT.59	1	core_retained_singlet	mac_mono_supported	retain_for_current_mac_mono_analysis	singlet	0.330415206823979
GAGCAGACAGTTAACC.22	1	core_retained_singlet	mac_mono_supported	retain_for_current_mac_mono_analysis	singlet	0.34042637687365
GAGCAGATCAAAGTAG.22	1	core_retained_singlet	mac_mono_supported	retain_for_current_mac_mono_analysis	singlet	0.240778013039418
GAGGTGAAGCGATGAC.58	1	core_retained_singlet	mac_mono_supported	retain_for_current_mac_mono_analysis	singlet	0.264903733882526
GAGGTGAAGTAGCGGT.58	1	core_retained_singlet	mac_mono_supported	retain_for_current_mac_mono_analysis	singlet	0.335586354518322
GATCAGTAGCAGCGTA.55	1	core_retained_singlet	mac_mono_supported	retain_for_current_mac_mono_analysis	singlet	0.117249069980091
GATCAGTAGCTGAACG.9	1	core_retained_singlet	mac_mono_supported	retain_for_current_mac_mono_analysis	singlet	0.158539951089149
GATCAGTCAATAAGCA.22	1	core_retained_singlet	mac_mono_supported	retain_for_current_mac_mono_analysis	singlet	0.274707200935334
GATCAGTTCACGCGGT.41	1	core_retained_singlet	mac_mono_supported	retain_for_current_mac_mono_analysis	singlet	0.386193432158967
GATCGATGTTACGACT.22	1	core_retained_singlet	mac_mono_supported	retain_for_current_mac_mono_analysis	singlet	0.154363386280833
GATCGATTCACATAGC.49	1	core_retained_singlet	mac_mono_supported	retain_for_current_mac_mono_analysis	singlet	0.270725623514009
GATCGATTCACCTCGT.22	1	core_retained_singlet	mac_mono_supported	retain_for_current_mac_mono_analysis	singlet	0.364993602150814
GATCGATTCTCCAACC.46	1	core_retained_singlet	mac_mono_supported	retain_for_current_mac_mono_analysis	singlet	0.224905679552088
GATCGCGAGCTTATCG.58	1	core_retained_singlet	mac_mono_supported	retain_for_current_mac_mono_analysis	singlet	0.292334391680971
GATGAAAAGGCTATCT.39	1	core_retained_singlet	mac_mono_supported	retain_for_current_mac_mono_analysis	singlet	0.30885802646505
GATGAAACACGACGAA.29	1	core_retained_singlet	mac_mono_supported	retain_for_current_mac_mono_analysis	singlet	0.201531448998454
GATGAAAGTTCCACTC.58	1	core_retained_singlet	mac_mono_supported	retain_for_current_mac_mono_analysis	singlet	0.150655636370149
GATGAAATCTCCAGGG.52	1	core_retained_singlet	mac_mono_supported	retain_for_current_mac_mono_analysis	singlet	0.297400375193341
GATGAAATCTTGCCGT.57	1	core_retained_singlet	mac_mono_supported	retain_for_current_mac_mono_analysis	singlet	0.270681873210753
GATGAGGCAGATGAGC.52	1	core_retained_singlet	mac_mono_supported	retain_for_current_mac_mono_analysis	singlet	0.0751379531029507
GATGAGGGTACAGACG.46	1	core_retained_singlet	mac_mono_supported	retain_for_current_mac_mono_analysis	singlet	0.373360005241245
GATGAGGTCACAACGT.29	1	core_retained_singlet	mac_mono_supported	retain_for_current_mac_mono_analysis	singlet	0.367366030516209
GATGAGGTCACCTTAT.35	1	core_retained_singlet	mac_mono_supported	retain_for_current_mac_mono_analysis	singlet	0.249903678972396
GATGCTAGTTGCTCCT.58	1	core_retained_singlet	mac_mono_supported	retain_for_current_mac_mono_analysis	singlet	0.14821929161149
GATGCTATCTGCGTAA.51	1	core_retained_singlet	mac_mono_supported	retain_for_current_mac_mono_analysis	singlet	0.215667737041132
GATTCAGAGGCTACGA.58	1	core_retained_singlet	mac_mono_supported	retain_for_current_mac_mono_analysis	singlet	0.146360438736899
GATTCAGAGGTGATAT.35	1	core_retained_singlet	mac_mono_supported	retain_for_current_mac_mono_analysis	singlet	0.350263406096541
GATTCAGCAGGGTACA.51	1	core_retained_singlet	mac_mono_supported	retain_for_current_mac_mono_analysis	singlet	0.355158190022784
GCAAACTAGTTACCCA.58	1	core_retained_singlet	mac_mono_supported	retain_for_current_mac_mono_analysis	singlet	0.201263095285583
GCAAACTGTCTTCAAG.29	1	core_retained_singlet	mac_mono_supported	retain_for_current_mac_mono_analysis	singlet	0.33817737703331
GCAAACTTCGGTCCGA.22	1	core_retained_singlet	mac_mono_supported	retain_for_current_mac_mono_analysis	singlet	0.319976890028927
GCAATCAAGCGCTCCA.22	1	core_retained_singlet	mac_mono_supported	retain_for_current_mac_mono_analysis	singlet	0.116784436847431
GCAATCAGTACGAAAT.6	1	core_retained_singlet	mac_mono_supported	retain_for_current_mac_mono_analysis	singlet	0.176040799518801
GCAATCATCGCGTAGC.58	1	core_retained_singlet	mac_mono_supported	retain_for_current_mac_mono_analysis	singlet	0.148492106888521
GCACATAGTACAGTTC.34	1	core_retained_singlet	mac_mono_supported	retain_for_current_mac_mono_analysis	singlet	0.210464336386332
GCACTCTGTTGATTGC.46	1	core_retained_singlet	mac_mono_supported	retain_for_current_mac_mono_analysis	singlet	0.110340392941389
GCAGCCAAGAGCTTCT.58	1	core_retained_singlet	mac_mono_supported	retain_for_current_mac_mono_analysis	singlet	0.178017192939337
GCAGCCAGTATGAAAC.34	1	core_retained_singlet	mac_mono_supported	retain_for_current_mac_mono_analysis	singlet	0.109159352465941
GCATACACAGATTGCT.22	1	core_retained_singlet	mac_mono_supported	retain_for_current_mac_mono_analysis	singlet	0.352988429400458
GCATACAGTCATGCAT.35	1	core_retained_singlet	mac_mono_supported	retain_for_current_mac_mono_analysis	singlet	0.268982974797809
GCATACAGTTGAACTC.45	1	core_retained_singlet	mac_mono_supported	retain_for_current_mac_mono_analysis	singlet	0.387196309243132
GCATACATCATACGGT.41	1	core_retained_singlet	mac_mono_supported	retain_for_current_mac_mono_analysis	singlet	0.231521976039915
GCATGATAGGTGCTAG.26	1	core_retained_singlet	mac_mono_supported	retain_for_current_mac_mono_analysis	singlet	0.114452117250562
GCATGATGTCAATGTC.52	1	core_retained_singlet	mac_mono_supported	retain_for_current_mac_mono_analysis	singlet	0.119683862490961
GCATGCGTCCGCGGTA.34	1	core_retained_singlet	mac_mono_supported	retain_for_current_mac_mono_analysis	singlet	0.125920880698028
GCATGTAAGGCCATAG.26	1	core_retained_singlet	mac_mono_supported	retain_for_current_mac_mono_analysis	singlet	0.286471107324059
GCCAAATTCCGAAGAG.22	1	core_retained_singlet	mac_mono_supported	retain_for_current_mac_mono_analysis	singlet	0.24871828904006
GCCTCTAGTGGGTATG.58	1	core_retained_singlet	mac_mono_supported	retain_for_current_mac_mono_analysis	singlet	0.234231152328014
GCGACCACAGGCTCAC.22	1	core_retained_singlet	mac_mono_supported	retain_for_current_mac_mono_analysis	singlet	0.0894588396101718
GCGACCAGTATATGAG.35	1	core_retained_singlet	mac_mono_supported	retain_for_current_mac_mono_analysis	singlet	0.266195663966382
GCGAGAAAGATCTGAA.52	1	core_retained_singlet	mac_mono_supported	retain_for_current_mac_mono_analysis	singlet	0.223293170225212
GCGCAACAGCGCCTTG.19	1	core_retained_singlet	mac_mono_supported	retain_for_current_mac_mono_analysis	singlet	0.0345000523834973
GCGCAACAGGTAGCTG.41	1	core_retained_singlet	mac_mono_supported	retain_for_current_mac_mono_analysis	singlet	0.191102190544415
GCGCAACAGTATCTCG.29	1	core_retained_singlet	mac_mono_supported	retain_for_current_mac_mono_analysis	singlet	0.294929412390155
GCGCAACTCGCACTCT.58	1	core_retained_singlet	mac_mono_supported	retain_for_current_mac_mono_analysis	singlet	0.169953794964083
GCGCAGTAGTTGTCGT.46	1	core_retained_singlet	mac_mono_supported	retain_for_current_mac_mono_analysis	singlet	0.229054825467853
GCGCAGTGTGGTCCGT.52	1	core_retained_singlet	mac_mono_supported	retain_for_current_mac_mono_analysis	singlet	0.130971731121681
GCGCAGTTCTGGAGCC.22	1	core_retained_singlet	mac_mono_supported	retain_for_current_mac_mono_analysis	singlet	0.375224678859708
GCGCAGTTCTTCTGGC.22	1	core_retained_singlet	mac_mono_supported	retain_for_current_mac_mono_analysis	singlet	0.167043724679199
GCGCCAATCAGGCAAG.41	1	core_retained_singlet	mac_mono_supported	retain_for_current_mac_mono_analysis	singlet	0.248430981106329
GCGGGTTAGTGGGCTA.52	1	core_retained_singlet	mac_mono_supported	retain_for_current_mac_mono_analysis	singlet	0.226407687436502
GCGGGTTAGTTCGCGC.22	1	core_retained_singlet	mac_mono_supported	retain_for_current_mac_mono_analysis	singlet	0.19600987949493
GCGGGTTCAAGTCTAC.22	1	core_retained_singlet	mac_mono_supported	retain_for_current_mac_mono_analysis	singlet	0.295488411110746
GCGGGTTGTGTCGCTG.22	1	core_retained_singlet	mac_mono_supported	retain_for_current_mac_mono_analysis	singlet	0.365860971328244
GCTCCTAAGAGGTACC.34	1	core_retained_singlet	mac_mono_supported	retain_for_current_mac_mono_analysis	singlet	0.32054251026389
GCTCCTACACCAGATT.26	1	core_retained_singlet	mac_mono_supported	retain_for_current_mac_mono_analysis	singlet	0.158122565419789
GCTCCTAGTTTGTGTG.52	1	core_retained_singlet	mac_mono_supported	retain_for_current_mac_mono_analysis	singlet	0.0966538324138965
GCTCCTATCGTAGGTT.22	1	core_retained_singlet	mac_mono_supported	retain_for_current_mac_mono_analysis	singlet	0.0198713457092446
GCTCCTATCTGTCCGT.60	1	core_retained_singlet	mac_mono_supported	retain_for_current_mac_mono_analysis	singlet	0.282457830586928
GCTCTGTAGGGAGTAA.58	1	core_retained_singlet	mac_mono_supported	retain_for_current_mac_mono_analysis	singlet	0.24192497446895
GCTCTGTCAGTTCCCT.46	1	core_retained_singlet	mac_mono_supported	retain_for_current_mac_mono_analysis	singlet	0.289602164893259
GCTGCAGCACGTCAGC.46	1	core_retained_singlet	mac_mono_supported	retain_for_current_mac_mono_analysis	singlet	0.217485025338833
GCTGCGAGTTGCGTTA.34	1	core_retained_singlet	mac_mono_supported	retain_for_current_mac_mono_analysis	singlet	0.395847904993264
GCTGCTTCACTGCCAG.46	1	core_retained_singlet	mac_mono_supported	retain_for_current_mac_mono_analysis	singlet	0.100126356405896
GCTGGGTCATGCCCGA.57	1	core_retained_singlet	mac_mono_supported	retain_for_current_mac_mono_analysis	singlet	0.223623406781648
GCTGGGTGTGACAAAT.16	1	core_retained_singlet	mac_mono_supported	retain_for_current_mac_mono_analysis	singlet	0.279070391442483
GCTTGAATCTGTCTAT.3	1	core_retained_singlet	mac_mono_supported	retain_for_current_mac_mono_analysis	singlet	0.203443231737871
GGAAAGCGTCCGTCAG.34	1	core_retained_singlet	mac_mono_supported	retain_for_current_mac_mono_analysis	singlet	0.108371108526678
GGAACTTGTGTTCTTT.58	1	core_retained_singlet	mac_mono_supported	retain_for_current_mac_mono_analysis	singlet	0.351700913777675
GGAACTTGTTATGTGC.58	1	core_retained_singlet	mac_mono_supported	retain_for_current_mac_mono_analysis	singlet	0.0536795194909909
GGAATAAAGTACACCT.46	1	core_retained_singlet	mac_mono_supported	retain_for_current_mac_mono_analysis	singlet	0.312698044411907
GGAATAACAGCTGCTG.34	1	core_retained_singlet	mac_mono_supported	retain_for_current_mac_mono_analysis	singlet	0.149030255387171
GGAATAAGTGCAGACA.35	1	core_retained_singlet	mac_mono_supported	retain_for_current_mac_mono_analysis	singlet	0.23056767016781
GGAATAAGTTGGACCC.46	1	core_retained_singlet	mac_mono_supported	retain_for_current_mac_mono_analysis	singlet	0.128832107544582
GGAATAATCTGGTATG.34	1	core_retained_singlet	mac_mono_supported	retain_for_current_mac_mono_analysis	singlet	0.0960954540254628
GGACAAGAGATCCCAT.22	1	core_retained_singlet	mac_mono_supported	retain_for_current_mac_mono_analysis	singlet	0.293219291921564
GGACAAGGTAAATACG.26	1	core_retained_singlet	mac_mono_supported	retain_for_current_mac_mono_analysis	singlet	0.341895918091698
GGACAAGGTCCGTCAG.35	1	core_retained_singlet	mac_mono_supported	retain_for_current_mac_mono_analysis	singlet	0.248684278794655
GGACAAGGTCTCACCT.57	1	core_retained_singlet	mac_mono_supported	retain_for_current_mac_mono_analysis	singlet	0.207161396184499
GGACAAGTCGGAGCAA.26	1	core_retained_singlet	mac_mono_supported	retain_for_current_mac_mono_analysis	singlet	0.0512636294194964
GGACGTCCAGCTGTGC.58	1	core_retained_singlet	mac_mono_supported	retain_for_current_mac_mono_analysis	singlet	0.208885447852567
GGACGTCCATCGGTTA.34	1	core_retained_singlet	mac_mono_supported	retain_for_current_mac_mono_analysis	singlet	0.0744218894629631
GGAGCAAAGTCTCCTC.40	1	core_retained_singlet	mac_mono_supported	retain_for_current_mac_mono_analysis	singlet	0.28983075601935
GGAGCAACAAGCCGTC.58	1	core_retained_singlet	mac_mono_supported	retain_for_current_mac_mono_analysis	singlet	0.0758239996525434
GGAGCAACATGAAGTA.34	1	core_retained_singlet	mac_mono_supported	retain_for_current_mac_mono_analysis	singlet	0.227500704829019
GGAGCAATCATAAAGG.34	1	core_retained_singlet	mac_mono_supported	retain_for_current_mac_mono_analysis	singlet	0.145653973947833
GGAGCAATCTTCGAGA.34	1	core_retained_singlet	mac_mono_supported	retain_for_current_mac_mono_analysis	singlet	0.185659293429517
GGATGTTAGAAGGCCT.34	1	core_retained_singlet	mac_mono_supported	retain_for_current_mac_mono_analysis	singlet	0.215586947350931
GGATTACAGTGAACAT.22	1	core_retained_singlet	mac_mono_supported	retain_for_current_mac_mono_analysis	singlet	0.0183276970554371
GGATTACTCAAGAAGT.58	1	core_retained_singlet	mac_mono_supported	retain_for_current_mac_mono_analysis	singlet	0.141867009853592
GGATTACTCCAGAAGG.22	1	core_retained_singlet	mac_mono_supported	retain_for_current_mac_mono_analysis	singlet	0.253681314487141
GGATTACTCGCCTGAG.55	1	core_retained_singlet	mac_mono_supported	retain_for_current_mac_mono_analysis	singlet	0.303239895124874
GGCAATTGTCAACATC.52	1	core_retained_singlet	mac_mono_supported	retain_for_current_mac_mono_analysis	singlet	0.102684936795284
GGCAATTGTTCAGGCC.22	1	core_retained_singlet	mac_mono_supported	retain_for_current_mac_mono_analysis	singlet	0.39512138975006
GGCAATTTCTCGGACG.52	1	core_retained_singlet	mac_mono_supported	retain_for_current_mac_mono_analysis	singlet	0.274296668177378
GGCAATTTCTTGAGGT.51	1	core_retained_singlet	mac_mono_supported	retain_for_current_mac_mono_analysis	singlet	0.236169060793754
GGCCGATAGTAGTGCG.46	1	core_retained_singlet	mac_mono_supported	retain_for_current_mac_mono_analysis	singlet	0.266503236577887
GGCCGATGTGATGATA.34	1	core_retained_singlet	mac_mono_supported	retain_for_current_mac_mono_analysis	singlet	0.110044639322596
GGCGACTAGATATACG.22	1	core_retained_singlet	mac_mono_supported	retain_for_current_mac_mono_analysis	singlet	0.320661049437163
GGCGACTTCCAGAAGG.58	1	core_retained_singlet	mac_mono_supported	retain_for_current_mac_mono_analysis	singlet	0.176894160675523
GGCGTGTAGCGTAATA.22	1	core_retained_singlet	mac_mono_supported	retain_for_current_mac_mono_analysis	singlet	0.036961378024379
GGCGTGTCAGGGTTAG.34	1	core_retained_singlet	mac_mono_supported	retain_for_current_mac_mono_analysis	singlet	0.382705028419987
GGCTCGATCATCTGCC.58	1	core_retained_singlet	mac_mono_supported	retain_for_current_mac_mono_analysis	singlet	0.329819267719186
GGCTGGTCAGCGAACA.56	1	core_retained_singlet	mac_mono_supported	retain_for_current_mac_mono_analysis	singlet	0.220201137835665
GGGAATGAGGTTCCTA.26	1	core_retained_singlet	mac_mono_supported	retain_for_current_mac_mono_analysis	singlet	0.341383554622731
GGGAATGTCAGGCAAG.32	1	core_retained_singlet	mac_mono_supported	retain_for_current_mac_mono_analysis	singlet	0.288423871216106
GGGAATGTCGAATGCT.25	1	core_retained_singlet	mac_mono_supported	retain_for_current_mac_mono_analysis	singlet	0.251663132342897
GGGACCTCAATAGCAA.16	1	core_retained_singlet	mac_mono_supported	retain_for_current_mac_mono_analysis	singlet	0.322419936426076
GGGACCTTCAGCGACC.46	1	core_retained_singlet	mac_mono_supported	retain_for_current_mac_mono_analysis	singlet	0.116493544459731
GGGAGATAGGTGCACA.35	1	core_retained_singlet	mac_mono_supported	retain_for_current_mac_mono_analysis	singlet	0.37167654367696
GGGAGATGTCTAGGTT.55	1	core_retained_singlet	mac_mono_supported	retain_for_current_mac_mono_analysis	singlet	0.102237132556568
GGGAGATTCAACGGGA.22	1	core_retained_singlet	mac_mono_supported	retain_for_current_mac_mono_analysis	singlet	0.0756539649101873
GGGAGATTCAGTTCGA.46	1	core_retained_singlet	mac_mono_supported	retain_for_current_mac_mono_analysis	singlet	0.198521350684505
GGGATGACATACGCCG.57	1	core_retained_singlet	mac_mono_supported	retain_for_current_mac_mono_analysis	singlet	0.239290862020701
GGGATGATCCAAAGTC.52	1	core_retained_singlet	mac_mono_supported	retain_for_current_mac_mono_analysis	singlet	0.147627459968074
GGGATGATCGGATGTT.58	1	core_retained_singlet	mac_mono_supported	retain_for_current_mac_mono_analysis	singlet	0.0776819398707756
GGGCACTCAGCTGCTG.52	1	core_retained_singlet	mac_mono_supported	retain_for_current_mac_mono_analysis	singlet	0.192933232443762
GGGCACTGTAAGTGGC.46	1	core_retained_singlet	mac_mono_supported	retain_for_current_mac_mono_analysis	singlet	0.138110097206549
GGGCACTTCATAACCG.57	1	core_retained_singlet	mac_mono_supported	retain_for_current_mac_mono_analysis	singlet	0.174661642525674
GGGTCTGAGTCAAGGC.34	1	core_retained_singlet	mac_mono_supported	retain_for_current_mac_mono_analysis	singlet	0.0737491184588653
GGGTCTGGTATGAAAC.52	1	core_retained_singlet	mac_mono_supported	retain_for_current_mac_mono_analysis	singlet	0.186254776654733
GGGTTGCTCAAGAAGT.46	1	core_retained_singlet	mac_mono_supported	retain_for_current_mac_mono_analysis	singlet	0.205122050813371
GGTATTGGTAAAGTCA.26	1	core_retained_singlet	mac_mono_supported	retain_for_current_mac_mono_analysis	singlet	0.170125370410182
GGTATTGTCATCACCC.34	1	core_retained_singlet	mac_mono_supported	retain_for_current_mac_mono_analysis	singlet	0.336616508633808
GGTGAAGGTGTGGTTT.55	1	core_retained_singlet	mac_mono_supported	retain_for_current_mac_mono_analysis	singlet	0.172516367431859
GGTGAAGGTTACCGAT.52	1	core_retained_singlet	mac_mono_supported	retain_for_current_mac_mono_analysis	singlet	0.115063770786793
GGTGCGTAGATACACA.22	1	core_retained_singlet	mac_mono_supported	retain_for_current_mac_mono_analysis	singlet	0.274382050406749
GGTGCGTAGTTATCGC.57	1	core_retained_singlet	mac_mono_supported	retain_for_current_mac_mono_analysis	singlet	0.173620034738964
GGTGCGTTCAAGAAGT.22	1	core_retained_singlet	mac_mono_supported	retain_for_current_mac_mono_analysis	singlet	0.160745744741583
GGTGCGTTCTGGAGCC.22	1	core_retained_singlet	mac_mono_supported	retain_for_current_mac_mono_analysis	singlet	0.207926956732503
GGTGCGTTCTTTACAC.22	1	core_retained_singlet	mac_mono_supported	retain_for_current_mac_mono_analysis	singlet	0.05694002151091
GGTGTTACACGAAATA.46	1	core_retained_singlet	mac_mono_supported	retain_for_current_mac_mono_analysis	singlet	0.276691764426803
GGTGTTATCTTTCCTC.41	1	core_retained_singlet	mac_mono_supported	retain_for_current_mac_mono_analysis	singlet	0.144557736623905
GTAACGTAGTACATGA.54	1	core_retained_singlet	mac_mono_supported	retain_for_current_mac_mono_analysis	singlet	0.260089509007362
GTAACGTGTGTTCTTT.52	1	core_retained_singlet	mac_mono_supported	retain_for_current_mac_mono_analysis	singlet	0.22295300261115
GTAACGTTCGTTACAG.34	1	core_retained_singlet	mac_mono_supported	retain_for_current_mac_mono_analysis	singlet	0.151720119737422
GTAACTGGTAAGTTCC.25	1	core_retained_singlet	mac_mono_supported	retain_for_current_mac_mono_analysis	singlet	0.143994271334128
GTACGTACACGCATCG.46	1	core_retained_singlet	mac_mono_supported	retain_for_current_mac_mono_analysis	singlet	0.10994523626984
GTACTCCCACTGAAGG.52	1	core_retained_singlet	mac_mono_supported	retain_for_current_mac_mono_analysis	singlet	0.1733100971821
GTACTCCTCGATAGAA.58	1	core_retained_singlet	mac_mono_supported	retain_for_current_mac_mono_analysis	singlet	0.396865690338351
GTACTTTAGGCATGTG.22	1	core_retained_singlet	mac_mono_supported	retain_for_current_mac_mono_analysis	singlet	0.00574443340080487
GTACTTTAGGGTCGAT.22	1	core_retained_singlet	mac_mono_supported	retain_for_current_mac_mono_analysis	singlet	0.266764244405688
GTAGGCCCACCGAATT.49	1	core_retained_singlet	mac_mono_supported	retain_for_current_mac_mono_analysis	singlet	0.248761078963857
GTAGGCCCATCCAACA.22	1	core_retained_singlet	mac_mono_supported	retain_for_current_mac_mono_analysis	singlet	0.299780031297249
GTAGGCCGTAAAGTCA.52	1	core_retained_singlet	mac_mono_supported	retain_for_current_mac_mono_analysis	singlet	0.125554432144543
GTAGGCCGTGCCTGTG.58	1	core_retained_singlet	mac_mono_supported	retain_for_current_mac_mono_analysis	singlet	0.277576648818169
GTAGTCAAGGTGACCA.58	1	core_retained_singlet	mac_mono_supported	retain_for_current_mac_mono_analysis	singlet	0.133545421698464
GTAGTCATCATGTCCC.34	1	core_retained_singlet	mac_mono_supported	retain_for_current_mac_mono_analysis	singlet	0.135697778620326
GTAGTCATCGAGAACG.51	1	core_retained_singlet	mac_mono_supported	retain_for_current_mac_mono_analysis	singlet	0.325948853719369
GTAGTCATCTCGCATC.22	1	core_retained_singlet	mac_mono_supported	retain_for_current_mac_mono_analysis	singlet	0.150725858118132
GTAGTCATCTTTCCTC.35	1	core_retained_singlet	mac_mono_supported	retain_for_current_mac_mono_analysis	singlet	0.184996354529451
GTATCTTTCTTTACAC.51	1	core_retained_singlet	mac_mono_supported	retain_for_current_mac_mono_analysis	singlet	0.246452036083832
GTATTCTCACTCAGGC.57	1	core_retained_singlet	mac_mono_supported	retain_for_current_mac_mono_analysis	singlet	0.281569626319448
GTATTCTCATCCCACT.16	1	core_retained_singlet	mac_mono_supported	retain_for_current_mac_mono_analysis	singlet	0.36314892943411
GTATTCTTCAAAGACA.34	1	core_retained_singlet	mac_mono_supported	retain_for_current_mac_mono_analysis	singlet	0.17519643314128
GTCAAGTCATTCACTT.22	1	core_retained_singlet	mac_mono_supported	retain_for_current_mac_mono_analysis	singlet	0.161079740892201
GTCAAGTGTCTTCTCG.57	1	core_retained_singlet	mac_mono_supported	retain_for_current_mac_mono_analysis	singlet	0.242707332459847
GTCAAGTTCAAAGTAG.16	1	core_retained_singlet	mac_mono_supported	retain_for_current_mac_mono_analysis	singlet	0.161997113230526
GTCACAACAGGGATTG.22	1	core_retained_singlet	mac_mono_supported	retain_for_current_mac_mono_analysis	singlet	0.190650247445278
GTCACAATCAAGAAGT.41	1	core_retained_singlet	mac_mono_supported	retain_for_current_mac_mono_analysis	singlet	0.181085907712935
GTCACAATCTCGTATT.22	1	core_retained_singlet	mac_mono_supported	retain_for_current_mac_mono_analysis	singlet	0.381789826050752
GTCACGGGTCTGGAGA.22	1	core_retained_singlet	mac_mono_supported	retain_for_current_mac_mono_analysis	singlet	0.158631010555668
GTCATTTCACCGGAAA.49	1	core_retained_singlet	mac_mono_supported	retain_for_current_mac_mono_analysis	singlet	0.181651005818292
GTCCTCAAGCAGCCTC.22	1	core_retained_singlet	mac_mono_supported	retain_for_current_mac_mono_analysis	singlet	0.276798352750145
GTCCTCACATATGCTG.34	1	core_retained_singlet	mac_mono_supported	retain_for_current_mac_mono_analysis	singlet	0.136504971829255
GTCCTCAGTCTTGTCC.57	1	core_retained_singlet	mac_mono_supported	retain_for_current_mac_mono_analysis	singlet	0.348576183996522
GTCGGGTAGATGTAAC.54	1	core_retained_singlet	mac_mono_supported	retain_for_current_mac_mono_analysis	singlet	0.371774982393608
GTCGGGTTCAGCACAT.57	1	core_retained_singlet	mac_mono_supported	retain_for_current_mac_mono_analysis	singlet	0.0455298423197698
GTCGGGTTCCAAAGTC.22	1	core_retained_singlet	mac_mono_supported	retain_for_current_mac_mono_analysis	singlet	0.126309912729341
GTCGTAACACACCGAC.29	1	core_retained_singlet	mac_mono_supported	retain_for_current_mac_mono_analysis	singlet	0.380055388551922
GTCGTAAGTGCACCAC.34	1	core_retained_singlet	mac_mono_supported	retain_for_current_mac_mono_analysis	singlet	0.037785212449626
GTCTCGTAGTCTCAAC.22	1	core_retained_singlet	mac_mono_supported	retain_for_current_mac_mono_analysis	singlet	0.212380521434578
GTCTCGTGTGACCAAG.48	1	core_retained_singlet	mac_mono_supported	retain_for_current_mac_mono_analysis	singlet	0.217928129438842
GTCTCGTGTGACGGTA.22	1	core_retained_singlet	mac_mono_supported	retain_for_current_mac_mono_analysis	singlet	0.351133924168242
GTCTTCGAGACTTGAA.22	1	core_retained_singlet	mac_mono_supported	retain_for_current_mac_mono_analysis	singlet	0.333429777600798
GTCTTCGCACGGCGTT.41	1	core_retained_singlet	mac_mono_supported	retain_for_current_mac_mono_analysis	singlet	0.160441969331414
GTCTTCGCAGTAAGCG.46	1	core_retained_singlet	mac_mono_supported	retain_for_current_mac_mono_analysis	singlet	0.113091033700546
GTCTTCGCATTGGGCC.34	1	core_retained_singlet	mac_mono_supported	retain_for_current_mac_mono_analysis	singlet	0.125750836140799
GTCTTCGGTGTAATGA.58	1	core_retained_singlet	mac_mono_supported	retain_for_current_mac_mono_analysis	singlet	0.0926736171861939
GTCTTCGTCAACGAAA.58	1	core_retained_singlet	mac_mono_supported	retain_for_current_mac_mono_analysis	singlet	0.308260481191224
GTGAAGGGTCTAAAGA.46	1	core_retained_singlet	mac_mono_supported	retain_for_current_mac_mono_analysis	singlet	0.143353657741261
GTGCAGCGTACTCTCC.41	1	core_retained_singlet	mac_mono_supported	retain_for_current_mac_mono_analysis	singlet	0.388746237245248
GTGCAGCTCCACGTTC.34	1	core_retained_singlet	mac_mono_supported	retain_for_current_mac_mono_analysis	singlet	0.310030561258819
GTGCATAGTTAAAGAC.22	1	core_retained_singlet	mac_mono_supported	retain_for_current_mac_mono_analysis	singlet	0.223150268082637
GTGCGGTAGCATCATC.52	1	core_retained_singlet	mac_mono_supported	retain_for_current_mac_mono_analysis	singlet	0.189028577092972
GTGCGGTCACGGCGTT.56	1	core_retained_singlet	mac_mono_supported	retain_for_current_mac_mono_analysis	singlet	0.317441053151261
GTGCTTCAGCAGGCTA.41	1	core_retained_singlet	mac_mono_supported	retain_for_current_mac_mono_analysis	singlet	0.0788176352205661
GTGCTTCTCGTTTATC.49	1	core_retained_singlet	mac_mono_supported	retain_for_current_mac_mono_analysis	singlet	0.309739809954618
GTGCTTCTCTTGAGAC.22	1	core_retained_singlet	mac_mono_supported	retain_for_current_mac_mono_analysis	singlet	0.0781438125068495
GTGGGTCCACACCGCA.46	1	core_retained_singlet	mac_mono_supported	retain_for_current_mac_mono_analysis	singlet	0.164028868126846
GTGGGTCGTGACGGTA.22	1	core_retained_singlet	mac_mono_supported	retain_for_current_mac_mono_analysis	singlet	0.299418229666204
GTGTGCGAGTATCTCG.57	1	core_retained_singlet	mac_mono_supported	retain_for_current_mac_mono_analysis	singlet	0.342595753325462
GTGTGCGCAAGGCTCC.22	1	core_retained_singlet	mac_mono_supported	retain_for_current_mac_mono_analysis	singlet	0.0281784695042976
GTGTGCGGTTGCTCCT.34	1	core_retained_singlet	mac_mono_supported	retain_for_current_mac_mono_analysis	singlet	0.187995030615243
GTGTGCGTCCGTAGGC.51	1	core_retained_singlet	mac_mono_supported	retain_for_current_mac_mono_analysis	singlet	0.178247354230068
GTTAAGCAGTAGATGT.26	1	core_retained_singlet	mac_mono_supported	retain_for_current_mac_mono_analysis	singlet	0.128894752482727
GTTAAGCCATGGTCAT.52	1	core_retained_singlet	mac_mono_supported	retain_for_current_mac_mono_analysis	singlet	0.183894756907491
GTTAAGCGTATTACCG.22	1	core_retained_singlet	mac_mono_supported	retain_for_current_mac_mono_analysis	singlet	0.142371611951519
GTTAAGCTCGCGATCG.34	1	core_retained_singlet	mac_mono_supported	retain_for_current_mac_mono_analysis	singlet	0.255546578577769
GTTACAGCAAGCTGTT.56	1	core_retained_singlet	mac_mono_supported	retain_for_current_mac_mono_analysis	singlet	0.35384767447225
GTTACAGCACCACCAG.34	1	core_retained_singlet	mac_mono_supported	retain_for_current_mac_mono_analysis	singlet	0.106829158902706
GTTACAGGTCACAAGG.52	1	core_retained_singlet	mac_mono_supported	retain_for_current_mac_mono_analysis	singlet	0.130323217181887
GTTACAGGTGATAAAC.54	1	core_retained_singlet	mac_mono_supported	retain_for_current_mac_mono_analysis	singlet	0.358581137720856
GTTACAGTCAAGATCC.22	1	core_retained_singlet	mac_mono_supported	retain_for_current_mac_mono_analysis	singlet	0.0513578122877286
GTTACAGTCTTTCCTC.34	1	core_retained_singlet	mac_mono_supported	retain_for_current_mac_mono_analysis	singlet	0.389364198074233
GTTCGGGAGCCAACAG.52	1	core_retained_singlet	mac_mono_supported	retain_for_current_mac_mono_analysis	singlet	0.147063718217755
GTTCGGGAGTGAAGTT.52	1	core_retained_singlet	mac_mono_supported	retain_for_current_mac_mono_analysis	singlet	0.0761139241775111
GTTCGGGCAGCGATCC.57	1	core_retained_singlet	mac_mono_supported	retain_for_current_mac_mono_analysis	singlet	0.154281668589926
GTTCGGGTCTAGCACA.52	1	core_retained_singlet	mac_mono_supported	retain_for_current_mac_mono_analysis	singlet	0.128327548347835
GTTCTCGAGCTGTCTA.41	1	core_retained_singlet	mac_mono_supported	retain_for_current_mac_mono_analysis	singlet	0.291379308051989
GTTCTCGCAAGCTGGA.6	1	core_retained_singlet	mac_mono_supported	retain_for_current_mac_mono_analysis	singlet	0.214917375773542
GTTTCTAGTGGTGTAG.46	1	core_retained_singlet	mac_mono_supported	retain_for_current_mac_mono_analysis	singlet	0.101545971446365
GTTTCTATCCATGAGT.35	1	core_retained_singlet	mac_mono_supported	retain_for_current_mac_mono_analysis	singlet	0.301613616881036
GTTTCTATCGTACGGC.22	1	core_retained_singlet	mac_mono_supported	retain_for_current_mac_mono_analysis	singlet	0.210048748892264
TAAACCGGTCTAGTCA.57	1	core_retained_singlet	mac_mono_supported	retain_for_current_mac_mono_analysis	singlet	0.225533897487552
TAAGAGAAGTGCGTGA.52	1	core_retained_singlet	mac_mono_supported	retain_for_current_mac_mono_analysis	singlet	0.115602055063543
TAAGAGAAGTGGTCCC.41	1	core_retained_singlet	mac_mono_supported	retain_for_current_mac_mono_analysis	singlet	0.0106897752570316
TAAGAGAGTGATAAGT.55	1	core_retained_singlet	mac_mono_supported	retain_for_current_mac_mono_analysis	singlet	0.243696966178912
TAAGCGTAGCCAGAAC.34	1	core_retained_singlet	mac_mono_supported	retain_for_current_mac_mono_analysis	singlet	0.0609768684871032
TAAGCGTAGGGTATCG.52	1	core_retained_singlet	mac_mono_supported	retain_for_current_mac_mono_analysis	singlet	0.176668540593305
TAAGCGTAGTTAACGA.22	1	core_retained_singlet	mac_mono_supported	retain_for_current_mac_mono_analysis	singlet	0.244028749340856
TAAGTGCGTTCGTTGA.29	1	core_retained_singlet	mac_mono_supported	retain_for_current_mac_mono_analysis	singlet	0.215245919944786
TAAGTGCTCTGTACGA.49	1	core_retained_singlet	mac_mono_supported	retain_for_current_mac_mono_analysis	singlet	0.292838182859518
TACACGAAGACAGAGA.41	1	core_retained_singlet	mac_mono_supported	retain_for_current_mac_mono_analysis	singlet	0.237044211328151
TACACGAAGCGATGAC.29	1	core_retained_singlet	mac_mono_supported	retain_for_current_mac_mono_analysis	singlet	0.249877742191012
TACACGACATGCTGGC.34	1	core_retained_singlet	mac_mono_supported	retain_for_current_mac_mono_analysis	singlet	0.314929720633169
TACACGAGTCTAGGTT.35	1	core_retained_singlet	mac_mono_supported	retain_for_current_mac_mono_analysis	singlet	0.195612415227916
TACACGAGTGGGTATG.16	1	core_retained_singlet	mac_mono_supported	retain_for_current_mac_mono_analysis	singlet	0.0759533133806201
TACACGATCGGAAACG.22	1	core_retained_singlet	mac_mono_supported	retain_for_current_mac_mono_analysis	singlet	0.066176466649108
TACCTATAGCCAGGAT.22	1	core_retained_singlet	mac_mono_supported	retain_for_current_mac_mono_analysis	singlet	0.345195386583034
TACCTATAGGTGTGGT.34	1	core_retained_singlet	mac_mono_supported	retain_for_current_mac_mono_analysis	singlet	0.183086325034915
TACCTATAGTGGAGAA.52	1	core_retained_singlet	mac_mono_supported	retain_for_current_mac_mono_analysis	singlet	0.333298236645705
TACCTATCATGTCGAT.52	1	core_retained_singlet	mac_mono_supported	retain_for_current_mac_mono_analysis	singlet	0.149061457332967
TACCTATGTTGTCGCG.57	1	core_retained_singlet	mac_mono_supported	retain_for_current_mac_mono_analysis	singlet	0.186057376698673
TACCTATGTTTACTCT.10	1	core_retained_singlet	mac_mono_supported	retain_for_current_mac_mono_analysis	singlet	0.188165771077454
TACCTATGTTTACTCT.7	1	core_retained_singlet	mac_mono_supported	retain_for_current_mac_mono_analysis	singlet	0.11682277359846
TACCTTATCAGGTTCA.51	1	core_retained_singlet	mac_mono_supported	retain_for_current_mac_mono_analysis	singlet	0.366832802146161
TACGGATAGGGTGTGT.49	1	core_retained_singlet	mac_mono_supported	retain_for_current_mac_mono_analysis	singlet	0.140301390433221
TACGGATAGTTGAGAT.25	1	core_retained_singlet	mac_mono_supported	retain_for_current_mac_mono_analysis	singlet	0.188361932834145
TACGGATCAGCCTTGG.57	1	core_retained_singlet	mac_mono_supported	retain_for_current_mac_mono_analysis	singlet	0.153749450920994
TACGGATTCACCAGGC.51	1	core_retained_singlet	mac_mono_supported	retain_for_current_mac_mono_analysis	singlet	0.240440380825356
TACGGGCCAACCGCCA.34	1	core_retained_singlet	mac_mono_supported	retain_for_current_mac_mono_analysis	singlet	0.311240049039678
TACGGGCGTACCGTAT.58	1	core_retained_singlet	mac_mono_supported	retain_for_current_mac_mono_analysis	singlet	0.189827992701104
TACGGGCTCAACGAAA.54	1	core_retained_singlet	mac_mono_supported	retain_for_current_mac_mono_analysis	singlet	0.354561511438074
TACGGGCTCATCGGAT.34	1	core_retained_singlet	mac_mono_supported	retain_for_current_mac_mono_analysis	singlet	0.087422305222194
TACGGGCTCATCTGTT.41	1	core_retained_singlet	mac_mono_supported	retain_for_current_mac_mono_analysis	singlet	0.204948730734958
TACGGGCTCTCTTATG.22	1	core_retained_singlet	mac_mono_supported	retain_for_current_mac_mono_analysis	singlet	0.318995371732427
TACGGTACATGTTGAC.34	1	core_retained_singlet	mac_mono_supported	retain_for_current_mac_mono_analysis	singlet	0.366424566158519
TACGGTATCATCACCC.35	1	core_retained_singlet	mac_mono_supported	retain_for_current_mac_mono_analysis	singlet	0.294231236941297
TACTCATCAGCATGAG.34	1	core_retained_singlet	mac_mono_supported	retain_for_current_mac_mono_analysis	singlet	0.134628083367363
TACTCGCGTCGGCTCA.34	1	core_retained_singlet	mac_mono_supported	retain_for_current_mac_mono_analysis	singlet	0.187424884933775
TACTCGCTCCTCAACC.22	1	core_retained_singlet	mac_mono_supported	retain_for_current_mac_mono_analysis	singlet	0.37303216149779
TACTTGTAGATCCTGT.19	1	core_retained_singlet	mac_mono_supported	retain_for_current_mac_mono_analysis	singlet	0.255931249907136
TACTTGTAGTATCGAA.35	1	core_retained_singlet	mac_mono_supported	retain_for_current_mac_mono_analysis	singlet	0.210131345009667
TACTTGTCACCTATCC.25	1	core_retained_singlet	mac_mono_supported	retain_for_current_mac_mono_analysis	singlet	0.29892541149884
TAGACCAAGCGTTTAC.41	1	core_retained_singlet	mac_mono_supported	retain_for_current_mac_mono_analysis	singlet	0.216938056101554
TAGAGCTAGGAATTAC.29	1	core_retained_singlet	mac_mono_supported	retain_for_current_mac_mono_analysis	singlet	0.124263824484528
TAGCCGGCATGGTAGG.22	1	core_retained_singlet	mac_mono_supported	retain_for_current_mac_mono_analysis	singlet	0.207450265850907
TAGCCGGTCGAGAGCA.51	1	core_retained_singlet	mac_mono_supported	retain_for_current_mac_mono_analysis	singlet	0.312586024899912
TAGCCGGTCGATAGAA.58	1	core_retained_singlet	mac_mono_supported	retain_for_current_mac_mono_analysis	singlet	0.25896317753961
TAGGCATGTTGATTGC.52	1	core_retained_singlet	mac_mono_supported	retain_for_current_mac_mono_analysis	singlet	0.0519029399574762
TAGTGGTAGAGTCTGG.22	1	core_retained_singlet	mac_mono_supported	retain_for_current_mac_mono_analysis	singlet	0.0450828200913167
TAGTGGTTCAGTCAGT.29	1	core_retained_singlet	mac_mono_supported	retain_for_current_mac_mono_analysis	singlet	0.14785866091918
TAGTGGTTCTGAGTGT.22	1	core_retained_singlet	mac_mono_supported	retain_for_current_mac_mono_analysis	singlet	0.236217420621401
TAGTTGGCACGAGAGT.21	1	core_retained_singlet	mac_mono_supported	retain_for_current_mac_mono_analysis	singlet	0.0238734062810889
TAGTTGGCACTTCTGC.52	1	core_retained_singlet	mac_mono_supported	retain_for_current_mac_mono_analysis	singlet	0.12192029667865
TAGTTGGGTTAAGGGC.22	1	core_retained_singlet	mac_mono_supported	retain_for_current_mac_mono_analysis	singlet	0.131089386503629
TAGTTGGGTTACCGAT.22	1	core_retained_singlet	mac_mono_supported	retain_for_current_mac_mono_analysis	singlet	0.105869841822884
TAGTTGGTCCACGCAG.36	1	core_retained_singlet	mac_mono_supported	retain_for_current_mac_mono_analysis	singlet	0.361752859948542
TATCAGGCATGTAGTC.52	1	core_retained_singlet	mac_mono_supported	retain_for_current_mac_mono_analysis	singlet	0.30483448742015
TATCAGGTCAGTTGAC.55	1	core_retained_singlet	mac_mono_supported	retain_for_current_mac_mono_analysis	singlet	0.227390560140471
TATCAGGTCCCAGGTG.58	1	core_retained_singlet	mac_mono_supported	retain_for_current_mac_mono_analysis	singlet	0.166710328321047
TATCAGGTCTAGCACA.34	1	core_retained_singlet	mac_mono_supported	retain_for_current_mac_mono_analysis	singlet	0.150296151021817
TATCTCAAGCACACAG.57	1	core_retained_singlet	mac_mono_supported	retain_for_current_mac_mono_analysis	singlet	0.261704508135995
TATCTCACACTTCTGC.51	1	core_retained_singlet	mac_mono_supported	retain_for_current_mac_mono_analysis	singlet	0.255949887224588
TATCTCATCACTCTTA.40	1	core_retained_singlet	mac_mono_supported	retain_for_current_mac_mono_analysis	singlet	0.317112163026484
TATGCCCCACTGCCAG.58	1	core_retained_singlet	mac_mono_supported	retain_for_current_mac_mono_analysis	singlet	0.13024447145814
TATGCCCGTCAAACTC.58	1	core_retained_singlet	mac_mono_supported	retain_for_current_mac_mono_analysis	singlet	0.0985473753213262
TATTACCAGCCCAGCT.57	1	core_retained_singlet	mac_mono_supported	retain_for_current_mac_mono_analysis	singlet	0.15746783337965
TATTACCAGTTTGCGT.60	1	core_retained_singlet	mac_mono_supported	retain_for_current_mac_mono_analysis	singlet	0.168840991907298
TATTACCGTAGCTTGT.21	1	core_retained_singlet	mac_mono_supported	retain_for_current_mac_mono_analysis	singlet	0.0596805749443035
TATTACCTCAGGCCCA.52	1	core_retained_singlet	mac_mono_supported	retain_for_current_mac_mono_analysis	singlet	0.394086125420953
TATTACCTCGCCAGCA.55	1	core_retained_singlet	mac_mono_supported	retain_for_current_mac_mono_analysis	singlet	0.334190918182778
TCAACGACAAACCTAC.58	1	core_retained_singlet	mac_mono_supported	retain_for_current_mac_mono_analysis	singlet	0.175552691776016
TCAACGAGTTGACGTT.29	1	core_retained_singlet	mac_mono_supported	retain_for_current_mac_mono_analysis	singlet	0.181272575885233
TCAATCTAGGCTATCT.58	1	core_retained_singlet	mac_mono_supported	retain_for_current_mac_mono_analysis	singlet	0.192068083124548
TCAATCTCATTTCAGG.22	1	core_retained_singlet	mac_mono_supported	retain_for_current_mac_mono_analysis	singlet	0.13922014679385
TCAATCTTCTGTTTGT.29	1	core_retained_singlet	mac_mono_supported	retain_for_current_mac_mono_analysis	singlet	0.0674147383135419
TCACAAGGTACCGAGA.40	1	core_retained_singlet	mac_mono_supported	retain_for_current_mac_mono_analysis	singlet	0.362864612124004
TCACAAGGTCTCCATC.58	1	core_retained_singlet	mac_mono_supported	retain_for_current_mac_mono_analysis	singlet	0.235932704579902
TCACGAAGTCTAGCCG.58	1	core_retained_singlet	mac_mono_supported	retain_for_current_mac_mono_analysis	singlet	0.126929320003486
TCACGAATCGTCTGCT.52	1	core_retained_singlet	mac_mono_supported	retain_for_current_mac_mono_analysis	singlet	0.368339742718084
TCACGAATCTCCAACC.58	1	core_retained_singlet	mac_mono_supported	retain_for_current_mac_mono_analysis	singlet	0.0865153833074227
TCAGATGAGCCAACAG.34	1	core_retained_singlet	mac_mono_supported	retain_for_current_mac_mono_analysis	singlet	0.113874182016053
TCAGATGAGTAGGTGC.22	1	core_retained_singlet	mac_mono_supported	retain_for_current_mac_mono_analysis	singlet	0.246106415123643
TCAGATGAGTGACATA.41	1	core_retained_singlet	mac_mono_supported	retain_for_current_mac_mono_analysis	singlet	0.380393488974279
TCAGATGCAAATCCGT.35	1	core_retained_singlet	mac_mono_supported	retain_for_current_mac_mono_analysis	singlet	0.255308954197182
TCAGATGTCACCAGGC.29	1	core_retained_singlet	mac_mono_supported	retain_for_current_mac_mono_analysis	singlet	0.365272263503856
TCAGATGTCGCATGGC.57	1	core_retained_singlet	mac_mono_supported	retain_for_current_mac_mono_analysis	singlet	0.28960309220137
TCAGCAATCGGAAACG.22	1	core_retained_singlet	mac_mono_supported	retain_for_current_mac_mono_analysis	singlet	0.168845246752203
TCAGCTCGTCAAGCGA.41	1	core_retained_singlet	mac_mono_supported	retain_for_current_mac_mono_analysis	singlet	0.0497783949283499
TCAGGATCAAGGTTCT.54	1	core_retained_singlet	mac_mono_supported	retain_for_current_mac_mono_analysis	singlet	0.158426617977406
TCAGGATCATGTTGAC.34	1	core_retained_singlet	mac_mono_supported	retain_for_current_mac_mono_analysis	singlet	0.36196306317034
TCAGGTAGTACTTAGC.41	1	core_retained_singlet	mac_mono_supported	retain_for_current_mac_mono_analysis	singlet	0.316235963887455
TCAGGTAGTGTCGCTG.19	1	core_retained_singlet	mac_mono_supported	retain_for_current_mac_mono_analysis	singlet	0.296900122780057
TCATTACAGAGACTTA.46	1	core_retained_singlet	mac_mono_supported	retain_for_current_mac_mono_analysis	singlet	0.176719940792192
TCATTACAGGCTCTTA.58	1	core_retained_singlet	mac_mono_supported	retain_for_current_mac_mono_analysis	singlet	0.178602200469414
TCCACACGTGCGATAG.52	1	core_retained_singlet	mac_mono_supported	retain_for_current_mac_mono_analysis	singlet	0.284043632800426
TCCCGATGTAGAAAGG.57	1	core_retained_singlet	mac_mono_supported	retain_for_current_mac_mono_analysis	singlet	0.253265876602165
TCCCGATGTCTCCATC.34	1	core_retained_singlet	mac_mono_supported	retain_for_current_mac_mono_analysis	singlet	0.286673775524538
TCCCGATTCCAAACTG.22	1	core_retained_singlet	mac_mono_supported	retain_for_current_mac_mono_analysis	singlet	0.309716346567449
TCCCGATTCCCAAGTA.55	1	core_retained_singlet	mac_mono_supported	retain_for_current_mac_mono_analysis	singlet	0.126965006898153
TCGAGGCAGCGATTCT.58	1	core_retained_singlet	mac_mono_supported	retain_for_current_mac_mono_analysis	singlet	0.0774338514337664
TCGAGGCAGTACATGA.57	1	core_retained_singlet	mac_mono_supported	retain_for_current_mac_mono_analysis	singlet	0.262627076332903
TCGAGGCAGTGCGTGA.52	1	core_retained_singlet	mac_mono_supported	retain_for_current_mac_mono_analysis	singlet	0.122072273754076
TCGAGGCCAATCCAAC.41	1	core_retained_singlet	mac_mono_supported	retain_for_current_mac_mono_analysis	singlet	0.204456052132484
TCGAGGCTCCAAATGC.49	1	core_retained_singlet	mac_mono_supported	retain_for_current_mac_mono_analysis	singlet	0.307610337647432
TCGCGAGCACCTATCC.51	1	core_retained_singlet	mac_mono_supported	retain_for_current_mac_mono_analysis	singlet	0.339206258332014
TCGCGAGGTACATGTC.49	1	core_retained_singlet	mac_mono_supported	retain_for_current_mac_mono_analysis	singlet	0.0903128317790532
TCGCGTTAGTTTAGGA.22	1	core_retained_singlet	mac_mono_supported	retain_for_current_mac_mono_analysis	singlet	0.228809981859793
TCGCGTTGTTTGACTG.22	1	core_retained_singlet	mac_mono_supported	retain_for_current_mac_mono_analysis	singlet	0.361598517424323
TCGGGACCAGGTCCAC.58	1	core_retained_singlet	mac_mono_supported	retain_for_current_mac_mono_analysis	singlet	0.238306690057532
TCGGGACCATTCTTAC.26	1	core_retained_singlet	mac_mono_supported	retain_for_current_mac_mono_analysis	singlet	0.350873684602498
TCGGGACGTATTAGCC.10	1	core_retained_singlet	mac_mono_supported	retain_for_current_mac_mono_analysis	singlet	0.0611192874012219
TCGGTAATCTCGCATC.58	1	core_retained_singlet	mac_mono_supported	retain_for_current_mac_mono_analysis	singlet	0.256118653754292
TCGGTAATCTCTGAGA.22	1	core_retained_singlet	mac_mono_supported	retain_for_current_mac_mono_analysis	singlet	0.272037312457452
TCGTACCAGTCTCGGC.54	1	core_retained_singlet	mac_mono_supported	retain_for_current_mac_mono_analysis	singlet	0.323609694999962
TCGTAGACACTTAAGC.29	1	core_retained_singlet	mac_mono_supported	retain_for_current_mac_mono_analysis	singlet	0.168878420432555
TCTATTGCAAGTAGTA.58	1	core_retained_singlet	mac_mono_supported	retain_for_current_mac_mono_analysis	singlet	0.204966836283769
TCTATTGCAATTCCTT.22	1	core_retained_singlet	mac_mono_supported	retain_for_current_mac_mono_analysis	singlet	0.118353675304926
TCTCATACAAACCCAT.22	1	core_retained_singlet	mac_mono_supported	retain_for_current_mac_mono_analysis	singlet	0.156984268172026
TCTCTAAAGGGATCTG.22	1	core_retained_singlet	mac_mono_supported	retain_for_current_mac_mono_analysis	singlet	0.0830984399753845
TCTCTAACAAGCGATG.40	1	core_retained_singlet	mac_mono_supported	retain_for_current_mac_mono_analysis	singlet	0.0188961094220528
TCTCTAAGTAATTGGA.58	1	core_retained_singlet	mac_mono_supported	retain_for_current_mac_mono_analysis	singlet	0.107377694823176
TCTCTAAGTCTAAACC.52	1	core_retained_singlet	mac_mono_supported	retain_for_current_mac_mono_analysis	singlet	0.338854561461182
TCTCTAATCGACCAGC.41	1	core_retained_singlet	mac_mono_supported	retain_for_current_mac_mono_analysis	singlet	0.120697950891276
TCTCTAATCGTGTAGT.35	1	core_retained_singlet	mac_mono_supported	retain_for_current_mac_mono_analysis	singlet	0.272828111842733
TCTGAGAAGTTTGCGT.52	1	core_retained_singlet	mac_mono_supported	retain_for_current_mac_mono_analysis	singlet	0.157953260550485
TCTGAGAGTAGCTTGT.52	1	core_retained_singlet	mac_mono_supported	retain_for_current_mac_mono_analysis	singlet	0.250247754213976
TCTGAGAGTCATCCCT.22	1	core_retained_singlet	mac_mono_supported	retain_for_current_mac_mono_analysis	singlet	0.186772279560081
TCTGGAACAGCCTATA.58	1	core_retained_singlet	mac_mono_supported	retain_for_current_mac_mono_analysis	singlet	0.275652325061162
TCTGGAACAGGGTTAG.59	1	core_retained_singlet	mac_mono_supported	retain_for_current_mac_mono_analysis	singlet	0.329123391584668
TCTGGAATCACCCGAG.9	1	core_retained_singlet	mac_mono_supported	retain_for_current_mac_mono_analysis	singlet	0.336241824403993
TCTTCGGAGTGCAAGC.58	1	core_retained_singlet	mac_mono_supported	retain_for_current_mac_mono_analysis	singlet	0.22110291777073
TCTTCGGGTGATGTCT.22	1	core_retained_singlet	mac_mono_supported	retain_for_current_mac_mono_analysis	singlet	0.295961123735731
TCTTTCCAGCAGATCG.58	1	core_retained_singlet	mac_mono_supported	retain_for_current_mac_mono_analysis	singlet	0.0674068806934542
TCTTTCCCATTTGCCC.22	1	core_retained_singlet	mac_mono_supported	retain_for_current_mac_mono_analysis	singlet	0.0417014014527875
TCTTTCCTCATCATTC.34	1	core_retained_singlet	mac_mono_supported	retain_for_current_mac_mono_analysis	singlet	0.280842419945466
TGAAAGAAGACCGGAT.52	1	core_retained_singlet	mac_mono_supported	retain_for_current_mac_mono_analysis	singlet	0.114800738638516
TGAAAGAAGTCGTACT.57	1	core_retained_singlet	mac_mono_supported	retain_for_current_mac_mono_analysis	singlet	0.257717826598367
TGAAAGATCTGTACGA.22	1	core_retained_singlet	mac_mono_supported	retain_for_current_mac_mono_analysis	singlet	0.212051780594011
TGACAACCACCGGAAA.22	1	core_retained_singlet	mac_mono_supported	retain_for_current_mac_mono_analysis	singlet	0.206525758560452
TGACAACCACGTGAGA.52	1	core_retained_singlet	mac_mono_supported	retain_for_current_mac_mono_analysis	singlet	0.107880304289507
TGACAACCAGACAAGC.35	1	core_retained_singlet	mac_mono_supported	retain_for_current_mac_mono_analysis	singlet	0.197771084281738
TGACAACGTGTTCGAT.26	1	core_retained_singlet	mac_mono_supported	retain_for_current_mac_mono_analysis	singlet	0.391837376681228
TGACAACGTGTTGAGG.58	1	core_retained_singlet	mac_mono_supported	retain_for_current_mac_mono_analysis	singlet	0.0608513116058305
TGACGGCAGACCACGA.51	1	core_retained_singlet	mac_mono_supported	retain_for_current_mac_mono_analysis	singlet	0.219467724753803
TGACGGCAGCCTTGAT.41	1	core_retained_singlet	mac_mono_supported	retain_for_current_mac_mono_analysis	singlet	0.234769771347036
TGACGGCCAATGGAAT.52	1	core_retained_singlet	mac_mono_supported	retain_for_current_mac_mono_analysis	singlet	0.0684876495731499
TGACGGCCACATCCGG.52	1	core_retained_singlet	mac_mono_supported	retain_for_current_mac_mono_analysis	singlet	0.105723519324812
TGACTAGGTTCCCGAG.52	1	core_retained_singlet	mac_mono_supported	retain_for_current_mac_mono_analysis	singlet	0.0949009909383679
TGACTAGTCGTATCAG.22	1	core_retained_singlet	mac_mono_supported	retain_for_current_mac_mono_analysis	singlet	0.227033218448228
TGACTAGTCTCCTATA.34	1	core_retained_singlet	mac_mono_supported	retain_for_current_mac_mono_analysis	singlet	0.117475928885854
TGACTTTCATGTCTCC.49	1	core_retained_singlet	mac_mono_supported	retain_for_current_mac_mono_analysis	singlet	0.135497446947755
TGAGAGGCATGCTGGC.57	1	core_retained_singlet	mac_mono_supported	retain_for_current_mac_mono_analysis	singlet	0.330255188181326
TGAGCATAGCAGCCTC.26	1	core_retained_singlet	mac_mono_supported	retain_for_current_mac_mono_analysis	singlet	0.145154618455906
TGAGCATAGCTCAACT.22	1	core_retained_singlet	mac_mono_supported	retain_for_current_mac_mono_analysis	singlet	0.0384245318846678
TGAGCATAGGCTAGCA.22	1	core_retained_singlet	mac_mono_supported	retain_for_current_mac_mono_analysis	singlet	0.0457175839517678
TGAGCATCACACAGAG.58	1	core_retained_singlet	mac_mono_supported	retain_for_current_mac_mono_analysis	singlet	0.120888694177082
TGAGCATGTGGGTCAA.58	1	core_retained_singlet	mac_mono_supported	retain_for_current_mac_mono_analysis	singlet	0.172334267657102
TGAGCATTCATGCTCC.58	1	core_retained_singlet	mac_mono_supported	retain_for_current_mac_mono_analysis	singlet	0.15984303034657
TGAGCCGAGCCCAGCT.34	1	core_retained_singlet	mac_mono_supported	retain_for_current_mac_mono_analysis	singlet	0.320518431490015
TGAGCCGAGGTGACCA.22	1	core_retained_singlet	mac_mono_supported	retain_for_current_mac_mono_analysis	singlet	0.0597168751429511
TGAGCCGAGTAAGTAC.46	1	core_retained_singlet	mac_mono_supported	retain_for_current_mac_mono_analysis	singlet	0.109950392436019
TGAGCCGAGTGCAAGC.57	1	core_retained_singlet	mac_mono_supported	retain_for_current_mac_mono_analysis	singlet	0.329333379033794
TGAGCCGCAAGCTGTT.35	1	core_retained_singlet	mac_mono_supported	retain_for_current_mac_mono_analysis	singlet	0.217436768513222
TGAGCCGCATTACGAC.26	1	core_retained_singlet	mac_mono_supported	retain_for_current_mac_mono_analysis	singlet	0.187905832236169
TGAGCCGGTAGTACCT.9	1	core_retained_singlet	mac_mono_supported	retain_for_current_mac_mono_analysis	singlet	0.190316688432741
TGAGCCGGTATATGAG.52	1	core_retained_singlet	mac_mono_supported	retain_for_current_mac_mono_analysis	singlet	0.0987096908347691
TGAGCCGGTGAGTGAC.46	1	core_retained_singlet	mac_mono_supported	retain_for_current_mac_mono_analysis	singlet	0.0730571932675598
TGAGCCGTCAATCTCT.52	1	core_retained_singlet	mac_mono_supported	retain_for_current_mac_mono_analysis	singlet	0.102307233474351
TGAGGGACACGGTGTC.22	1	core_retained_singlet	mac_mono_supported	retain_for_current_mac_mono_analysis	singlet	0.098709637489784
TGAGGGAGTTATCCGA.34	1	core_retained_singlet	mac_mono_supported	retain_for_current_mac_mono_analysis	singlet	0.256074626948065
TGAGGGATCACTTACT.41	1	core_retained_singlet	mac_mono_supported	retain_for_current_mac_mono_analysis	singlet	0.193755013629317
TGAGGGATCAGAGGTG.52	1	core_retained_singlet	mac_mono_supported	retain_for_current_mac_mono_analysis	singlet	0.304301303582549
TGAGGGATCATTATCC.49	1	core_retained_singlet	mac_mono_supported	retain_for_current_mac_mono_analysis	singlet	0.384226785923146
TGAGGGATCCCGGATG.58	1	core_retained_singlet	mac_mono_supported	retain_for_current_mac_mono_analysis	singlet	0.12824231918679
TGATTTCGTTCGTTGA.52	1	core_retained_singlet	mac_mono_supported	retain_for_current_mac_mono_analysis	singlet	0.12579679720753
TGATTTCTCAACTCTT.41	1	core_retained_singlet	mac_mono_supported	retain_for_current_mac_mono_analysis	singlet	0.150940124276068
TGCACCTCACGCCAGT.22	1	core_retained_singlet	mac_mono_supported	retain_for_current_mac_mono_analysis	singlet	0.357171178698834
TGCACCTTCAACGGCC.58	1	core_retained_singlet	mac_mono_supported	retain_for_current_mac_mono_analysis	singlet	0.180709040767664
TGCCAAAGTGCCTGCA.52	1	core_retained_singlet	mac_mono_supported	retain_for_current_mac_mono_analysis	singlet	0.127546576466763
TGCCAAATCGCGTTTC.35	1	core_retained_singlet	mac_mono_supported	retain_for_current_mac_mono_analysis	singlet	0.221353986516348
TGCCAAATCGTCCAGG.58	1	core_retained_singlet	mac_mono_supported	retain_for_current_mac_mono_analysis	singlet	0.0772046991492837
TGCCCATAGGACAGCT.52	1	core_retained_singlet	mac_mono_supported	retain_for_current_mac_mono_analysis	singlet	0.30359016087736
TGCCCTACATGGGAAC.35	1	core_retained_singlet	mac_mono_supported	retain_for_current_mac_mono_analysis	singlet	0.260617734675528
TGCCCTATCACGCGGT.16	1	core_retained_singlet	mac_mono_supported	retain_for_current_mac_mono_analysis	singlet	0.325111730623857
TGCGGGTCAGGCGATA.22	1	core_retained_singlet	mac_mono_supported	retain_for_current_mac_mono_analysis	singlet	0.0301387044857362
TGCGGGTGTCGAGTTT.14	1	core_retained_singlet	mac_mono_supported	retain_for_current_mac_mono_analysis	singlet	0.309060357027922
TGCGGGTGTTCCATGA.22	1	core_retained_singlet	mac_mono_supported	retain_for_current_mac_mono_analysis	singlet	0.365473734141846
TGCGGGTTCGAGAACG.22	1	core_retained_singlet	mac_mono_supported	retain_for_current_mac_mono_analysis	singlet	0.219984920167935
TGCGTGGAGTTAACGA.50	1	core_retained_singlet	mac_mono_supported	retain_for_current_mac_mono_analysis	singlet	0.303320653104276
TGCGTGGCAATCGGTT.34	1	core_retained_singlet	mac_mono_supported	retain_for_current_mac_mono_analysis	singlet	0.201478465767432
TGCTACCCAAGGTGTG.46	1	core_retained_singlet	mac_mono_supported	retain_for_current_mac_mono_analysis	singlet	0.173555796455709
TGCTACCGTGGGTATG.22	1	core_retained_singlet	mac_mono_supported	retain_for_current_mac_mono_analysis	singlet	0.183306289538875
TGCTACCGTTCATGGT.22	1	core_retained_singlet	mac_mono_supported	retain_for_current_mac_mono_analysis	singlet	0.203469501159238
TGCTGCTAGGATATAC.34	1	core_retained_singlet	mac_mono_supported	retain_for_current_mac_mono_analysis	singlet	0.196363645276392
TGCTGCTAGGCATTGG.34	1	core_retained_singlet	mac_mono_supported	retain_for_current_mac_mono_analysis	singlet	0.162156276755735
TGCTGCTAGGCGCTCT.22	1	core_retained_singlet	mac_mono_supported	retain_for_current_mac_mono_analysis	singlet	0.20700531622518
TGCTGCTTCCTTCAAT.57	1	core_retained_singlet	mac_mono_supported	retain_for_current_mac_mono_analysis	singlet	0.246768494743234
TGGACGCAGGAATGGA.35	1	core_retained_singlet	mac_mono_supported	retain_for_current_mac_mono_analysis	singlet	0.316638545483689
TGGACGCAGGCTCTTA.58	1	core_retained_singlet	mac_mono_supported	retain_for_current_mac_mono_analysis	singlet	0.0958755631955228
TGGACGCAGTGGTAGC.35	1	core_retained_singlet	mac_mono_supported	retain_for_current_mac_mono_analysis	singlet	0.158105065662765
TGGCCAGCATCACCCT.22	1	core_retained_singlet	mac_mono_supported	retain_for_current_mac_mono_analysis	singlet	0.216275170985215
TGGCCAGTCCCTCTTT.22	1	core_retained_singlet	mac_mono_supported	retain_for_current_mac_mono_analysis	singlet	0.376117685444477
TGGCGCAGTGATGATA.58	1	core_retained_singlet	mac_mono_supported	retain_for_current_mac_mono_analysis	singlet	0.265513820616659
TGGCTGGAGCTCCTTC.5	1	core_retained_singlet	mac_mono_supported	retain_for_current_mac_mono_analysis	singlet	0.0426598807254254
TGGGAAGAGAGGTACC.46	1	core_retained_singlet	mac_mono_supported	retain_for_current_mac_mono_analysis	singlet	0.114398175010566
TGGGAAGCAAGGTGTG.22	1	core_retained_singlet	mac_mono_supported	retain_for_current_mac_mono_analysis	singlet	0.273927433225745
TGGGAAGGTCTTGCGG.34	1	core_retained_singlet	mac_mono_supported	retain_for_current_mac_mono_analysis	singlet	0.312191013020782
TGGGAAGTCCAGGGCT.57	1	core_retained_singlet	mac_mono_supported	retain_for_current_mac_mono_analysis	singlet	0.290822480995298
TGGGCGTAGCCTCGTG.22	1	core_retained_singlet	mac_mono_supported	retain_for_current_mac_mono_analysis	singlet	0.297571353463289
TGGGCGTGTTACGTCA.46	1	core_retained_singlet	mac_mono_supported	retain_for_current_mac_mono_analysis	singlet	0.267256436938231
TGGGCGTTCCTGCCAT.46	1	core_retained_singlet	mac_mono_supported	retain_for_current_mac_mono_analysis	singlet	0.165627848688914
TGGGCGTTCTTGAGAC.52	1	core_retained_singlet	mac_mono_supported	retain_for_current_mac_mono_analysis	singlet	0.29606785017626
TGGTTAGGTAGTAGTA.7	1	core_retained_singlet	mac_mono_supported	retain_for_current_mac_mono_analysis	singlet	0.396236395933847
TGGTTAGTCATGCAAC.22	1	core_retained_singlet	mac_mono_supported	retain_for_current_mac_mono_analysis	singlet	0.206988057549542
TGGTTAGTCATTATCC.55	1	core_retained_singlet	mac_mono_supported	retain_for_current_mac_mono_analysis	singlet	0.132034351282337
TGGTTCCTCCAGATCA.34	1	core_retained_singlet	mac_mono_supported	retain_for_current_mac_mono_analysis	singlet	0.175638600770907
TGTATTCCAGACAAGC.22	1	core_retained_singlet	mac_mono_supported	retain_for_current_mac_mono_analysis	singlet	0.119912521158565
TGTCCCAAGGCTCTTA.58	1	core_retained_singlet	mac_mono_supported	retain_for_current_mac_mono_analysis	singlet	0.120338148881451
TGTCCCACAAGCCGCT.29	1	core_retained_singlet	mac_mono_supported	retain_for_current_mac_mono_analysis	singlet	0.247215368677701
TGTCCCACAAGTAGTA.22	1	core_retained_singlet	mac_mono_supported	retain_for_current_mac_mono_analysis	singlet	0.289993911359651
TGTGGTACAGCCTTTC.58	1	core_retained_singlet	mac_mono_supported	retain_for_current_mac_mono_analysis	singlet	0.138112344351854
TGTGGTACATCTATGG.34	1	core_retained_singlet	mac_mono_supported	retain_for_current_mac_mono_analysis	singlet	0.131266652023729
TGTGGTAGTCGAAAGC.34	1	core_retained_singlet	mac_mono_supported	retain_for_current_mac_mono_analysis	singlet	0.225875753733048
TGTGGTAGTGTGGCTC.34	1	core_retained_singlet	mac_mono_supported	retain_for_current_mac_mono_analysis	singlet	0.156490622503636
TGTGTTTGTAAGTGTA.52	1	core_retained_singlet	mac_mono_supported	retain_for_current_mac_mono_analysis	singlet	0.0889306459632049
TGTTCCGAGTCGCCGT.55	1	core_retained_singlet	mac_mono_supported	retain_for_current_mac_mono_analysis	singlet	0.19698137061016
TTAACTCCACGAGGTA.58	1	core_retained_singlet	mac_mono_supported	retain_for_current_mac_mono_analysis	singlet	0.16272577781449
TTAACTCCATAAGACA.49	1	core_retained_singlet	mac_mono_supported	retain_for_current_mac_mono_analysis	singlet	0.125749109114603
TTAACTCCATCGATTG.58	1	core_retained_singlet	mac_mono_supported	retain_for_current_mac_mono_analysis	singlet	0.20774142113049
TTAACTCGTATTACCG.22	1	core_retained_singlet	mac_mono_supported	retain_for_current_mac_mono_analysis	singlet	0.247166076247262
TTAGGACAGCGTAGTG.58	1	core_retained_singlet	mac_mono_supported	retain_for_current_mac_mono_analysis	singlet	0.190856116809014
TTAGGACAGTCCCACG.48	1	core_retained_singlet	mac_mono_supported	retain_for_current_mac_mono_analysis	singlet	0.213241771231321
TTAGGACGTTTGACTG.52	1	core_retained_singlet	mac_mono_supported	retain_for_current_mac_mono_analysis	singlet	0.192065099109871
TTAGGACTCGTGACAT.52	1	core_retained_singlet	mac_mono_supported	retain_for_current_mac_mono_analysis	singlet	0.172244109848007
TTAGGACTCTCTAGGA.57	1	core_retained_singlet	mac_mono_supported	retain_for_current_mac_mono_analysis	singlet	0.190788189150282
TTAGGACTCTGCTTGC.34	1	core_retained_singlet	mac_mono_supported	retain_for_current_mac_mono_analysis	singlet	0.148079061698909
TTAGGCAAGGGTGTTG.58	1	core_retained_singlet	mac_mono_supported	retain_for_current_mac_mono_analysis	singlet	0.184291385734392
TTAGTTCAGCTGCAAG.52	1	core_retained_singlet	mac_mono_supported	retain_for_current_mac_mono_analysis	singlet	0.173359046346618
TTAGTTCTCTGTTTGT.49	1	core_retained_singlet	mac_mono_supported	retain_for_current_mac_mono_analysis	singlet	0.233102333255798
TTATGCTAGACTCGGA.51	1	core_retained_singlet	mac_mono_supported	retain_for_current_mac_mono_analysis	singlet	0.323370773079084
TTATGCTAGATGTAAC.52	1	core_retained_singlet	mac_mono_supported	retain_for_current_mac_mono_analysis	singlet	0.120107164833966
TTATGCTGTGACCAAG.58	1	core_retained_singlet	mac_mono_supported	retain_for_current_mac_mono_analysis	singlet	0.1950490517072
TTATGCTTCCCAGGTG.22	1	core_retained_singlet	mac_mono_supported	retain_for_current_mac_mono_analysis	singlet	0.0805272115308051
TTCCCAGCAGGCGATA.30	1	core_retained_singlet	mac_mono_supported	retain_for_current_mac_mono_analysis	singlet	0.242008723528152
TTCCCAGTCAACCAAC.34	1	core_retained_singlet	mac_mono_supported	retain_for_current_mac_mono_analysis	singlet	0.310760510055532
TTCGAAGTCTGTCAAG.52	1	core_retained_singlet	mac_mono_supported	retain_for_current_mac_mono_analysis	singlet	0.139098918118216
TTCGGTCAGCCGGTAA.46	1	core_retained_singlet	mac_mono_supported	retain_for_current_mac_mono_analysis	singlet	0.392983686495098
TTCGGTCCACCACGTG.58	1	core_retained_singlet	mac_mono_supported	retain_for_current_mac_mono_analysis	singlet	0.132397436136553
TTCGGTCGTGAGGGAG.6	1	core_retained_singlet	mac_mono_supported	retain_for_current_mac_mono_analysis	singlet	0.346850897309806
TTCGGTCTCTGGGCCA.22	1	core_retained_singlet	mac_mono_supported	retain_for_current_mac_mono_analysis	singlet	0.371969196366309
TTCTACAAGCCGATTT.41	1	core_retained_singlet	mac_mono_supported	retain_for_current_mac_mono_analysis	singlet	0.223709538824668
TTCTCAAAGATGTGGC.58	1	core_retained_singlet	mac_mono_supported	retain_for_current_mac_mono_analysis	singlet	0.138487174766178
TTCTCAACAGGTGGAT.22	1	core_retained_singlet	mac_mono_supported	retain_for_current_mac_mono_analysis	singlet	0.263994155332589
TTCTCAACATCACGTA.58	1	core_retained_singlet	mac_mono_supported	retain_for_current_mac_mono_analysis	singlet	0.141999415500656
TTCTCAACATCGATTG.16	1	core_retained_singlet	mac_mono_supported	retain_for_current_mac_mono_analysis	singlet	0.348166230299449
TTCTCAAGTAAATGTG.34	1	core_retained_singlet	mac_mono_supported	retain_for_current_mac_mono_analysis	singlet	0.230303251897291
TTCTCAAGTATAATGG.22	1	core_retained_singlet	mac_mono_supported	retain_for_current_mac_mono_analysis	singlet	0.0375053484427308
TTCTCCTGTTCAGGCC.57	1	core_retained_singlet	mac_mono_supported	retain_for_current_mac_mono_analysis	singlet	0.17477567702019
TTCTCCTTCATAAAGG.52	1	core_retained_singlet	mac_mono_supported	retain_for_current_mac_mono_analysis	singlet	0.186655795579423
TTCTTAGCAATGACCT.22	1	core_retained_singlet	mac_mono_supported	retain_for_current_mac_mono_analysis	singlet	0.206775638278015
TTCTTAGCAGACAAGC.57	1	core_retained_singlet	mac_mono_supported	retain_for_current_mac_mono_analysis	singlet	0.233289948147994
TTCTTAGGTGACCAAG.57	1	core_retained_singlet	mac_mono_supported	retain_for_current_mac_mono_analysis	singlet	0.324800637519786
TTGAACGAGGCTATCT.22	1	core_retained_singlet	mac_mono_supported	retain_for_current_mac_mono_analysis	singlet	0.0255041331135743
TTGAACGTCACAACGT.41	1	core_retained_singlet	mac_mono_supported	retain_for_current_mac_mono_analysis	singlet	0.0388523335141585
TTGACTTCATGGTCTA.22	1	core_retained_singlet	mac_mono_supported	retain_for_current_mac_mono_analysis	singlet	0.294697025552695
TTGACTTGTACCGCTG.52	1	core_retained_singlet	mac_mono_supported	retain_for_current_mac_mono_analysis	singlet	0.238629769407319
TTGACTTTCAGGATCT.46	1	core_retained_singlet	mac_mono_supported	retain_for_current_mac_mono_analysis	singlet	0.305330041731136
TTGCCGTAGATCTGCT.41	1	core_retained_singlet	mac_mono_supported	retain_for_current_mac_mono_analysis	singlet	0.318028141252285
TTGCCGTAGCGAGAAA.58	1	core_retained_singlet	mac_mono_supported	retain_for_current_mac_mono_analysis	singlet	0.281609521723151
TTGCCGTTCGCTTAGA.22	1	core_retained_singlet	mac_mono_supported	retain_for_current_mac_mono_analysis	singlet	0.0463064443382763
TTGCGTCAGAGGGCTT.58	1	core_retained_singlet	mac_mono_supported	retain_for_current_mac_mono_analysis	singlet	0.262809300023256
TTGCGTCAGGCGACAT.58	1	core_retained_singlet	mac_mono_supported	retain_for_current_mac_mono_analysis	singlet	0.0667132182311052
TTGGAACAGGAATTAC.58	1	core_retained_singlet	mac_mono_supported	retain_for_current_mac_mono_analysis	singlet	0.384653501278882
TTGGAACAGGGTTTCT.57	1	core_retained_singlet	mac_mono_supported	retain_for_current_mac_mono_analysis	singlet	0.298525557056563
TTGGAACTCGCGTTTC.58	1	core_retained_singlet	mac_mono_supported	retain_for_current_mac_mono_analysis	singlet	0.107316168227436
TTGGAACTCTTCATGT.58	1	core_retained_singlet	mac_mono_supported	retain_for_current_mac_mono_analysis	singlet	0.143133490349517
TTGTAGGCAAAGGAAG.29	1	core_retained_singlet	mac_mono_supported	retain_for_current_mac_mono_analysis	singlet	0.378388032077516
TTTACTGAGACTAGAT.57	1	core_retained_singlet	mac_mono_supported	retain_for_current_mac_mono_analysis	singlet	0.143006768316764
TTTACTGGTGACGCCT.25	1	core_retained_singlet	mac_mono_supported	retain_for_current_mac_mono_analysis	singlet	0.208053582990621
TTTACTGTCCACTGGG.52	1	core_retained_singlet	mac_mono_supported	retain_for_current_mac_mono_analysis	singlet	0.0903757395331674
TTTACTGTCCCAGGTG.22	1	core_retained_singlet	mac_mono_supported	retain_for_current_mac_mono_analysis	singlet	0.223677998973781
TTTACTGTCTAACTTC.57	1	core_retained_singlet	mac_mono_supported	retain_for_current_mac_mono_analysis	singlet	0.250789097576323
TTTATGCAGGCCCGTT.49	1	core_retained_singlet	mac_mono_supported	retain_for_current_mac_mono_analysis	singlet	0.334722994222872
TTTATGCTCAAACAAG.58	1	core_retained_singlet	mac_mono_supported	retain_for_current_mac_mono_analysis	singlet	0.124020224729965
TTTATGCTCTGATTCT.51	1	core_retained_singlet	mac_mono_supported	retain_for_current_mac_mono_analysis	singlet	0.320800911292252
TTTCCTCAGGCATTGG.57	1	core_retained_singlet	mac_mono_supported	retain_for_current_mac_mono_analysis	singlet	0.386483259719377
TTTGCGCAGAGTTGGC.57	1	core_retained_singlet	mac_mono_supported	retain_for_current_mac_mono_analysis	singlet	0.260812752807724
TTTGCGCAGGGATACC.52	1	core_retained_singlet	mac_mono_supported	retain_for_current_mac_mono_analysis	singlet	0.28566386342483
TTTGCGCGTACTTCTT.52	1	core_retained_singlet	mac_mono_supported	retain_for_current_mac_mono_analysis	singlet	0.142791327141481
TTTGCGCGTCGTGGCT.58	1	core_retained_singlet	mac_mono_supported	retain_for_current_mac_mono_analysis	singlet	0.214785555973724
TTTGCGCTCCATGAGT.58	1	core_retained_singlet	mac_mono_supported	retain_for_current_mac_mono_analysis	singlet	0.169680621406009
TTTGCGCTCGAATGCT.35	1	core_retained_singlet	mac_mono_supported	retain_for_current_mac_mono_analysis	singlet	0.395384206614305
TTTGGTTTCCTACAGA.22	1	core_retained_singlet	mac_mono_supported	retain_for_current_mac_mono_analysis	singlet	0.360080268410969
TTTGTCACACATGACT.52	1	core_retained_singlet	mac_mono_supported	retain_for_current_mac_mono_analysis	singlet	0.115739734181492
TTTGTCATCTGCTGTC.22	1	core_retained_singlet	mac_mono_supported	retain_for_current_mac_mono_analysis	singlet	0.0141128078354688
AAACCTGCAGACAGGT.49	5	core_retained_singlet	mac_mono_supported	retain_for_current_mac_mono_analysis	singlet	0.0247882728945845
AAACGGGAGCAATCTC.42	5	core_retained_singlet	mac_mono_supported	retain_for_current_mac_mono_analysis	singlet	0.122082962094992
AAACGGGGTCTAAAGA.28	5	core_retained_singlet	mac_mono_supported	retain_for_current_mac_mono_analysis	singlet	0.259928048346866
AAACGGGGTTCAGCGC.59	5	core_retained_singlet	mac_mono_supported	retain_for_current_mac_mono_analysis	singlet	0.20280239956148
AAACGGGGTTCCACGG.28	5	core_retained_singlet	mac_mono_supported	retain_for_current_mac_mono_analysis	singlet	0.288727510577753
AAACGGGGTTCCCTTG.26	5	core_retained_singlet	mac_mono_supported	retain_for_current_mac_mono_analysis	singlet	0.0279709330468145
AAACGGGGTTCGTTGA.28	5	core_retained_singlet	mac_mono_supported	retain_for_current_mac_mono_analysis	singlet	0.124914416310203
AAAGATGAGTGTCCCG.29	5	core_retained_singlet	mac_mono_supported	retain_for_current_mac_mono_analysis	singlet	0.331697587307491
AAAGCAAGTATTCTCT.28	5	core_retained_singlet	mac_mono_supported	retain_for_current_mac_mono_analysis	singlet	0.0485142335850786
AAAGTAGCAAGTAATG.29	5	core_retained_singlet	mac_mono_supported	retain_for_current_mac_mono_analysis	singlet	0.395687875472709
AAAGTAGCAATGGTCT.49	5	core_retained_singlet	mac_mono_supported	retain_for_current_mac_mono_analysis	singlet	0.0788875572316908
AAATGCCCATCGGACC.28	5	core_retained_singlet	mac_mono_supported	retain_for_current_mac_mono_analysis	singlet	0.171271339274477
AACACGTCAATCTGCA.25	5	core_retained_singlet	mac_mono_supported	retain_for_current_mac_mono_analysis	singlet	0.279721743132149
AACACGTCATCTGGTA.28	5	core_retained_singlet	mac_mono_supported	retain_for_current_mac_mono_analysis	singlet	0.192752853078188
AACACGTGTGAGGGTT.49	5	core_retained_singlet	mac_mono_supported	retain_for_current_mac_mono_analysis	singlet	0.208897997802787
AACCATGAGAAGAAGC.50	5	core_retained_singlet	mac_mono_supported	retain_for_current_mac_mono_analysis	singlet	0.230305202180885
AACCATGAGGTAGCCA.49	5	core_retained_singlet	mac_mono_supported	retain_for_current_mac_mono_analysis	singlet	0.0873168054612035
AACCGCGAGCGCCTCA.20	5	core_retained_singlet	mac_mono_supported	retain_for_current_mac_mono_analysis	singlet	0.197707679161293
AACCGCGAGTCTCAAC.19	5	core_retained_singlet	mac_mono_supported	retain_for_current_mac_mono_analysis	singlet	0.0966660166552789
AACCGCGCATCGACGC.29	5	core_retained_singlet	mac_mono_supported	retain_for_current_mac_mono_analysis	singlet	0.118135287980384
AACCGCGGTTCCCGAG.30	5	core_retained_singlet	mac_mono_supported	retain_for_current_mac_mono_analysis	singlet	0.125346908860521
AACCGCGTCGGATGTT.34	5	core_retained_singlet	mac_mono_supported	retain_for_current_mac_mono_analysis	singlet	0.20317742237194
AACGTTGAGACGACGT.55	5	core_retained_singlet	mac_mono_supported	retain_for_current_mac_mono_analysis	singlet	0.242445101837774
AACGTTGAGTTCGATC.49	5	core_retained_singlet	mac_mono_supported	retain_for_current_mac_mono_analysis	singlet	0.0142754477130622
AACGTTGCAATCACAC.56	5	core_retained_singlet	mac_mono_supported	retain_for_current_mac_mono_analysis	singlet	0.265600443071
AACTCAGCATTCGACA.29	5	core_retained_singlet	mac_mono_supported	retain_for_current_mac_mono_analysis	singlet	0.319797375770139
AACTCAGGTGAGGGAG.29	5	core_retained_singlet	mac_mono_supported	retain_for_current_mac_mono_analysis	singlet	0.240610027691728
AACTGGTCACCACCAG.24	5	core_retained_singlet	mac_mono_supported	retain_for_current_mac_mono_analysis	singlet	0.181878088769111
AACTTTCGTCCAGTGC.28	5	core_retained_singlet	mac_mono_supported	retain_for_current_mac_mono_analysis	singlet	0.268032967037786
AACTTTCTCAGGCCCA.22	5	core_retained_singlet	mac_mono_supported	retain_for_current_mac_mono_analysis	singlet	0.274587260488828
AACTTTCTCTAACGGT.29	5	core_retained_singlet	mac_mono_supported	retain_for_current_mac_mono_analysis	singlet	0.357409235810463
AAGACCTCAGTCCTTC.55	5	core_retained_singlet	mac_mono_supported	retain_for_current_mac_mono_analysis	singlet	0.0106937844785051
AAGACCTTCAAGAAGT.59	5	core_retained_singlet	mac_mono_supported	retain_for_current_mac_mono_analysis	singlet	0.251113915303578
AAGCCGCAGATGTCGG.28	5	core_retained_singlet	mac_mono_supported	retain_for_current_mac_mono_analysis	singlet	0.322422784894196
AAGGAGCAGATCGGGT.29	5	core_retained_singlet	mac_mono_supported	retain_for_current_mac_mono_analysis	singlet	0.284452862969488
AAGGAGCTCTTCATGT.28	5	core_retained_singlet	mac_mono_supported	retain_for_current_mac_mono_analysis	singlet	0.219443721156562
AAGGCAGCAAAGCGGT.28	5	core_retained_singlet	mac_mono_supported	retain_for_current_mac_mono_analysis	singlet	0.229973496033588
AAGGCAGGTGATGATA.24	5	core_retained_singlet	mac_mono_supported	retain_for_current_mac_mono_analysis	singlet	0.0151551398564337
AAGGCAGTCAGAGGTG.55	5	core_retained_singlet	mac_mono_supported	retain_for_current_mac_mono_analysis	singlet	0.0515302094360658
AAGGCAGTCCTAGTGA.28	5	core_retained_singlet	mac_mono_supported	retain_for_current_mac_mono_analysis	singlet	0.0376989643762673
AAGGTTCGTATAGGGC.24	5	core_retained_singlet	mac_mono_supported	retain_for_current_mac_mono_analysis	singlet	0.182169899207202
AAGGTTCGTCTTGCGG.28	5	core_retained_singlet	mac_mono_supported	retain_for_current_mac_mono_analysis	singlet	0.23875254660453
AAGTCTGCAGCTGCTG.25	5	core_retained_singlet	mac_mono_supported	retain_for_current_mac_mono_analysis	singlet	0.0868206221609844
AATCCAGAGCGGATCA.3	5	core_retained_singlet	mac_mono_supported	retain_for_current_mac_mono_analysis	singlet	0.0301532070316094
AATCGGTCAAGAGTCG.54	5	core_retained_singlet	mac_mono_supported	retain_for_current_mac_mono_analysis	singlet	0.313225119694458
AATCGGTCACGAAACG.24	5	core_retained_singlet	mac_mono_supported	retain_for_current_mac_mono_analysis	singlet	0.075590793334017
ACACCAAGTGAGGGTT.26	5	core_retained_singlet	mac_mono_supported	retain_for_current_mac_mono_analysis	singlet	0.306595398935368
ACACCAAGTGGTTTCA.26	5	core_retained_singlet	mac_mono_supported	retain_for_current_mac_mono_analysis	singlet	0.348265996881326
ACACCAAGTTAGGGTG.16	5	core_retained_singlet	mac_mono_supported	retain_for_current_mac_mono_analysis	singlet	0.334641959807996
ACACCGGCACGGCCAT.49	5	core_retained_singlet	mac_mono_supported	retain_for_current_mac_mono_analysis	singlet	0.251253383619517
ACACCGGGTTACGCGC.40	5	core_retained_singlet	mac_mono_supported	retain_for_current_mac_mono_analysis	singlet	0.393846922254634
ACACCGGTCCTTCAAT.29	5	core_retained_singlet	mac_mono_supported	retain_for_current_mac_mono_analysis	singlet	0.278382367480199
ACACTGACATCCGTGG.25	5	core_retained_singlet	mac_mono_supported	retain_for_current_mac_mono_analysis	singlet	0.136222713354034
ACACTGATCACAATGC.24	5	core_retained_singlet	mac_mono_supported	retain_for_current_mac_mono_analysis	singlet	0.265247948922988
ACACTGATCATAACCG.29	5	core_retained_singlet	mac_mono_supported	retain_for_current_mac_mono_analysis	singlet	0.215080864926844
ACAGCCGAGATGTGGC.58	5	core_retained_singlet	mac_mono_supported	retain_for_current_mac_mono_analysis	singlet	0.100983788976606
ACAGCCGGTCAAGCGA.38	5	core_retained_singlet	mac_mono_supported	retain_for_current_mac_mono_analysis	singlet	0.0316994102626878
ACAGCCGGTCCGAATT.26	5	core_retained_singlet	mac_mono_supported	retain_for_current_mac_mono_analysis	singlet	0.368800222478708
ACAGCTAGTGACCAAG.42	5	core_retained_singlet	mac_mono_supported	retain_for_current_mac_mono_analysis	singlet	0.104753729648661
ACATACGAGGATATAC.24	5	core_retained_singlet	mac_mono_supported	retain_for_current_mac_mono_analysis	singlet	0.225456645195331
ACATACGGTTTGACTG.58	5	core_retained_singlet	mac_mono_supported	retain_for_current_mac_mono_analysis	singlet	0.0264989090979653
ACATACGTCCTAGAAC.24	5	core_retained_singlet	mac_mono_supported	retain_for_current_mac_mono_analysis	singlet	0.0369369685753634
ACATGGTGTTAAGAAC.39	5	core_retained_singlet	mac_mono_supported	retain_for_current_mac_mono_analysis	singlet	0.125150670976999
ACCAGTAGTCATATGC.28	5	core_retained_singlet	mac_mono_supported	retain_for_current_mac_mono_analysis	singlet	0.261513123572246
ACCAGTAGTTAAGAAC.56	5	core_retained_singlet	mac_mono_supported	retain_for_current_mac_mono_analysis	singlet	0.160186968844944
ACCCACTAGATCTGAA.49	5	core_retained_singlet	mac_mono_supported	retain_for_current_mac_mono_analysis	singlet	0.152309441829184
ACCCACTAGGGTCGAT.24	5	core_retained_singlet	mac_mono_supported	retain_for_current_mac_mono_analysis	singlet	0.165619456079284
ACCGTAACACCACGTG.55	5	core_retained_singlet	mac_mono_supported	retain_for_current_mac_mono_analysis	singlet	0.368001344215914
ACCGTAACACTTACGA.36	5	core_retained_singlet	mac_mono_supported	retain_for_current_mac_mono_analysis	singlet	0.0905767793637332
ACCGTAAGTTATTCTC.41	5	core_retained_singlet	mac_mono_supported	retain_for_current_mac_mono_analysis	singlet	0.358055405662928
ACCGTAATCACCATAG.30	5	core_retained_singlet	mac_mono_supported	retain_for_current_mac_mono_analysis	singlet	0.205962764705219
ACCGTAATCCAAGCCG.25	5	core_retained_singlet	mac_mono_supported	retain_for_current_mac_mono_analysis	singlet	0.24800334979556
ACCTTTACAAAGGCGT.33	5	core_retained_singlet	mac_mono_supported	retain_for_current_mac_mono_analysis	singlet	0.187306245599646
ACCTTTACACCTCGTT.26	5	core_retained_singlet	mac_mono_supported	retain_for_current_mac_mono_analysis	singlet	0.250247476399715
ACGAGGATCTGACCTC.25	5	core_retained_singlet	mac_mono_supported	retain_for_current_mac_mono_analysis	singlet	0.0321144765418316
ACGAGGATCTGCGGCA.29	5	core_retained_singlet	mac_mono_supported	retain_for_current_mac_mono_analysis	singlet	0.0872422225046711
ACGAGGATCTTGTACT.25	5	core_retained_singlet	mac_mono_supported	retain_for_current_mac_mono_analysis	singlet	0.350136425895145
ACGATACAGACGCAAC.24	5	core_retained_singlet	mac_mono_supported	retain_for_current_mac_mono_analysis	singlet	0.0887305998795247
ACGATACCAACGATGG.25	5	core_retained_singlet	mac_mono_supported	retain_for_current_mac_mono_analysis	singlet	0.171295843626546
ACGATACTCAACGCTA.24	5	core_retained_singlet	mac_mono_supported	retain_for_current_mac_mono_analysis	singlet	0.0550284223973591
ACGATACTCGTTTATC.49	5	core_retained_singlet	mac_mono_supported	retain_for_current_mac_mono_analysis	singlet	0.084057377617114
ACGATGTAGAAGGGTA.19	5	core_retained_singlet	mac_mono_supported	retain_for_current_mac_mono_analysis	singlet	0.246715687492379
ACGATGTAGTTTCCTT.49	5	core_retained_singlet	mac_mono_supported	retain_for_current_mac_mono_analysis	singlet	0.210005711873558
ACGATGTCAGTATAAG.54	5	core_retained_singlet	mac_mono_supported	retain_for_current_mac_mono_analysis	singlet	0.30097400976788
ACGATGTGTGTTTGTG.33	5	core_retained_singlet	mac_mono_supported	retain_for_current_mac_mono_analysis	singlet	0.215071762139768
ACGCCAGTCATCTGCC.24	5	core_retained_singlet	mac_mono_supported	retain_for_current_mac_mono_analysis	singlet	0.01114744001603
ACGCCGACAAGCTGTT.48	5	core_retained_singlet	mac_mono_supported	retain_for_current_mac_mono_analysis	singlet	0.354789206002207
ACGCCGACACCGGAAA.41	5	core_retained_singlet	mac_mono_supported	retain_for_current_mac_mono_analysis	singlet	0.300699198536857
ACGGAGAAGGGATACC.35	5	core_retained_singlet	mac_mono_supported	retain_for_current_mac_mono_analysis	singlet	0.363128915450524
ACGGAGACAAGTCTGT.25	5	core_retained_singlet	mac_mono_supported	retain_for_current_mac_mono_analysis	singlet	0.390744937542717
ACGGAGACACATTTCT.49	5	core_retained_singlet	mac_mono_supported	retain_for_current_mac_mono_analysis	singlet	0.106446608341618
ACGGAGACAGGATCGA.49	5	core_retained_singlet	mac_mono_supported	retain_for_current_mac_mono_analysis	singlet	0.376564135435068
ACGGAGATCCTTGCCA.25	5	core_retained_singlet	mac_mono_supported	retain_for_current_mac_mono_analysis	singlet	0.142338200047392
ACGGGCTAGATCTGAA.29	5	core_retained_singlet	mac_mono_supported	retain_for_current_mac_mono_analysis	singlet	0.116364349775194
ACGGGCTAGTTTCCTT.60	5	core_retained_singlet	mac_mono_supported	retain_for_current_mac_mono_analysis	singlet	0.105624622291112
ACGGGCTTCCCGACTT.39	5	core_retained_singlet	mac_mono_supported	retain_for_current_mac_mono_analysis	singlet	0.216983085061419
ACGGGTCAGAGGACGG.25	5	core_retained_singlet	mac_mono_supported	retain_for_current_mac_mono_analysis	singlet	0.0720085059420633
ACGGGTCAGTAACCCT.26	5	core_retained_singlet	mac_mono_supported	retain_for_current_mac_mono_analysis	singlet	0.102609003618485
ACGGGTCCAAATCCGT.19	5	core_retained_singlet	mac_mono_supported	retain_for_current_mac_mono_analysis	singlet	0.21625368632875
ACGGGTCGTCGCGTGT.55	5	core_retained_singlet	mac_mono_supported	retain_for_current_mac_mono_analysis	singlet	0.324591179931576
ACGGGTCTCCTCCTAG.25	5	core_retained_singlet	mac_mono_supported	retain_for_current_mac_mono_analysis	singlet	0.0443415309271207
ACGTCAAGTTCATGGT.29	5	core_retained_singlet	mac_mono_supported	retain_for_current_mac_mono_analysis	singlet	0.210523786024804
ACTATCTAGACTGGGT.58	5	core_retained_singlet	mac_mono_supported	retain_for_current_mac_mono_analysis	singlet	0.282450315348789
ACTATCTTCCAGAAGG.49	5	core_retained_singlet	mac_mono_supported	retain_for_current_mac_mono_analysis	singlet	0.151171051163962
ACTGAACAGGACACCA.38	5	core_retained_singlet	mac_mono_supported	retain_for_current_mac_mono_analysis	singlet	0.185060274040327
ACTGAACTCGTTACAG.60	5	core_retained_singlet	mac_mono_supported	retain_for_current_mac_mono_analysis	singlet	0.071006113512164
ACTGAGTCAGGTCCAC.28	5	core_retained_singlet	mac_mono_supported	retain_for_current_mac_mono_analysis	singlet	0.203469953105804
ACTGAGTGTCGTGGCT.29	5	core_retained_singlet	mac_mono_supported	retain_for_current_mac_mono_analysis	singlet	0.0282719991387416
ACTGATGCAAATTGCC.28	5	core_retained_singlet	mac_mono_supported	retain_for_current_mac_mono_analysis	singlet	0.229829491562989
ACTGATGCAGCTTAAC.50	5	core_retained_singlet	mac_mono_supported	retain_for_current_mac_mono_analysis	singlet	0.362292006108712
ACTGCTCAGAAGGGTA.28	5	core_retained_singlet	mac_mono_supported	retain_for_current_mac_mono_analysis	singlet	0.29972848661183
ACTGCTCGTTCGCTAA.28	5	core_retained_singlet	mac_mono_supported	retain_for_current_mac_mono_analysis	singlet	0.205469286779584
ACTGTCCAGGAATTAC.40	5	core_retained_singlet	mac_mono_supported	retain_for_current_mac_mono_analysis	singlet	0.33612503148408
ACTTACTTCCTTCAAT.29	5	core_retained_singlet	mac_mono_supported	retain_for_current_mac_mono_analysis	singlet	0.154377110130694
ACTTGTTAGACATAAC.28	5	core_retained_singlet	mac_mono_supported	retain_for_current_mac_mono_analysis	singlet	0.202168248965973
ACTTGTTCAGTCAGAG.55	5	core_retained_singlet	mac_mono_supported	retain_for_current_mac_mono_analysis	singlet	0.247649735833565
ACTTTCAAGACGCAAC.4	5	core_retained_singlet	mac_mono_supported	retain_for_current_mac_mono_analysis	singlet	0.358981892917782
ACTTTCAAGTGTCTCA.20	5	core_retained_singlet	mac_mono_supported	retain_for_current_mac_mono_analysis	singlet	0.305037451312425
ACTTTCACAACGATGG.55	5	core_retained_singlet	mac_mono_supported	retain_for_current_mac_mono_analysis	singlet	0.336711623397587
AGAATAGGTAGCGCAA.55	5	core_retained_singlet	mac_mono_supported	retain_for_current_mac_mono_analysis	singlet	0.315125925815527
AGACGTTAGCGACGTA.55	5	core_retained_singlet	mac_mono_supported	retain_for_current_mac_mono_analysis	singlet	0.0782974326173683
AGACGTTAGGATTCGG.51	5	core_retained_singlet	mac_mono_supported	retain_for_current_mac_mono_analysis	singlet	0.325499010256677
AGACGTTCAAGCCGCT.55	5	core_retained_singlet	mac_mono_supported	retain_for_current_mac_mono_analysis	singlet	0.325394784070404
AGAGCTTGTACACCGC.25	5	core_retained_singlet	mac_mono_supported	retain_for_current_mac_mono_analysis	singlet	0.0462370522870628
AGAGCTTTCACTGGGC.25	5	core_retained_singlet	mac_mono_supported	retain_for_current_mac_mono_analysis	singlet	0.152730082246752
AGAGCTTTCTGCAGTA.28	5	core_retained_singlet	mac_mono_supported	retain_for_current_mac_mono_analysis	singlet	0.261072324363586
AGAGTGGCAAGTAATG.49	5	core_retained_singlet	mac_mono_supported	retain_for_current_mac_mono_analysis	singlet	0.20446758488538
AGAGTGGCATGCTGGC.25	5	core_retained_singlet	mac_mono_supported	retain_for_current_mac_mono_analysis	singlet	0.265575796236362
AGATCTGCATGCGCAC.30	5	core_retained_singlet	mac_mono_supported	retain_for_current_mac_mono_analysis	singlet	0.169533343742512
AGCAGCCAGATCTGCT.28	5	core_retained_singlet	mac_mono_supported	retain_for_current_mac_mono_analysis	singlet	0.332794452562209
AGCAGCCAGATCTGCT.29	5	core_retained_singlet	mac_mono_supported	retain_for_current_mac_mono_analysis	singlet	0.0350201635012864
AGCAGCCCATCACAAC.29	5	core_retained_singlet	mac_mono_supported	retain_for_current_mac_mono_analysis	singlet	0.265999612911988
AGCAGCCCATGCCTAA.29	5	core_retained_singlet	mac_mono_supported	retain_for_current_mac_mono_analysis	singlet	0.216232120390871
AGCAGCCTCGGAATCT.49	5	core_retained_singlet	mac_mono_supported	retain_for_current_mac_mono_analysis	singlet	0.209751464331403
AGCATACAGAGAGCTC.22	5	core_retained_singlet	mac_mono_supported	retain_for_current_mac_mono_analysis	singlet	0.240818742834497
AGCCTAACATTCCTGC.19	5	core_retained_singlet	mac_mono_supported	retain_for_current_mac_mono_analysis	singlet	0.0593133225626938
AGCGTATGTTCCATGA.19	5	core_retained_singlet	mac_mono_supported	retain_for_current_mac_mono_analysis	singlet	0.0643754809126395
AGCTCCTAGACTACAA.19	5	core_retained_singlet	mac_mono_supported	retain_for_current_mac_mono_analysis	singlet	0.0232904548888509
AGCTCCTCATTCTTAC.19	5	core_retained_singlet	mac_mono_supported	retain_for_current_mac_mono_analysis	singlet	0.356317730045793
AGCTCCTGTAGCACGA.28	5	core_retained_singlet	mac_mono_supported	retain_for_current_mac_mono_analysis	singlet	0.156853625278473
AGCTCCTGTCGCTTTC.60	5	core_retained_singlet	mac_mono_supported	retain_for_current_mac_mono_analysis	singlet	0.284975735146924
AGCTCCTGTGCATCTA.19	5	core_retained_singlet	mac_mono_supported	retain_for_current_mac_mono_analysis	singlet	0.0534653230875927
AGCTCCTTCACCTTAT.19	5	core_retained_singlet	mac_mono_supported	retain_for_current_mac_mono_analysis	singlet	0.0348460739524747
AGCTCCTTCGGTCCGA.49	5	core_retained_singlet	mac_mono_supported	retain_for_current_mac_mono_analysis	singlet	0.11646957373975
AGCTCTCAGGCAGGTT.28	5	core_retained_singlet	mac_mono_supported	retain_for_current_mac_mono_analysis	singlet	0.217332998347381
AGCTCTCGTTATCGGT.25	5	core_retained_singlet	mac_mono_supported	retain_for_current_mac_mono_analysis	singlet	0.0392812286058837
AGCTCTCTCGATCCCT.55	5	core_retained_singlet	mac_mono_supported	retain_for_current_mac_mono_analysis	singlet	0.0551522016917466
AGCTTGAAGCGTGAGT.25	5	core_retained_singlet	mac_mono_supported	retain_for_current_mac_mono_analysis	singlet	0.339230573925831
AGGCCACAGGACGAAA.42	5	core_retained_singlet	mac_mono_supported	retain_for_current_mac_mono_analysis	singlet	0.136688929422606
AGGCCACCAATGAATG.60	5	core_retained_singlet	mac_mono_supported	retain_for_current_mac_mono_analysis	singlet	0.104737188042542
AGGGAGTGTAGATTAG.6	5	core_retained_singlet	mac_mono_supported	retain_for_current_mac_mono_analysis	singlet	0.250761273902615
AGGGAGTGTCAGAGGT.49	5	core_retained_singlet	mac_mono_supported	retain_for_current_mac_mono_analysis	singlet	0.0658754183217911
AGGGATGAGTGGACGT.59	5	core_retained_singlet	mac_mono_supported	retain_for_current_mac_mono_analysis	singlet	0.0705210037810321
AGGGATGGTCCATGAT.24	5	core_retained_singlet	mac_mono_supported	retain_for_current_mac_mono_analysis	singlet	0.0943792955936588
AGGGTGAAGTCAAGCG.29	5	core_retained_singlet	mac_mono_supported	retain_for_current_mac_mono_analysis	singlet	0.194504813637701
AGGGTGAAGTGGTAGC.49	5	core_retained_singlet	mac_mono_supported	retain_for_current_mac_mono_analysis	singlet	0.221371239085516
AGGGTGATCATAAAGG.50	5	core_retained_singlet	mac_mono_supported	retain_for_current_mac_mono_analysis	singlet	0.381569059560304
AGGTCATTCCACTGGG.28	5	core_retained_singlet	mac_mono_supported	retain_for_current_mac_mono_analysis	singlet	0.0115068339644357
AGGTCATTCTAACTGG.25	5	core_retained_singlet	mac_mono_supported	retain_for_current_mac_mono_analysis	singlet	0.157923593527972
AGGTCCGCACGAAAGC.28	5	core_retained_singlet	mac_mono_supported	retain_for_current_mac_mono_analysis	singlet	0.0806481429803599
AGTAGTCCACTGTGTA.28	5	core_retained_singlet	mac_mono_supported	retain_for_current_mac_mono_analysis	singlet	0.266449064647496
AGTCTTTAGATCCGAG.55	5	core_retained_singlet	mac_mono_supported	retain_for_current_mac_mono_analysis	singlet	0.305371255113964
AGTCTTTAGGATTCGG.26	5	core_retained_singlet	mac_mono_supported	retain_for_current_mac_mono_analysis	singlet	0.217658053907729
AGTGAGGAGAGAACAG.19	5	core_retained_singlet	mac_mono_supported	retain_for_current_mac_mono_analysis	singlet	0.0314701120504651
AGTGGGAGTTCAGGCC.24	5	core_retained_singlet	mac_mono_supported	retain_for_current_mac_mono_analysis	singlet	0.0407945193537725
AGTGGGATCATCTGCC.54	5	core_retained_singlet	mac_mono_supported	retain_for_current_mac_mono_analysis	singlet	0.0308594455973234
AGTGTCAAGAAGGTGA.58	5	core_retained_singlet	mac_mono_supported	retain_for_current_mac_mono_analysis	singlet	0.198449721295768
AGTGTCAAGACTGGGT.49	5	core_retained_singlet	mac_mono_supported	retain_for_current_mac_mono_analysis	singlet	0.0408119937779586
AGTGTCACATAGTAAG.58	5	core_retained_singlet	mac_mono_supported	retain_for_current_mac_mono_analysis	singlet	0.382903893093396
AGTGTCACATGGTCTA.49	5	core_retained_singlet	mac_mono_supported	retain_for_current_mac_mono_analysis	singlet	0.100476055130357
AGTTGGTAGATGTCGG.28	5	core_retained_singlet	mac_mono_supported	retain_for_current_mac_mono_analysis	singlet	0.359999204221648
AGTTGGTCACTTAAGC.32	5	core_retained_singlet	mac_mono_supported	retain_for_current_mac_mono_analysis	singlet	0.183490088947133
AGTTGGTCAGGTCCAC.28	5	core_retained_singlet	mac_mono_supported	retain_for_current_mac_mono_analysis	singlet	0.268697912351497
ATAACGCCAAGGACAC.29	5	core_retained_singlet	mac_mono_supported	retain_for_current_mac_mono_analysis	singlet	0.296237193287211
ATAACGCCAAGTTGTC.25	5	core_retained_singlet	mac_mono_supported	retain_for_current_mac_mono_analysis	singlet	0.0635536829163951
ATAACGCGTACCATCA.29	5	core_retained_singlet	mac_mono_supported	retain_for_current_mac_mono_analysis	singlet	0.396331211476272
ATAAGAGAGGATGGTC.25	5	core_retained_singlet	mac_mono_supported	retain_for_current_mac_mono_analysis	singlet	0.284157113075677
ATAAGAGAGGGAGTAA.55	5	core_retained_singlet	mac_mono_supported	retain_for_current_mac_mono_analysis	singlet	0.0962984060854557
ATAAGAGGTTCGCTAA.39	5	core_retained_singlet	mac_mono_supported	retain_for_current_mac_mono_analysis	singlet	0.0294988149140449
ATAAGAGTCCGTAGGC.55	5	core_retained_singlet	mac_mono_supported	retain_for_current_mac_mono_analysis	singlet	0.322445520145881
ATCACGAAGTCATCCA.49	5	core_retained_singlet	mac_mono_supported	retain_for_current_mac_mono_analysis	singlet	0.287866645563206
ATCACGAGTACCCAAT.20	5	core_retained_singlet	mac_mono_supported	retain_for_current_mac_mono_analysis	singlet	0.310803914851913
ATCATGGGTAAGTAGT.28	5	core_retained_singlet	mac_mono_supported	retain_for_current_mac_mono_analysis	singlet	0.223805121459286
ATCATGGGTGTGAAAT.29	5	core_retained_singlet	mac_mono_supported	retain_for_current_mac_mono_analysis	singlet	0.318628242683505
ATCCACCAGAATAGGG.25	5	core_retained_singlet	mac_mono_supported	retain_for_current_mac_mono_analysis	singlet	0.284772376992135
ATCCACCCACTCTGTC.28	5	core_retained_singlet	mac_mono_supported	retain_for_current_mac_mono_analysis	singlet	0.345213701737987
ATCCGAACAACGATCT.25	5	core_retained_singlet	mac_mono_supported	retain_for_current_mac_mono_analysis	singlet	0.0291875077385602
ATCCGAACACCGAATT.50	5	core_retained_singlet	mac_mono_supported	retain_for_current_mac_mono_analysis	singlet	0.330779866239497
ATCCGAAGTATGGTTC.54	5	core_retained_singlet	mac_mono_supported	retain_for_current_mac_mono_analysis	singlet	0.0487795291894982
ATCCGAATCGGAGCAA.29	5	core_retained_singlet	mac_mono_supported	retain_for_current_mac_mono_analysis	singlet	0.181306767403295
ATCGAGTGTGGTAACG.49	5	core_retained_singlet	mac_mono_supported	retain_for_current_mac_mono_analysis	singlet	0.147531008845224
ATCTACTCAAAGGAAG.28	5	core_retained_singlet	mac_mono_supported	retain_for_current_mac_mono_analysis	singlet	0.262266587648041
ATCTACTCATGCCACG.26	5	core_retained_singlet	mac_mono_supported	retain_for_current_mac_mono_analysis	singlet	0.192991224068105
ATCTACTGTCAGAGGT.49	5	core_retained_singlet	mac_mono_supported	retain_for_current_mac_mono_analysis	singlet	0.280633341947571
ATCTGCCAGACCACGA.49	5	core_retained_singlet	mac_mono_supported	retain_for_current_mac_mono_analysis	singlet	0.229651199241432
ATCTGCCGTGACGGTA.49	5	core_retained_singlet	mac_mono_supported	retain_for_current_mac_mono_analysis	singlet	0.183656108074763
ATGAGGGCACCGGAAA.28	5	core_retained_singlet	mac_mono_supported	retain_for_current_mac_mono_analysis	singlet	0.27753953978629
ATGAGGGGTCGCGGTT.55	5	core_retained_singlet	mac_mono_supported	retain_for_current_mac_mono_analysis	singlet	0.0704252920104458
ATGCGATCAAACTGCT.49	5	core_retained_singlet	mac_mono_supported	retain_for_current_mac_mono_analysis	singlet	0.142137738375044
ATGCGATTCCGTAGGC.49	5	core_retained_singlet	mac_mono_supported	retain_for_current_mac_mono_analysis	singlet	0.276964125411077
ATGGGAGCACTGTGTA.60	5	core_retained_singlet	mac_mono_supported	retain_for_current_mac_mono_analysis	singlet	0.0339315128905781
ATGGGAGCATCGATTG.25	5	core_retained_singlet	mac_mono_supported	retain_for_current_mac_mono_analysis	singlet	0.0970043150739409
ATGGGAGGTGCTTCTC.49	5	core_retained_singlet	mac_mono_supported	retain_for_current_mac_mono_analysis	singlet	0.238349154738151
ATGTGTGAGTGCGATG.29	5	core_retained_singlet	mac_mono_supported	retain_for_current_mac_mono_analysis	singlet	0.158221877458212
ATTACTCCATACAGCT.55	5	core_retained_singlet	mac_mono_supported	retain_for_current_mac_mono_analysis	singlet	0.0898509130788641
ATTACTCGTTCAGCGC.29	5	core_retained_singlet	mac_mono_supported	retain_for_current_mac_mono_analysis	singlet	0.374297385472899
ATTATCCAGATGCCAG.25	5	core_retained_singlet	mac_mono_supported	retain_for_current_mac_mono_analysis	singlet	0.0209946922676624
ATTATCCGTTGTGGCC.20	5	core_retained_singlet	mac_mono_supported	retain_for_current_mac_mono_analysis	singlet	0.336394446294715
ATTATCCTCGTCGTTC.54	5	core_retained_singlet	mac_mono_supported	retain_for_current_mac_mono_analysis	singlet	0.236054317459049
ATTCTACAGTGTCTCA.24	5	core_retained_singlet	mac_mono_supported	retain_for_current_mac_mono_analysis	singlet	0.161166984692057
ATTGGACAGATATGGT.28	5	core_retained_singlet	mac_mono_supported	retain_for_current_mac_mono_analysis	singlet	0.324979734011841
ATTGGACGTGTGTGCC.48	5	core_retained_singlet	mac_mono_supported	retain_for_current_mac_mono_analysis	singlet	0.0115377260571574
ATTGGTGAGTCGATAA.28	5	core_retained_singlet	mac_mono_supported	retain_for_current_mac_mono_analysis	singlet	0.164804284552019
ATTTCTGAGCCCAATT.59	5	core_retained_singlet	mac_mono_supported	retain_for_current_mac_mono_analysis	singlet	0.189804460427261
ATTTCTGCACAAGACG.28	5	core_retained_singlet	mac_mono_supported	retain_for_current_mac_mono_analysis	singlet	0.285780089815784
ATTTCTGGTAAATACG.20	5	core_retained_singlet	mac_mono_supported	retain_for_current_mac_mono_analysis	singlet	0.100622211069012
ATTTCTGGTAAGTAGT.52	5	core_retained_singlet	mac_mono_supported	retain_for_current_mac_mono_analysis	singlet	0.251458227553447
ATTTCTGGTACATCCA.28	5	core_retained_singlet	mac_mono_supported	retain_for_current_mac_mono_analysis	singlet	0.168695720809922
CAACCAAAGATGGCGT.29	5	core_retained_singlet	mac_mono_supported	retain_for_current_mac_mono_analysis	singlet	0.139378949472534
CAACCAACACGTCAGC.52	5	core_retained_singlet	mac_mono_supported	retain_for_current_mac_mono_analysis	singlet	0.357375230280586
CAACCAACAGTGAGTG.55	5	core_retained_singlet	mac_mono_supported	retain_for_current_mac_mono_analysis	singlet	0.367129829192026
CAACTAGTCATAACCG.29	5	core_retained_singlet	mac_mono_supported	retain_for_current_mac_mono_analysis	singlet	0.379107336474504
CAAGAAAAGCCGATTT.49	5	core_retained_singlet	mac_mono_supported	retain_for_current_mac_mono_analysis	singlet	0.139656875037537
CAAGATCGTCTTCAAG.26	5	core_retained_singlet	mac_mono_supported	retain_for_current_mac_mono_analysis	singlet	0.339438509450983
CAAGATCTCAGAGCTT.30	5	core_retained_singlet	mac_mono_supported	retain_for_current_mac_mono_analysis	singlet	0.214817069089751
CAAGGCCAGACGCACA.19	5	core_retained_singlet	mac_mono_supported	retain_for_current_mac_mono_analysis	singlet	0.128414038196032
CAAGGCCGTGTGACGA.24	5	core_retained_singlet	mac_mono_supported	retain_for_current_mac_mono_analysis	singlet	0.0033673317769252
CAAGTTGAGGCATTGG.29	5	core_retained_singlet	mac_mono_supported	retain_for_current_mac_mono_analysis	singlet	0.382781637834043
CAAGTTGGTCGAACAG.34	5	core_retained_singlet	mac_mono_supported	retain_for_current_mac_mono_analysis	singlet	0.11487133792228
CACAAACCACAACTGT.59	5	core_retained_singlet	mac_mono_supported	retain_for_current_mac_mono_analysis	singlet	0.275646714941477
CACAAACCACCCTATC.52	5	core_retained_singlet	mac_mono_supported	retain_for_current_mac_mono_analysis	singlet	0.236932870489026
CACACAAAGTGTGGCA.52	5	core_retained_singlet	mac_mono_supported	retain_for_current_mac_mono_analysis	singlet	0.183425208799172
CACACAAGTGATGTGG.20	5	core_retained_singlet	mac_mono_supported	retain_for_current_mac_mono_analysis	singlet	0.160039958836508
CACACTCAGACCGGAT.20	5	core_retained_singlet	mac_mono_supported	retain_for_current_mac_mono_analysis	singlet	0.233263380310478
CACAGTAAGAGGTTGC.58	5	core_retained_singlet	mac_mono_supported	retain_for_current_mac_mono_analysis	singlet	0.151680913992761
CACAGTAAGTTGTCGT.19	5	core_retained_singlet	mac_mono_supported	retain_for_current_mac_mono_analysis	singlet	0.156519242983748
CACAGTAGTAGAGCTG.25	5	core_retained_singlet	mac_mono_supported	retain_for_current_mac_mono_analysis	singlet	0.351033687246173
CACAGTATCGTCACGG.36	5	core_retained_singlet	mac_mono_supported	retain_for_current_mac_mono_analysis	singlet	0.260255700286033
CACATAGCACCCATGG.16	5	core_retained_singlet	mac_mono_supported	retain_for_current_mac_mono_analysis	singlet	0.214210439666323
CACATAGTCAACTCTT.28	5	core_retained_singlet	mac_mono_supported	retain_for_current_mac_mono_analysis	singlet	0.303861008125066
CACCACTCATCCGTGG.19	5	core_retained_singlet	mac_mono_supported	retain_for_current_mac_mono_analysis	singlet	0.171383260430255
CACCAGGAGTCTTGCA.29	5	core_retained_singlet	mac_mono_supported	retain_for_current_mac_mono_analysis	singlet	0.285766796493388
CACCAGGCAGGATCGA.19	5	core_retained_singlet	mac_mono_supported	retain_for_current_mac_mono_analysis	singlet	0.14296285302155
CACCAGGTCGAACGGA.25	5	core_retained_singlet	mac_mono_supported	retain_for_current_mac_mono_analysis	singlet	0.34618723986
CACCTTGTCACCTCGT.25	5	core_retained_singlet	mac_mono_supported	retain_for_current_mac_mono_analysis	singlet	0.00828940806546852
CACTCCAAGAGGTACC.49	5	core_retained_singlet	mac_mono_supported	retain_for_current_mac_mono_analysis	singlet	0.146274621779725
CACTCCACACGAGAGT.20	5	core_retained_singlet	mac_mono_supported	retain_for_current_mac_mono_analysis	singlet	0.287000482943265
CAGAATCCAAAGTGCG.55	5	core_retained_singlet	mac_mono_supported	retain_for_current_mac_mono_analysis	singlet	0.370018994979757
CAGAATCGTCCTAGCG.28	5	core_retained_singlet	mac_mono_supported	retain_for_current_mac_mono_analysis	singlet	0.216673840888488
CAGAGAGCAACTGCGC.19	5	core_retained_singlet	mac_mono_supported	retain_for_current_mac_mono_analysis	singlet	0.206654480879221
CAGAGAGGTCTTCTCG.54	5	core_retained_singlet	mac_mono_supported	retain_for_current_mac_mono_analysis	singlet	0.370451910308526
CAGCAGCGTACTCTCC.16	5	core_retained_singlet	mac_mono_supported	retain_for_current_mac_mono_analysis	singlet	0.105659288726164
CAGCAGCTCAGCTGGC.55	5	core_retained_singlet	mac_mono_supported	retain_for_current_mac_mono_analysis	singlet	0.0233031028246788
CAGCAGCTCTGCTTGC.28	5	core_retained_singlet	mac_mono_supported	retain_for_current_mac_mono_analysis	singlet	0.230785935087399
CAGCATACAGGGCATA.29	5	core_retained_singlet	mac_mono_supported	retain_for_current_mac_mono_analysis	singlet	0.154442423046154
CAGCCGAGTGCGAAAC.20	5	core_retained_singlet	mac_mono_supported	retain_for_current_mac_mono_analysis	singlet	0.293770789814695
CAGCGACAGTTAGCGG.29	5	core_retained_singlet	mac_mono_supported	retain_for_current_mac_mono_analysis	singlet	0.326040715609789
CAGCGACTCGAATGCT.49	5	core_retained_singlet	mac_mono_supported	retain_for_current_mac_mono_analysis	singlet	0.0561161163685776
CAGCGACTCGATCCCT.28	5	core_retained_singlet	mac_mono_supported	retain_for_current_mac_mono_analysis	singlet	0.0832595116891712
CAGCGACTCTGAGTGT.49	5	core_retained_singlet	mac_mono_supported	retain_for_current_mac_mono_analysis	singlet	0.169203656340883
CAGCTAACACCTCGTT.49	5	core_retained_singlet	mac_mono_supported	retain_for_current_mac_mono_analysis	singlet	0.0354882508943495
CAGCTAATCCTTAATC.49	5	core_retained_singlet	mac_mono_supported	retain_for_current_mac_mono_analysis	singlet	0.241183232187553
CAGGTGCCACAGATTC.28	5	core_retained_singlet	mac_mono_supported	retain_for_current_mac_mono_analysis	singlet	0.231729002543142
CAGTAACAGATAGGAG.29	5	core_retained_singlet	mac_mono_supported	retain_for_current_mac_mono_analysis	singlet	0.22878191762035
CAGTAACCACAGACTT.54	5	core_retained_singlet	mac_mono_supported	retain_for_current_mac_mono_analysis	singlet	0.0733749809220267
CAGTAACGTCATACTG.54	5	core_retained_singlet	mac_mono_supported	retain_for_current_mac_mono_analysis	singlet	0.14952279451249
CAGTAACGTCCCTACT.55	5	core_retained_singlet	mac_mono_supported	retain_for_current_mac_mono_analysis	singlet	0.109159373328134
CAGTCCTAGTACCGGA.20	5	core_retained_singlet	mac_mono_supported	retain_for_current_mac_mono_analysis	singlet	0.300360162020162
CAGTCCTCAATGGAGC.19	5	core_retained_singlet	mac_mono_supported	retain_for_current_mac_mono_analysis	singlet	0.191086546943562
CAGTCCTCATCATCCC.25	5	core_retained_singlet	mac_mono_supported	retain_for_current_mac_mono_analysis	singlet	0.0562225242661252
CATATGGGTCTCATCC.58	5	core_retained_singlet	mac_mono_supported	retain_for_current_mac_mono_analysis	singlet	0.281685332814361
CATATGGTCTCTAGGA.28	5	core_retained_singlet	mac_mono_supported	retain_for_current_mac_mono_analysis	singlet	0.0692448954786014
CATATTCCATGCATGT.49	5	core_retained_singlet	mac_mono_supported	retain_for_current_mac_mono_analysis	singlet	0.0597406506420418
CATATTCGTGGCCCTA.49	5	core_retained_singlet	mac_mono_supported	retain_for_current_mac_mono_analysis	singlet	0.172546511770269
CATCAAGAGAAGATTC.30	5	core_retained_singlet	mac_mono_supported	retain_for_current_mac_mono_analysis	singlet	0.257242336100118
CATCAAGCAATTCCTT.57	5	core_retained_singlet	mac_mono_supported	retain_for_current_mac_mono_analysis	singlet	0.344154662417217
CATCAAGGTCCGAAGA.55	5	core_retained_singlet	mac_mono_supported	retain_for_current_mac_mono_analysis	singlet	0.255177258155402
CATCAAGGTGCGAAAC.49	5	core_retained_singlet	mac_mono_supported	retain_for_current_mac_mono_analysis	singlet	0.0614585124560323
CATCAAGGTTACGACT.28	5	core_retained_singlet	mac_mono_supported	retain_for_current_mac_mono_analysis	singlet	0.135922825778191
CATCAAGTCGGTCCGA.58	5	core_retained_singlet	mac_mono_supported	retain_for_current_mac_mono_analysis	singlet	0.163010136643797
CATCAAGTCGGTGTTA.58	5	core_retained_singlet	mac_mono_supported	retain_for_current_mac_mono_analysis	singlet	0.268740912571256
CATCAAGTCTTGACGA.29	5	core_retained_singlet	mac_mono_supported	retain_for_current_mac_mono_analysis	singlet	0.133494007111831
CATCCACGTATAATGG.28	5	core_retained_singlet	mac_mono_supported	retain_for_current_mac_mono_analysis	singlet	0.367464395997558
CATCCACTCAAAGTAG.55	5	core_retained_singlet	mac_mono_supported	retain_for_current_mac_mono_analysis	singlet	0.147286806652532
CATCCACTCCCTGACT.34	5	core_retained_singlet	mac_mono_supported	retain_for_current_mac_mono_analysis	singlet	0.0812960953375644
CATCCACTCTTGTTTG.49	5	core_retained_singlet	mac_mono_supported	retain_for_current_mac_mono_analysis	singlet	0.17677494077145
CATCGGGGTTTGTTGG.19	5	core_retained_singlet	mac_mono_supported	retain_for_current_mac_mono_analysis	singlet	0.111988181953775
CATGACACACATCCAA.58	5	core_retained_singlet	mac_mono_supported	retain_for_current_mac_mono_analysis	singlet	0.0264653165731946
CATGCCTAGCAGGTCA.60	5	core_retained_singlet	mac_mono_supported	retain_for_current_mac_mono_analysis	singlet	0.264197938019274
CATGCCTGTCCGTGAC.39	5	core_retained_singlet	mac_mono_supported	retain_for_current_mac_mono_analysis	singlet	0.0439583968074696
CATGCCTTCTTGTACT.26	5	core_retained_singlet	mac_mono_supported	retain_for_current_mac_mono_analysis	singlet	0.373328704344373
CATGGCGCATCACGAT.29	5	core_retained_singlet	mac_mono_supported	retain_for_current_mac_mono_analysis	singlet	0.304042552992721
CATTATCAGGTGACCA.25	5	core_retained_singlet	mac_mono_supported	retain_for_current_mac_mono_analysis	singlet	0.0558579613013168
CATTATCCAAGCCGCT.25	5	core_retained_singlet	mac_mono_supported	retain_for_current_mac_mono_analysis	singlet	0.0523313915856486
CATTATCTCGACCAGC.49	5	core_retained_singlet	mac_mono_supported	retain_for_current_mac_mono_analysis	singlet	0.203930496295634
CATTCGCGTGTCGCTG.22	5	core_retained_singlet	mac_mono_supported	retain_for_current_mac_mono_analysis	singlet	0.197379369761865
CATTCGCTCCTAGAAC.28	5	core_retained_singlet	mac_mono_supported	retain_for_current_mac_mono_analysis	singlet	0.00320938844776757
CATTCGCTCGGCTTGG.49	5	core_retained_singlet	mac_mono_supported	retain_for_current_mac_mono_analysis	singlet	0.376666944235802
CCAATCCGTCAGCTAT.29	5	core_retained_singlet	mac_mono_supported	retain_for_current_mac_mono_analysis	singlet	0.0562719552985209
CCACCTATCACATACG.19	5	core_retained_singlet	mac_mono_supported	retain_for_current_mac_mono_analysis	singlet	0.037245119232903
CCACGGAAGTGAACAT.55	5	core_retained_singlet	mac_mono_supported	retain_for_current_mac_mono_analysis	singlet	0.0922468194338957
CCACGGAGTGGCTCCA.24	5	core_retained_singlet	mac_mono_supported	retain_for_current_mac_mono_analysis	singlet	0.178005723775517
CCACTACAGCTTCGCG.59	5	core_retained_singlet	mac_mono_supported	retain_for_current_mac_mono_analysis	singlet	0.104933661029712
CCACTACGTAACGTTC.36	5	core_retained_singlet	mac_mono_supported	retain_for_current_mac_mono_analysis	singlet	0.334189897262119
CCACTACGTAGTACCT.22	5	core_retained_singlet	mac_mono_supported	retain_for_current_mac_mono_analysis	singlet	0.0315405074912668
CCACTACGTCTTCGTC.55	5	core_retained_singlet	mac_mono_supported	retain_for_current_mac_mono_analysis	singlet	0.278632162264881
CCACTACGTTTGTTTC.29	5	core_retained_singlet	mac_mono_supported	retain_for_current_mac_mono_analysis	singlet	0.170683237015302
CCAGCGAGTTCCCTTG.54	5	core_retained_singlet	mac_mono_supported	retain_for_current_mac_mono_analysis	singlet	0.104749513481605
CCAGCGATCCTAGTGA.55	5	core_retained_singlet	mac_mono_supported	retain_for_current_mac_mono_analysis	singlet	0.270841658018689
CCAGCGATCCTGCTTG.35	5	core_retained_singlet	mac_mono_supported	retain_for_current_mac_mono_analysis	singlet	0.132504952619137
CCCAATCGTTAAGTAG.55	5	core_retained_singlet	mac_mono_supported	retain_for_current_mac_mono_analysis	singlet	0.361088868146053
CCCAGTTCAATCACAC.55	5	core_retained_singlet	mac_mono_supported	retain_for_current_mac_mono_analysis	singlet	0.137910767492568
CCCAGTTTCTAACTCT.28	5	core_retained_singlet	mac_mono_supported	retain_for_current_mac_mono_analysis	singlet	0.221079799697872
CCCATACCAAGCTGTT.28	5	core_retained_singlet	mac_mono_supported	retain_for_current_mac_mono_analysis	singlet	0.107848801938076
CCCTCCTCAAGCGCTC.49	5	core_retained_singlet	mac_mono_supported	retain_for_current_mac_mono_analysis	singlet	0.0423833872478415
CCCTCCTCATTAACCG.13	5	core_retained_singlet	mac_mono_supported	retain_for_current_mac_mono_analysis	singlet	0.289376727493078
CCCTCCTTCTATCCCG.28	5	core_retained_singlet	mac_mono_supported	retain_for_current_mac_mono_analysis	singlet	0.226093214998256
CCGGGATCAGCTCCGA.40	5	core_retained_singlet	mac_mono_supported	retain_for_current_mac_mono_analysis	singlet	0.0180700275366187
CCGGGATCATGTCTCC.29	5	core_retained_singlet	mac_mono_supported	retain_for_current_mac_mono_analysis	singlet	0.145712115803422
CCGGGATCATTGTGCA.38	5	core_retained_singlet	mac_mono_supported	retain_for_current_mac_mono_analysis	singlet	0.0594766940718105
CCGGTAGGTCCGACGT.29	5	core_retained_singlet	mac_mono_supported	retain_for_current_mac_mono_analysis	singlet	0.379575169737804
CCGGTAGGTCTGCGGT.28	5	core_retained_singlet	mac_mono_supported	retain_for_current_mac_mono_analysis	singlet	0.20255751320474
CCGGTAGTCCTCAATT.49	5	core_retained_singlet	mac_mono_supported	retain_for_current_mac_mono_analysis	singlet	0.086512697252837
CCGTACTGTCGAACAG.49	5	core_retained_singlet	mac_mono_supported	retain_for_current_mac_mono_analysis	singlet	0.158103098514198
CCGTACTGTTTAGGAA.49	5	core_retained_singlet	mac_mono_supported	retain_for_current_mac_mono_analysis	singlet	0.235584778466349
CCGTACTTCGTCTGCT.50	5	core_retained_singlet	mac_mono_supported	retain_for_current_mac_mono_analysis	singlet	0.163328799641298
CCGTACTTCTGTGCAA.28	5	core_retained_singlet	mac_mono_supported	retain_for_current_mac_mono_analysis	singlet	0.214674648191329
CCGTGGAGTCTAGCGC.46	5	core_retained_singlet	mac_mono_supported	retain_for_current_mac_mono_analysis	singlet	0.210743381969825
CCGTGGATCTGAGTGT.49	5	core_retained_singlet	mac_mono_supported	retain_for_current_mac_mono_analysis	singlet	0.135611216981596
CCGTTCAAGTGTTAGA.33	5	core_retained_singlet	mac_mono_supported	retain_for_current_mac_mono_analysis	singlet	0.130837842215506
CCGTTCAGTCAGCTAT.22	5	core_retained_singlet	mac_mono_supported	retain_for_current_mac_mono_analysis	singlet	0.366242570367612
CCTAAAGCAAAGGCGT.19	5	core_retained_singlet	mac_mono_supported	retain_for_current_mac_mono_analysis	singlet	0.163584941852044
CCTAAAGCACACGCTG.25	5	core_retained_singlet	mac_mono_supported	retain_for_current_mac_mono_analysis	singlet	0.0466188585072208
CCTAAAGCACCACGTG.28	5	core_retained_singlet	mac_mono_supported	retain_for_current_mac_mono_analysis	singlet	0.205810843274623
CCTAAAGGTAGAGTGC.28	5	core_retained_singlet	mac_mono_supported	retain_for_current_mac_mono_analysis	singlet	0.042419180758262
CCTACACTCTTGAGGT.29	5	core_retained_singlet	mac_mono_supported	retain_for_current_mac_mono_analysis	singlet	0.23233272326272
CCTACCAAGATACACA.25	5	core_retained_singlet	mac_mono_supported	retain_for_current_mac_mono_analysis	singlet	0.213431893801396
CCTACCAAGTGTCCCG.50	5	core_retained_singlet	mac_mono_supported	retain_for_current_mac_mono_analysis	singlet	0.209411786085516
CCTACCAGTGAGCGAT.49	5	core_retained_singlet	mac_mono_supported	retain_for_current_mac_mono_analysis	singlet	0.179101109141383
CCTACCAGTGGCCCTA.54	5	core_retained_singlet	mac_mono_supported	retain_for_current_mac_mono_analysis	singlet	0.24855177193206
CCTAGCTGTTACCAGT.28	5	core_retained_singlet	mac_mono_supported	retain_for_current_mac_mono_analysis	singlet	0.325161226970789
CCTCAGTAGAATTCCC.60	5	core_retained_singlet	mac_mono_supported	retain_for_current_mac_mono_analysis	singlet	0.133518535998248
CCTCAGTCATGTTCCC.49	5	core_retained_singlet	mac_mono_supported	retain_for_current_mac_mono_analysis	singlet	0.10756630624321
CCTCAGTGTCTCACCT.49	5	core_retained_singlet	mac_mono_supported	retain_for_current_mac_mono_analysis	singlet	0.124487835554477
CCTCAGTGTGTTCTTT.55	5	core_retained_singlet	mac_mono_supported	retain_for_current_mac_mono_analysis	singlet	0.152699666904511
CCTCAGTTCGAGAGCA.29	5	core_retained_singlet	mac_mono_supported	retain_for_current_mac_mono_analysis	singlet	0.204334391005711
CCTCTGAAGTGTTAGA.19	5	core_retained_singlet	mac_mono_supported	retain_for_current_mac_mono_analysis	singlet	0.0485828357697365
CCTCTGAGTTTGTGTG.28	5	core_retained_singlet	mac_mono_supported	retain_for_current_mac_mono_analysis	singlet	0.0643252317459901
CCTTCCCAGACCGGAT.26	5	core_retained_singlet	mac_mono_supported	retain_for_current_mac_mono_analysis	singlet	0.210899681399943
CCTTCCCAGAGGTAGA.49	5	core_retained_singlet	mac_mono_supported	retain_for_current_mac_mono_analysis	singlet	0.0952433208263635
CCTTCCCCATCGGTTA.46	5	core_retained_singlet	mac_mono_supported	retain_for_current_mac_mono_analysis	singlet	0.183564283988978
CCTTCCCGTGTATGGG.29	5	core_retained_singlet	mac_mono_supported	retain_for_current_mac_mono_analysis	singlet	0.25675121110229
CCTTCCCGTTCCACAA.55	5	core_retained_singlet	mac_mono_supported	retain_for_current_mac_mono_analysis	singlet	0.23968164255307
CCTTCCCTCTTCAACT.49	5	core_retained_singlet	mac_mono_supported	retain_for_current_mac_mono_analysis	singlet	0.117072704509613
CCTTCGAAGGCTCAGA.55	5	core_retained_singlet	mac_mono_supported	retain_for_current_mac_mono_analysis	singlet	0.30053189867716
CCTTCGACACCTCGGA.49	5	core_retained_singlet	mac_mono_supported	retain_for_current_mac_mono_analysis	singlet	0.0673888311279043
CCTTCGAGTCGCTTTC.55	5	core_retained_singlet	mac_mono_supported	retain_for_current_mac_mono_analysis	singlet	0.0410372455179954
CCTTTCTAGCGCTTAT.49	5	core_retained_singlet	mac_mono_supported	retain_for_current_mac_mono_analysis	singlet	0.234068166602747
CCTTTCTGTACATCCA.49	5	core_retained_singlet	mac_mono_supported	retain_for_current_mac_mono_analysis	singlet	0.254996304341684
CGAATGTCACCGATAT.55	5	core_retained_singlet	mac_mono_supported	retain_for_current_mac_mono_analysis	singlet	0.0572687127776747
CGACCTTTCTATGTGG.28	5	core_retained_singlet	mac_mono_supported	retain_for_current_mac_mono_analysis	singlet	0.204750378860614
CGACCTTTCTCAAACG.32	5	core_retained_singlet	mac_mono_supported	retain_for_current_mac_mono_analysis	singlet	0.371182826671583
CGACTTCCAAACCCAT.58	5	core_retained_singlet	mac_mono_supported	retain_for_current_mac_mono_analysis	singlet	0.165870482773697
CGACTTCCATTAGGCT.55	5	core_retained_singlet	mac_mono_supported	retain_for_current_mac_mono_analysis	singlet	0.330629003366996
CGAGAAGCATAGACTC.49	5	core_retained_singlet	mac_mono_supported	retain_for_current_mac_mono_analysis	singlet	0.0734638978357805
CGAGAAGCATCTCCCA.36	5	core_retained_singlet	mac_mono_supported	retain_for_current_mac_mono_analysis	singlet	0.332069263224072
CGAGCACCACTTGGAT.29	5	core_retained_singlet	mac_mono_supported	retain_for_current_mac_mono_analysis	singlet	0.00972541261516946
CGAGCACGTGACTCAT.49	5	core_retained_singlet	mac_mono_supported	retain_for_current_mac_mono_analysis	singlet	0.119804742968309
CGAGCCAAGACCTAGG.19	5	core_retained_singlet	mac_mono_supported	retain_for_current_mac_mono_analysis	singlet	0.225026586250551
CGAGCCAAGTGTACTC.28	5	core_retained_singlet	mac_mono_supported	retain_for_current_mac_mono_analysis	singlet	0.195411776226621
CGAGCCATCCGCATCT.25	5	core_retained_singlet	mac_mono_supported	retain_for_current_mac_mono_analysis	singlet	0.133456182591567
CGATGGCGTTCGTGAT.19	5	core_retained_singlet	mac_mono_supported	retain_for_current_mac_mono_analysis	singlet	0.188697197083943
CGATGGCTCCTTTACA.54	5	core_retained_singlet	mac_mono_supported	retain_for_current_mac_mono_analysis	singlet	0.38823371048812
CGATGTATCACCACCT.29	5	core_retained_singlet	mac_mono_supported	retain_for_current_mac_mono_analysis	singlet	0.0615623801690225
CGATTGATCGGGAGTA.28	5	core_retained_singlet	mac_mono_supported	retain_for_current_mac_mono_analysis	singlet	0.170925577016006
CGCCAAGAGTACGATA.26	5	core_retained_singlet	mac_mono_supported	retain_for_current_mac_mono_analysis	singlet	0.0835665821315584
CGCCAAGGTCAGCTAT.29	5	core_retained_singlet	mac_mono_supported	retain_for_current_mac_mono_analysis	singlet	0.0648686773175546
CGCCAAGTCTACCAGA.59	5	core_retained_singlet	mac_mono_supported	retain_for_current_mac_mono_analysis	singlet	0.383116606393187
CGCCAAGTCTGGTGTA.28	5	core_retained_singlet	mac_mono_supported	retain_for_current_mac_mono_analysis	singlet	0.208934263783795
CGCGGTAGTTCCGTCT.29	5	core_retained_singlet	mac_mono_supported	retain_for_current_mac_mono_analysis	singlet	0.120961620261026
CGCGTTTAGTCATGCT.20	5	core_retained_singlet	mac_mono_supported	retain_for_current_mac_mono_analysis	singlet	0.167933217494894
CGCGTTTGTTCGGCAC.30	5	core_retained_singlet	mac_mono_supported	retain_for_current_mac_mono_analysis	singlet	0.25801571516878
CGCTATCAGATGTCGG.24	5	core_retained_singlet	mac_mono_supported	retain_for_current_mac_mono_analysis	singlet	0.226084072381255
CGCTATCAGCTAGGCA.29	5	core_retained_singlet	mac_mono_supported	retain_for_current_mac_mono_analysis	singlet	0.250776604901647
CGCTATCCATCACCCT.55	5	core_retained_singlet	mac_mono_supported	retain_for_current_mac_mono_analysis	singlet	0.279825173424014
CGCTGGACAGGGATTG.48	5	core_retained_singlet	mac_mono_supported	retain_for_current_mac_mono_analysis	singlet	0.140629012534077
CGGACACCAGGGTATG.29	5	core_retained_singlet	mac_mono_supported	retain_for_current_mac_mono_analysis	singlet	0.321913930389409
CGGACACTCCCTCAGT.32	5	core_retained_singlet	mac_mono_supported	retain_for_current_mac_mono_analysis	singlet	0.286401833879547
CGGACGTAGACTAAGT.29	5	core_retained_singlet	mac_mono_supported	retain_for_current_mac_mono_analysis	singlet	0.244010780077386
CGGACTGAGAATAGGG.26	5	core_retained_singlet	mac_mono_supported	retain_for_current_mac_mono_analysis	singlet	0.243190829104872
CGGACTGCACGGCCAT.55	5	core_retained_singlet	mac_mono_supported	retain_for_current_mac_mono_analysis	singlet	0.302711340799736
CGGACTGGTCAGAATA.49	5	core_retained_singlet	mac_mono_supported	retain_for_current_mac_mono_analysis	singlet	0.309019485313621
CGGAGCTGTTGGGACA.20	5	core_retained_singlet	mac_mono_supported	retain_for_current_mac_mono_analysis	singlet	0.357900909888417
CGGAGTCCAAGGTTTC.29	5	core_retained_singlet	mac_mono_supported	retain_for_current_mac_mono_analysis	singlet	0.284693880227625
CGGAGTCGTCCGAGTC.29	5	core_retained_singlet	mac_mono_supported	retain_for_current_mac_mono_analysis	singlet	0.236813343428424
CGGCTAGAGCGTAGTG.24	5	core_retained_singlet	mac_mono_supported	retain_for_current_mac_mono_analysis	singlet	0.0852435637123054
CGGCTAGCACACCGCA.30	5	core_retained_singlet	mac_mono_supported	retain_for_current_mac_mono_analysis	singlet	0.210931994044062
CGGCTAGGTAAAGTCA.59	5	core_retained_singlet	mac_mono_supported	retain_for_current_mac_mono_analysis	singlet	0.32274196997926
CGGCTAGGTTGTGGCC.34	5	core_retained_singlet	mac_mono_supported	retain_for_current_mac_mono_analysis	singlet	0.0189044063280341
CGGGTCAGTATAAACG.49	5	core_retained_singlet	mac_mono_supported	retain_for_current_mac_mono_analysis	singlet	0.160806510696426
CGGGTCATCAGCTCTC.28	5	core_retained_singlet	mac_mono_supported	retain_for_current_mac_mono_analysis	singlet	0.292707032710327
CGGTTAAAGGGTATCG.20	5	core_retained_singlet	mac_mono_supported	retain_for_current_mac_mono_analysis	singlet	0.309086400063008
CGGTTAACATACCATG.29	5	core_retained_singlet	mac_mono_supported	retain_for_current_mac_mono_analysis	singlet	0.346086464997067
CGGTTAATCCTCATTA.49	5	core_retained_singlet	mac_mono_supported	retain_for_current_mac_mono_analysis	singlet	0.327733551803301
CGTAGCGGTCATATCG.25	5	core_retained_singlet	mac_mono_supported	retain_for_current_mac_mono_analysis	singlet	0.330118318358455
CGTAGGCAGAGTCTGG.49	5	core_retained_singlet	mac_mono_supported	retain_for_current_mac_mono_analysis	singlet	0.150850003732839
CGTAGGCAGTACGATA.20	5	core_retained_singlet	mac_mono_supported	retain_for_current_mac_mono_analysis	singlet	0.357957708158402
CGTAGGCGTTCCACGG.55	5	core_retained_singlet	mac_mono_supported	retain_for_current_mac_mono_analysis	singlet	0.0569064335102329
CGTCACTAGATCGGGT.33	5	core_retained_singlet	mac_mono_supported	retain_for_current_mac_mono_analysis	singlet	0.270436940745446
CGTCACTCAAGACGTG.54	5	core_retained_singlet	mac_mono_supported	retain_for_current_mac_mono_analysis	singlet	0.253670362200873
CGTCACTGTCTTCGTC.51	5	core_retained_singlet	mac_mono_supported	retain_for_current_mac_mono_analysis	singlet	0.270588652504339
CGTCAGGGTGTATGGG.19	5	core_retained_singlet	mac_mono_supported	retain_for_current_mac_mono_analysis	singlet	0.0413734348299427
CGTCAGGTCCAGAGGA.49	5	core_retained_singlet	mac_mono_supported	retain_for_current_mac_mono_analysis	singlet	0.114190033318742
CGTCCATAGTGTGAAT.28	5	core_retained_singlet	mac_mono_supported	retain_for_current_mac_mono_analysis	singlet	0.267865208238092
CGTCCATCATGCAATC.28	5	core_retained_singlet	mac_mono_supported	retain_for_current_mac_mono_analysis	singlet	0.298760297890549
CGTCCATGTTCACCTC.29	5	core_retained_singlet	mac_mono_supported	retain_for_current_mac_mono_analysis	singlet	0.258955991934884
CGTCCATTCATTGCCC.29	5	core_retained_singlet	mac_mono_supported	retain_for_current_mac_mono_analysis	singlet	0.357106876772496
CGTCTACAGCCCAGCT.26	5	core_retained_singlet	mac_mono_supported	retain_for_current_mac_mono_analysis	singlet	0.0775798877658802
CGTCTACTCAACTCTT.25	5	core_retained_singlet	mac_mono_supported	retain_for_current_mac_mono_analysis	singlet	0.252188490029116
CGTGAGCAGACCGGAT.28	5	core_retained_singlet	mac_mono_supported	retain_for_current_mac_mono_analysis	singlet	0.141293264952955
CGTGTAAGTTCGCGAC.60	5	core_retained_singlet	mac_mono_supported	retain_for_current_mac_mono_analysis	singlet	0.378377390109756
CGTGTAATCACGCGGT.58	5	core_retained_singlet	mac_mono_supported	retain_for_current_mac_mono_analysis	singlet	0.395863801907815
CGTGTCTGTTACCGAT.24	5	core_retained_singlet	mac_mono_supported	retain_for_current_mac_mono_analysis	singlet	0.219841456840335
CGTTAGACAAGGGTCA.26	5	core_retained_singlet	mac_mono_supported	retain_for_current_mac_mono_analysis	singlet	0.342135246720544
CGTTAGATCAATCTCT.30	5	core_retained_singlet	mac_mono_supported	retain_for_current_mac_mono_analysis	singlet	0.169892951622898
CGTTCTGGTCATCCCT.49	5	core_retained_singlet	mac_mono_supported	retain_for_current_mac_mono_analysis	singlet	0.1256349411507
CTAACTTGTGCACGAA.49	5	core_retained_singlet	mac_mono_supported	retain_for_current_mac_mono_analysis	singlet	0.0234846818596951
CTAAGACCATCCAACA.49	5	core_retained_singlet	mac_mono_supported	retain_for_current_mac_mono_analysis	singlet	0.174909773602564
CTAAGACCATGCTAGT.55	5	core_retained_singlet	mac_mono_supported	retain_for_current_mac_mono_analysis	singlet	0.0270994383505332
CTAATGGCAGCTTAAC.19	5	core_retained_singlet	mac_mono_supported	retain_for_current_mac_mono_analysis	singlet	0.0353003651457635
CTAATGGCATTCCTCG.58	5	core_retained_singlet	mac_mono_supported	retain_for_current_mac_mono_analysis	singlet	0.187949758562989
CTAATGGGTACCAGTT.19	5	core_retained_singlet	mac_mono_supported	retain_for_current_mac_mono_analysis	singlet	0.223180488201419
CTAATGGGTAGCGTGA.60	5	core_retained_singlet	mac_mono_supported	retain_for_current_mac_mono_analysis	singlet	0.343087827341539
CTACACCAGATCTGCT.55	5	core_retained_singlet	mac_mono_supported	retain_for_current_mac_mono_analysis	singlet	0.287257292446083
CTACACCAGCTGAACG.25	5	core_retained_singlet	mac_mono_supported	retain_for_current_mac_mono_analysis	singlet	0.0854563277398257
CTACACCCACGTAAGG.28	5	core_retained_singlet	mac_mono_supported	retain_for_current_mac_mono_analysis	singlet	0.392920554341194
CTACATTGTCTAAAGA.38	5	core_retained_singlet	mac_mono_supported	retain_for_current_mac_mono_analysis	singlet	0.354485584117378
CTACCCATCAGATAAG.28	5	core_retained_singlet	mac_mono_supported	retain_for_current_mac_mono_analysis	singlet	0.189993896927366
CTACCCATCTGAGGGA.29	5	core_retained_singlet	mac_mono_supported	retain_for_current_mac_mono_analysis	singlet	0.0285676094880182
CTAGAGTAGACGACGT.28	5	core_retained_singlet	mac_mono_supported	retain_for_current_mac_mono_analysis	singlet	0.321668715942182
CTAGAGTTCCTGCCAT.28	5	core_retained_singlet	mac_mono_supported	retain_for_current_mac_mono_analysis	singlet	0.176573006038957
CTAGCCTTCCTTTCTC.19	5	core_retained_singlet	mac_mono_supported	retain_for_current_mac_mono_analysis	singlet	0.0745013181491152
CTAGTGAAGACCTAGG.38	5	core_retained_singlet	mac_mono_supported	retain_for_current_mac_mono_analysis	singlet	0.0305620151122209
CTAGTGAAGAGGTACC.13	5	core_retained_singlet	mac_mono_supported	retain_for_current_mac_mono_analysis	singlet	0.254181185253355
CTAGTGATCCGCGTTT.29	5	core_retained_singlet	mac_mono_supported	retain_for_current_mac_mono_analysis	singlet	0.162324713560319
CTCACACAGTACCGGA.58	5	core_retained_singlet	mac_mono_supported	retain_for_current_mac_mono_analysis	singlet	0.0578613703924424
CTCACACCACTGTCGG.20	5	core_retained_singlet	mac_mono_supported	retain_for_current_mac_mono_analysis	singlet	0.304592662711001
CTCAGAAGTCCGAAGA.49	5	core_retained_singlet	mac_mono_supported	retain_for_current_mac_mono_analysis	singlet	0.2188701364436
CTCAGAATCACCGTAA.28	5	core_retained_singlet	mac_mono_supported	retain_for_current_mac_mono_analysis	singlet	0.392622363593575
CTCAGAATCCAATGGT.49	5	core_retained_singlet	mac_mono_supported	retain_for_current_mac_mono_analysis	singlet	0.12682679812075
CTCAGAATCCTAGTGA.38	5	core_retained_singlet	mac_mono_supported	retain_for_current_mac_mono_analysis	singlet	0.00887255486325527
CTCATTACACCATGTA.25	5	core_retained_singlet	mac_mono_supported	retain_for_current_mac_mono_analysis	singlet	0.0739389822225646
CTCATTACATCGACGC.28	5	core_retained_singlet	mac_mono_supported	retain_for_current_mac_mono_analysis	singlet	0.201481626222202
CTCATTATCAACGGCC.30	5	core_retained_singlet	mac_mono_supported	retain_for_current_mac_mono_analysis	singlet	0.17066863977725
CTCCTAGAGGCACATG.19	5	core_retained_singlet	mac_mono_supported	retain_for_current_mac_mono_analysis	singlet	0.0736214695857076
CTCCTAGCACTGCCAG.32	5	core_retained_singlet	mac_mono_supported	retain_for_current_mac_mono_analysis	singlet	0.225985618664143
CTCGAAACACTACAGT.24	5	core_retained_singlet	mac_mono_supported	retain_for_current_mac_mono_analysis	singlet	0.0059769842550731
CTCGAGGCAATGAATG.55	5	core_retained_singlet	mac_mono_supported	retain_for_current_mac_mono_analysis	singlet	0.288308901151828
CTCGAGGCATAAGACA.25	5	core_retained_singlet	mac_mono_supported	retain_for_current_mac_mono_analysis	singlet	0.0408715112847822
CTCGGAGCATATACGC.49	5	core_retained_singlet	mac_mono_supported	retain_for_current_mac_mono_analysis	singlet	0.185304949540262
CTCGGAGGTTCGTCTC.19	5	core_retained_singlet	mac_mono_supported	retain_for_current_mac_mono_analysis	singlet	0.244766865207874
CTCGGAGGTTTGTGTG.55	5	core_retained_singlet	mac_mono_supported	retain_for_current_mac_mono_analysis	singlet	0.0559809834746558
CTCGTACAGAAACGCC.20	5	core_retained_singlet	mac_mono_supported	retain_for_current_mac_mono_analysis	singlet	0.0996665567908221
CTCGTACGTTGACGTT.28	5	core_retained_singlet	mac_mono_supported	retain_for_current_mac_mono_analysis	singlet	0.192976693093299
CTCGTCACAAGCCCAC.55	5	core_retained_singlet	mac_mono_supported	retain_for_current_mac_mono_analysis	singlet	0.0369337554423895
CTCGTCACACCAGGTC.29	5	core_retained_singlet	mac_mono_supported	retain_for_current_mac_mono_analysis	singlet	0.377570533121108
CTCGTCACATGTCTCC.28	5	core_retained_singlet	mac_mono_supported	retain_for_current_mac_mono_analysis	singlet	0.354560576588535
CTCTAATTCAGCGACC.54	5	core_retained_singlet	mac_mono_supported	retain_for_current_mac_mono_analysis	singlet	0.0407922328102768
CTCTAATTCTGTCTAT.49	5	core_retained_singlet	mac_mono_supported	retain_for_current_mac_mono_analysis	singlet	0.124010181658392
CTCTACGCATTAGCCA.19	5	core_retained_singlet	mac_mono_supported	retain_for_current_mac_mono_analysis	singlet	0.352086011994546
CTCTGGTGTCTACCTC.25	5	core_retained_singlet	mac_mono_supported	retain_for_current_mac_mono_analysis	singlet	0.261134891668147
CTGAAGTGTGCGATAG.29	5	core_retained_singlet	mac_mono_supported	retain_for_current_mac_mono_analysis	singlet	0.166820649820908
CTGATCCCAACGCACC.32	5	core_retained_singlet	mac_mono_supported	retain_for_current_mac_mono_analysis	singlet	0.121023382143896
CTGATCCTCCGAGCCA.60	5	core_retained_singlet	mac_mono_supported	retain_for_current_mac_mono_analysis	singlet	0.0681759229518965
CTGATCCTCGCACTCT.52	5	core_retained_singlet	mac_mono_supported	retain_for_current_mac_mono_analysis	singlet	0.257275995554537
CTGATCCTCTATCCTA.19	5	core_retained_singlet	mac_mono_supported	retain_for_current_mac_mono_analysis	singlet	0.162193611997677
CTGCCTAGTACCCAAT.33	5	core_retained_singlet	mac_mono_supported	retain_for_current_mac_mono_analysis	singlet	0.154534624782247
CTGCGGAAGAGAGCTC.49	5	core_retained_singlet	mac_mono_supported	retain_for_current_mac_mono_analysis	singlet	0.0723909629419788
CTGCGGAAGGGATGGG.49	5	core_retained_singlet	mac_mono_supported	retain_for_current_mac_mono_analysis	singlet	0.0305857703122452
CTGCGGATCAGCAACT.24	5	core_retained_singlet	mac_mono_supported	retain_for_current_mac_mono_analysis	singlet	0.215331228936355
CTGCTGTAGAGAGCTC.28	5	core_retained_singlet	mac_mono_supported	retain_for_current_mac_mono_analysis	singlet	0.326247136317954
CTGCTGTCAGAAGCAC.29	5	core_retained_singlet	mac_mono_supported	retain_for_current_mac_mono_analysis	singlet	0.0396501595310189
CTGCTGTCAGTACACT.59	5	core_retained_singlet	mac_mono_supported	retain_for_current_mac_mono_analysis	singlet	0.22359954990623
CTGCTGTGTAACGCGA.19	5	core_retained_singlet	mac_mono_supported	retain_for_current_mac_mono_analysis	singlet	0.0814929053939956
CTGGTCTGTCCTCTTG.28	5	core_retained_singlet	mac_mono_supported	retain_for_current_mac_mono_analysis	singlet	0.157169996719311
CTGTTTAAGTATCTCG.59	5	core_retained_singlet	mac_mono_supported	retain_for_current_mac_mono_analysis	singlet	0.147475963005179
CTTAACTGTAGGGACT.14	5	core_retained_singlet	mac_mono_supported	retain_for_current_mac_mono_analysis	singlet	0.198389900342057
CTTAACTTCGGTGTCG.49	5	core_retained_singlet	mac_mono_supported	retain_for_current_mac_mono_analysis	singlet	0.0990992802784329
CTTACCGCACCACGTG.51	5	core_retained_singlet	mac_mono_supported	retain_for_current_mac_mono_analysis	singlet	0.326165331737147
CTTACCGCACTCTGTC.25	5	core_retained_singlet	mac_mono_supported	retain_for_current_mac_mono_analysis	singlet	0.0590881688454806
CTTACCGCAGACAAAT.49	5	core_retained_singlet	mac_mono_supported	retain_for_current_mac_mono_analysis	singlet	0.228289371286226
CTTACCGGTATCACCA.29	5	core_retained_singlet	mac_mono_supported	retain_for_current_mac_mono_analysis	singlet	0.326503665139342
CTTACCGTCGACGGAA.29	5	core_retained_singlet	mac_mono_supported	retain_for_current_mac_mono_analysis	singlet	0.191799993442189
CTTAGGAAGACACGAC.28	5	core_retained_singlet	mac_mono_supported	retain_for_current_mac_mono_analysis	singlet	0.343222101473639
CTTAGGAAGATTACCC.19	5	core_retained_singlet	mac_mono_supported	retain_for_current_mac_mono_analysis	singlet	0.289169579838744
CTTAGGAAGCAGATCG.38	5	core_retained_singlet	mac_mono_supported	retain_for_current_mac_mono_analysis	singlet	0.0941653662698731
CTTCTCTCATGTCGAT.54	5	core_retained_singlet	mac_mono_supported	retain_for_current_mac_mono_analysis	singlet	0.157281451986674
CTTGGCTAGACTCGGA.25	5	core_retained_singlet	mac_mono_supported	retain_for_current_mac_mono_analysis	singlet	0.0431353172802909
CTTGGCTAGTGTCTCA.49	5	core_retained_singlet	mac_mono_supported	retain_for_current_mac_mono_analysis	singlet	0.321249022244139
CTTGGCTCAACACCCG.25	5	core_retained_singlet	mac_mono_supported	retain_for_current_mac_mono_analysis	singlet	0.161895255465642
CTTGGCTCAGGGTACA.38	5	core_retained_singlet	mac_mono_supported	retain_for_current_mac_mono_analysis	singlet	0.234223962984267
CTTGGCTTCCGCTGTT.19	5	core_retained_singlet	mac_mono_supported	retain_for_current_mac_mono_analysis	singlet	0.0380866994258477
CTTTGCGCACATTCGA.26	5	core_retained_singlet	mac_mono_supported	retain_for_current_mac_mono_analysis	singlet	0.273694304034498
CTTTGCGCATGGGAAC.52	5	core_retained_singlet	mac_mono_supported	retain_for_current_mac_mono_analysis	singlet	0.202007571549203
CTTTGCGTCTAGCACA.55	5	core_retained_singlet	mac_mono_supported	retain_for_current_mac_mono_analysis	singlet	0.341095478539212
GAAACTCAGTTGTAGA.46	5	core_retained_singlet	mac_mono_supported	retain_for_current_mac_mono_analysis	singlet	0.348665957360376
GAAACTCGTCTCCACT.49	5	core_retained_singlet	mac_mono_supported	retain_for_current_mac_mono_analysis	singlet	0.216843199159543
GAAACTCTCGTTTAGG.49	5	core_retained_singlet	mac_mono_supported	retain_for_current_mac_mono_analysis	singlet	0.101966294364337
GAAATGAGTACCATCA.19	5	core_retained_singlet	mac_mono_supported	retain_for_current_mac_mono_analysis	singlet	0.0273315520443896
GAAATGAGTCCTCTTG.13	5	core_retained_singlet	mac_mono_supported	retain_for_current_mac_mono_analysis	singlet	0.0595050540403218
GAAATGATCGCCTGAG.29	5	core_retained_singlet	mac_mono_supported	retain_for_current_mac_mono_analysis	singlet	0.144415569243993
GAAATGATCGCGCCAA.30	5	core_retained_singlet	mac_mono_supported	retain_for_current_mac_mono_analysis	singlet	0.158865628280941
GAAATGATCTACGAGT.28	5	core_retained_singlet	mac_mono_supported	retain_for_current_mac_mono_analysis	singlet	0.253695407672992
GAACATCCAGACGCCT.60	5	core_retained_singlet	mac_mono_supported	retain_for_current_mac_mono_analysis	singlet	0.0595490247657474
GAACATCCATGGTCAT.28	5	core_retained_singlet	mac_mono_supported	retain_for_current_mac_mono_analysis	singlet	0.240069677610054
GAACATCGTCGAGTTT.29	5	core_retained_singlet	mac_mono_supported	retain_for_current_mac_mono_analysis	singlet	0.10561656432583
GAACATCTCAATCACG.49	5	core_retained_singlet	mac_mono_supported	retain_for_current_mac_mono_analysis	singlet	0.0543091497800455
GAACCTATCCACGCAG.29	5	core_retained_singlet	mac_mono_supported	retain_for_current_mac_mono_analysis	singlet	0.267149342075226
GAACCTATCTTTACGT.54	5	core_retained_singlet	mac_mono_supported	retain_for_current_mac_mono_analysis	singlet	0.107194852088006
GAACGGAAGACATAAC.29	5	core_retained_singlet	mac_mono_supported	retain_for_current_mac_mono_analysis	singlet	0.118355312423098
GAACGGATCGTGTAGT.29	5	core_retained_singlet	mac_mono_supported	retain_for_current_mac_mono_analysis	singlet	0.130180708885948
GAAGCAGGTCTGATCA.55	5	core_retained_singlet	mac_mono_supported	retain_for_current_mac_mono_analysis	singlet	0.314246413603819
GAAGCAGGTTATCGGT.29	5	core_retained_singlet	mac_mono_supported	retain_for_current_mac_mono_analysis	singlet	0.379511248125035
GAATAAGAGCAGGCTA.28	5	core_retained_singlet	mac_mono_supported	retain_for_current_mac_mono_analysis	singlet	0.170587825758007
GAATAAGTCTTTACGT.25	5	core_retained_singlet	mac_mono_supported	retain_for_current_mac_mono_analysis	singlet	0.0339377132860736
GAATGAACATGCCCGA.49	5	core_retained_singlet	mac_mono_supported	retain_for_current_mac_mono_analysis	singlet	0.0284896821668795
GACACGCAGACTAAGT.49	5	core_retained_singlet	mac_mono_supported	retain_for_current_mac_mono_analysis	singlet	0.165696858433525
GACACGCAGATCGATA.29	5	core_retained_singlet	mac_mono_supported	retain_for_current_mac_mono_analysis	singlet	0.367219819196441
GACACGCAGATGGGTC.29	5	core_retained_singlet	mac_mono_supported	retain_for_current_mac_mono_analysis	singlet	0.311969996939237
GACACGCCATACGCTA.19	5	core_retained_singlet	mac_mono_supported	retain_for_current_mac_mono_analysis	singlet	0.0269446873753055
GACACGCGTGTTTGTG.39	5	core_retained_singlet	mac_mono_supported	retain_for_current_mac_mono_analysis	singlet	0.0878094058004361
GACACGCTCCGCATAA.28	5	core_retained_singlet	mac_mono_supported	retain_for_current_mac_mono_analysis	singlet	0.302639812551268
GACACGCTCTCCAACC.29	5	core_retained_singlet	mac_mono_supported	retain_for_current_mac_mono_analysis	singlet	0.286359196537289
GACCAATAGGGTCTCC.55	5	core_retained_singlet	mac_mono_supported	retain_for_current_mac_mono_analysis	singlet	0.384861888132038
GACCAATCACGAGGTA.25	5	core_retained_singlet	mac_mono_supported	retain_for_current_mac_mono_analysis	singlet	0.374907681870952
GACCAATCATCCCACT.29	5	core_retained_singlet	mac_mono_supported	retain_for_current_mac_mono_analysis	singlet	0.334087558437348
GACCTGGGTTCCGTCT.29	5	core_retained_singlet	mac_mono_supported	retain_for_current_mac_mono_analysis	singlet	0.0348387351373314
GACGGCTAGCTAAACA.46	5	core_retained_singlet	mac_mono_supported	retain_for_current_mac_mono_analysis	singlet	0.244237603759647
GACGGCTAGGGTATCG.24	5	core_retained_singlet	mac_mono_supported	retain_for_current_mac_mono_analysis	singlet	0.182144415958984
GACGTGCAGCGTGAAC.55	5	core_retained_singlet	mac_mono_supported	retain_for_current_mac_mono_analysis	singlet	0.201050484924863
GACGTGCCACCCATGG.49	5	core_retained_singlet	mac_mono_supported	retain_for_current_mac_mono_analysis	singlet	0.030220655434163
GACGTTAGTACGCTGC.55	5	core_retained_singlet	mac_mono_supported	retain_for_current_mac_mono_analysis	singlet	0.220281644033014
GACGTTAGTCTGGAGA.56	5	core_retained_singlet	mac_mono_supported	retain_for_current_mac_mono_analysis	singlet	0.123833737980038
GACTAACCAATGTTGC.52	5	core_retained_singlet	mac_mono_supported	retain_for_current_mac_mono_analysis	singlet	0.123180243310905
GACTACAGTAAACACA.55	5	core_retained_singlet	mac_mono_supported	retain_for_current_mac_mono_analysis	singlet	0.17506032647802
GACTGCGCAATGGTCT.60	5	core_retained_singlet	mac_mono_supported	retain_for_current_mac_mono_analysis	singlet	0.159550528167794
GAGCAGACACGACTCG.49	5	core_retained_singlet	mac_mono_supported	retain_for_current_mac_mono_analysis	singlet	0.164415063092218
GAGGTGACATCGGGTC.28	5	core_retained_singlet	mac_mono_supported	retain_for_current_mac_mono_analysis	singlet	0.154602619486384
GAGTCCGAGTCCGTAT.30	5	core_retained_singlet	mac_mono_supported	retain_for_current_mac_mono_analysis	singlet	0.127308337318258
GAGTCCGTCCTGCTTG.29	5	core_retained_singlet	mac_mono_supported	retain_for_current_mac_mono_analysis	singlet	0.36932324490463
GATCAGTCACACCGCA.19	5	core_retained_singlet	mac_mono_supported	retain_for_current_mac_mono_analysis	singlet	0.180131507880724
GATCAGTCATCTACGA.50	5	core_retained_singlet	mac_mono_supported	retain_for_current_mac_mono_analysis	singlet	0.390199725093736
GATCAGTCATGCAATC.57	5	core_retained_singlet	mac_mono_supported	retain_for_current_mac_mono_analysis	singlet	0.17652811264096
GATCGATGTAGCTTGT.28	5	core_retained_singlet	mac_mono_supported	retain_for_current_mac_mono_analysis	singlet	0.298549893849902
GATCGCGAGGTGATTA.28	5	core_retained_singlet	mac_mono_supported	retain_for_current_mac_mono_analysis	singlet	0.364664620535339
GATCGCGTCACTCCTG.22	5	core_retained_singlet	mac_mono_supported	retain_for_current_mac_mono_analysis	singlet	0.271837428977936
GATCGTAAGATCCTGT.28	5	core_retained_singlet	mac_mono_supported	retain_for_current_mac_mono_analysis	singlet	0.267972436500748
GATCGTACACCTCGGA.20	5	core_retained_singlet	mac_mono_supported	retain_for_current_mac_mono_analysis	singlet	0.262012668830209
GATCTAGAGTGTGAAT.49	5	core_retained_singlet	mac_mono_supported	retain_for_current_mac_mono_analysis	singlet	0.077430618332431
GATCTAGAGTTGCAGG.32	5	core_retained_singlet	mac_mono_supported	retain_for_current_mac_mono_analysis	singlet	0.18852010945043
GATCTAGGTAGCTGCC.19	5	core_retained_singlet	mac_mono_supported	retain_for_current_mac_mono_analysis	singlet	0.137488052194506
GATGAAAGTACAGCAG.55	5	core_retained_singlet	mac_mono_supported	retain_for_current_mac_mono_analysis	singlet	0.295863348785004
GATGAGGCATAACCTG.19	5	core_retained_singlet	mac_mono_supported	retain_for_current_mac_mono_analysis	singlet	0.0322810345812041
GATGCTACATCTATGG.19	5	core_retained_singlet	mac_mono_supported	retain_for_current_mac_mono_analysis	singlet	0.0658073617245139
GATGCTAGTGACCAAG.60	5	core_retained_singlet	mac_mono_supported	retain_for_current_mac_mono_analysis	singlet	0.0409830681533371
GATGCTATCTGAAAGA.55	5	core_retained_singlet	mac_mono_supported	retain_for_current_mac_mono_analysis	singlet	0.0778060999993127
GATTCAGAGCATGGCA.16	5	core_retained_singlet	mac_mono_supported	retain_for_current_mac_mono_analysis	singlet	0.288883052242336
GATTCAGAGCCGCCTA.20	5	core_retained_singlet	mac_mono_supported	retain_for_current_mac_mono_analysis	singlet	0.331487367498783
GATTCAGCATCACGAT.25	5	core_retained_singlet	mac_mono_supported	retain_for_current_mac_mono_analysis	singlet	0.323008503308686
GCAAACTAGGATTCGG.24	5	core_retained_singlet	mac_mono_supported	retain_for_current_mac_mono_analysis	singlet	0.0467311288212771
GCAAACTAGGCATTGG.29	5	core_retained_singlet	mac_mono_supported	retain_for_current_mac_mono_analysis	singlet	0.201696201709623
GCAAACTCATGGATGG.54	5	core_retained_singlet	mac_mono_supported	retain_for_current_mac_mono_analysis	singlet	0.221717698896422
GCAAACTGTTACGTCA.30	5	core_retained_singlet	mac_mono_supported	retain_for_current_mac_mono_analysis	singlet	0.177679598443659
GCAATCACATGTCCTC.49	5	core_retained_singlet	mac_mono_supported	retain_for_current_mac_mono_analysis	singlet	0.250227669610946
GCAATCATCCTGTACC.26	5	core_retained_singlet	mac_mono_supported	retain_for_current_mac_mono_analysis	singlet	0.317733131440194
GCACATAAGGCTAGGT.55	5	core_retained_singlet	mac_mono_supported	retain_for_current_mac_mono_analysis	singlet	0.27162979586689
GCACATAGTATCAGTC.49	5	core_retained_singlet	mac_mono_supported	retain_for_current_mac_mono_analysis	singlet	0.131527002980224
GCACATATCAACACGT.49	5	core_retained_singlet	mac_mono_supported	retain_for_current_mac_mono_analysis	singlet	0.025280633342492
GCACTCTTCGGCGGTT.28	5	core_retained_singlet	mac_mono_supported	retain_for_current_mac_mono_analysis	singlet	0.20495347763198
GCAGCCATCCTTCAAT.56	5	core_retained_singlet	mac_mono_supported	retain_for_current_mac_mono_analysis	singlet	0.260153428571171
GCATACACATACCATG.49	5	core_retained_singlet	mac_mono_supported	retain_for_current_mac_mono_analysis	singlet	0.340180319186653
GCATACACATCACCCT.35	5	core_retained_singlet	mac_mono_supported	retain_for_current_mac_mono_analysis	singlet	0.278272649692093
GCATACACATGCTAGT.41	5	core_retained_singlet	mac_mono_supported	retain_for_current_mac_mono_analysis	singlet	0.0492267968570564
GCATGATAGGGTCGAT.28	5	core_retained_singlet	mac_mono_supported	retain_for_current_mac_mono_analysis	singlet	0.262003458059465
GCATGATCACCAGCAC.28	5	core_retained_singlet	mac_mono_supported	retain_for_current_mac_mono_analysis	singlet	0.287253251894817
GCATGCGAGCGATTCT.29	5	core_retained_singlet	mac_mono_supported	retain_for_current_mac_mono_analysis	singlet	0.332335606203722
GCATGCGAGTCACGCC.28	5	core_retained_singlet	mac_mono_supported	retain_for_current_mac_mono_analysis	singlet	0.235181421505085
GCCAAATAGTTTAGGA.28	5	core_retained_singlet	mac_mono_supported	retain_for_current_mac_mono_analysis	singlet	0.348115361238151
GCCAAATCAGCTGCTG.28	5	core_retained_singlet	mac_mono_supported	retain_for_current_mac_mono_analysis	singlet	0.163757705496845
GCCAAATTCGACAGCC.55	5	core_retained_singlet	mac_mono_supported	retain_for_current_mac_mono_analysis	singlet	0.124970565687176
GCCTCTAAGCGGATCA.25	5	core_retained_singlet	mac_mono_supported	retain_for_current_mac_mono_analysis	singlet	0.0302843012779319
GCCTCTATCTCAAACG.19	5	core_retained_singlet	mac_mono_supported	retain_for_current_mac_mono_analysis	singlet	0.175468510844105
GCCTCTATCTCTGAGA.59	5	core_retained_singlet	mac_mono_supported	retain_for_current_mac_mono_analysis	singlet	0.340427080886549
GCGACCAGTCATACTG.28	5	core_retained_singlet	mac_mono_supported	retain_for_current_mac_mono_analysis	singlet	0.124240459567145
GCGAGAAAGCTAACTC.29	5	core_retained_singlet	mac_mono_supported	retain_for_current_mac_mono_analysis	singlet	0.217437676487768
GCGAGAACACAACTGT.12	5	core_retained_singlet	mac_mono_supported	retain_for_current_mac_mono_analysis	singlet	0.0505760920478617
GCGAGAAGTGGCGAAT.55	5	core_retained_singlet	mac_mono_supported	retain_for_current_mac_mono_analysis	singlet	0.379614602556874
GCGAGAATCGGCTACG.25	5	core_retained_singlet	mac_mono_supported	retain_for_current_mac_mono_analysis	singlet	0.0471261725640238
GCGCAACAGCGAGAAA.55	5	core_retained_singlet	mac_mono_supported	retain_for_current_mac_mono_analysis	singlet	0.244324594269449
GCGCAACCAGGATCGA.55	5	core_retained_singlet	mac_mono_supported	retain_for_current_mac_mono_analysis	singlet	0.29743942722763
GCGCAGTAGGACATTA.19	5	core_retained_singlet	mac_mono_supported	retain_for_current_mac_mono_analysis	singlet	0.109500717269194
GCGCAGTCACTAAGTC.28	5	core_retained_singlet	mac_mono_supported	retain_for_current_mac_mono_analysis	singlet	0.210286793780603
GCGCAGTTCAAGATCC.49	5	core_retained_singlet	mac_mono_supported	retain_for_current_mac_mono_analysis	singlet	0.200141261896177
GCGCAGTTCGCATGGC.30	5	core_retained_singlet	mac_mono_supported	retain_for_current_mac_mono_analysis	singlet	0.205991305668908
GCGCCAACACCATGTA.28	5	core_retained_singlet	mac_mono_supported	retain_for_current_mac_mono_analysis	singlet	0.0505250249520231
GCGCCAACATTCCTGC.22	5	core_retained_singlet	mac_mono_supported	retain_for_current_mac_mono_analysis	singlet	0.344940131768894
GCGCCAAGTCATCGGC.29	5	core_retained_singlet	mac_mono_supported	retain_for_current_mac_mono_analysis	singlet	0.224778779670164
GCGCGATAGGTGGGTT.29	5	core_retained_singlet	mac_mono_supported	retain_for_current_mac_mono_analysis	singlet	0.297219894801995
GCGCGATTCCTAGGGC.29	5	core_retained_singlet	mac_mono_supported	retain_for_current_mac_mono_analysis	singlet	0.309877288053226
GCGGGTTCAATGGTCT.26	5	core_retained_singlet	mac_mono_supported	retain_for_current_mac_mono_analysis	singlet	0.373371193036875
GCTCCTAGTTCACGGC.39	5	core_retained_singlet	mac_mono_supported	retain_for_current_mac_mono_analysis	singlet	0.0831254837233949
GCTCTGTAGTCAATAG.60	5	core_retained_singlet	mac_mono_supported	retain_for_current_mac_mono_analysis	singlet	0.137478321682745
GCTCTGTGTTCCAACA.59	5	core_retained_singlet	mac_mono_supported	retain_for_current_mac_mono_analysis	singlet	0.309820543153697
GCTCTGTTCAACACCA.49	5	core_retained_singlet	mac_mono_supported	retain_for_current_mac_mono_analysis	singlet	0.158702962617158
GCTGCAGTCTACTCAT.49	5	core_retained_singlet	mac_mono_supported	retain_for_current_mac_mono_analysis	singlet	0.0409914387475954
GCTGCGAGTTACGCGC.28	5	core_retained_singlet	mac_mono_supported	retain_for_current_mac_mono_analysis	singlet	0.05851527984597
GCTGCTTTCATGTCTT.39	5	core_retained_singlet	mac_mono_supported	retain_for_current_mac_mono_analysis	singlet	0.0357510987103175
GCTTCCAAGTTGAGAT.19	5	core_retained_singlet	mac_mono_supported	retain_for_current_mac_mono_analysis	singlet	0.0549869965202854
GCTTCCACATCCCACT.28	5	core_retained_singlet	mac_mono_supported	retain_for_current_mac_mono_analysis	singlet	0.303819377752786
GCTTCCATCTGTCAAG.29	5	core_retained_singlet	mac_mono_supported	retain_for_current_mac_mono_analysis	singlet	0.215327381228231
GCTTGAAGTTCTGGTA.49	5	core_retained_singlet	mac_mono_supported	retain_for_current_mac_mono_analysis	singlet	0.22731233482627
GCTTGAATCCTCCTAG.28	5	core_retained_singlet	mac_mono_supported	retain_for_current_mac_mono_analysis	singlet	0.223492507050646
GCTTGAATCGTTACGA.33	5	core_retained_singlet	mac_mono_supported	retain_for_current_mac_mono_analysis	singlet	0.218469319720633
GGAACTTAGGCAGGTT.49	5	core_retained_singlet	mac_mono_supported	retain_for_current_mac_mono_analysis	singlet	0.0917379511136578
GGAACTTAGGTGTTAA.49	5	core_retained_singlet	mac_mono_supported	retain_for_current_mac_mono_analysis	singlet	0.201759669251504
GGAACTTGTAGGAGTC.49	5	core_retained_singlet	mac_mono_supported	retain_for_current_mac_mono_analysis	singlet	0.336914766951415
GGAACTTGTTACGACT.28	5	core_retained_singlet	mac_mono_supported	retain_for_current_mac_mono_analysis	singlet	0.331742856028575
GGAACTTTCTGGAGCC.25	5	core_retained_singlet	mac_mono_supported	retain_for_current_mac_mono_analysis	singlet	0.0289468710304652
GGAATAAAGACTAAGT.50	5	core_retained_singlet	mac_mono_supported	retain_for_current_mac_mono_analysis	singlet	0.212425135375214
GGACAAGAGCTCTCGG.28	5	core_retained_singlet	mac_mono_supported	retain_for_current_mac_mono_analysis	singlet	0.163109852290084
GGACAGACACAGACAG.28	5	core_retained_singlet	mac_mono_supported	retain_for_current_mac_mono_analysis	singlet	0.150382926431087
GGACATTCAATACGCT.55	5	core_retained_singlet	mac_mono_supported	retain_for_current_mac_mono_analysis	singlet	0.110075576908765
GGACATTTCCCTTGTG.49	5	core_retained_singlet	mac_mono_supported	retain_for_current_mac_mono_analysis	singlet	0.135033549343092
GGACGTCAGTCCAGGA.46	5	core_retained_singlet	mac_mono_supported	retain_for_current_mac_mono_analysis	singlet	0.134293210056169
GGAGCAAAGGCGTACA.7	5	core_retained_singlet	mac_mono_supported	retain_for_current_mac_mono_analysis	singlet	0.335922567096884
GGATGTTCAAGGCTCC.22	5	core_retained_singlet	mac_mono_supported	retain_for_current_mac_mono_analysis	singlet	0.220305145866795
GGATGTTGTAGCTGCC.28	5	core_retained_singlet	mac_mono_supported	retain_for_current_mac_mono_analysis	singlet	0.15070549128301
GGATTACCATGTCTCC.28	5	core_retained_singlet	mac_mono_supported	retain_for_current_mac_mono_analysis	singlet	0.380050726786126
GGATTACGTGCATCTA.20	5	core_retained_singlet	mac_mono_supported	retain_for_current_mac_mono_analysis	singlet	0.126529549651194
GGCAATTGTTGGACCC.27	5	core_retained_singlet	mac_mono_supported	retain_for_current_mac_mono_analysis	singlet	0.239451767641972
GGCAATTTCTCTGAGA.26	5	core_retained_singlet	mac_mono_supported	retain_for_current_mac_mono_analysis	singlet	0.281663796270174
GGCCGATAGCTAGGCA.49	5	core_retained_singlet	mac_mono_supported	retain_for_current_mac_mono_analysis	singlet	0.0325111608400206
GGCCGATTCTTGACGA.12	5	core_retained_singlet	mac_mono_supported	retain_for_current_mac_mono_analysis	singlet	0.0990962512986285
GGCGACTAGTGCAAGC.29	5	core_retained_singlet	mac_mono_supported	retain_for_current_mac_mono_analysis	singlet	0.348083319473452
GGCGACTCAAGACGTG.24	5	core_retained_singlet	mac_mono_supported	retain_for_current_mac_mono_analysis	singlet	0.0726590805576352
GGCGACTGTAGCACGA.46	5	core_retained_singlet	mac_mono_supported	retain_for_current_mac_mono_analysis	singlet	0.0659079928118689
GGCGACTTCACTTCAT.49	5	core_retained_singlet	mac_mono_supported	retain_for_current_mac_mono_analysis	singlet	0.14666296863544
GGCGACTTCCCGACTT.29	5	core_retained_singlet	mac_mono_supported	retain_for_current_mac_mono_analysis	singlet	0.119646064657712
GGCGACTTCCTCAACC.22	5	core_retained_singlet	mac_mono_supported	retain_for_current_mac_mono_analysis	singlet	0.360282923256497
GGCTGGTCAAACGTGG.29	5	core_retained_singlet	mac_mono_supported	retain_for_current_mac_mono_analysis	singlet	0.328007044920585
GGCTGGTGTCCATCCT.19	5	core_retained_singlet	mac_mono_supported	retain_for_current_mac_mono_analysis	singlet	0.0315292585648749
GGCTGGTGTCTGCGGT.19	5	core_retained_singlet	mac_mono_supported	retain_for_current_mac_mono_analysis	singlet	0.123996199307789
GGGAATGGTTCACCTC.20	5	core_retained_singlet	mac_mono_supported	retain_for_current_mac_mono_analysis	singlet	0.0381481639867177
GGGAATGTCCTACAGA.30	5	core_retained_singlet	mac_mono_supported	retain_for_current_mac_mono_analysis	singlet	0.305205322481367
GGGACCTAGGCTATCT.58	5	core_retained_singlet	mac_mono_supported	retain_for_current_mac_mono_analysis	singlet	0.311157573362447
GGGACCTCAGCATGAG.29	5	core_retained_singlet	mac_mono_supported	retain_for_current_mac_mono_analysis	singlet	0.312863211901139
GGGAGATAGGCCCTTG.28	5	core_retained_singlet	mac_mono_supported	retain_for_current_mac_mono_analysis	singlet	0.165268374347241
GGGAGATGTCTCGTTC.55	5	core_retained_singlet	mac_mono_supported	retain_for_current_mac_mono_analysis	singlet	0.0711772668263389
GGGATGAGTCTCTTTA.48	5	core_retained_singlet	mac_mono_supported	retain_for_current_mac_mono_analysis	singlet	0.213178653107985
GGGATGATCGGCATCG.49	5	core_retained_singlet	mac_mono_supported	retain_for_current_mac_mono_analysis	singlet	0.281253317001134
GGGCACTAGAACAATC.58	5	core_retained_singlet	mac_mono_supported	retain_for_current_mac_mono_analysis	singlet	0.342119667199476
GGGCACTGTAAAGTCA.55	5	core_retained_singlet	mac_mono_supported	retain_for_current_mac_mono_analysis	singlet	0.212094486194484
GGGCATCAGTGGTAAT.39	5	core_retained_singlet	mac_mono_supported	retain_for_current_mac_mono_analysis	singlet	0.0521338593811192
GGGCATCCAGACGCCT.60	5	core_retained_singlet	mac_mono_supported	retain_for_current_mac_mono_analysis	singlet	0.0502957013742074
GGTATTGCATCTACGA.28	5	core_retained_singlet	mac_mono_supported	retain_for_current_mac_mono_analysis	singlet	0.0246440192675487
GGTATTGGTAAATGTG.49	5	core_retained_singlet	mac_mono_supported	retain_for_current_mac_mono_analysis	singlet	0.299940923186141
GGTATTGGTAATCACC.28	5	core_retained_singlet	mac_mono_supported	retain_for_current_mac_mono_analysis	singlet	0.200711290267094
GGTATTGGTTTGACTG.55	5	core_retained_singlet	mac_mono_supported	retain_for_current_mac_mono_analysis	singlet	0.396746749333071
GGTGAAGGTATATGAG.22	5	core_retained_singlet	mac_mono_supported	retain_for_current_mac_mono_analysis	singlet	0.269221150108844
GGTGCGTAGTACACCT.56	5	core_retained_singlet	mac_mono_supported	retain_for_current_mac_mono_analysis	singlet	0.0681035692204488
GGTGCGTTCAGGCGAA.60	5	core_retained_singlet	mac_mono_supported	retain_for_current_mac_mono_analysis	singlet	0.156120652343954
GTAACGTAGCGTTGCC.29	5	core_retained_singlet	mac_mono_supported	retain_for_current_mac_mono_analysis	singlet	0.0651107479902254
GTAACGTCAAGCTGGA.29	5	core_retained_singlet	mac_mono_supported	retain_for_current_mac_mono_analysis	singlet	0.117996864892031
GTAACTGAGCTAGCCC.20	5	core_retained_singlet	mac_mono_supported	retain_for_current_mac_mono_analysis	singlet	0.152549829777138
GTAACTGAGGGTGTTG.19	5	core_retained_singlet	mac_mono_supported	retain_for_current_mac_mono_analysis	singlet	0.116450704883483
GTACGTAAGCCACTAT.30	5	core_retained_singlet	mac_mono_supported	retain_for_current_mac_mono_analysis	singlet	0.306934999607029
GTACGTAGTCACCCAG.26	5	core_retained_singlet	mac_mono_supported	retain_for_current_mac_mono_analysis	singlet	0.333990647936387
GTACGTAGTTCGTTGA.54	5	core_retained_singlet	mac_mono_supported	retain_for_current_mac_mono_analysis	singlet	0.32708197455919
GTACTCCAGCTAGGCA.30	5	core_retained_singlet	mac_mono_supported	retain_for_current_mac_mono_analysis	singlet	0.125604802256604
GTACTCCCATCGGGTC.36	5	core_retained_singlet	mac_mono_supported	retain_for_current_mac_mono_analysis	singlet	0.370437059576092
GTACTTTCAGTCTTCC.60	5	core_retained_singlet	mac_mono_supported	retain_for_current_mac_mono_analysis	singlet	0.227041706566929
GTACTTTGTGCCTGCA.25	5	core_retained_singlet	mac_mono_supported	retain_for_current_mac_mono_analysis	singlet	0.149624430070759
GTAGGCCCAAACTGTC.49	5	core_retained_singlet	mac_mono_supported	retain_for_current_mac_mono_analysis	singlet	0.159666855868546
GTAGTCAAGAGAACAG.49	5	core_retained_singlet	mac_mono_supported	retain_for_current_mac_mono_analysis	singlet	0.242279837558174
GTAGTCACAGGGTTAG.28	5	core_retained_singlet	mac_mono_supported	retain_for_current_mac_mono_analysis	singlet	0.00735912353199516
GTAGTCACATGCCTTC.49	5	core_retained_singlet	mac_mono_supported	retain_for_current_mac_mono_analysis	singlet	0.100187044276343
GTATTCTCAGAAGCAC.49	5	core_retained_singlet	mac_mono_supported	retain_for_current_mac_mono_analysis	singlet	0.0572802472789877
GTATTCTCATGGGACA.55	5	core_retained_singlet	mac_mono_supported	retain_for_current_mac_mono_analysis	singlet	0.234913315587706
GTATTCTTCTGATACG.28	5	core_retained_singlet	mac_mono_supported	retain_for_current_mac_mono_analysis	singlet	0.37828312024195
GTCAAGTAGGGAAACA.29	5	core_retained_singlet	mac_mono_supported	retain_for_current_mac_mono_analysis	singlet	0.227187946983097
GTCAAGTGTACTCAAC.19	5	core_retained_singlet	mac_mono_supported	retain_for_current_mac_mono_analysis	singlet	0.0565840222333551
GTCAAGTGTGACTACT.19	5	core_retained_singlet	mac_mono_supported	retain_for_current_mac_mono_analysis	singlet	0.0684735201885973
GTCAAGTTCTTACCGC.38	5	core_retained_singlet	mac_mono_supported	retain_for_current_mac_mono_analysis	singlet	0.213736593670905
GTCAAGTTCTTGTACT.55	5	core_retained_singlet	mac_mono_supported	retain_for_current_mac_mono_analysis	singlet	0.111119364747829
GTCACAATCCTATTCA.33	5	core_retained_singlet	mac_mono_supported	retain_for_current_mac_mono_analysis	singlet	0.384540082349604
GTCACGGGTCCCTTGT.57	5	core_retained_singlet	mac_mono_supported	retain_for_current_mac_mono_analysis	singlet	0.229921444381701
GTCACGGGTCGTGGCT.59	5	core_retained_singlet	mac_mono_supported	retain_for_current_mac_mono_analysis	singlet	0.0728336230798019
GTCATTTTCCTGCAGG.58	5	core_retained_singlet	mac_mono_supported	retain_for_current_mac_mono_analysis	singlet	0.0872877367748805
GTCGGGTAGTTTCCTT.22	5	core_retained_singlet	mac_mono_supported	retain_for_current_mac_mono_analysis	singlet	0.249412202862901
GTCGGGTCATGATCCA.29	5	core_retained_singlet	mac_mono_supported	retain_for_current_mac_mono_analysis	singlet	0.224255436012796
GTCGGGTTCCATGCTC.28	5	core_retained_singlet	mac_mono_supported	retain_for_current_mac_mono_analysis	singlet	0.340558869664925
GTCGTAAAGGCATGGT.20	5	core_retained_singlet	mac_mono_supported	retain_for_current_mac_mono_analysis	singlet	0.0856428828915278
GTCGTAAAGTCGTACT.6	5	core_retained_singlet	mac_mono_supported	retain_for_current_mac_mono_analysis	singlet	0.264543091592079
GTCGTAACAAAGCAAT.28	5	core_retained_singlet	mac_mono_supported	retain_for_current_mac_mono_analysis	singlet	0.0152326713292542
GTCGTAAGTCATGCCG.29	5	core_retained_singlet	mac_mono_supported	retain_for_current_mac_mono_analysis	singlet	0.234959745283036
GTCGTAAGTTCTGGTA.28	5	core_retained_singlet	mac_mono_supported	retain_for_current_mac_mono_analysis	singlet	0.057091888007874
GTCTCGTAGAAGGTTT.22	5	core_retained_singlet	mac_mono_supported	retain_for_current_mac_mono_analysis	singlet	0.112181259066231
GTCTCGTAGACGACGT.29	5	core_retained_singlet	mac_mono_supported	retain_for_current_mac_mono_analysis	singlet	0.158478940488712
GTCTCGTGTGCAACGA.20	5	core_retained_singlet	mac_mono_supported	retain_for_current_mac_mono_analysis	singlet	0.369467609338941
GTCTCGTTCATAAAGG.49	5	core_retained_singlet	mac_mono_supported	retain_for_current_mac_mono_analysis	singlet	0.228337440382633
GTGAAGGTCCTTTCTC.25	5	core_retained_singlet	mac_mono_supported	retain_for_current_mac_mono_analysis	singlet	0.339911519922489
GTGCAGCAGAAGGTGA.33	5	core_retained_singlet	mac_mono_supported	retain_for_current_mac_mono_analysis	singlet	0.328751301216573
GTGCAGCAGCCATCGC.39	5	core_retained_singlet	mac_mono_supported	retain_for_current_mac_mono_analysis	singlet	0.0796313685104528
GTGCAGCCACATTAGC.28	5	core_retained_singlet	mac_mono_supported	retain_for_current_mac_mono_analysis	singlet	0.125982197727673
GTGCAGCGTAATAGCA.30	5	core_retained_singlet	mac_mono_supported	retain_for_current_mac_mono_analysis	singlet	0.157496592020222
GTGCAGCGTATTCGTG.58	5	core_retained_singlet	mac_mono_supported	retain_for_current_mac_mono_analysis	singlet	0.328897188322346
GTGCATAAGATACACA.38	5	core_retained_singlet	mac_mono_supported	retain_for_current_mac_mono_analysis	singlet	0.292976246968526
GTGCATAAGGAACTGC.25	5	core_retained_singlet	mac_mono_supported	retain_for_current_mac_mono_analysis	singlet	0.0198251848029199
GTGCATATCAGCTGGC.20	5	core_retained_singlet	mac_mono_supported	retain_for_current_mac_mono_analysis	singlet	0.304564610258167
GTGGGTCCACGGCCAT.49	5	core_retained_singlet	mac_mono_supported	retain_for_current_mac_mono_analysis	singlet	0.147707447553454
GTGGGTCGTCTTCGTC.28	5	core_retained_singlet	mac_mono_supported	retain_for_current_mac_mono_analysis	singlet	0.308930459839351
GTGTGCGTCTCATTCA.29	5	core_retained_singlet	mac_mono_supported	retain_for_current_mac_mono_analysis	singlet	0.330596859198255
GTGTTAGAGCGTAATA.29	5	core_retained_singlet	mac_mono_supported	retain_for_current_mac_mono_analysis	singlet	0.374197771739736
GTGTTAGCAGGTTTCA.55	5	core_retained_singlet	mac_mono_supported	retain_for_current_mac_mono_analysis	singlet	0.249543447402283
GTGTTAGGTCTCTTAT.28	5	core_retained_singlet	mac_mono_supported	retain_for_current_mac_mono_analysis	singlet	0.37493656320116
GTGTTAGTCGAGGTAG.55	5	core_retained_singlet	mac_mono_supported	retain_for_current_mac_mono_analysis	singlet	0.364548618584823
GTTAAGCAGGTGTGGT.28	5	core_retained_singlet	mac_mono_supported	retain_for_current_mac_mono_analysis	singlet	0.203542860793939
GTTAAGCCAAATCCGT.55	5	core_retained_singlet	mac_mono_supported	retain_for_current_mac_mono_analysis	singlet	0.0977229889226181
GTTCGGGAGTACGATA.29	5	core_retained_singlet	mac_mono_supported	retain_for_current_mac_mono_analysis	singlet	0.18148264746603
GTTCGGGCAGGGATTG.26	5	core_retained_singlet	mac_mono_supported	retain_for_current_mac_mono_analysis	singlet	0.322550708345363
GTTCTCGCACCAGGTC.55	5	core_retained_singlet	mac_mono_supported	retain_for_current_mac_mono_analysis	singlet	0.0928777805866723
GTTCTCGGTGCTCTTC.25	5	core_retained_singlet	mac_mono_supported	retain_for_current_mac_mono_analysis	singlet	0.0406024228866036
GTTCTCGTCTTAACCT.55	5	core_retained_singlet	mac_mono_supported	retain_for_current_mac_mono_analysis	singlet	0.375441676432633
GTTTCTAAGTGTCTCA.29	5	core_retained_singlet	mac_mono_supported	retain_for_current_mac_mono_analysis	singlet	0.285022057984183
GTTTCTACACTGAAGG.29	5	core_retained_singlet	mac_mono_supported	retain_for_current_mac_mono_analysis	singlet	0.240968140715135
TAAACCGAGGGCTTGA.28	5	core_retained_singlet	mac_mono_supported	retain_for_current_mac_mono_analysis	singlet	0.169688437370166
TAAACCGTCCGTACAA.29	5	core_retained_singlet	mac_mono_supported	retain_for_current_mac_mono_analysis	singlet	0.36320103245028
TAAGAGAAGAGCCTAG.29	5	core_retained_singlet	mac_mono_supported	retain_for_current_mac_mono_analysis	singlet	0.290446373648295
TAAGAGACATTTGCTT.59	5	core_retained_singlet	mac_mono_supported	retain_for_current_mac_mono_analysis	singlet	0.1849256473965
TAAGAGAGTAAATGAC.28	5	core_retained_singlet	mac_mono_supported	retain_for_current_mac_mono_analysis	singlet	0.117712524047962
TAAGCGTCAAGGGTCA.25	5	core_retained_singlet	mac_mono_supported	retain_for_current_mac_mono_analysis	singlet	0.0829610604172032
TAAGCGTTCCCTAACC.25	5	core_retained_singlet	mac_mono_supported	retain_for_current_mac_mono_analysis	singlet	0.0463535342497817
TAAGTGCAGCTGAACG.46	5	core_retained_singlet	mac_mono_supported	retain_for_current_mac_mono_analysis	singlet	0.160965312334729
TAAGTGCCAGTTTACG.34	5	core_retained_singlet	mac_mono_supported	retain_for_current_mac_mono_analysis	singlet	0.313314708288599
TACACGACACAGCGTC.57	5	core_retained_singlet	mac_mono_supported	retain_for_current_mac_mono_analysis	singlet	0.111731716536818
TACACGATCTGGTATG.55	5	core_retained_singlet	mac_mono_supported	retain_for_current_mac_mono_analysis	singlet	0.221360815048348
TACCTATTCCGCAGTG.50	5	core_retained_singlet	mac_mono_supported	retain_for_current_mac_mono_analysis	singlet	0.266141521746333
TACCTTACAAGTTAAG.29	5	core_retained_singlet	mac_mono_supported	retain_for_current_mac_mono_analysis	singlet	0.298698334915858
TACGGATTCCCTGACT.49	5	core_retained_singlet	mac_mono_supported	retain_for_current_mac_mono_analysis	singlet	0.121819780158547
TACGGTATCCAAACAC.30	5	core_retained_singlet	mac_mono_supported	retain_for_current_mac_mono_analysis	singlet	0.178418305224458
TACTCATAGAACAACT.54	5	core_retained_singlet	mac_mono_supported	retain_for_current_mac_mono_analysis	singlet	0.379746986023445
TACTCATAGATCCCGC.49	5	core_retained_singlet	mac_mono_supported	retain_for_current_mac_mono_analysis	singlet	0.0415442106162685
TACTCATTCGCACTCT.33	5	core_retained_singlet	mac_mono_supported	retain_for_current_mac_mono_analysis	singlet	0.38661036769171
TACTCGCCAAATTGCC.29	5	core_retained_singlet	mac_mono_supported	retain_for_current_mac_mono_analysis	singlet	0.165050123764347
TACTTACAGAGGGATA.28	5	core_retained_singlet	mac_mono_supported	retain_for_current_mac_mono_analysis	singlet	0.209445852341674
TACTTACAGTCTCGGC.60	5	core_retained_singlet	mac_mono_supported	retain_for_current_mac_mono_analysis	singlet	0.0719615290268939
TACTTACGTTTAAGCC.48	5	core_retained_singlet	mac_mono_supported	retain_for_current_mac_mono_analysis	singlet	0.100129621117488
TACTTGTAGGTGCAAC.29	5	core_retained_singlet	mac_mono_supported	retain_for_current_mac_mono_analysis	singlet	0.307898851130159
TACTTGTGTAAGTGGC.29	5	core_retained_singlet	mac_mono_supported	retain_for_current_mac_mono_analysis	singlet	0.316346302114635
TACTTGTGTACTTAGC.28	5	core_retained_singlet	mac_mono_supported	retain_for_current_mac_mono_analysis	singlet	0.0864778894192335
TACTTGTTCCAATGGT.19	5	core_retained_singlet	mac_mono_supported	retain_for_current_mac_mono_analysis	singlet	0.0813108674030649
TAGACCAGTCTTGCGG.21	5	core_retained_singlet	mac_mono_supported	retain_for_current_mac_mono_analysis	singlet	0.282242565210763
TAGACCATCTGGCGTG.28	5	core_retained_singlet	mac_mono_supported	retain_for_current_mac_mono_analysis	singlet	0.067179846820162
TAGAGCTAGATGAGAG.29	5	core_retained_singlet	mac_mono_supported	retain_for_current_mac_mono_analysis	singlet	0.217469850365541
TAGAGCTAGGAATCGC.54	5	core_retained_singlet	mac_mono_supported	retain_for_current_mac_mono_analysis	singlet	0.242135794521522
TAGAGCTAGTAATCCC.29	5	core_retained_singlet	mac_mono_supported	retain_for_current_mac_mono_analysis	singlet	0.182533281672245
TAGAGCTGTGCTTCTC.28	5	core_retained_singlet	mac_mono_supported	retain_for_current_mac_mono_analysis	singlet	0.143140070489456
TAGCCGGAGCCCGAAA.49	5	core_retained_singlet	mac_mono_supported	retain_for_current_mac_mono_analysis	singlet	0.265586167703629
TAGCCGGAGTATCTCG.55	5	core_retained_singlet	mac_mono_supported	retain_for_current_mac_mono_analysis	singlet	0.284594479185256
TAGCCGGCACACCGCA.29	5	core_retained_singlet	mac_mono_supported	retain_for_current_mac_mono_analysis	singlet	0.25571715052445
TAGGCATAGGCCGAAT.24	5	core_retained_singlet	mac_mono_supported	retain_for_current_mac_mono_analysis	singlet	0.199520478332111
TAGGCATCATGCCCGA.32	5	core_retained_singlet	mac_mono_supported	retain_for_current_mac_mono_analysis	singlet	0.249633793898788
TAGGCATGTAATTGGA.28	5	core_retained_singlet	mac_mono_supported	retain_for_current_mac_mono_analysis	singlet	0.123109386287775
TAGTGGTAGTGGACGT.29	5	core_retained_singlet	mac_mono_supported	retain_for_current_mac_mono_analysis	singlet	0.198224931060425
TAGTGGTGTGTGGTTT.28	5	core_retained_singlet	mac_mono_supported	retain_for_current_mac_mono_analysis	singlet	0.113017171170954
TAGTTGGCAGATGAGC.29	5	core_retained_singlet	mac_mono_supported	retain_for_current_mac_mono_analysis	singlet	0.16419210779219
TAGTTGGTCCCTAACC.29	5	core_retained_singlet	mac_mono_supported	retain_for_current_mac_mono_analysis	singlet	0.117047635356199
TATCAGGGTGATGATA.49	5	core_retained_singlet	mac_mono_supported	retain_for_current_mac_mono_analysis	singlet	0.159132267854863
TATCTCAGTCGGCTCA.29	5	core_retained_singlet	mac_mono_supported	retain_for_current_mac_mono_analysis	singlet	0.041077572290299
TATGCCCCAGTCGTGC.28	5	core_retained_singlet	mac_mono_supported	retain_for_current_mac_mono_analysis	singlet	0.343497800445803
TATGCCCGTTCGCGAC.55	5	core_retained_singlet	mac_mono_supported	retain_for_current_mac_mono_analysis	singlet	0.130769212514251
TATTACCCAGCGTCCA.26	5	core_retained_singlet	mac_mono_supported	retain_for_current_mac_mono_analysis	singlet	0.371463911079001
TATTACCGTTTCCACC.30	5	core_retained_singlet	mac_mono_supported	retain_for_current_mac_mono_analysis	singlet	0.184092881983018
TATTACCTCCGTAGTA.28	5	core_retained_singlet	mac_mono_supported	retain_for_current_mac_mono_analysis	singlet	0.230276247554303
TCAACGACAGACGCTC.49	5	core_retained_singlet	mac_mono_supported	retain_for_current_mac_mono_analysis	singlet	0.132587051642583
TCAACGAGTCCGAAGA.49	5	core_retained_singlet	mac_mono_supported	retain_for_current_mac_mono_analysis	singlet	0.121935560165471
TCAACGATCAGCCTAA.29	5	core_retained_singlet	mac_mono_supported	retain_for_current_mac_mono_analysis	singlet	0.38693788200127
TCAACGATCCACGTTC.29	5	core_retained_singlet	mac_mono_supported	retain_for_current_mac_mono_analysis	singlet	0.306101014919102
TCAATCTGTTGCTCCT.55	5	core_retained_singlet	mac_mono_supported	retain_for_current_mac_mono_analysis	singlet	0.132550282124684
TCACAAGGTAGCACGA.49	5	core_retained_singlet	mac_mono_supported	retain_for_current_mac_mono_analysis	singlet	0.113109408278914
TCACAAGTCCTAAGTG.33	5	core_retained_singlet	mac_mono_supported	retain_for_current_mac_mono_analysis	singlet	0.157194821868647
TCACGAACACGGTGTC.41	5	core_retained_singlet	mac_mono_supported	retain_for_current_mac_mono_analysis	singlet	0.016313820911564
TCACGAACAGGGATTG.26	5	core_retained_singlet	mac_mono_supported	retain_for_current_mac_mono_analysis	singlet	0.296292404688887
TCACGAACATCGATTG.55	5	core_retained_singlet	mac_mono_supported	retain_for_current_mac_mono_analysis	singlet	0.144724629875444
TCACGAATCGGAGCAA.19	5	core_retained_singlet	mac_mono_supported	retain_for_current_mac_mono_analysis	singlet	0.327483318251527
TCAGATGGTATCGCAT.49	5	core_retained_singlet	mac_mono_supported	retain_for_current_mac_mono_analysis	singlet	0.306016246620026
TCAGCTCTCGCCTGTT.59	5	core_retained_singlet	mac_mono_supported	retain_for_current_mac_mono_analysis	singlet	0.271250702792024
TCAGGATAGCTTTGGT.28	5	core_retained_singlet	mac_mono_supported	retain_for_current_mac_mono_analysis	singlet	0.203463761596387
TCAGGATTCGTGGGAA.28	5	core_retained_singlet	mac_mono_supported	retain_for_current_mac_mono_analysis	singlet	0.385435224155174
TCATTACAGATATACG.33	5	core_retained_singlet	mac_mono_supported	retain_for_current_mac_mono_analysis	singlet	0.18423220850601
TCATTTGCACTTACGA.25	5	core_retained_singlet	mac_mono_supported	retain_for_current_mac_mono_analysis	singlet	0.0393756244622991
TCATTTGGTCAAAGAT.49	5	core_retained_singlet	mac_mono_supported	retain_for_current_mac_mono_analysis	singlet	0.183948867481795
TCCACACAGGAATTAC.20	5	core_retained_singlet	mac_mono_supported	retain_for_current_mac_mono_analysis	singlet	0.0810014502283724
TCCACACCACACCGAC.29	5	core_retained_singlet	mac_mono_supported	retain_for_current_mac_mono_analysis	singlet	0.21601768205761
TCCACACGTTCCATGA.25	5	core_retained_singlet	mac_mono_supported	retain_for_current_mac_mono_analysis	singlet	0.349026034732661
TCGAGGCAGATGTCGG.49	5	core_retained_singlet	mac_mono_supported	retain_for_current_mac_mono_analysis	singlet	0.275810089984331
TCGAGGCCACGAAATA.55	5	core_retained_singlet	mac_mono_supported	retain_for_current_mac_mono_analysis	singlet	0.0662049721157368
TCGAGGCGTTGCGCAC.60	5	core_retained_singlet	mac_mono_supported	retain_for_current_mac_mono_analysis	singlet	0.37069859504853
TCGAGGCTCCTAGGGC.25	5	core_retained_singlet	mac_mono_supported	retain_for_current_mac_mono_analysis	singlet	0.0375673348846261
TCGAGGCTCCTTGACC.25	5	core_retained_singlet	mac_mono_supported	retain_for_current_mac_mono_analysis	singlet	0.316674069807135
TCGCGAGAGAAAGTGG.19	5	core_retained_singlet	mac_mono_supported	retain_for_current_mac_mono_analysis	singlet	0.113064886918692
TCGCGAGAGTTTAGGA.24	5	core_retained_singlet	mac_mono_supported	retain_for_current_mac_mono_analysis	singlet	0.125562087844477
TCGCGTTAGGCTAGCA.55	5	core_retained_singlet	mac_mono_supported	retain_for_current_mac_mono_analysis	singlet	0.232327253584529
TCGGTAATCCTAGTGA.51	5	core_retained_singlet	mac_mono_supported	retain_for_current_mac_mono_analysis	singlet	0.260549960053022
TCGTAGAGTGCTAGCC.60	5	core_retained_singlet	mac_mono_supported	retain_for_current_mac_mono_analysis	singlet	0.112599737983111
TCTATTGCACGAAGCA.20	5	core_retained_singlet	mac_mono_supported	retain_for_current_mac_mono_analysis	singlet	0.347064934847358
TCTATTGGTGACAAAT.12	5	core_retained_singlet	mac_mono_supported	retain_for_current_mac_mono_analysis	singlet	0.0974090556709129
TCTCATAAGAGGACGG.28	5	core_retained_singlet	mac_mono_supported	retain_for_current_mac_mono_analysis	singlet	0.270755232309132
TCTCATACACATCCGG.28	5	core_retained_singlet	mac_mono_supported	retain_for_current_mac_mono_analysis	singlet	0.22127834294436
TCTGAGAGTCGCATCG.55	5	core_retained_singlet	mac_mono_supported	retain_for_current_mac_mono_analysis	singlet	0.226961656147308
TCTGAGAGTTCACGGC.28	5	core_retained_singlet	mac_mono_supported	retain_for_current_mac_mono_analysis	singlet	0.151998298623918
TCTGAGATCGGAGGTA.29	5	core_retained_singlet	mac_mono_supported	retain_for_current_mac_mono_analysis	singlet	0.152284431089743
TCTGGAACATGCCTAA.49	5	core_retained_singlet	mac_mono_supported	retain_for_current_mac_mono_analysis	singlet	0.297954552906987
TCTTCGGCACCGAATT.29	5	core_retained_singlet	mac_mono_supported	retain_for_current_mac_mono_analysis	singlet	0.386725319755922
TCTTCGGTCGTGGTCG.52	5	core_retained_singlet	mac_mono_supported	retain_for_current_mac_mono_analysis	singlet	0.253114967098736
TCTTCGGTCTGGCGTG.49	5	core_retained_singlet	mac_mono_supported	retain_for_current_mac_mono_analysis	singlet	0.258744952092657
TCTTTCCAGCGCTCCA.55	5	core_retained_singlet	mac_mono_supported	retain_for_current_mac_mono_analysis	singlet	0.143566442862776
TCTTTCCTCTGTCTAT.49	5	core_retained_singlet	mac_mono_supported	retain_for_current_mac_mono_analysis	singlet	0.147967573982846
TGAAAGACAAGTCTAC.21	5	core_retained_singlet	mac_mono_supported	retain_for_current_mac_mono_analysis	singlet	0.293782742091923
TGAAAGATCACTTATC.28	5	core_retained_singlet	mac_mono_supported	retain_for_current_mac_mono_analysis	singlet	0.313812823222247
TGAAAGATCGCAAGCC.19	5	core_retained_singlet	mac_mono_supported	retain_for_current_mac_mono_analysis	singlet	0.0437478713622811
TGACAACAGCTCCTTC.28	5	core_retained_singlet	mac_mono_supported	retain_for_current_mac_mono_analysis	singlet	0.378779281779326
TGACAACGTACATCCA.20	5	core_retained_singlet	mac_mono_supported	retain_for_current_mac_mono_analysis	singlet	0.359337529660583
TGACGGCAGTACGCCC.19	5	core_retained_singlet	mac_mono_supported	retain_for_current_mac_mono_analysis	singlet	0.234063668147692
TGACGGCCACTCAGGC.28	5	core_retained_singlet	mac_mono_supported	retain_for_current_mac_mono_analysis	singlet	0.0158205973947403
TGACGGCGTCCTAGCG.22	5	core_retained_singlet	mac_mono_supported	retain_for_current_mac_mono_analysis	singlet	0.231651087118219
TGACGGCTCTGGAGCC.29	5	core_retained_singlet	mac_mono_supported	retain_for_current_mac_mono_analysis	singlet	0.262969511971164
TGACTAGCATGTAAGA.49	5	core_retained_singlet	mac_mono_supported	retain_for_current_mac_mono_analysis	singlet	0.0817481267267672
TGACTAGTCTATCGCC.28	5	core_retained_singlet	mac_mono_supported	retain_for_current_mac_mono_analysis	singlet	0.282127136084086
TGAGAGGAGCGTAATA.28	5	core_retained_singlet	mac_mono_supported	retain_for_current_mac_mono_analysis	singlet	0.192914764482323
TGAGAGGGTGGGTCAA.55	5	core_retained_singlet	mac_mono_supported	retain_for_current_mac_mono_analysis	singlet	0.00879510767560041
TGAGAGGTCTGCCAGG.49	5	core_retained_singlet	mac_mono_supported	retain_for_current_mac_mono_analysis	singlet	0.0342144006349111
TGAGCATGTAACGTTC.29	5	core_retained_singlet	mac_mono_supported	retain_for_current_mac_mono_analysis	singlet	0.0975371820272899
TGAGCCGCACCAGCAC.28	5	core_retained_singlet	mac_mono_supported	retain_for_current_mac_mono_analysis	singlet	0.27727602980015
TGAGCCGCAGCTCCGA.49	5	core_retained_singlet	mac_mono_supported	retain_for_current_mac_mono_analysis	singlet	0.106637953966942
TGAGCCGCAGGGAGAG.28	5	core_retained_singlet	mac_mono_supported	retain_for_current_mac_mono_analysis	singlet	0.211081578145455
TGAGCCGGTCGAGTTT.19	5	core_retained_singlet	mac_mono_supported	retain_for_current_mac_mono_analysis	singlet	0.0143413741980421
TGAGCCGGTGTAAGTA.29	5	core_retained_singlet	mac_mono_supported	retain_for_current_mac_mono_analysis	singlet	0.140796406116994
TGAGCCGGTTAGAACA.49	5	core_retained_singlet	mac_mono_supported	retain_for_current_mac_mono_analysis	singlet	0.285834755546281
TGAGGGACAAGCGATG.28	5	core_retained_singlet	mac_mono_supported	retain_for_current_mac_mono_analysis	singlet	0.13139595920866
TGAGGGAGTTTACTCT.55	5	core_retained_singlet	mac_mono_supported	retain_for_current_mac_mono_analysis	singlet	0.322319987714986
TGAGGGATCTTCCTTC.28	5	core_retained_singlet	mac_mono_supported	retain_for_current_mac_mono_analysis	singlet	0.295805695008037
TGATTTCGTTCGTCTC.28	5	core_retained_singlet	mac_mono_supported	retain_for_current_mac_mono_analysis	singlet	0.151816476905257
TGCACCTTCATCTGCC.55	5	core_retained_singlet	mac_mono_supported	retain_for_current_mac_mono_analysis	singlet	0.330984505982532
TGCCAAAAGAGTCGGT.29	5	core_retained_singlet	mac_mono_supported	retain_for_current_mac_mono_analysis	singlet	0.288860236569191
TGCCCATAGGAATCGC.29	5	core_retained_singlet	mac_mono_supported	retain_for_current_mac_mono_analysis	singlet	0.102469634089333
TGCCCATTCACCTTAT.49	5	core_retained_singlet	mac_mono_supported	retain_for_current_mac_mono_analysis	singlet	0.187068800138909
TGCCCATTCTCCAACC.29	5	core_retained_singlet	mac_mono_supported	retain_for_current_mac_mono_analysis	singlet	0.116605874381824
TGCCCTAAGGGTCGAT.50	5	core_retained_singlet	mac_mono_supported	retain_for_current_mac_mono_analysis	singlet	0.312559746911113
TGCCCTACATTACCTT.29	5	core_retained_singlet	mac_mono_supported	retain_for_current_mac_mono_analysis	singlet	0.081524543173017
TGCCCTAGTAGCTCCG.50	5	core_retained_singlet	mac_mono_supported	retain_for_current_mac_mono_analysis	singlet	0.372379201632548
TGCGCAGGTATTCTCT.20	5	core_retained_singlet	mac_mono_supported	retain_for_current_mac_mono_analysis	singlet	0.142667100085789
TGCGGGTTCACCATAG.52	5	core_retained_singlet	mac_mono_supported	retain_for_current_mac_mono_analysis	singlet	0.362651928493439
TGCGGGTTCGCTGATA.25	5	core_retained_singlet	mac_mono_supported	retain_for_current_mac_mono_analysis	singlet	0.282457962447649
TGCTACCCAATGGAAT.49	5	core_retained_singlet	mac_mono_supported	retain_for_current_mac_mono_analysis	singlet	0.215050567616802
TGCTACCCATGAACCT.29	5	core_retained_singlet	mac_mono_supported	retain_for_current_mac_mono_analysis	singlet	0.200885024467687
TGCTACCGTTACGACT.20	5	core_retained_singlet	mac_mono_supported	retain_for_current_mac_mono_analysis	singlet	0.312171754858566
TGCTACCTCCAAACTG.49	5	core_retained_singlet	mac_mono_supported	retain_for_current_mac_mono_analysis	singlet	0.113472996532206
TGGACGCAGACTAGAT.28	5	core_retained_singlet	mac_mono_supported	retain_for_current_mac_mono_analysis	singlet	0.344797903675989
TGGACGCAGATCGATA.55	5	core_retained_singlet	mac_mono_supported	retain_for_current_mac_mono_analysis	singlet	0.175327459471838
TGGACGCAGGTAGCCA.22	5	core_retained_singlet	mac_mono_supported	retain_for_current_mac_mono_analysis	singlet	0.389180422520863
TGGACGCCAAGTTAAG.28	5	core_retained_singlet	mac_mono_supported	retain_for_current_mac_mono_analysis	singlet	0.197035734470137
TGGACGCCACAACGTT.25	5	core_retained_singlet	mac_mono_supported	retain_for_current_mac_mono_analysis	singlet	0.174096399997987
TGGACGCTCGCATGAT.29	5	core_retained_singlet	mac_mono_supported	retain_for_current_mac_mono_analysis	singlet	0.335109295535947
TGGCGCAAGCTGCGAA.55	5	core_retained_singlet	mac_mono_supported	retain_for_current_mac_mono_analysis	singlet	0.0776330349187496
TGGCGCACACCCTATC.29	5	core_retained_singlet	mac_mono_supported	retain_for_current_mac_mono_analysis	singlet	0.276647973392216
TGGCGCAGTCCGACGT.28	5	core_retained_singlet	mac_mono_supported	retain_for_current_mac_mono_analysis	singlet	0.218069246781628
TGGCTGGCACGTCAGC.29	5	core_retained_singlet	mac_mono_supported	retain_for_current_mac_mono_analysis	singlet	0.00873422142526106
TGGCTGGCACTAAGTC.40	5	core_retained_singlet	mac_mono_supported	retain_for_current_mac_mono_analysis	singlet	0.202693327050685
TGGGAAGAGACCACGA.29	5	core_retained_singlet	mac_mono_supported	retain_for_current_mac_mono_analysis	singlet	0.0426141132064646
TGGGAAGCACAAGCCC.54	5	core_retained_singlet	mac_mono_supported	retain_for_current_mac_mono_analysis	singlet	0.285926419764218
TGGGAAGCAGGAACGT.25	5	core_retained_singlet	mac_mono_supported	retain_for_current_mac_mono_analysis	singlet	0.105704516615807
TGGGAAGTCATGCTCC.30	5	core_retained_singlet	mac_mono_supported	retain_for_current_mac_mono_analysis	singlet	0.210666352709848
TGGGCGTAGGATGGAA.29	5	core_retained_singlet	mac_mono_supported	retain_for_current_mac_mono_analysis	singlet	0.209609984995847
TGGGCGTCACAGACAG.34	5	core_retained_singlet	mac_mono_supported	retain_for_current_mac_mono_analysis	singlet	0.314337608296391
TGGTTAGCATGAAGTA.49	5	core_retained_singlet	mac_mono_supported	retain_for_current_mac_mono_analysis	singlet	0.205810601621859
TGGTTAGGTACCGAGA.19	5	core_retained_singlet	mac_mono_supported	retain_for_current_mac_mono_analysis	singlet	0.0521250856226344
TGGTTAGTCGCCTGTT.49	5	core_retained_singlet	mac_mono_supported	retain_for_current_mac_mono_analysis	singlet	0.163696011347266
TGGTTCCAGCAGCCTC.55	5	core_retained_singlet	mac_mono_supported	retain_for_current_mac_mono_analysis	singlet	0.263543577216874
TGGTTCCGTAATCACC.55	5	core_retained_singlet	mac_mono_supported	retain_for_current_mac_mono_analysis	singlet	0.313255625451911
TGGTTCCTCGGTTAAC.59	5	core_retained_singlet	mac_mono_supported	retain_for_current_mac_mono_analysis	singlet	0.082599996622982
TGTCCCATCCGCGCAA.48	5	core_retained_singlet	mac_mono_supported	retain_for_current_mac_mono_analysis	singlet	0.10151830459748
TGTCCCATCCGCGCAA.49	5	core_retained_singlet	mac_mono_supported	retain_for_current_mac_mono_analysis	singlet	0.16077056093106
TGTGGTAGTGACAAAT.26	5	core_retained_singlet	mac_mono_supported	retain_for_current_mac_mono_analysis	singlet	0.388572214493727
TGTGGTAGTGCAACGA.52	5	core_retained_singlet	mac_mono_supported	retain_for_current_mac_mono_analysis	singlet	0.0907493745950304
TGTGTTTAGATATACG.25	5	core_retained_singlet	mac_mono_supported	retain_for_current_mac_mono_analysis	singlet	0.0695877092877467
TGTGTTTTCCCTAACC.55	5	core_retained_singlet	mac_mono_supported	retain_for_current_mac_mono_analysis	singlet	0.349844250272583
TGTGTTTTCCGCAGTG.28	5	core_retained_singlet	mac_mono_supported	retain_for_current_mac_mono_analysis	singlet	0.141903134696764
TGTTCCGAGAAGGCCT.34	5	core_retained_singlet	mac_mono_supported	retain_for_current_mac_mono_analysis	singlet	0.310926054705347
TGTTCCGCATGGGACA.25	5	core_retained_singlet	mac_mono_supported	retain_for_current_mac_mono_analysis	singlet	0.163174615459748
TGTTCCGTCCGCGTTT.19	5	core_retained_singlet	mac_mono_supported	retain_for_current_mac_mono_analysis	singlet	0.0647231740177621
TTAACTCAGCGTGAGT.49	5	core_retained_singlet	mac_mono_supported	retain_for_current_mac_mono_analysis	singlet	0.209191515583038
TTAACTCAGGCTCATT.32	5	core_retained_singlet	mac_mono_supported	retain_for_current_mac_mono_analysis	singlet	0.129023606049823
TTAACTCTCAGCGATT.20	5	core_retained_singlet	mac_mono_supported	retain_for_current_mac_mono_analysis	singlet	0.232507082922152
TTAGGACCAAACAACA.38	5	core_retained_singlet	mac_mono_supported	retain_for_current_mac_mono_analysis	singlet	0.00726244350410082
TTAGGACCATGCCCGA.28	5	core_retained_singlet	mac_mono_supported	retain_for_current_mac_mono_analysis	singlet	0.322117090789828
TTAGGCAGTAAGCACG.27	5	core_retained_singlet	mac_mono_supported	retain_for_current_mac_mono_analysis	singlet	0.153054889906477
TTAGGCAGTGTCGCTG.58	5	core_retained_singlet	mac_mono_supported	retain_for_current_mac_mono_analysis	singlet	0.0773186190244466
TTAGTTCAGACAGGCT.41	5	core_retained_singlet	mac_mono_supported	retain_for_current_mac_mono_analysis	singlet	0.0343293658089746
TTAGTTCAGATTACCC.20	5	core_retained_singlet	mac_mono_supported	retain_for_current_mac_mono_analysis	singlet	0.128619436185435
TTAGTTCAGTGGAGAA.59	5	core_retained_singlet	mac_mono_supported	retain_for_current_mac_mono_analysis	singlet	0.0355036226766156
TTAGTTCCATGTAGTC.29	5	core_retained_singlet	mac_mono_supported	retain_for_current_mac_mono_analysis	singlet	0.227837416954123
TTAGTTCTCCGTCATC.13	5	core_retained_singlet	mac_mono_supported	retain_for_current_mac_mono_analysis	singlet	0.0880508906068358
TTAGTTCTCGTTTGCC.51	5	core_retained_singlet	mac_mono_supported	retain_for_current_mac_mono_analysis	singlet	0.363322421563805
TTATGCTCATCCAACA.56	5	core_retained_singlet	mac_mono_supported	retain_for_current_mac_mono_analysis	singlet	0.242324997425798
TTATGCTGTACAAGTA.6	5	core_retained_singlet	mac_mono_supported	retain_for_current_mac_mono_analysis	singlet	0.317917957872303
TTATGCTGTCTCTTAT.49	5	core_retained_singlet	mac_mono_supported	retain_for_current_mac_mono_analysis	singlet	0.13028223303407
TTATGCTGTTGAGGTG.60	5	core_retained_singlet	mac_mono_supported	retain_for_current_mac_mono_analysis	singlet	0.157649554278501
TTCCCAGCAAGCCCAC.29	5	core_retained_singlet	mac_mono_supported	retain_for_current_mac_mono_analysis	singlet	0.356048044387201
TTCCCAGTCTGATACG.49	5	core_retained_singlet	mac_mono_supported	retain_for_current_mac_mono_analysis	singlet	0.0494530977647593
TTCGAAGAGATCCCAT.60	5	core_retained_singlet	mac_mono_supported	retain_for_current_mac_mono_analysis	singlet	0.300523699079439
TTCGAAGCATCTGGTA.29	5	core_retained_singlet	mac_mono_supported	retain_for_current_mac_mono_analysis	singlet	0.308337448887155
TTCGGTCAGGCCCTTG.25	5	core_retained_singlet	mac_mono_supported	retain_for_current_mac_mono_analysis	singlet	0.070202688629163
TTCTACAAGGCTATCT.19	5	core_retained_singlet	mac_mono_supported	retain_for_current_mac_mono_analysis	singlet	0.043332306245789
TTCTACAAGGTTACCT.55	5	core_retained_singlet	mac_mono_supported	retain_for_current_mac_mono_analysis	singlet	0.228472837900982
TTCTCCTCACATGACT.28	5	core_retained_singlet	mac_mono_supported	retain_for_current_mac_mono_analysis	singlet	0.229347107505049
TTCTCCTCACCCATTC.29	5	core_retained_singlet	mac_mono_supported	retain_for_current_mac_mono_analysis	singlet	0.372400781528169
TTCTCCTCATCGTCGG.26	5	core_retained_singlet	mac_mono_supported	retain_for_current_mac_mono_analysis	singlet	0.204067222930545
TTCTCCTGTGGTACAG.55	5	core_retained_singlet	mac_mono_supported	retain_for_current_mac_mono_analysis	singlet	0.176962037200699
TTCTCCTTCCCTCAGT.29	5	core_retained_singlet	mac_mono_supported	retain_for_current_mac_mono_analysis	singlet	0.211706432193828
TTCTTAGCATCCTAGA.55	5	core_retained_singlet	mac_mono_supported	retain_for_current_mac_mono_analysis	singlet	0.206211501977384
TTCTTAGGTCGAACAG.55	5	core_retained_singlet	mac_mono_supported	retain_for_current_mac_mono_analysis	singlet	0.11705925914865
TTCTTAGGTGCCTGGT.33	5	core_retained_singlet	mac_mono_supported	retain_for_current_mac_mono_analysis	singlet	0.274465120465089
TTGAACGAGCCCGAAA.28	5	core_retained_singlet	mac_mono_supported	retain_for_current_mac_mono_analysis	singlet	0.226355737298605
TTGAACGAGCTGCCCA.33	5	core_retained_singlet	mac_mono_supported	retain_for_current_mac_mono_analysis	singlet	0.00883563155486451
TTGAACGCACAGACTT.46	5	core_retained_singlet	mac_mono_supported	retain_for_current_mac_mono_analysis	singlet	0.0925054128233239
TTGAACGGTCTTCGTC.29	5	core_retained_singlet	mac_mono_supported	retain_for_current_mac_mono_analysis	singlet	0.24162822659015
TTGAACGTCTTTACAC.55	5	core_retained_singlet	mac_mono_supported	retain_for_current_mac_mono_analysis	singlet	0.100177074526045
TTGACTTAGGTCGGAT.55	5	core_retained_singlet	mac_mono_supported	retain_for_current_mac_mono_analysis	singlet	0.0777982014830073
TTGACTTCAGCTGTAT.58	5	core_retained_singlet	mac_mono_supported	retain_for_current_mac_mono_analysis	singlet	0.326034613792809
TTGACTTGTAATTGGA.28	5	core_retained_singlet	mac_mono_supported	retain_for_current_mac_mono_analysis	singlet	0.071463740429405
TTGACTTTCGGACAAG.20	5	core_retained_singlet	mac_mono_supported	retain_for_current_mac_mono_analysis	singlet	0.0329681563748191
TTGCCGTTCTGAGTGT.55	5	core_retained_singlet	mac_mono_supported	retain_for_current_mac_mono_analysis	singlet	0.153027409629311
TTGCGTCAGTACCGGA.42	5	core_retained_singlet	mac_mono_supported	retain_for_current_mac_mono_analysis	singlet	0.0693168875460298
TTGGAACTCGCGTTTC.29	5	core_retained_singlet	mac_mono_supported	retain_for_current_mac_mono_analysis	singlet	0.283800743746234
TTGGCAAAGGACACCA.29	5	core_retained_singlet	mac_mono_supported	retain_for_current_mac_mono_analysis	singlet	0.359730443983259
TTGGCAAAGGGTGTGT.26	5	core_retained_singlet	mac_mono_supported	retain_for_current_mac_mono_analysis	singlet	0.0944232532182293
TTGGCAAGTCACACGC.29	5	core_retained_singlet	mac_mono_supported	retain_for_current_mac_mono_analysis	singlet	0.329273921047411
TTGTAGGAGTGTACTC.51	5	core_retained_singlet	mac_mono_supported	retain_for_current_mac_mono_analysis	singlet	0.12736981596393
TTGTAGGCACACGCTG.52	5	core_retained_singlet	mac_mono_supported	retain_for_current_mac_mono_analysis	singlet	0.0724241217442
TTTACTGCATTCGACA.49	5	core_retained_singlet	mac_mono_supported	retain_for_current_mac_mono_analysis	singlet	0.163745552035651
TTTACTGGTCCAGTAT.53	5	core_retained_singlet	mac_mono_supported	retain_for_current_mac_mono_analysis	singlet	0.115025284029424
TTTATGCAGCAATCTC.49	5	core_retained_singlet	mac_mono_supported	retain_for_current_mac_mono_analysis	singlet	0.0937049196989362
TTTATGCGTAGCGATG.22	5	core_retained_singlet	mac_mono_supported	retain_for_current_mac_mono_analysis	singlet	0.356947088640247
TTTATGCTCCCTTGTG.59	5	core_retained_singlet	mac_mono_supported	retain_for_current_mac_mono_analysis	singlet	0.120563913409176
TTTCCTCAGCCCAACC.25	5	core_retained_singlet	mac_mono_supported	retain_for_current_mac_mono_analysis	singlet	0.272520564651374
TTTCCTCCAGATCTGT.49	5	core_retained_singlet	mac_mono_supported	retain_for_current_mac_mono_analysis	singlet	0.229374556243685
TTTCCTCGTAGCGCTC.29	5	core_retained_singlet	mac_mono_supported	retain_for_current_mac_mono_analysis	singlet	0.335195221271906
TTTCCTCTCCGCTGTT.58	5	core_retained_singlet	mac_mono_supported	retain_for_current_mac_mono_analysis	singlet	0.25641324171074
TTTGCGCAGTACGATA.25	5	core_retained_singlet	mac_mono_supported	retain_for_current_mac_mono_analysis	singlet	0.0353636391405071
TTTGGTTTCAGCGATT.29	5	core_retained_singlet	mac_mono_supported	retain_for_current_mac_mono_analysis	singlet	0.39310503856544
TTTGTCAAGTGAATTG.55	5	core_retained_singlet	mac_mono_supported	retain_for_current_mac_mono_analysis	singlet	0.246612823459469
TTTGTCACATAGACTC.28	5	core_retained_singlet	mac_mono_supported	retain_for_current_mac_mono_analysis	singlet	0.230176003185413
AAACCTGTCAGTGCAT.25	8	core_retained_singlet	mac_mono_supported	retain_for_current_mac_mono_analysis	singlet	0.102722213993608
AAACGGGTCTCTGTCG.39	8	core_retained_singlet	mac_mono_supported	retain_for_current_mac_mono_analysis	singlet	0.191969248491476
AAAGCAAAGTCCGGTC.39	8	core_retained_singlet	mac_mono_supported	retain_for_current_mac_mono_analysis	singlet	0.0656205240489417
AAATGCCAGCAGCGTA.60	8	core_retained_singlet	mac_mono_supported	retain_for_current_mac_mono_analysis	singlet	0.165091191973391
AAATGCCAGGCTCATT.52	8	core_retained_singlet	mac_mono_supported	retain_for_current_mac_mono_analysis	singlet	0.0284135751577473
AACCATGTCTACTTAC.60	8	core_retained_singlet	mac_mono_supported	retain_for_current_mac_mono_analysis	singlet	0.28849664903169
AACCGCGAGTTAAGTG.49	8	core_retained_singlet	mac_mono_supported	retain_for_current_mac_mono_analysis	singlet	0.0899201257246149
AACTCCCGTTGAACTC.39	8	core_retained_singlet	mac_mono_supported	retain_for_current_mac_mono_analysis	singlet	0.185652833340228
AACTCCCTCCTCCTAG.52	8	core_retained_singlet	mac_mono_supported	retain_for_current_mac_mono_analysis	singlet	0.0863192405838235
AACTCTTAGTGGACGT.19	8	core_retained_singlet	mac_mono_supported	retain_for_current_mac_mono_analysis	singlet	0.113754823616824
AACTGGTGTACTTCTT.22	8	core_retained_singlet	mac_mono_supported	retain_for_current_mac_mono_analysis	singlet	0.174748823670915
AACTTTCCACGGACAA.15	8	core_retained_singlet	mac_mono_supported	retain_for_current_mac_mono_analysis	singlet	0.153356983905819
AACTTTCTCACGGTTA.19	8	core_retained_singlet	mac_mono_supported	retain_for_current_mac_mono_analysis	singlet	0.0922455950093746
AAGACCTCACCCATTC.60	8	core_retained_singlet	mac_mono_supported	retain_for_current_mac_mono_analysis	singlet	0.0789201971461981
AAGACCTGTTGGAGGT.39	8	core_retained_singlet	mac_mono_supported	retain_for_current_mac_mono_analysis	singlet	0.3489156599881
AAGACCTTCGGTTCGG.32	8	core_retained_singlet	mac_mono_supported	retain_for_current_mac_mono_analysis	singlet	0.210707899631257
AAGCCGCTCCTAGAAC.39	8	core_retained_singlet	mac_mono_supported	retain_for_current_mac_mono_analysis	singlet	0.123047957226355
AAGGTTCTCACATACG.32	8	core_retained_singlet	mac_mono_supported	retain_for_current_mac_mono_analysis	singlet	0.121388759052565
AATCCAGAGTACGACG.26	8	core_retained_singlet	mac_mono_supported	retain_for_current_mac_mono_analysis	singlet	0.124191488711805
AATCCAGTCGGCGCAT.39	8	core_retained_singlet	mac_mono_supported	retain_for_current_mac_mono_analysis	singlet	0.0957122868134907
AATCCAGTCTTTAGTC.59	8	core_retained_singlet	mac_mono_supported	retain_for_current_mac_mono_analysis	singlet	0.0337373124947232
ACACCAAGTCCGAGTC.32	8	core_retained_singlet	mac_mono_supported	retain_for_current_mac_mono_analysis	singlet	0.109928823369497
ACACCCTCATCCCACT.26	8	core_retained_singlet	mac_mono_supported	retain_for_current_mac_mono_analysis	singlet	0.130677331502542
ACACCGGGTAATTGGA.41	8	core_retained_singlet	mac_mono_supported	retain_for_current_mac_mono_analysis	singlet	0.0859851504261282
ACACCGGGTTCACGGC.52	8	core_retained_singlet	mac_mono_supported	retain_for_current_mac_mono_analysis	singlet	0.201672731034651
ACACCGGTCATGTAGC.52	8	core_retained_singlet	mac_mono_supported	retain_for_current_mac_mono_analysis	singlet	0.0593051059249592
ACAGCTAGTCTGCCAG.32	8	core_retained_singlet	mac_mono_supported	retain_for_current_mac_mono_analysis	singlet	0.097557640981033
ACATCAGGTCGCCATG.55	8	core_retained_singlet	mac_mono_supported	retain_for_current_mac_mono_analysis	singlet	0.0351013346530813
ACCAGTACACCGTTGG.7	8	core_retained_singlet	mac_mono_supported	retain_for_current_mac_mono_analysis	singlet	0.386429170326729
ACGAGCCCATTCCTCG.52	8	core_retained_singlet	mac_mono_supported	retain_for_current_mac_mono_analysis	singlet	0.0644168560417156
ACGAGCCGTTCCACTC.22	8	core_retained_singlet	mac_mono_supported	retain_for_current_mac_mono_analysis	singlet	0.217564417643385
ACGAGGACAGTGAGTG.32	8	core_retained_singlet	mac_mono_supported	retain_for_current_mac_mono_analysis	singlet	0.237230000083169
ACGAGGAGTATAAACG.58	8	core_retained_singlet	mac_mono_supported	retain_for_current_mac_mono_analysis	singlet	0.0759007677384946
ACGATACGTTCGCGAC.60	8	core_retained_singlet	mac_mono_supported	retain_for_current_mac_mono_analysis	singlet	0.2221548869161
ACGATGTAGCGTGAAC.36	8	core_retained_singlet	mac_mono_supported	retain_for_current_mac_mono_analysis	singlet	0.387338883364
ACGCAGCGTGCAGTAG.32	8	core_retained_singlet	mac_mono_supported	retain_for_current_mac_mono_analysis	singlet	0.121751527917039
ACGCAGCGTGTGGTTT.60	8	core_retained_singlet	mac_mono_supported	retain_for_current_mac_mono_analysis	singlet	0.16170391858395
ACGCCAGTCCGCAGTG.60	8	core_retained_singlet	mac_mono_supported	retain_for_current_mac_mono_analysis	singlet	0.0929233434323427
ACGCCGAGTTGTACAC.60	8	core_retained_singlet	mac_mono_supported	retain_for_current_mac_mono_analysis	singlet	0.324761531389973
ACGGAGATCTTGAGAC.60	8	core_retained_singlet	mac_mono_supported	retain_for_current_mac_mono_analysis	singlet	0.0244530670484277
ACGGGCTAGTTGAGTA.9	8	core_retained_singlet	mac_mono_supported	retain_for_current_mac_mono_analysis	singlet	0.108314987442159
ACGGGCTCAAGAAGAG.35	8	core_retained_singlet	mac_mono_supported	retain_for_current_mac_mono_analysis	singlet	0.307565650265802
ACGGGTCCATTCTCAT.60	8	core_retained_singlet	mac_mono_supported	retain_for_current_mac_mono_analysis	singlet	0.234412727198731
ACTATCTCATAAGACA.19	8	core_retained_singlet	mac_mono_supported	retain_for_current_mac_mono_analysis	singlet	0.125926490664861
ACTATCTGTTAAAGAC.32	8	core_retained_singlet	mac_mono_supported	retain_for_current_mac_mono_analysis	singlet	0.07683606303318
ACTGAACCATTCCTGC.55	8	core_retained_singlet	mac_mono_supported	retain_for_current_mac_mono_analysis	singlet	0.239077665759463
ACTGAGTAGCACCGTC.26	8	core_retained_singlet	mac_mono_supported	retain_for_current_mac_mono_analysis	singlet	0.0309635195319464
ACTGATGAGACTTTCG.29	8	core_retained_singlet	mac_mono_supported	retain_for_current_mac_mono_analysis	singlet	0.0590958197665899
ACTGCTCAGTGCGTGA.26	8	core_retained_singlet	mac_mono_supported	retain_for_current_mac_mono_analysis	singlet	0.204071859192734
ACTGCTCTCAGCATGT.55	8	core_retained_singlet	mac_mono_supported	retain_for_current_mac_mono_analysis	singlet	0.0821029890088694
ACTTGTTCATCAGTCA.39	8	core_retained_singlet	mac_mono_supported	retain_for_current_mac_mono_analysis	singlet	0.189309144850652
ACTTGTTTCGTTGCCT.58	8	core_retained_singlet	mac_mono_supported	retain_for_current_mac_mono_analysis	singlet	0.153724284849422
ACTTTCACACCAACCG.60	8	core_retained_singlet	mac_mono_supported	retain_for_current_mac_mono_analysis	singlet	0.186846558417861
ACTTTCACATTGGTAC.34	8	core_retained_singlet	mac_mono_supported	retain_for_current_mac_mono_analysis	singlet	0.0182492494247978
AGAGCGAGTATTCTCT.25	8	core_retained_singlet	mac_mono_supported	retain_for_current_mac_mono_analysis	singlet	0.127513375343717
AGAGCTTGTGTTTGGT.58	8	core_retained_singlet	mac_mono_supported	retain_for_current_mac_mono_analysis	singlet	0.0870202380515367
AGAGTGGAGAGGTACC.58	8	core_retained_singlet	mac_mono_supported	retain_for_current_mac_mono_analysis	singlet	0.328304756194667
AGAGTGGAGGGTGTTG.57	8	core_retained_singlet	mac_mono_supported	retain_for_current_mac_mono_analysis	singlet	0.265314141053062
AGAGTGGTCGGCGGTT.19	8	core_retained_singlet	mac_mono_supported	retain_for_current_mac_mono_analysis	singlet	0.0735345834746885
AGATCTGGTTGCCTCT.20	8	core_retained_singlet	mac_mono_supported	retain_for_current_mac_mono_analysis	singlet	0.134001940369091
AGATTGCTCCTGCTTG.29	8	core_retained_singlet	mac_mono_supported	retain_for_current_mac_mono_analysis	singlet	0.064961864083005
AGCAGCCCACCCAGTG.52	8	core_retained_singlet	mac_mono_supported	retain_for_current_mac_mono_analysis	singlet	0.171528373488556
AGCCTAAAGCTAGTCT.32	8	core_retained_singlet	mac_mono_supported	retain_for_current_mac_mono_analysis	singlet	0.105338269669928
AGCCTAACAACTGGCC.52	8	core_retained_singlet	mac_mono_supported	retain_for_current_mac_mono_analysis	singlet	0.183028474417637
AGCCTAATCCACTCCA.60	8	core_retained_singlet	mac_mono_supported	retain_for_current_mac_mono_analysis	singlet	0.197588248754433
AGCGGTCGTTACGGAG.52	8	core_retained_singlet	mac_mono_supported	retain_for_current_mac_mono_analysis	singlet	0.05813435599757
AGCGGTCTCCAGAAGG.36	8	core_retained_singlet	mac_mono_supported	retain_for_current_mac_mono_analysis	singlet	0.26987616515915
AGCGTCGCAGGGTTAG.55	8	core_retained_singlet	mac_mono_supported	retain_for_current_mac_mono_analysis	singlet	0.339602741132998
AGCTCCTCACTGTTAG.39	8	core_retained_singlet	mac_mono_supported	retain_for_current_mac_mono_analysis	singlet	0.211730404274278
AGCTCCTTCGTCTGAA.32	8	core_retained_singlet	mac_mono_supported	retain_for_current_mac_mono_analysis	singlet	0.0450384896106261
AGCTCTCCATAGACTC.30	8	core_retained_singlet	mac_mono_supported	retain_for_current_mac_mono_analysis	singlet	0.0577130194377739
AGGCCACGTAGCCTAT.32	8	core_retained_singlet	mac_mono_supported	retain_for_current_mac_mono_analysis	singlet	0.174734613699795
AGGCCACTCTTTACGT.56	8	core_retained_singlet	mac_mono_supported	retain_for_current_mac_mono_analysis	singlet	0.371386465413737
AGGGAGTGTAGCGCTC.22	8	core_retained_singlet	mac_mono_supported	retain_for_current_mac_mono_analysis	singlet	0.186593901380377
AGGGATGTCAGTTGAC.52	8	core_retained_singlet	mac_mono_supported	retain_for_current_mac_mono_analysis	singlet	0.148099099677097
AGGGTGAAGCTAAACA.26	8	core_retained_singlet	mac_mono_supported	retain_for_current_mac_mono_analysis	singlet	0.153724003864492
AGGGTGAAGCTATGCT.49	8	core_retained_singlet	mac_mono_supported	retain_for_current_mac_mono_analysis	singlet	0.155334669857862
AGGGTGATCGATAGAA.34	8	core_retained_singlet	mac_mono_supported	retain_for_current_mac_mono_analysis	singlet	0.114588634170048
AGGTCATTCCAGAGGA.32	8	core_retained_singlet	mac_mono_supported	retain_for_current_mac_mono_analysis	singlet	0.258396348399732
AGGTCATTCTCTTATG.39	8	core_retained_singlet	mac_mono_supported	retain_for_current_mac_mono_analysis	singlet	0.0617573842619246
AGGTCCGAGATATGGT.39	8	core_retained_singlet	mac_mono_supported	retain_for_current_mac_mono_analysis	singlet	0.219088410423371
AGGTCCGAGATGTGGC.56	8	core_retained_singlet	mac_mono_supported	retain_for_current_mac_mono_analysis	singlet	0.106602710767064
AGGTCCGAGGTGTTAA.21	8	core_retained_singlet	mac_mono_supported	retain_for_current_mac_mono_analysis	singlet	0.079376922153016
AGGTCCGAGTCAAGGC.49	8	core_retained_singlet	mac_mono_supported	retain_for_current_mac_mono_analysis	singlet	0.194468484377833
AGTAGTCCAATCAGAA.52	8	core_retained_singlet	mac_mono_supported	retain_for_current_mac_mono_analysis	singlet	0.119156932413215
AGTAGTCTCTAGCACA.39	8	core_retained_singlet	mac_mono_supported	retain_for_current_mac_mono_analysis	singlet	0.196486742168227
AGTAGTCTCTGTGCAA.39	8	core_retained_singlet	mac_mono_supported	retain_for_current_mac_mono_analysis	singlet	0.062249441169083
AGTCTTTTCTGGTTCC.60	8	core_retained_singlet	mac_mono_supported	retain_for_current_mac_mono_analysis	singlet	0.138257574460087
AGTGAGGCATCTCGCT.60	8	core_retained_singlet	mac_mono_supported	retain_for_current_mac_mono_analysis	singlet	0.18699491576281
AGTGAGGGTGAACCTT.32	8	core_retained_singlet	mac_mono_supported	retain_for_current_mac_mono_analysis	singlet	0.223411746837921
AGTGAGGGTTGGTTTG.39	8	core_retained_singlet	mac_mono_supported	retain_for_current_mac_mono_analysis	singlet	0.384085325988312
AGTGGGACACCACGTG.55	8	core_retained_singlet	mac_mono_supported	retain_for_current_mac_mono_analysis	singlet	0.160325843670752
AGTGGGACAGCCAGAA.26	8	core_retained_singlet	mac_mono_supported	retain_for_current_mac_mono_analysis	singlet	0.057270018567284
AGTGGGAGTCAAAGAT.22	8	core_retained_singlet	mac_mono_supported	retain_for_current_mac_mono_analysis	singlet	0.192871128121732
AGTGGGAGTCTCATCC.56	8	core_retained_singlet	mac_mono_supported	retain_for_current_mac_mono_analysis	singlet	0.328440554480406
AGTGTCACATCGACGC.22	8	core_retained_singlet	mac_mono_supported	retain_for_current_mac_mono_analysis	singlet	0.12645705712345
AGTGTCAGTAAGAGAG.26	8	core_retained_singlet	mac_mono_supported	retain_for_current_mac_mono_analysis	singlet	0.183200912395724
AGTGTCAGTGCAGGTA.60	8	core_retained_singlet	mac_mono_supported	retain_for_current_mac_mono_analysis	singlet	0.148269978880167
AGTTGGTTCATCGATG.60	8	core_retained_singlet	mac_mono_supported	retain_for_current_mac_mono_analysis	singlet	0.214470415433798
ATAACGCCATTCCTCG.25	8	core_retained_singlet	mac_mono_supported	retain_for_current_mac_mono_analysis	singlet	0.278634553125156
ATAACGCTCTCAAGTG.32	8	core_retained_singlet	mac_mono_supported	retain_for_current_mac_mono_analysis	singlet	0.0796817717250779
ATAGACCAGCGTCAAG.32	8	core_retained_singlet	mac_mono_supported	retain_for_current_mac_mono_analysis	singlet	0.228439858457755
ATAGACCCACTATCTT.52	8	core_retained_singlet	mac_mono_supported	retain_for_current_mac_mono_analysis	singlet	0.0577686937975207
ATCACGATCACCTCGT.25	8	core_retained_singlet	mac_mono_supported	retain_for_current_mac_mono_analysis	singlet	0.177154326771371
ATCACGATCCGCAAGC.60	8	core_retained_singlet	mac_mono_supported	retain_for_current_mac_mono_analysis	singlet	0.110906182285537
ATCATCTAGGATGCGT.32	8	core_retained_singlet	mac_mono_supported	retain_for_current_mac_mono_analysis	singlet	0.121329046577371
ATCATCTCAAAGTCAA.34	8	core_retained_singlet	mac_mono_supported	retain_for_current_mac_mono_analysis	singlet	0.217261729019102
ATCATGGTCCAGATCA.32	8	core_retained_singlet	mac_mono_supported	retain_for_current_mac_mono_analysis	singlet	0.215826333895922
ATCCACCCAGTATCTG.21	8	core_retained_singlet	mac_mono_supported	retain_for_current_mac_mono_analysis	singlet	0.258529615974313
ATCTACTAGAGTAATC.20	8	core_retained_singlet	mac_mono_supported	retain_for_current_mac_mono_analysis	singlet	0.133006500899568
ATCTACTAGTGTGAAT.26	8	core_retained_singlet	mac_mono_supported	retain_for_current_mac_mono_analysis	singlet	0.155607025070023
ATCTACTCATCTCGCT.39	8	core_retained_singlet	mac_mono_supported	retain_for_current_mac_mono_analysis	singlet	0.307363179598583
ATCTGCCAGTCGATAA.32	8	core_retained_singlet	mac_mono_supported	retain_for_current_mac_mono_analysis	singlet	0.332458136559444
ATCTGCCTCTCCCTGA.41	8	core_retained_singlet	mac_mono_supported	retain_for_current_mac_mono_analysis	singlet	0.149106364008655
ATGAGGGAGGCGTACA.39	8	core_retained_singlet	mac_mono_supported	retain_for_current_mac_mono_analysis	singlet	0.348392007335357
ATGAGGGGTTGAGTTC.56	8	core_retained_singlet	mac_mono_supported	retain_for_current_mac_mono_analysis	singlet	0.0211758022305702
ATGGGAGCACATGTGT.21	8	core_retained_singlet	mac_mono_supported	retain_for_current_mac_mono_analysis	singlet	0.28776199695624
ATGGGAGTCAGATAAG.32	8	core_retained_singlet	mac_mono_supported	retain_for_current_mac_mono_analysis	singlet	0.12270390585531
ATGTGTGGTGCCTGTG.25	8	core_retained_singlet	mac_mono_supported	retain_for_current_mac_mono_analysis	singlet	0.0971916936574859
ATGTGTGGTTCGAATC.39	8	core_retained_singlet	mac_mono_supported	retain_for_current_mac_mono_analysis	singlet	0.375327389383034
ATGTGTGTCTGAGTGT.41	8	core_retained_singlet	mac_mono_supported	retain_for_current_mac_mono_analysis	singlet	0.0835036473746955
ATTATCCCAAGGCTCC.32	8	core_retained_singlet	mac_mono_supported	retain_for_current_mac_mono_analysis	singlet	0.268407079212339
ATTCTACCACGAAATA.18	8	core_retained_singlet	mac_mono_supported	retain_for_current_mac_mono_analysis	singlet	0.205814584298434
ATTGGACAGTCTCAAC.60	8	core_retained_singlet	mac_mono_supported	retain_for_current_mac_mono_analysis	singlet	0.18503224671913
ATTGGACCATATACCG.60	8	core_retained_singlet	mac_mono_supported	retain_for_current_mac_mono_analysis	singlet	0.158991483837947
ATTGGTGGTCCATGAT.32	8	core_retained_singlet	mac_mono_supported	retain_for_current_mac_mono_analysis	singlet	0.210503537340448
ATTTCTGAGAAACGAG.32	8	core_retained_singlet	mac_mono_supported	retain_for_current_mac_mono_analysis	singlet	0.171395451433676
ATTTCTGGTTAAGATG.60	8	core_retained_singlet	mac_mono_supported	retain_for_current_mac_mono_analysis	singlet	0.125951411414177
ATTTCTGTCCCTCAGT.54	8	core_retained_singlet	mac_mono_supported	retain_for_current_mac_mono_analysis	singlet	0.0236952182113042
CAACCAAGTCCGAACC.20	8	core_retained_singlet	mac_mono_supported	retain_for_current_mac_mono_analysis	singlet	0.263188140637344
CAACCAATCGAGCCCA.21	8	core_retained_singlet	mac_mono_supported	retain_for_current_mac_mono_analysis	singlet	0.0481068254386472
CAACCTCGTAGCGCAA.19	8	core_retained_singlet	mac_mono_supported	retain_for_current_mac_mono_analysis	singlet	0.148174211200365
CAACTAGGTTGTCTTT.60	8	core_retained_singlet	mac_mono_supported	retain_for_current_mac_mono_analysis	singlet	0.35741519480546
CAAGAAAAGTGCTGCC.48	8	core_retained_singlet	mac_mono_supported	retain_for_current_mac_mono_analysis	singlet	0.188199188933195
CAAGAAACACGGTAAG.52	8	core_retained_singlet	mac_mono_supported	retain_for_current_mac_mono_analysis	singlet	0.121347017303997
CAAGATCAGACGCACA.32	8	core_retained_singlet	mac_mono_supported	retain_for_current_mac_mono_analysis	singlet	0.225892701854564
CAAGATCCAGAGTGTG.49	8	core_retained_singlet	mac_mono_supported	retain_for_current_mac_mono_analysis	singlet	0.215840326232793
CAAGATCTCCTTGCCA.52	8	core_retained_singlet	mac_mono_supported	retain_for_current_mac_mono_analysis	singlet	0.129594376107538
CAAGGCCAGTATTGGA.32	8	core_retained_singlet	mac_mono_supported	retain_for_current_mac_mono_analysis	singlet	0.243001904362102
CAAGGCCGTAGTGAAT.9	8	core_retained_singlet	mac_mono_supported	retain_for_current_mac_mono_analysis	singlet	0.205682772584802
CAAGTTGGTAGGACAC.39	8	core_retained_singlet	mac_mono_supported	retain_for_current_mac_mono_analysis	singlet	0.300432149968911
CAAGTTGGTGCGGTAA.58	8	core_retained_singlet	mac_mono_supported	retain_for_current_mac_mono_analysis	singlet	0.18272313343502
CACAAACGTGTGACGA.34	8	core_retained_singlet	mac_mono_supported	retain_for_current_mac_mono_analysis	singlet	0.154273463314772
CACACCTAGGAGTTTA.21	8	core_retained_singlet	mac_mono_supported	retain_for_current_mac_mono_analysis	singlet	0.13168879167135
CACACCTCAAACCTAC.36	8	core_retained_singlet	mac_mono_supported	retain_for_current_mac_mono_analysis	singlet	0.313882038525941
CACACCTCAATGGAGC.46	8	core_retained_singlet	mac_mono_supported	retain_for_current_mac_mono_analysis	singlet	0.0645734026305992
CACACTCAGAGCCTAG.60	8	core_retained_singlet	mac_mono_supported	retain_for_current_mac_mono_analysis	singlet	0.152590053178688
CACACTCGTGGCAAAC.58	8	core_retained_singlet	mac_mono_supported	retain_for_current_mac_mono_analysis	singlet	0.0433294350483943
CACAGGCAGAGACTAT.22	8	core_retained_singlet	mac_mono_supported	retain_for_current_mac_mono_analysis	singlet	0.130024932652372
CACAGGCTCAGCATGT.55	8	core_retained_singlet	mac_mono_supported	retain_for_current_mac_mono_analysis	singlet	0.0569295909969918
CACAGTAAGCCAACAG.32	8	core_retained_singlet	mac_mono_supported	retain_for_current_mac_mono_analysis	singlet	0.181820198108322
CACAGTACATAGGATA.60	8	core_retained_singlet	mac_mono_supported	retain_for_current_mac_mono_analysis	singlet	0.0955304131943774
CACAGTACATGGAATA.52	8	core_retained_singlet	mac_mono_supported	retain_for_current_mac_mono_analysis	singlet	0.104687554707778
CACAGTAGTGATGATA.32	8	core_retained_singlet	mac_mono_supported	retain_for_current_mac_mono_analysis	singlet	0.246179662345091
CACATAGAGTCAATAG.60	8	core_retained_singlet	mac_mono_supported	retain_for_current_mac_mono_analysis	singlet	0.158820445355106
CACATAGCAAGCCATT.32	8	core_retained_singlet	mac_mono_supported	retain_for_current_mac_mono_analysis	singlet	0.169279349483758
CACATAGGTTGGAGGT.46	8	core_retained_singlet	mac_mono_supported	retain_for_current_mac_mono_analysis	singlet	0.21208200549502
CACCAGGGTGGGTCAA.60	8	core_retained_singlet	mac_mono_supported	retain_for_current_mac_mono_analysis	singlet	0.109932845090901
CACCTTGAGCCAGAAC.26	8	core_retained_singlet	mac_mono_supported	retain_for_current_mac_mono_analysis	singlet	0.108890209015395
CACCTTGGTTTAAGCC.3	8	core_retained_singlet	mac_mono_supported	retain_for_current_mac_mono_analysis	singlet	0.18236303709382
CACTCCACACCACCAG.60	8	core_retained_singlet	mac_mono_supported	retain_for_current_mac_mono_analysis	singlet	0.128405730375775
CACTCCAGTCTCATCC.36	8	core_retained_singlet	mac_mono_supported	retain_for_current_mac_mono_analysis	singlet	0.325316195856919
CAGAATCTCTAAGCCA.26	8	core_retained_singlet	mac_mono_supported	retain_for_current_mac_mono_analysis	singlet	0.177443156691426
CAGAGAGCACAGTCGC.29	8	core_retained_singlet	mac_mono_supported	retain_for_current_mac_mono_analysis	singlet	0.0477754709112506
CAGAGAGCACGACTCG.32	8	core_retained_singlet	mac_mono_supported	retain_for_current_mac_mono_analysis	singlet	0.124830163664023
CAGAGAGTCCGCGCAA.60	8	core_retained_singlet	mac_mono_supported	retain_for_current_mac_mono_analysis	singlet	0.124307662493693
CAGAGAGTCGATGAGG.60	8	core_retained_singlet	mac_mono_supported	retain_for_current_mac_mono_analysis	singlet	0.0612323995564758
CAGCAGCAGGTGGGTT.60	8	core_retained_singlet	mac_mono_supported	retain_for_current_mac_mono_analysis	singlet	0.1241859594186
CAGCAGCGTGAAATCA.26	8	core_retained_singlet	mac_mono_supported	retain_for_current_mac_mono_analysis	singlet	0.389479720052349
CAGCAGCGTTAAGGGC.39	8	core_retained_singlet	mac_mono_supported	retain_for_current_mac_mono_analysis	singlet	0.258440244659529
CAGCGACAGCTAGTTC.39	8	core_retained_singlet	mac_mono_supported	retain_for_current_mac_mono_analysis	singlet	0.331888736604615
CAGCGACGTACCGGCT.29	8	core_retained_singlet	mac_mono_supported	retain_for_current_mac_mono_analysis	singlet	0.0324977720190123
CAGCGACTCACTGGGC.32	8	core_retained_singlet	mac_mono_supported	retain_for_current_mac_mono_analysis	singlet	0.0975921942994032
CAGGTGCAGATGCGAC.19	8	core_retained_singlet	mac_mono_supported	retain_for_current_mac_mono_analysis	singlet	0.208314860791426
CAGGTGCTCGTAGATC.32	8	core_retained_singlet	mac_mono_supported	retain_for_current_mac_mono_analysis	singlet	0.110854809805588
CAGTAACCAGCTGGCT.32	8	core_retained_singlet	mac_mono_supported	retain_for_current_mac_mono_analysis	singlet	0.0489521396368324
CAGTCCTGTAATAGCA.39	8	core_retained_singlet	mac_mono_supported	retain_for_current_mac_mono_analysis	singlet	0.196831691487791
CAGTCCTGTCATCCCT.39	8	core_retained_singlet	mac_mono_supported	retain_for_current_mac_mono_analysis	singlet	0.373385806322116
CATATGGCAAGCTGGA.52	8	core_retained_singlet	mac_mono_supported	retain_for_current_mac_mono_analysis	singlet	0.209391075082652
CATATTCAGGCTCTTA.20	8	core_retained_singlet	mac_mono_supported	retain_for_current_mac_mono_analysis	singlet	0.0947899910637439
CATATTCAGGTGCACA.25	8	core_retained_singlet	mac_mono_supported	retain_for_current_mac_mono_analysis	singlet	0.175327035790622
CATATTCGTTATGTGC.3	8	core_retained_singlet	mac_mono_supported	retain_for_current_mac_mono_analysis	singlet	0.130548787131709
CATCAAGAGCTAGTCT.60	8	core_retained_singlet	mac_mono_supported	retain_for_current_mac_mono_analysis	singlet	0.103626535933168
CATCCACCACAGACTT.32	8	core_retained_singlet	mac_mono_supported	retain_for_current_mac_mono_analysis	singlet	0.197012967801436
CATCCACTCAGTGCAT.56	8	core_retained_singlet	mac_mono_supported	retain_for_current_mac_mono_analysis	singlet	0.200157864659737
CATCGGGAGCTCTCGG.42	8	core_retained_singlet	mac_mono_supported	retain_for_current_mac_mono_analysis	singlet	0.377783857307032
CATCGGGAGGGTATCG.58	8	core_retained_singlet	mac_mono_supported	retain_for_current_mac_mono_analysis	singlet	0.0758345302302988
CATCGGGCATTAGGCT.60	8	core_retained_singlet	mac_mono_supported	retain_for_current_mac_mono_analysis	singlet	0.161466006385248
CATCGGGGTCCGAAGA.29	8	core_retained_singlet	mac_mono_supported	retain_for_current_mac_mono_analysis	singlet	0.11959709441082
CATGCCTAGTTCCACA.60	8	core_retained_singlet	mac_mono_supported	retain_for_current_mac_mono_analysis	singlet	0.101675652976488
CATGCCTCATCTCCCA.32	8	core_retained_singlet	mac_mono_supported	retain_for_current_mac_mono_analysis	singlet	0.0953496799503489
CATGGCGTCTCGTTTA.52	8	core_retained_singlet	mac_mono_supported	retain_for_current_mac_mono_analysis	singlet	0.0777861645780744
CATTATCCATTGCGGC.32	8	core_retained_singlet	mac_mono_supported	retain_for_current_mac_mono_analysis	singlet	0.179582807102876
CATTATCGTGAGCGAT.59	8	core_retained_singlet	mac_mono_supported	retain_for_current_mac_mono_analysis	singlet	0.164304106097913
CATTATCGTTTGTTTC.20	8	core_retained_singlet	mac_mono_supported	retain_for_current_mac_mono_analysis	singlet	0.146369966906212
CCAATCCGTGAGCGAT.41	8	core_retained_singlet	mac_mono_supported	retain_for_current_mac_mono_analysis	singlet	0.0691660492246392
CCAATCCTCGTAGATC.22	8	core_retained_singlet	mac_mono_supported	retain_for_current_mac_mono_analysis	singlet	0.232135449559777
CCACCTATCAGAAATG.60	8	core_retained_singlet	mac_mono_supported	retain_for_current_mac_mono_analysis	singlet	0.152043298100006
CCACGGACAACGATCT.60	8	core_retained_singlet	mac_mono_supported	retain_for_current_mac_mono_analysis	singlet	0.237404630196721
CCACGGACAGGAACGT.41	8	core_retained_singlet	mac_mono_supported	retain_for_current_mac_mono_analysis	singlet	0.196594951315837
CCACGGAGTACCATCA.52	8	core_retained_singlet	mac_mono_supported	retain_for_current_mac_mono_analysis	singlet	0.0834961020583549
CCACTACCACTATCTT.29	8	core_retained_singlet	mac_mono_supported	retain_for_current_mac_mono_analysis	singlet	0.0440698333528936
CCAGCGAAGAGGTACC.60	8	core_retained_singlet	mac_mono_supported	retain_for_current_mac_mono_analysis	singlet	0.20981861587554
CCAGCGATCAGGCGAA.32	8	core_retained_singlet	mac_mono_supported	retain_for_current_mac_mono_analysis	singlet	0.0943235130332109
CCATGTCCACAACGTT.32	8	core_retained_singlet	mac_mono_supported	retain_for_current_mac_mono_analysis	singlet	0.127754762914129
CCATGTCTCGAGGTAG.39	8	core_retained_singlet	mac_mono_supported	retain_for_current_mac_mono_analysis	singlet	0.318662026675717
CCATTCGCACGAAGCA.32	8	core_retained_singlet	mac_mono_supported	retain_for_current_mac_mono_analysis	singlet	0.0802166297990401
CCATTCGTCCTGTACC.39	8	core_retained_singlet	mac_mono_supported	retain_for_current_mac_mono_analysis	singlet	0.129956537772615
CCCAATCTCCGCGCAA.25	8	core_retained_singlet	mac_mono_supported	retain_for_current_mac_mono_analysis	singlet	0.197457422075171
CCCATACGTTCTGTTT.58	8	core_retained_singlet	mac_mono_supported	retain_for_current_mac_mono_analysis	singlet	0.198655976830316
CCCATACTCCATGAAC.20	8	core_retained_singlet	mac_mono_supported	retain_for_current_mac_mono_analysis	singlet	0.127942517846079
CCCTCCTGTGACTCAT.58	8	core_retained_singlet	mac_mono_supported	retain_for_current_mac_mono_analysis	singlet	0.173479828696263
CCCTCCTGTGTCAATC.52	8	core_retained_singlet	mac_mono_supported	retain_for_current_mac_mono_analysis	singlet	0.100041016079517
CCGGGATCAACACCCG.42	8	core_retained_singlet	mac_mono_supported	retain_for_current_mac_mono_analysis	singlet	0.379174483518486
CCGGTAGGTTCGTGAT.59	8	core_retained_singlet	mac_mono_supported	retain_for_current_mac_mono_analysis	singlet	0.0426460285164472
CCGTACTCAGCGAACA.39	8	core_retained_singlet	mac_mono_supported	retain_for_current_mac_mono_analysis	singlet	0.236107603791828
CCGTGGACATATACCG.60	8	core_retained_singlet	mac_mono_supported	retain_for_current_mac_mono_analysis	singlet	0.323188498878602
CCGTGGAGTTGGAGGT.55	8	core_retained_singlet	mac_mono_supported	retain_for_current_mac_mono_analysis	singlet	0.197806982783877
CCGTGGATCATGCAAC.39	8	core_retained_singlet	mac_mono_supported	retain_for_current_mac_mono_analysis	singlet	0.277225459485155
CCGTTCACATCAGTAC.10	8	core_retained_singlet	mac_mono_supported	retain_for_current_mac_mono_analysis	singlet	0.0470049855253089
CCGTTCACATCAGTAC.7	8	core_retained_singlet	mac_mono_supported	retain_for_current_mac_mono_analysis	singlet	0.0797830622361914
CCGTTCATCGTGGACC.52	8	core_retained_singlet	mac_mono_supported	retain_for_current_mac_mono_analysis	singlet	0.212898026422471
CCTAAAGCAGCTGCAC.29	8	core_retained_singlet	mac_mono_supported	retain_for_current_mac_mono_analysis	singlet	0.105970033048668
CCTACACAGGCTCAGA.29	8	core_retained_singlet	mac_mono_supported	retain_for_current_mac_mono_analysis	singlet	0.155428432625822
CCTACCACAAGACACG.39	8	core_retained_singlet	mac_mono_supported	retain_for_current_mac_mono_analysis	singlet	0.304458285280203
CCTACCATCTGAAAGA.32	8	core_retained_singlet	mac_mono_supported	retain_for_current_mac_mono_analysis	singlet	0.120862899913155
CCTCTGAGTAAGTTCC.52	8	core_retained_singlet	mac_mono_supported	retain_for_current_mac_mono_analysis	singlet	0.123236336178895
CCTCTGATCGGCGGTT.60	8	core_retained_singlet	mac_mono_supported	retain_for_current_mac_mono_analysis	singlet	0.280019407633719
CCTCTGATCTGGTGTA.41	8	core_retained_singlet	mac_mono_supported	retain_for_current_mac_mono_analysis	singlet	0.0496741136203102
CCTTACGGTAAGAGGA.22	8	core_retained_singlet	mac_mono_supported	retain_for_current_mac_mono_analysis	singlet	0.29118953972574
CCTTACGGTCCGAATT.60	8	core_retained_singlet	mac_mono_supported	retain_for_current_mac_mono_analysis	singlet	0.145285723176136
CCTTACGGTCTAGCGC.32	8	core_retained_singlet	mac_mono_supported	retain_for_current_mac_mono_analysis	singlet	0.134530717539663
CCTTACGTCCAGATCA.21	8	core_retained_singlet	mac_mono_supported	retain_for_current_mac_mono_analysis	singlet	0.176881074771182
CCTTCCCGTCAACTGT.60	8	core_retained_singlet	mac_mono_supported	retain_for_current_mac_mono_analysis	singlet	0.173622018900721
CCTTCCCTCGTAGGAG.9	8	core_retained_singlet	mac_mono_supported	retain_for_current_mac_mono_analysis	singlet	0.18542483017319
CCTTCGAGTACATCCA.21	8	core_retained_singlet	mac_mono_supported	retain_for_current_mac_mono_analysis	singlet	0.0915388929259938
CGAACATCAGTCGTGC.32	8	core_retained_singlet	mac_mono_supported	retain_for_current_mac_mono_analysis	singlet	0.0432435996481192
CGAACATTCACCATAG.60	8	core_retained_singlet	mac_mono_supported	retain_for_current_mac_mono_analysis	singlet	0.176687225721984
CGAATGTCACGTCTCT.39	8	core_retained_singlet	mac_mono_supported	retain_for_current_mac_mono_analysis	singlet	0.22532845524612
CGAATGTTCAACGGCC.32	8	core_retained_singlet	mac_mono_supported	retain_for_current_mac_mono_analysis	singlet	0.123572569292677
CGACCTTTCATGTAGC.39	8	core_retained_singlet	mac_mono_supported	retain_for_current_mac_mono_analysis	singlet	0.302252404185503
CGACCTTTCCATGCTC.60	8	core_retained_singlet	mac_mono_supported	retain_for_current_mac_mono_analysis	singlet	0.121644313368358
CGACTTCCAAGTAATG.60	8	core_retained_singlet	mac_mono_supported	retain_for_current_mac_mono_analysis	singlet	0.220012062146141
CGAGAAGAGACTAGGC.60	8	core_retained_singlet	mac_mono_supported	retain_for_current_mac_mono_analysis	singlet	0.134956285556329
CGAGAAGGTCCGCTGA.52	8	core_retained_singlet	mac_mono_supported	retain_for_current_mac_mono_analysis	singlet	0.106802537353724
CGAGCACGTCGACTAT.22	8	core_retained_singlet	mac_mono_supported	retain_for_current_mac_mono_analysis	singlet	0.0999230545333966
CGAGCACTCACCCGAG.52	8	core_retained_singlet	mac_mono_supported	retain_for_current_mac_mono_analysis	singlet	0.0995525411617037
CGAGCACTCAGCACAT.32	8	core_retained_singlet	mac_mono_supported	retain_for_current_mac_mono_analysis	singlet	0.211052692502127
CGAGCCAAGTTTGCGT.60	8	core_retained_singlet	mac_mono_supported	retain_for_current_mac_mono_analysis	singlet	0.14025784323726
CGATCGGCATGCTAGT.52	8	core_retained_singlet	mac_mono_supported	retain_for_current_mac_mono_analysis	singlet	0.122002573090877
CGATCGGGTTAGATGA.60	8	core_retained_singlet	mac_mono_supported	retain_for_current_mac_mono_analysis	singlet	0.220520352329258
CGATGGCAGGGATCTG.29	8	core_retained_singlet	mac_mono_supported	retain_for_current_mac_mono_analysis	singlet	0.0792751814248915
CGATGGCCAGCGAACA.26	8	core_retained_singlet	mac_mono_supported	retain_for_current_mac_mono_analysis	singlet	0.0971059059970463
CGATGGCGTGCTAGCC.57	8	core_retained_singlet	mac_mono_supported	retain_for_current_mac_mono_analysis	singlet	0.368570253264076
CGATGTACAAACCCAT.46	8	core_retained_singlet	mac_mono_supported	retain_for_current_mac_mono_analysis	singlet	0.13703179832788
CGATGTACAACACGCC.49	8	core_retained_singlet	mac_mono_supported	retain_for_current_mac_mono_analysis	singlet	0.240317098042195
CGCCAAGCAATACGCT.60	8	core_retained_singlet	mac_mono_supported	retain_for_current_mac_mono_analysis	singlet	0.148264935394801
CGCCAAGTCCGTAGTA.39	8	core_retained_singlet	mac_mono_supported	retain_for_current_mac_mono_analysis	singlet	0.283313723534329
CGCCAAGTCGTTGCCT.36	8	core_retained_singlet	mac_mono_supported	retain_for_current_mac_mono_analysis	singlet	0.316209469111542
CGCGGTACAGTTCCCT.3	8	core_retained_singlet	mac_mono_supported	retain_for_current_mac_mono_analysis	singlet	0.22128261260242
CGCGGTAGTGGCTCCA.58	8	core_retained_singlet	mac_mono_supported	retain_for_current_mac_mono_analysis	singlet	0.0389203746940906
CGCTATCGTAGAGTGC.19	8	core_retained_singlet	mac_mono_supported	retain_for_current_mac_mono_analysis	singlet	0.0723574680351475
CGCTGGAAGTTCGCAT.32	8	core_retained_singlet	mac_mono_supported	retain_for_current_mac_mono_analysis	singlet	0.239791001218013
CGCTTCAAGTCGCCGT.26	8	core_retained_singlet	mac_mono_supported	retain_for_current_mac_mono_analysis	singlet	0.0436340232849167
CGCTTCAAGTGTTGAA.59	8	core_retained_singlet	mac_mono_supported	retain_for_current_mac_mono_analysis	singlet	0.0965471840602375
CGCTTCATCGCCTGTT.57	8	core_retained_singlet	mac_mono_supported	retain_for_current_mac_mono_analysis	singlet	0.232805105287153
CGGACACAGCGTTTAC.60	8	core_retained_singlet	mac_mono_supported	retain_for_current_mac_mono_analysis	singlet	0.0980856826751814
CGGACACGTCGCGAAA.32	8	core_retained_singlet	mac_mono_supported	retain_for_current_mac_mono_analysis	singlet	0.314344229064561
CGGACGTAGCCTATGT.41	8	core_retained_singlet	mac_mono_supported	retain_for_current_mac_mono_analysis	singlet	0.284828704519714
CGGACTGCACACATGT.60	8	core_retained_singlet	mac_mono_supported	retain_for_current_mac_mono_analysis	singlet	0.139090255412014
CGGACTGGTCCTCCAT.32	8	core_retained_singlet	mac_mono_supported	retain_for_current_mac_mono_analysis	singlet	0.166048975082627
CGGAGCTAGAGTAAGG.36	8	core_retained_singlet	mac_mono_supported	retain_for_current_mac_mono_analysis	singlet	0.388257203122146
CGGAGTCCATCGACGC.52	8	core_retained_singlet	mac_mono_supported	retain_for_current_mac_mono_analysis	singlet	0.280339702342691
CGGAGTCTCAACACAC.22	8	core_retained_singlet	mac_mono_supported	retain_for_current_mac_mono_analysis	singlet	0.238585255817268
CGGCTAGAGAGGGCTT.39	8	core_retained_singlet	mac_mono_supported	retain_for_current_mac_mono_analysis	singlet	0.159417427132522
CGGCTAGAGCTAAGAT.29	8	core_retained_singlet	mac_mono_supported	retain_for_current_mac_mono_analysis	singlet	0.0615841354577495
CGGCTAGAGTTACCCA.60	8	core_retained_singlet	mac_mono_supported	retain_for_current_mac_mono_analysis	singlet	0.158885175399514
CGGCTAGGTCTCATCC.39	8	core_retained_singlet	mac_mono_supported	retain_for_current_mac_mono_analysis	singlet	0.0900988334228716
CGGGTCACAGGGTTAG.39	8	core_retained_singlet	mac_mono_supported	retain_for_current_mac_mono_analysis	singlet	0.230670872923225
CGGGTCACAGTTTACG.58	8	core_retained_singlet	mac_mono_supported	retain_for_current_mac_mono_analysis	singlet	0.263888360419962
CGGGTCAGTTGATTCG.25	8	core_retained_singlet	mac_mono_supported	retain_for_current_mac_mono_analysis	singlet	0.289230523112304
CGTAGCGAGCTATGCT.52	8	core_retained_singlet	mac_mono_supported	retain_for_current_mac_mono_analysis	singlet	0.14304380978393
CGTAGGCCACGCATCG.52	8	core_retained_singlet	mac_mono_supported	retain_for_current_mac_mono_analysis	singlet	0.174698446824356
CGTCACTCAGCTCCGA.60	8	core_retained_singlet	mac_mono_supported	retain_for_current_mac_mono_analysis	singlet	0.172837100554957
CGTCACTTCCACGCAG.39	8	core_retained_singlet	mac_mono_supported	retain_for_current_mac_mono_analysis	singlet	0.284694146066473
CGTCCATAGTATGACA.57	8	core_retained_singlet	mac_mono_supported	retain_for_current_mac_mono_analysis	singlet	0.302690214406974
CGTCCATGTACGACCC.39	8	core_retained_singlet	mac_mono_supported	retain_for_current_mac_mono_analysis	singlet	0.23188794592642
CGTCCATGTCTTCAAG.39	8	core_retained_singlet	mac_mono_supported	retain_for_current_mac_mono_analysis	singlet	0.0601645080755885
CGTCCATGTGCATCTA.32	8	core_retained_singlet	mac_mono_supported	retain_for_current_mac_mono_analysis	singlet	0.208327094094383
CGTCTACTCTTGAGGT.55	8	core_retained_singlet	mac_mono_supported	retain_for_current_mac_mono_analysis	singlet	0.0771645603425651
CGTGAGCTCATACGGT.60	8	core_retained_singlet	mac_mono_supported	retain_for_current_mac_mono_analysis	singlet	0.271261891504135
CGTGAGCTCGCCAGCA.39	8	core_retained_singlet	mac_mono_supported	retain_for_current_mac_mono_analysis	singlet	0.345238809809409
CGTGTCTTCCACTGGG.25	8	core_retained_singlet	mac_mono_supported	retain_for_current_mac_mono_analysis	singlet	0.209592852509606
CGTTCTGCAACGCACC.46	8	core_retained_singlet	mac_mono_supported	retain_for_current_mac_mono_analysis	singlet	0.0524845776547319
CGTTCTGGTGGTAACG.39	8	core_retained_singlet	mac_mono_supported	retain_for_current_mac_mono_analysis	singlet	0.396829293908099
CGTTGGGCACCTCGGA.26	8	core_retained_singlet	mac_mono_supported	retain_for_current_mac_mono_analysis	singlet	0.0924501132112694
CGTTGGGCAGTCGTGC.52	8	core_retained_singlet	mac_mono_supported	retain_for_current_mac_mono_analysis	singlet	0.395572646240919
CTAACTTAGCAAATCA.32	8	core_retained_singlet	mac_mono_supported	retain_for_current_mac_mono_analysis	singlet	0.0787094489677625
CTAACTTCAAAGGTGC.39	8	core_retained_singlet	mac_mono_supported	retain_for_current_mac_mono_analysis	singlet	0.313718768234079
CTAACTTGTTCTGAAC.19	8	core_retained_singlet	mac_mono_supported	retain_for_current_mac_mono_analysis	singlet	0.0310589490028817
CTAAGACCAAGAGTCG.32	8	core_retained_singlet	mac_mono_supported	retain_for_current_mac_mono_analysis	singlet	0.146666308702451
CTAAGACGTCATACTG.52	8	core_retained_singlet	mac_mono_supported	retain_for_current_mac_mono_analysis	singlet	0.122143369931418
CTAATGGGTCGATTGT.32	8	core_retained_singlet	mac_mono_supported	retain_for_current_mac_mono_analysis	singlet	0.109982593152641
CTAATGGTCCGCGGTA.39	8	core_retained_singlet	mac_mono_supported	retain_for_current_mac_mono_analysis	singlet	0.20094627106379
CTACATTAGAGTCGGT.58	8	core_retained_singlet	mac_mono_supported	retain_for_current_mac_mono_analysis	singlet	0.118472805783591
CTACATTAGCTACCTA.42	8	core_retained_singlet	mac_mono_supported	retain_for_current_mac_mono_analysis	singlet	0.344968392745213
CTACCCATCTACCAGA.55	8	core_retained_singlet	mac_mono_supported	retain_for_current_mac_mono_analysis	singlet	0.336246849647307
CTACGTCAGCACCGTC.25	8	core_retained_singlet	mac_mono_supported	retain_for_current_mac_mono_analysis	singlet	0.218831954742522
CTACGTCCAGACGCAA.32	8	core_retained_singlet	mac_mono_supported	retain_for_current_mac_mono_analysis	singlet	0.205315873127434
CTACGTCGTAAGGGAA.32	8	core_retained_singlet	mac_mono_supported	retain_for_current_mac_mono_analysis	singlet	0.10839040120448
CTAGAGTAGGTGCAAC.56	8	core_retained_singlet	mac_mono_supported	retain_for_current_mac_mono_analysis	singlet	0.264551838378047
CTAGCCTGTGGACGAT.46	8	core_retained_singlet	mac_mono_supported	retain_for_current_mac_mono_analysis	singlet	0.111593650861228
CTAGTGAAGTGGGCTA.58	8	core_retained_singlet	mac_mono_supported	retain_for_current_mac_mono_analysis	singlet	0.0922768669194066
CTAGTGACACACATGT.52	8	core_retained_singlet	mac_mono_supported	retain_for_current_mac_mono_analysis	singlet	0.0651415634383596
CTAGTGACACCGTTGG.21	8	core_retained_singlet	mac_mono_supported	retain_for_current_mac_mono_analysis	singlet	0.10942635827858
CTAGTGACAGCCAGAA.32	8	core_retained_singlet	mac_mono_supported	retain_for_current_mac_mono_analysis	singlet	0.234297630420846
CTCACACAGTACTTGC.13	8	core_retained_singlet	mac_mono_supported	retain_for_current_mac_mono_analysis	singlet	0.18550803704353
CTCACACAGTGATCGG.21	8	core_retained_singlet	mac_mono_supported	retain_for_current_mac_mono_analysis	singlet	0.267535855622013
CTCATTAAGCAGACTG.26	8	core_retained_singlet	mac_mono_supported	retain_for_current_mac_mono_analysis	singlet	0.111103384178439
CTCATTAAGTTGTCGT.26	8	core_retained_singlet	mac_mono_supported	retain_for_current_mac_mono_analysis	singlet	0.149431503997415
CTCATTACAAGCGATG.52	8	core_retained_singlet	mac_mono_supported	retain_for_current_mac_mono_analysis	singlet	0.0723748174712151
CTCATTAGTAAACACA.52	8	core_retained_singlet	mac_mono_supported	retain_for_current_mac_mono_analysis	singlet	0.14253633197378
CTCCTAGAGGCAGTCA.32	8	core_retained_singlet	mac_mono_supported	retain_for_current_mac_mono_analysis	singlet	0.117368199435321
CTCGAGGAGAATTGTG.56	8	core_retained_singlet	mac_mono_supported	retain_for_current_mac_mono_analysis	singlet	0.183388336257174
CTCGAGGGTGCTCTTC.51	8	core_retained_singlet	mac_mono_supported	retain_for_current_mac_mono_analysis	singlet	0.300875215105842
CTCGGAGAGTCGCCGT.58	8	core_retained_singlet	mac_mono_supported	retain_for_current_mac_mono_analysis	singlet	0.130715978367756
CTCGTACCATGGGAAC.32	8	core_retained_singlet	mac_mono_supported	retain_for_current_mac_mono_analysis	singlet	0.263348360073968
CTCGTCACACAGACAG.58	8	core_retained_singlet	mac_mono_supported	retain_for_current_mac_mono_analysis	singlet	0.0760413828224361
CTCGTCAGTAAAGGAG.3	8	core_retained_singlet	mac_mono_supported	retain_for_current_mac_mono_analysis	singlet	0.124075750437664
CTCGTCATCAGTTGAC.32	8	core_retained_singlet	mac_mono_supported	retain_for_current_mac_mono_analysis	singlet	0.202468695714752
CTCTAATAGTGTACCT.19	8	core_retained_singlet	mac_mono_supported	retain_for_current_mac_mono_analysis	singlet	0.267728313753186
CTCTAATTCACTTATC.22	8	core_retained_singlet	mac_mono_supported	retain_for_current_mac_mono_analysis	singlet	0.23070101104106
CTCTACGCACACCGCA.41	8	core_retained_singlet	mac_mono_supported	retain_for_current_mac_mono_analysis	singlet	0.142422555232452
CTCTACGTCGAACGGA.34	8	core_retained_singlet	mac_mono_supported	retain_for_current_mac_mono_analysis	singlet	0.0762028964316408
CTCTGGTAGCGTGAGT.52	8	core_retained_singlet	mac_mono_supported	retain_for_current_mac_mono_analysis	singlet	0.111055317212746
CTCTGGTTCGAGCCCA.49	8	core_retained_singlet	mac_mono_supported	retain_for_current_mac_mono_analysis	singlet	0.315785032741082
CTGAAACAGGGCTCTC.41	8	core_retained_singlet	mac_mono_supported	retain_for_current_mac_mono_analysis	singlet	0.211737825836929
CTGAAGTAGGGAACGG.38	8	core_retained_singlet	mac_mono_supported	retain_for_current_mac_mono_analysis	singlet	0.34334747454674
CTGAAGTGTGAGGGAG.60	8	core_retained_singlet	mac_mono_supported	retain_for_current_mac_mono_analysis	singlet	0.324371021482026
CTGAAGTTCGAACTGT.57	8	core_retained_singlet	mac_mono_supported	retain_for_current_mac_mono_analysis	singlet	0.040238406527307
CTGATAGAGACCCACC.42	8	core_retained_singlet	mac_mono_supported	retain_for_current_mac_mono_analysis	singlet	0.328291556647853
CTGATAGCAGTCGATT.36	8	core_retained_singlet	mac_mono_supported	retain_for_current_mac_mono_analysis	singlet	0.323785584615911
CTGATCCCAGACAGGT.60	8	core_retained_singlet	mac_mono_supported	retain_for_current_mac_mono_analysis	singlet	0.17627801746368
CTGATCCCAGGTTTCA.34	8	core_retained_singlet	mac_mono_supported	retain_for_current_mac_mono_analysis	singlet	0.127041060589509
CTGCCTATCTTGCAAG.39	8	core_retained_singlet	mac_mono_supported	retain_for_current_mac_mono_analysis	singlet	0.234588258532505
CTGCTGTGTGTATGGG.41	8	core_retained_singlet	mac_mono_supported	retain_for_current_mac_mono_analysis	singlet	0.289103958182833
CTGGTCTCAATAGCGG.21	8	core_retained_singlet	mac_mono_supported	retain_for_current_mac_mono_analysis	singlet	0.324257737053302
CTGGTCTGTACTCGCG.25	8	core_retained_singlet	mac_mono_supported	retain_for_current_mac_mono_analysis	singlet	0.159505527129539
CTGGTCTTCCGAATGT.32	8	core_retained_singlet	mac_mono_supported	retain_for_current_mac_mono_analysis	singlet	0.146089688483192
CTGTGCTAGTCTCCTC.39	8	core_retained_singlet	mac_mono_supported	retain_for_current_mac_mono_analysis	singlet	0.275422138634793
CTTAACTAGTAGCCGA.32	8	core_retained_singlet	mac_mono_supported	retain_for_current_mac_mono_analysis	singlet	0.158754137204508
CTTACCGAGCGACGTA.25	8	core_retained_singlet	mac_mono_supported	retain_for_current_mac_mono_analysis	singlet	0.0542691024877636
CTTACCGAGTGCCAGA.16	8	core_retained_singlet	mac_mono_supported	retain_for_current_mac_mono_analysis	singlet	0.0308697048550939
CTTCTCTAGAGACGAA.39	8	core_retained_singlet	mac_mono_supported	retain_for_current_mac_mono_analysis	singlet	0.356630933836425
CTTCTCTCACTGTGTA.32	8	core_retained_singlet	mac_mono_supported	retain_for_current_mac_mono_analysis	singlet	0.164906137531222
CTTGGCTCAAGGACTG.36	8	core_retained_singlet	mac_mono_supported	retain_for_current_mac_mono_analysis	singlet	0.394103082588218
CTTGGCTCAAGTTCTG.60	8	core_retained_singlet	mac_mono_supported	retain_for_current_mac_mono_analysis	singlet	0.0872544263270327
CTTGGCTGTAAATGAC.39	8	core_retained_singlet	mac_mono_supported	retain_for_current_mac_mono_analysis	singlet	0.177702190454391
CTTGGCTTCAGGCCCA.6	8	core_retained_singlet	mac_mono_supported	retain_for_current_mac_mono_analysis	singlet	0.332281285028639
CTTTGCGCAGACGCAA.52	8	core_retained_singlet	mac_mono_supported	retain_for_current_mac_mono_analysis	singlet	0.0766516627656748
GAAACTCCAGGGAGAG.56	8	core_retained_singlet	mac_mono_supported	retain_for_current_mac_mono_analysis	singlet	0.165736032566818
GAAACTCCATGACATC.60	8	core_retained_singlet	mac_mono_supported	retain_for_current_mac_mono_analysis	singlet	0.0610348894730807
GAAATGACACAGACAG.60	8	core_retained_singlet	mac_mono_supported	retain_for_current_mac_mono_analysis	singlet	0.131901876375836
GAAATGATCGTGGGAA.57	8	core_retained_singlet	mac_mono_supported	retain_for_current_mac_mono_analysis	singlet	0.196673589177835
GAACATCTCGGAAATA.55	8	core_retained_singlet	mac_mono_supported	retain_for_current_mac_mono_analysis	singlet	0.0277357336294055
GAACCTAAGTTCCACA.60	8	core_retained_singlet	mac_mono_supported	retain_for_current_mac_mono_analysis	singlet	0.158434139928682
GAACGGAGTTCAGCGC.13	8	core_retained_singlet	mac_mono_supported	retain_for_current_mac_mono_analysis	singlet	0.134701627179461
GAAGCAGCATCCGGGT.60	8	core_retained_singlet	mac_mono_supported	retain_for_current_mac_mono_analysis	singlet	0.186083431879498
GAAGCAGTCACATAGC.39	8	core_retained_singlet	mac_mono_supported	retain_for_current_mac_mono_analysis	singlet	0.045475061734581
GAATAAGAGCGGATCA.29	8	core_retained_singlet	mac_mono_supported	retain_for_current_mac_mono_analysis	singlet	0.13669057213411
GAATAAGGTAGCTGCC.52	8	core_retained_singlet	mac_mono_supported	retain_for_current_mac_mono_analysis	singlet	0.0692924359748231
GAATGAACACTGCCAG.60	8	core_retained_singlet	mac_mono_supported	retain_for_current_mac_mono_analysis	singlet	0.177636652948415
GAATGAAGTAAATGTG.19	8	core_retained_singlet	mac_mono_supported	retain_for_current_mac_mono_analysis	singlet	0.211576274215977
GAATGAATCGTCCGTT.41	8	core_retained_singlet	mac_mono_supported	retain_for_current_mac_mono_analysis	singlet	0.146781425872864
GACACGCGTCTCTTTA.36	8	core_retained_singlet	mac_mono_supported	retain_for_current_mac_mono_analysis	singlet	0.193201248780284
GACACGCGTGTTGGGA.39	8	core_retained_singlet	mac_mono_supported	retain_for_current_mac_mono_analysis	singlet	0.0548938811666451
GACACGCTCTCATTCA.41	8	core_retained_singlet	mac_mono_supported	retain_for_current_mac_mono_analysis	singlet	0.228926577491637
GACAGAGAGTCAATAG.60	8	core_retained_singlet	mac_mono_supported	retain_for_current_mac_mono_analysis	singlet	0.241873295535587
GACAGAGGTAGTAGTA.16	8	core_retained_singlet	mac_mono_supported	retain_for_current_mac_mono_analysis	singlet	0.0895581056499929
GACCAATGTACAGCAG.46	8	core_retained_singlet	mac_mono_supported	retain_for_current_mac_mono_analysis	singlet	0.0640072179480071
GACCTGGTCAATAAGG.60	8	core_retained_singlet	mac_mono_supported	retain_for_current_mac_mono_analysis	singlet	0.19603482411781
GACGCGTGTACGACCC.52	8	core_retained_singlet	mac_mono_supported	retain_for_current_mac_mono_analysis	singlet	0.102499962737175
GACGGCTGTAAAGTCA.55	8	core_retained_singlet	mac_mono_supported	retain_for_current_mac_mono_analysis	singlet	0.328774629194465
GACGTTAAGGCATGTG.60	8	core_retained_singlet	mac_mono_supported	retain_for_current_mac_mono_analysis	singlet	0.233236389882278
GACGTTACATCGATGT.60	8	core_retained_singlet	mac_mono_supported	retain_for_current_mac_mono_analysis	singlet	0.150781450728293
GACTACAAGTGATCGG.39	8	core_retained_singlet	mac_mono_supported	retain_for_current_mac_mono_analysis	singlet	0.143323080952735
GACTGCGGTCCTCCAT.52	8	core_retained_singlet	mac_mono_supported	retain_for_current_mac_mono_analysis	singlet	0.0303499075203085
GACTGCGGTTTGGCGC.21	8	core_retained_singlet	mac_mono_supported	retain_for_current_mac_mono_analysis	singlet	0.200991065324493
GACTGCGTCATAACCG.39	8	core_retained_singlet	mac_mono_supported	retain_for_current_mac_mono_analysis	singlet	0.279046040806102
GACTGCGTCCACGCAG.49	8	core_retained_singlet	mac_mono_supported	retain_for_current_mac_mono_analysis	singlet	0.0395478828478957
GAGCAGAAGCCCAGCT.21	8	core_retained_singlet	mac_mono_supported	retain_for_current_mac_mono_analysis	singlet	0.167079565563862
GAGCAGAAGTGACTCT.39	8	core_retained_singlet	mac_mono_supported	retain_for_current_mac_mono_analysis	singlet	0.377742711096986
GAGCAGAGTACAGTGG.39	8	core_retained_singlet	mac_mono_supported	retain_for_current_mac_mono_analysis	singlet	0.0732978933903172
GAGCAGATCGCCGTGA.60	8	core_retained_singlet	mac_mono_supported	retain_for_current_mac_mono_analysis	singlet	0.189063730107834
GAGGTGACATGTCGAT.52	8	core_retained_singlet	mac_mono_supported	retain_for_current_mac_mono_analysis	singlet	0.0430627429973956
GAGGTGATCAGCGATT.60	8	core_retained_singlet	mac_mono_supported	retain_for_current_mac_mono_analysis	singlet	0.0392022536109943
GATCAGTAGTGGGATC.60	8	core_retained_singlet	mac_mono_supported	retain_for_current_mac_mono_analysis	singlet	0.166336088911955
GATGAGGAGTGGAGTC.60	8	core_retained_singlet	mac_mono_supported	retain_for_current_mac_mono_analysis	singlet	0.230094435690867
GATGCTACATCCGGGT.52	8	core_retained_singlet	mac_mono_supported	retain_for_current_mac_mono_analysis	singlet	0.0357729650729353
GATGCTAGTAGATTAG.32	8	core_retained_singlet	mac_mono_supported	retain_for_current_mac_mono_analysis	singlet	0.168513263512251
GATTCAGAGTGTACGG.39	8	core_retained_singlet	mac_mono_supported	retain_for_current_mac_mono_analysis	singlet	0.396296185957655
GATTCAGGTTCTGTTT.41	8	core_retained_singlet	mac_mono_supported	retain_for_current_mac_mono_analysis	singlet	0.217838735067386
GATTCAGTCCACTCCA.22	8	core_retained_singlet	mac_mono_supported	retain_for_current_mac_mono_analysis	singlet	0.119365600163444
GCAAACTGTCCGAGTC.41	8	core_retained_singlet	mac_mono_supported	retain_for_current_mac_mono_analysis	singlet	0.137790619697414
GCAATCACATCCAACA.32	8	core_retained_singlet	mac_mono_supported	retain_for_current_mac_mono_analysis	singlet	0.10249705726023
GCAATCAGTGTAAGTA.60	8	core_retained_singlet	mac_mono_supported	retain_for_current_mac_mono_analysis	singlet	0.286794063483809
GCACATAAGAACTGTA.60	8	core_retained_singlet	mac_mono_supported	retain_for_current_mac_mono_analysis	singlet	0.160529734231654
GCACTCTGTCGGCATC.29	8	core_retained_singlet	mac_mono_supported	retain_for_current_mac_mono_analysis	singlet	0.0566576659075168
GCAGCCACAAATACAG.26	8	core_retained_singlet	mac_mono_supported	retain_for_current_mac_mono_analysis	singlet	0.101303019466528
GCAGCCATCGCTTAGA.32	8	core_retained_singlet	mac_mono_supported	retain_for_current_mac_mono_analysis	singlet	0.248142568249508
GCATACACACCTATCC.32	8	core_retained_singlet	mac_mono_supported	retain_for_current_mac_mono_analysis	singlet	0.137735262754159
GCATACAGTCATATCG.46	8	core_retained_singlet	mac_mono_supported	retain_for_current_mac_mono_analysis	singlet	0.112297242757191
GCATACATCATTGCCC.19	8	core_retained_singlet	mac_mono_supported	retain_for_current_mac_mono_analysis	singlet	0.221602759569151
GCATGCGAGGGAGTAA.49	8	core_retained_singlet	mac_mono_supported	retain_for_current_mac_mono_analysis	singlet	0.125053529626417
GCATGCGAGTGGACGT.14	8	core_retained_singlet	mac_mono_supported	retain_for_current_mac_mono_analysis	singlet	0.0717126828327679
GCATGCGCACAGACTT.46	8	core_retained_singlet	mac_mono_supported	retain_for_current_mac_mono_analysis	singlet	0.179609234036088
GCATGCGTCTTGAGAC.19	8	core_retained_singlet	mac_mono_supported	retain_for_current_mac_mono_analysis	singlet	0.15434680049044
GCATGCGTCTTGAGAC.32	8	core_retained_singlet	mac_mono_supported	retain_for_current_mac_mono_analysis	singlet	0.0541598180010134
GCATGTAAGCTACCTA.60	8	core_retained_singlet	mac_mono_supported	retain_for_current_mac_mono_analysis	singlet	0.123167899475253
GCATGTACAGTCACTA.60	8	core_retained_singlet	mac_mono_supported	retain_for_current_mac_mono_analysis	singlet	0.106214951206549
GCATGTACATCCCACT.29	8	core_retained_singlet	mac_mono_supported	retain_for_current_mac_mono_analysis	singlet	0.0947908556242718
GCCAAATTCGTTTGCC.36	8	core_retained_singlet	mac_mono_supported	retain_for_current_mac_mono_analysis	singlet	0.214242964800663
GCGACCAGTACACCGC.49	8	core_retained_singlet	mac_mono_supported	retain_for_current_mac_mono_analysis	singlet	0.201205745559991
GCGAGAACAGACACTT.34	8	core_retained_singlet	mac_mono_supported	retain_for_current_mac_mono_analysis	singlet	0.0276918879820036
GCGAGAAGTTCTGGTA.57	8	core_retained_singlet	mac_mono_supported	retain_for_current_mac_mono_analysis	singlet	0.0220222664324039
GCGAGAATCAGGCAAG.29	8	core_retained_singlet	mac_mono_supported	retain_for_current_mac_mono_analysis	singlet	0.116548629386582
GCGCAGTAGTACGCGA.14	8	core_retained_singlet	mac_mono_supported	retain_for_current_mac_mono_analysis	singlet	0.295884497195396
GCGCAGTTCACATACG.22	8	core_retained_singlet	mac_mono_supported	retain_for_current_mac_mono_analysis	singlet	0.283326561905043
GCTCCTACACATCTTT.60	8	core_retained_singlet	mac_mono_supported	retain_for_current_mac_mono_analysis	singlet	0.122639504433686
GCTCCTACACCTCGTT.60	8	core_retained_singlet	mac_mono_supported	retain_for_current_mac_mono_analysis	singlet	0.132027517632669
GCTCCTAGTCCATGAT.39	8	core_retained_singlet	mac_mono_supported	retain_for_current_mac_mono_analysis	singlet	0.118008675525578
GCTGCAGAGAATAGGG.22	8	core_retained_singlet	mac_mono_supported	retain_for_current_mac_mono_analysis	singlet	0.174585470889414
GCTGCAGGTCTAGGTT.60	8	core_retained_singlet	mac_mono_supported	retain_for_current_mac_mono_analysis	singlet	0.273817053503169
GCTGGGTCACCTATCC.60	8	core_retained_singlet	mac_mono_supported	retain_for_current_mac_mono_analysis	singlet	0.173879469820033
GCTGGGTCATAAGACA.29	8	core_retained_singlet	mac_mono_supported	retain_for_current_mac_mono_analysis	singlet	0.0650459638329576
GCTGGGTGTCTCCATC.22	8	core_retained_singlet	mac_mono_supported	retain_for_current_mac_mono_analysis	singlet	0.340303117440776
GCTGGGTTCCCTCAGT.52	8	core_retained_singlet	mac_mono_supported	retain_for_current_mac_mono_analysis	singlet	0.115692444400757
GCTTCCAGTTGAGTTC.39	8	core_retained_singlet	mac_mono_supported	retain_for_current_mac_mono_analysis	singlet	0.379639142572575
GCTTGAACACTCGACG.32	8	core_retained_singlet	mac_mono_supported	retain_for_current_mac_mono_analysis	singlet	0.207633012775559
GGAAAGCAGACCACGA.56	8	core_retained_singlet	mac_mono_supported	retain_for_current_mac_mono_analysis	singlet	0.0719446137287906
GGAAAGCCAGTCGATT.55	8	core_retained_singlet	mac_mono_supported	retain_for_current_mac_mono_analysis	singlet	0.073661998276071
GGAAAGCTCTGCTGCT.52	8	core_retained_singlet	mac_mono_supported	retain_for_current_mac_mono_analysis	singlet	0.0341248107091506
GGAACTTGTGTGACGA.32	8	core_retained_singlet	mac_mono_supported	retain_for_current_mac_mono_analysis	singlet	0.23991399499144
GGAATAAAGATGGCGT.46	8	core_retained_singlet	mac_mono_supported	retain_for_current_mac_mono_analysis	singlet	0.17555119989157
GGAATAACACCGTTGG.39	8	core_retained_singlet	mac_mono_supported	retain_for_current_mac_mono_analysis	singlet	0.217872970135946
GGAATAAGTGATGATA.49	8	core_retained_singlet	mac_mono_supported	retain_for_current_mac_mono_analysis	singlet	0.199308193485974
GGAATAATCAAACAAG.29	8	core_retained_singlet	mac_mono_supported	retain_for_current_mac_mono_analysis	singlet	0.0547734768876265
GGACAAGGTCGCATCG.25	8	core_retained_singlet	mac_mono_supported	retain_for_current_mac_mono_analysis	singlet	0.0901697901772021
GGACATTTCCAGTATG.39	8	core_retained_singlet	mac_mono_supported	retain_for_current_mac_mono_analysis	singlet	0.123772478051494
GGACGTCAGTGGTAGC.21	8	core_retained_singlet	mac_mono_supported	retain_for_current_mac_mono_analysis	singlet	0.21081705395741
GGACGTCGTACAAGTA.32	8	core_retained_singlet	mac_mono_supported	retain_for_current_mac_mono_analysis	singlet	0.161556632774507
GGATTACTCCTGTACC.22	8	core_retained_singlet	mac_mono_supported	retain_for_current_mac_mono_analysis	singlet	0.34883414339242
GGCAATTGTGACTACT.26	8	core_retained_singlet	mac_mono_supported	retain_for_current_mac_mono_analysis	singlet	0.0833922671187703
GGCAATTTCCTGCTTG.32	8	core_retained_singlet	mac_mono_supported	retain_for_current_mac_mono_analysis	singlet	0.112325383101195
GGCCGATTCACAGGCC.60	8	core_retained_singlet	mac_mono_supported	retain_for_current_mac_mono_analysis	singlet	0.175148020966254
GGCGACTTCTGACCTC.39	8	core_retained_singlet	mac_mono_supported	retain_for_current_mac_mono_analysis	singlet	0.110180009656431
GGCTGGTAGTTAACGA.32	8	core_retained_singlet	mac_mono_supported	retain_for_current_mac_mono_analysis	singlet	0.0847159453704938
GGGACCTGTTAGAACA.49	8	core_retained_singlet	mac_mono_supported	retain_for_current_mac_mono_analysis	singlet	0.239453245896135
GGGATGAAGACAAGCC.57	8	core_retained_singlet	mac_mono_supported	retain_for_current_mac_mono_analysis	singlet	0.331930170116596
GGGATGAAGTCTTGCA.39	8	core_retained_singlet	mac_mono_supported	retain_for_current_mac_mono_analysis	singlet	0.257894449299722
GGGATGACACCAGTTA.39	8	core_retained_singlet	mac_mono_supported	retain_for_current_mac_mono_analysis	singlet	0.323413092564288
GGGATGATCGGAAATA.22	8	core_retained_singlet	mac_mono_supported	retain_for_current_mac_mono_analysis	singlet	0.239882551380404
GGGCACTAGAAGCCCA.49	8	core_retained_singlet	mac_mono_supported	retain_for_current_mac_mono_analysis	singlet	0.18175563364933
GGGCACTAGCACCGTC.55	8	core_retained_singlet	mac_mono_supported	retain_for_current_mac_mono_analysis	singlet	0.155852736370123
GGGCACTTCATAAAGG.60	8	core_retained_singlet	mac_mono_supported	retain_for_current_mac_mono_analysis	singlet	0.223677391494082
GGGTCTGGTAGCCTAT.25	8	core_retained_singlet	mac_mono_supported	retain_for_current_mac_mono_analysis	singlet	0.36407785889207
GGGTCTGGTCACAAGG.39	8	core_retained_singlet	mac_mono_supported	retain_for_current_mac_mono_analysis	singlet	0.1356821369709
GGGTCTGGTCGCTTTC.60	8	core_retained_singlet	mac_mono_supported	retain_for_current_mac_mono_analysis	singlet	0.24797187593841
GGGTCTGGTTCGGGCT.29	8	core_retained_singlet	mac_mono_supported	retain_for_current_mac_mono_analysis	singlet	0.0562510011414859
GGGTCTGTCCATGAGT.52	8	core_retained_singlet	mac_mono_supported	retain_for_current_mac_mono_analysis	singlet	0.03803111975562
GGGTTGCAGCAAATCA.39	8	core_retained_singlet	mac_mono_supported	retain_for_current_mac_mono_analysis	singlet	0.387770311605456
GGGTTGCCAAGCGTAG.60	8	core_retained_singlet	mac_mono_supported	retain_for_current_mac_mono_analysis	singlet	0.216083803011569
GGGTTGCCAAGCTGGA.29	8	core_retained_singlet	mac_mono_supported	retain_for_current_mac_mono_analysis	singlet	0.0891125858860573
GGGTTGCCAAGGACTG.39	8	core_retained_singlet	mac_mono_supported	retain_for_current_mac_mono_analysis	singlet	0.146300978219502
GGTATTGGTTATGCGT.21	8	core_retained_singlet	mac_mono_supported	retain_for_current_mac_mono_analysis	singlet	0.121816960440393
GGTGAAGAGCCATCGC.41	8	core_retained_singlet	mac_mono_supported	retain_for_current_mac_mono_analysis	singlet	0.265797273054179
GGTGAAGAGGAGTAGA.49	8	core_retained_singlet	mac_mono_supported	retain_for_current_mac_mono_analysis	singlet	0.171300941136169
GGTGAAGGTATATGAG.49	8	core_retained_singlet	mac_mono_supported	retain_for_current_mac_mono_analysis	singlet	0.121062312545762
GGTGCGTAGATGTTAG.29	8	core_retained_singlet	mac_mono_supported	retain_for_current_mac_mono_analysis	singlet	0.0689205348312109
GTAACGTGTATTCGTG.52	8	core_retained_singlet	mac_mono_supported	retain_for_current_mac_mono_analysis	singlet	0.0435838492524474
GTAACGTGTGTGCGTC.26	8	core_retained_singlet	mac_mono_supported	retain_for_current_mac_mono_analysis	singlet	0.0990748082783251
GTAACTGGTCCGTTAA.22	8	core_retained_singlet	mac_mono_supported	retain_for_current_mac_mono_analysis	singlet	0.198240798363376
GTAACTGTCAGAAATG.39	8	core_retained_singlet	mac_mono_supported	retain_for_current_mac_mono_analysis	singlet	0.130678045906117
GTACGTACAAGTAGTA.42	8	core_retained_singlet	mac_mono_supported	retain_for_current_mac_mono_analysis	singlet	0.394052185276857
GTACTTTGTCACCCAG.29	8	core_retained_singlet	mac_mono_supported	retain_for_current_mac_mono_analysis	singlet	0.137338621129751
GTACTTTGTCTAGTCA.14	8	core_retained_singlet	mac_mono_supported	retain_for_current_mac_mono_analysis	singlet	0.31706744857613
GTACTTTTCTAGCACA.60	8	core_retained_singlet	mac_mono_supported	retain_for_current_mac_mono_analysis	singlet	0.213222610892003
GTAGTCAGTAATCGTC.52	8	core_retained_singlet	mac_mono_supported	retain_for_current_mac_mono_analysis	singlet	0.037930833768882
GTATTCTAGCAATATG.21	8	core_retained_singlet	mac_mono_supported	retain_for_current_mac_mono_analysis	singlet	0.331005858311312
GTATTCTTCACAAACC.60	8	core_retained_singlet	mac_mono_supported	retain_for_current_mac_mono_analysis	singlet	0.107390471647079
GTCAAGTAGAGCTGCA.60	8	core_retained_singlet	mac_mono_supported	retain_for_current_mac_mono_analysis	singlet	0.115885065193406
GTCAAGTGTTATCGGT.26	8	core_retained_singlet	mac_mono_supported	retain_for_current_mac_mono_analysis	singlet	0.252657692436539
GTCAAGTTCGCGATCG.60	8	core_retained_singlet	mac_mono_supported	retain_for_current_mac_mono_analysis	singlet	0.205749968738534
GTCACAAAGGCCCTCA.22	8	core_retained_singlet	mac_mono_supported	retain_for_current_mac_mono_analysis	singlet	0.199806218018174
GTCACGGAGCTAAACA.49	8	core_retained_singlet	mac_mono_supported	retain_for_current_mac_mono_analysis	singlet	0.237072943637817
GTCACGGCAGATTGCT.60	8	core_retained_singlet	mac_mono_supported	retain_for_current_mac_mono_analysis	singlet	0.17467009118949
GTCCTCAGTATATGAG.32	8	core_retained_singlet	mac_mono_supported	retain_for_current_mac_mono_analysis	singlet	0.152364842117099
GTCCTCATCCAAAGTC.25	8	core_retained_singlet	mac_mono_supported	retain_for_current_mac_mono_analysis	singlet	0.0722083134576285
GTCGGGTCAATTGCTG.41	8	core_retained_singlet	mac_mono_supported	retain_for_current_mac_mono_analysis	singlet	0.265646498715439
GTCGGGTCAGGGATTG.60	8	core_retained_singlet	mac_mono_supported	retain_for_current_mac_mono_analysis	singlet	0.188424831979514
GTCGGGTGTAGCGTAG.52	8	core_retained_singlet	mac_mono_supported	retain_for_current_mac_mono_analysis	singlet	0.176205789164891
GTCGTAAAGTACGCCC.60	8	core_retained_singlet	mac_mono_supported	retain_for_current_mac_mono_analysis	singlet	0.321799083240892
GTCGTAACACGAAACG.49	8	core_retained_singlet	mac_mono_supported	retain_for_current_mac_mono_analysis	singlet	0.0406085598592064
GTCGTAACAGCAGTTT.32	8	core_retained_singlet	mac_mono_supported	retain_for_current_mac_mono_analysis	singlet	0.248665761245147
GTCGTAAGTCGTGGCT.60	8	core_retained_singlet	mac_mono_supported	retain_for_current_mac_mono_analysis	singlet	0.164336761835428
GTCGTAAGTTCTGAAC.60	8	core_retained_singlet	mac_mono_supported	retain_for_current_mac_mono_analysis	singlet	0.108913355443006
GTCTCGTGTAACGACG.60	8	core_retained_singlet	mac_mono_supported	retain_for_current_mac_mono_analysis	singlet	0.133584162372468
GTCTCGTTCCTGTACC.41	8	core_retained_singlet	mac_mono_supported	retain_for_current_mac_mono_analysis	singlet	0.0653798700859256
GTCTTCGAGTCCTCCT.39	8	core_retained_singlet	mac_mono_supported	retain_for_current_mac_mono_analysis	singlet	0.157711041235245
GTCTTCGTCTTGACGA.48	8	core_retained_singlet	mac_mono_supported	retain_for_current_mac_mono_analysis	singlet	0.11826417025171
GTGAAGGCAATAAGCA.52	8	core_retained_singlet	mac_mono_supported	retain_for_current_mac_mono_analysis	singlet	0.370683200193503
GTGCAGCTCGTCCAGG.21	8	core_retained_singlet	mac_mono_supported	retain_for_current_mac_mono_analysis	singlet	0.292551072117882
GTGCATACAGGCGATA.54	8	core_retained_singlet	mac_mono_supported	retain_for_current_mac_mono_analysis	singlet	0.227434717922449
GTGCATACATCCTAGA.39	8	core_retained_singlet	mac_mono_supported	retain_for_current_mac_mono_analysis	singlet	0.248229852079235
GTGCATAGTGTGTGCC.57	8	core_retained_singlet	mac_mono_supported	retain_for_current_mac_mono_analysis	singlet	0.295954680430771
GTGCGGTTCAGAAATG.29	8	core_retained_singlet	mac_mono_supported	retain_for_current_mac_mono_analysis	singlet	0.0505957324368555
GTGCTTCGTAGCTGCC.49	8	core_retained_singlet	mac_mono_supported	retain_for_current_mac_mono_analysis	singlet	0.132127199397061
GTGGGTCAGACAGACC.34	8	core_retained_singlet	mac_mono_supported	retain_for_current_mac_mono_analysis	singlet	0.0420123292003847
GTGGGTCGTGACGCCT.29	8	core_retained_singlet	mac_mono_supported	retain_for_current_mac_mono_analysis	singlet	0.0470949593018377
GTGGGTCGTTCCAACA.52	8	core_retained_singlet	mac_mono_supported	retain_for_current_mac_mono_analysis	singlet	0.187811757098647
GTGTGCGCATAACCTG.60	8	core_retained_singlet	mac_mono_supported	retain_for_current_mac_mono_analysis	singlet	0.074444394126921
GTGTTAGGTTAAGGGC.52	8	core_retained_singlet	mac_mono_supported	retain_for_current_mac_mono_analysis	singlet	0.0680258044232275
GTGTTAGTCATTTGGG.36	8	core_retained_singlet	mac_mono_supported	retain_for_current_mac_mono_analysis	singlet	0.326442228027412
GTGTTAGTCCATGCTC.60	8	core_retained_singlet	mac_mono_supported	retain_for_current_mac_mono_analysis	singlet	0.313874313249991
GTTAAGCGTAGAGTGC.22	8	core_retained_singlet	mac_mono_supported	retain_for_current_mac_mono_analysis	singlet	0.1122142994984
GTTAAGCGTGAGCGAT.60	8	core_retained_singlet	mac_mono_supported	retain_for_current_mac_mono_analysis	singlet	0.224598986881387
GTTAAGCTCTATCGCC.39	8	core_retained_singlet	mac_mono_supported	retain_for_current_mac_mono_analysis	singlet	0.300878360586091
GTTCATTTCACAACGT.3	8	core_retained_singlet	mac_mono_supported	retain_for_current_mac_mono_analysis	singlet	0.228038485935876
GTTCGGGAGTGTCCAT.25	8	core_retained_singlet	mac_mono_supported	retain_for_current_mac_mono_analysis	singlet	0.169122012909062
GTTCGGGCATTCCTCG.39	8	core_retained_singlet	mac_mono_supported	retain_for_current_mac_mono_analysis	singlet	0.349222087811819
GTTTCTAAGCCTCGTG.39	8	core_retained_singlet	mac_mono_supported	retain_for_current_mac_mono_analysis	singlet	0.182638912993037
GTTTCTAAGCTAGTGG.60	8	core_retained_singlet	mac_mono_supported	retain_for_current_mac_mono_analysis	singlet	0.144724591465908
GTTTCTAGTTTAGGAA.28	8	core_retained_singlet	mac_mono_supported	retain_for_current_mac_mono_analysis	singlet	0.200199777901463
TAAACCGTCCATGAGT.39	8	core_retained_singlet	mac_mono_supported	retain_for_current_mac_mono_analysis	singlet	0.247707252839507
TAAACCGTCGGACAAG.51	8	core_retained_singlet	mac_mono_supported	retain_for_current_mac_mono_analysis	singlet	0.0696645284418865
TAAGAGAAGGGATGGG.22	8	core_retained_singlet	mac_mono_supported	retain_for_current_mac_mono_analysis	singlet	0.202483316559151
TAAGAGAGTATAGTAG.49	8	core_retained_singlet	mac_mono_supported	retain_for_current_mac_mono_analysis	singlet	0.121028497176742
TAAGAGAGTTCCGTCT.60	8	core_retained_singlet	mac_mono_supported	retain_for_current_mac_mono_analysis	singlet	0.108106333938235
TAAGCGTCAATGGATA.32	8	core_retained_singlet	mac_mono_supported	retain_for_current_mac_mono_analysis	singlet	0.0939296988621934
TAAGCGTGTCAGGACA.32	8	core_retained_singlet	mac_mono_supported	retain_for_current_mac_mono_analysis	singlet	0.24800428633755
TACACGAAGTGTCTCA.39	8	core_retained_singlet	mac_mono_supported	retain_for_current_mac_mono_analysis	singlet	0.130969306297083
TACACGACAGGGTACA.13	8	core_retained_singlet	mac_mono_supported	retain_for_current_mac_mono_analysis	singlet	0.170498204892722
TACAGTGAGCCCAGCT.60	8	core_retained_singlet	mac_mono_supported	retain_for_current_mac_mono_analysis	singlet	0.117742368037359
TACAGTGCATGATCCA.26	8	core_retained_singlet	mac_mono_supported	retain_for_current_mac_mono_analysis	singlet	0.15834044114485
TACCTATAGGACAGAA.60	8	core_retained_singlet	mac_mono_supported	retain_for_current_mac_mono_analysis	singlet	0.194807362945743
TACCTATAGTACGCGA.5	8	core_retained_singlet	mac_mono_supported	retain_for_current_mac_mono_analysis	singlet	0.0310361797159839
TACCTATCAAGGACTG.60	8	core_retained_singlet	mac_mono_supported	retain_for_current_mac_mono_analysis	singlet	0.240153516925735
TACCTATTCCCGGATG.60	8	core_retained_singlet	mac_mono_supported	retain_for_current_mac_mono_analysis	singlet	0.267144988771115
TACCTTATCTGTCTCG.32	8	core_retained_singlet	mac_mono_supported	retain_for_current_mac_mono_analysis	singlet	0.0928391433859901
TACGGATCATCTCGCT.52	8	core_retained_singlet	mac_mono_supported	retain_for_current_mac_mono_analysis	singlet	0.0465948615113035
TACGGGCAGCGCCTCA.42	8	core_retained_singlet	mac_mono_supported	retain_for_current_mac_mono_analysis	singlet	0.347131764907454
TACGGGCAGGGTTCCC.25	8	core_retained_singlet	mac_mono_supported	retain_for_current_mac_mono_analysis	singlet	0.192294750309363
TACGGGCTCAACACCA.55	8	core_retained_singlet	mac_mono_supported	retain_for_current_mac_mono_analysis	singlet	0.307248396231719
TACGGGCTCAGTTCGA.32	8	core_retained_singlet	mac_mono_supported	retain_for_current_mac_mono_analysis	singlet	0.0349266408518541
TACGGGCTCTCTGTCG.56	8	core_retained_singlet	mac_mono_supported	retain_for_current_mac_mono_analysis	singlet	0.214847924253005
TACTCATCATCGGAAG.52	8	core_retained_singlet	mac_mono_supported	retain_for_current_mac_mono_analysis	singlet	0.0565905436366011
TACTCATTCAACACAC.32	8	core_retained_singlet	mac_mono_supported	retain_for_current_mac_mono_analysis	singlet	0.132223369167941
TACTCATTCAGGCAAG.46	8	core_retained_singlet	mac_mono_supported	retain_for_current_mac_mono_analysis	singlet	0.171333574178585
TACTCATTCCCACTTG.58	8	core_retained_singlet	mac_mono_supported	retain_for_current_mac_mono_analysis	singlet	0.0188577856160417
TACTCGCCAGATGGGT.39	8	core_retained_singlet	mac_mono_supported	retain_for_current_mac_mono_analysis	singlet	0.29890278698164
TACTTACCAGTCAGAG.41	8	core_retained_singlet	mac_mono_supported	retain_for_current_mac_mono_analysis	singlet	0.286755895669341
TACTTGTGTTGACGTT.52	8	core_retained_singlet	mac_mono_supported	retain_for_current_mac_mono_analysis	singlet	0.111408590530931
TAGAGCTAGCCTTGAT.22	8	core_retained_singlet	mac_mono_supported	retain_for_current_mac_mono_analysis	singlet	0.191649606939917
TAGAGCTGTGCAACTT.52	8	core_retained_singlet	mac_mono_supported	retain_for_current_mac_mono_analysis	singlet	0.124015351739345
TAGAGCTTCATGCTCC.28	8	core_retained_singlet	mac_mono_supported	retain_for_current_mac_mono_analysis	singlet	0.0624694730478242
TAGCCGGAGGAGTAGA.44	8	core_retained_singlet	mac_mono_supported	retain_for_current_mac_mono_analysis	singlet	0.0628283450572121
TAGGCATTCCTATTCA.39	8	core_retained_singlet	mac_mono_supported	retain_for_current_mac_mono_analysis	singlet	0.144815084011142
TAGTGGTCATTAGCCA.60	8	core_retained_singlet	mac_mono_supported	retain_for_current_mac_mono_analysis	singlet	0.100996544051107
TAGTGGTGTTTAGCTG.52	8	core_retained_singlet	mac_mono_supported	retain_for_current_mac_mono_analysis	singlet	0.0653187072939966
TAGTTGGGTACAGCAG.60	8	core_retained_singlet	mac_mono_supported	retain_for_current_mac_mono_analysis	singlet	0.0947967751075121
TATCTCAAGACTTGAA.55	8	core_retained_singlet	mac_mono_supported	retain_for_current_mac_mono_analysis	singlet	0.351961049343345
TATCTCAAGTATTGGA.60	8	core_retained_singlet	mac_mono_supported	retain_for_current_mac_mono_analysis	singlet	0.172464845197266
TATCTCAGTCATCCCT.19	8	core_retained_singlet	mac_mono_supported	retain_for_current_mac_mono_analysis	singlet	0.139088456073943
TATCTCATCACTGGGC.58	8	core_retained_singlet	mac_mono_supported	retain_for_current_mac_mono_analysis	singlet	0.0475950665532882
TATCTCATCTGTCCGT.49	8	core_retained_singlet	mac_mono_supported	retain_for_current_mac_mono_analysis	singlet	0.110158181752819
TATGCCCGTAGCCTCG.60	8	core_retained_singlet	mac_mono_supported	retain_for_current_mac_mono_analysis	singlet	0.211124897105848
TATGCCCGTCCATCCT.49	8	core_retained_singlet	mac_mono_supported	retain_for_current_mac_mono_analysis	singlet	0.0346997918754395
TATTACCCACTCAGGC.60	8	core_retained_singlet	mac_mono_supported	retain_for_current_mac_mono_analysis	singlet	0.372738616959002
TATTACCGTCCATCCT.29	8	core_retained_singlet	mac_mono_supported	retain_for_current_mac_mono_analysis	singlet	0.107857027138876
TCAACGAGTGTTGGGA.52	8	core_retained_singlet	mac_mono_supported	retain_for_current_mac_mono_analysis	singlet	0.0713240560146303
TCAACGATCGGCTACG.3	8	core_retained_singlet	mac_mono_supported	retain_for_current_mac_mono_analysis	singlet	0.186309433199942
TCACGAATCGAATGGG.60	8	core_retained_singlet	mac_mono_supported	retain_for_current_mac_mono_analysis	singlet	0.346093344623681
TCAGCAAAGGCGCTCT.39	8	core_retained_singlet	mac_mono_supported	retain_for_current_mac_mono_analysis	singlet	0.0774300072398491
TCAGCAAGTCTTCTCG.60	8	core_retained_singlet	mac_mono_supported	retain_for_current_mac_mono_analysis	singlet	0.148893198394621
TCAGGATAGAAGGTTT.60	8	core_retained_singlet	mac_mono_supported	retain_for_current_mac_mono_analysis	singlet	0.0868251846701477
TCAGGATAGGATGGAA.32	8	core_retained_singlet	mac_mono_supported	retain_for_current_mac_mono_analysis	singlet	0.19167566921474
TCAGGATGTAACGACG.39	8	core_retained_singlet	mac_mono_supported	retain_for_current_mac_mono_analysis	singlet	0.280297752924766
TCAGGATTCGAGCCCA.52	8	core_retained_singlet	mac_mono_supported	retain_for_current_mac_mono_analysis	singlet	0.179319038286287
TCAGGTAGTTGCTCCT.39	8	core_retained_singlet	mac_mono_supported	retain_for_current_mac_mono_analysis	singlet	0.389034001055832
TCAGGTATCTGTACGA.32	8	core_retained_singlet	mac_mono_supported	retain_for_current_mac_mono_analysis	singlet	0.124726474174153
TCATTTGGTTACGACT.49	8	core_retained_singlet	mac_mono_supported	retain_for_current_mac_mono_analysis	singlet	0.139199219789579
TCCACACGTCAATGTC.19	8	core_retained_singlet	mac_mono_supported	retain_for_current_mac_mono_analysis	singlet	0.277356475864975
TCGAGGCCAGATGAGC.52	8	core_retained_singlet	mac_mono_supported	retain_for_current_mac_mono_analysis	singlet	0.113570752698133
TCGAGGCCAGGTCTCG.60	8	core_retained_singlet	mac_mono_supported	retain_for_current_mac_mono_analysis	singlet	0.159833004432612
TCGCGAGAGGTAGCCA.39	8	core_retained_singlet	mac_mono_supported	retain_for_current_mac_mono_analysis	singlet	0.30973481114936
TCGCGAGTCAGATAAG.3	8	core_retained_singlet	mac_mono_supported	retain_for_current_mac_mono_analysis	singlet	0.110629963795491
TCGCGAGTCTTGTACT.3	8	core_retained_singlet	mac_mono_supported	retain_for_current_mac_mono_analysis	singlet	0.181318284291215
TCGCGTTGTCCAAGTT.42	8	core_retained_singlet	mac_mono_supported	retain_for_current_mac_mono_analysis	singlet	0.367412318190818
TCGGGACAGAAGATTC.16	8	core_retained_singlet	mac_mono_supported	retain_for_current_mac_mono_analysis	singlet	0.132433935849844
TCGGGACCAATCCGAT.34	8	core_retained_singlet	mac_mono_supported	retain_for_current_mac_mono_analysis	singlet	0.365922898377898
TCGTACCCACATTTCT.22	8	core_retained_singlet	mac_mono_supported	retain_for_current_mac_mono_analysis	singlet	0.27632822559545
TCGTAGACATCGTCGG.60	8	core_retained_singlet	mac_mono_supported	retain_for_current_mac_mono_analysis	singlet	0.222244133363023
TCGTAGAGTGAAATCA.60	8	core_retained_singlet	mac_mono_supported	retain_for_current_mac_mono_analysis	singlet	0.101186363715729
TCTATTGAGTGGAGTC.32	8	core_retained_singlet	mac_mono_supported	retain_for_current_mac_mono_analysis	singlet	0.175055321361853
TCTATTGGTACCATCA.32	8	core_retained_singlet	mac_mono_supported	retain_for_current_mac_mono_analysis	singlet	0.304516032478028
TCTCTAAAGCTGATAA.32	8	core_retained_singlet	mac_mono_supported	retain_for_current_mac_mono_analysis	singlet	0.0264580329684128
TCTCTAACACGAGAGT.32	8	core_retained_singlet	mac_mono_supported	retain_for_current_mac_mono_analysis	singlet	0.29093086245859
TCTCTAACACGTTGGC.26	8	core_retained_singlet	mac_mono_supported	retain_for_current_mac_mono_analysis	singlet	0.20917262357296
TCTCTAAGTGAGCGAT.22	8	core_retained_singlet	mac_mono_supported	retain_for_current_mac_mono_analysis	singlet	0.120518008238986
TCTGAGACATGACGGA.32	8	core_retained_singlet	mac_mono_supported	retain_for_current_mac_mono_analysis	singlet	0.201169701138946
TCTGAGAGTTAAGACA.39	8	core_retained_singlet	mac_mono_supported	retain_for_current_mac_mono_analysis	singlet	0.151645376014965
TCTGGAAAGCCAACAG.32	8	core_retained_singlet	mac_mono_supported	retain_for_current_mac_mono_analysis	singlet	0.157688849007073
TCTTCGGAGAAGGACA.32	8	core_retained_singlet	mac_mono_supported	retain_for_current_mac_mono_analysis	singlet	0.180964752535279
TGAAAGAAGCAACGGT.60	8	core_retained_singlet	mac_mono_supported	retain_for_current_mac_mono_analysis	singlet	0.0527950974701241
TGAAAGATCAACACGT.51	8	core_retained_singlet	mac_mono_supported	retain_for_current_mac_mono_analysis	singlet	0.134878449023969
TGAAAGATCGTCGTTC.22	8	core_retained_singlet	mac_mono_supported	retain_for_current_mac_mono_analysis	singlet	0.127215644531433
TGACAACAGTTTCCTT.52	8	core_retained_singlet	mac_mono_supported	retain_for_current_mac_mono_analysis	singlet	0.0679578116988056
TGACAACCAAGCCCAC.22	8	core_retained_singlet	mac_mono_supported	retain_for_current_mac_mono_analysis	singlet	0.298411503596286
TGACAACCATTTCAGG.14	8	core_retained_singlet	mac_mono_supported	retain_for_current_mac_mono_analysis	singlet	0.254527803987775
TGACTTTAGACAGAGA.52	8	core_retained_singlet	mac_mono_supported	retain_for_current_mac_mono_analysis	singlet	0.0749612219580383
TGAGAGGTCGAATGCT.29	8	core_retained_singlet	mac_mono_supported	retain_for_current_mac_mono_analysis	singlet	0.0923764410283097
TGAGCATCAAAGAATC.60	8	core_retained_singlet	mac_mono_supported	retain_for_current_mac_mono_analysis	singlet	0.226030537068799
TGAGCATTCGGAGGTA.32	8	core_retained_singlet	mac_mono_supported	retain_for_current_mac_mono_analysis	singlet	0.102008371424369
TGAGCCGGTCATATGC.39	8	core_retained_singlet	mac_mono_supported	retain_for_current_mac_mono_analysis	singlet	0.062171349548321
TGAGGGACAGCCTGTG.26	8	core_retained_singlet	mac_mono_supported	retain_for_current_mac_mono_analysis	singlet	0.144379710322051
TGAGGGAGTTGTCGCG.55	8	core_retained_singlet	mac_mono_supported	retain_for_current_mac_mono_analysis	singlet	0.103388343456138
TGCACCTCACAAGTAA.41	8	core_retained_singlet	mac_mono_supported	retain_for_current_mac_mono_analysis	singlet	0.196845681052291
TGCACCTCAGGTGCCT.60	8	core_retained_singlet	mac_mono_supported	retain_for_current_mac_mono_analysis	singlet	0.229849528700141
TGCACCTGTCTCCACT.32	8	core_retained_singlet	mac_mono_supported	retain_for_current_mac_mono_analysis	singlet	0.325242832202708
TGCACCTGTGGAAAGA.60	8	core_retained_singlet	mac_mono_supported	retain_for_current_mac_mono_analysis	singlet	0.119101305131453
TGCACCTGTTAGATGA.60	8	core_retained_singlet	mac_mono_supported	retain_for_current_mac_mono_analysis	singlet	0.138918883635232
TGCACCTGTTGATTGC.32	8	core_retained_singlet	mac_mono_supported	retain_for_current_mac_mono_analysis	singlet	0.210441716370228
TGCCAAACAACGCACC.41	8	core_retained_singlet	mac_mono_supported	retain_for_current_mac_mono_analysis	singlet	0.136787492208698
TGCCAAACACGAGAGT.39	8	core_retained_singlet	mac_mono_supported	retain_for_current_mac_mono_analysis	singlet	0.268901449334087
TGCCAAAGTCGGCACT.49	8	core_retained_singlet	mac_mono_supported	retain_for_current_mac_mono_analysis	singlet	0.197282054223902
TGCCAAATCAGCGATT.26	8	core_retained_singlet	mac_mono_supported	retain_for_current_mac_mono_analysis	singlet	0.133288891602147
TGCCCATCACAACGTT.39	8	core_retained_singlet	mac_mono_supported	retain_for_current_mac_mono_analysis	singlet	0.243302513217712
TGCGCAGCACTCAGGC.25	8	core_retained_singlet	mac_mono_supported	retain_for_current_mac_mono_analysis	singlet	0.127207365306546
TGCGCAGGTGAAATCA.58	8	core_retained_singlet	mac_mono_supported	retain_for_current_mac_mono_analysis	singlet	0.0884478918513392
TGCGTGGTCGCATGGC.60	8	core_retained_singlet	mac_mono_supported	retain_for_current_mac_mono_analysis	singlet	0.258975487401729
TGCTGCTCATGGTCAT.41	8	core_retained_singlet	mac_mono_supported	retain_for_current_mac_mono_analysis	singlet	0.182003071641125
TGCTGCTTCACCGTAA.42	8	core_retained_singlet	mac_mono_supported	retain_for_current_mac_mono_analysis	singlet	0.296600291359757
TGGACGCAGTACGACG.42	8	core_retained_singlet	mac_mono_supported	retain_for_current_mac_mono_analysis	singlet	0.313474740788238
TGGACGCCATAGTAAG.32	8	core_retained_singlet	mac_mono_supported	retain_for_current_mac_mono_analysis	singlet	0.0688945031987645
TGGACGCGTATTCTCT.32	8	core_retained_singlet	mac_mono_supported	retain_for_current_mac_mono_analysis	singlet	0.17113040398871
TGGCTGGCAATCCAAC.39	8	core_retained_singlet	mac_mono_supported	retain_for_current_mac_mono_analysis	singlet	0.262357251996424
TGGCTGGCACAACGCC.46	8	core_retained_singlet	mac_mono_supported	retain_for_current_mac_mono_analysis	singlet	0.0922057894178995
TGGCTGGTCTGCCAGG.60	8	core_retained_singlet	mac_mono_supported	retain_for_current_mac_mono_analysis	singlet	0.188153682177241
TGGTTAGAGCGTCTAT.52	8	core_retained_singlet	mac_mono_supported	retain_for_current_mac_mono_analysis	singlet	0.0434198673061111
TGGTTCCCAGCCTATA.58	8	core_retained_singlet	mac_mono_supported	retain_for_current_mac_mono_analysis	singlet	0.134906555261617
TGTATTCGTGCATCTA.60	8	core_retained_singlet	mac_mono_supported	retain_for_current_mac_mono_analysis	singlet	0.0950393314869487
TGTATTCTCTATCCTA.52	8	core_retained_singlet	mac_mono_supported	retain_for_current_mac_mono_analysis	singlet	0.104600445210859
TGTCCCACATGGTCAT.13	8	core_retained_singlet	mac_mono_supported	retain_for_current_mac_mono_analysis	singlet	0.193042018713517
TGTCCCAGTTGATTCG.32	8	core_retained_singlet	mac_mono_supported	retain_for_current_mac_mono_analysis	singlet	0.19756383697835
TGTGGTAAGCCTCGTG.52	8	core_retained_singlet	mac_mono_supported	retain_for_current_mac_mono_analysis	singlet	0.163261606505266
TGTGGTAGTATCGCAT.26	8	core_retained_singlet	mac_mono_supported	retain_for_current_mac_mono_analysis	singlet	0.0153069614495788
TGTGGTAGTCTCTCTG.58	8	core_retained_singlet	mac_mono_supported	retain_for_current_mac_mono_analysis	singlet	0.297346353914358
TGTGGTATCCTATTCA.41	8	core_retained_singlet	mac_mono_supported	retain_for_current_mac_mono_analysis	singlet	0.0490970737178351
TGTGTTTTCTCCTATA.39	8	core_retained_singlet	mac_mono_supported	retain_for_current_mac_mono_analysis	singlet	0.133509077252995
TGTTCCGAGAAACGAG.52	8	core_retained_singlet	mac_mono_supported	retain_for_current_mac_mono_analysis	singlet	0.0432449585384987
TGTTCCGAGGCCGAAT.19	8	core_retained_singlet	mac_mono_supported	retain_for_current_mac_mono_analysis	singlet	0.204969409176266
TGTTCCGTCCCTCTTT.32	8	core_retained_singlet	mac_mono_supported	retain_for_current_mac_mono_analysis	singlet	0.109004980241232
TTAACTCGTAGCCTCG.25	8	core_retained_singlet	mac_mono_supported	retain_for_current_mac_mono_analysis	singlet	0.328579577197826
TTAACTCTCACTTCAT.45	8	core_retained_singlet	mac_mono_supported	retain_for_current_mac_mono_analysis	singlet	0.372981458779815
TTAGGACCAGTCGATT.21	8	core_retained_singlet	mac_mono_supported	retain_for_current_mac_mono_analysis	singlet	0.238988918211147
TTAGGCAAGCCGTCGT.59	8	core_retained_singlet	mac_mono_supported	retain_for_current_mac_mono_analysis	singlet	0.247357322507804
TTAGTTCGTCGGATCC.36	8	core_retained_singlet	mac_mono_supported	retain_for_current_mac_mono_analysis	singlet	0.291698244662058
TTAGTTCGTGAACCTT.39	8	core_retained_singlet	mac_mono_supported	retain_for_current_mac_mono_analysis	singlet	0.358510304231395
TTAGTTCTCTACTATC.21	8	core_retained_singlet	mac_mono_supported	retain_for_current_mac_mono_analysis	singlet	0.137331320381917
TTCCCAGAGAATGTTG.39	8	core_retained_singlet	mac_mono_supported	retain_for_current_mac_mono_analysis	singlet	0.111604916653225
TTCGAAGAGCTCCCAG.39	8	core_retained_singlet	mac_mono_supported	retain_for_current_mac_mono_analysis	singlet	0.0578232697756405
TTCGGTCAGGCTATCT.42	8	core_retained_singlet	mac_mono_supported	retain_for_current_mac_mono_analysis	singlet	0.31966289223858
TTCGGTCCACGTCAGC.28	8	core_retained_singlet	mac_mono_supported	retain_for_current_mac_mono_analysis	singlet	0.0381192483746976
TTCGGTCCAGCGTCCA.52	8	core_retained_singlet	mac_mono_supported	retain_for_current_mac_mono_analysis	singlet	0.037486036892983
TTCGGTCGTACCATCA.32	8	core_retained_singlet	mac_mono_supported	retain_for_current_mac_mono_analysis	singlet	0.374306585639154
TTCGGTCGTTCGCGAC.32	8	core_retained_singlet	mac_mono_supported	retain_for_current_mac_mono_analysis	singlet	0.100431766711108
TTCTACATCATGTGGT.52	8	core_retained_singlet	mac_mono_supported	retain_for_current_mac_mono_analysis	singlet	0.0532278401924334
TTCTCCTAGATCTGAA.22	8	core_retained_singlet	mac_mono_supported	retain_for_current_mac_mono_analysis	singlet	0.128975917598218
TTCTCCTCAATGGTCT.46	8	core_retained_singlet	mac_mono_supported	retain_for_current_mac_mono_analysis	singlet	0.280570914533926
TTCTTAGCACGAAATA.32	8	core_retained_singlet	mac_mono_supported	retain_for_current_mac_mono_analysis	singlet	0.163905578137272
TTCTTAGTCGCTAGCG.25	8	core_retained_singlet	mac_mono_supported	retain_for_current_mac_mono_analysis	singlet	0.209046240786371
TTGAACGGTGGGTATG.34	8	core_retained_singlet	mac_mono_supported	retain_for_current_mac_mono_analysis	singlet	0.17179055772683
TTGGCAACAGTGGGAT.58	8	core_retained_singlet	mac_mono_supported	retain_for_current_mac_mono_analysis	singlet	0.164945665787387
TTGGCAAGTCTGCGGT.32	8	core_retained_singlet	mac_mono_supported	retain_for_current_mac_mono_analysis	singlet	0.100411678309101
TTGGCAAGTGACAAAT.56	8	core_retained_singlet	mac_mono_supported	retain_for_current_mac_mono_analysis	singlet	0.19856639597469
TTGTAGGAGAGAGCTC.34	8	core_retained_singlet	mac_mono_supported	retain_for_current_mac_mono_analysis	singlet	0.168401575887358
TTGTAGGGTTCCACAA.32	8	core_retained_singlet	mac_mono_supported	retain_for_current_mac_mono_analysis	singlet	0.123599547046834
TTGTAGGTCGTTTAGG.21	8	core_retained_singlet	mac_mono_supported	retain_for_current_mac_mono_analysis	singlet	0.330070921169309
TTTACTGGTCTCGTTC.34	8	core_retained_singlet	mac_mono_supported	retain_for_current_mac_mono_analysis	singlet	0.198420148928267
TTTATGCGTTGTCTTT.25	8	core_retained_singlet	mac_mono_supported	retain_for_current_mac_mono_analysis	singlet	0.21533795119921
TTTGGTTTCGCATGAT.60	8	core_retained_singlet	mac_mono_supported	retain_for_current_mac_mono_analysis	singlet	0.12295525136805
AAACCTGCAGCTGGCT.35	10	core_retained_singlet	mac_mono_supported	retain_for_current_mac_mono_analysis	singlet	0.108381776656438
AAACCTGGTACCGTAT.34	10	core_retained_singlet	mac_mono_supported	retain_for_current_mac_mono_analysis	singlet	0.132354388240786
AAACGGGCATTGAGCT.35	10	core_retained_singlet	mac_mono_supported	retain_for_current_mac_mono_analysis	singlet	0.290194438244376
AAACGGGTCTGCGTAA.34	10	core_retained_singlet	mac_mono_supported	retain_for_current_mac_mono_analysis	singlet	0.219689014721075
AACACGTTCTACCTGC.7	10	core_retained_singlet	mac_mono_supported	retain_for_current_mac_mono_analysis	singlet	0.178656619649648
AACGTTGGTCATGCCG.35	10	core_retained_singlet	mac_mono_supported	retain_for_current_mac_mono_analysis	singlet	0.173394424253364
AACTCAGAGCCACGCT.34	10	core_retained_singlet	mac_mono_supported	retain_for_current_mac_mono_analysis	singlet	0.150074193860802
AACTCAGAGCTGGAAC.7	10	core_retained_singlet	mac_mono_supported	retain_for_current_mac_mono_analysis	singlet	0.14323143684856
AACTCTTAGAAGGTGA.35	10	core_retained_singlet	mac_mono_supported	retain_for_current_mac_mono_analysis	singlet	0.243807199999519
AACTCTTAGACTACAA.35	10	core_retained_singlet	mac_mono_supported	retain_for_current_mac_mono_analysis	singlet	0.301179184263942
AAGACCTGTACCATCA.7	10	core_retained_singlet	mac_mono_supported	retain_for_current_mac_mono_analysis	singlet	0.0424636322543026
AAGCCGCTCGTGACAT.35	10	core_retained_singlet	mac_mono_supported	retain_for_current_mac_mono_analysis	singlet	0.396563798415468
AAGGAGCTCTGCTGTC.7	10	core_retained_singlet	mac_mono_supported	retain_for_current_mac_mono_analysis	singlet	0.380093028256196
AAGGAGCTCTTGGGTA.35	10	core_retained_singlet	mac_mono_supported	retain_for_current_mac_mono_analysis	singlet	0.211357314443343
AAGGTTCGTCGAGTTT.49	10	core_retained_singlet	mac_mono_supported	retain_for_current_mac_mono_analysis	singlet	0.322105899954409
AATCCAGCAGTAAGAT.7	10	core_retained_singlet	mac_mono_supported	retain_for_current_mac_mono_analysis	singlet	0.233828422737157
AATCGGTCATGTTGAC.35	10	core_retained_singlet	mac_mono_supported	retain_for_current_mac_mono_analysis	singlet	0.0890755401850887
AATCGGTTCAAGAAGT.35	10	core_retained_singlet	mac_mono_supported	retain_for_current_mac_mono_analysis	singlet	0.168511221231364
ACACCAAGTACAAGTA.34	10	core_retained_singlet	mac_mono_supported	retain_for_current_mac_mono_analysis	singlet	0.222500289674124
ACACCAAGTCACTTCC.7	10	core_retained_singlet	mac_mono_supported	retain_for_current_mac_mono_analysis	singlet	0.133617214255292
ACACCCTAGTCCAGGA.7	10	core_retained_singlet	mac_mono_supported	retain_for_current_mac_mono_analysis	singlet	0.223607893196302
ACACCGGCACGGTAGA.46	10	core_retained_singlet	mac_mono_supported	retain_for_current_mac_mono_analysis	singlet	0.20312483480219
ACACCGGTCTGAAAGA.35	10	core_retained_singlet	mac_mono_supported	retain_for_current_mac_mono_analysis	singlet	0.126458225292139
ACACTGAGTGTGGCTC.35	10	core_retained_singlet	mac_mono_supported	retain_for_current_mac_mono_analysis	singlet	0.171755090580534
ACAGCTAAGGAGTTTA.35	10	core_retained_singlet	mac_mono_supported	retain_for_current_mac_mono_analysis	singlet	0.0571101125425002
ACATCAGCATCGGAAG.7	10	core_retained_singlet	mac_mono_supported	retain_for_current_mac_mono_analysis	singlet	0.318676968159558
ACATCAGTCCGGCACA.7	10	core_retained_singlet	mac_mono_supported	retain_for_current_mac_mono_analysis	singlet	0.117349062809564
ACCCACTAGGCAGGTT.34	10	core_retained_singlet	mac_mono_supported	retain_for_current_mac_mono_analysis	singlet	0.253068938046806
ACCGTAAAGGCCCTTG.34	10	core_retained_singlet	mac_mono_supported	retain_for_current_mac_mono_analysis	singlet	0.352287152884767
ACGAGCCAGCGAGAAA.35	10	core_retained_singlet	mac_mono_supported	retain_for_current_mac_mono_analysis	singlet	0.20410099393204
ACGAGCCAGTCGTTTG.33	10	core_retained_singlet	mac_mono_supported	retain_for_current_mac_mono_analysis	singlet	0.14755792184835
ACGAGGAAGCAACGGT.35	10	core_retained_singlet	mac_mono_supported	retain_for_current_mac_mono_analysis	singlet	0.268625164554266
ACGAGGATCTGGTATG.7	10	core_retained_singlet	mac_mono_supported	retain_for_current_mac_mono_analysis	singlet	0.209213170047657
ACGATACAGTACGTAA.7	10	core_retained_singlet	mac_mono_supported	retain_for_current_mac_mono_analysis	singlet	0.185822798410793
ACGATGTGTGGCGAAT.7	10	core_retained_singlet	mac_mono_supported	retain_for_current_mac_mono_analysis	singlet	0.137314688116396
ACGCAGCAGCCGGTAA.35	10	core_retained_singlet	mac_mono_supported	retain_for_current_mac_mono_analysis	singlet	0.190630221642397
ACGCAGCGTGTGCGTC.35	10	core_retained_singlet	mac_mono_supported	retain_for_current_mac_mono_analysis	singlet	0.152318129581699
ACGGAGAAGAGGTACC.34	10	core_retained_singlet	mac_mono_supported	retain_for_current_mac_mono_analysis	singlet	0.152526914597253
ACGGAGATCACCTTAT.35	10	core_retained_singlet	mac_mono_supported	retain_for_current_mac_mono_analysis	singlet	0.149114094271997
ACGGCCAAGAGCTTCT.34	10	core_retained_singlet	mac_mono_supported	retain_for_current_mac_mono_analysis	singlet	0.297063679528636
ACGGCCAAGCGATTCT.35	10	core_retained_singlet	mac_mono_supported	retain_for_current_mac_mono_analysis	singlet	0.0810696946598324
ACGGGTCCAATTGCTG.7	10	core_retained_singlet	mac_mono_supported	retain_for_current_mac_mono_analysis	singlet	0.23731577186058
ACGGGTCCAGCGATCC.35	10	core_retained_singlet	mac_mono_supported	retain_for_current_mac_mono_analysis	singlet	0.00550088454026076
ACGTCAAAGGGAGTAA.32	10	core_retained_singlet	mac_mono_supported	retain_for_current_mac_mono_analysis	singlet	0.358858093605448
ACGTCAATCTTTACAC.19	10	core_retained_singlet	mac_mono_supported	retain_for_current_mac_mono_analysis	singlet	0.295107343540336
ACTGAACCAAAGTGCG.33	10	core_retained_singlet	mac_mono_supported	retain_for_current_mac_mono_analysis	singlet	0.295469449296456
ACTGCTCAGCCCGAAA.7	10	core_retained_singlet	mac_mono_supported	retain_for_current_mac_mono_analysis	singlet	0.273949178723192
ACTGCTCGTGTGGCTC.7	10	core_retained_singlet	mac_mono_supported	retain_for_current_mac_mono_analysis	singlet	0.244393845958451
ACTGCTCTCGGGAGTA.34	10	core_retained_singlet	mac_mono_supported	retain_for_current_mac_mono_analysis	singlet	0.23795529962365
ACTTGTTGTGTGCGTC.35	10	core_retained_singlet	mac_mono_supported	retain_for_current_mac_mono_analysis	singlet	0.382607133503717
ACTTGTTTCAGCGACC.35	10	core_retained_singlet	mac_mono_supported	retain_for_current_mac_mono_analysis	singlet	0.173863020456128
ACTTTCAAGATCCGAG.34	10	core_retained_singlet	mac_mono_supported	retain_for_current_mac_mono_analysis	singlet	0.123295177042987
ACTTTCAAGCACACAG.34	10	core_retained_singlet	mac_mono_supported	retain_for_current_mac_mono_analysis	singlet	0.107812356757648
ACTTTCATCACCAGGC.34	10	core_retained_singlet	mac_mono_supported	retain_for_current_mac_mono_analysis	singlet	0.213014574103166
AGAATAGCACTAAGTC.32	10	core_retained_singlet	mac_mono_supported	retain_for_current_mac_mono_analysis	singlet	0.38209804999937
AGAATAGGTCGAGTTT.7	10	core_retained_singlet	mac_mono_supported	retain_for_current_mac_mono_analysis	singlet	0.123587819148396
AGACGTTCATTGAGCT.35	10	core_retained_singlet	mac_mono_supported	retain_for_current_mac_mono_analysis	singlet	0.197893196993971
AGAGCTTCATTAGCCA.34	10	core_retained_singlet	mac_mono_supported	retain_for_current_mac_mono_analysis	singlet	0.0665722784828929
AGAGCTTTCCATGAAC.35	10	core_retained_singlet	mac_mono_supported	retain_for_current_mac_mono_analysis	singlet	0.263106277899692
AGAGTGGAGTAAGTAC.7	10	core_retained_singlet	mac_mono_supported	retain_for_current_mac_mono_analysis	singlet	0.228933958570729
AGAGTGGGTAGGACAC.35	10	core_retained_singlet	mac_mono_supported	retain_for_current_mac_mono_analysis	singlet	0.204154646914588
AGCAGCCAGAGGGCTT.32	10	core_retained_singlet	mac_mono_supported	retain_for_current_mac_mono_analysis	singlet	0.161420066957784
AGCAGCCGTTCGGCAC.7	10	core_retained_singlet	mac_mono_supported	retain_for_current_mac_mono_analysis	singlet	0.101498001408724
AGCAGCCTCTCTAAGG.34	10	core_retained_singlet	mac_mono_supported	retain_for_current_mac_mono_analysis	singlet	0.357705727200936
AGCATACCAACTGGCC.35	10	core_retained_singlet	mac_mono_supported	retain_for_current_mac_mono_analysis	singlet	0.305791705762326
AGCATACCACATCTTT.34	10	core_retained_singlet	mac_mono_supported	retain_for_current_mac_mono_analysis	singlet	0.249936868195062
AGCCTAAAGAGTGAGA.35	10	core_retained_singlet	mac_mono_supported	retain_for_current_mac_mono_analysis	singlet	0.125077902068336
AGCCTAAGTTGTCTTT.34	10	core_retained_singlet	mac_mono_supported	retain_for_current_mac_mono_analysis	singlet	0.0813013230396292
AGCGGTCCAAGAAGAG.7	10	core_retained_singlet	mac_mono_supported	retain_for_current_mac_mono_analysis	singlet	0.131377863366449
AGCTCCTAGAAGGTTT.7	10	core_retained_singlet	mac_mono_supported	retain_for_current_mac_mono_analysis	singlet	0.249894507249142
AGCTCCTAGCAGACTG.7	10	core_retained_singlet	mac_mono_supported	retain_for_current_mac_mono_analysis	singlet	0.25127089496826
AGGCCGTGTAGCTTGT.7	10	core_retained_singlet	mac_mono_supported	retain_for_current_mac_mono_analysis	singlet	0.100158043763608
AGGCCGTTCAACACTG.35	10	core_retained_singlet	mac_mono_supported	retain_for_current_mac_mono_analysis	singlet	0.330395230149488
AGGGAGTGTTGTACAC.32	10	core_retained_singlet	mac_mono_supported	retain_for_current_mac_mono_analysis	singlet	0.26246500417783
AGGGAGTTCGGAGGTA.7	10	core_retained_singlet	mac_mono_supported	retain_for_current_mac_mono_analysis	singlet	0.202799235206954
AGGGATGTCTTCGGTC.35	10	core_retained_singlet	mac_mono_supported	retain_for_current_mac_mono_analysis	singlet	0.0604809769236202
AGGGTGAAGTTCGATC.35	10	core_retained_singlet	mac_mono_supported	retain_for_current_mac_mono_analysis	singlet	0.0221689724479313
AGGGTGAAGTTGTCGT.35	10	core_retained_singlet	mac_mono_supported	retain_for_current_mac_mono_analysis	singlet	0.199396539736746
AGGGTGATCTGCCCTA.35	10	core_retained_singlet	mac_mono_supported	retain_for_current_mac_mono_analysis	singlet	0.233465314457595
AGGTCATCATTGGTAC.35	10	core_retained_singlet	mac_mono_supported	retain_for_current_mac_mono_analysis	singlet	0.140532152918475
AGTGAGGGTGTTGGGA.7	10	core_retained_singlet	mac_mono_supported	retain_for_current_mac_mono_analysis	singlet	0.0981174260292991
AGTGGGAAGGAATCGC.32	10	core_retained_singlet	mac_mono_supported	retain_for_current_mac_mono_analysis	singlet	0.379182534153073
AGTGGGACAAGCGAGT.35	10	core_retained_singlet	mac_mono_supported	retain_for_current_mac_mono_analysis	singlet	0.216417975492607
AGTGTCACACTCAGGC.35	10	core_retained_singlet	mac_mono_supported	retain_for_current_mac_mono_analysis	singlet	0.0376265713601466
ATAAGAGAGAATGTTG.34	10	core_retained_singlet	mac_mono_supported	retain_for_current_mac_mono_analysis	singlet	0.147325205368497
ATAGACCGTCGCTTTC.34	10	core_retained_singlet	mac_mono_supported	retain_for_current_mac_mono_analysis	singlet	0.139349864556109
ATAGACCTCAGTTAGC.32	10	core_retained_singlet	mac_mono_supported	retain_for_current_mac_mono_analysis	singlet	0.102615735322721
ATCATCTAGTAGGCCA.34	10	core_retained_singlet	mac_mono_supported	retain_for_current_mac_mono_analysis	singlet	0.2871165156112
ATCATCTGTTAAGAAC.7	10	core_retained_singlet	mac_mono_supported	retain_for_current_mac_mono_analysis	singlet	0.286065173328973
ATCCACCCAAGTTAAG.7	10	core_retained_singlet	mac_mono_supported	retain_for_current_mac_mono_analysis	singlet	0.2037396297545
ATCCACCTCTTGCATT.7	10	core_retained_singlet	mac_mono_supported	retain_for_current_mac_mono_analysis	singlet	0.222493497874592
ATCGAGTCAGCCTGTG.7	10	core_retained_singlet	mac_mono_supported	retain_for_current_mac_mono_analysis	singlet	0.258145268168374
ATCGAGTGTCCCTTGT.25	10	core_retained_singlet	mac_mono_supported	retain_for_current_mac_mono_analysis	singlet	0.262849628368401
ATCTGCCCACCAGATT.35	10	core_retained_singlet	mac_mono_supported	retain_for_current_mac_mono_analysis	singlet	0.268220388136272
ATCTGCCTCAGAGGTG.34	10	core_retained_singlet	mac_mono_supported	retain_for_current_mac_mono_analysis	singlet	0.157122881615011
ATCTGCCTCGGATGTT.35	10	core_retained_singlet	mac_mono_supported	retain_for_current_mac_mono_analysis	singlet	0.22388993006371
ATGAGGGAGGGATACC.7	10	core_retained_singlet	mac_mono_supported	retain_for_current_mac_mono_analysis	singlet	0.261973911542309
ATGAGGGCACTTCGAA.35	10	core_retained_singlet	mac_mono_supported	retain_for_current_mac_mono_analysis	singlet	0.220727023573303
ATGAGGGGTGTTGGGA.7	10	core_retained_singlet	mac_mono_supported	retain_for_current_mac_mono_analysis	singlet	0.178656955809612
ATGAGGGTCGTCGTTC.35	10	core_retained_singlet	mac_mono_supported	retain_for_current_mac_mono_analysis	singlet	0.0561751335022294
ATGCGATAGTGGTAGC.7	10	core_retained_singlet	mac_mono_supported	retain_for_current_mac_mono_analysis	singlet	0.0845647162284273
ATGCGATGTGCAGGTA.32	10	core_retained_singlet	mac_mono_supported	retain_for_current_mac_mono_analysis	singlet	0.306177766613863
ATGCGATTCCACGTGG.16	10	core_retained_singlet	mac_mono_supported	retain_for_current_mac_mono_analysis	singlet	0.157385189454455
ATTCTACAGGTGTTAA.8	10	core_retained_singlet	mac_mono_supported	retain_for_current_mac_mono_analysis	singlet	0.369550298368227
ATTCTACTCTGGTTCC.34	10	core_retained_singlet	mac_mono_supported	retain_for_current_mac_mono_analysis	singlet	0.300454871867666
ATTGGACCATCCGGGT.35	10	core_retained_singlet	mac_mono_supported	retain_for_current_mac_mono_analysis	singlet	0.195759420281778
ATTGGACGTGCATCTA.15	10	core_retained_singlet	mac_mono_supported	retain_for_current_mac_mono_analysis	singlet	0.310137246608994
ATTGGTGAGACGCTTT.35	10	core_retained_singlet	mac_mono_supported	retain_for_current_mac_mono_analysis	singlet	0.307653980296827
ATTGGTGAGTTAAGTG.34	10	core_retained_singlet	mac_mono_supported	retain_for_current_mac_mono_analysis	singlet	0.0833750574206414
ATTTCTGAGGACTGGT.35	10	core_retained_singlet	mac_mono_supported	retain_for_current_mac_mono_analysis	singlet	0.125241386685676
ATTTCTGCAAGTCTGT.7	10	core_retained_singlet	mac_mono_supported	retain_for_current_mac_mono_analysis	singlet	0.0836099500380263
CAACCAATCCCTCAGT.35	10	core_retained_singlet	mac_mono_supported	retain_for_current_mac_mono_analysis	singlet	0.374016157764559
CAACTAGAGCTATGCT.35	10	core_retained_singlet	mac_mono_supported	retain_for_current_mac_mono_analysis	singlet	0.36633295430568
CAACTAGGTCGGCACT.35	10	core_retained_singlet	mac_mono_supported	retain_for_current_mac_mono_analysis	singlet	0.309862283065766
CAACTAGTCATGTGGT.34	10	core_retained_singlet	mac_mono_supported	retain_for_current_mac_mono_analysis	singlet	0.148693237493726
CAAGAAAAGCTAAACA.34	10	core_retained_singlet	mac_mono_supported	retain_for_current_mac_mono_analysis	singlet	0.134119138680127
CAAGAAACAATAGAGT.32	10	core_retained_singlet	mac_mono_supported	retain_for_current_mac_mono_analysis	singlet	0.180161136473002
CAAGAAATCTTCGAGA.35	10	core_retained_singlet	mac_mono_supported	retain_for_current_mac_mono_analysis	singlet	0.356273972550729
CAAGATCGTAAACCTC.35	10	core_retained_singlet	mac_mono_supported	retain_for_current_mac_mono_analysis	singlet	0.151383379316174
CAAGATCTCGAGGTAG.32	10	core_retained_singlet	mac_mono_supported	retain_for_current_mac_mono_analysis	singlet	0.286424474219717
CAAGTTGAGAAGGCCT.8	10	core_retained_singlet	mac_mono_supported	retain_for_current_mac_mono_analysis	singlet	0.214316566578007
CACACAAAGCTGCAAG.7	10	core_retained_singlet	mac_mono_supported	retain_for_current_mac_mono_analysis	singlet	0.349266598565431
CACAGGCAGGATGTAT.35	10	core_retained_singlet	mac_mono_supported	retain_for_current_mac_mono_analysis	singlet	0.165124126975835
CACAGGCTCGTGGTCG.35	10	core_retained_singlet	mac_mono_supported	retain_for_current_mac_mono_analysis	singlet	0.0781708921334871
CACAGTACAGCCAATT.35	10	core_retained_singlet	mac_mono_supported	retain_for_current_mac_mono_analysis	singlet	0.207783444701365
CACAGTACATTAGGCT.7	10	core_retained_singlet	mac_mono_supported	retain_for_current_mac_mono_analysis	singlet	0.130685228163062
CACATAGAGTCGAGTG.32	10	core_retained_singlet	mac_mono_supported	retain_for_current_mac_mono_analysis	singlet	0.277922046262008
CACATAGCACCTATCC.35	10	core_retained_singlet	mac_mono_supported	retain_for_current_mac_mono_analysis	singlet	0.244820235362364
CACATAGGTAGAGGAA.7	10	core_retained_singlet	mac_mono_supported	retain_for_current_mac_mono_analysis	singlet	0.0623229053239213
CACATTTCACGGTTTA.7	10	core_retained_singlet	mac_mono_supported	retain_for_current_mac_mono_analysis	singlet	0.1692431456423
CACCTTGTCGTAGATC.35	10	core_retained_singlet	mac_mono_supported	retain_for_current_mac_mono_analysis	singlet	0.171023145948146
CAGAATCAGAACAATC.35	10	core_retained_singlet	mac_mono_supported	retain_for_current_mac_mono_analysis	singlet	0.35760948589229
CAGATCAGTCCCGACA.32	10	core_retained_singlet	mac_mono_supported	retain_for_current_mac_mono_analysis	singlet	0.360971223552924
CAGCAGCAGGATATAC.34	10	core_retained_singlet	mac_mono_supported	retain_for_current_mac_mono_analysis	singlet	0.323339215563655
CAGCAGCGTACCGGCT.35	10	core_retained_singlet	mac_mono_supported	retain_for_current_mac_mono_analysis	singlet	0.22571744904775
CAGCGACCAGATTGCT.7	10	core_retained_singlet	mac_mono_supported	retain_for_current_mac_mono_analysis	singlet	0.209488737442509
CAGCTAACACAAGACG.7	10	core_retained_singlet	mac_mono_supported	retain_for_current_mac_mono_analysis	singlet	0.136293773381925
CAGCTAATCTCTGAGA.32	10	core_retained_singlet	mac_mono_supported	retain_for_current_mac_mono_analysis	singlet	0.188003914740272
CAGCTGGAGAGTACCG.35	10	core_retained_singlet	mac_mono_supported	retain_for_current_mac_mono_analysis	singlet	0.0895992882891567
CAGCTGGTCACCTTAT.32	10	core_retained_singlet	mac_mono_supported	retain_for_current_mac_mono_analysis	singlet	0.356905615451085
CAGGTGCTCCAAGTAC.35	10	core_retained_singlet	mac_mono_supported	retain_for_current_mac_mono_analysis	singlet	0.00659788683335685
CAGTCCTTCCTACAGA.35	10	core_retained_singlet	mac_mono_supported	retain_for_current_mac_mono_analysis	singlet	0.171354073757197
CATATTCTCACTCTTA.35	10	core_retained_singlet	mac_mono_supported	retain_for_current_mac_mono_analysis	singlet	0.0945677512216407
CATCAAGGTGCAACTT.7	10	core_retained_singlet	mac_mono_supported	retain_for_current_mac_mono_analysis	singlet	0.0672682899584218
CATCAAGTCAGATAAG.7	10	core_retained_singlet	mac_mono_supported	retain_for_current_mac_mono_analysis	singlet	0.212432849086036
CATCAGACAGCTCCGA.7	10	core_retained_singlet	mac_mono_supported	retain_for_current_mac_mono_analysis	singlet	0.0181368058032472
CATCAGAGTTCCATGA.32	10	core_retained_singlet	mac_mono_supported	retain_for_current_mac_mono_analysis	singlet	0.23570592298873
CATCGGGGTAATAGCA.7	10	core_retained_singlet	mac_mono_supported	retain_for_current_mac_mono_analysis	singlet	0.188100760111165
CATGACAAGTCGATAA.35	10	core_retained_singlet	mac_mono_supported	retain_for_current_mac_mono_analysis	singlet	0.13721870677781
CATGCCTGTCATGCCG.35	10	core_retained_singlet	mac_mono_supported	retain_for_current_mac_mono_analysis	singlet	0.114091989420553
CATTATCGTGAGGGTT.8	10	core_retained_singlet	mac_mono_supported	retain_for_current_mac_mono_analysis	singlet	0.293289273088432
CATTCGCAGCGTGAAC.35	10	core_retained_singlet	mac_mono_supported	retain_for_current_mac_mono_analysis	singlet	0.0831699265813728
CATTCGCGTGTTAAGA.7	10	core_retained_singlet	mac_mono_supported	retain_for_current_mac_mono_analysis	singlet	0.0742257771934122
CCAATCCCACTACAGT.7	10	core_retained_singlet	mac_mono_supported	retain_for_current_mac_mono_analysis	singlet	0.110716750883639
CCACCTAGTTAAGAAC.35	10	core_retained_singlet	mac_mono_supported	retain_for_current_mac_mono_analysis	singlet	0.15572822750337
CCACCTATCTGAAAGA.35	10	core_retained_singlet	mac_mono_supported	retain_for_current_mac_mono_analysis	singlet	0.0189938059313302
CCACGGAAGTGGACGT.35	10	core_retained_singlet	mac_mono_supported	retain_for_current_mac_mono_analysis	singlet	0.0848064627915681
CCACGGACACACATGT.7	10	core_retained_singlet	mac_mono_supported	retain_for_current_mac_mono_analysis	singlet	0.141686722116215
CCACGGAGTAGGAGTC.35	10	core_retained_singlet	mac_mono_supported	retain_for_current_mac_mono_analysis	singlet	0.395950984067455
CCACTACTCATTGCGA.34	10	core_retained_singlet	mac_mono_supported	retain_for_current_mac_mono_analysis	singlet	0.0852896298905866
CCAGCGAAGCTAGTCT.7	10	core_retained_singlet	mac_mono_supported	retain_for_current_mac_mono_analysis	singlet	0.182570322071678
CCAGCGAGTAATCGTC.35	10	core_retained_singlet	mac_mono_supported	retain_for_current_mac_mono_analysis	singlet	0.0402321783903851
CCCAGTTAGGAGTAGA.34	10	core_retained_singlet	mac_mono_supported	retain_for_current_mac_mono_analysis	singlet	0.189163887951015
CCCAGTTGTATAATGG.7	10	core_retained_singlet	mac_mono_supported	retain_for_current_mac_mono_analysis	singlet	0.0720912968713315
CCCAGTTGTCTGGTCG.35	10	core_retained_singlet	mac_mono_supported	retain_for_current_mac_mono_analysis	singlet	0.221001000583268
CCCTCCTGTAAGAGAG.35	10	core_retained_singlet	mac_mono_supported	retain_for_current_mac_mono_analysis	singlet	0.262891628104973
CCCTCCTGTCCAGTGC.34	10	core_retained_singlet	mac_mono_supported	retain_for_current_mac_mono_analysis	singlet	0.0632111279533221
CCCTCCTTCGCCTGAG.35	10	core_retained_singlet	mac_mono_supported	retain_for_current_mac_mono_analysis	singlet	0.11214545676134
CCGGGATGTTCGGCAC.7	10	core_retained_singlet	mac_mono_supported	retain_for_current_mac_mono_analysis	singlet	0.25077865480363
CCGGGATTCTCACATT.35	10	core_retained_singlet	mac_mono_supported	retain_for_current_mac_mono_analysis	singlet	0.331628906437115
CCGTACTGTAGGGTAC.7	10	core_retained_singlet	mac_mono_supported	retain_for_current_mac_mono_analysis	singlet	0.140371739239251
CCGTGGAAGAAGGTTT.7	10	core_retained_singlet	mac_mono_supported	retain_for_current_mac_mono_analysis	singlet	0.179886408051783
CCGTTCATCTGTCAAG.7	10	core_retained_singlet	mac_mono_supported	retain_for_current_mac_mono_analysis	singlet	0.109014868809062
CCTACCAGTCCAGTGC.35	10	core_retained_singlet	mac_mono_supported	retain_for_current_mac_mono_analysis	singlet	0.38738915532524
CCTAGCTTCGCATGAT.48	10	core_retained_singlet	mac_mono_supported	retain_for_current_mac_mono_analysis	singlet	0.104219599146492
CCTCAGTAGGCTAGCA.7	10	core_retained_singlet	mac_mono_supported	retain_for_current_mac_mono_analysis	singlet	0.144306230474432
CCTCAGTAGGTAAACT.35	10	core_retained_singlet	mac_mono_supported	retain_for_current_mac_mono_analysis	singlet	0.0601468308778884
CCTCAGTGTCATTAGC.33	10	core_retained_singlet	mac_mono_supported	retain_for_current_mac_mono_analysis	singlet	0.380880832350022
CCTTACGGTGAGTATA.7	10	core_retained_singlet	mac_mono_supported	retain_for_current_mac_mono_analysis	singlet	0.213154570990098
CCTTCCCGTAATAGCA.34	10	core_retained_singlet	mac_mono_supported	retain_for_current_mac_mono_analysis	singlet	0.0432926700367295
CCTTCCCGTGTTCTTT.7	10	core_retained_singlet	mac_mono_supported	retain_for_current_mac_mono_analysis	singlet	0.132437766296769
CCTTCGACACCATCCT.7	10	core_retained_singlet	mac_mono_supported	retain_for_current_mac_mono_analysis	singlet	0.198033199720738
CCTTCGAGTTCACCTC.34	10	core_retained_singlet	mac_mono_supported	retain_for_current_mac_mono_analysis	singlet	0.314464572821106
CGAATGTCAAGAAAGG.7	10	core_retained_singlet	mac_mono_supported	retain_for_current_mac_mono_analysis	singlet	0.182292458987676
CGAATGTTCCATGCTC.34	10	core_retained_singlet	mac_mono_supported	retain_for_current_mac_mono_analysis	singlet	0.191116099412069
CGACCTTGTTACTGAC.35	10	core_retained_singlet	mac_mono_supported	retain_for_current_mac_mono_analysis	singlet	0.152431240454676
CGACCTTTCTGCAGTA.7	10	core_retained_singlet	mac_mono_supported	retain_for_current_mac_mono_analysis	singlet	0.253672580927792
CGACTTCAGTCTCCTC.7	10	core_retained_singlet	mac_mono_supported	retain_for_current_mac_mono_analysis	singlet	0.326181634293232
CGAGAAGCAAGCTGTT.20	10	core_retained_singlet	mac_mono_supported	retain_for_current_mac_mono_analysis	singlet	0.188859513538772
CGATTGACAGTGAGTG.34	10	core_retained_singlet	mac_mono_supported	retain_for_current_mac_mono_analysis	singlet	0.159721239452472
CGCCAAGTCGTACCGG.32	10	core_retained_singlet	mac_mono_supported	retain_for_current_mac_mono_analysis	singlet	0.376459343800228
CGCGTTTAGCGTTCCG.35	10	core_retained_singlet	mac_mono_supported	retain_for_current_mac_mono_analysis	singlet	0.361012950441994
CGCGTTTAGGGAAACA.35	10	core_retained_singlet	mac_mono_supported	retain_for_current_mac_mono_analysis	singlet	0.239513013803731
CGCGTTTCAATTCCTT.35	10	core_retained_singlet	mac_mono_supported	retain_for_current_mac_mono_analysis	singlet	0.136343954121471
CGCTATCAGCCCGAAA.33	10	core_retained_singlet	mac_mono_supported	retain_for_current_mac_mono_analysis	singlet	0.223543432354103
CGCTATCAGTGTACGG.7	10	core_retained_singlet	mac_mono_supported	retain_for_current_mac_mono_analysis	singlet	0.0692177361783452
CGCTATCTCCAGAAGG.7	10	core_retained_singlet	mac_mono_supported	retain_for_current_mac_mono_analysis	singlet	0.257169534691479
CGCTTCAAGGATCGCA.32	10	core_retained_singlet	mac_mono_supported	retain_for_current_mac_mono_analysis	singlet	0.384904230120224
CGGACACAGTCATCCA.32	10	core_retained_singlet	mac_mono_supported	retain_for_current_mac_mono_analysis	singlet	0.307440884374041
CGGACGTGTATAGGGC.7	10	core_retained_singlet	mac_mono_supported	retain_for_current_mac_mono_analysis	singlet	0.232160205965243
CGGACTGGTAAACCTC.34	10	core_retained_singlet	mac_mono_supported	retain_for_current_mac_mono_analysis	singlet	0.190487205647668
CGGAGCTGTAACGCGA.7	10	core_retained_singlet	mac_mono_supported	retain_for_current_mac_mono_analysis	singlet	0.11263511816646
CGGAGCTTCACATAGC.7	10	core_retained_singlet	mac_mono_supported	retain_for_current_mac_mono_analysis	singlet	0.10360061016074
CGGCTAGCAAACGCGA.35	10	core_retained_singlet	mac_mono_supported	retain_for_current_mac_mono_analysis	singlet	0.117875515495938
CGGGTCACATGTTCCC.7	10	core_retained_singlet	mac_mono_supported	retain_for_current_mac_mono_analysis	singlet	0.153582541597565
CGGGTCAGTCTGGTCG.35	10	core_retained_singlet	mac_mono_supported	retain_for_current_mac_mono_analysis	singlet	0.073236424907084
CGGGTCAGTTTGTTGG.34	10	core_retained_singlet	mac_mono_supported	retain_for_current_mac_mono_analysis	singlet	0.223602682972789
CGGTTAACAGCGTCCA.35	10	core_retained_singlet	mac_mono_supported	retain_for_current_mac_mono_analysis	singlet	0.0864331141892865
CGTAGCGAGTGGCACA.7	10	core_retained_singlet	mac_mono_supported	retain_for_current_mac_mono_analysis	singlet	0.106354813468622
CGTAGCGGTTAGAACA.35	10	core_retained_singlet	mac_mono_supported	retain_for_current_mac_mono_analysis	singlet	0.170111737545959
CGTAGGCAGTGTTGAA.7	10	core_retained_singlet	mac_mono_supported	retain_for_current_mac_mono_analysis	singlet	0.16504330741445
CGTCAGGTCCACTGGG.35	10	core_retained_singlet	mac_mono_supported	retain_for_current_mac_mono_analysis	singlet	0.283915875679134
CGTCTACAGAGTGACC.35	10	core_retained_singlet	mac_mono_supported	retain_for_current_mac_mono_analysis	singlet	0.204368152711485
CGTCTACCATTGAGCT.7	10	core_retained_singlet	mac_mono_supported	retain_for_current_mac_mono_analysis	singlet	0.28176749003101
CGTCTACTCATGGTCA.32	10	core_retained_singlet	mac_mono_supported	retain_for_current_mac_mono_analysis	singlet	0.396670138261344
CGTGAGCCATTAGCCA.34	10	core_retained_singlet	mac_mono_supported	retain_for_current_mac_mono_analysis	singlet	0.172043052855436
CGTGAGCGTCTCTCTG.34	10	core_retained_singlet	mac_mono_supported	retain_for_current_mac_mono_analysis	singlet	0.164510631861368
CGTGTAACACAGACAG.35	10	core_retained_singlet	mac_mono_supported	retain_for_current_mac_mono_analysis	singlet	0.0887149376881578
CGTTAGATCTGATACG.35	10	core_retained_singlet	mac_mono_supported	retain_for_current_mac_mono_analysis	singlet	0.358633702597551
CGTTCTGCAAGGTGTG.41	10	core_retained_singlet	mac_mono_supported	retain_for_current_mac_mono_analysis	singlet	0.14782789990983
CGTTGGGCATTAACCG.34	10	core_retained_singlet	mac_mono_supported	retain_for_current_mac_mono_analysis	singlet	0.213803116981154
CTAACTTAGACTTGAA.35	10	core_retained_singlet	mac_mono_supported	retain_for_current_mac_mono_analysis	singlet	0.173181796357304
CTAACTTCAGGACCCT.35	10	core_retained_singlet	mac_mono_supported	retain_for_current_mac_mono_analysis	singlet	0.0693735988866588
CTAACTTGTCAAAGAT.35	10	core_retained_singlet	mac_mono_supported	retain_for_current_mac_mono_analysis	singlet	0.233272100864397
CTAAGACAGAAACCGC.32	10	core_retained_singlet	mac_mono_supported	retain_for_current_mac_mono_analysis	singlet	0.296703381396027
CTAAGACTCTACGAGT.33	10	core_retained_singlet	mac_mono_supported	retain_for_current_mac_mono_analysis	singlet	0.23657322109013
CTAATGGAGCGGATCA.7	10	core_retained_singlet	mac_mono_supported	retain_for_current_mac_mono_analysis	singlet	0.145298378188322
CTAATGGTCACAACGT.35	10	core_retained_singlet	mac_mono_supported	retain_for_current_mac_mono_analysis	singlet	0.120117337554607
CTAATGGTCGTATCAG.7	10	core_retained_singlet	mac_mono_supported	retain_for_current_mac_mono_analysis	singlet	0.193420568745715
CTACACCAGTCATCCA.35	10	core_retained_singlet	mac_mono_supported	retain_for_current_mac_mono_analysis	singlet	0.206897562726423
CTACACCCAGTCAGAG.35	10	core_retained_singlet	mac_mono_supported	retain_for_current_mac_mono_analysis	singlet	0.1554171861851
CTACACCGTGATAAAC.32	10	core_retained_singlet	mac_mono_supported	retain_for_current_mac_mono_analysis	singlet	0.318305733831009
CTACACCTCATTGCGA.7	10	core_retained_singlet	mac_mono_supported	retain_for_current_mac_mono_analysis	singlet	0.16505188339635
CTACCCAAGAACAACT.34	10	core_retained_singlet	mac_mono_supported	retain_for_current_mac_mono_analysis	singlet	0.226228772220987
CTACCCATCAGCGATT.7	10	core_retained_singlet	mac_mono_supported	retain_for_current_mac_mono_analysis	singlet	0.101421434736743
CTAGAGTAGTGGAGAA.35	10	core_retained_singlet	mac_mono_supported	retain_for_current_mac_mono_analysis	singlet	0.256438646693853
CTAGAGTCATGAGCGA.32	10	core_retained_singlet	mac_mono_supported	retain_for_current_mac_mono_analysis	singlet	0.240647385347138
CTAGCCTGTACTTAGC.35	10	core_retained_singlet	mac_mono_supported	retain_for_current_mac_mono_analysis	singlet	0.142699407812341
CTAGCCTTCCATTCTA.34	10	core_retained_singlet	mac_mono_supported	retain_for_current_mac_mono_analysis	singlet	0.24502587859576
CTCACACGTTAAGATG.35	10	core_retained_singlet	mac_mono_supported	retain_for_current_mac_mono_analysis	singlet	0.128608254362091
CTCATTATCTCGCATC.7	10	core_retained_singlet	mac_mono_supported	retain_for_current_mac_mono_analysis	singlet	0.119812109575643
CTCCTAGAGCCGCCTA.34	10	core_retained_singlet	mac_mono_supported	retain_for_current_mac_mono_analysis	singlet	0.210799723936628
CTCCTAGTCAGGCAAG.35	10	core_retained_singlet	mac_mono_supported	retain_for_current_mac_mono_analysis	singlet	0.171097182572466
CTCGAAAAGGTTACCT.40	10	core_retained_singlet	mac_mono_supported	retain_for_current_mac_mono_analysis	singlet	0.274228912161175
CTCGGAGAGGCTATCT.34	10	core_retained_singlet	mac_mono_supported	retain_for_current_mac_mono_analysis	singlet	0.251185279882934
CTCGGGAGTTCAGGCC.35	10	core_retained_singlet	mac_mono_supported	retain_for_current_mac_mono_analysis	singlet	0.348998129236636
CTCGGGATCCACGAAT.7	10	core_retained_singlet	mac_mono_supported	retain_for_current_mac_mono_analysis	singlet	0.15389500094707
CTCGGGATCGGTTCGG.7	10	core_retained_singlet	mac_mono_supported	retain_for_current_mac_mono_analysis	singlet	0.145596242417588
CTCGTACAGCCACGTC.35	10	core_retained_singlet	mac_mono_supported	retain_for_current_mac_mono_analysis	singlet	0.166069496554109
CTCGTACAGTGTTAGA.35	10	core_retained_singlet	mac_mono_supported	retain_for_current_mac_mono_analysis	singlet	0.125627175301166
CTCGTACGTACCTACA.35	10	core_retained_singlet	mac_mono_supported	retain_for_current_mac_mono_analysis	singlet	0.0786496312540576
CTCGTCAAGTACGTAA.35	10	core_retained_singlet	mac_mono_supported	retain_for_current_mac_mono_analysis	singlet	0.326838297385869
CTCGTCAGTTGAACTC.16	10	core_retained_singlet	mac_mono_supported	retain_for_current_mac_mono_analysis	singlet	0.370319340970585
CTCTAATGTCCGTCAG.35	10	core_retained_singlet	mac_mono_supported	retain_for_current_mac_mono_analysis	singlet	0.154939799575425
CTCTGGTTCAGGCCCA.35	10	core_retained_singlet	mac_mono_supported	retain_for_current_mac_mono_analysis	singlet	0.156963200782638
CTGAAGTCAAAGGCGT.57	10	core_retained_singlet	mac_mono_supported	retain_for_current_mac_mono_analysis	singlet	0.237297767065377
CTGAAGTCAATCCGAT.35	10	core_retained_singlet	mac_mono_supported	retain_for_current_mac_mono_analysis	singlet	0.306978746126366
CTGAAGTGTTCAGGCC.35	10	core_retained_singlet	mac_mono_supported	retain_for_current_mac_mono_analysis	singlet	0.232267407362185
CTGAAGTTCGTAGGAG.7	10	core_retained_singlet	mac_mono_supported	retain_for_current_mac_mono_analysis	singlet	0.200969740849287
CTGATAGAGCGATGAC.35	10	core_retained_singlet	mac_mono_supported	retain_for_current_mac_mono_analysis	singlet	0.164028474349242
CTGATAGAGGCCCGTT.35	10	core_retained_singlet	mac_mono_supported	retain_for_current_mac_mono_analysis	singlet	0.157753324852578
CTGATAGAGGGTCGAT.7	10	core_retained_singlet	mac_mono_supported	retain_for_current_mac_mono_analysis	singlet	0.177277305507685
CTGATAGGTCAGTGGA.35	10	core_retained_singlet	mac_mono_supported	retain_for_current_mac_mono_analysis	singlet	0.170176907520407
CTGATAGGTCCATCCT.7	10	core_retained_singlet	mac_mono_supported	retain_for_current_mac_mono_analysis	singlet	0.0589105478103558
CTGATCCCAATGGAAT.7	10	core_retained_singlet	mac_mono_supported	retain_for_current_mac_mono_analysis	singlet	0.132064733049031
CTGCCTACACGCCAGT.35	10	core_retained_singlet	mac_mono_supported	retain_for_current_mac_mono_analysis	singlet	0.335776220242776
CTGCGGAAGGCTAGGT.7	10	core_retained_singlet	mac_mono_supported	retain_for_current_mac_mono_analysis	singlet	0.192707079974727
CTGCGGAGTCTCCACT.16	10	core_retained_singlet	mac_mono_supported	retain_for_current_mac_mono_analysis	singlet	0.239104244757373
CTGCGGATCCTGTACC.34	10	core_retained_singlet	mac_mono_supported	retain_for_current_mac_mono_analysis	singlet	0.147691837855393
CTGCTGTAGTTCGCAT.35	10	core_retained_singlet	mac_mono_supported	retain_for_current_mac_mono_analysis	singlet	0.126678018177924
CTGTGCTCAAAGGCGT.35	10	core_retained_singlet	mac_mono_supported	retain_for_current_mac_mono_analysis	singlet	0.269374164174286
CTGTGCTCACTCGACG.25	10	core_retained_singlet	mac_mono_supported	retain_for_current_mac_mono_analysis	singlet	0.0410034808551789
CTGTGCTTCATAACCG.34	10	core_retained_singlet	mac_mono_supported	retain_for_current_mac_mono_analysis	singlet	0.235404246336783
CTTAACTAGGCTAGGT.33	10	core_retained_singlet	mac_mono_supported	retain_for_current_mac_mono_analysis	singlet	0.393897894511303
CTTAACTGTCTCCATC.41	10	core_retained_singlet	mac_mono_supported	retain_for_current_mac_mono_analysis	singlet	0.154494812314428
CTTACCGTCCCAGGTG.7	10	core_retained_singlet	mac_mono_supported	retain_for_current_mac_mono_analysis	singlet	0.143071911614096
CTTAGGAGTAACGACG.34	10	core_retained_singlet	mac_mono_supported	retain_for_current_mac_mono_analysis	singlet	0.213397699433352
CTTGGCTAGTGTTGAA.7	10	core_retained_singlet	mac_mono_supported	retain_for_current_mac_mono_analysis	singlet	0.259890037916768
GAACATCGTGCAACTT.35	10	core_retained_singlet	mac_mono_supported	retain_for_current_mac_mono_analysis	singlet	0.157799533961121
GAACATCTCCTTTCGG.35	10	core_retained_singlet	mac_mono_supported	retain_for_current_mac_mono_analysis	singlet	0.341299073441373
GAACCTAGTGGAAAGA.35	10	core_retained_singlet	mac_mono_supported	retain_for_current_mac_mono_analysis	singlet	0.213396870412566
GAACGGATCATGGTCA.33	10	core_retained_singlet	mac_mono_supported	retain_for_current_mac_mono_analysis	singlet	0.282702387926392
GAATGAATCTTGCATT.35	10	core_retained_singlet	mac_mono_supported	retain_for_current_mac_mono_analysis	singlet	0.324512414065843
GACACGCCAAAGTGCG.34	10	core_retained_singlet	mac_mono_supported	retain_for_current_mac_mono_analysis	singlet	0.197860834360529
GACACGCCAATTCCTT.35	10	core_retained_singlet	mac_mono_supported	retain_for_current_mac_mono_analysis	singlet	0.127728571615339
GACACGCGTTCGTGAT.8	10	core_retained_singlet	mac_mono_supported	retain_for_current_mac_mono_analysis	singlet	0.00567872626138732
GACAGAGTCAATCACG.34	10	core_retained_singlet	mac_mono_supported	retain_for_current_mac_mono_analysis	singlet	0.211953497486145
GACCTGGCAACCGCCA.35	10	core_retained_singlet	mac_mono_supported	retain_for_current_mac_mono_analysis	singlet	0.0220792114711298
GACGTGCAGAGGACGG.34	10	core_retained_singlet	mac_mono_supported	retain_for_current_mac_mono_analysis	singlet	0.116820507870394
GACGTGCCAAAGTGCG.7	10	core_retained_singlet	mac_mono_supported	retain_for_current_mac_mono_analysis	singlet	0.209483396138632
GACGTGCCACACCGAC.35	10	core_retained_singlet	mac_mono_supported	retain_for_current_mac_mono_analysis	singlet	0.3381131703401
GACTAACAGACACTAA.7	10	core_retained_singlet	mac_mono_supported	retain_for_current_mac_mono_analysis	singlet	0.353363039628806
GACTAACCACCAGGCT.35	10	core_retained_singlet	mac_mono_supported	retain_for_current_mac_mono_analysis	singlet	0.115432509312656
GACTAACGTTCAGGCC.7	10	core_retained_singlet	mac_mono_supported	retain_for_current_mac_mono_analysis	singlet	0.092052199493036
GACTACACAAGGACAC.35	10	core_retained_singlet	mac_mono_supported	retain_for_current_mac_mono_analysis	singlet	0.0814542410464109
GACTACATCACGACTA.7	10	core_retained_singlet	mac_mono_supported	retain_for_current_mac_mono_analysis	singlet	0.15089541357152
GACTGCGCACGCCAGT.35	10	core_retained_singlet	mac_mono_supported	retain_for_current_mac_mono_analysis	singlet	0.187221549964524
GACTGCGGTCTTCGTC.8	10	core_retained_singlet	mac_mono_supported	retain_for_current_mac_mono_analysis	singlet	0.258315409175427
GAGGTGACAAGCCGTC.35	10	core_retained_singlet	mac_mono_supported	retain_for_current_mac_mono_analysis	singlet	0.273534744152753
GAGGTGATCATCGATG.7	10	core_retained_singlet	mac_mono_supported	retain_for_current_mac_mono_analysis	singlet	0.132686854716397
GAGTCCGGTTATCACG.22	10	core_retained_singlet	mac_mono_supported	retain_for_current_mac_mono_analysis	singlet	0.256452678436884
GAGTCCGTCAGCACAT.22	10	core_retained_singlet	mac_mono_supported	retain_for_current_mac_mono_analysis	singlet	0.334643009683284
GATCAGTAGGAGTCTG.7	10	core_retained_singlet	mac_mono_supported	retain_for_current_mac_mono_analysis	singlet	0.0660940197503916
GATCAGTAGTGGAGAA.8	10	core_retained_singlet	mac_mono_supported	retain_for_current_mac_mono_analysis	singlet	0.34765287170772
GATCGCGGTTACTGAC.34	10	core_retained_singlet	mac_mono_supported	retain_for_current_mac_mono_analysis	singlet	0.151860013799074
GATCGTATCGTAGGTT.8	10	core_retained_singlet	mac_mono_supported	retain_for_current_mac_mono_analysis	singlet	0.39137720453376
GATCTAGAGGACTGGT.34	10	core_retained_singlet	mac_mono_supported	retain_for_current_mac_mono_analysis	singlet	0.241592476567548
GATGAAAAGTTAACGA.35	10	core_retained_singlet	mac_mono_supported	retain_for_current_mac_mono_analysis	singlet	0.108010987401608
GATGAAATCCAGTATG.34	10	core_retained_singlet	mac_mono_supported	retain_for_current_mac_mono_analysis	singlet	0.101617707092269
GATGCTACACGTAAGG.35	10	core_retained_singlet	mac_mono_supported	retain_for_current_mac_mono_analysis	singlet	0.208895647791767
GATGCTATCTTCGAGA.35	10	core_retained_singlet	mac_mono_supported	retain_for_current_mac_mono_analysis	singlet	0.295621927393444
GATTCAGGTCTAGCGC.34	10	core_retained_singlet	mac_mono_supported	retain_for_current_mac_mono_analysis	singlet	0.293087363261894
GCAAACTCACGACTCG.35	10	core_retained_singlet	mac_mono_supported	retain_for_current_mac_mono_analysis	singlet	0.189333368858912
GCAATCAAGCAGGCTA.32	10	core_retained_singlet	mac_mono_supported	retain_for_current_mac_mono_analysis	singlet	0.342572402592032
GCAATCAAGCGATAGC.7	10	core_retained_singlet	mac_mono_supported	retain_for_current_mac_mono_analysis	singlet	0.276713393390595
GCACATACATTAGCCA.7	10	core_retained_singlet	mac_mono_supported	retain_for_current_mac_mono_analysis	singlet	0.102877180650324
GCACATAGTCCGACGT.7	10	core_retained_singlet	mac_mono_supported	retain_for_current_mac_mono_analysis	singlet	0.280848427808152
GCACATAGTTATCCGA.7	10	core_retained_singlet	mac_mono_supported	retain_for_current_mac_mono_analysis	singlet	0.205297280339393
GCACTCTTCTGTCTAT.32	10	core_retained_singlet	mac_mono_supported	retain_for_current_mac_mono_analysis	singlet	0.192023977338826
GCAGCCAAGCCTTGAT.7	10	core_retained_singlet	mac_mono_supported	retain_for_current_mac_mono_analysis	singlet	0.111167948166337
GCATACAAGGCGACAT.7	10	core_retained_singlet	mac_mono_supported	retain_for_current_mac_mono_analysis	singlet	0.114982104913328
GCATGATTCCACGTTC.35	10	core_retained_singlet	mac_mono_supported	retain_for_current_mac_mono_analysis	singlet	0.208193990562168
GCATGATTCCTCTAGC.35	10	core_retained_singlet	mac_mono_supported	retain_for_current_mac_mono_analysis	singlet	0.163092768043653
GCATGCGCAAAGAATC.7	10	core_retained_singlet	mac_mono_supported	retain_for_current_mac_mono_analysis	singlet	0.305754197626067
GCATGTACATCCCATC.35	10	core_retained_singlet	mac_mono_supported	retain_for_current_mac_mono_analysis	singlet	0.262072620769124
GCATGTATCAAGATCC.35	10	core_retained_singlet	mac_mono_supported	retain_for_current_mac_mono_analysis	singlet	0.245606129243307
GCCTCTACATGTCTCC.35	10	core_retained_singlet	mac_mono_supported	retain_for_current_mac_mono_analysis	singlet	0.367019640176548
GCGACCATCGGTGTCG.35	10	core_retained_singlet	mac_mono_supported	retain_for_current_mac_mono_analysis	singlet	0.0519457246879435
GCGCAACGTGGGTCAA.7	10	core_retained_singlet	mac_mono_supported	retain_for_current_mac_mono_analysis	singlet	0.104823883676172
GCGCGATCAGACTCGC.34	10	core_retained_singlet	mac_mono_supported	retain_for_current_mac_mono_analysis	singlet	0.138400167214506
GCGCGATCAGTCGTGC.7	10	core_retained_singlet	mac_mono_supported	retain_for_current_mac_mono_analysis	singlet	0.354809464318069
GCGGGTTAGCTAGTCT.33	10	core_retained_singlet	mac_mono_supported	retain_for_current_mac_mono_analysis	singlet	0.145962084075461
GCGGGTTCAATGGACG.35	10	core_retained_singlet	mac_mono_supported	retain_for_current_mac_mono_analysis	singlet	0.176909760229325
GCGGGTTCACGACTCG.35	10	core_retained_singlet	mac_mono_supported	retain_for_current_mac_mono_analysis	singlet	0.0774556158446406
GCGGGTTCATTGTGCA.34	10	core_retained_singlet	mac_mono_supported	retain_for_current_mac_mono_analysis	singlet	0.281685315783234
GCTCCTAGTACTCTCC.7	10	core_retained_singlet	mac_mono_supported	retain_for_current_mac_mono_analysis	singlet	0.306889175962699
GCTCCTAGTTTGGCGC.35	10	core_retained_singlet	mac_mono_supported	retain_for_current_mac_mono_analysis	singlet	0.177503865657894
GCTCTGTGTGATGTCT.34	10	core_retained_singlet	mac_mono_supported	retain_for_current_mac_mono_analysis	singlet	0.198688725634028
GCTCTGTTCTCTTATG.7	10	core_retained_singlet	mac_mono_supported	retain_for_current_mac_mono_analysis	singlet	0.0981619274311148
GCTGCGACAAGTAATG.33	10	core_retained_singlet	mac_mono_supported	retain_for_current_mac_mono_analysis	singlet	0.0536388881930604
GCTGCGATCATGTGGT.32	10	core_retained_singlet	mac_mono_supported	retain_for_current_mac_mono_analysis	singlet	0.362896908898457
GCTGCGATCCGCGCAA.35	10	core_retained_singlet	mac_mono_supported	retain_for_current_mac_mono_analysis	singlet	0.107040420848006
GCTGCTTGTTTGCATG.35	10	core_retained_singlet	mac_mono_supported	retain_for_current_mac_mono_analysis	singlet	0.274114899380896
GCTGGGTAGGACCACA.35	10	core_retained_singlet	mac_mono_supported	retain_for_current_mac_mono_analysis	singlet	0.0909210740620933
GCTTCCATCGTACCGG.34	10	core_retained_singlet	mac_mono_supported	retain_for_current_mac_mono_analysis	singlet	0.202593664814455
GCTTGAAAGAGCTATA.7	10	core_retained_singlet	mac_mono_supported	retain_for_current_mac_mono_analysis	singlet	0.32526671242226
GCTTGAAAGGTGATTA.49	10	core_retained_singlet	mac_mono_supported	retain_for_current_mac_mono_analysis	singlet	0.310722885934745
GCTTGAATCACAATGC.34	10	core_retained_singlet	mac_mono_supported	retain_for_current_mac_mono_analysis	singlet	0.112743748542247
GGAACTTAGAACAACT.35	10	core_retained_singlet	mac_mono_supported	retain_for_current_mac_mono_analysis	singlet	0.236195956927689
GGAACTTAGGGCACTA.35	10	core_retained_singlet	mac_mono_supported	retain_for_current_mac_mono_analysis	singlet	0.300007833110559
GGAACTTAGTCCATAC.35	10	core_retained_singlet	mac_mono_supported	retain_for_current_mac_mono_analysis	singlet	0.123114771945325
GGAATAACACCTCGGA.35	10	core_retained_singlet	mac_mono_supported	retain_for_current_mac_mono_analysis	singlet	0.0317400634052348
GGACAGACAGTCGTGC.35	10	core_retained_singlet	mac_mono_supported	retain_for_current_mac_mono_analysis	singlet	0.381462658090414
GGACAGATCCCTTGTG.7	10	core_retained_singlet	mac_mono_supported	retain_for_current_mac_mono_analysis	singlet	0.0218406811509201
GGACAGATCTGCGGCA.35	10	core_retained_singlet	mac_mono_supported	retain_for_current_mac_mono_analysis	singlet	0.283012211252718
GGACATTAGGAGTAGA.7	10	core_retained_singlet	mac_mono_supported	retain_for_current_mac_mono_analysis	singlet	0.0746660652459862
GGACGTCTCTACCTGC.35	10	core_retained_singlet	mac_mono_supported	retain_for_current_mac_mono_analysis	singlet	0.301482121478925
GGAGCAACACAGACTT.40	10	core_retained_singlet	mac_mono_supported	retain_for_current_mac_mono_analysis	singlet	0.0526938127643308
GGAGCAACAGTTTACG.35	10	core_retained_singlet	mac_mono_supported	retain_for_current_mac_mono_analysis	singlet	0.126711977543407
GGAGCAAGTTAGGGTG.35	10	core_retained_singlet	mac_mono_supported	retain_for_current_mac_mono_analysis	singlet	0.375731825297535
GGATGTTCATCCGGGT.25	10	core_retained_singlet	mac_mono_supported	retain_for_current_mac_mono_analysis	singlet	0.0862672021284417
GGCAATTAGGGTGTTG.35	10	core_retained_singlet	mac_mono_supported	retain_for_current_mac_mono_analysis	singlet	0.0768167468604414
GGCAATTTCGTGGGAA.34	10	core_retained_singlet	mac_mono_supported	retain_for_current_mac_mono_analysis	singlet	0.114187671834669
GGCCGATAGCTGTTCA.35	10	core_retained_singlet	mac_mono_supported	retain_for_current_mac_mono_analysis	singlet	0.0997398955328704
GGCCGATAGGCTCTTA.7	10	core_retained_singlet	mac_mono_supported	retain_for_current_mac_mono_analysis	singlet	0.146960626243128
GGCCGATAGTATTGGA.7	10	core_retained_singlet	mac_mono_supported	retain_for_current_mac_mono_analysis	singlet	0.161770729388235
GGCGACTAGTGCAAGC.7	10	core_retained_singlet	mac_mono_supported	retain_for_current_mac_mono_analysis	singlet	0.336358723432612
GGCGTGTAGTTGTAGA.7	10	core_retained_singlet	mac_mono_supported	retain_for_current_mac_mono_analysis	singlet	0.0460936384749241
GGCTCGAGTGTGCCTG.7	10	core_retained_singlet	mac_mono_supported	retain_for_current_mac_mono_analysis	singlet	0.275536319246809
GGCTGGTCAATGAAAC.7	10	core_retained_singlet	mac_mono_supported	retain_for_current_mac_mono_analysis	singlet	0.277508364514076
GGGAATGAGATCACGG.35	10	core_retained_singlet	mac_mono_supported	retain_for_current_mac_mono_analysis	singlet	0.0440875358729278
GGGAATGAGTACATGA.35	10	core_retained_singlet	mac_mono_supported	retain_for_current_mac_mono_analysis	singlet	0.0730200275040427
GGGAATGCATCCCATC.35	10	core_retained_singlet	mac_mono_supported	retain_for_current_mac_mono_analysis	singlet	0.19937757281776
GGGAATGGTACTCGCG.7	10	core_retained_singlet	mac_mono_supported	retain_for_current_mac_mono_analysis	singlet	0.313452674595692
GGGACCTGTTCAGTAC.34	10	core_retained_singlet	mac_mono_supported	retain_for_current_mac_mono_analysis	singlet	0.0397830181022807
GGGACCTTCGGTTAAC.35	10	core_retained_singlet	mac_mono_supported	retain_for_current_mac_mono_analysis	singlet	0.223951528499414
GGGAGATAGGCCATAG.7	10	core_retained_singlet	mac_mono_supported	retain_for_current_mac_mono_analysis	singlet	0.198356166300974
GGGATGAGTCCGTTAA.7	10	core_retained_singlet	mac_mono_supported	retain_for_current_mac_mono_analysis	singlet	0.0788921013903687
GGGATGATCTCTGCTG.7	10	core_retained_singlet	mac_mono_supported	retain_for_current_mac_mono_analysis	singlet	0.146419786258886
GGGCATCCACAGGTTT.35	10	core_retained_singlet	mac_mono_supported	retain_for_current_mac_mono_analysis	singlet	0.162195551973147
GGGCATCGTCTCACCT.7	10	core_retained_singlet	mac_mono_supported	retain_for_current_mac_mono_analysis	singlet	0.170900442107393
GGGCATCGTGTGCGTC.7	10	core_retained_singlet	mac_mono_supported	retain_for_current_mac_mono_analysis	singlet	0.0477103981425463
GGGTCTGAGAAAGTGG.7	10	core_retained_singlet	mac_mono_supported	retain_for_current_mac_mono_analysis	singlet	0.111120728081773
GGGTCTGAGGTAAACT.35	10	core_retained_singlet	mac_mono_supported	retain_for_current_mac_mono_analysis	singlet	0.189771359336226
GGGTTGCAGATGCCAG.20	10	core_retained_singlet	mac_mono_supported	retain_for_current_mac_mono_analysis	singlet	0.0265414033707055
GGTGAAGAGCACCGTC.35	10	core_retained_singlet	mac_mono_supported	retain_for_current_mac_mono_analysis	singlet	0.212131000463214
GGTGAAGCAGATGGCA.7	10	core_retained_singlet	mac_mono_supported	retain_for_current_mac_mono_analysis	singlet	0.336685209523791
GGTGAAGCATCCTAGA.7	10	core_retained_singlet	mac_mono_supported	retain_for_current_mac_mono_analysis	singlet	0.18883653628522
GGTGAAGGTAGTACCT.35	10	core_retained_singlet	mac_mono_supported	retain_for_current_mac_mono_analysis	singlet	0.242037585347672
GGTGAAGTCCAAACAC.7	10	core_retained_singlet	mac_mono_supported	retain_for_current_mac_mono_analysis	singlet	0.0931027298894084
GGTGCGTAGTATGACA.35	10	core_retained_singlet	mac_mono_supported	retain_for_current_mac_mono_analysis	singlet	0.199126093983779
GTAACGTGTAAGTAGT.35	10	core_retained_singlet	mac_mono_supported	retain_for_current_mac_mono_analysis	singlet	0.116299374203414
GTACGTACACAGGTTT.7	10	core_retained_singlet	mac_mono_supported	retain_for_current_mac_mono_analysis	singlet	0.0614877383629169
GTACGTAGTCGAACAG.34	10	core_retained_singlet	mac_mono_supported	retain_for_current_mac_mono_analysis	singlet	0.247143846523854
GTACGTATCTGGTATG.34	10	core_retained_singlet	mac_mono_supported	retain_for_current_mac_mono_analysis	singlet	0.158209425696133
GTACTCCTCAACGGGA.35	10	core_retained_singlet	mac_mono_supported	retain_for_current_mac_mono_analysis	singlet	0.152647117246695
GTACTCCTCCAGAAGG.7	10	core_retained_singlet	mac_mono_supported	retain_for_current_mac_mono_analysis	singlet	0.0620815263551396
GTACTTTAGCGTCTAT.35	10	core_retained_singlet	mac_mono_supported	retain_for_current_mac_mono_analysis	singlet	0.141942817089591
GTACTTTAGGTGCACA.7	10	core_retained_singlet	mac_mono_supported	retain_for_current_mac_mono_analysis	singlet	0.211269189514722
GTACTTTCACCGAATT.34	10	core_retained_singlet	mac_mono_supported	retain_for_current_mac_mono_analysis	singlet	0.104825221030776
GTATCTTTCTTGAGGT.35	10	core_retained_singlet	mac_mono_supported	retain_for_current_mac_mono_analysis	singlet	0.264783154507635
GTATTCTGTACCGGCT.7	10	core_retained_singlet	mac_mono_supported	retain_for_current_mac_mono_analysis	singlet	0.12568864598723
GTCACAACACATTTCT.34	10	core_retained_singlet	mac_mono_supported	retain_for_current_mac_mono_analysis	singlet	0.209130102688592
GTCACAAGTTAGAACA.35	10	core_retained_singlet	mac_mono_supported	retain_for_current_mac_mono_analysis	singlet	0.240331202795042
GTCACAATCACTTACT.7	10	core_retained_singlet	mac_mono_supported	retain_for_current_mac_mono_analysis	singlet	0.392572793374385
GTCACGGTCAACGCTA.35	10	core_retained_singlet	mac_mono_supported	retain_for_current_mac_mono_analysis	singlet	0.330790477795502
GTCCTCAAGCGATTCT.34	10	core_retained_singlet	mac_mono_supported	retain_for_current_mac_mono_analysis	singlet	0.327569447892823
GTCGGGTAGACTTGAA.35	10	core_retained_singlet	mac_mono_supported	retain_for_current_mac_mono_analysis	singlet	0.194718348301471
GTCGGGTCAATCGAAA.35	10	core_retained_singlet	mac_mono_supported	retain_for_current_mac_mono_analysis	singlet	0.180018685033151
GTCGGGTGTTGCTCCT.35	10	core_retained_singlet	mac_mono_supported	retain_for_current_mac_mono_analysis	singlet	0.295429760420085
GTCGGGTTCTCCAGGG.35	10	core_retained_singlet	mac_mono_supported	retain_for_current_mac_mono_analysis	singlet	0.0860715572999755
GTCGTAACAGGTCGTC.35	10	core_retained_singlet	mac_mono_supported	retain_for_current_mac_mono_analysis	singlet	0.181264632424825
GTCGTAATCACCTCGT.35	10	core_retained_singlet	mac_mono_supported	retain_for_current_mac_mono_analysis	singlet	0.202590223632825
GTCGTAATCTGCAGTA.7	10	core_retained_singlet	mac_mono_supported	retain_for_current_mac_mono_analysis	singlet	0.156611379721329
GTCTCGTAGTGGGTTG.25	10	core_retained_singlet	mac_mono_supported	retain_for_current_mac_mono_analysis	singlet	0.137307208230383
GTCTCGTTCCTCATTA.32	10	core_retained_singlet	mac_mono_supported	retain_for_current_mac_mono_analysis	singlet	0.132742053564928
GTCTTCGCAAGCCGCT.35	10	core_retained_singlet	mac_mono_supported	retain_for_current_mac_mono_analysis	singlet	0.160346526566927
GTGCAGCTCTGGTTCC.35	10	core_retained_singlet	mac_mono_supported	retain_for_current_mac_mono_analysis	singlet	0.0682735648878044
GTGCATATCAGAAATG.34	10	core_retained_singlet	mac_mono_supported	retain_for_current_mac_mono_analysis	singlet	0.223752933092788
GTGCATATCCTCCTAG.7	10	core_retained_singlet	mac_mono_supported	retain_for_current_mac_mono_analysis	singlet	0.35276695963757
GTGGGTCCAAGTTCTG.7	10	core_retained_singlet	mac_mono_supported	retain_for_current_mac_mono_analysis	singlet	0.187558283095918
GTGGGTCTCACAAACC.7	10	core_retained_singlet	mac_mono_supported	retain_for_current_mac_mono_analysis	singlet	0.297492775008441
GTGTGCGAGCTCCTTC.35	10	core_retained_singlet	mac_mono_supported	retain_for_current_mac_mono_analysis	singlet	0.0825594268276357
GTGTTAGTCAAACGGG.52	10	core_retained_singlet	mac_mono_supported	retain_for_current_mac_mono_analysis	singlet	0.273584402289389
GTTAAGCTCGCACTCT.35	10	core_retained_singlet	mac_mono_supported	retain_for_current_mac_mono_analysis	singlet	0.255253283760825
GTTACAGGTTTAGCTG.35	10	core_retained_singlet	mac_mono_supported	retain_for_current_mac_mono_analysis	singlet	0.3013779091322
GTTCGGGTCTCTGAGA.7	10	core_retained_singlet	mac_mono_supported	retain_for_current_mac_mono_analysis	singlet	0.0651618418061063
GTTCTCGTCTCTTGAT.34	10	core_retained_singlet	mac_mono_supported	retain_for_current_mac_mono_analysis	singlet	0.111769491530233
GTTTCTACACGTTGGC.7	10	core_retained_singlet	mac_mono_supported	retain_for_current_mac_mono_analysis	singlet	0.216640125939344
GTTTCTAGTAGGAGTC.35	10	core_retained_singlet	mac_mono_supported	retain_for_current_mac_mono_analysis	singlet	0.321187243484696
TAAACCGCACAGACTT.7	10	core_retained_singlet	mac_mono_supported	retain_for_current_mac_mono_analysis	singlet	0.081393710134804
TAAACCGCAGACAAGC.35	10	core_retained_singlet	mac_mono_supported	retain_for_current_mac_mono_analysis	singlet	0.291842056026874
TAAACCGGTTTAGGAA.35	10	core_retained_singlet	mac_mono_supported	retain_for_current_mac_mono_analysis	singlet	0.229700685965443
TAAACCGTCCAGGGCT.35	10	core_retained_singlet	mac_mono_supported	retain_for_current_mac_mono_analysis	singlet	0.381369794023918
TAAACCGTCTGTTTGT.35	10	core_retained_singlet	mac_mono_supported	retain_for_current_mac_mono_analysis	singlet	0.255982733014187
TAAGAGAAGAGAACAG.35	10	core_retained_singlet	mac_mono_supported	retain_for_current_mac_mono_analysis	singlet	0.217768238332684
TAAGTGCTCATCGCTC.35	10	core_retained_singlet	mac_mono_supported	retain_for_current_mac_mono_analysis	singlet	0.346024315582505
TACACGAAGCTCTCGG.16	10	core_retained_singlet	mac_mono_supported	retain_for_current_mac_mono_analysis	singlet	0.337903948250247
TACACGAAGGTGATTA.7	10	core_retained_singlet	mac_mono_supported	retain_for_current_mac_mono_analysis	singlet	0.266486286125994
TACAGTGCAATCCAAC.7	10	core_retained_singlet	mac_mono_supported	retain_for_current_mac_mono_analysis	singlet	0.35074121697431
TACAGTGCATCCGGGT.7	10	core_retained_singlet	mac_mono_supported	retain_for_current_mac_mono_analysis	singlet	0.110388407109299
TACCTTAAGTGTCCAT.35	10	core_retained_singlet	mac_mono_supported	retain_for_current_mac_mono_analysis	singlet	0.210306197198995
TACGGGCCAAGTACCT.35	10	core_retained_singlet	mac_mono_supported	retain_for_current_mac_mono_analysis	singlet	0.0875374950372965
TACTCATAGCTGCCCA.7	10	core_retained_singlet	mac_mono_supported	retain_for_current_mac_mono_analysis	singlet	0.226161981430133
TACTTACAGCTGATAA.34	10	core_retained_singlet	mac_mono_supported	retain_for_current_mac_mono_analysis	singlet	0.22686610622075
TACTTACAGTTCGATC.35	10	core_retained_singlet	mac_mono_supported	retain_for_current_mac_mono_analysis	singlet	0.100723069387508
TACTTGTAGGAACTGC.34	10	core_retained_singlet	mac_mono_supported	retain_for_current_mac_mono_analysis	singlet	0.23008476967822
TACTTGTGTTTGGCGC.7	10	core_retained_singlet	mac_mono_supported	retain_for_current_mac_mono_analysis	singlet	0.107857858989015
TAGAGCTAGCCGTCGT.26	10	core_retained_singlet	mac_mono_supported	retain_for_current_mac_mono_analysis	singlet	0.116935621575328
TAGAGCTGTCCGTCAG.35	10	core_retained_singlet	mac_mono_supported	retain_for_current_mac_mono_analysis	singlet	0.22879275610033
TAGAGCTGTGTAAGTA.7	10	core_retained_singlet	mac_mono_supported	retain_for_current_mac_mono_analysis	singlet	0.0502953974023353
TAGGCATCAAGCCGTC.34	10	core_retained_singlet	mac_mono_supported	retain_for_current_mac_mono_analysis	singlet	0.218611294033309
TAGTGGTAGACTTGAA.7	10	core_retained_singlet	mac_mono_supported	retain_for_current_mac_mono_analysis	singlet	0.320539838428645
TAGTTGGCACAAGTAA.35	10	core_retained_singlet	mac_mono_supported	retain_for_current_mac_mono_analysis	singlet	0.290925194146814
TATCAGGGTTCGCGAC.32	10	core_retained_singlet	mac_mono_supported	retain_for_current_mac_mono_analysis	singlet	0.123845522167619
TATCTCACACTTGGAT.7	10	core_retained_singlet	mac_mono_supported	retain_for_current_mac_mono_analysis	singlet	0.266669871351664
TATCTCAGTTAAAGTG.34	10	core_retained_singlet	mac_mono_supported	retain_for_current_mac_mono_analysis	singlet	0.268054882362769
TATTACCGTTCCACAA.34	10	core_retained_singlet	mac_mono_supported	retain_for_current_mac_mono_analysis	singlet	0.345768956102635
TCAACGACACTGAAGG.35	10	core_retained_singlet	mac_mono_supported	retain_for_current_mac_mono_analysis	singlet	0.0783232332704328
TCAACGATCGCTGATA.35	10	core_retained_singlet	mac_mono_supported	retain_for_current_mac_mono_analysis	singlet	0.247188410820178
TCACGAACAATGGATA.35	10	core_retained_singlet	mac_mono_supported	retain_for_current_mac_mono_analysis	singlet	0.368090537576744
TCACGAATCCCAAGAT.7	10	core_retained_singlet	mac_mono_supported	retain_for_current_mac_mono_analysis	singlet	0.14119071618333
TCAGATGAGAGCTTCT.35	10	core_retained_singlet	mac_mono_supported	retain_for_current_mac_mono_analysis	singlet	0.101706666208603
TCAGATGAGCTAACAA.34	10	core_retained_singlet	mac_mono_supported	retain_for_current_mac_mono_analysis	singlet	0.155651035201328
TCAGATGAGGTGGGTT.34	10	core_retained_singlet	mac_mono_supported	retain_for_current_mac_mono_analysis	singlet	0.245344609218734
TCAGCAAGTCACAAGG.32	10	core_retained_singlet	mac_mono_supported	retain_for_current_mac_mono_analysis	singlet	0.385259425619081
TCAGCTCAGTTCGCAT.8	10	core_retained_singlet	mac_mono_supported	retain_for_current_mac_mono_analysis	singlet	0.283323153046829
TCAGCTCGTCAAACTC.35	10	core_retained_singlet	mac_mono_supported	retain_for_current_mac_mono_analysis	singlet	0.166077611913938
TCAGCTCGTCTCTTTA.7	10	core_retained_singlet	mac_mono_supported	retain_for_current_mac_mono_analysis	singlet	0.121452749091137
TCAGGTACATATGCTG.35	10	core_retained_singlet	mac_mono_supported	retain_for_current_mac_mono_analysis	singlet	0.105309782639258
TCATTACCACGGTTTA.7	10	core_retained_singlet	mac_mono_supported	retain_for_current_mac_mono_analysis	singlet	0.139770219783181
TCATTACGTTTGTGTG.7	10	core_retained_singlet	mac_mono_supported	retain_for_current_mac_mono_analysis	singlet	0.123158776771995
TCATTACTCCGAACGC.32	10	core_retained_singlet	mac_mono_supported	retain_for_current_mac_mono_analysis	singlet	0.291513965353289
TCCCGATAGTACGCGA.34	10	core_retained_singlet	mac_mono_supported	retain_for_current_mac_mono_analysis	singlet	0.340341830331219
TCCCGATTCTACTATC.34	10	core_retained_singlet	mac_mono_supported	retain_for_current_mac_mono_analysis	singlet	0.224052160726018
TCGAGGCAGTCGATAA.35	10	core_retained_singlet	mac_mono_supported	retain_for_current_mac_mono_analysis	singlet	0.382629624045847
TCGCGAGCACGCATCG.7	10	core_retained_singlet	mac_mono_supported	retain_for_current_mac_mono_analysis	singlet	0.226361308965632
TCGCGAGGTATATCCG.35	10	core_retained_singlet	mac_mono_supported	retain_for_current_mac_mono_analysis	singlet	0.272436279707605
TCGCGAGGTTGTACAC.34	10	core_retained_singlet	mac_mono_supported	retain_for_current_mac_mono_analysis	singlet	0.235925277682252
TCGGGACAGGCGATAC.7	10	core_retained_singlet	mac_mono_supported	retain_for_current_mac_mono_analysis	singlet	0.132521150651603
TCGGGACTCGGCGCTA.35	10	core_retained_singlet	mac_mono_supported	retain_for_current_mac_mono_analysis	singlet	0.217359185787303
TCGGTAAGTGTGTGCC.35	10	core_retained_singlet	mac_mono_supported	retain_for_current_mac_mono_analysis	singlet	0.0724253925495553
TCGTAGACAGGGTACA.7	10	core_retained_singlet	mac_mono_supported	retain_for_current_mac_mono_analysis	singlet	0.275730404230679
TCGTAGATCCTATGTT.33	10	core_retained_singlet	mac_mono_supported	retain_for_current_mac_mono_analysis	singlet	0.1032827079545
TCTATTGGTGCACCAC.7	10	core_retained_singlet	mac_mono_supported	retain_for_current_mac_mono_analysis	singlet	0.234932301726765
TCTCATACATGATCCA.35	10	core_retained_singlet	mac_mono_supported	retain_for_current_mac_mono_analysis	singlet	0.258833159831532
TCTCATAGTCGAGTTT.34	10	core_retained_singlet	mac_mono_supported	retain_for_current_mac_mono_analysis	singlet	0.152868834755647
TCTCTAACAGTGACAG.20	10	core_retained_singlet	mac_mono_supported	retain_for_current_mac_mono_analysis	singlet	0.137976356262927
TCTGAGACAGCTTAAC.35	10	core_retained_singlet	mac_mono_supported	retain_for_current_mac_mono_analysis	singlet	0.377455007767248
TCTGAGAGTGAAGGCT.8	10	core_retained_singlet	mac_mono_supported	retain_for_current_mac_mono_analysis	singlet	0.324646675384734
TCTGGAACAGGGTACA.35	10	core_retained_singlet	mac_mono_supported	retain_for_current_mac_mono_analysis	singlet	0.358437895116864
TCTTCGGGTCAGAAGC.35	10	core_retained_singlet	mac_mono_supported	retain_for_current_mac_mono_analysis	singlet	0.211670823302419
TCTTTCCCAGACAGGT.35	10	core_retained_singlet	mac_mono_supported	retain_for_current_mac_mono_analysis	singlet	0.260795427937528
TGAAAGAGTGTTGAGG.32	10	core_retained_singlet	mac_mono_supported	retain_for_current_mac_mono_analysis	singlet	0.132811099437924
TGACTTTCAATGGATA.7	10	core_retained_singlet	mac_mono_supported	retain_for_current_mac_mono_analysis	singlet	0.0327645168731914
TGAGAGGTCTGCTGTC.7	10	core_retained_singlet	mac_mono_supported	retain_for_current_mac_mono_analysis	singlet	0.0229560646657415
TGAGCATAGAAGGGTA.35	10	core_retained_singlet	mac_mono_supported	retain_for_current_mac_mono_analysis	singlet	0.344260371754223
TGAGCATCACCCTATC.7	10	core_retained_singlet	mac_mono_supported	retain_for_current_mac_mono_analysis	singlet	0.263910892147114
TGAGCATTCCGTCAAA.35	10	core_retained_singlet	mac_mono_supported	retain_for_current_mac_mono_analysis	singlet	0.273285618595803
TGAGGGACAGCCTTTC.7	10	core_retained_singlet	mac_mono_supported	retain_for_current_mac_mono_analysis	singlet	0.0955159456796107
TGATTTCGTATGAATG.35	10	core_retained_singlet	mac_mono_supported	retain_for_current_mac_mono_analysis	singlet	0.292574541593119
TGATTTCTCTGTCTAT.35	10	core_retained_singlet	mac_mono_supported	retain_for_current_mac_mono_analysis	singlet	0.273366697828809
TGCCAAAAGAGGGCTT.7	10	core_retained_singlet	mac_mono_supported	retain_for_current_mac_mono_analysis	singlet	0.0562289453305108
TGCCAAAGTTCCACGG.32	10	core_retained_singlet	mac_mono_supported	retain_for_current_mac_mono_analysis	singlet	0.268980873821788
TGCCCATAGGGTATCG.35	10	core_retained_singlet	mac_mono_supported	retain_for_current_mac_mono_analysis	singlet	0.376860454275316
TGCCCATGTACAGTGG.35	10	core_retained_singlet	mac_mono_supported	retain_for_current_mac_mono_analysis	singlet	0.0635122698804475
TGCCCATTCACCACCT.7	10	core_retained_singlet	mac_mono_supported	retain_for_current_mac_mono_analysis	singlet	0.352977587984239
TGCCCATTCCCTTGCA.7	10	core_retained_singlet	mac_mono_supported	retain_for_current_mac_mono_analysis	singlet	0.338896874394972
TGCGCAGCAGTAACGG.7	10	core_retained_singlet	mac_mono_supported	retain_for_current_mac_mono_analysis	singlet	0.115164146349152
TGCGCAGGTACGACCC.35	10	core_retained_singlet	mac_mono_supported	retain_for_current_mac_mono_analysis	singlet	0.214095153830508
TGCGGGTTCATCATTC.34	10	core_retained_singlet	mac_mono_supported	retain_for_current_mac_mono_analysis	singlet	0.241210896161706
TGCTACCGTAGCACGA.35	10	core_retained_singlet	mac_mono_supported	retain_for_current_mac_mono_analysis	singlet	0.268136097858686
TGGCCAGCACGGCGTT.7	10	core_retained_singlet	mac_mono_supported	retain_for_current_mac_mono_analysis	singlet	0.108343129501099
TGGCGCAGTCATACTG.35	10	core_retained_singlet	mac_mono_supported	retain_for_current_mac_mono_analysis	singlet	0.0546295417263506
TGGCTGGAGCTCCTTC.29	10	core_retained_singlet	mac_mono_supported	retain_for_current_mac_mono_analysis	singlet	0.31915774094175
TGGCTGGCACATGTGT.7	10	core_retained_singlet	mac_mono_supported	retain_for_current_mac_mono_analysis	singlet	0.0382862276044677
TGGGAAGCACCCATGG.35	10	core_retained_singlet	mac_mono_supported	retain_for_current_mac_mono_analysis	singlet	0.106437307428878
TGGGAAGGTGATGCCC.35	10	core_retained_singlet	mac_mono_supported	retain_for_current_mac_mono_analysis	singlet	0.104005477846674
TGGTTAGAGACTACAA.34	10	core_retained_singlet	mac_mono_supported	retain_for_current_mac_mono_analysis	singlet	0.162950023146089
TGGTTAGTCAACACGT.35	10	core_retained_singlet	mac_mono_supported	retain_for_current_mac_mono_analysis	singlet	0.156636090984597
TGGTTCCAGCACGCCT.7	10	core_retained_singlet	mac_mono_supported	retain_for_current_mac_mono_analysis	singlet	0.131050203560769
TGGTTCCCATATACGC.35	10	core_retained_singlet	mac_mono_supported	retain_for_current_mac_mono_analysis	singlet	0.0190290745403788
TGTATTCGTCTACCTC.7	10	core_retained_singlet	mac_mono_supported	retain_for_current_mac_mono_analysis	singlet	0.13306581421124
TGTATTCTCCTCAATT.7	10	core_retained_singlet	mac_mono_supported	retain_for_current_mac_mono_analysis	singlet	0.226592669806675
TGTCCCAGTTATCCGA.34	10	core_retained_singlet	mac_mono_supported	retain_for_current_mac_mono_analysis	singlet	0.0326537581863251
TGTGTTTAGCCAACAG.35	10	core_retained_singlet	mac_mono_supported	retain_for_current_mac_mono_analysis	singlet	0.231107190412671
TGTGTTTAGCTGCAAG.25	10	core_retained_singlet	mac_mono_supported	retain_for_current_mac_mono_analysis	singlet	0.155733841483013
TGTGTTTGTGGCAAAC.35	10	core_retained_singlet	mac_mono_supported	retain_for_current_mac_mono_analysis	singlet	0.232722707211491
TTAACTCGTAGCTGCC.19	10	core_retained_singlet	mac_mono_supported	retain_for_current_mac_mono_analysis	singlet	0.134320043589553
TTAGGACGTCGCGTGT.35	10	core_retained_singlet	mac_mono_supported	retain_for_current_mac_mono_analysis	singlet	0.111630637214157
TTATGCTAGAGTAATC.7	10	core_retained_singlet	mac_mono_supported	retain_for_current_mac_mono_analysis	singlet	0.146345538264457
TTCGGTCGTCCAGTGC.33	10	core_retained_singlet	mac_mono_supported	retain_for_current_mac_mono_analysis	singlet	0.376212335945948
TTCTACAGTCCAGTGC.35	10	core_retained_singlet	mac_mono_supported	retain_for_current_mac_mono_analysis	singlet	0.139500720296715
TTCTACAGTCTGATCA.35	10	core_retained_singlet	mac_mono_supported	retain_for_current_mac_mono_analysis	singlet	0.186579433498072
TTCTCAATCTGCAGTA.7	10	core_retained_singlet	mac_mono_supported	retain_for_current_mac_mono_analysis	singlet	0.227881244916857
TTGCGTCAGCGCTTAT.35	10	core_retained_singlet	mac_mono_supported	retain_for_current_mac_mono_analysis	singlet	0.140626050500208
TTGCGTCGTAGAAGGA.22	10	core_retained_singlet	mac_mono_supported	retain_for_current_mac_mono_analysis	singlet	0.00100037408194408
TTGCGTCTCTCGCATC.7	10	core_retained_singlet	mac_mono_supported	retain_for_current_mac_mono_analysis	singlet	0.17783518221432
TTGGAACAGTCAAGGC.35	10	core_retained_singlet	mac_mono_supported	retain_for_current_mac_mono_analysis	singlet	0.117959491993709
TTGGAACCATTGAGCT.7	10	core_retained_singlet	mac_mono_supported	retain_for_current_mac_mono_analysis	singlet	0.136326778675846
TTGGAACCATTGCGGC.7	10	core_retained_singlet	mac_mono_supported	retain_for_current_mac_mono_analysis	singlet	0.313218336961286
TTTACTGAGTACGATA.35	10	core_retained_singlet	mac_mono_supported	retain_for_current_mac_mono_analysis	singlet	0.166570415727992
TTTACTGGTCACACGC.35	10	core_retained_singlet	mac_mono_supported	retain_for_current_mac_mono_analysis	singlet	0.0745906153443504
TTTATGCTCTACTATC.32	10	core_retained_singlet	mac_mono_supported	retain_for_current_mac_mono_analysis	singlet	0.281416580879307
TTTCCTCTCGTTACGA.7	10	core_retained_singlet	mac_mono_supported	retain_for_current_mac_mono_analysis	singlet	0.242475594870187
TTTGGTTGTATGGTTC.35	10	core_retained_singlet	mac_mono_supported	retain_for_current_mac_mono_analysis	singlet	0.175190627252299
TTTGTCAGTAAATGTG.35	10	core_retained_singlet	mac_mono_supported	retain_for_current_mac_mono_analysis	singlet	0.250379492619571
TTTGTCAGTGGCAAAC.35	10	core_retained_singlet	mac_mono_supported	retain_for_current_mac_mono_analysis	singlet	0.122262175674322
