compartment_sheet	cluster	rank	gene	gene_source	avg_log2FC	pvalue	p_val_adj	pct_exp_in_cluster	pct_exp_in_other_cluster	source_title	source_file	source_sha256
B cell markers	Bfoc	1	RGS13	"RGS13"	2.83086649982408	0	0	0.727	0.019	Supplementary Table 2. Marker genes for B cell clusters, related to Figure S2 and Figures 4.	F:/pan-gi-ici-ccc-20260709/GSE205506/supplement/mmc3.xlsx	28AA8BC71620AE3B667D0243891B631DA3B8EB1576108C88463B2F66979EAC80
B cell markers	Bfoc	2	MARCKSL1	"MARCKSL1"	2.78384090432207	0	0	0.882	0.286	Supplementary Table 2. Marker genes for B cell clusters, related to Figure S2 and Figures 4.	F:/pan-gi-ici-ccc-20260709/GSE205506/supplement/mmc3.xlsx	28AA8BC71620AE3B667D0243891B631DA3B8EB1576108C88463B2F66979EAC80
B cell markers	Bfoc	3	ACTG1	"ACTG1"	2.27579933659811	0	0	0.993	0.823	Supplementary Table 2. Marker genes for B cell clusters, related to Figure S2 and Figures 4.	F:/pan-gi-ici-ccc-20260709/GSE205506/supplement/mmc3.xlsx	28AA8BC71620AE3B667D0243891B631DA3B8EB1576108C88463B2F66979EAC80
B cell markers	Bfoc	4	LMO2	"LMO2"	2.18617505171616	0	0	0.58	0.042	Supplementary Table 2. Marker genes for B cell clusters, related to Figure S2 and Figures 4.	F:/pan-gi-ici-ccc-20260709/GSE205506/supplement/mmc3.xlsx	28AA8BC71620AE3B667D0243891B631DA3B8EB1576108C88463B2F66979EAC80
B cell markers	Bfoc	5	NEIL1	"NEIL1"	2.16850942573178	0	0	0.693	0.097	Supplementary Table 2. Marker genes for B cell clusters, related to Figure S2 and Figures 4.	F:/pan-gi-ici-ccc-20260709/GSE205506/supplement/mmc3.xlsx	28AA8BC71620AE3B667D0243891B631DA3B8EB1576108C88463B2F66979EAC80
B cell markers	Bfoc	6	LRMP	"LRMP"	2.10382502593466	0	0	0.725	0.136	Supplementary Table 2. Marker genes for B cell clusters, related to Figure S2 and Figures 4.	F:/pan-gi-ici-ccc-20260709/GSE205506/supplement/mmc3.xlsx	28AA8BC71620AE3B667D0243891B631DA3B8EB1576108C88463B2F66979EAC80
B cell markers	Bfoc	7	GAPDH	"GAPDH"	2.09373150174971	0	0	0.96	0.729	Supplementary Table 2. Marker genes for B cell clusters, related to Figure S2 and Figures 4.	F:/pan-gi-ici-ccc-20260709/GSE205506/supplement/mmc3.xlsx	28AA8BC71620AE3B667D0243891B631DA3B8EB1576108C88463B2F66979EAC80
B cell markers	Bfoc	8	SUGCT	"SUGCT"	2.09246690096593	0	0	0.472	0.004	Supplementary Table 2. Marker genes for B cell clusters, related to Figure S2 and Figures 4.	F:/pan-gi-ici-ccc-20260709/GSE205506/supplement/mmc3.xlsx	28AA8BC71620AE3B667D0243891B631DA3B8EB1576108C88463B2F66979EAC80
B cell markers	Bfoc	9	HMGN1	"HMGN1"	2.05897602167909	0	0	0.933	0.554	Supplementary Table 2. Marker genes for B cell clusters, related to Figure S2 and Figures 4.	F:/pan-gi-ici-ccc-20260709/GSE205506/supplement/mmc3.xlsx	28AA8BC71620AE3B667D0243891B631DA3B8EB1576108C88463B2F66979EAC80
B cell markers	Bfoc	10	BASP1	"BASP1"	1.9538887254119	0	0	0.899	0.436	Supplementary Table 2. Marker genes for B cell clusters, related to Figure S2 and Figures 4.	F:/pan-gi-ici-ccc-20260709/GSE205506/supplement/mmc3.xlsx	28AA8BC71620AE3B667D0243891B631DA3B8EB1576108C88463B2F66979EAC80
B cell markers	Bfoc	11	LPP	"LPP"	1.94106920373351	0	0	0.566	0.092	Supplementary Table 2. Marker genes for B cell clusters, related to Figure S2 and Figures 4.	F:/pan-gi-ici-ccc-20260709/GSE205506/supplement/mmc3.xlsx	28AA8BC71620AE3B667D0243891B631DA3B8EB1576108C88463B2F66979EAC80
B cell markers	Bfoc	12	CCDC88A	"CCDC88A"	1.86502617288048	0	0	0.637	0.129	Supplementary Table 2. Marker genes for B cell clusters, related to Figure S2 and Figures 4.	F:/pan-gi-ici-ccc-20260709/GSE205506/supplement/mmc3.xlsx	28AA8BC71620AE3B667D0243891B631DA3B8EB1576108C88463B2F66979EAC80
B cell markers	Bfoc	13	SERPINA9	"SERPINA9"	1.77673203940579	0	0	0.493	0.005	Supplementary Table 2. Marker genes for B cell clusters, related to Figure S2 and Figures 4.	F:/pan-gi-ici-ccc-20260709/GSE205506/supplement/mmc3.xlsx	28AA8BC71620AE3B667D0243891B631DA3B8EB1576108C88463B2F66979EAC80
B cell markers	Bfoc	14	HMCES	"HMCES"	1.7638724729456	0	0	0.546	0.074	Supplementary Table 2. Marker genes for B cell clusters, related to Figure S2 and Figures 4.	F:/pan-gi-ici-ccc-20260709/GSE205506/supplement/mmc3.xlsx	28AA8BC71620AE3B667D0243891B631DA3B8EB1576108C88463B2F66979EAC80
B cell markers	Bfoc	15	SERF2	"SERF2"	1.71582024691499	0	0	0.976	0.868	Supplementary Table 2. Marker genes for B cell clusters, related to Figure S2 and Figures 4.	F:/pan-gi-ici-ccc-20260709/GSE205506/supplement/mmc3.xlsx	28AA8BC71620AE3B667D0243891B631DA3B8EB1576108C88463B2F66979EAC80
B cell markers	Bfoc	16	SLC25A5	"SLC25A5"	1.67385407982134	0	0	0.812	0.393	Supplementary Table 2. Marker genes for B cell clusters, related to Figure S2 and Figures 4.	F:/pan-gi-ici-ccc-20260709/GSE205506/supplement/mmc3.xlsx	28AA8BC71620AE3B667D0243891B631DA3B8EB1576108C88463B2F66979EAC80
B cell markers	Bfoc	17	ISG20	"ISG20"	1.63227866376169	0	0	0.775	0.469	Supplementary Table 2. Marker genes for B cell clusters, related to Figure S2 and Figures 4.	F:/pan-gi-ici-ccc-20260709/GSE205506/supplement/mmc3.xlsx	28AA8BC71620AE3B667D0243891B631DA3B8EB1576108C88463B2F66979EAC80
B cell markers	Bfoc	18	ATP5MG	"ATP5MG"	1.62655135022991	0	0	0.915	0.642	Supplementary Table 2. Marker genes for B cell clusters, related to Figure S2 and Figures 4.	F:/pan-gi-ici-ccc-20260709/GSE205506/supplement/mmc3.xlsx	28AA8BC71620AE3B667D0243891B631DA3B8EB1576108C88463B2F66979EAC80
B cell markers	Bfoc	19	LCP1	"LCP1"	1.5846280412091	0	0	0.778	0.251	Supplementary Table 2. Marker genes for B cell clusters, related to Figure S2 and Figures 4.	F:/pan-gi-ici-ccc-20260709/GSE205506/supplement/mmc3.xlsx	28AA8BC71620AE3B667D0243891B631DA3B8EB1576108C88463B2F66979EAC80
B cell markers	Bfoc	20	METAP2	"METAP2"	1.5729308763652	0	0	0.581	0.133	Supplementary Table 2. Marker genes for B cell clusters, related to Figure S2 and Figures 4.	F:/pan-gi-ici-ccc-20260709/GSE205506/supplement/mmc3.xlsx	28AA8BC71620AE3B667D0243891B631DA3B8EB1576108C88463B2F66979EAC80
B cell markers	Bfoc	21	ACTB	"ACTB"	1.57017864573291	0	0	0.998	0.929	Supplementary Table 2. Marker genes for B cell clusters, related to Figure S2 and Figures 4.	F:/pan-gi-ici-ccc-20260709/GSE205506/supplement/mmc3.xlsx	28AA8BC71620AE3B667D0243891B631DA3B8EB1576108C88463B2F66979EAC80
B cell markers	Bfoc	22	ARPC2	"ARPC2"	1.56078737063403	0	0	0.927	0.643	Supplementary Table 2. Marker genes for B cell clusters, related to Figure S2 and Figures 4.	F:/pan-gi-ici-ccc-20260709/GSE205506/supplement/mmc3.xlsx	28AA8BC71620AE3B667D0243891B631DA3B8EB1576108C88463B2F66979EAC80
B cell markers	Bfoc	23	PFN1	"PFN1"	1.55143923844636	0	0	0.942	0.711	Supplementary Table 2. Marker genes for B cell clusters, related to Figure S2 and Figures 4.	F:/pan-gi-ici-ccc-20260709/GSE205506/supplement/mmc3.xlsx	28AA8BC71620AE3B667D0243891B631DA3B8EB1576108C88463B2F66979EAC80
B cell markers	Bfoc	24	BCL6	"BCL6"	1.54696195826631	0	0	0.47	0.028	Supplementary Table 2. Marker genes for B cell clusters, related to Figure S2 and Figures 4.	F:/pan-gi-ici-ccc-20260709/GSE205506/supplement/mmc3.xlsx	28AA8BC71620AE3B667D0243891B631DA3B8EB1576108C88463B2F66979EAC80
B cell markers	Bfoc	25	PRDX6	"PRDX6"	1.54259107029874	0	0	0.669	0.247	Supplementary Table 2. Marker genes for B cell clusters, related to Figure S2 and Figures 4.	F:/pan-gi-ici-ccc-20260709/GSE205506/supplement/mmc3.xlsx	28AA8BC71620AE3B667D0243891B631DA3B8EB1576108C88463B2F66979EAC80
B cell markers	Bfoc	26	PARP1	"PARP1"	1.54136166531953	0	0	0.735	0.278	Supplementary Table 2. Marker genes for B cell clusters, related to Figure S2 and Figures 4.	F:/pan-gi-ici-ccc-20260709/GSE205506/supplement/mmc3.xlsx	28AA8BC71620AE3B667D0243891B631DA3B8EB1576108C88463B2F66979EAC80
B cell markers	Bfoc	27	ACTR3	"ACTR3"	1.54121369646853	0	0	0.849	0.417	Supplementary Table 2. Marker genes for B cell clusters, related to Figure S2 and Figures 4.	F:/pan-gi-ici-ccc-20260709/GSE205506/supplement/mmc3.xlsx	28AA8BC71620AE3B667D0243891B631DA3B8EB1576108C88463B2F66979EAC80
B cell markers	Bfoc	28	SYNE2	"SYNE2"	1.53458330292025	0	0	0.547	0.143	Supplementary Table 2. Marker genes for B cell clusters, related to Figure S2 and Figures 4.	F:/pan-gi-ici-ccc-20260709/GSE205506/supplement/mmc3.xlsx	28AA8BC71620AE3B667D0243891B631DA3B8EB1576108C88463B2F66979EAC80
B cell markers	Bfoc	29	EZR	"EZR"	1.52210212853444	0	0	0.784	0.358	Supplementary Table 2. Marker genes for B cell clusters, related to Figure S2 and Figures 4.	F:/pan-gi-ici-ccc-20260709/GSE205506/supplement/mmc3.xlsx	28AA8BC71620AE3B667D0243891B631DA3B8EB1576108C88463B2F66979EAC80
B cell markers	Bfoc	30	ANP32B	"ANP32B"	1.50681468641346	0	0	0.777	0.385	Supplementary Table 2. Marker genes for B cell clusters, related to Figure S2 and Figures 4.	F:/pan-gi-ici-ccc-20260709/GSE205506/supplement/mmc3.xlsx	28AA8BC71620AE3B667D0243891B631DA3B8EB1576108C88463B2F66979EAC80
B cell markers	Bfoc	31	RFTN1	"RFTN1"	1.49470900675619	0	0	0.543	0.057	Supplementary Table 2. Marker genes for B cell clusters, related to Figure S2 and Figures 4.	F:/pan-gi-ici-ccc-20260709/GSE205506/supplement/mmc3.xlsx	28AA8BC71620AE3B667D0243891B631DA3B8EB1576108C88463B2F66979EAC80
B cell markers	Bfoc	32	UCP2	"UCP2"	1.49211668779131	0	0	0.714	0.24	Supplementary Table 2. Marker genes for B cell clusters, related to Figure S2 and Figures 4.	F:/pan-gi-ici-ccc-20260709/GSE205506/supplement/mmc3.xlsx	28AA8BC71620AE3B667D0243891B631DA3B8EB1576108C88463B2F66979EAC80
B cell markers	Bfoc	33	H3F3A	"H3F3A"	1.49116802739158	0	0	0.981	0.881	Supplementary Table 2. Marker genes for B cell clusters, related to Figure S2 and Figures 4.	F:/pan-gi-ici-ccc-20260709/GSE205506/supplement/mmc3.xlsx	28AA8BC71620AE3B667D0243891B631DA3B8EB1576108C88463B2F66979EAC80
B cell markers	Bfoc	34	STMN1	"STMN1"	1.4848963066377	0	0	0.386	0.086	Supplementary Table 2. Marker genes for B cell clusters, related to Figure S2 and Figures 4.	F:/pan-gi-ici-ccc-20260709/GSE205506/supplement/mmc3.xlsx	28AA8BC71620AE3B667D0243891B631DA3B8EB1576108C88463B2F66979EAC80
B cell markers	Bfoc	35	TCL1A	"TCL1A"	1.48406936992526	0	0	0.804	0.228	Supplementary Table 2. Marker genes for B cell clusters, related to Figure S2 and Figures 4.	F:/pan-gi-ici-ccc-20260709/GSE205506/supplement/mmc3.xlsx	28AA8BC71620AE3B667D0243891B631DA3B8EB1576108C88463B2F66979EAC80
B cell markers	Bfoc	36	HMGN2	"HMGN2"	1.48237693759617	2.35757015087203e-254	5.90241262972323e-250	0.786	0.467	Supplementary Table 2. Marker genes for B cell clusters, related to Figure S2 and Figures 4.	F:/pan-gi-ici-ccc-20260709/GSE205506/supplement/mmc3.xlsx	28AA8BC71620AE3B667D0243891B631DA3B8EB1576108C88463B2F66979EAC80
B cell markers	Bfoc	37	CD22	"CD22"	1.47535336420273	0	0	0.74	0.258	Supplementary Table 2. Marker genes for B cell clusters, related to Figure S2 and Figures 4.	F:/pan-gi-ici-ccc-20260709/GSE205506/supplement/mmc3.xlsx	28AA8BC71620AE3B667D0243891B631DA3B8EB1576108C88463B2F66979EAC80
B cell markers	Bfoc	38	GMDS	"GMDS"	1.44986000995411	0	0	0.369	0.064	Supplementary Table 2. Marker genes for B cell clusters, related to Figure S2 and Figures 4.	F:/pan-gi-ici-ccc-20260709/GSE205506/supplement/mmc3.xlsx	28AA8BC71620AE3B667D0243891B631DA3B8EB1576108C88463B2F66979EAC80
B cell markers	Bfoc	39	LIMD2	"LIMD2"	1.44239169404561	0	0	0.902	0.517	Supplementary Table 2. Marker genes for B cell clusters, related to Figure S2 and Figures 4.	F:/pan-gi-ici-ccc-20260709/GSE205506/supplement/mmc3.xlsx	28AA8BC71620AE3B667D0243891B631DA3B8EB1576108C88463B2F66979EAC80
B cell markers	Bfoc	40	PRDX1	"PRDX1"	1.43844253035939	0	0	0.813	0.502	Supplementary Table 2. Marker genes for B cell clusters, related to Figure S2 and Figures 4.	F:/pan-gi-ici-ccc-20260709/GSE205506/supplement/mmc3.xlsx	28AA8BC71620AE3B667D0243891B631DA3B8EB1576108C88463B2F66979EAC80
B cell markers	Bfoc	41	CFL1	"CFL1"	1.43555461699768	0	0	0.932	0.694	Supplementary Table 2. Marker genes for B cell clusters, related to Figure S2 and Figures 4.	F:/pan-gi-ici-ccc-20260709/GSE205506/supplement/mmc3.xlsx	28AA8BC71620AE3B667D0243891B631DA3B8EB1576108C88463B2F66979EAC80
B cell markers	Bfoc	42	BCL7A	"BCL7A"	1.42546236728273	0	0	0.5	0.047	Supplementary Table 2. Marker genes for B cell clusters, related to Figure S2 and Figures 4.	F:/pan-gi-ici-ccc-20260709/GSE205506/supplement/mmc3.xlsx	28AA8BC71620AE3B667D0243891B631DA3B8EB1576108C88463B2F66979EAC80
B cell markers	Bfoc	43	SMIM14	"SMIM14"	1.38818557602095	3.40477329522056e-272	8.5241904219142e-268	0.756	0.417	Supplementary Table 2. Marker genes for B cell clusters, related to Figure S2 and Figures 4.	F:/pan-gi-ici-ccc-20260709/GSE205506/supplement/mmc3.xlsx	28AA8BC71620AE3B667D0243891B631DA3B8EB1576108C88463B2F66979EAC80
B cell markers	Bfoc	44	SORL1	"SORL1"	1.37024263911566	0	0	0.503	0.058	Supplementary Table 2. Marker genes for B cell clusters, related to Figure S2 and Figures 4.	F:/pan-gi-ici-ccc-20260709/GSE205506/supplement/mmc3.xlsx	28AA8BC71620AE3B667D0243891B631DA3B8EB1576108C88463B2F66979EAC80
B cell markers	Bfoc	45	GCHFR	"GCHFR"	1.36674968684544	0	0	0.444	0.045	Supplementary Table 2. Marker genes for B cell clusters, related to Figure S2 and Figures 4.	F:/pan-gi-ici-ccc-20260709/GSE205506/supplement/mmc3.xlsx	28AA8BC71620AE3B667D0243891B631DA3B8EB1576108C88463B2F66979EAC80
B cell markers	Bfoc	46	DAAM1	"DAAM1"	1.3620306722438	0	0	0.507	0.103	Supplementary Table 2. Marker genes for B cell clusters, related to Figure S2 and Figures 4.	F:/pan-gi-ici-ccc-20260709/GSE205506/supplement/mmc3.xlsx	28AA8BC71620AE3B667D0243891B631DA3B8EB1576108C88463B2F66979EAC80
B cell markers	Bfoc	47	CORO1A	"CORO1A"	1.33938957526408	0	0	0.923	0.548	Supplementary Table 2. Marker genes for B cell clusters, related to Figure S2 and Figures 4.	F:/pan-gi-ici-ccc-20260709/GSE205506/supplement/mmc3.xlsx	28AA8BC71620AE3B667D0243891B631DA3B8EB1576108C88463B2F66979EAC80
B cell markers	Bfoc	48	ARPC5	"ARPC5"	1.32296320149103	0	0	0.75	0.341	Supplementary Table 2. Marker genes for B cell clusters, related to Figure S2 and Figures 4.	F:/pan-gi-ici-ccc-20260709/GSE205506/supplement/mmc3.xlsx	28AA8BC71620AE3B667D0243891B631DA3B8EB1576108C88463B2F66979EAC80
B cell markers	Bfoc	49	MYBL1	"MYBL1"	1.32055703635916	0	0	0.347	0.004	Supplementary Table 2. Marker genes for B cell clusters, related to Figure S2 and Figures 4.	F:/pan-gi-ici-ccc-20260709/GSE205506/supplement/mmc3.xlsx	28AA8BC71620AE3B667D0243891B631DA3B8EB1576108C88463B2F66979EAC80
B cell markers	Bfoc	50	KLHL6	"KLHL6"	1.31885094196316	0	0	0.505	0.145	Supplementary Table 2. Marker genes for B cell clusters, related to Figure S2 and Figures 4.	F:/pan-gi-ici-ccc-20260709/GSE205506/supplement/mmc3.xlsx	28AA8BC71620AE3B667D0243891B631DA3B8EB1576108C88463B2F66979EAC80
B cell markers	Bgc	1	NR4A2	"NR4A2"	2.41958850832527	0	0	0.53	0.056	Supplementary Table 2. Marker genes for B cell clusters, related to Figure S2 and Figures 4.	F:/pan-gi-ici-ccc-20260709/GSE205506/supplement/mmc3.xlsx	28AA8BC71620AE3B667D0243891B631DA3B8EB1576108C88463B2F66979EAC80
B cell markers	Bgc	2	CD69	"CD69"	2.35798837420691	0	0	0.702	0.212	Supplementary Table 2. Marker genes for B cell clusters, related to Figure S2 and Figures 4.	F:/pan-gi-ici-ccc-20260709/GSE205506/supplement/mmc3.xlsx	28AA8BC71620AE3B667D0243891B631DA3B8EB1576108C88463B2F66979EAC80
B cell markers	Bgc	3	DUSP1	"DUSP1"	2.06322687936994	0	0	0.922	0.447	Supplementary Table 2. Marker genes for B cell clusters, related to Figure S2 and Figures 4.	F:/pan-gi-ici-ccc-20260709/GSE205506/supplement/mmc3.xlsx	28AA8BC71620AE3B667D0243891B631DA3B8EB1576108C88463B2F66979EAC80
B cell markers	Bgc	4	KLF2	"KLF2"	1.98756812456736	0	0	0.783	0.36	Supplementary Table 2. Marker genes for B cell clusters, related to Figure S2 and Figures 4.	F:/pan-gi-ici-ccc-20260709/GSE205506/supplement/mmc3.xlsx	28AA8BC71620AE3B667D0243891B631DA3B8EB1576108C88463B2F66979EAC80
B cell markers	Bgc	5	JUNB	"JUNB"	1.96493875722179	0	0	0.875	0.503	Supplementary Table 2. Marker genes for B cell clusters, related to Figure S2 and Figures 4.	F:/pan-gi-ici-ccc-20260709/GSE205506/supplement/mmc3.xlsx	28AA8BC71620AE3B667D0243891B631DA3B8EB1576108C88463B2F66979EAC80
B cell markers	Bgc	6	NR4A1	"NR4A1"	1.82040290203627	0	0	0.434	0.093	Supplementary Table 2. Marker genes for B cell clusters, related to Figure S2 and Figures 4.	F:/pan-gi-ici-ccc-20260709/GSE205506/supplement/mmc3.xlsx	28AA8BC71620AE3B667D0243891B631DA3B8EB1576108C88463B2F66979EAC80
B cell markers	Bgc	7	FOS	"FOS"	1.74923612520064	0	0	0.75	0.379	Supplementary Table 2. Marker genes for B cell clusters, related to Figure S2 and Figures 4.	F:/pan-gi-ici-ccc-20260709/GSE205506/supplement/mmc3.xlsx	28AA8BC71620AE3B667D0243891B631DA3B8EB1576108C88463B2F66979EAC80
B cell markers	Bgc	8	KLF6	"KLF6"	1.7237384341788	3.81312193392408e-298	9.54653207377232e-294	0.629	0.274	Supplementary Table 2. Marker genes for B cell clusters, related to Figure S2 and Figures 4.	F:/pan-gi-ici-ccc-20260709/GSE205506/supplement/mmc3.xlsx	28AA8BC71620AE3B667D0243891B631DA3B8EB1576108C88463B2F66979EAC80
B cell markers	Bgc	9	NFKBID	"NFKBID"	1.62956910838274	0	0	0.417	0.078	Supplementary Table 2. Marker genes for B cell clusters, related to Figure S2 and Figures 4.	F:/pan-gi-ici-ccc-20260709/GSE205506/supplement/mmc3.xlsx	28AA8BC71620AE3B667D0243891B631DA3B8EB1576108C88463B2F66979EAC80
B cell markers	Bgc	10	CD83	"CD83"	1.59529920666288	1.73233482750961e-281	4.33707347415305e-277	0.539	0.196	Supplementary Table 2. Marker genes for B cell clusters, related to Figure S2 and Figures 4.	F:/pan-gi-ici-ccc-20260709/GSE205506/supplement/mmc3.xlsx	28AA8BC71620AE3B667D0243891B631DA3B8EB1576108C88463B2F66979EAC80
B cell markers	Bgc	11	FOSB	"FOSB"	1.57470477495583	0	0	0.782	0.362	Supplementary Table 2. Marker genes for B cell clusters, related to Figure S2 and Figures 4.	F:/pan-gi-ici-ccc-20260709/GSE205506/supplement/mmc3.xlsx	28AA8BC71620AE3B667D0243891B631DA3B8EB1576108C88463B2F66979EAC80
B cell markers	Bgc	12	DUSP2	"DUSP2"	1.56402743408816	5.9672624159185e-219	1.49396381844936e-214	0.391	0.125	Supplementary Table 2. Marker genes for B cell clusters, related to Figure S2 and Figures 4.	F:/pan-gi-ici-ccc-20260709/GSE205506/supplement/mmc3.xlsx	28AA8BC71620AE3B667D0243891B631DA3B8EB1576108C88463B2F66979EAC80
B cell markers	Bgc	13	SLC2A3	"SLC2A3"	1.5513054137035	9.54591306851668e-289	2.38991479583384e-284	0.506	0.171	Supplementary Table 2. Marker genes for B cell clusters, related to Figure S2 and Figures 4.	F:/pan-gi-ici-ccc-20260709/GSE205506/supplement/mmc3.xlsx	28AA8BC71620AE3B667D0243891B631DA3B8EB1576108C88463B2F66979EAC80
B cell markers	Bgc	14	JUND	"JUND"	1.54933981275271	0	0	0.956	0.766	Supplementary Table 2. Marker genes for B cell clusters, related to Figure S2 and Figures 4.	F:/pan-gi-ici-ccc-20260709/GSE205506/supplement/mmc3.xlsx	28AA8BC71620AE3B667D0243891B631DA3B8EB1576108C88463B2F66979EAC80
B cell markers	Bgc	15	SERTAD1	"SERTAD1"	1.47187769630808	0	0	0.409	0.09	Supplementary Table 2. Marker genes for B cell clusters, related to Figure S2 and Figures 4.	F:/pan-gi-ici-ccc-20260709/GSE205506/supplement/mmc3.xlsx	28AA8BC71620AE3B667D0243891B631DA3B8EB1576108C88463B2F66979EAC80
B cell markers	Bgc	16	CXCR4	"CXCR4"	1.32178117008136	1.71391576755282e-301	4.29095951564525e-297	0.858	0.524	Supplementary Table 2. Marker genes for B cell clusters, related to Figure S2 and Figures 4.	F:/pan-gi-ici-ccc-20260709/GSE205506/supplement/mmc3.xlsx	28AA8BC71620AE3B667D0243891B631DA3B8EB1576108C88463B2F66979EAC80
B cell markers	Bgc	17	NFKBIA	"NFKBIA"	1.26995909020841	2.04390723986632e-182	5.11712616572933e-178	0.579	0.313	Supplementary Table 2. Marker genes for B cell clusters, related to Figure S2 and Figures 4.	F:/pan-gi-ici-ccc-20260709/GSE205506/supplement/mmc3.xlsx	28AA8BC71620AE3B667D0243891B631DA3B8EB1576108C88463B2F66979EAC80
B cell markers	Bgc	18	TSC22D3	"TSC22D3"	1.25796613392592	3.52513433161107e-272	8.82552631262148e-268	0.841	0.565	Supplementary Table 2. Marker genes for B cell clusters, related to Figure S2 and Figures 4.	F:/pan-gi-ici-ccc-20260709/GSE205506/supplement/mmc3.xlsx	28AA8BC71620AE3B667D0243891B631DA3B8EB1576108C88463B2F66979EAC80
B cell markers	Bgc	19	TUBA1A	"TUBA1A"	1.1983548380521	5.45318354962157e-238	1.36525903348326e-233	0.345	0.09	Supplementary Table 2. Marker genes for B cell clusters, related to Figure S2 and Figures 4.	F:/pan-gi-ici-ccc-20260709/GSE205506/supplement/mmc3.xlsx	28AA8BC71620AE3B667D0243891B631DA3B8EB1576108C88463B2F66979EAC80
B cell markers	Bgc	20	PPP1R15A	"PPP1R15A"	1.18474126504333	8.60343594218304e-220	2.15395622248495e-215	0.645	0.347	Supplementary Table 2. Marker genes for B cell clusters, related to Figure S2 and Figures 4.	F:/pan-gi-ici-ccc-20260709/GSE205506/supplement/mmc3.xlsx	28AA8BC71620AE3B667D0243891B631DA3B8EB1576108C88463B2F66979EAC80
B cell markers	Bgc	21	IER5	"IER5"	1.15455673578229	9.85985726821711e-154	2.46851386567084e-149	0.45	0.207	Supplementary Table 2. Marker genes for B cell clusters, related to Figure S2 and Figures 4.	F:/pan-gi-ici-ccc-20260709/GSE205506/supplement/mmc3.xlsx	28AA8BC71620AE3B667D0243891B631DA3B8EB1576108C88463B2F66979EAC80
B cell markers	Bgc	22	CD55	"CD55"	1.11596675247531	2.49672614793816e-141	6.25080358397798e-137	0.442	0.215	Supplementary Table 2. Marker genes for B cell clusters, related to Figure S2 and Figures 4.	F:/pan-gi-ici-ccc-20260709/GSE205506/supplement/mmc3.xlsx	28AA8BC71620AE3B667D0243891B631DA3B8EB1576108C88463B2F66979EAC80
B cell markers	Bgc	23	FAM53C	"FAM53C"	1.08860428498635	3.06993796197828e-171	7.68589668160883e-167	0.294	0.089	Supplementary Table 2. Marker genes for B cell clusters, related to Figure S2 and Figures 4.	F:/pan-gi-ici-ccc-20260709/GSE205506/supplement/mmc3.xlsx	28AA8BC71620AE3B667D0243891B631DA3B8EB1576108C88463B2F66979EAC80
B cell markers	Bgc	24	YPEL5	"YPEL5"	1.01485876463416	1.0847495682392e-71	2.71577901904365e-67	0.382	0.238	Supplementary Table 2. Marker genes for B cell clusters, related to Figure S2 and Figures 4.	F:/pan-gi-ici-ccc-20260709/GSE205506/supplement/mmc3.xlsx	28AA8BC71620AE3B667D0243891B631DA3B8EB1576108C88463B2F66979EAC80
B cell markers	Bgc	25	H3F3B	"H3F3B"	1.01453694869301	1.22674774841966e-239	3.07128566294347e-235	0.924	0.839	Supplementary Table 2. Marker genes for B cell clusters, related to Figure S2 and Figures 4.	F:/pan-gi-ici-ccc-20260709/GSE205506/supplement/mmc3.xlsx	28AA8BC71620AE3B667D0243891B631DA3B8EB1576108C88463B2F66979EAC80
B cell markers	Bgc	26	LY9	"LY9"	1.01291188553638	4.91054571398305e-83	1.2294042249528e-78	0.288	0.134	Supplementary Table 2. Marker genes for B cell clusters, related to Figure S2 and Figures 4.	F:/pan-gi-ici-ccc-20260709/GSE205506/supplement/mmc3.xlsx	28AA8BC71620AE3B667D0243891B631DA3B8EB1576108C88463B2F66979EAC80
B cell markers	Bgc	27	DNAJB1	"DNAJB1"	1.00204650589417	3.77942957835919e-66	9.46217989238006e-62	0.409	0.257	Supplementary Table 2. Marker genes for B cell clusters, related to Figure S2 and Figures 4.	F:/pan-gi-ici-ccc-20260709/GSE205506/supplement/mmc3.xlsx	28AA8BC71620AE3B667D0243891B631DA3B8EB1576108C88463B2F66979EAC80
B cell markers	Bgc	28	ZFP36	"ZFP36"	0.974282685729376	7.43631997344988e-93	1.86175706855291e-88	0.545	0.37	Supplementary Table 2. Marker genes for B cell clusters, related to Figure S2 and Figures 4.	F:/pan-gi-ici-ccc-20260709/GSE205506/supplement/mmc3.xlsx	28AA8BC71620AE3B667D0243891B631DA3B8EB1576108C88463B2F66979EAC80
B cell markers	Bgc	29	DDX3X	"DDX3X"	0.971715129922611	5.57819703218633e-114	1.39655740897817e-109	0.566	0.374	Supplementary Table 2. Marker genes for B cell clusters, related to Figure S2 and Figures 4.	F:/pan-gi-ici-ccc-20260709/GSE205506/supplement/mmc3.xlsx	28AA8BC71620AE3B667D0243891B631DA3B8EB1576108C88463B2F66979EAC80
B cell markers	Bgc	30	BTG1	"BTG1"	0.969341895954082	1.46685122816077e-218	3.6724087348233e-214	0.939	0.793	Supplementary Table 2. Marker genes for B cell clusters, related to Figure S2 and Figures 4.	F:/pan-gi-ici-ccc-20260709/GSE205506/supplement/mmc3.xlsx	28AA8BC71620AE3B667D0243891B631DA3B8EB1576108C88463B2F66979EAC80
B cell markers	Bgc	31	DNAJA1	"DNAJA1"	0.938240606587815	2.11092428732294e-77	5.28491004574172e-73	0.385	0.227	Supplementary Table 2. Marker genes for B cell clusters, related to Figure S2 and Figures 4.	F:/pan-gi-ici-ccc-20260709/GSE205506/supplement/mmc3.xlsx	28AA8BC71620AE3B667D0243891B631DA3B8EB1576108C88463B2F66979EAC80
B cell markers	Bgc	32	RSRP1	"RSRP1"	0.919372183701912	2.55387242187582e-135	6.39387499540831e-131	0.719	0.561	Supplementary Table 2. Marker genes for B cell clusters, related to Figure S2 and Figures 4.	F:/pan-gi-ici-ccc-20260709/GSE205506/supplement/mmc3.xlsx	28AA8BC71620AE3B667D0243891B631DA3B8EB1576108C88463B2F66979EAC80
B cell markers	Bgc	33	PNRC1	"PNRC1"	0.908592246170323	1.54410755966573e-136	3.86582768637913e-132	0.704	0.531	Supplementary Table 2. Marker genes for B cell clusters, related to Figure S2 and Figures 4.	F:/pan-gi-ici-ccc-20260709/GSE205506/supplement/mmc3.xlsx	28AA8BC71620AE3B667D0243891B631DA3B8EB1576108C88463B2F66979EAC80
B cell markers	Bgc	34	EIF1	"EIF1"	0.883250411699216	1.42268178930475e-277	3.56182612770336e-273	0.971	0.92	Supplementary Table 2. Marker genes for B cell clusters, related to Figure S2 and Figures 4.	F:/pan-gi-ici-ccc-20260709/GSE205506/supplement/mmc3.xlsx	28AA8BC71620AE3B667D0243891B631DA3B8EB1576108C88463B2F66979EAC80
B cell markers	Bgc	35	PMAIP1	"PMAIP1"	0.882534649172515	5.92980312800403e-118	1.48458551112709e-113	0.293	0.11	Supplementary Table 2. Marker genes for B cell clusters, related to Figure S2 and Figures 4.	F:/pan-gi-ici-ccc-20260709/GSE205506/supplement/mmc3.xlsx	28AA8BC71620AE3B667D0243891B631DA3B8EB1576108C88463B2F66979EAC80
B cell markers	Bgc	36	TUBA1B	"TUBA1B"	0.840015647468876	1.4896570865414e-108	3.72950548186505e-104	0.548	0.346	Supplementary Table 2. Marker genes for B cell clusters, related to Figure S2 and Figures 4.	F:/pan-gi-ici-ccc-20260709/GSE205506/supplement/mmc3.xlsx	28AA8BC71620AE3B667D0243891B631DA3B8EB1576108C88463B2F66979EAC80
B cell markers	Bgc	37	IER2	"IER2"	0.836914892528199	9.77053591723585e-92	2.44615137223917e-87	0.602	0.426	Supplementary Table 2. Marker genes for B cell clusters, related to Figure S2 and Figures 4.	F:/pan-gi-ici-ccc-20260709/GSE205506/supplement/mmc3.xlsx	28AA8BC71620AE3B667D0243891B631DA3B8EB1576108C88463B2F66979EAC80
B cell markers	Bgc	38	GADD45B	"GADD45B"	0.831623010196114	8.82628311562601e-50	2.20974824082813e-45	0.391	0.264	Supplementary Table 2. Marker genes for B cell clusters, related to Figure S2 and Figures 4.	F:/pan-gi-ici-ccc-20260709/GSE205506/supplement/mmc3.xlsx	28AA8BC71620AE3B667D0243891B631DA3B8EB1576108C88463B2F66979EAC80
B cell markers	Bgc	39	EIF4A1	"EIF4A1"	0.830193011344968	1.77177362195754e-74	4.43581243993289e-70	0.403	0.246	Supplementary Table 2. Marker genes for B cell clusters, related to Figure S2 and Figures 4.	F:/pan-gi-ici-ccc-20260709/GSE205506/supplement/mmc3.xlsx	28AA8BC71620AE3B667D0243891B631DA3B8EB1576108C88463B2F66979EAC80
B cell markers	Bgc	40	TUBB4B	"TUBB4B"	0.812395982932624	1.16934553196715e-56	2.92757347383296e-52	0.357	0.228	Supplementary Table 2. Marker genes for B cell clusters, related to Figure S2 and Figures 4.	F:/pan-gi-ici-ccc-20260709/GSE205506/supplement/mmc3.xlsx	28AA8BC71620AE3B667D0243891B631DA3B8EB1576108C88463B2F66979EAC80
B cell markers	Bgc	41	IDS	"IDS"	0.74034408832385	5.53828895314299e-40	1.38656602230888e-35	0.341	0.235	Supplementary Table 2. Marker genes for B cell clusters, related to Figure S2 and Figures 4.	F:/pan-gi-ici-ccc-20260709/GSE205506/supplement/mmc3.xlsx	28AA8BC71620AE3B667D0243891B631DA3B8EB1576108C88463B2F66979EAC80
B cell markers	Bgc	42	IFRD1	"IFRD1"	0.735407706537682	1.08530731949208e-71	2.71717540508038e-67	0.266	0.125	Supplementary Table 2. Marker genes for B cell clusters, related to Figure S2 and Figures 4.	F:/pan-gi-ici-ccc-20260709/GSE205506/supplement/mmc3.xlsx	28AA8BC71620AE3B667D0243891B631DA3B8EB1576108C88463B2F66979EAC80
B cell markers	Bgc	43	HSP90AA1	"HSP90AA1"	0.724223634100681	3.96104502086624e-100	9.91687231424072e-96	0.857	0.755	Supplementary Table 2. Marker genes for B cell clusters, related to Figure S2 and Figures 4.	F:/pan-gi-ici-ccc-20260709/GSE205506/supplement/mmc3.xlsx	28AA8BC71620AE3B667D0243891B631DA3B8EB1576108C88463B2F66979EAC80
B cell markers	Bgc	44	FUS	"FUS"	0.722819082143514	2.11205214665159e-85	5.28773375435691e-81	0.669	0.533	Supplementary Table 2. Marker genes for B cell clusters, related to Figure S2 and Figures 4.	F:/pan-gi-ici-ccc-20260709/GSE205506/supplement/mmc3.xlsx	28AA8BC71620AE3B667D0243891B631DA3B8EB1576108C88463B2F66979EAC80
B cell markers	Bgc	45	SNHG7	"SNHG7"	0.709428537971893	4.17154423387054e-55	1.04438781439183e-50	0.434	0.295	Supplementary Table 2. Marker genes for B cell clusters, related to Figure S2 and Figures 4.	F:/pan-gi-ici-ccc-20260709/GSE205506/supplement/mmc3.xlsx	28AA8BC71620AE3B667D0243891B631DA3B8EB1576108C88463B2F66979EAC80
B cell markers	Bgc	46	HSPA1B	"HSPA1B"	0.698788863676193	1.28154887126449e-14	3.20848575409777e-10	0.439	0.383	Supplementary Table 2. Marker genes for B cell clusters, related to Figure S2 and Figures 4.	F:/pan-gi-ici-ccc-20260709/GSE205506/supplement/mmc3.xlsx	28AA8BC71620AE3B667D0243891B631DA3B8EB1576108C88463B2F66979EAC80
B cell markers	Bgc	47	SRSF7	"SRSF7"	0.692758289514479	1.71823015221843e-80	4.30176100909406e-76	0.659	0.543	Supplementary Table 2. Marker genes for B cell clusters, related to Figure S2 and Figures 4.	F:/pan-gi-ici-ccc-20260709/GSE205506/supplement/mmc3.xlsx	28AA8BC71620AE3B667D0243891B631DA3B8EB1576108C88463B2F66979EAC80
B cell markers	Bgc	48	WSB1	"WSB1"	0.684608414519145	1.47964967556301e-54	3.70445092773955e-50	0.516	0.396	Supplementary Table 2. Marker genes for B cell clusters, related to Figure S2 and Figures 4.	F:/pan-gi-ici-ccc-20260709/GSE205506/supplement/mmc3.xlsx	28AA8BC71620AE3B667D0243891B631DA3B8EB1576108C88463B2F66979EAC80
B cell markers	Bgc	49	CLK1	"CLK1"	0.680648260996321	1.14767248288959e-45	2.87331282816237e-41	0.371	0.254	Supplementary Table 2. Marker genes for B cell clusters, related to Figure S2 and Figures 4.	F:/pan-gi-ici-ccc-20260709/GSE205506/supplement/mmc3.xlsx	28AA8BC71620AE3B667D0243891B631DA3B8EB1576108C88463B2F66979EAC80
B cell markers	Bgc	50	SAT1	"SAT1"	0.660609351164814	1.27270030793286e-78	3.18633249094071e-74	0.667	0.539	Supplementary Table 2. Marker genes for B cell clusters, related to Figure S2 and Figures 4.	F:/pan-gi-ici-ccc-20260709/GSE205506/supplement/mmc3.xlsx	28AA8BC71620AE3B667D0243891B631DA3B8EB1576108C88463B2F66979EAC80
B cell markers	Bmem	1	LINC01781	"LINC01781"	1.09059542952721	0	0	0.277	0.053	Supplementary Table 2. Marker genes for B cell clusters, related to Figure S2 and Figures 4.	F:/pan-gi-ici-ccc-20260709/GSE205506/supplement/mmc3.xlsx	28AA8BC71620AE3B667D0243891B631DA3B8EB1576108C88463B2F66979EAC80
B cell markers	Bmem	2	RPS14	"RPS14"	1.04512351252603	0	0	0.999	0.961	Supplementary Table 2. Marker genes for B cell clusters, related to Figure S2 and Figures 4.	F:/pan-gi-ici-ccc-20260709/GSE205506/supplement/mmc3.xlsx	28AA8BC71620AE3B667D0243891B631DA3B8EB1576108C88463B2F66979EAC80
B cell markers	Bmem	3	S100A4	"S100A4"	1.00733779675081	3.45851081909435e-173	8.65872768668461e-169	0.347	0.171	Supplementary Table 2. Marker genes for B cell clusters, related to Figure S2 and Figures 4.	F:/pan-gi-ici-ccc-20260709/GSE205506/supplement/mmc3.xlsx	28AA8BC71620AE3B667D0243891B631DA3B8EB1576108C88463B2F66979EAC80
B cell markers	Bmem	4	HLA-A	"HLA-A"	0.996700202136333	0	0	0.961	0.822	Supplementary Table 2. Marker genes for B cell clusters, related to Figure S2 and Figures 4.	F:/pan-gi-ici-ccc-20260709/GSE205506/supplement/mmc3.xlsx	28AA8BC71620AE3B667D0243891B631DA3B8EB1576108C88463B2F66979EAC80
B cell markers	Bmem	5	RPS29	"RPS29"	0.972335580583457	0	0	0.989	0.921	Supplementary Table 2. Marker genes for B cell clusters, related to Figure S2 and Figures 4.	F:/pan-gi-ici-ccc-20260709/GSE205506/supplement/mmc3.xlsx	28AA8BC71620AE3B667D0243891B631DA3B8EB1576108C88463B2F66979EAC80
B cell markers	Bmem	6	BANK1	"BANK1"	0.957115713776183	0	0	0.766	0.394	Supplementary Table 2. Marker genes for B cell clusters, related to Figure S2 and Figures 4.	F:/pan-gi-ici-ccc-20260709/GSE205506/supplement/mmc3.xlsx	28AA8BC71620AE3B667D0243891B631DA3B8EB1576108C88463B2F66979EAC80
B cell markers	Bmem	7	SSPN	"SSPN"	0.947403597976075	1.46610577853149e-240	3.67054242713144e-236	0.262	0.08	Supplementary Table 2. Marker genes for B cell clusters, related to Figure S2 and Figures 4.	F:/pan-gi-ici-ccc-20260709/GSE205506/supplement/mmc3.xlsx	28AA8BC71620AE3B667D0243891B631DA3B8EB1576108C88463B2F66979EAC80
B cell markers	Bmem	8	TNFRSF13B	"TNFRSF13B"	0.946288967703152	0	0	0.319	0.092	Supplementary Table 2. Marker genes for B cell clusters, related to Figure S2 and Figures 4.	F:/pan-gi-ici-ccc-20260709/GSE205506/supplement/mmc3.xlsx	28AA8BC71620AE3B667D0243891B631DA3B8EB1576108C88463B2F66979EAC80
B cell markers	Bmem	9	CCDC50	"CCDC50"	0.945947476303155	9.62501993099866e-208	2.40971998992482e-203	0.426	0.225	Supplementary Table 2. Marker genes for B cell clusters, related to Figure S2 and Figures 4.	F:/pan-gi-ici-ccc-20260709/GSE205506/supplement/mmc3.xlsx	28AA8BC71620AE3B667D0243891B631DA3B8EB1576108C88463B2F66979EAC80
B cell markers	Bmem	10	TOMM7	"TOMM7"	0.921272239428664	0	0	0.769	0.547	Supplementary Table 2. Marker genes for B cell clusters, related to Figure S2 and Figures 4.	F:/pan-gi-ici-ccc-20260709/GSE205506/supplement/mmc3.xlsx	28AA8BC71620AE3B667D0243891B631DA3B8EB1576108C88463B2F66979EAC80
B cell markers	Bmem	11	LTB	"LTB"	0.909177617327189	0	0	0.818	0.456	Supplementary Table 2. Marker genes for B cell clusters, related to Figure S2 and Figures 4.	F:/pan-gi-ici-ccc-20260709/GSE205506/supplement/mmc3.xlsx	28AA8BC71620AE3B667D0243891B631DA3B8EB1576108C88463B2F66979EAC80
B cell markers	Bmem	12	RPL27A	"RPL27A"	0.905556884484416	0	0	0.933	0.836	Supplementary Table 2. Marker genes for B cell clusters, related to Figure S2 and Figures 4.	F:/pan-gi-ici-ccc-20260709/GSE205506/supplement/mmc3.xlsx	28AA8BC71620AE3B667D0243891B631DA3B8EB1576108C88463B2F66979EAC80
B cell markers	Bmem	13	COTL1	"COTL1"	0.900166058259355	0	0	0.711	0.366	Supplementary Table 2. Marker genes for B cell clusters, related to Figure S2 and Figures 4.	F:/pan-gi-ici-ccc-20260709/GSE205506/supplement/mmc3.xlsx	28AA8BC71620AE3B667D0243891B631DA3B8EB1576108C88463B2F66979EAC80
B cell markers	Bmem	14	CD48	"CD48"	0.89040960281551	0	0	0.792	0.541	Supplementary Table 2. Marker genes for B cell clusters, related to Figure S2 and Figures 4.	F:/pan-gi-ici-ccc-20260709/GSE205506/supplement/mmc3.xlsx	28AA8BC71620AE3B667D0243891B631DA3B8EB1576108C88463B2F66979EAC80
B cell markers	Bmem	15	RPLP2	"RPLP2"	0.888171825527134	0	0	0.998	0.964	Supplementary Table 2. Marker genes for B cell clusters, related to Figure S2 and Figures 4.	F:/pan-gi-ici-ccc-20260709/GSE205506/supplement/mmc3.xlsx	28AA8BC71620AE3B667D0243891B631DA3B8EB1576108C88463B2F66979EAC80
B cell markers	Bmem	16	RPS12	"RPS12"	0.873377967679802	0	0	0.999	0.953	Supplementary Table 2. Marker genes for B cell clusters, related to Figure S2 and Figures 4.	F:/pan-gi-ici-ccc-20260709/GSE205506/supplement/mmc3.xlsx	28AA8BC71620AE3B667D0243891B631DA3B8EB1576108C88463B2F66979EAC80
B cell markers	Bmem	17	HLA-B	"HLA-B"	0.872920387968919	0	0	0.981	0.924	Supplementary Table 2. Marker genes for B cell clusters, related to Figure S2 and Figures 4.	F:/pan-gi-ici-ccc-20260709/GSE205506/supplement/mmc3.xlsx	28AA8BC71620AE3B667D0243891B631DA3B8EB1576108C88463B2F66979EAC80
B cell markers	Bmem	18	RPS28	"RPS28"	0.858610761093483	0	0	0.998	0.957	Supplementary Table 2. Marker genes for B cell clusters, related to Figure S2 and Figures 4.	F:/pan-gi-ici-ccc-20260709/GSE205506/supplement/mmc3.xlsx	28AA8BC71620AE3B667D0243891B631DA3B8EB1576108C88463B2F66979EAC80
B cell markers	Bmem	19	RPS3	"RPS3"	0.856959700337985	0	0	0.998	0.942	Supplementary Table 2. Marker genes for B cell clusters, related to Figure S2 and Figures 4.	F:/pan-gi-ici-ccc-20260709/GSE205506/supplement/mmc3.xlsx	28AA8BC71620AE3B667D0243891B631DA3B8EB1576108C88463B2F66979EAC80
B cell markers	Bmem	20	RPL11	"RPL11"	0.850964661025476	0	0	0.999	0.966	Supplementary Table 2. Marker genes for B cell clusters, related to Figure S2 and Figures 4.	F:/pan-gi-ici-ccc-20260709/GSE205506/supplement/mmc3.xlsx	28AA8BC71620AE3B667D0243891B631DA3B8EB1576108C88463B2F66979EAC80
B cell markers	Bmem	21	AIM2	"AIM2"	0.847733905803748	1.82071804090024e-275	4.55834968719784e-271	0.309	0.095	Supplementary Table 2. Marker genes for B cell clusters, related to Figure S2 and Figures 4.	F:/pan-gi-ici-ccc-20260709/GSE205506/supplement/mmc3.xlsx	28AA8BC71620AE3B667D0243891B631DA3B8EB1576108C88463B2F66979EAC80
B cell markers	Bmem	22	RPL31	"RPL31"	0.84455464472065	4.71363350563775e-234	1.18010528447147e-229	0.787	0.636	Supplementary Table 2. Marker genes for B cell clusters, related to Figure S2 and Figures 4.	F:/pan-gi-ici-ccc-20260709/GSE205506/supplement/mmc3.xlsx	28AA8BC71620AE3B667D0243891B631DA3B8EB1576108C88463B2F66979EAC80
B cell markers	Bmem	23	RPS18	"RPS18"	0.843239093218645	0	0	1	0.974	Supplementary Table 2. Marker genes for B cell clusters, related to Figure S2 and Figures 4.	F:/pan-gi-ici-ccc-20260709/GSE205506/supplement/mmc3.xlsx	28AA8BC71620AE3B667D0243891B631DA3B8EB1576108C88463B2F66979EAC80
B cell markers	Bmem	24	RPL38	"RPL38"	0.841847676234938	0	0	0.905	0.784	Supplementary Table 2. Marker genes for B cell clusters, related to Figure S2 and Figures 4.	F:/pan-gi-ici-ccc-20260709/GSE205506/supplement/mmc3.xlsx	28AA8BC71620AE3B667D0243891B631DA3B8EB1576108C88463B2F66979EAC80
B cell markers	Bmem	25	RPL13A	"RPL13A"	0.838986860357093	0	0	0.999	0.961	Supplementary Table 2. Marker genes for B cell clusters, related to Figure S2 and Figures 4.	F:/pan-gi-ici-ccc-20260709/GSE205506/supplement/mmc3.xlsx	28AA8BC71620AE3B667D0243891B631DA3B8EB1576108C88463B2F66979EAC80
B cell markers	Bmem	26	ARL6IP5	"ARL6IP5"	0.83830665116408	1.39481091523533e-247	3.49204860738317e-243	0.565	0.32	Supplementary Table 2. Marker genes for B cell clusters, related to Figure S2 and Figures 4.	F:/pan-gi-ici-ccc-20260709/GSE205506/supplement/mmc3.xlsx	28AA8BC71620AE3B667D0243891B631DA3B8EB1576108C88463B2F66979EAC80
B cell markers	Bmem	27	RPS25	"RPS25"	0.835812758141407	0	0	0.994	0.95	Supplementary Table 2. Marker genes for B cell clusters, related to Figure S2 and Figures 4.	F:/pan-gi-ici-ccc-20260709/GSE205506/supplement/mmc3.xlsx	28AA8BC71620AE3B667D0243891B631DA3B8EB1576108C88463B2F66979EAC80
B cell markers	Bmem	28	B2M	"B2M"	0.82946285288078	0	0	1	0.997	Supplementary Table 2. Marker genes for B cell clusters, related to Figure S2 and Figures 4.	F:/pan-gi-ici-ccc-20260709/GSE205506/supplement/mmc3.xlsx	28AA8BC71620AE3B667D0243891B631DA3B8EB1576108C88463B2F66979EAC80
B cell markers	Bmem	29	VIM	"VIM"	0.829205265683121	1.00448448810316e-215	2.51482736441508e-211	0.666	0.486	Supplementary Table 2. Marker genes for B cell clusters, related to Figure S2 and Figures 4.	F:/pan-gi-ici-ccc-20260709/GSE205506/supplement/mmc3.xlsx	28AA8BC71620AE3B667D0243891B631DA3B8EB1576108C88463B2F66979EAC80
B cell markers	Bmem	30	RPL39	"RPL39"	0.826787872095249	0	0	1	0.979	Supplementary Table 2. Marker genes for B cell clusters, related to Figure S2 and Figures 4.	F:/pan-gi-ici-ccc-20260709/GSE205506/supplement/mmc3.xlsx	28AA8BC71620AE3B667D0243891B631DA3B8EB1576108C88463B2F66979EAC80
B cell markers	Bmem	31	RPL36	"RPL36"	0.825604764986406	0	0	0.973	0.898	Supplementary Table 2. Marker genes for B cell clusters, related to Figure S2 and Figures 4.	F:/pan-gi-ici-ccc-20260709/GSE205506/supplement/mmc3.xlsx	28AA8BC71620AE3B667D0243891B631DA3B8EB1576108C88463B2F66979EAC80
B cell markers	Bmem	32	RPL30	"RPL30"	0.824551065569278	0	0	0.998	0.947	Supplementary Table 2. Marker genes for B cell clusters, related to Figure S2 and Figures 4.	F:/pan-gi-ici-ccc-20260709/GSE205506/supplement/mmc3.xlsx	28AA8BC71620AE3B667D0243891B631DA3B8EB1576108C88463B2F66979EAC80
B cell markers	Bmem	33	RPS27	"RPS27"	0.822335195566574	0	0	0.999	0.939	Supplementary Table 2. Marker genes for B cell clusters, related to Figure S2 and Figures 4.	F:/pan-gi-ici-ccc-20260709/GSE205506/supplement/mmc3.xlsx	28AA8BC71620AE3B667D0243891B631DA3B8EB1576108C88463B2F66979EAC80
B cell markers	Bmem	34	RPL14	"RPL14"	0.817741611532	0	0	0.993	0.95	Supplementary Table 2. Marker genes for B cell clusters, related to Figure S2 and Figures 4.	F:/pan-gi-ici-ccc-20260709/GSE205506/supplement/mmc3.xlsx	28AA8BC71620AE3B667D0243891B631DA3B8EB1576108C88463B2F66979EAC80
B cell markers	Bmem	35	ARHGAP24	"ARHGAP24"	0.81745403000844	1.03528141537603e-253	2.59193055153543e-249	0.385	0.147	Supplementary Table 2. Marker genes for B cell clusters, related to Figure S2 and Figures 4.	F:/pan-gi-ici-ccc-20260709/GSE205506/supplement/mmc3.xlsx	28AA8BC71620AE3B667D0243891B631DA3B8EB1576108C88463B2F66979EAC80
B cell markers	Bmem	36	RPL9	"RPL9"	0.801200251640231	0	0	0.998	0.948	Supplementary Table 2. Marker genes for B cell clusters, related to Figure S2 and Figures 4.	F:/pan-gi-ici-ccc-20260709/GSE205506/supplement/mmc3.xlsx	28AA8BC71620AE3B667D0243891B631DA3B8EB1576108C88463B2F66979EAC80
B cell markers	Bmem	37	RPL41	"RPL41"	0.796156475721205	0	0	1	0.975	Supplementary Table 2. Marker genes for B cell clusters, related to Figure S2 and Figures 4.	F:/pan-gi-ici-ccc-20260709/GSE205506/supplement/mmc3.xlsx	28AA8BC71620AE3B667D0243891B631DA3B8EB1576108C88463B2F66979EAC80
B cell markers	Bmem	38	EEF1B2	"EEF1B2"	0.791140530245309	0	0	0.949	0.825	Supplementary Table 2. Marker genes for B cell clusters, related to Figure S2 and Figures 4.	F:/pan-gi-ici-ccc-20260709/GSE205506/supplement/mmc3.xlsx	28AA8BC71620AE3B667D0243891B631DA3B8EB1576108C88463B2F66979EAC80
B cell markers	Bmem	39	RPL23A	"RPL23A"	0.790736371674565	0	0	0.999	0.948	Supplementary Table 2. Marker genes for B cell clusters, related to Figure S2 and Figures 4.	F:/pan-gi-ici-ccc-20260709/GSE205506/supplement/mmc3.xlsx	28AA8BC71620AE3B667D0243891B631DA3B8EB1576108C88463B2F66979EAC80
B cell markers	Bmem	40	CD99	"CD99"	0.789446259348764	9.55895896018697e-146	2.39318096527241e-141	0.414	0.254	Supplementary Table 2. Marker genes for B cell clusters, related to Figure S2 and Figures 4.	F:/pan-gi-ici-ccc-20260709/GSE205506/supplement/mmc3.xlsx	28AA8BC71620AE3B667D0243891B631DA3B8EB1576108C88463B2F66979EAC80
B cell markers	Bmem	41	RPL32	"RPL32"	0.783211100781838	0	0	0.999	0.969	Supplementary Table 2. Marker genes for B cell clusters, related to Figure S2 and Figures 4.	F:/pan-gi-ici-ccc-20260709/GSE205506/supplement/mmc3.xlsx	28AA8BC71620AE3B667D0243891B631DA3B8EB1576108C88463B2F66979EAC80
B cell markers	Bmem	42	RPS15A	"RPS15A"	0.781096321159231	0	0	0.998	0.969	Supplementary Table 2. Marker genes for B cell clusters, related to Figure S2 and Figures 4.	F:/pan-gi-ici-ccc-20260709/GSE205506/supplement/mmc3.xlsx	28AA8BC71620AE3B667D0243891B631DA3B8EB1576108C88463B2F66979EAC80
B cell markers	Bmem	43	RPL27	"RPL27"	0.778061548575549	0	0	0.945	0.845	Supplementary Table 2. Marker genes for B cell clusters, related to Figure S2 and Figures 4.	F:/pan-gi-ici-ccc-20260709/GSE205506/supplement/mmc3.xlsx	28AA8BC71620AE3B667D0243891B631DA3B8EB1576108C88463B2F66979EAC80
B cell markers	Bmem	44	RPL34	"RPL34"	0.773460726945676	0	0	0.997	0.969	Supplementary Table 2. Marker genes for B cell clusters, related to Figure S2 and Figures 4.	F:/pan-gi-ici-ccc-20260709/GSE205506/supplement/mmc3.xlsx	28AA8BC71620AE3B667D0243891B631DA3B8EB1576108C88463B2F66979EAC80
B cell markers	Bmem	45	MARCKS	"MARCKS"	0.771831220829774	2.02727901775423e-119	5.07549574884949e-115	0.388	0.248	Supplementary Table 2. Marker genes for B cell clusters, related to Figure S2 and Figures 4.	F:/pan-gi-ici-ccc-20260709/GSE205506/supplement/mmc3.xlsx	28AA8BC71620AE3B667D0243891B631DA3B8EB1576108C88463B2F66979EAC80
B cell markers	Bmem	46	RPS20	"RPS20"	0.770159804005824	0	0	0.959	0.863	Supplementary Table 2. Marker genes for B cell clusters, related to Figure S2 and Figures 4.	F:/pan-gi-ici-ccc-20260709/GSE205506/supplement/mmc3.xlsx	28AA8BC71620AE3B667D0243891B631DA3B8EB1576108C88463B2F66979EAC80
B cell markers	Bmem	47	RPS10	"RPS10"	0.768775677071421	0	0	0.945	0.8	Supplementary Table 2. Marker genes for B cell clusters, related to Figure S2 and Figures 4.	F:/pan-gi-ici-ccc-20260709/GSE205506/supplement/mmc3.xlsx	28AA8BC71620AE3B667D0243891B631DA3B8EB1576108C88463B2F66979EAC80
B cell markers	Bmem	48	RPS4Y1	"RPS4Y1"	0.768345381472788	4.58636519325443e-150	1.14824238978318e-145	0.518	0.332	Supplementary Table 2. Marker genes for B cell clusters, related to Figure S2 and Figures 4.	F:/pan-gi-ici-ccc-20260709/GSE205506/supplement/mmc3.xlsx	28AA8BC71620AE3B667D0243891B631DA3B8EB1576108C88463B2F66979EAC80
B cell markers	Bmem	49	CD24	"CD24"	0.755102122178923	6.00723144592758e-185	1.50397046480243e-180	0.475	0.256	Supplementary Table 2. Marker genes for B cell clusters, related to Figure S2 and Figures 4.	F:/pan-gi-ici-ccc-20260709/GSE205506/supplement/mmc3.xlsx	28AA8BC71620AE3B667D0243891B631DA3B8EB1576108C88463B2F66979EAC80
B cell markers	Bmem	50	RPL35A	"RPL35A"	0.750567198452623	0	0	0.982	0.909	Supplementary Table 2. Marker genes for B cell clusters, related to Figure S2 and Figures 4.	F:/pan-gi-ici-ccc-20260709/GSE205506/supplement/mmc3.xlsx	28AA8BC71620AE3B667D0243891B631DA3B8EB1576108C88463B2F66979EAC80
B cell markers	Bn	1	IGHD	"IGHD"	2.0119197564291	0	0	0.673	0.098	Supplementary Table 2. Marker genes for B cell clusters, related to Figure S2 and Figures 4.	F:/pan-gi-ici-ccc-20260709/GSE205506/supplement/mmc3.xlsx	28AA8BC71620AE3B667D0243891B631DA3B8EB1576108C88463B2F66979EAC80
B cell markers	Bn	2	TCL1A	"TCL1A"	1.77148144364588	0	0	0.69	0.176	Supplementary Table 2. Marker genes for B cell clusters, related to Figure S2 and Figures 4.	F:/pan-gi-ici-ccc-20260709/GSE205506/supplement/mmc3.xlsx	28AA8BC71620AE3B667D0243891B631DA3B8EB1576108C88463B2F66979EAC80
B cell markers	Bn	3	FCER2	"FCER2"	1.47811744027264	0	0	0.426	0.099	Supplementary Table 2. Marker genes for B cell clusters, related to Figure S2 and Figures 4.	F:/pan-gi-ici-ccc-20260709/GSE205506/supplement/mmc3.xlsx	28AA8BC71620AE3B667D0243891B631DA3B8EB1576108C88463B2F66979EAC80
B cell markers	Bn	4	SELL	"SELL"	1.31715185348096	0	0	0.475	0.153	Supplementary Table 2. Marker genes for B cell clusters, related to Figure S2 and Figures 4.	F:/pan-gi-ici-ccc-20260709/GSE205506/supplement/mmc3.xlsx	28AA8BC71620AE3B667D0243891B631DA3B8EB1576108C88463B2F66979EAC80
B cell markers	Bn	5	CD72	"CD72"	1.24474244481991	0	0	0.421	0.124	Supplementary Table 2. Marker genes for B cell clusters, related to Figure S2 and Figures 4.	F:/pan-gi-ici-ccc-20260709/GSE205506/supplement/mmc3.xlsx	28AA8BC71620AE3B667D0243891B631DA3B8EB1576108C88463B2F66979EAC80
B cell markers	Bn	6	PLAC8	"PLAC8"	1.13073722243454	2.85482517277225e-305	7.14734030255261e-301	0.399	0.146	Supplementary Table 2. Marker genes for B cell clusters, related to Figure S2 and Figures 4.	F:/pan-gi-ici-ccc-20260709/GSE205506/supplement/mmc3.xlsx	28AA8BC71620AE3B667D0243891B631DA3B8EB1576108C88463B2F66979EAC80
B cell markers	Bn	7	C1orf162	"C1orf162"	1.11648932490528	0	0	0.299	0.054	Supplementary Table 2. Marker genes for B cell clusters, related to Figure S2 and Figures 4.	F:/pan-gi-ici-ccc-20260709/GSE205506/supplement/mmc3.xlsx	28AA8BC71620AE3B667D0243891B631DA3B8EB1576108C88463B2F66979EAC80
B cell markers	Bn	8	CD52	"CD52"	1.10120971174395	0	0	0.893	0.565	Supplementary Table 2. Marker genes for B cell clusters, related to Figure S2 and Figures 4.	F:/pan-gi-ici-ccc-20260709/GSE205506/supplement/mmc3.xlsx	28AA8BC71620AE3B667D0243891B631DA3B8EB1576108C88463B2F66979EAC80
B cell markers	Bn	9	TMSB10	"TMSB10"	1.06439089738598	0	0	0.968	0.888	Supplementary Table 2. Marker genes for B cell clusters, related to Figure S2 and Figures 4.	F:/pan-gi-ici-ccc-20260709/GSE205506/supplement/mmc3.xlsx	28AA8BC71620AE3B667D0243891B631DA3B8EB1576108C88463B2F66979EAC80
B cell markers	Bn	10	LINC00926	"LINC00926"	1.06061627263489	1.38254978685005e-280	3.46135164635778e-276	0.463	0.205	Supplementary Table 2. Marker genes for B cell clusters, related to Figure S2 and Figures 4.	F:/pan-gi-ici-ccc-20260709/GSE205506/supplement/mmc3.xlsx	28AA8BC71620AE3B667D0243891B631DA3B8EB1576108C88463B2F66979EAC80
B cell markers	Bn	11	YBX3	"YBX3"	1.05832858067243	1.76694036408909e-193	4.42371189553346e-189	0.284	0.109	Supplementary Table 2. Marker genes for B cell clusters, related to Figure S2 and Figures 4.	F:/pan-gi-ici-ccc-20260709/GSE205506/supplement/mmc3.xlsx	28AA8BC71620AE3B667D0243891B631DA3B8EB1576108C88463B2F66979EAC80
B cell markers	Bn	12	HVCN1	"HVCN1"	1.02454516776173	7.17998580029638e-240	1.7975812449622e-235	0.408	0.182	Supplementary Table 2. Marker genes for B cell clusters, related to Figure S2 and Figures 4.	F:/pan-gi-ici-ccc-20260709/GSE205506/supplement/mmc3.xlsx	28AA8BC71620AE3B667D0243891B631DA3B8EB1576108C88463B2F66979EAC80
B cell markers	Bn	13	CD79B	"CD79B"	1.02335146378523	0	0	0.828	0.549	Supplementary Table 2. Marker genes for B cell clusters, related to Figure S2 and Figures 4.	F:/pan-gi-ici-ccc-20260709/GSE205506/supplement/mmc3.xlsx	28AA8BC71620AE3B667D0243891B631DA3B8EB1576108C88463B2F66979EAC80
B cell markers	Bn	14	CHI3L2	"CHI3L2"	1.01125553642066	2.393958755751e-217	5.9935151408982e-213	0.348	0.14	Supplementary Table 2. Marker genes for B cell clusters, related to Figure S2 and Figures 4.	F:/pan-gi-ici-ccc-20260709/GSE205506/supplement/mmc3.xlsx	28AA8BC71620AE3B667D0243891B631DA3B8EB1576108C88463B2F66979EAC80
B cell markers	Bn	15	BTG1	"BTG1"	0.985193976868128	0	0	0.933	0.771	Supplementary Table 2. Marker genes for B cell clusters, related to Figure S2 and Figures 4.	F:/pan-gi-ici-ccc-20260709/GSE205506/supplement/mmc3.xlsx	28AA8BC71620AE3B667D0243891B631DA3B8EB1576108C88463B2F66979EAC80
B cell markers	Bn	16	HLA-DPB1	"HLA-DPB1"	0.975228174111822	0	0	0.962	0.632	Supplementary Table 2. Marker genes for B cell clusters, related to Figure S2 and Figures 4.	F:/pan-gi-ici-ccc-20260709/GSE205506/supplement/mmc3.xlsx	28AA8BC71620AE3B667D0243891B631DA3B8EB1576108C88463B2F66979EAC80
B cell markers	Bn	17	RNASE6	"RNASE6"	0.962774553602337	9.25024155933432e-168	2.31589047679494e-163	0.336	0.162	Supplementary Table 2. Marker genes for B cell clusters, related to Figure S2 and Figures 4.	F:/pan-gi-ici-ccc-20260709/GSE205506/supplement/mmc3.xlsx	28AA8BC71620AE3B667D0243891B631DA3B8EB1576108C88463B2F66979EAC80
B cell markers	Bn	18	RPL18A	"RPL18A"	0.937424376872236	0	0	0.999	0.969	Supplementary Table 2. Marker genes for B cell clusters, related to Figure S2 and Figures 4.	F:/pan-gi-ici-ccc-20260709/GSE205506/supplement/mmc3.xlsx	28AA8BC71620AE3B667D0243891B631DA3B8EB1576108C88463B2F66979EAC80
B cell markers	Bn	19	LINC02397	"LINC02397"	0.936808997465417	1.40406280775533e-191	3.51521164549626e-187	0.336	0.142	Supplementary Table 2. Marker genes for B cell clusters, related to Figure S2 and Figures 4.	F:/pan-gi-ici-ccc-20260709/GSE205506/supplement/mmc3.xlsx	28AA8BC71620AE3B667D0243891B631DA3B8EB1576108C88463B2F66979EAC80
B cell markers	Bn	20	PHACTR1	"PHACTR1"	0.93643820423112	3.62752740847001e-212	9.08187761984552e-208	0.351	0.145	Supplementary Table 2. Marker genes for B cell clusters, related to Figure S2 and Figures 4.	F:/pan-gi-ici-ccc-20260709/GSE205506/supplement/mmc3.xlsx	28AA8BC71620AE3B667D0243891B631DA3B8EB1576108C88463B2F66979EAC80
B cell markers	Bn	21	HLA-DPA1	"HLA-DPA1"	0.935307462145292	0	0	0.96	0.689	Supplementary Table 2. Marker genes for B cell clusters, related to Figure S2 and Figures 4.	F:/pan-gi-ici-ccc-20260709/GSE205506/supplement/mmc3.xlsx	28AA8BC71620AE3B667D0243891B631DA3B8EB1576108C88463B2F66979EAC80
B cell markers	Bn	22	CD37	"CD37"	0.917699898916988	0	0	0.966	0.68	Supplementary Table 2. Marker genes for B cell clusters, related to Figure S2 and Figures 4.	F:/pan-gi-ici-ccc-20260709/GSE205506/supplement/mmc3.xlsx	28AA8BC71620AE3B667D0243891B631DA3B8EB1576108C88463B2F66979EAC80
B cell markers	Bn	23	HLA-DRB1	"HLA-DRB1"	0.90479922564905	0	0	0.956	0.669	Supplementary Table 2. Marker genes for B cell clusters, related to Figure S2 and Figures 4.	F:/pan-gi-ici-ccc-20260709/GSE205506/supplement/mmc3.xlsx	28AA8BC71620AE3B667D0243891B631DA3B8EB1576108C88463B2F66979EAC80
B cell markers	Bn	24	FCMR	"FCMR"	0.890411326577757	5.1985323831366e-205	1.30150456744208e-200	0.424	0.206	Supplementary Table 2. Marker genes for B cell clusters, related to Figure S2 and Figures 4.	F:/pan-gi-ici-ccc-20260709/GSE205506/supplement/mmc3.xlsx	28AA8BC71620AE3B667D0243891B631DA3B8EB1576108C88463B2F66979EAC80
B cell markers	Bn	25	FOXP1	"FOXP1"	0.878100046728732	1.24615479318984e-189	3.11987314023007e-185	0.45	0.239	Supplementary Table 2. Marker genes for B cell clusters, related to Figure S2 and Figures 4.	F:/pan-gi-ici-ccc-20260709/GSE205506/supplement/mmc3.xlsx	28AA8BC71620AE3B667D0243891B631DA3B8EB1576108C88463B2F66979EAC80
B cell markers	Bn	26	HLA-DRA	"HLA-DRA"	0.866420133056204	0	0	1	0.724	Supplementary Table 2. Marker genes for B cell clusters, related to Figure S2 and Figures 4.	F:/pan-gi-ici-ccc-20260709/GSE205506/supplement/mmc3.xlsx	28AA8BC71620AE3B667D0243891B631DA3B8EB1576108C88463B2F66979EAC80
B cell markers	Bn	27	FAM129C	"FAM129C"	0.834048737323652	5.46971811984775e-178	1.36939862848508e-173	0.281	0.107	Supplementary Table 2. Marker genes for B cell clusters, related to Figure S2 and Figures 4.	F:/pan-gi-ici-ccc-20260709/GSE205506/supplement/mmc3.xlsx	28AA8BC71620AE3B667D0243891B631DA3B8EB1576108C88463B2F66979EAC80
B cell markers	Bn	28	RPS19	"RPS19"	0.832536772699691	0	0	0.999	0.976	Supplementary Table 2. Marker genes for B cell clusters, related to Figure S2 and Figures 4.	F:/pan-gi-ici-ccc-20260709/GSE205506/supplement/mmc3.xlsx	28AA8BC71620AE3B667D0243891B631DA3B8EB1576108C88463B2F66979EAC80
B cell markers	Bn	29	NCF1	"NCF1"	0.827675222472512	1.28143032933231e-145	3.20818897251636e-141	0.51	0.357	Supplementary Table 2. Marker genes for B cell clusters, related to Figure S2 and Figures 4.	F:/pan-gi-ici-ccc-20260709/GSE205506/supplement/mmc3.xlsx	28AA8BC71620AE3B667D0243891B631DA3B8EB1576108C88463B2F66979EAC80
B cell markers	Bn	30	HLA-DQB1	"HLA-DQB1"	0.822980460412341	0	0	0.899	0.586	Supplementary Table 2. Marker genes for B cell clusters, related to Figure S2 and Figures 4.	F:/pan-gi-ici-ccc-20260709/GSE205506/supplement/mmc3.xlsx	28AA8BC71620AE3B667D0243891B631DA3B8EB1576108C88463B2F66979EAC80
B cell markers	Bn	31	CD79A	"CD79A"	0.814244713568731	0	0	0.937	0.809	Supplementary Table 2. Marker genes for B cell clusters, related to Figure S2 and Figures 4.	F:/pan-gi-ici-ccc-20260709/GSE205506/supplement/mmc3.xlsx	28AA8BC71620AE3B667D0243891B631DA3B8EB1576108C88463B2F66979EAC80
B cell markers	Bn	32	STX7	"STX7"	0.809571938655574	4.857186737602e-142	1.21604527162604e-137	0.485	0.32	Supplementary Table 2. Marker genes for B cell clusters, related to Figure S2 and Figures 4.	F:/pan-gi-ici-ccc-20260709/GSE205506/supplement/mmc3.xlsx	28AA8BC71620AE3B667D0243891B631DA3B8EB1576108C88463B2F66979EAC80
B cell markers	Bn	33	GABPB1-AS1	"GABPB1-AS1"	0.80688997647709	1.05323845077242e-97	2.63688778535384e-93	0.385	0.251	Supplementary Table 2. Marker genes for B cell clusters, related to Figure S2 and Figures 4.	F:/pan-gi-ici-ccc-20260709/GSE205506/supplement/mmc3.xlsx	28AA8BC71620AE3B667D0243891B631DA3B8EB1576108C88463B2F66979EAC80
B cell markers	Bn	34	TSPAN13	"TSPAN13"	0.803550335023657	2.20061366194883e-109	5.5094563640551e-105	0.294	0.16	Supplementary Table 2. Marker genes for B cell clusters, related to Figure S2 and Figures 4.	F:/pan-gi-ici-ccc-20260709/GSE205506/supplement/mmc3.xlsx	28AA8BC71620AE3B667D0243891B631DA3B8EB1576108C88463B2F66979EAC80
B cell markers	Bn	35	RPS5	"RPS5"	0.797739018487118	0	0	0.986	0.894	Supplementary Table 2. Marker genes for B cell clusters, related to Figure S2 and Figures 4.	F:/pan-gi-ici-ccc-20260709/GSE205506/supplement/mmc3.xlsx	28AA8BC71620AE3B667D0243891B631DA3B8EB1576108C88463B2F66979EAC80
B cell markers	Bn	36	CD74	"CD74"	0.795643612431302	0	0	0.999	0.941	Supplementary Table 2. Marker genes for B cell clusters, related to Figure S2 and Figures 4.	F:/pan-gi-ici-ccc-20260709/GSE205506/supplement/mmc3.xlsx	28AA8BC71620AE3B667D0243891B631DA3B8EB1576108C88463B2F66979EAC80
B cell markers	Bn	37	RPS27	"RPS27"	0.791177498495676	0	0	0.994	0.943	Supplementary Table 2. Marker genes for B cell clusters, related to Figure S2 and Figures 4.	F:/pan-gi-ici-ccc-20260709/GSE205506/supplement/mmc3.xlsx	28AA8BC71620AE3B667D0243891B631DA3B8EB1576108C88463B2F66979EAC80
B cell markers	Bn	38	BCL11A	"BCL11A"	0.772845946676224	1.56300000924515e-183	3.91312682314615e-179	0.571	0.351	Supplementary Table 2. Marker genes for B cell clusters, related to Figure S2 and Figures 4.	F:/pan-gi-ici-ccc-20260709/GSE205506/supplement/mmc3.xlsx	28AA8BC71620AE3B667D0243891B631DA3B8EB1576108C88463B2F66979EAC80
B cell markers	Bn	39	CXCR4	"CXCR4"	0.758795408626177	2.77602972849205e-251	6.95006802825269e-247	0.766	0.498	Supplementary Table 2. Marker genes for B cell clusters, related to Figure S2 and Figures 4.	F:/pan-gi-ici-ccc-20260709/GSE205506/supplement/mmc3.xlsx	28AA8BC71620AE3B667D0243891B631DA3B8EB1576108C88463B2F66979EAC80
B cell markers	Bn	40	EEF1D	"EEF1D"	0.753887194383497	0	0	0.906	0.829	Supplementary Table 2. Marker genes for B cell clusters, related to Figure S2 and Figures 4.	F:/pan-gi-ici-ccc-20260709/GSE205506/supplement/mmc3.xlsx	28AA8BC71620AE3B667D0243891B631DA3B8EB1576108C88463B2F66979EAC80
B cell markers	Bn	41	RPL13	"RPL13"	0.753418782956826	0	0	1	0.989	Supplementary Table 2. Marker genes for B cell clusters, related to Figure S2 and Figures 4.	F:/pan-gi-ici-ccc-20260709/GSE205506/supplement/mmc3.xlsx	28AA8BC71620AE3B667D0243891B631DA3B8EB1576108C88463B2F66979EAC80
B cell markers	Bn	42	NOP53	"NOP53"	0.753292608529098	9.24965386981182e-177	2.31574334284609e-172	0.688	0.59	Supplementary Table 2. Marker genes for B cell clusters, related to Figure S2 and Figures 4.	F:/pan-gi-ici-ccc-20260709/GSE205506/supplement/mmc3.xlsx	28AA8BC71620AE3B667D0243891B631DA3B8EB1576108C88463B2F66979EAC80
B cell markers	Bn	43	SARAF	"SARAF"	0.741619091524556	2.16387707036049e-98	5.41748263335452e-94	0.522	0.444	Supplementary Table 2. Marker genes for B cell clusters, related to Figure S2 and Figures 4.	F:/pan-gi-ici-ccc-20260709/GSE205506/supplement/mmc3.xlsx	28AA8BC71620AE3B667D0243891B631DA3B8EB1576108C88463B2F66979EAC80
B cell markers	Bn	44	TRBC2	"TRBC2"	0.738920106029638	2.45430050768479e-130	6.14458675103964e-126	0.311	0.153	Supplementary Table 2. Marker genes for B cell clusters, related to Figure S2 and Figures 4.	F:/pan-gi-ici-ccc-20260709/GSE205506/supplement/mmc3.xlsx	28AA8BC71620AE3B667D0243891B631DA3B8EB1576108C88463B2F66979EAC80
B cell markers	Bn	45	SNX2	"SNX2"	0.738436113169756	9.60936639425264e-103	2.40580097046509e-98	0.378	0.242	Supplementary Table 2. Marker genes for B cell clusters, related to Figure S2 and Figures 4.	F:/pan-gi-ici-ccc-20260709/GSE205506/supplement/mmc3.xlsx	28AA8BC71620AE3B667D0243891B631DA3B8EB1576108C88463B2F66979EAC80
B cell markers	Bn	46	RPS9	"RPS9"	0.73404723191614	0	0	0.99	0.935	Supplementary Table 2. Marker genes for B cell clusters, related to Figure S2 and Figures 4.	F:/pan-gi-ici-ccc-20260709/GSE205506/supplement/mmc3.xlsx	28AA8BC71620AE3B667D0243891B631DA3B8EB1576108C88463B2F66979EAC80
B cell markers	Bn	47	IFITM2	"IFITM2"	0.730600006161793	5.7807669879859e-117	1.44727282311215e-112	0.405	0.249	Supplementary Table 2. Marker genes for B cell clusters, related to Figure S2 and Figures 4.	F:/pan-gi-ici-ccc-20260709/GSE205506/supplement/mmc3.xlsx	28AA8BC71620AE3B667D0243891B631DA3B8EB1576108C88463B2F66979EAC80
B cell markers	Bn	48	RPSA	"RPSA"	0.715237704245452	0	0	0.972	0.875	Supplementary Table 2. Marker genes for B cell clusters, related to Figure S2 and Figures 4.	F:/pan-gi-ici-ccc-20260709/GSE205506/supplement/mmc3.xlsx	28AA8BC71620AE3B667D0243891B631DA3B8EB1576108C88463B2F66979EAC80
B cell markers	Bn	49	AES	"AES"	0.707806961643825	3.84520486828313e-78	9.62685490823365e-74	0.448	0.357	Supplementary Table 2. Marker genes for B cell clusters, related to Figure S2 and Figures 4.	F:/pan-gi-ici-ccc-20260709/GSE205506/supplement/mmc3.xlsx	28AA8BC71620AE3B667D0243891B631DA3B8EB1576108C88463B2F66979EAC80
B cell markers	Bn	50	EVL	"EVL"	0.704430802326205	8.49756406453747e-128	2.1274501391976e-123	0.501	0.34	Supplementary Table 2. Marker genes for B cell clusters, related to Figure S2 and Figures 4.	F:/pan-gi-ici-ccc-20260709/GSE205506/supplement/mmc3.xlsx	28AA8BC71620AE3B667D0243891B631DA3B8EB1576108C88463B2F66979EAC80
B cell markers	pB IgA	1	IGHA2	"IGHA2"	6.43397991548289	0	0	0.862	0.444	Supplementary Table 2. Marker genes for B cell clusters, related to Figure S2 and Figures 4.	F:/pan-gi-ici-ccc-20260709/GSE205506/supplement/mmc3.xlsx	28AA8BC71620AE3B667D0243891B631DA3B8EB1576108C88463B2F66979EAC80
B cell markers	pB IgA	2	IGHA1	"IGHA1"	5.50180049565722	0	0	0.932	0.438	Supplementary Table 2. Marker genes for B cell clusters, related to Figure S2 and Figures 4.	F:/pan-gi-ici-ccc-20260709/GSE205506/supplement/mmc3.xlsx	28AA8BC71620AE3B667D0243891B631DA3B8EB1576108C88463B2F66979EAC80
B cell markers	pB IgA	3	JCHAIN	"JCHAIN"	4.81953261095469	0	0	0.988	0.543	Supplementary Table 2. Marker genes for B cell clusters, related to Figure S2 and Figures 4.	F:/pan-gi-ici-ccc-20260709/GSE205506/supplement/mmc3.xlsx	28AA8BC71620AE3B667D0243891B631DA3B8EB1576108C88463B2F66979EAC80
B cell markers	pB IgA	4	IGLC3	"IGLC3"	2.69431657078992	1.36974365809582e-136	3.42929022240868e-132	0.54	0.313	Supplementary Table 2. Marker genes for B cell clusters, related to Figure S2 and Figures 4.	F:/pan-gi-ici-ccc-20260709/GSE205506/supplement/mmc3.xlsx	28AA8BC71620AE3B667D0243891B631DA3B8EB1576108C88463B2F66979EAC80
B cell markers	pB IgA	5	IGLC2	"IGLC2"	2.56204770055009	7.05131147037069e-46	1.76536633972201e-41	0.743	0.62	Supplementary Table 2. Marker genes for B cell clusters, related to Figure S2 and Figures 4.	F:/pan-gi-ici-ccc-20260709/GSE205506/supplement/mmc3.xlsx	28AA8BC71620AE3B667D0243891B631DA3B8EB1576108C88463B2F66979EAC80
B cell markers	pB IgA	6	IGKC	"IGKC"	2.31458005988992	2.4628700440731e-207	6.1660414423414e-203	0.933	0.872	Supplementary Table 2. Marker genes for B cell clusters, related to Figure S2 and Figures 4.	F:/pan-gi-ici-ccc-20260709/GSE205506/supplement/mmc3.xlsx	28AA8BC71620AE3B667D0243891B631DA3B8EB1576108C88463B2F66979EAC80
B cell markers	pB IgA	7	HSPA1A	"HSPA1A"	2.20831632117799	0	0	0.587	0.196	Supplementary Table 2. Marker genes for B cell clusters, related to Figure S2 and Figures 4.	F:/pan-gi-ici-ccc-20260709/GSE205506/supplement/mmc3.xlsx	28AA8BC71620AE3B667D0243891B631DA3B8EB1576108C88463B2F66979EAC80
B cell markers	pB IgA	8	JUN	"JUN"	1.94225072556351	0	0	0.87	0.525	Supplementary Table 2. Marker genes for B cell clusters, related to Figure S2 and Figures 4.	F:/pan-gi-ici-ccc-20260709/GSE205506/supplement/mmc3.xlsx	28AA8BC71620AE3B667D0243891B631DA3B8EB1576108C88463B2F66979EAC80
B cell markers	pB IgA	9	BTG2	"BTG2"	1.90284531169318	0	0	0.89	0.351	Supplementary Table 2. Marker genes for B cell clusters, related to Figure S2 and Figures 4.	F:/pan-gi-ici-ccc-20260709/GSE205506/supplement/mmc3.xlsx	28AA8BC71620AE3B667D0243891B631DA3B8EB1576108C88463B2F66979EAC80
B cell markers	pB IgA	10	SSR4	"SSR4"	1.86723307790527	0	0	0.966	0.528	Supplementary Table 2. Marker genes for B cell clusters, related to Figure S2 and Figures 4.	F:/pan-gi-ici-ccc-20260709/GSE205506/supplement/mmc3.xlsx	28AA8BC71620AE3B667D0243891B631DA3B8EB1576108C88463B2F66979EAC80
B cell markers	pB IgA	11	HSP90B1	"HSP90B1"	1.82691877650359	0	0	0.957	0.357	Supplementary Table 2. Marker genes for B cell clusters, related to Figure S2 and Figures 4.	F:/pan-gi-ici-ccc-20260709/GSE205506/supplement/mmc3.xlsx	28AA8BC71620AE3B667D0243891B631DA3B8EB1576108C88463B2F66979EAC80
B cell markers	pB IgA	12	HERPUD1	"HERPUD1"	1.74083008578487	0	0	0.963	0.484	Supplementary Table 2. Marker genes for B cell clusters, related to Figure S2 and Figures 4.	F:/pan-gi-ici-ccc-20260709/GSE205506/supplement/mmc3.xlsx	28AA8BC71620AE3B667D0243891B631DA3B8EB1576108C88463B2F66979EAC80
B cell markers	pB IgA	13	MZB1	"MZB1"	1.73568485158741	0	0	0.934	0.259	Supplementary Table 2. Marker genes for B cell clusters, related to Figure S2 and Figures 4.	F:/pan-gi-ici-ccc-20260709/GSE205506/supplement/mmc3.xlsx	28AA8BC71620AE3B667D0243891B631DA3B8EB1576108C88463B2F66979EAC80
B cell markers	pB IgA	14	NEAT1	"NEAT1"	1.71872440693143	0	0	0.956	0.603	Supplementary Table 2. Marker genes for B cell clusters, related to Figure S2 and Figures 4.	F:/pan-gi-ici-ccc-20260709/GSE205506/supplement/mmc3.xlsx	28AA8BC71620AE3B667D0243891B631DA3B8EB1576108C88463B2F66979EAC80
B cell markers	pB IgA	15	TNFRSF17	"TNFRSF17"	1.61478603830949	0	0	0.763	0.155	Supplementary Table 2. Marker genes for B cell clusters, related to Figure S2 and Figures 4.	F:/pan-gi-ici-ccc-20260709/GSE205506/supplement/mmc3.xlsx	28AA8BC71620AE3B667D0243891B631DA3B8EB1576108C88463B2F66979EAC80
B cell markers	pB IgA	16	XBP1	"XBP1"	1.54757061043489	0	0	0.891	0.204	Supplementary Table 2. Marker genes for B cell clusters, related to Figure S2 and Figures 4.	F:/pan-gi-ici-ccc-20260709/GSE205506/supplement/mmc3.xlsx	28AA8BC71620AE3B667D0243891B631DA3B8EB1576108C88463B2F66979EAC80
B cell markers	pB IgA	17	HIST1H2BG	"HIST1H2BG"	1.49536542992035	0	0	0.476	0.068	Supplementary Table 2. Marker genes for B cell clusters, related to Figure S2 and Figures 4.	F:/pan-gi-ici-ccc-20260709/GSE205506/supplement/mmc3.xlsx	28AA8BC71620AE3B667D0243891B631DA3B8EB1576108C88463B2F66979EAC80
B cell markers	pB IgA	18	IGHM	"IGHM"	1.41897804935375	8.91350650912114e-270	2.23158548962357e-265	0.205	0.532	Supplementary Table 2. Marker genes for B cell clusters, related to Figure S2 and Figures 4.	F:/pan-gi-ici-ccc-20260709/GSE205506/supplement/mmc3.xlsx	28AA8BC71620AE3B667D0243891B631DA3B8EB1576108C88463B2F66979EAC80
B cell markers	pB IgA	19	HSPA1B	"HSPA1B"	1.41185284722705	0	0	0.705	0.315	Supplementary Table 2. Marker genes for B cell clusters, related to Figure S2 and Figures 4.	F:/pan-gi-ici-ccc-20260709/GSE205506/supplement/mmc3.xlsx	28AA8BC71620AE3B667D0243891B631DA3B8EB1576108C88463B2F66979EAC80
B cell markers	pB IgA	20	DERL3	"DERL3"	1.39767746449203	0	0	0.795	0.205	Supplementary Table 2. Marker genes for B cell clusters, related to Figure S2 and Figures 4.	F:/pan-gi-ici-ccc-20260709/GSE205506/supplement/mmc3.xlsx	28AA8BC71620AE3B667D0243891B631DA3B8EB1576108C88463B2F66979EAC80
B cell markers	pB IgA	21	RRBP1	"RRBP1"	1.39661039434813	0	0	0.722	0.142	Supplementary Table 2. Marker genes for B cell clusters, related to Figure S2 and Figures 4.	F:/pan-gi-ici-ccc-20260709/GSE205506/supplement/mmc3.xlsx	28AA8BC71620AE3B667D0243891B631DA3B8EB1576108C88463B2F66979EAC80
B cell markers	pB IgA	22	FKBP11	"FKBP11"	1.30203930074702	0	0	0.728	0.15	Supplementary Table 2. Marker genes for B cell clusters, related to Figure S2 and Figures 4.	F:/pan-gi-ici-ccc-20260709/GSE205506/supplement/mmc3.xlsx	28AA8BC71620AE3B667D0243891B631DA3B8EB1576108C88463B2F66979EAC80
B cell markers	pB IgA	23	AL031777.3	"AL031777.3"	1.28722297531482	0	0	0.399	0.049	Supplementary Table 2. Marker genes for B cell clusters, related to Figure S2 and Figures 4.	F:/pan-gi-ici-ccc-20260709/GSE205506/supplement/mmc3.xlsx	28AA8BC71620AE3B667D0243891B631DA3B8EB1576108C88463B2F66979EAC80
B cell markers	pB IgA	24	TENT5C	"TENT5C"	1.26312409686259	0	0	0.718	0.147	Supplementary Table 2. Marker genes for B cell clusters, related to Figure S2 and Figures 4.	F:/pan-gi-ici-ccc-20260709/GSE205506/supplement/mmc3.xlsx	28AA8BC71620AE3B667D0243891B631DA3B8EB1576108C88463B2F66979EAC80
B cell markers	pB IgA	25	HSPA5	"HSPA5"	1.24315856694273	0	0	0.72	0.243	Supplementary Table 2. Marker genes for B cell clusters, related to Figure S2 and Figures 4.	F:/pan-gi-ici-ccc-20260709/GSE205506/supplement/mmc3.xlsx	28AA8BC71620AE3B667D0243891B631DA3B8EB1576108C88463B2F66979EAC80
B cell markers	pB IgA	26	SEC11C	"SEC11C"	1.23768379260038	0	0	0.783	0.258	Supplementary Table 2. Marker genes for B cell clusters, related to Figure S2 and Figures 4.	F:/pan-gi-ici-ccc-20260709/GSE205506/supplement/mmc3.xlsx	28AA8BC71620AE3B667D0243891B631DA3B8EB1576108C88463B2F66979EAC80
B cell markers	pB IgA	27	IER2	"IER2"	1.20790487370132	1.14086616971141e-189	2.85627254248948e-185	0.672	0.391	Supplementary Table 2. Marker genes for B cell clusters, related to Figure S2 and Figures 4.	F:/pan-gi-ici-ccc-20260709/GSE205506/supplement/mmc3.xlsx	28AA8BC71620AE3B667D0243891B631DA3B8EB1576108C88463B2F66979EAC80
B cell markers	pB IgA	28	SELENOS	"SELENOS"	1.20288524301998	0	0	0.752	0.175	Supplementary Table 2. Marker genes for B cell clusters, related to Figure S2 and Figures 4.	F:/pan-gi-ici-ccc-20260709/GSE205506/supplement/mmc3.xlsx	28AA8BC71620AE3B667D0243891B631DA3B8EB1576108C88463B2F66979EAC80
B cell markers	pB IgA	29	CITED2	"CITED2"	1.19402392148021	0	0	0.447	0.113	Supplementary Table 2. Marker genes for B cell clusters, related to Figure S2 and Figures 4.	F:/pan-gi-ici-ccc-20260709/GSE205506/supplement/mmc3.xlsx	28AA8BC71620AE3B667D0243891B631DA3B8EB1576108C88463B2F66979EAC80
B cell markers	pB IgA	30	HSPB1	"HSPB1"	1.18938081997855	1.25909294247635e-137	3.15226509078379e-133	0.279	0.109	Supplementary Table 2. Marker genes for B cell clusters, related to Figure S2 and Figures 4.	F:/pan-gi-ici-ccc-20260709/GSE205506/supplement/mmc3.xlsx	28AA8BC71620AE3B667D0243891B631DA3B8EB1576108C88463B2F66979EAC80
B cell markers	pB IgA	31	HSP90AA1	"HSP90AA1"	1.1884398745026	7.25105342462372e-53	1.81537373538879e-48	0.826	0.751	Supplementary Table 2. Marker genes for B cell clusters, related to Figure S2 and Figures 4.	F:/pan-gi-ici-ccc-20260709/GSE205506/supplement/mmc3.xlsx	28AA8BC71620AE3B667D0243891B631DA3B8EB1576108C88463B2F66979EAC80
B cell markers	pB IgA	32	PDIA4	"PDIA4"	1.18649665612655	0	0	0.721	0.18	Supplementary Table 2. Marker genes for B cell clusters, related to Figure S2 and Figures 4.	F:/pan-gi-ici-ccc-20260709/GSE205506/supplement/mmc3.xlsx	28AA8BC71620AE3B667D0243891B631DA3B8EB1576108C88463B2F66979EAC80
B cell markers	pB IgA	33	H1FX	"H1FX"	1.17034012263219	0	0	0.613	0.216	Supplementary Table 2. Marker genes for B cell clusters, related to Figure S2 and Figures 4.	F:/pan-gi-ici-ccc-20260709/GSE205506/supplement/mmc3.xlsx	28AA8BC71620AE3B667D0243891B631DA3B8EB1576108C88463B2F66979EAC80
B cell markers	pB IgA	34	SSR3	"SSR3"	1.13317306924014	0	0	0.792	0.253	Supplementary Table 2. Marker genes for B cell clusters, related to Figure S2 and Figures 4.	F:/pan-gi-ici-ccc-20260709/GSE205506/supplement/mmc3.xlsx	28AA8BC71620AE3B667D0243891B631DA3B8EB1576108C88463B2F66979EAC80
B cell markers	pB IgA	35	FKBP2	"FKBP2"	1.1213997372853	0	0	0.718	0.185	Supplementary Table 2. Marker genes for B cell clusters, related to Figure S2 and Figures 4.	F:/pan-gi-ici-ccc-20260709/GSE205506/supplement/mmc3.xlsx	28AA8BC71620AE3B667D0243891B631DA3B8EB1576108C88463B2F66979EAC80
B cell markers	pB IgA	36	FOSB	"FOSB"	1.07491455298702	2.17506771390413e-231	5.44549952853039e-227	0.666	0.346	Supplementary Table 2. Marker genes for B cell clusters, related to Figure S2 and Figures 4.	F:/pan-gi-ici-ccc-20260709/GSE205506/supplement/mmc3.xlsx	28AA8BC71620AE3B667D0243891B631DA3B8EB1576108C88463B2F66979EAC80
B cell markers	pB IgA	37	PRDM1	"PRDM1"	1.06869876380138	0	0	0.534	0.094	Supplementary Table 2. Marker genes for B cell clusters, related to Figure S2 and Figures 4.	F:/pan-gi-ici-ccc-20260709/GSE205506/supplement/mmc3.xlsx	28AA8BC71620AE3B667D0243891B631DA3B8EB1576108C88463B2F66979EAC80
B cell markers	pB IgA	38	ZFP36	"ZFP36"	1.0275936637879	3.14678723674871e-217	7.87829652592407e-213	0.643	0.33	Supplementary Table 2. Marker genes for B cell clusters, related to Figure S2 and Figures 4.	F:/pan-gi-ici-ccc-20260709/GSE205506/supplement/mmc3.xlsx	28AA8BC71620AE3B667D0243891B631DA3B8EB1576108C88463B2F66979EAC80
B cell markers	pB IgA	39	PDK1	"PDK1"	1.01392973901153	0	0	0.595	0.145	Supplementary Table 2. Marker genes for B cell clusters, related to Figure S2 and Figures 4.	F:/pan-gi-ici-ccc-20260709/GSE205506/supplement/mmc3.xlsx	28AA8BC71620AE3B667D0243891B631DA3B8EB1576108C88463B2F66979EAC80
B cell markers	pB IgA	40	FOS	"FOS"	1.00942170994443	1.38586519936191e-134	3.46965211312248e-130	0.608	0.374	Supplementary Table 2. Marker genes for B cell clusters, related to Figure S2 and Figures 4.	F:/pan-gi-ici-ccc-20260709/GSE205506/supplement/mmc3.xlsx	28AA8BC71620AE3B667D0243891B631DA3B8EB1576108C88463B2F66979EAC80
B cell markers	pB IgA	41	DUSP5	"DUSP5"	1.00620365511202	0	0	0.382	0.043	Supplementary Table 2. Marker genes for B cell clusters, related to Figure S2 and Figures 4.	F:/pan-gi-ici-ccc-20260709/GSE205506/supplement/mmc3.xlsx	28AA8BC71620AE3B667D0243891B631DA3B8EB1576108C88463B2F66979EAC80
B cell markers	pB IgA	42	SEC61B	"SEC61B"	0.985982156227129	0	0	0.884	0.415	Supplementary Table 2. Marker genes for B cell clusters, related to Figure S2 and Figures 4.	F:/pan-gi-ici-ccc-20260709/GSE205506/supplement/mmc3.xlsx	28AA8BC71620AE3B667D0243891B631DA3B8EB1576108C88463B2F66979EAC80
B cell markers	pB IgA	43	ANKRD28	"ANKRD28"	0.97669739193113	0	0	0.487	0.109	Supplementary Table 2. Marker genes for B cell clusters, related to Figure S2 and Figures 4.	F:/pan-gi-ici-ccc-20260709/GSE205506/supplement/mmc3.xlsx	28AA8BC71620AE3B667D0243891B631DA3B8EB1576108C88463B2F66979EAC80
B cell markers	pB IgA	44	SPCS1	"SPCS1"	0.950784466929017	0	0	0.891	0.505	Supplementary Table 2. Marker genes for B cell clusters, related to Figure S2 and Figures 4.	F:/pan-gi-ici-ccc-20260709/GSE205506/supplement/mmc3.xlsx	28AA8BC71620AE3B667D0243891B631DA3B8EB1576108C88463B2F66979EAC80
B cell markers	pB IgA	45	HIST2H2BE	"HIST2H2BE"	0.935214156478013	0	0	0.348	0.044	Supplementary Table 2. Marker genes for B cell clusters, related to Figure S2 and Figures 4.	F:/pan-gi-ici-ccc-20260709/GSE205506/supplement/mmc3.xlsx	28AA8BC71620AE3B667D0243891B631DA3B8EB1576108C88463B2F66979EAC80
B cell markers	pB IgA	46	MANF	"MANF"	0.92582812457046	0	0	0.584	0.167	Supplementary Table 2. Marker genes for B cell clusters, related to Figure S2 and Figures 4.	F:/pan-gi-ici-ccc-20260709/GSE205506/supplement/mmc3.xlsx	28AA8BC71620AE3B667D0243891B631DA3B8EB1576108C88463B2F66979EAC80
B cell markers	pB IgA	47	SELENOK	"SELENOK"	0.908224933796403	0	0	0.751	0.285	Supplementary Table 2. Marker genes for B cell clusters, related to Figure S2 and Figures 4.	F:/pan-gi-ici-ccc-20260709/GSE205506/supplement/mmc3.xlsx	28AA8BC71620AE3B667D0243891B631DA3B8EB1576108C88463B2F66979EAC80
B cell markers	pB IgA	48	IRF4	"IRF4"	0.900067318046206	0	0	0.391	0.077	Supplementary Table 2. Marker genes for B cell clusters, related to Figure S2 and Figures 4.	F:/pan-gi-ici-ccc-20260709/GSE205506/supplement/mmc3.xlsx	28AA8BC71620AE3B667D0243891B631DA3B8EB1576108C88463B2F66979EAC80
B cell markers	pB IgA	49	AC007952.4	"AC007952.4"	0.892886754005414	0	0	0.387	0.048	Supplementary Table 2. Marker genes for B cell clusters, related to Figure S2 and Figures 4.	F:/pan-gi-ici-ccc-20260709/GSE205506/supplement/mmc3.xlsx	28AA8BC71620AE3B667D0243891B631DA3B8EB1576108C88463B2F66979EAC80
B cell markers	pB IgA	50	DNAJB1	"DNAJB1"	0.890209706882964	3.0216770347384e-226	7.56507062417106e-222	0.513	0.217	Supplementary Table 2. Marker genes for B cell clusters, related to Figure S2 and Figures 4.	F:/pan-gi-ici-ccc-20260709/GSE205506/supplement/mmc3.xlsx	28AA8BC71620AE3B667D0243891B631DA3B8EB1576108C88463B2F66979EAC80
B cell markers	pB IgG	1	IGHG4	"IGHG4"	6.10714074066312	0	0	0.847	0.209	Supplementary Table 2. Marker genes for B cell clusters, related to Figure S2 and Figures 4.	F:/pan-gi-ici-ccc-20260709/GSE205506/supplement/mmc3.xlsx	28AA8BC71620AE3B667D0243891B631DA3B8EB1576108C88463B2F66979EAC80
B cell markers	pB IgG	2	IGHG1	"IGHG1"	5.84204488300171	0	0	0.919	0.273	Supplementary Table 2. Marker genes for B cell clusters, related to Figure S2 and Figures 4.	F:/pan-gi-ici-ccc-20260709/GSE205506/supplement/mmc3.xlsx	28AA8BC71620AE3B667D0243891B631DA3B8EB1576108C88463B2F66979EAC80
B cell markers	pB IgG	3	IGHG2	"IGHG2"	4.4930629632696	0	0	0.554	0.16	Supplementary Table 2. Marker genes for B cell clusters, related to Figure S2 and Figures 4.	F:/pan-gi-ici-ccc-20260709/GSE205506/supplement/mmc3.xlsx	28AA8BC71620AE3B667D0243891B631DA3B8EB1576108C88463B2F66979EAC80
B cell markers	pB IgG	4	IGHG3	"IGHG3"	4.45306004618213	0	0	0.655	0.139	Supplementary Table 2. Marker genes for B cell clusters, related to Figure S2 and Figures 4.	F:/pan-gi-ici-ccc-20260709/GSE205506/supplement/mmc3.xlsx	28AA8BC71620AE3B667D0243891B631DA3B8EB1576108C88463B2F66979EAC80
B cell markers	pB IgG	5	IGKC	"IGKC"	2.59500073175503	1.11620817656876e-208	2.79453879085755e-204	0.943	0.877	Supplementary Table 2. Marker genes for B cell clusters, related to Figure S2 and Figures 4.	F:/pan-gi-ici-ccc-20260709/GSE205506/supplement/mmc3.xlsx	28AA8BC71620AE3B667D0243891B631DA3B8EB1576108C88463B2F66979EAC80
B cell markers	pB IgG	6	XBP1	"XBP1"	2.39733887692201	0	0	0.98	0.263	Supplementary Table 2. Marker genes for B cell clusters, related to Figure S2 and Figures 4.	F:/pan-gi-ici-ccc-20260709/GSE205506/supplement/mmc3.xlsx	28AA8BC71620AE3B667D0243891B631DA3B8EB1576108C88463B2F66979EAC80
B cell markers	pB IgG	7	IGLC2	"IGLC2"	2.31900267871463	0.0041749523718356	1	0.689	0.638	Supplementary Table 2. Marker genes for B cell clusters, related to Figure S2 and Figures 4.	F:/pan-gi-ici-ccc-20260709/GSE205506/supplement/mmc3.xlsx	28AA8BC71620AE3B667D0243891B631DA3B8EB1576108C88463B2F66979EAC80
B cell markers	pB IgG	8	IGLC3	"IGLC3"	2.16992552092287	6.23537781470435e-38	1.56108918968938e-33	0.499	0.34	Supplementary Table 2. Marker genes for B cell clusters, related to Figure S2 and Figures 4.	F:/pan-gi-ici-ccc-20260709/GSE205506/supplement/mmc3.xlsx	28AA8BC71620AE3B667D0243891B631DA3B8EB1576108C88463B2F66979EAC80
B cell markers	pB IgG	9	SSR4	"SSR4"	2.04160667715758	0	0	0.99	0.569	Supplementary Table 2. Marker genes for B cell clusters, related to Figure S2 and Figures 4.	F:/pan-gi-ici-ccc-20260709/GSE205506/supplement/mmc3.xlsx	28AA8BC71620AE3B667D0243891B631DA3B8EB1576108C88463B2F66979EAC80
B cell markers	pB IgG	10	MZB1	"MZB1"	2.03614628040843	0	0	0.978	0.321	Supplementary Table 2. Marker genes for B cell clusters, related to Figure S2 and Figures 4.	F:/pan-gi-ici-ccc-20260709/GSE205506/supplement/mmc3.xlsx	28AA8BC71620AE3B667D0243891B631DA3B8EB1576108C88463B2F66979EAC80
B cell markers	pB IgG	11	PRDX4	"PRDX4"	1.5908859656338	0	0	0.809	0.176	Supplementary Table 2. Marker genes for B cell clusters, related to Figure S2 and Figures 4.	F:/pan-gi-ici-ccc-20260709/GSE205506/supplement/mmc3.xlsx	28AA8BC71620AE3B667D0243891B631DA3B8EB1576108C88463B2F66979EAC80
B cell markers	pB IgG	12	FKBP11	"FKBP11"	1.52945659061189	0	0	0.856	0.194	Supplementary Table 2. Marker genes for B cell clusters, related to Figure S2 and Figures 4.	F:/pan-gi-ici-ccc-20260709/GSE205506/supplement/mmc3.xlsx	28AA8BC71620AE3B667D0243891B631DA3B8EB1576108C88463B2F66979EAC80
B cell markers	pB IgG	13	DERL3	"DERL3"	1.47254102541472	0	0	0.864	0.256	Supplementary Table 2. Marker genes for B cell clusters, related to Figure S2 and Figures 4.	F:/pan-gi-ici-ccc-20260709/GSE205506/supplement/mmc3.xlsx	28AA8BC71620AE3B667D0243891B631DA3B8EB1576108C88463B2F66979EAC80
B cell markers	pB IgG	14	HSP90B1	"HSP90B1"	1.44019979986365	0	0	0.974	0.415	Supplementary Table 2. Marker genes for B cell clusters, related to Figure S2 and Figures 4.	F:/pan-gi-ici-ccc-20260709/GSE205506/supplement/mmc3.xlsx	28AA8BC71620AE3B667D0243891B631DA3B8EB1576108C88463B2F66979EAC80
B cell markers	pB IgG	15	SEC11C	"SEC11C"	1.21456894035478	0	0	0.881	0.299	Supplementary Table 2. Marker genes for B cell clusters, related to Figure S2 and Figures 4.	F:/pan-gi-ici-ccc-20260709/GSE205506/supplement/mmc3.xlsx	28AA8BC71620AE3B667D0243891B631DA3B8EB1576108C88463B2F66979EAC80
B cell markers	pB IgG	16	CPEB4	"CPEB4"	1.17887107089647	0	0	0.662	0.138	Supplementary Table 2. Marker genes for B cell clusters, related to Figure S2 and Figures 4.	F:/pan-gi-ici-ccc-20260709/GSE205506/supplement/mmc3.xlsx	28AA8BC71620AE3B667D0243891B631DA3B8EB1576108C88463B2F66979EAC80
B cell markers	pB IgG	17	HERPUD1	"HERPUD1"	1.17596650618629	0	0	0.968	0.531	Supplementary Table 2. Marker genes for B cell clusters, related to Figure S2 and Figures 4.	F:/pan-gi-ici-ccc-20260709/GSE205506/supplement/mmc3.xlsx	28AA8BC71620AE3B667D0243891B631DA3B8EB1576108C88463B2F66979EAC80
B cell markers	pB IgG	18	SSR3	"SSR3"	1.16041091544601	0	0	0.89	0.296	Supplementary Table 2. Marker genes for B cell clusters, related to Figure S2 and Figures 4.	F:/pan-gi-ici-ccc-20260709/GSE205506/supplement/mmc3.xlsx	28AA8BC71620AE3B667D0243891B631DA3B8EB1576108C88463B2F66979EAC80
B cell markers	pB IgG	19	ITM2C	"ITM2C"	1.13891705663449	0	0	0.717	0.195	Supplementary Table 2. Marker genes for B cell clusters, related to Figure S2 and Figures 4.	F:/pan-gi-ici-ccc-20260709/GSE205506/supplement/mmc3.xlsx	28AA8BC71620AE3B667D0243891B631DA3B8EB1576108C88463B2F66979EAC80
B cell markers	pB IgG	20	PIM2	"PIM2"	1.0810344653121	0	0	0.699	0.207	Supplementary Table 2. Marker genes for B cell clusters, related to Figure S2 and Figures 4.	F:/pan-gi-ici-ccc-20260709/GSE205506/supplement/mmc3.xlsx	28AA8BC71620AE3B667D0243891B631DA3B8EB1576108C88463B2F66979EAC80
B cell markers	pB IgG	21	SPCS3	"SPCS3"	1.07240646175781	0	0	0.82	0.267	Supplementary Table 2. Marker genes for B cell clusters, related to Figure S2 and Figures 4.	F:/pan-gi-ici-ccc-20260709/GSE205506/supplement/mmc3.xlsx	28AA8BC71620AE3B667D0243891B631DA3B8EB1576108C88463B2F66979EAC80
B cell markers	pB IgG	22	JSRP1	"JSRP1"	1.04101844211357	0	0	0.476	0.069	Supplementary Table 2. Marker genes for B cell clusters, related to Figure S2 and Figures 4.	F:/pan-gi-ici-ccc-20260709/GSE205506/supplement/mmc3.xlsx	28AA8BC71620AE3B667D0243891B631DA3B8EB1576108C88463B2F66979EAC80
B cell markers	pB IgG	23	RGS1	"RGS1"	1.01434306097179	3.03579512218562e-210	7.60041666790393e-206	0.453	0.144	Supplementary Table 2. Marker genes for B cell clusters, related to Figure S2 and Figures 4.	F:/pan-gi-ici-ccc-20260709/GSE205506/supplement/mmc3.xlsx	28AA8BC71620AE3B667D0243891B631DA3B8EB1576108C88463B2F66979EAC80
B cell markers	pB IgG	24	SELENOS	"SELENOS"	0.984950063572074	0	0	0.819	0.225	Supplementary Table 2. Marker genes for B cell clusters, related to Figure S2 and Figures 4.	F:/pan-gi-ici-ccc-20260709/GSE205506/supplement/mmc3.xlsx	28AA8BC71620AE3B667D0243891B631DA3B8EB1576108C88463B2F66979EAC80
B cell markers	pB IgG	25	FKBP2	"FKBP2"	0.976670186070946	0	0	0.782	0.232	Supplementary Table 2. Marker genes for B cell clusters, related to Figure S2 and Figures 4.	F:/pan-gi-ici-ccc-20260709/GSE205506/supplement/mmc3.xlsx	28AA8BC71620AE3B667D0243891B631DA3B8EB1576108C88463B2F66979EAC80
B cell markers	pB IgG	26	RRBP1	"RRBP1"	0.95929747582154	0	0	0.729	0.199	Supplementary Table 2. Marker genes for B cell clusters, related to Figure S2 and Figures 4.	F:/pan-gi-ici-ccc-20260709/GSE205506/supplement/mmc3.xlsx	28AA8BC71620AE3B667D0243891B631DA3B8EB1576108C88463B2F66979EAC80
B cell markers	pB IgG	27	LMAN1	"LMAN1"	0.954393963318495	0	0	0.777	0.248	Supplementary Table 2. Marker genes for B cell clusters, related to Figure S2 and Figures 4.	F:/pan-gi-ici-ccc-20260709/GSE205506/supplement/mmc3.xlsx	28AA8BC71620AE3B667D0243891B631DA3B8EB1576108C88463B2F66979EAC80
B cell markers	pB IgG	28	TP53INP1	"TP53INP1"	0.952273074909666	8.67884127419378e-276	2.17283470140715e-271	0.598	0.194	Supplementary Table 2. Marker genes for B cell clusters, related to Figure S2 and Figures 4.	F:/pan-gi-ici-ccc-20260709/GSE205506/supplement/mmc3.xlsx	28AA8BC71620AE3B667D0243891B631DA3B8EB1576108C88463B2F66979EAC80
B cell markers	pB IgG	29	NEAT1	"NEAT1"	0.952150658226954	6.5320409437594e-158	1.6353617706796e-153	0.931	0.641	Supplementary Table 2. Marker genes for B cell clusters, related to Figure S2 and Figures 4.	F:/pan-gi-ici-ccc-20260709/GSE205506/supplement/mmc3.xlsx	28AA8BC71620AE3B667D0243891B631DA3B8EB1576108C88463B2F66979EAC80
B cell markers	pB IgG	30	TENT5C	"TENT5C"	0.945694451631387	0	0	0.736	0.202	Supplementary Table 2. Marker genes for B cell clusters, related to Figure S2 and Figures 4.	F:/pan-gi-ici-ccc-20260709/GSE205506/supplement/mmc3.xlsx	28AA8BC71620AE3B667D0243891B631DA3B8EB1576108C88463B2F66979EAC80
B cell markers	pB IgG	31	PRDM1	"PRDM1"	0.93862404552019	0	0	0.592	0.132	Supplementary Table 2. Marker genes for B cell clusters, related to Figure S2 and Figures 4.	F:/pan-gi-ici-ccc-20260709/GSE205506/supplement/mmc3.xlsx	28AA8BC71620AE3B667D0243891B631DA3B8EB1576108C88463B2F66979EAC80
B cell markers	pB IgG	32	SEL1L	"SEL1L"	0.926963592784518	0	0	0.657	0.159	Supplementary Table 2. Marker genes for B cell clusters, related to Figure S2 and Figures 4.	F:/pan-gi-ici-ccc-20260709/GSE205506/supplement/mmc3.xlsx	28AA8BC71620AE3B667D0243891B631DA3B8EB1576108C88463B2F66979EAC80
B cell markers	pB IgG	33	ERLEC1	"ERLEC1"	0.910098211364343	0	0	0.631	0.144	Supplementary Table 2. Marker genes for B cell clusters, related to Figure S2 and Figures 4.	F:/pan-gi-ici-ccc-20260709/GSE205506/supplement/mmc3.xlsx	28AA8BC71620AE3B667D0243891B631DA3B8EB1576108C88463B2F66979EAC80
B cell markers	pB IgG	34	NUCB2	"NUCB2"	0.894337584821371	0	0	0.612	0.128	Supplementary Table 2. Marker genes for B cell clusters, related to Figure S2 and Figures 4.	F:/pan-gi-ici-ccc-20260709/GSE205506/supplement/mmc3.xlsx	28AA8BC71620AE3B667D0243891B631DA3B8EB1576108C88463B2F66979EAC80
B cell markers	pB IgG	35	BTG2	"BTG2"	0.892732109573962	1.07318222776946e-240	2.68681902544362e-236	0.86	0.408	Supplementary Table 2. Marker genes for B cell clusters, related to Figure S2 and Figures 4.	F:/pan-gi-ici-ccc-20260709/GSE205506/supplement/mmc3.xlsx	28AA8BC71620AE3B667D0243891B631DA3B8EB1576108C88463B2F66979EAC80
B cell markers	pB IgG	36	SELENOK	"SELENOK"	0.890537639441042	1.96137068018613e-305	4.91048763491399e-301	0.831	0.323	Supplementary Table 2. Marker genes for B cell clusters, related to Figure S2 and Figures 4.	F:/pan-gi-ici-ccc-20260709/GSE205506/supplement/mmc3.xlsx	28AA8BC71620AE3B667D0243891B631DA3B8EB1576108C88463B2F66979EAC80
B cell markers	pB IgG	37	PDK1	"PDK1"	0.847798798585704	0	0	0.65	0.184	Supplementary Table 2. Marker genes for B cell clusters, related to Figure S2 and Figures 4.	F:/pan-gi-ici-ccc-20260709/GSE205506/supplement/mmc3.xlsx	28AA8BC71620AE3B667D0243891B631DA3B8EB1576108C88463B2F66979EAC80
B cell markers	pB IgG	38	FNDC3B	"FNDC3B"	0.818536885145799	0	0	0.499	0.104	Supplementary Table 2. Marker genes for B cell clusters, related to Figure S2 and Figures 4.	F:/pan-gi-ici-ccc-20260709/GSE205506/supplement/mmc3.xlsx	28AA8BC71620AE3B667D0243891B631DA3B8EB1576108C88463B2F66979EAC80
B cell markers	pB IgG	39	SEC61B	"SEC61B"	0.818311498638847	1.71431396048057e-236	4.29195643145914e-232	0.918	0.458	Supplementary Table 2. Marker genes for B cell clusters, related to Figure S2 and Figures 4.	F:/pan-gi-ici-ccc-20260709/GSE205506/supplement/mmc3.xlsx	28AA8BC71620AE3B667D0243891B631DA3B8EB1576108C88463B2F66979EAC80
B cell markers	pB IgG	40	GAS6	"GAS6"	0.816915776746819	0	0	0.477	0.049	Supplementary Table 2. Marker genes for B cell clusters, related to Figure S2 and Figures 4.	F:/pan-gi-ici-ccc-20260709/GSE205506/supplement/mmc3.xlsx	28AA8BC71620AE3B667D0243891B631DA3B8EB1576108C88463B2F66979EAC80
B cell markers	pB IgG	41	HSPA5	"HSPA5"	0.811088728968532	8.65654979490624e-277	2.16725380665273e-272	0.773	0.285	Supplementary Table 2. Marker genes for B cell clusters, related to Figure S2 and Figures 4.	F:/pan-gi-ici-ccc-20260709/GSE205506/supplement/mmc3.xlsx	28AA8BC71620AE3B667D0243891B631DA3B8EB1576108C88463B2F66979EAC80
B cell markers	pB IgG	42	SDC1	"SDC1"	0.808979826032237	0	0	0.503	0.084	Supplementary Table 2. Marker genes for B cell clusters, related to Figure S2 and Figures 4.	F:/pan-gi-ici-ccc-20260709/GSE205506/supplement/mmc3.xlsx	28AA8BC71620AE3B667D0243891B631DA3B8EB1576108C88463B2F66979EAC80
B cell markers	pB IgG	43	IGHM	"IGHM"	0.789424419291403	1.87840489439339e-101	4.7027744936033e-97	0.26	0.493	Supplementary Table 2. Marker genes for B cell clusters, related to Figure S2 and Figures 4.	F:/pan-gi-ici-ccc-20260709/GSE205506/supplement/mmc3.xlsx	28AA8BC71620AE3B667D0243891B631DA3B8EB1576108C88463B2F66979EAC80
B cell markers	pB IgG	44	CCND2	"CCND2"	0.779455085326507	1.13275382162659e-231	2.83596246782434e-227	0.338	0.078	Supplementary Table 2. Marker genes for B cell clusters, related to Figure S2 and Figures 4.	F:/pan-gi-ici-ccc-20260709/GSE205506/supplement/mmc3.xlsx	28AA8BC71620AE3B667D0243891B631DA3B8EB1576108C88463B2F66979EAC80
B cell markers	pB IgG	45	SPCS2	"SPCS2"	0.771651522999605	1.67573594364061e-208	4.19537250849862e-204	0.919	0.512	Supplementary Table 2. Marker genes for B cell clusters, related to Figure S2 and Figures 4.	F:/pan-gi-ici-ccc-20260709/GSE205506/supplement/mmc3.xlsx	28AA8BC71620AE3B667D0243891B631DA3B8EB1576108C88463B2F66979EAC80
B cell markers	pB IgG	46	HM13	"HM13"	0.770628153684963	0	0	0.697	0.215	Supplementary Table 2. Marker genes for B cell clusters, related to Figure S2 and Figures 4.	F:/pan-gi-ici-ccc-20260709/GSE205506/supplement/mmc3.xlsx	28AA8BC71620AE3B667D0243891B631DA3B8EB1576108C88463B2F66979EAC80
B cell markers	pB IgG	47	CREB3L2	"CREB3L2"	0.75719213863704	0	0	0.535	0.128	Supplementary Table 2. Marker genes for B cell clusters, related to Figure S2 and Figures 4.	F:/pan-gi-ici-ccc-20260709/GSE205506/supplement/mmc3.xlsx	28AA8BC71620AE3B667D0243891B631DA3B8EB1576108C88463B2F66979EAC80
B cell markers	pB IgG	48	KDELR2	"KDELR2"	0.755336805648583	9.80167612016667e-299	2.45394763344493e-294	0.73	0.25	Supplementary Table 2. Marker genes for B cell clusters, related to Figure S2 and Figures 4.	F:/pan-gi-ici-ccc-20260709/GSE205506/supplement/mmc3.xlsx	28AA8BC71620AE3B667D0243891B631DA3B8EB1576108C88463B2F66979EAC80
B cell markers	pB IgG	49	ELL2	"ELL2"	0.723241040332654	0	0	0.476	0.09	Supplementary Table 2. Marker genes for B cell clusters, related to Figure S2 and Figures 4.	F:/pan-gi-ici-ccc-20260709/GSE205506/supplement/mmc3.xlsx	28AA8BC71620AE3B667D0243891B631DA3B8EB1576108C88463B2F66979EAC80
B cell markers	pB IgG	50	H1FX	"H1FX"	0.710872965322429	4.60951287354576e-174	1.15403764302092e-169	0.615	0.255	Supplementary Table 2. Marker genes for B cell clusters, related to Figure S2 and Figures 4.	F:/pan-gi-ici-ccc-20260709/GSE205506/supplement/mmc3.xlsx	28AA8BC71620AE3B667D0243891B631DA3B8EB1576108C88463B2F66979EAC80
B cell markers	pB prolif	1	HSP90B1	"HSP90B1"	2.5491870152929	5.93229479218368e-87	1.4852093241711e-82	1	0.465	Supplementary Table 2. Marker genes for B cell clusters, related to Figure S2 and Figures 4.	F:/pan-gi-ici-ccc-20260709/GSE205506/supplement/mmc3.xlsx	28AA8BC71620AE3B667D0243891B631DA3B8EB1576108C88463B2F66979EAC80
B cell markers	pB prolif	2	MZB1	"MZB1"	2.47733591952322	4.07589795296443e-95	1.02044181150417e-90	0.986	0.381	Supplementary Table 2. Marker genes for B cell clusters, related to Figure S2 and Figures 4.	F:/pan-gi-ici-ccc-20260709/GSE205506/supplement/mmc3.xlsx	28AA8BC71620AE3B667D0243891B631DA3B8EB1576108C88463B2F66979EAC80
B cell markers	pB prolif	3	PPIB	"PPIB"	2.18464496260548	1.69415652705769e-74	4.24149028114163e-70	0.959	0.496	Supplementary Table 2. Marker genes for B cell clusters, related to Figure S2 and Figures 4.	F:/pan-gi-ici-ccc-20260709/GSE205506/supplement/mmc3.xlsx	28AA8BC71620AE3B667D0243891B631DA3B8EB1576108C88463B2F66979EAC80
B cell markers	pB prolif	4	MYDGF	"MYDGF"	2.09924100489586	6.47597059878247e-89	1.62132399911118e-84	0.862	0.255	Supplementary Table 2. Marker genes for B cell clusters, related to Figure S2 and Figures 4.	F:/pan-gi-ici-ccc-20260709/GSE205506/supplement/mmc3.xlsx	28AA8BC71620AE3B667D0243891B631DA3B8EB1576108C88463B2F66979EAC80
B cell markers	pB prolif	5	XBP1	"XBP1"	2.04771729296002	4.59560256640614e-80	1.15055505852544e-75	0.972	0.328	Supplementary Table 2. Marker genes for B cell clusters, related to Figure S2 and Figures 4.	F:/pan-gi-ici-ccc-20260709/GSE205506/supplement/mmc3.xlsx	28AA8BC71620AE3B667D0243891B631DA3B8EB1576108C88463B2F66979EAC80
B cell markers	pB prolif	6	SUB1	"SUB1"	1.87155490821572	1.49079647945863e-65	3.73235806597263e-61	0.979	0.593	Supplementary Table 2. Marker genes for B cell clusters, related to Figure S2 and Figures 4.	F:/pan-gi-ici-ccc-20260709/GSE205506/supplement/mmc3.xlsx	28AA8BC71620AE3B667D0243891B631DA3B8EB1576108C88463B2F66979EAC80
B cell markers	pB prolif	7	FKBP11	"FKBP11"	1.85643567380054	2.5582877755092e-92	6.40492927476483e-88	0.924	0.253	Supplementary Table 2. Marker genes for B cell clusters, related to Figure S2 and Figures 4.	F:/pan-gi-ici-ccc-20260709/GSE205506/supplement/mmc3.xlsx	28AA8BC71620AE3B667D0243891B631DA3B8EB1576108C88463B2F66979EAC80
B cell markers	pB prolif	8	SSR3	"SSR3"	1.83935986590217	1.18689858833569e-81	2.97151930575722e-77	0.931	0.35	Supplementary Table 2. Marker genes for B cell clusters, related to Figure S2 and Figures 4.	F:/pan-gi-ici-ccc-20260709/GSE205506/supplement/mmc3.xlsx	28AA8BC71620AE3B667D0243891B631DA3B8EB1576108C88463B2F66979EAC80
B cell markers	pB prolif	9	SEC11C	"SEC11C"	1.80427645426883	1.76195376204322e-74	4.4112274386514e-70	0.924	0.352	Supplementary Table 2. Marker genes for B cell clusters, related to Figure S2 and Figures 4.	F:/pan-gi-ici-ccc-20260709/GSE205506/supplement/mmc3.xlsx	28AA8BC71620AE3B667D0243891B631DA3B8EB1576108C88463B2F66979EAC80
B cell markers	pB prolif	10	TUBA1B	"TUBA1B"	1.78675652365456	3.95944833151125e-59	9.91287484277157e-55	0.903	0.363	Supplementary Table 2. Marker genes for B cell clusters, related to Figure S2 and Figures 4.	F:/pan-gi-ici-ccc-20260709/GSE205506/supplement/mmc3.xlsx	28AA8BC71620AE3B667D0243891B631DA3B8EB1576108C88463B2F66979EAC80
B cell markers	pB prolif	11	H2AFZ	"H2AFZ"	1.75028028436112	1.09878315512716e-60	2.75091350717636e-56	0.924	0.413	Supplementary Table 2. Marker genes for B cell clusters, related to Figure S2 and Figures 4.	F:/pan-gi-ici-ccc-20260709/GSE205506/supplement/mmc3.xlsx	28AA8BC71620AE3B667D0243891B631DA3B8EB1576108C88463B2F66979EAC80
B cell markers	pB prolif	12	SEC61B	"SEC61B"	1.74844372976967	1.08615889772799e-72	2.7193074163518e-68	0.972	0.5	Supplementary Table 2. Marker genes for B cell clusters, related to Figure S2 and Figures 4.	F:/pan-gi-ici-ccc-20260709/GSE205506/supplement/mmc3.xlsx	28AA8BC71620AE3B667D0243891B631DA3B8EB1576108C88463B2F66979EAC80
B cell markers	pB prolif	13	SPCS3	"SPCS3"	1.7163666970093	1.9201915730252e-77	4.8073916222259e-73	0.917	0.316	Supplementary Table 2. Marker genes for B cell clusters, related to Figure S2 and Figures 4.	F:/pan-gi-ici-ccc-20260709/GSE205506/supplement/mmc3.xlsx	28AA8BC71620AE3B667D0243891B631DA3B8EB1576108C88463B2F66979EAC80
B cell markers	pB prolif	14	MKI67	"MKI67"	1.658876751724	0	0	0.676	0.011	Supplementary Table 2. Marker genes for B cell clusters, related to Figure S2 and Figures 4.	F:/pan-gi-ici-ccc-20260709/GSE205506/supplement/mmc3.xlsx	28AA8BC71620AE3B667D0243891B631DA3B8EB1576108C88463B2F66979EAC80
B cell markers	pB prolif	15	CCND2	"CCND2"	1.65446025161884	1.3181524070661e-111	3.30012636633068e-107	0.662	0.099	Supplementary Table 2. Marker genes for B cell clusters, related to Figure S2 and Figures 4.	F:/pan-gi-ici-ccc-20260709/GSE205506/supplement/mmc3.xlsx	28AA8BC71620AE3B667D0243891B631DA3B8EB1576108C88463B2F66979EAC80
B cell markers	pB prolif	16	MANF	"MANF"	1.6259512762958	1.610849445466e-77	4.03292267166869e-73	0.841	0.24	Supplementary Table 2. Marker genes for B cell clusters, related to Figure S2 and Figures 4.	F:/pan-gi-ici-ccc-20260709/GSE205506/supplement/mmc3.xlsx	28AA8BC71620AE3B667D0243891B631DA3B8EB1576108C88463B2F66979EAC80
B cell markers	pB prolif	17	IGHG3	"IGHG3"	1.62400919472341	4.05887524199321e-10	1.01618000558542e-05	0.4	0.188	Supplementary Table 2. Marker genes for B cell clusters, related to Figure S2 and Figures 4.	F:/pan-gi-ici-ccc-20260709/GSE205506/supplement/mmc3.xlsx	28AA8BC71620AE3B667D0243891B631DA3B8EB1576108C88463B2F66979EAC80
B cell markers	pB prolif	18	PDIA4	"PDIA4"	1.61980368995089	1.6238712314536e-81	4.06552401506723e-77	0.924	0.276	Supplementary Table 2. Marker genes for B cell clusters, related to Figure S2 and Figures 4.	F:/pan-gi-ici-ccc-20260709/GSE205506/supplement/mmc3.xlsx	28AA8BC71620AE3B667D0243891B631DA3B8EB1576108C88463B2F66979EAC80
B cell markers	pB prolif	19	HIST1H4C	"HIST1H4C"	1.61860178089181	5.12844459068814e-65	1.28395738772468e-60	0.745	0.198	Supplementary Table 2. Marker genes for B cell clusters, related to Figure S2 and Figures 4.	F:/pan-gi-ici-ccc-20260709/GSE205506/supplement/mmc3.xlsx	28AA8BC71620AE3B667D0243891B631DA3B8EB1576108C88463B2F66979EAC80
B cell markers	pB prolif	20	SEC61G	"SEC61G"	1.61325453104161	4.41684270594798e-51	1.10580073986114e-46	0.883	0.393	Supplementary Table 2. Marker genes for B cell clusters, related to Figure S2 and Figures 4.	F:/pan-gi-ici-ccc-20260709/GSE205506/supplement/mmc3.xlsx	28AA8BC71620AE3B667D0243891B631DA3B8EB1576108C88463B2F66979EAC80
B cell markers	pB prolif	21	ASPM	"ASPM"	1.60807601494602	0	0	0.662	0.01	Supplementary Table 2. Marker genes for B cell clusters, related to Figure S2 and Figures 4.	F:/pan-gi-ici-ccc-20260709/GSE205506/supplement/mmc3.xlsx	28AA8BC71620AE3B667D0243891B631DA3B8EB1576108C88463B2F66979EAC80
B cell markers	pB prolif	22	HSPA5	"HSPA5"	1.60776503421709	9.73959520879931e-58	2.438405056475e-53	0.903	0.328	Supplementary Table 2. Marker genes for B cell clusters, related to Figure S2 and Figures 4.	F:/pan-gi-ici-ccc-20260709/GSE205506/supplement/mmc3.xlsx	28AA8BC71620AE3B667D0243891B631DA3B8EB1576108C88463B2F66979EAC80
B cell markers	pB prolif	23	SDF2L1	"SDF2L1"	1.57190660080661	8.44154445955407e-95	2.11342507089396e-90	0.828	0.191	Supplementary Table 2. Marker genes for B cell clusters, related to Figure S2 and Figures 4.	F:/pan-gi-ici-ccc-20260709/GSE205506/supplement/mmc3.xlsx	28AA8BC71620AE3B667D0243891B631DA3B8EB1576108C88463B2F66979EAC80
B cell markers	pB prolif	24	KDELR2	"KDELR2"	1.57173440925056	7.85527521541633e-66	1.96664670293163e-61	0.841	0.292	Supplementary Table 2. Marker genes for B cell clusters, related to Figure S2 and Figures 4.	F:/pan-gi-ici-ccc-20260709/GSE205506/supplement/mmc3.xlsx	28AA8BC71620AE3B667D0243891B631DA3B8EB1576108C88463B2F66979EAC80
B cell markers	pB prolif	25	LGALS1	"LGALS1"	1.56206813147558	1.19312643824736e-47	2.9871113507961e-43	0.779	0.281	Supplementary Table 2. Marker genes for B cell clusters, related to Figure S2 and Figures 4.	F:/pan-gi-ici-ccc-20260709/GSE205506/supplement/mmc3.xlsx	28AA8BC71620AE3B667D0243891B631DA3B8EB1576108C88463B2F66979EAC80
B cell markers	pB prolif	26	STMN1	"STMN1"	1.55851972633605	1.82701093202559e-144	4.57410456941927e-140	0.814	0.114	Supplementary Table 2. Marker genes for B cell clusters, related to Figure S2 and Figures 4.	F:/pan-gi-ici-ccc-20260709/GSE205506/supplement/mmc3.xlsx	28AA8BC71620AE3B667D0243891B631DA3B8EB1576108C88463B2F66979EAC80
B cell markers	pB prolif	27	PDIA6	"PDIA6"	1.55039231561788	4.4747233738766e-57	1.12029174388375e-52	0.89	0.356	Supplementary Table 2. Marker genes for B cell clusters, related to Figure S2 and Figures 4.	F:/pan-gi-ici-ccc-20260709/GSE205506/supplement/mmc3.xlsx	28AA8BC71620AE3B667D0243891B631DA3B8EB1576108C88463B2F66979EAC80
B cell markers	pB prolif	28	P4HB	"P4HB"	1.51973791019898	2.56176340265264e-72	6.41363085488115e-68	0.897	0.29	Supplementary Table 2. Marker genes for B cell clusters, related to Figure S2 and Figures 4.	F:/pan-gi-ici-ccc-20260709/GSE205506/supplement/mmc3.xlsx	28AA8BC71620AE3B667D0243891B631DA3B8EB1576108C88463B2F66979EAC80
B cell markers	pB prolif	29	CALR	"CALR"	1.49975424894241	4.08507540899037e-44	1.02273947939483e-39	0.945	0.482	Supplementary Table 2. Marker genes for B cell clusters, related to Figure S2 and Figures 4.	F:/pan-gi-ici-ccc-20260709/GSE205506/supplement/mmc3.xlsx	28AA8BC71620AE3B667D0243891B631DA3B8EB1576108C88463B2F66979EAC80
B cell markers	pB prolif	30	HMGB2	"HMGB2"	1.49242653489292	7.19208438698664e-70	1.80061024712598e-65	0.834	0.235	Supplementary Table 2. Marker genes for B cell clusters, related to Figure S2 and Figures 4.	F:/pan-gi-ici-ccc-20260709/GSE205506/supplement/mmc3.xlsx	28AA8BC71620AE3B667D0243891B631DA3B8EB1576108C88463B2F66979EAC80
B cell markers	pB prolif	31	LMAN1	"LMAN1"	1.41634465151276	8.75476064118806e-71	2.19184187412784e-66	0.903	0.295	Supplementary Table 2. Marker genes for B cell clusters, related to Figure S2 and Figures 4.	F:/pan-gi-ici-ccc-20260709/GSE205506/supplement/mmc3.xlsx	28AA8BC71620AE3B667D0243891B631DA3B8EB1576108C88463B2F66979EAC80
B cell markers	pB prolif	32	RRM2	"RRM2"	1.38818478259271	0	0	0.531	0.007	Supplementary Table 2. Marker genes for B cell clusters, related to Figure S2 and Figures 4.	F:/pan-gi-ici-ccc-20260709/GSE205506/supplement/mmc3.xlsx	28AA8BC71620AE3B667D0243891B631DA3B8EB1576108C88463B2F66979EAC80
B cell markers	pB prolif	33	RRBP1	"RRBP1"	1.3864923173417	1.12416591773601e-71	2.81446179164386e-67	0.869	0.246	Supplementary Table 2. Marker genes for B cell clusters, related to Figure S2 and Figures 4.	F:/pan-gi-ici-ccc-20260709/GSE205506/supplement/mmc3.xlsx	28AA8BC71620AE3B667D0243891B631DA3B8EB1576108C88463B2F66979EAC80
B cell markers	pB prolif	34	HIST1H1C	"HIST1H1C"	1.34472959022681	4.41452214982296e-56	1.10521976542968e-51	0.731	0.2	Supplementary Table 2. Marker genes for B cell clusters, related to Figure S2 and Figures 4.	F:/pan-gi-ici-ccc-20260709/GSE205506/supplement/mmc3.xlsx	28AA8BC71620AE3B667D0243891B631DA3B8EB1576108C88463B2F66979EAC80
B cell markers	pB prolif	35	RPN2	"RPN2"	1.32889088746206	4.90260665556148e-62	1.22741660228637e-57	0.834	0.272	Supplementary Table 2. Marker genes for B cell clusters, related to Figure S2 and Figures 4.	F:/pan-gi-ici-ccc-20260709/GSE205506/supplement/mmc3.xlsx	28AA8BC71620AE3B667D0243891B631DA3B8EB1576108C88463B2F66979EAC80
B cell markers	pB prolif	36	PTTG1	"PTTG1"	1.31458618810523	1.38848515505367e-130	3.47621143419237e-126	0.662	0.083	Supplementary Table 2. Marker genes for B cell clusters, related to Figure S2 and Figures 4.	F:/pan-gi-ici-ccc-20260709/GSE205506/supplement/mmc3.xlsx	28AA8BC71620AE3B667D0243891B631DA3B8EB1576108C88463B2F66979EAC80
B cell markers	pB prolif	37	TXN	"TXN"	1.30643586715569	2.63611583471556e-52	6.59977960379388e-48	0.828	0.281	Supplementary Table 2. Marker genes for B cell clusters, related to Figure S2 and Figures 4.	F:/pan-gi-ici-ccc-20260709/GSE205506/supplement/mmc3.xlsx	28AA8BC71620AE3B667D0243891B631DA3B8EB1576108C88463B2F66979EAC80
B cell markers	pB prolif	38	DERL3	"DERL3"	1.28573927028906	2.50006224232679e-58	6.25915582988935e-54	0.931	0.311	Supplementary Table 2. Marker genes for B cell clusters, related to Figure S2 and Figures 4.	F:/pan-gi-ici-ccc-20260709/GSE205506/supplement/mmc3.xlsx	28AA8BC71620AE3B667D0243891B631DA3B8EB1576108C88463B2F66979EAC80
B cell markers	pB prolif	39	CRELD2	"CRELD2"	1.28085783410227	3.3349544180904e-74	8.34939188113113e-70	0.779	0.191	Supplementary Table 2. Marker genes for B cell clusters, related to Figure S2 and Figures 4.	F:/pan-gi-ici-ccc-20260709/GSE205506/supplement/mmc3.xlsx	28AA8BC71620AE3B667D0243891B631DA3B8EB1576108C88463B2F66979EAC80
B cell markers	pB prolif	40	SMC4	"SMC4"	1.26409450839272	1.24005195669363e-149	3.10459407877817e-145	0.759	0.097	Supplementary Table 2. Marker genes for B cell clusters, related to Figure S2 and Figures 4.	F:/pan-gi-ici-ccc-20260709/GSE205506/supplement/mmc3.xlsx	28AA8BC71620AE3B667D0243891B631DA3B8EB1576108C88463B2F66979EAC80
B cell markers	pB prolif	41	SPCS2	"SPCS2"	1.2438492946889	2.62174729754835e-46	6.56380653414206e-42	0.931	0.549	Supplementary Table 2. Marker genes for B cell clusters, related to Figure S2 and Figures 4.	F:/pan-gi-ici-ccc-20260709/GSE205506/supplement/mmc3.xlsx	28AA8BC71620AE3B667D0243891B631DA3B8EB1576108C88463B2F66979EAC80
B cell markers	pB prolif	42	SELENOS	"SELENOS"	1.23585199235687	1.0537044529849e-58	2.63805446849299e-54	0.869	0.278	Supplementary Table 2. Marker genes for B cell clusters, related to Figure S2 and Figures 4.	F:/pan-gi-ici-ccc-20260709/GSE205506/supplement/mmc3.xlsx	28AA8BC71620AE3B667D0243891B631DA3B8EB1576108C88463B2F66979EAC80
B cell markers	pB prolif	43	TMEM258	"TMEM258"	1.23357974015059	2.43129894093194e-42	6.0870000285172e-38	0.876	0.407	Supplementary Table 2. Marker genes for B cell clusters, related to Figure S2 and Figures 4.	F:/pan-gi-ici-ccc-20260709/GSE205506/supplement/mmc3.xlsx	28AA8BC71620AE3B667D0243891B631DA3B8EB1576108C88463B2F66979EAC80
B cell markers	pB prolif	44	TUBB	"TUBB"	1.2018028510388	1.91949433322245e-36	4.80564601265571e-32	0.772	0.303	Supplementary Table 2. Marker genes for B cell clusters, related to Figure S2 and Figures 4.	F:/pan-gi-ici-ccc-20260709/GSE205506/supplement/mmc3.xlsx	28AA8BC71620AE3B667D0243891B631DA3B8EB1576108C88463B2F66979EAC80
B cell markers	pB prolif	45	PRDX4	"PRDX4"	1.19542331568607	4.52294113818646e-59	1.13236354335636e-54	0.807	0.234	Supplementary Table 2. Marker genes for B cell clusters, related to Figure S2 and Figures 4.	F:/pan-gi-ici-ccc-20260709/GSE205506/supplement/mmc3.xlsx	28AA8BC71620AE3B667D0243891B631DA3B8EB1576108C88463B2F66979EAC80
B cell markers	pB prolif	46	IGHG4	"IGHG4"	1.1899053967769	6.34128312717614e-13	1.58760364371982e-08	0.531	0.27	Supplementary Table 2. Marker genes for B cell clusters, related to Figure S2 and Figures 4.	F:/pan-gi-ici-ccc-20260709/GSE205506/supplement/mmc3.xlsx	28AA8BC71620AE3B667D0243891B631DA3B8EB1576108C88463B2F66979EAC80
B cell markers	pB prolif	47	IGKC	"IGKC"	1.18584414626972	6.78815546569146e-12	1.69948260239051e-07	0.938	0.883	Supplementary Table 2. Marker genes for B cell clusters, related to Figure S2 and Figures 4.	F:/pan-gi-ici-ccc-20260709/GSE205506/supplement/mmc3.xlsx	28AA8BC71620AE3B667D0243891B631DA3B8EB1576108C88463B2F66979EAC80
B cell markers	pB prolif	48	PSME2	"PSME2"	1.17459006996172	2.93812688821178e-43	7.35589447732702e-39	0.841	0.352	Supplementary Table 2. Marker genes for B cell clusters, related to Figure S2 and Figures 4.	F:/pan-gi-ici-ccc-20260709/GSE205506/supplement/mmc3.xlsx	28AA8BC71620AE3B667D0243891B631DA3B8EB1576108C88463B2F66979EAC80
B cell markers	pB prolif	49	HMGB1	"HMGB1"	1.16409977498215	7.61607400042763e-42	1.90676028674706e-37	0.993	0.783	Supplementary Table 2. Marker genes for B cell clusters, related to Figure S2 and Figures 4.	F:/pan-gi-ici-ccc-20260709/GSE205506/supplement/mmc3.xlsx	28AA8BC71620AE3B667D0243891B631DA3B8EB1576108C88463B2F66979EAC80
B cell markers	pB prolif	50	RABAC1	"RABAC1"	1.16280956821497	3.38389522040917e-41	8.47192007381641e-37	0.89	0.426	Supplementary Table 2. Marker genes for B cell clusters, related to Figure S2 and Figures 4.	F:/pan-gi-ici-ccc-20260709/GSE205506/supplement/mmc3.xlsx	28AA8BC71620AE3B667D0243891B631DA3B8EB1576108C88463B2F66979EAC80
Endothelial cell markers	CXCL12+EC	1	SULF1	"SULF1"	2.41335651658567	0	0	0.561	0.075	Supplementary Table 2. Marker genes for endothelial cell clusters, related to Figure S2 and Figures 6.	F:/pan-gi-ici-ccc-20260709/GSE205506/supplement/mmc3.xlsx	28AA8BC71620AE3B667D0243891B631DA3B8EB1576108C88463B2F66979EAC80
Endothelial cell markers	CXCL12+EC	2	SEMA3G	"SEMA3G"	2.27233961424026	0	0	0.701	0.019	Supplementary Table 2. Marker genes for endothelial cell clusters, related to Figure S2 and Figures 6.	F:/pan-gi-ici-ccc-20260709/GSE205506/supplement/mmc3.xlsx	28AA8BC71620AE3B667D0243891B631DA3B8EB1576108C88463B2F66979EAC80
Endothelial cell markers	CXCL12+EC	3	IGFBP3	"IGFBP3"	2.25999339536055	0	0	0.735	0.196	Supplementary Table 2. Marker genes for endothelial cell clusters, related to Figure S2 and Figures 6.	F:/pan-gi-ici-ccc-20260709/GSE205506/supplement/mmc3.xlsx	28AA8BC71620AE3B667D0243891B631DA3B8EB1576108C88463B2F66979EAC80
Endothelial cell markers	CXCL12+EC	4	DEPP1	"DEPP1"	2.0919837212565	1.42989404653565e-226	3.57988273490665e-222	0.589	0.188	Supplementary Table 2. Marker genes for endothelial cell clusters, related to Figure S2 and Figures 6.	F:/pan-gi-ici-ccc-20260709/GSE205506/supplement/mmc3.xlsx	28AA8BC71620AE3B667D0243891B631DA3B8EB1576108C88463B2F66979EAC80
Endothelial cell markers	CXCL12+EC	5	SLC9A3R2	"SLC9A3R2"	2.08271737085251	2.53068732354471e-294	6.33582878322653e-290	0.884	0.48	Supplementary Table 2. Marker genes for endothelial cell clusters, related to Figure S2 and Figures 6.	F:/pan-gi-ici-ccc-20260709/GSE205506/supplement/mmc3.xlsx	28AA8BC71620AE3B667D0243891B631DA3B8EB1576108C88463B2F66979EAC80
Endothelial cell markers	CXCL12+EC	6	SERPINE2	"SERPINE2"	2.07439574231682	0	0	0.447	0.012	Supplementary Table 2. Marker genes for endothelial cell clusters, related to Figure S2 and Figures 6.	F:/pan-gi-ici-ccc-20260709/GSE205506/supplement/mmc3.xlsx	28AA8BC71620AE3B667D0243891B631DA3B8EB1576108C88463B2F66979EAC80
Endothelial cell markers	CXCL12+EC	7	FN1	"FN1"	1.99165932038361	1.18032161692077e-153	2.95505320012284e-149	0.689	0.378	Supplementary Table 2. Marker genes for endothelial cell clusters, related to Figure S2 and Figures 6.	F:/pan-gi-ici-ccc-20260709/GSE205506/supplement/mmc3.xlsx	28AA8BC71620AE3B667D0243891B631DA3B8EB1576108C88463B2F66979EAC80
Endothelial cell markers	CXCL12+EC	8	CXCL12	"CXCL12"	1.98481815772771	0	0	0.699	0.139	Supplementary Table 2. Marker genes for endothelial cell clusters, related to Figure S2 and Figures 6.	F:/pan-gi-ici-ccc-20260709/GSE205506/supplement/mmc3.xlsx	28AA8BC71620AE3B667D0243891B631DA3B8EB1576108C88463B2F66979EAC80
Endothelial cell markers	CXCL12+EC	9	GJA5	"GJA5"	1.98310817331077	0	0	0.537	0.012	Supplementary Table 2. Marker genes for endothelial cell clusters, related to Figure S2 and Figures 6.	F:/pan-gi-ici-ccc-20260709/GSE205506/supplement/mmc3.xlsx	28AA8BC71620AE3B667D0243891B631DA3B8EB1576108C88463B2F66979EAC80
Endothelial cell markers	CXCL12+EC	10	MGP	"MGP"	1.91152046367149	8.32901176946813e-116	2.08525138660404e-111	0.86	0.684	Supplementary Table 2. Marker genes for endothelial cell clusters, related to Figure S2 and Figures 6.	F:/pan-gi-ici-ccc-20260709/GSE205506/supplement/mmc3.xlsx	28AA8BC71620AE3B667D0243891B631DA3B8EB1576108C88463B2F66979EAC80
Endothelial cell markers	CXCL12+EC	11	SRGN	"SRGN"	1.87788983437917	0	0	0.943	0.685	Supplementary Table 2. Marker genes for endothelial cell clusters, related to Figure S2 and Figures 6.	F:/pan-gi-ici-ccc-20260709/GSE205506/supplement/mmc3.xlsx	28AA8BC71620AE3B667D0243891B631DA3B8EB1576108C88463B2F66979EAC80
Endothelial cell markers	CXCL12+EC	12	LTBP4	"LTBP4"	1.85169774705781	0	0	0.587	0.137	Supplementary Table 2. Marker genes for endothelial cell clusters, related to Figure S2 and Figures 6.	F:/pan-gi-ici-ccc-20260709/GSE205506/supplement/mmc3.xlsx	28AA8BC71620AE3B667D0243891B631DA3B8EB1576108C88463B2F66979EAC80
Endothelial cell markers	CXCL12+EC	13	PCSK5	"PCSK5"	1.80577359783512	0	0	0.531	0.052	Supplementary Table 2. Marker genes for endothelial cell clusters, related to Figure S2 and Figures 6.	F:/pan-gi-ici-ccc-20260709/GSE205506/supplement/mmc3.xlsx	28AA8BC71620AE3B667D0243891B631DA3B8EB1576108C88463B2F66979EAC80
Endothelial cell markers	CXCL12+EC	14	PLPP1	"PLPP1"	1.78929026845114	1.17302532463853e-239	2.93678620276504e-235	0.718	0.304	Supplementary Table 2. Marker genes for endothelial cell clusters, related to Figure S2 and Figures 6.	F:/pan-gi-ici-ccc-20260709/GSE205506/supplement/mmc3.xlsx	28AA8BC71620AE3B667D0243891B631DA3B8EB1576108C88463B2F66979EAC80
Endothelial cell markers	CXCL12+EC	15	FBLN5	"FBLN5"	1.75753431323486	0	0	0.515	0.005	Supplementary Table 2. Marker genes for endothelial cell clusters, related to Figure S2 and Figures 6.	F:/pan-gi-ici-ccc-20260709/GSE205506/supplement/mmc3.xlsx	28AA8BC71620AE3B667D0243891B631DA3B8EB1576108C88463B2F66979EAC80
Endothelial cell markers	CXCL12+EC	16	KCTD12	"KCTD12"	1.74839877532414	2.11881522841524e-157	5.3046658058604e-153	0.818	0.553	Supplementary Table 2. Marker genes for endothelial cell clusters, related to Figure S2 and Figures 6.	F:/pan-gi-ici-ccc-20260709/GSE205506/supplement/mmc3.xlsx	28AA8BC71620AE3B667D0243891B631DA3B8EB1576108C88463B2F66979EAC80
Endothelial cell markers	CXCL12+EC	17	SRP14	"SRP14"	1.73841517199403	3.34502748929661e-292	8.374610822203e-288	0.977	0.884	Supplementary Table 2. Marker genes for endothelial cell clusters, related to Figure S2 and Figures 6.	F:/pan-gi-ici-ccc-20260709/GSE205506/supplement/mmc3.xlsx	28AA8BC71620AE3B667D0243891B631DA3B8EB1576108C88463B2F66979EAC80
Endothelial cell markers	CXCL12+EC	18	GJA4	"GJA4"	1.72535608925882	0	0	0.461	0.035	Supplementary Table 2. Marker genes for endothelial cell clusters, related to Figure S2 and Figures 6.	F:/pan-gi-ici-ccc-20260709/GSE205506/supplement/mmc3.xlsx	28AA8BC71620AE3B667D0243891B631DA3B8EB1576108C88463B2F66979EAC80
Endothelial cell markers	CXCL12+EC	19	JAG1	"JAG1"	1.7230778790804	1.12901798902143e-209	2.82660943731405e-205	0.688	0.298	Supplementary Table 2. Marker genes for endothelial cell clusters, related to Figure S2 and Figures 6.	F:/pan-gi-ici-ccc-20260709/GSE205506/supplement/mmc3.xlsx	28AA8BC71620AE3B667D0243891B631DA3B8EB1576108C88463B2F66979EAC80
Endothelial cell markers	CXCL12+EC	20	ICAM2	"ICAM2"	1.71804571312057	9.95104524681644e-215	2.49134368799296e-210	0.782	0.447	Supplementary Table 2. Marker genes for endothelial cell clusters, related to Figure S2 and Figures 6.	F:/pan-gi-ici-ccc-20260709/GSE205506/supplement/mmc3.xlsx	28AA8BC71620AE3B667D0243891B631DA3B8EB1576108C88463B2F66979EAC80
Endothelial cell markers	CXCL12+EC	21	EFNB2	"EFNB2"	1.66352858082201	4.89387681769942e-293	1.22523100007923e-288	0.746	0.279	Supplementary Table 2. Marker genes for endothelial cell clusters, related to Figure S2 and Figures 6.	F:/pan-gi-ici-ccc-20260709/GSE205506/supplement/mmc3.xlsx	28AA8BC71620AE3B667D0243891B631DA3B8EB1576108C88463B2F66979EAC80
Endothelial cell markers	CXCL12+EC	22	HEY1	"HEY1"	1.65331611767515	0	0	0.555	0.055	Supplementary Table 2. Marker genes for endothelial cell clusters, related to Figure S2 and Figures 6.	F:/pan-gi-ici-ccc-20260709/GSE205506/supplement/mmc3.xlsx	28AA8BC71620AE3B667D0243891B631DA3B8EB1576108C88463B2F66979EAC80
Endothelial cell markers	CXCL12+EC	23	TSPAN2	"TSPAN2"	1.5779716454449	0	0	0.532	0.036	Supplementary Table 2. Marker genes for endothelial cell clusters, related to Figure S2 and Figures 6.	F:/pan-gi-ici-ccc-20260709/GSE205506/supplement/mmc3.xlsx	28AA8BC71620AE3B667D0243891B631DA3B8EB1576108C88463B2F66979EAC80
Endothelial cell markers	CXCL12+EC	24	RHOB	"RHOB"	1.57361984494639	2.93806839687552e-195	7.35574803841756e-191	0.853	0.548	Supplementary Table 2. Marker genes for endothelial cell clusters, related to Figure S2 and Figures 6.	F:/pan-gi-ici-ccc-20260709/GSE205506/supplement/mmc3.xlsx	28AA8BC71620AE3B667D0243891B631DA3B8EB1576108C88463B2F66979EAC80
Endothelial cell markers	CXCL12+EC	25	SAT1	"SAT1"	1.57007103216516	1.32692060308721e-57	3.32207842188914e-53	0.769	0.666	Supplementary Table 2. Marker genes for endothelial cell clusters, related to Figure S2 and Figures 6.	F:/pan-gi-ici-ccc-20260709/GSE205506/supplement/mmc3.xlsx	28AA8BC71620AE3B667D0243891B631DA3B8EB1576108C88463B2F66979EAC80
Endothelial cell markers	CXCL12+EC	26	ELN	"ELN"	1.55688695266189	1.16932706500779e-235	2.92752723995349e-231	0.541	0.153	Supplementary Table 2. Marker genes for endothelial cell clusters, related to Figure S2 and Figures 6.	F:/pan-gi-ici-ccc-20260709/GSE205506/supplement/mmc3.xlsx	28AA8BC71620AE3B667D0243891B631DA3B8EB1576108C88463B2F66979EAC80
Endothelial cell markers	CXCL12+EC	27	LTC4S	"LTC4S"	1.55219235322511	1.81600151751037e-162	4.54654139923896e-158	0.562	0.227	Supplementary Table 2. Marker genes for endothelial cell clusters, related to Figure S2 and Figures 6.	F:/pan-gi-ici-ccc-20260709/GSE205506/supplement/mmc3.xlsx	28AA8BC71620AE3B667D0243891B631DA3B8EB1576108C88463B2F66979EAC80
Endothelial cell markers	CXCL12+EC	28	ABI3BP	"ABI3BP"	1.53221084418378	5.48170688827493e-286	1.37240013654851e-281	0.315	0.037	Supplementary Table 2. Marker genes for endothelial cell clusters, related to Figure S2 and Figures 6.	F:/pan-gi-ici-ccc-20260709/GSE205506/supplement/mmc3.xlsx	28AA8BC71620AE3B667D0243891B631DA3B8EB1576108C88463B2F66979EAC80
Endothelial cell markers	CXCL12+EC	29	PPA1	"PPA1"	1.4194759161966	6.14487775026838e-182	1.53843159355719e-177	0.76	0.43	Supplementary Table 2. Marker genes for endothelial cell clusters, related to Figure S2 and Figures 6.	F:/pan-gi-ici-ccc-20260709/GSE205506/supplement/mmc3.xlsx	28AA8BC71620AE3B667D0243891B631DA3B8EB1576108C88463B2F66979EAC80
Endothelial cell markers	CXCL12+EC	30	ARL15	"ARL15"	1.41881418176865	0	0	0.573	0.127	Supplementary Table 2. Marker genes for endothelial cell clusters, related to Figure S2 and Figures 6.	F:/pan-gi-ici-ccc-20260709/GSE205506/supplement/mmc3.xlsx	28AA8BC71620AE3B667D0243891B631DA3B8EB1576108C88463B2F66979EAC80
Endothelial cell markers	CXCL12+EC	31	STMN1	"STMN1"	1.40607625132239	4.84277006996443e-136	1.21243591471629e-131	0.672	0.375	Supplementary Table 2. Marker genes for endothelial cell clusters, related to Figure S2 and Figures 6.	F:/pan-gi-ici-ccc-20260709/GSE205506/supplement/mmc3.xlsx	28AA8BC71620AE3B667D0243891B631DA3B8EB1576108C88463B2F66979EAC80
Endothelial cell markers	CXCL12+EC	32	PODXL	"PODXL"	1.38648949309585	9.26722635744538e-208	2.32014279085003e-203	0.807	0.42	Supplementary Table 2. Marker genes for endothelial cell clusters, related to Figure S2 and Figures 6.	F:/pan-gi-ici-ccc-20260709/GSE205506/supplement/mmc3.xlsx	28AA8BC71620AE3B667D0243891B631DA3B8EB1576108C88463B2F66979EAC80
Endothelial cell markers	CXCL12+EC	33	IFI6	"IFI6"	1.3823954909685	6.17425272099198e-130	1.54578591122755e-125	0.739	0.46	Supplementary Table 2. Marker genes for endothelial cell clusters, related to Figure S2 and Figures 6.	F:/pan-gi-ici-ccc-20260709/GSE205506/supplement/mmc3.xlsx	28AA8BC71620AE3B667D0243891B631DA3B8EB1576108C88463B2F66979EAC80
Endothelial cell markers	CXCL12+EC	34	GAS6	"GAS6"	1.3151945862071	1.06149117148375e-126	2.65754929692672e-122	0.649	0.34	Supplementary Table 2. Marker genes for endothelial cell clusters, related to Figure S2 and Figures 6.	F:/pan-gi-ici-ccc-20260709/GSE205506/supplement/mmc3.xlsx	28AA8BC71620AE3B667D0243891B631DA3B8EB1576108C88463B2F66979EAC80
Endothelial cell markers	CXCL12+EC	35	CAV1	"CAV1"	1.29830420621826	1.87188716192305e-175	4.68645669859054e-171	0.948	0.832	Supplementary Table 2. Marker genes for endothelial cell clusters, related to Figure S2 and Figures 6.	F:/pan-gi-ici-ccc-20260709/GSE205506/supplement/mmc3.xlsx	28AA8BC71620AE3B667D0243891B631DA3B8EB1576108C88463B2F66979EAC80
Endothelial cell markers	CXCL12+EC	36	ATP13A3	"ATP13A3"	1.29631592011411	2.57753985144981e-150	6.45312877208975e-146	0.446	0.144	Supplementary Table 2. Marker genes for endothelial cell clusters, related to Figure S2 and Figures 6.	F:/pan-gi-ici-ccc-20260709/GSE205506/supplement/mmc3.xlsx	28AA8BC71620AE3B667D0243891B631DA3B8EB1576108C88463B2F66979EAC80
Endothelial cell markers	CXCL12+EC	37	MMP2	"MMP2"	1.29089006853039	1.9543640429881e-136	4.89294581802502e-132	0.563	0.241	Supplementary Table 2. Marker genes for endothelial cell clusters, related to Figure S2 and Figures 6.	F:/pan-gi-ici-ccc-20260709/GSE205506/supplement/mmc3.xlsx	28AA8BC71620AE3B667D0243891B631DA3B8EB1576108C88463B2F66979EAC80
Endothelial cell markers	CXCL12+EC	38	GUCY1A1	"GUCY1A1"	1.28880855272001	4.44697011634666e-224	1.11334343832855e-219	0.373	0.071	Supplementary Table 2. Marker genes for endothelial cell clusters, related to Figure S2 and Figures 6.	F:/pan-gi-ici-ccc-20260709/GSE205506/supplement/mmc3.xlsx	28AA8BC71620AE3B667D0243891B631DA3B8EB1576108C88463B2F66979EAC80
Endothelial cell markers	CXCL12+EC	39	S100A4	"S100A4"	1.27791309235275	2.86815941535583e-92	7.18072391228486e-88	0.333	0.113	Supplementary Table 2. Marker genes for endothelial cell clusters, related to Figure S2 and Figures 6.	F:/pan-gi-ici-ccc-20260709/GSE205506/supplement/mmc3.xlsx	28AA8BC71620AE3B667D0243891B631DA3B8EB1576108C88463B2F66979EAC80
Endothelial cell markers	CXCL12+EC	40	PLLP	"PLLP"	1.24353111614062	0	0	0.446	0.033	Supplementary Table 2. Marker genes for endothelial cell clusters, related to Figure S2 and Figures 6.	F:/pan-gi-ici-ccc-20260709/GSE205506/supplement/mmc3.xlsx	28AA8BC71620AE3B667D0243891B631DA3B8EB1576108C88463B2F66979EAC80
Endothelial cell markers	CXCL12+EC	41	EMP3	"EMP3"	1.24134891440228	1.66378193122307e-189	4.16544444301008e-185	0.547	0.18	Supplementary Table 2. Marker genes for endothelial cell clusters, related to Figure S2 and Figures 6.	F:/pan-gi-ici-ccc-20260709/GSE205506/supplement/mmc3.xlsx	28AA8BC71620AE3B667D0243891B631DA3B8EB1576108C88463B2F66979EAC80
Endothelial cell markers	CXCL12+EC	42	FBLIM1	"FBLIM1"	1.23182561003763	1.67094575061426e-163	4.18337978123786e-159	0.432	0.127	Supplementary Table 2. Marker genes for endothelial cell clusters, related to Figure S2 and Figures 6.	F:/pan-gi-ici-ccc-20260709/GSE205506/supplement/mmc3.xlsx	28AA8BC71620AE3B667D0243891B631DA3B8EB1576108C88463B2F66979EAC80
Endothelial cell markers	CXCL12+EC	43	SOX17	"SOX17"	1.22583978889924	1.48035797495108e-139	3.70622422608752e-135	0.592	0.261	Supplementary Table 2. Marker genes for endothelial cell clusters, related to Figure S2 and Figures 6.	F:/pan-gi-ici-ccc-20260709/GSE205506/supplement/mmc3.xlsx	28AA8BC71620AE3B667D0243891B631DA3B8EB1576108C88463B2F66979EAC80
Endothelial cell markers	CXCL12+EC	44	ISG15	"ISG15"	1.21908394011265	5.17428237555737e-91	1.29543333554454e-86	0.658	0.396	Supplementary Table 2. Marker genes for endothelial cell clusters, related to Figure S2 and Figures 6.	F:/pan-gi-ici-ccc-20260709/GSE205506/supplement/mmc3.xlsx	28AA8BC71620AE3B667D0243891B631DA3B8EB1576108C88463B2F66979EAC80
Endothelial cell markers	CXCL12+EC	45	NOTCH4	"NOTCH4"	1.18484139551507	1.88588863365307e-173	4.72151078321384e-169	0.711	0.323	Supplementary Table 2. Marker genes for endothelial cell clusters, related to Figure S2 and Figures 6.	F:/pan-gi-ici-ccc-20260709/GSE205506/supplement/mmc3.xlsx	28AA8BC71620AE3B667D0243891B631DA3B8EB1576108C88463B2F66979EAC80
Endothelial cell markers	CXCL12+EC	46	HES4	"HES4"	1.17835549983366	1.84964439039874e-250	4.63076969580227e-246	0.451	0.092	Supplementary Table 2. Marker genes for endothelial cell clusters, related to Figure S2 and Figures 6.	F:/pan-gi-ici-ccc-20260709/GSE205506/supplement/mmc3.xlsx	28AA8BC71620AE3B667D0243891B631DA3B8EB1576108C88463B2F66979EAC80
Endothelial cell markers	CXCL12+EC	47	JAG2	"JAG2"	1.17140061349634	1.19067290427996e-169	2.98096868315532e-165	0.563	0.209	Supplementary Table 2. Marker genes for endothelial cell clusters, related to Figure S2 and Figures 6.	F:/pan-gi-ici-ccc-20260709/GSE205506/supplement/mmc3.xlsx	28AA8BC71620AE3B667D0243891B631DA3B8EB1576108C88463B2F66979EAC80
Endothelial cell markers	CXCL12+EC	48	FAM107A	"FAM107A"	1.16359345866178	7.08593471646444e-118	1.77403461561404e-113	0.558	0.258	Supplementary Table 2. Marker genes for endothelial cell clusters, related to Figure S2 and Figures 6.	F:/pan-gi-ici-ccc-20260709/GSE205506/supplement/mmc3.xlsx	28AA8BC71620AE3B667D0243891B631DA3B8EB1576108C88463B2F66979EAC80
Endothelial cell markers	CXCL12+EC	49	GLUL	"GLUL"	1.16120277983234	4.85916964493846e-69	1.21654171230679e-64	0.581	0.366	Supplementary Table 2. Marker genes for endothelial cell clusters, related to Figure S2 and Figures 6.	F:/pan-gi-ici-ccc-20260709/GSE205506/supplement/mmc3.xlsx	28AA8BC71620AE3B667D0243891B631DA3B8EB1576108C88463B2F66979EAC80
Endothelial cell markers	CXCL12+EC	50	PPP1R14A	"PPP1R14A"	1.1387708366557	0	0	0.298	0.011	Supplementary Table 2. Marker genes for endothelial cell clusters, related to Figure S2 and Figures 6.	F:/pan-gi-ici-ccc-20260709/GSE205506/supplement/mmc3.xlsx	28AA8BC71620AE3B667D0243891B631DA3B8EB1576108C88463B2F66979EAC80
Endothelial cell markers	HLA-DRA+EC	1	SOCS3	"SOCS3"	1.36917772670046	0	0	0.852	0.551	Supplementary Table 2. Marker genes for endothelial cell clusters, related to Figure S2 and Figures 6.	F:/pan-gi-ici-ccc-20260709/GSE205506/supplement/mmc3.xlsx	28AA8BC71620AE3B667D0243891B631DA3B8EB1576108C88463B2F66979EAC80
Endothelial cell markers	HLA-DRA+EC	2	ACKR1	"ACKR1"	1.35137877215172	0	0	0.985	0.54	Supplementary Table 2. Marker genes for endothelial cell clusters, related to Figure S2 and Figures 6.	F:/pan-gi-ici-ccc-20260709/GSE205506/supplement/mmc3.xlsx	28AA8BC71620AE3B667D0243891B631DA3B8EB1576108C88463B2F66979EAC80
Endothelial cell markers	HLA-DRA+EC	3	GADD45B	"GADD45B"	1.30582406402321	0	0	0.623	0.297	Supplementary Table 2. Marker genes for endothelial cell clusters, related to Figure S2 and Figures 6.	F:/pan-gi-ici-ccc-20260709/GSE205506/supplement/mmc3.xlsx	28AA8BC71620AE3B667D0243891B631DA3B8EB1576108C88463B2F66979EAC80
Endothelial cell markers	HLA-DRA+EC	4	HLA-DRA	"HLA-DRA"	1.24238584725122	0	0	0.983	0.676	Supplementary Table 2. Marker genes for endothelial cell clusters, related to Figure S2 and Figures 6.	F:/pan-gi-ici-ccc-20260709/GSE205506/supplement/mmc3.xlsx	28AA8BC71620AE3B667D0243891B631DA3B8EB1576108C88463B2F66979EAC80
Endothelial cell markers	HLA-DRA+EC	5	C2CD4B	"C2CD4B"	1.21618838760015	1.03000445594497e-274	2.57871915590383e-270	0.504	0.218	Supplementary Table 2. Marker genes for endothelial cell clusters, related to Figure S2 and Figures 6.	F:/pan-gi-ici-ccc-20260709/GSE205506/supplement/mmc3.xlsx	28AA8BC71620AE3B667D0243891B631DA3B8EB1576108C88463B2F66979EAC80
Endothelial cell markers	HLA-DRA+EC	6	ZFP36	"ZFP36"	1.17960610244285	0	0	0.904	0.629	Supplementary Table 2. Marker genes for endothelial cell clusters, related to Figure S2 and Figures 6.	F:/pan-gi-ici-ccc-20260709/GSE205506/supplement/mmc3.xlsx	28AA8BC71620AE3B667D0243891B631DA3B8EB1576108C88463B2F66979EAC80
Endothelial cell markers	HLA-DRA+EC	7	AQP1	"AQP1"	1.1674910799397	0	0	0.863	0.4	Supplementary Table 2. Marker genes for endothelial cell clusters, related to Figure S2 and Figures 6.	F:/pan-gi-ici-ccc-20260709/GSE205506/supplement/mmc3.xlsx	28AA8BC71620AE3B667D0243891B631DA3B8EB1576108C88463B2F66979EAC80
Endothelial cell markers	HLA-DRA+EC	8	CDKN1A	"CDKN1A"	1.13657002418072	0	0	0.51	0.206	Supplementary Table 2. Marker genes for endothelial cell clusters, related to Figure S2 and Figures 6.	F:/pan-gi-ici-ccc-20260709/GSE205506/supplement/mmc3.xlsx	28AA8BC71620AE3B667D0243891B631DA3B8EB1576108C88463B2F66979EAC80
Endothelial cell markers	HLA-DRA+EC	9	HSPA1A	"HSPA1A"	1.11299080497585	0	0	0.83	0.565	Supplementary Table 2. Marker genes for endothelial cell clusters, related to Figure S2 and Figures 6.	F:/pan-gi-ici-ccc-20260709/GSE205506/supplement/mmc3.xlsx	28AA8BC71620AE3B667D0243891B631DA3B8EB1576108C88463B2F66979EAC80
Endothelial cell markers	HLA-DRA+EC	10	ATF3	"ATF3"	1.11235881814875	0	0	0.485	0.152	Supplementary Table 2. Marker genes for endothelial cell clusters, related to Figure S2 and Figures 6.	F:/pan-gi-ici-ccc-20260709/GSE205506/supplement/mmc3.xlsx	28AA8BC71620AE3B667D0243891B631DA3B8EB1576108C88463B2F66979EAC80
Endothelial cell markers	HLA-DRA+EC	11	HLA-DPB1	"HLA-DPB1"	1.10795404629669	0	0	0.911	0.505	Supplementary Table 2. Marker genes for endothelial cell clusters, related to Figure S2 and Figures 6.	F:/pan-gi-ici-ccc-20260709/GSE205506/supplement/mmc3.xlsx	28AA8BC71620AE3B667D0243891B631DA3B8EB1576108C88463B2F66979EAC80
Endothelial cell markers	HLA-DRA+EC	12	RPL10	"RPL10"	1.09123030630789	0	0	0.998	0.931	Supplementary Table 2. Marker genes for endothelial cell clusters, related to Figure S2 and Figures 6.	F:/pan-gi-ici-ccc-20260709/GSE205506/supplement/mmc3.xlsx	28AA8BC71620AE3B667D0243891B631DA3B8EB1576108C88463B2F66979EAC80
Endothelial cell markers	HLA-DRA+EC	13	RPS2	"RPS2"	1.06145512877975	0	0	0.993	0.896	Supplementary Table 2. Marker genes for endothelial cell clusters, related to Figure S2 and Figures 6.	F:/pan-gi-ici-ccc-20260709/GSE205506/supplement/mmc3.xlsx	28AA8BC71620AE3B667D0243891B631DA3B8EB1576108C88463B2F66979EAC80
Endothelial cell markers	HLA-DRA+EC	14	HSPA1B	"HSPA1B"	1.0525658688823	7.84250992208589e-304	1.96345078409342e-299	0.72	0.407	Supplementary Table 2. Marker genes for endothelial cell clusters, related to Figure S2 and Figures 6.	F:/pan-gi-ici-ccc-20260709/GSE205506/supplement/mmc3.xlsx	28AA8BC71620AE3B667D0243891B631DA3B8EB1576108C88463B2F66979EAC80
Endothelial cell markers	HLA-DRA+EC	15	JUNB	"JUNB"	1.03696475515129	0	0	0.935	0.737	Supplementary Table 2. Marker genes for endothelial cell clusters, related to Figure S2 and Figures 6.	F:/pan-gi-ici-ccc-20260709/GSE205506/supplement/mmc3.xlsx	28AA8BC71620AE3B667D0243891B631DA3B8EB1576108C88463B2F66979EAC80
Endothelial cell markers	HLA-DRA+EC	16	RPS5	"RPS5"	1.03018881047693	0	0	0.938	0.644	Supplementary Table 2. Marker genes for endothelial cell clusters, related to Figure S2 and Figures 6.	F:/pan-gi-ici-ccc-20260709/GSE205506/supplement/mmc3.xlsx	28AA8BC71620AE3B667D0243891B631DA3B8EB1576108C88463B2F66979EAC80
Endothelial cell markers	HLA-DRA+EC	17	RPS3	"RPS3"	1.01113508731584	0	0	0.988	0.863	Supplementary Table 2. Marker genes for endothelial cell clusters, related to Figure S2 and Figures 6.	F:/pan-gi-ici-ccc-20260709/GSE205506/supplement/mmc3.xlsx	28AA8BC71620AE3B667D0243891B631DA3B8EB1576108C88463B2F66979EAC80
Endothelial cell markers	HLA-DRA+EC	18	EEF1B2	"EEF1B2"	1.00499345241853	0	0	0.889	0.562	Supplementary Table 2. Marker genes for endothelial cell clusters, related to Figure S2 and Figures 6.	F:/pan-gi-ici-ccc-20260709/GSE205506/supplement/mmc3.xlsx	28AA8BC71620AE3B667D0243891B631DA3B8EB1576108C88463B2F66979EAC80
Endothelial cell markers	HLA-DRA+EC	19	HLA-DRB1	"HLA-DRB1"	0.996995807809967	0	0	0.961	0.643	Supplementary Table 2. Marker genes for endothelial cell clusters, related to Figure S2 and Figures 6.	F:/pan-gi-ici-ccc-20260709/GSE205506/supplement/mmc3.xlsx	28AA8BC71620AE3B667D0243891B631DA3B8EB1576108C88463B2F66979EAC80
Endothelial cell markers	HLA-DRA+EC	20	RPL10A	"RPL10A"	0.99536159384966	0	0	0.964	0.703	Supplementary Table 2. Marker genes for endothelial cell clusters, related to Figure S2 and Figures 6.	F:/pan-gi-ici-ccc-20260709/GSE205506/supplement/mmc3.xlsx	28AA8BC71620AE3B667D0243891B631DA3B8EB1576108C88463B2F66979EAC80
Endothelial cell markers	HLA-DRA+EC	21	IER3	"IER3"	0.987058076601412	7.14302922590637e-247	1.78832879699792e-242	0.508	0.229	Supplementary Table 2. Marker genes for endothelial cell clusters, related to Figure S2 and Figures 6.	F:/pan-gi-ici-ccc-20260709/GSE205506/supplement/mmc3.xlsx	28AA8BC71620AE3B667D0243891B631DA3B8EB1576108C88463B2F66979EAC80
Endothelial cell markers	HLA-DRA+EC	22	CCL14	"CCL14"	0.977000802170486	0	0	0.715	0.247	Supplementary Table 2. Marker genes for endothelial cell clusters, related to Figure S2 and Figures 6.	F:/pan-gi-ici-ccc-20260709/GSE205506/supplement/mmc3.xlsx	28AA8BC71620AE3B667D0243891B631DA3B8EB1576108C88463B2F66979EAC80
Endothelial cell markers	HLA-DRA+EC	23	RPL3	"RPL3"	0.96884128981859	0	0	0.994	0.891	Supplementary Table 2. Marker genes for endothelial cell clusters, related to Figure S2 and Figures 6.	F:/pan-gi-ici-ccc-20260709/GSE205506/supplement/mmc3.xlsx	28AA8BC71620AE3B667D0243891B631DA3B8EB1576108C88463B2F66979EAC80
Endothelial cell markers	HLA-DRA+EC	24	HLA-DPA1	"HLA-DPA1"	0.967719206858336	0	0	0.927	0.568	Supplementary Table 2. Marker genes for endothelial cell clusters, related to Figure S2 and Figures 6.	F:/pan-gi-ici-ccc-20260709/GSE205506/supplement/mmc3.xlsx	28AA8BC71620AE3B667D0243891B631DA3B8EB1576108C88463B2F66979EAC80
Endothelial cell markers	HLA-DRA+EC	25	HLA-DQA2	"HLA-DQA2"	0.959877368242535	0	0	0.41	0.119	Supplementary Table 2. Marker genes for endothelial cell clusters, related to Figure S2 and Figures 6.	F:/pan-gi-ici-ccc-20260709/GSE205506/supplement/mmc3.xlsx	28AA8BC71620AE3B667D0243891B631DA3B8EB1576108C88463B2F66979EAC80
Endothelial cell markers	HLA-DRA+EC	26	RPS3A	"RPS3A"	0.957767073492553	0	0	0.993	0.857	Supplementary Table 2. Marker genes for endothelial cell clusters, related to Figure S2 and Figures 6.	F:/pan-gi-ici-ccc-20260709/GSE205506/supplement/mmc3.xlsx	28AA8BC71620AE3B667D0243891B631DA3B8EB1576108C88463B2F66979EAC80
Endothelial cell markers	HLA-DRA+EC	27	RPL7A	"RPL7A"	0.940066550630244	0	0	0.991	0.863	Supplementary Table 2. Marker genes for endothelial cell clusters, related to Figure S2 and Figures 6.	F:/pan-gi-ici-ccc-20260709/GSE205506/supplement/mmc3.xlsx	28AA8BC71620AE3B667D0243891B631DA3B8EB1576108C88463B2F66979EAC80
Endothelial cell markers	HLA-DRA+EC	28	RPS9	"RPS9"	0.938718546592307	0	0	0.986	0.817	Supplementary Table 2. Marker genes for endothelial cell clusters, related to Figure S2 and Figures 6.	F:/pan-gi-ici-ccc-20260709/GSE205506/supplement/mmc3.xlsx	28AA8BC71620AE3B667D0243891B631DA3B8EB1576108C88463B2F66979EAC80
Endothelial cell markers	HLA-DRA+EC	29	RPS18	"RPS18"	0.93058503068396	0	0	0.998	0.925	Supplementary Table 2. Marker genes for endothelial cell clusters, related to Figure S2 and Figures 6.	F:/pan-gi-ici-ccc-20260709/GSE205506/supplement/mmc3.xlsx	28AA8BC71620AE3B667D0243891B631DA3B8EB1576108C88463B2F66979EAC80
Endothelial cell markers	HLA-DRA+EC	30	NRN1	"NRN1"	0.926198824271147	0	0	0.694	0.293	Supplementary Table 2. Marker genes for endothelial cell clusters, related to Figure S2 and Figures 6.	F:/pan-gi-ici-ccc-20260709/GSE205506/supplement/mmc3.xlsx	28AA8BC71620AE3B667D0243891B631DA3B8EB1576108C88463B2F66979EAC80
Endothelial cell markers	HLA-DRA+EC	31	RPS4X	"RPS4X"	0.916744949019025	0	0	0.992	0.871	Supplementary Table 2. Marker genes for endothelial cell clusters, related to Figure S2 and Figures 6.	F:/pan-gi-ici-ccc-20260709/GSE205506/supplement/mmc3.xlsx	28AA8BC71620AE3B667D0243891B631DA3B8EB1576108C88463B2F66979EAC80
Endothelial cell markers	HLA-DRA+EC	32	FOS	"FOS"	0.909931770357	0	0	0.891	0.621	Supplementary Table 2. Marker genes for endothelial cell clusters, related to Figure S2 and Figures 6.	F:/pan-gi-ici-ccc-20260709/GSE205506/supplement/mmc3.xlsx	28AA8BC71620AE3B667D0243891B631DA3B8EB1576108C88463B2F66979EAC80
Endothelial cell markers	HLA-DRA+EC	33	MT2A	"MT2A"	0.904882375610663	7.28516928923819e-12	1.82391498325367e-07	0.492	0.408	Supplementary Table 2. Marker genes for endothelial cell clusters, related to Figure S2 and Figures 6.	F:/pan-gi-ici-ccc-20260709/GSE205506/supplement/mmc3.xlsx	28AA8BC71620AE3B667D0243891B631DA3B8EB1576108C88463B2F66979EAC80
Endothelial cell markers	HLA-DRA+EC	34	RPS14	"RPS14"	0.904378485260989	0	0	0.996	0.89	Supplementary Table 2. Marker genes for endothelial cell clusters, related to Figure S2 and Figures 6.	F:/pan-gi-ici-ccc-20260709/GSE205506/supplement/mmc3.xlsx	28AA8BC71620AE3B667D0243891B631DA3B8EB1576108C88463B2F66979EAC80
Endothelial cell markers	HLA-DRA+EC	35	RPL5	"RPL5"	0.887621740442314	0	0	0.981	0.824	Supplementary Table 2. Marker genes for endothelial cell clusters, related to Figure S2 and Figures 6.	F:/pan-gi-ici-ccc-20260709/GSE205506/supplement/mmc3.xlsx	28AA8BC71620AE3B667D0243891B631DA3B8EB1576108C88463B2F66979EAC80
Endothelial cell markers	HLA-DRA+EC	36	NFKBIA	"NFKBIA"	0.881517785610736	2.82257031581593e-195	7.06658704267675e-191	0.83	0.602	Supplementary Table 2. Marker genes for endothelial cell clusters, related to Figure S2 and Figures 6.	F:/pan-gi-ici-ccc-20260709/GSE205506/supplement/mmc3.xlsx	28AA8BC71620AE3B667D0243891B631DA3B8EB1576108C88463B2F66979EAC80
Endothelial cell markers	HLA-DRA+EC	37	RPL30	"RPL30"	0.873002662498554	0	0	0.991	0.849	Supplementary Table 2. Marker genes for endothelial cell clusters, related to Figure S2 and Figures 6.	F:/pan-gi-ici-ccc-20260709/GSE205506/supplement/mmc3.xlsx	28AA8BC71620AE3B667D0243891B631DA3B8EB1576108C88463B2F66979EAC80
Endothelial cell markers	HLA-DRA+EC	38	RPS6	"RPS6"	0.872057147008055	0	0	0.997	0.916	Supplementary Table 2. Marker genes for endothelial cell clusters, related to Figure S2 and Figures 6.	F:/pan-gi-ici-ccc-20260709/GSE205506/supplement/mmc3.xlsx	28AA8BC71620AE3B667D0243891B631DA3B8EB1576108C88463B2F66979EAC80
Endothelial cell markers	HLA-DRA+EC	39	RPL8	"RPL8"	0.869798750458362	0	0	0.992	0.859	Supplementary Table 2. Marker genes for endothelial cell clusters, related to Figure S2 and Figures 6.	F:/pan-gi-ici-ccc-20260709/GSE205506/supplement/mmc3.xlsx	28AA8BC71620AE3B667D0243891B631DA3B8EB1576108C88463B2F66979EAC80
Endothelial cell markers	HLA-DRA+EC	40	SLC2A3	"SLC2A3"	0.843242243810118	4.82385300479811e-308	1.20769983828125e-303	0.726	0.393	Supplementary Table 2. Marker genes for endothelial cell clusters, related to Figure S2 and Figures 6.	F:/pan-gi-ici-ccc-20260709/GSE205506/supplement/mmc3.xlsx	28AA8BC71620AE3B667D0243891B631DA3B8EB1576108C88463B2F66979EAC80
Endothelial cell markers	HLA-DRA+EC	41	RPL13	"RPL13"	0.829349996392962	0	0	0.999	0.951	Supplementary Table 2. Marker genes for endothelial cell clusters, related to Figure S2 and Figures 6.	F:/pan-gi-ici-ccc-20260709/GSE205506/supplement/mmc3.xlsx	28AA8BC71620AE3B667D0243891B631DA3B8EB1576108C88463B2F66979EAC80
Endothelial cell markers	HLA-DRA+EC	42	ADAMTS1	"ADAMTS1"	0.824478480789403	6.69014239519854e-139	1.67494405006191e-134	0.59	0.365	Supplementary Table 2. Marker genes for endothelial cell clusters, related to Figure S2 and Figures 6.	F:/pan-gi-ici-ccc-20260709/GSE205506/supplement/mmc3.xlsx	28AA8BC71620AE3B667D0243891B631DA3B8EB1576108C88463B2F66979EAC80
Endothelial cell markers	HLA-DRA+EC	43	RPS23	"RPS23"	0.817130530813622	0	0	0.997	0.888	Supplementary Table 2. Marker genes for endothelial cell clusters, related to Figure S2 and Figures 6.	F:/pan-gi-ici-ccc-20260709/GSE205506/supplement/mmc3.xlsx	28AA8BC71620AE3B667D0243891B631DA3B8EB1576108C88463B2F66979EAC80
Endothelial cell markers	HLA-DRA+EC	44	HLA-DQA1	"HLA-DQA1"	0.809589516658469	0	0	0.581	0.202	Supplementary Table 2. Marker genes for endothelial cell clusters, related to Figure S2 and Figures 6.	F:/pan-gi-ici-ccc-20260709/GSE205506/supplement/mmc3.xlsx	28AA8BC71620AE3B667D0243891B631DA3B8EB1576108C88463B2F66979EAC80
Endothelial cell markers	HLA-DRA+EC	45	ACTG1	"ACTG1"	0.809402902813408	0	0	0.995	0.923	Supplementary Table 2. Marker genes for endothelial cell clusters, related to Figure S2 and Figures 6.	F:/pan-gi-ici-ccc-20260709/GSE205506/supplement/mmc3.xlsx	28AA8BC71620AE3B667D0243891B631DA3B8EB1576108C88463B2F66979EAC80
Endothelial cell markers	HLA-DRA+EC	46	RPL11	"RPL11"	0.80935095902116	0	0	0.995	0.905	Supplementary Table 2. Marker genes for endothelial cell clusters, related to Figure S2 and Figures 6.	F:/pan-gi-ici-ccc-20260709/GSE205506/supplement/mmc3.xlsx	28AA8BC71620AE3B667D0243891B631DA3B8EB1576108C88463B2F66979EAC80
Endothelial cell markers	HLA-DRA+EC	47	SERTAD1	"SERTAD1"	0.804907488934517	3.05716215160489e-292	7.653911162758e-288	0.537	0.232	Supplementary Table 2. Marker genes for endothelial cell clusters, related to Figure S2 and Figures 6.	F:/pan-gi-ici-ccc-20260709/GSE205506/supplement/mmc3.xlsx	28AA8BC71620AE3B667D0243891B631DA3B8EB1576108C88463B2F66979EAC80
Endothelial cell markers	HLA-DRA+EC	48	EGR1	"EGR1"	0.803235849804442	8.3632260324711e-240	2.09381726948946e-235	0.678	0.368	Supplementary Table 2. Marker genes for endothelial cell clusters, related to Figure S2 and Figures 6.	F:/pan-gi-ici-ccc-20260709/GSE205506/supplement/mmc3.xlsx	28AA8BC71620AE3B667D0243891B631DA3B8EB1576108C88463B2F66979EAC80
Endothelial cell markers	HLA-DRA+EC	49	RPL9	"RPL9"	0.792216631691199	0	0	0.994	0.874	Supplementary Table 2. Marker genes for endothelial cell clusters, related to Figure S2 and Figures 6.	F:/pan-gi-ici-ccc-20260709/GSE205506/supplement/mmc3.xlsx	28AA8BC71620AE3B667D0243891B631DA3B8EB1576108C88463B2F66979EAC80
Endothelial cell markers	HLA-DRA+EC	50	HLA-DMA	"HLA-DMA"	0.791556075955755	0	0	0.746	0.345	Supplementary Table 2. Marker genes for endothelial cell clusters, related to Figure S2 and Figures 6.	F:/pan-gi-ici-ccc-20260709/GSE205506/supplement/mmc3.xlsx	28AA8BC71620AE3B667D0243891B631DA3B8EB1576108C88463B2F66979EAC80
Endothelial cell markers	LYVE1+LEC	1	CCL21	"CCL21"	7.20966127044009	0	0	0.912	0.01	Supplementary Table 2. Marker genes for endothelial cell clusters, related to Figure S2 and Figures 6.	F:/pan-gi-ici-ccc-20260709/GSE205506/supplement/mmc3.xlsx	28AA8BC71620AE3B667D0243891B631DA3B8EB1576108C88463B2F66979EAC80
Endothelial cell markers	LYVE1+LEC	2	TFF3	"TFF3"	4.80061297398385	0	0	0.89	0.083	Supplementary Table 2. Marker genes for endothelial cell clusters, related to Figure S2 and Figures 6.	F:/pan-gi-ici-ccc-20260709/GSE205506/supplement/mmc3.xlsx	28AA8BC71620AE3B667D0243891B631DA3B8EB1576108C88463B2F66979EAC80
Endothelial cell markers	LYVE1+LEC	3	LYVE1	"LYVE1"	3.48050280168749	0	0	0.749	0.072	Supplementary Table 2. Marker genes for endothelial cell clusters, related to Figure S2 and Figures 6.	F:/pan-gi-ici-ccc-20260709/GSE205506/supplement/mmc3.xlsx	28AA8BC71620AE3B667D0243891B631DA3B8EB1576108C88463B2F66979EAC80
Endothelial cell markers	LYVE1+LEC	4	TFPI	"TFPI"	3.03511315539663	0	0	0.967	0.48	Supplementary Table 2. Marker genes for endothelial cell clusters, related to Figure S2 and Figures 6.	F:/pan-gi-ici-ccc-20260709/GSE205506/supplement/mmc3.xlsx	28AA8BC71620AE3B667D0243891B631DA3B8EB1576108C88463B2F66979EAC80
Endothelial cell markers	LYVE1+LEC	5	AKAP12	"AKAP12"	2.94472186755394	0	0	0.839	0.177	Supplementary Table 2. Marker genes for endothelial cell clusters, related to Figure S2 and Figures 6.	F:/pan-gi-ici-ccc-20260709/GSE205506/supplement/mmc3.xlsx	28AA8BC71620AE3B667D0243891B631DA3B8EB1576108C88463B2F66979EAC80
Endothelial cell markers	LYVE1+LEC	6	PROX1	"PROX1"	2.7657453803657	0	0	0.611	0.017	Supplementary Table 2. Marker genes for endothelial cell clusters, related to Figure S2 and Figures 6.	F:/pan-gi-ici-ccc-20260709/GSE205506/supplement/mmc3.xlsx	28AA8BC71620AE3B667D0243891B631DA3B8EB1576108C88463B2F66979EAC80
Endothelial cell markers	LYVE1+LEC	7	NTS	"NTS"	2.75528410470457	0	0	0.37	0.007	Supplementary Table 2. Marker genes for endothelial cell clusters, related to Figure S2 and Figures 6.	F:/pan-gi-ici-ccc-20260709/GSE205506/supplement/mmc3.xlsx	28AA8BC71620AE3B667D0243891B631DA3B8EB1576108C88463B2F66979EAC80
Endothelial cell markers	LYVE1+LEC	8	EFEMP1	"EFEMP1"	2.45183976743572	0	0	0.644	0.068	Supplementary Table 2. Marker genes for endothelial cell clusters, related to Figure S2 and Figures 6.	F:/pan-gi-ici-ccc-20260709/GSE205506/supplement/mmc3.xlsx	28AA8BC71620AE3B667D0243891B631DA3B8EB1576108C88463B2F66979EAC80
Endothelial cell markers	LYVE1+LEC	9	MMRN1	"MMRN1"	2.41232870368025	0	0	0.898	0.403	Supplementary Table 2. Marker genes for endothelial cell clusters, related to Figure S2 and Figures 6.	F:/pan-gi-ici-ccc-20260709/GSE205506/supplement/mmc3.xlsx	28AA8BC71620AE3B667D0243891B631DA3B8EB1576108C88463B2F66979EAC80
Endothelial cell markers	LYVE1+LEC	10	PPFIBP1	"PPFIBP1"	2.24180791517705	4.2521635591843e-230	1.06457166867738e-225	0.805	0.433	Supplementary Table 2. Marker genes for endothelial cell clusters, related to Figure S2 and Figures 6.	F:/pan-gi-ici-ccc-20260709/GSE205506/supplement/mmc3.xlsx	28AA8BC71620AE3B667D0243891B631DA3B8EB1576108C88463B2F66979EAC80
Endothelial cell markers	LYVE1+LEC	11	NR2F1	"NR2F1"	2.17273953381809	0	0	0.55	0.02	Supplementary Table 2. Marker genes for endothelial cell clusters, related to Figure S2 and Figures 6.	F:/pan-gi-ici-ccc-20260709/GSE205506/supplement/mmc3.xlsx	28AA8BC71620AE3B667D0243891B631DA3B8EB1576108C88463B2F66979EAC80
Endothelial cell markers	LYVE1+LEC	12	TBX1	"TBX1"	2.09064813412604	0	0	0.546	0.004	Supplementary Table 2. Marker genes for endothelial cell clusters, related to Figure S2 and Figures 6.	F:/pan-gi-ici-ccc-20260709/GSE205506/supplement/mmc3.xlsx	28AA8BC71620AE3B667D0243891B631DA3B8EB1576108C88463B2F66979EAC80
Endothelial cell markers	LYVE1+LEC	13	MAF	"MAF"	1.89653845661738	0	0	0.437	0.023	Supplementary Table 2. Marker genes for endothelial cell clusters, related to Figure S2 and Figures 6.	F:/pan-gi-ici-ccc-20260709/GSE205506/supplement/mmc3.xlsx	28AA8BC71620AE3B667D0243891B631DA3B8EB1576108C88463B2F66979EAC80
Endothelial cell markers	LYVE1+LEC	14	GYPC	"GYPC"	1.83000791294775	5.21146205570814e-185	1.30474164026709e-180	0.568	0.189	Supplementary Table 2. Marker genes for endothelial cell clusters, related to Figure S2 and Figures 6.	F:/pan-gi-ici-ccc-20260709/GSE205506/supplement/mmc3.xlsx	28AA8BC71620AE3B667D0243891B631DA3B8EB1576108C88463B2F66979EAC80
Endothelial cell markers	LYVE1+LEC	15	PRELP	"PRELP"	1.72192471246335	0	0	0.31	0.001	Supplementary Table 2. Marker genes for endothelial cell clusters, related to Figure S2 and Figures 6.	F:/pan-gi-ici-ccc-20260709/GSE205506/supplement/mmc3.xlsx	28AA8BC71620AE3B667D0243891B631DA3B8EB1576108C88463B2F66979EAC80
Endothelial cell markers	LYVE1+LEC	16	COLEC12	"COLEC12"	1.7001313049704	0	0	0.451	0.008	Supplementary Table 2. Marker genes for endothelial cell clusters, related to Figure S2 and Figures 6.	F:/pan-gi-ici-ccc-20260709/GSE205506/supplement/mmc3.xlsx	28AA8BC71620AE3B667D0243891B631DA3B8EB1576108C88463B2F66979EAC80
Endothelial cell markers	LYVE1+LEC	17	CD9	"CD9"	1.66253412894846	7.23898063702997e-155	1.81235119228682e-150	0.821	0.548	Supplementary Table 2. Marker genes for endothelial cell clusters, related to Figure S2 and Figures 6.	F:/pan-gi-ici-ccc-20260709/GSE205506/supplement/mmc3.xlsx	28AA8BC71620AE3B667D0243891B631DA3B8EB1576108C88463B2F66979EAC80
Endothelial cell markers	LYVE1+LEC	18	NUPR1	"NUPR1"	1.61917917497526	0	0	0.47	0.066	Supplementary Table 2. Marker genes for endothelial cell clusters, related to Figure S2 and Figures 6.	F:/pan-gi-ici-ccc-20260709/GSE205506/supplement/mmc3.xlsx	28AA8BC71620AE3B667D0243891B631DA3B8EB1576108C88463B2F66979EAC80
Endothelial cell markers	LYVE1+LEC	19	PLIN5	"PLIN5"	1.60239550244555	0	0	0.352	0.009	Supplementary Table 2. Marker genes for endothelial cell clusters, related to Figure S2 and Figures 6.	F:/pan-gi-ici-ccc-20260709/GSE205506/supplement/mmc3.xlsx	28AA8BC71620AE3B667D0243891B631DA3B8EB1576108C88463B2F66979EAC80
Endothelial cell markers	LYVE1+LEC	20	FXYD6	"FXYD6"	1.59609859802287	2.20283408488746e-207	5.51501541492425e-203	0.47	0.107	Supplementary Table 2. Marker genes for endothelial cell clusters, related to Figure S2 and Figures 6.	F:/pan-gi-ici-ccc-20260709/GSE205506/supplement/mmc3.xlsx	28AA8BC71620AE3B667D0243891B631DA3B8EB1576108C88463B2F66979EAC80
Endothelial cell markers	LYVE1+LEC	21	ADD3	"ADD3"	1.5938463066604	3.59244518850028e-156	8.9940457739293e-152	0.641	0.286	Supplementary Table 2. Marker genes for endothelial cell clusters, related to Figure S2 and Figures 6.	F:/pan-gi-ici-ccc-20260709/GSE205506/supplement/mmc3.xlsx	28AA8BC71620AE3B667D0243891B631DA3B8EB1576108C88463B2F66979EAC80
Endothelial cell markers	LYVE1+LEC	22	RELN	"RELN"	1.58536320921366	0	0	0.372	0.001	Supplementary Table 2. Marker genes for endothelial cell clusters, related to Figure S2 and Figures 6.	F:/pan-gi-ici-ccc-20260709/GSE205506/supplement/mmc3.xlsx	28AA8BC71620AE3B667D0243891B631DA3B8EB1576108C88463B2F66979EAC80
Endothelial cell markers	LYVE1+LEC	23	PARD6G	"PARD6G"	1.55976826713497	0	0	0.419	0.003	Supplementary Table 2. Marker genes for endothelial cell clusters, related to Figure S2 and Figures 6.	F:/pan-gi-ici-ccc-20260709/GSE205506/supplement/mmc3.xlsx	28AA8BC71620AE3B667D0243891B631DA3B8EB1576108C88463B2F66979EAC80
Endothelial cell markers	LYVE1+LEC	24	TC2N	"TC2N"	1.55259470344087	0	0	0.353	0.013	Supplementary Table 2. Marker genes for endothelial cell clusters, related to Figure S2 and Figures 6.	F:/pan-gi-ici-ccc-20260709/GSE205506/supplement/mmc3.xlsx	28AA8BC71620AE3B667D0243891B631DA3B8EB1576108C88463B2F66979EAC80
Endothelial cell markers	LYVE1+LEC	25	MRC1	"MRC1"	1.49304732352776	0	0	0.398	0.007	Supplementary Table 2. Marker genes for endothelial cell clusters, related to Figure S2 and Figures 6.	F:/pan-gi-ici-ccc-20260709/GSE205506/supplement/mmc3.xlsx	28AA8BC71620AE3B667D0243891B631DA3B8EB1576108C88463B2F66979EAC80
Endothelial cell markers	LYVE1+LEC	26	DKK3	"DKK3"	1.48132970011304	0	0	0.383	0.034	Supplementary Table 2. Marker genes for endothelial cell clusters, related to Figure S2 and Figures 6.	F:/pan-gi-ici-ccc-20260709/GSE205506/supplement/mmc3.xlsx	28AA8BC71620AE3B667D0243891B631DA3B8EB1576108C88463B2F66979EAC80
Endothelial cell markers	LYVE1+LEC	27	TIMP3	"TIMP3"	1.48045984119199	5.93004744514366e-151	1.48464667836617e-146	0.869	0.59	Supplementary Table 2. Marker genes for endothelial cell clusters, related to Figure S2 and Figures 6.	F:/pan-gi-ici-ccc-20260709/GSE205506/supplement/mmc3.xlsx	28AA8BC71620AE3B667D0243891B631DA3B8EB1576108C88463B2F66979EAC80
Endothelial cell markers	LYVE1+LEC	28	FABP4	"FABP4"	1.45196777506384	1.80434133096848e-132	4.51734895621268e-128	0.496	0.154	Supplementary Table 2. Marker genes for endothelial cell clusters, related to Figure S2 and Figures 6.	F:/pan-gi-ici-ccc-20260709/GSE205506/supplement/mmc3.xlsx	28AA8BC71620AE3B667D0243891B631DA3B8EB1576108C88463B2F66979EAC80
Endothelial cell markers	LYVE1+LEC	29	FGL2	"FGL2"	1.45030795088163	1.13424196295761e-215	2.83968817846068e-211	0.363	0.057	Supplementary Table 2. Marker genes for endothelial cell clusters, related to Figure S2 and Figures 6.	F:/pan-gi-ici-ccc-20260709/GSE205506/supplement/mmc3.xlsx	28AA8BC71620AE3B667D0243891B631DA3B8EB1576108C88463B2F66979EAC80
Endothelial cell markers	LYVE1+LEC	30	DSP	"DSP"	1.42071639034715	4.07714623110902e-133	1.02075433042045e-128	0.486	0.166	Supplementary Table 2. Marker genes for endothelial cell clusters, related to Figure S2 and Figures 6.	F:/pan-gi-ici-ccc-20260709/GSE205506/supplement/mmc3.xlsx	28AA8BC71620AE3B667D0243891B631DA3B8EB1576108C88463B2F66979EAC80
Endothelial cell markers	LYVE1+LEC	31	CAVIN2	"CAVIN2"	1.39273485849865	6.45993641895765e-146	1.61730968185024e-141	0.885	0.649	Supplementary Table 2. Marker genes for endothelial cell clusters, related to Figure S2 and Figures 6.	F:/pan-gi-ici-ccc-20260709/GSE205506/supplement/mmc3.xlsx	28AA8BC71620AE3B667D0243891B631DA3B8EB1576108C88463B2F66979EAC80
Endothelial cell markers	LYVE1+LEC	32	PKHD1L1	"PKHD1L1"	1.39149541506185	0	0	0.357	0.019	Supplementary Table 2. Marker genes for endothelial cell clusters, related to Figure S2 and Figures 6.	F:/pan-gi-ici-ccc-20260709/GSE205506/supplement/mmc3.xlsx	28AA8BC71620AE3B667D0243891B631DA3B8EB1576108C88463B2F66979EAC80
Endothelial cell markers	LYVE1+LEC	33	TNXB	"TNXB"	1.38066632129323	2.81196960098139e-91	7.040047093017e-87	0.501	0.229	Supplementary Table 2. Marker genes for endothelial cell clusters, related to Figure S2 and Figures 6.	F:/pan-gi-ici-ccc-20260709/GSE205506/supplement/mmc3.xlsx	28AA8BC71620AE3B667D0243891B631DA3B8EB1576108C88463B2F66979EAC80
Endothelial cell markers	LYVE1+LEC	34	PLSCR4	"PLSCR4"	1.35897313552362	7.67339021429467e-94	1.92110997405081e-89	0.477	0.211	Supplementary Table 2. Marker genes for endothelial cell clusters, related to Figure S2 and Figures 6.	F:/pan-gi-ici-ccc-20260709/GSE205506/supplement/mmc3.xlsx	28AA8BC71620AE3B667D0243891B631DA3B8EB1576108C88463B2F66979EAC80
Endothelial cell markers	LYVE1+LEC	35	KBTBD11	"KBTBD11"	1.35480486479777	0	0	0.329	0.008	Supplementary Table 2. Marker genes for endothelial cell clusters, related to Figure S2 and Figures 6.	F:/pan-gi-ici-ccc-20260709/GSE205506/supplement/mmc3.xlsx	28AA8BC71620AE3B667D0243891B631DA3B8EB1576108C88463B2F66979EAC80
Endothelial cell markers	LYVE1+LEC	36	MT1X	"MT1X"	1.35300929680559	4.606239401087e-18	1.15321809645614e-13	0.313	0.204	Supplementary Table 2. Marker genes for endothelial cell clusters, related to Figure S2 and Figures 6.	F:/pan-gi-ici-ccc-20260709/GSE205506/supplement/mmc3.xlsx	28AA8BC71620AE3B667D0243891B631DA3B8EB1576108C88463B2F66979EAC80
Endothelial cell markers	LYVE1+LEC	37	RBP1	"RBP1"	1.35151419059043	5.96067947575483e-156	1.49231571354998e-151	0.406	0.101	Supplementary Table 2. Marker genes for endothelial cell clusters, related to Figure S2 and Figures 6.	F:/pan-gi-ici-ccc-20260709/GSE205506/supplement/mmc3.xlsx	28AA8BC71620AE3B667D0243891B631DA3B8EB1576108C88463B2F66979EAC80
Endothelial cell markers	LYVE1+LEC	38	FLT4	"FLT4"	1.34121717042214	9.22426918544775e-145	2.3093880332687e-140	0.378	0.092	Supplementary Table 2. Marker genes for endothelial cell clusters, related to Figure S2 and Figures 6.	F:/pan-gi-ici-ccc-20260709/GSE205506/supplement/mmc3.xlsx	28AA8BC71620AE3B667D0243891B631DA3B8EB1576108C88463B2F66979EAC80
Endothelial cell markers	LYVE1+LEC	39	DOCK5	"DOCK5"	1.33380985370986	0	0	0.313	0.013	Supplementary Table 2. Marker genes for endothelial cell clusters, related to Figure S2 and Figures 6.	F:/pan-gi-ici-ccc-20260709/GSE205506/supplement/mmc3.xlsx	28AA8BC71620AE3B667D0243891B631DA3B8EB1576108C88463B2F66979EAC80
Endothelial cell markers	LYVE1+LEC	40	ATP5F1E	"ATP5F1E"	1.33004842392559	1.05864484860193e-95	2.65042324295979e-91	0.853	0.746	Supplementary Table 2. Marker genes for endothelial cell clusters, related to Figure S2 and Figures 6.	F:/pan-gi-ici-ccc-20260709/GSE205506/supplement/mmc3.xlsx	28AA8BC71620AE3B667D0243891B631DA3B8EB1576108C88463B2F66979EAC80
Endothelial cell markers	LYVE1+LEC	41	TTN	"TTN"	1.31292116741037	1.95384302587369e-278	4.89164139957737e-274	0.267	0.02	Supplementary Table 2. Marker genes for endothelial cell clusters, related to Figure S2 and Figures 6.	F:/pan-gi-ici-ccc-20260709/GSE205506/supplement/mmc3.xlsx	28AA8BC71620AE3B667D0243891B631DA3B8EB1576108C88463B2F66979EAC80
Endothelial cell markers	LYVE1+LEC	42	FTH1	"FTH1"	1.30292555963788	4.94998504794348e-112	1.23927825660313e-107	0.939	0.903	Supplementary Table 2. Marker genes for endothelial cell clusters, related to Figure S2 and Figures 6.	F:/pan-gi-ici-ccc-20260709/GSE205506/supplement/mmc3.xlsx	28AA8BC71620AE3B667D0243891B631DA3B8EB1576108C88463B2F66979EAC80
Endothelial cell markers	LYVE1+LEC	43	FAM189A2	"FAM189A2"	1.29559017616551	3.94666253307859e-87	9.88086431781557e-83	0.393	0.148	Supplementary Table 2. Marker genes for endothelial cell clusters, related to Figure S2 and Figures 6.	F:/pan-gi-ici-ccc-20260709/GSE205506/supplement/mmc3.xlsx	28AA8BC71620AE3B667D0243891B631DA3B8EB1576108C88463B2F66979EAC80
Endothelial cell markers	LYVE1+LEC	44	SEMA3A	"SEMA3A"	1.24348614804389	0	0	0.305	0.015	Supplementary Table 2. Marker genes for endothelial cell clusters, related to Figure S2 and Figures 6.	F:/pan-gi-ici-ccc-20260709/GSE205506/supplement/mmc3.xlsx	28AA8BC71620AE3B667D0243891B631DA3B8EB1576108C88463B2F66979EAC80
Endothelial cell markers	LYVE1+LEC	45	EPB41L2	"EPB41L2"	1.23537525324986	5.92768984669715e-88	1.4840564300191e-83	0.406	0.155	Supplementary Table 2. Marker genes for endothelial cell clusters, related to Figure S2 and Figures 6.	F:/pan-gi-ici-ccc-20260709/GSE205506/supplement/mmc3.xlsx	28AA8BC71620AE3B667D0243891B631DA3B8EB1576108C88463B2F66979EAC80
Endothelial cell markers	LYVE1+LEC	46	PTPRE	"PTPRE"	1.23355422679727	1.76389522855725e-83	4.41608809421594e-79	0.63	0.393	Supplementary Table 2. Marker genes for endothelial cell clusters, related to Figure S2 and Figures 6.	F:/pan-gi-ici-ccc-20260709/GSE205506/supplement/mmc3.xlsx	28AA8BC71620AE3B667D0243891B631DA3B8EB1576108C88463B2F66979EAC80
Endothelial cell markers	LYVE1+LEC	47	SMYD2	"SMYD2"	1.22973595324373	1.52418320884565e-181	3.81594508166596e-177	0.326	0.055	Supplementary Table 2. Marker genes for endothelial cell clusters, related to Figure S2 and Figures 6.	F:/pan-gi-ici-ccc-20260709/GSE205506/supplement/mmc3.xlsx	28AA8BC71620AE3B667D0243891B631DA3B8EB1576108C88463B2F66979EAC80
Endothelial cell markers	LYVE1+LEC	48	CLDN5	"CLDN5"	1.22494004655125	3.92264290235706e-96	9.82072877034115e-92	0.859	0.66	Supplementary Table 2. Marker genes for endothelial cell clusters, related to Figure S2 and Figures 6.	F:/pan-gi-ici-ccc-20260709/GSE205506/supplement/mmc3.xlsx	28AA8BC71620AE3B667D0243891B631DA3B8EB1576108C88463B2F66979EAC80
Endothelial cell markers	LYVE1+LEC	49	PPP1R2	"PPP1R2"	1.22235882332863	2.68006700848588e-63	6.70981576244524e-59	0.509	0.309	Supplementary Table 2. Marker genes for endothelial cell clusters, related to Figure S2 and Figures 6.	F:/pan-gi-ici-ccc-20260709/GSE205506/supplement/mmc3.xlsx	28AA8BC71620AE3B667D0243891B631DA3B8EB1576108C88463B2F66979EAC80
Endothelial cell markers	LYVE1+LEC	50	SYNM	"SYNM"	1.20601033275736	7.32192975816785e-217	1.8331183342549e-212	0.297	0.037	Supplementary Table 2. Marker genes for endothelial cell clusters, related to Figure S2 and Figures 6.	F:/pan-gi-ici-ccc-20260709/GSE205506/supplement/mmc3.xlsx	28AA8BC71620AE3B667D0243891B631DA3B8EB1576108C88463B2F66979EAC80
Endothelial cell markers	MADCAM1+HEV	1	CPE	"CPE"	2.89012837353202	0	0	0.9	0.196	Supplementary Table 2. Marker genes for endothelial cell clusters, related to Figure S2 and Figures 6.	F:/pan-gi-ici-ccc-20260709/GSE205506/supplement/mmc3.xlsx	28AA8BC71620AE3B667D0243891B631DA3B8EB1576108C88463B2F66979EAC80
Endothelial cell markers	MADCAM1+HEV	2	MADCAM1	"MADCAM1"	2.31001327854283	0	0	0.599	0.061	Supplementary Table 2. Marker genes for endothelial cell clusters, related to Figure S2 and Figures 6.	F:/pan-gi-ici-ccc-20260709/GSE205506/supplement/mmc3.xlsx	28AA8BC71620AE3B667D0243891B631DA3B8EB1576108C88463B2F66979EAC80
Endothelial cell markers	MADCAM1+HEV	3	ADGRG6	"ADGRG6"	1.88110766285183	0	0	0.704	0.211	Supplementary Table 2. Marker genes for endothelial cell clusters, related to Figure S2 and Figures 6.	F:/pan-gi-ici-ccc-20260709/GSE205506/supplement/mmc3.xlsx	28AA8BC71620AE3B667D0243891B631DA3B8EB1576108C88463B2F66979EAC80
Endothelial cell markers	MADCAM1+HEV	4	CLDN5	"CLDN5"	1.37477742611947	0	0	0.92	0.636	Supplementary Table 2. Marker genes for endothelial cell clusters, related to Figure S2 and Figures 6.	F:/pan-gi-ici-ccc-20260709/GSE205506/supplement/mmc3.xlsx	28AA8BC71620AE3B667D0243891B631DA3B8EB1576108C88463B2F66979EAC80
Endothelial cell markers	MADCAM1+HEV	5	CTGF	"CTGF"	1.33711041616315	2.98936609241973e-159	7.48417694898203e-155	0.738	0.458	Supplementary Table 2. Marker genes for endothelial cell clusters, related to Figure S2 and Figures 6.	F:/pan-gi-ici-ccc-20260709/GSE205506/supplement/mmc3.xlsx	28AA8BC71620AE3B667D0243891B631DA3B8EB1576108C88463B2F66979EAC80
Endothelial cell markers	MADCAM1+HEV	6	NPC2	"NPC2"	1.33105959473333	1.6324212858985e-304	4.08692993137548e-300	0.93	0.711	Supplementary Table 2. Marker genes for endothelial cell clusters, related to Figure S2 and Figures 6.	F:/pan-gi-ici-ccc-20260709/GSE205506/supplement/mmc3.xlsx	28AA8BC71620AE3B667D0243891B631DA3B8EB1576108C88463B2F66979EAC80
Endothelial cell markers	MADCAM1+HEV	7	C7	"C7"	1.2531441631534	1.3535262199524e-230	3.38868824427283e-226	0.431	0.126	Supplementary Table 2. Marker genes for endothelial cell clusters, related to Figure S2 and Figures 6.	F:/pan-gi-ici-ccc-20260709/GSE205506/supplement/mmc3.xlsx	28AA8BC71620AE3B667D0243891B631DA3B8EB1576108C88463B2F66979EAC80
Endothelial cell markers	MADCAM1+HEV	8	LEPR	"LEPR"	1.2142334556255	1.1681140937015e-260	2.92449044499107e-256	0.624	0.259	Supplementary Table 2. Marker genes for endothelial cell clusters, related to Figure S2 and Figures 6.	F:/pan-gi-ici-ccc-20260709/GSE205506/supplement/mmc3.xlsx	28AA8BC71620AE3B667D0243891B631DA3B8EB1576108C88463B2F66979EAC80
Endothelial cell markers	MADCAM1+HEV	9	LIFR	"LIFR"	1.12125426186236	5.7734300949585e-200	1.44543595857381e-195	0.804	0.483	Supplementary Table 2. Marker genes for endothelial cell clusters, related to Figure S2 and Figures 6.	F:/pan-gi-ici-ccc-20260709/GSE205506/supplement/mmc3.xlsx	28AA8BC71620AE3B667D0243891B631DA3B8EB1576108C88463B2F66979EAC80
Endothelial cell markers	MADCAM1+HEV	10	CLU	"CLU"	1.0983543512361	9.82890639456491e-215	2.46076500494327e-210	0.913	0.634	Supplementary Table 2. Marker genes for endothelial cell clusters, related to Figure S2 and Figures 6.	F:/pan-gi-ici-ccc-20260709/GSE205506/supplement/mmc3.xlsx	28AA8BC71620AE3B667D0243891B631DA3B8EB1576108C88463B2F66979EAC80
Endothelial cell markers	MADCAM1+HEV	11	ENPP2	"ENPP2"	1.08078242370009	6.29913729995306e-208	1.57705201441625e-203	0.628	0.292	Supplementary Table 2. Marker genes for endothelial cell clusters, related to Figure S2 and Figures 6.	F:/pan-gi-ici-ccc-20260709/GSE205506/supplement/mmc3.xlsx	28AA8BC71620AE3B667D0243891B631DA3B8EB1576108C88463B2F66979EAC80
Endothelial cell markers	MADCAM1+HEV	12	PDCD4	"PDCD4"	1.04431451249142	1.28515484605819e-151	3.21751367259128e-147	0.635	0.385	Supplementary Table 2. Marker genes for endothelial cell clusters, related to Figure S2 and Figures 6.	F:/pan-gi-ici-ccc-20260709/GSE205506/supplement/mmc3.xlsx	28AA8BC71620AE3B667D0243891B631DA3B8EB1576108C88463B2F66979EAC80
Endothelial cell markers	MADCAM1+HEV	13	CTNNAL1	"CTNNAL1"	1.04218296846966	4.61860645198055e-184	1.15631431131785e-179	0.621	0.328	Supplementary Table 2. Marker genes for endothelial cell clusters, related to Figure S2 and Figures 6.	F:/pan-gi-ici-ccc-20260709/GSE205506/supplement/mmc3.xlsx	28AA8BC71620AE3B667D0243891B631DA3B8EB1576108C88463B2F66979EAC80
Endothelial cell markers	MADCAM1+HEV	14	LIMCH1	"LIMCH1"	1.04182165267336	9.4034935376412e-184	2.35425864208385e-179	0.585	0.287	Supplementary Table 2. Marker genes for endothelial cell clusters, related to Figure S2 and Figures 6.	F:/pan-gi-ici-ccc-20260709/GSE205506/supplement/mmc3.xlsx	28AA8BC71620AE3B667D0243891B631DA3B8EB1576108C88463B2F66979EAC80
Endothelial cell markers	MADCAM1+HEV	15	IL1R1	"IL1R1"	1.00900951745864	3.74125019615622e-208	9.36659399109672e-204	0.692	0.365	Supplementary Table 2. Marker genes for endothelial cell clusters, related to Figure S2 and Figures 6.	F:/pan-gi-ici-ccc-20260709/GSE205506/supplement/mmc3.xlsx	28AA8BC71620AE3B667D0243891B631DA3B8EB1576108C88463B2F66979EAC80
Endothelial cell markers	MADCAM1+HEV	16	PTGDS	"PTGDS"	0.967098678662207	1.60683887150959e-99	4.02288179871141e-95	0.302	0.115	Supplementary Table 2. Marker genes for endothelial cell clusters, related to Figure S2 and Figures 6.	F:/pan-gi-ici-ccc-20260709/GSE205506/supplement/mmc3.xlsx	28AA8BC71620AE3B667D0243891B631DA3B8EB1576108C88463B2F66979EAC80
Endothelial cell markers	MADCAM1+HEV	17	STXBP6	"STXBP6"	0.955617669411824	0	0	0.291	0.023	Supplementary Table 2. Marker genes for endothelial cell clusters, related to Figure S2 and Figures 6.	F:/pan-gi-ici-ccc-20260709/GSE205506/supplement/mmc3.xlsx	28AA8BC71620AE3B667D0243891B631DA3B8EB1576108C88463B2F66979EAC80
Endothelial cell markers	MADCAM1+HEV	18	BCAT1	"BCAT1"	0.949091128767509	4.16189955950206e-277	1.04197317371694e-272	0.351	0.07	Supplementary Table 2. Marker genes for endothelial cell clusters, related to Figure S2 and Figures 6.	F:/pan-gi-ici-ccc-20260709/GSE205506/supplement/mmc3.xlsx	28AA8BC71620AE3B667D0243891B631DA3B8EB1576108C88463B2F66979EAC80
Endothelial cell markers	MADCAM1+HEV	19	LY6E	"LY6E"	0.940829117143949	4.26054647674155e-135	1.06667041591701e-130	0.707	0.478	Supplementary Table 2. Marker genes for endothelial cell clusters, related to Figure S2 and Figures 6.	F:/pan-gi-ici-ccc-20260709/GSE205506/supplement/mmc3.xlsx	28AA8BC71620AE3B667D0243891B631DA3B8EB1576108C88463B2F66979EAC80
Endothelial cell markers	MADCAM1+HEV	20	NTN4	"NTN4"	0.935404756534543	2.86991716077647e-150	7.18512460371996e-146	0.453	0.193	Supplementary Table 2. Marker genes for endothelial cell clusters, related to Figure S2 and Figures 6.	F:/pan-gi-ici-ccc-20260709/GSE205506/supplement/mmc3.xlsx	28AA8BC71620AE3B667D0243891B631DA3B8EB1576108C88463B2F66979EAC80
Endothelial cell markers	MADCAM1+HEV	21	ALDH1A1	"ALDH1A1"	0.925885607409484	3.14357429834683e-236	7.87025261334111e-232	0.438	0.127	Supplementary Table 2. Marker genes for endothelial cell clusters, related to Figure S2 and Figures 6.	F:/pan-gi-ici-ccc-20260709/GSE205506/supplement/mmc3.xlsx	28AA8BC71620AE3B667D0243891B631DA3B8EB1576108C88463B2F66979EAC80
Endothelial cell markers	MADCAM1+HEV	22	CYP1B1	"CYP1B1"	0.921969015678442	1.73709160223233e-138	4.34898253534886e-134	0.409	0.16	Supplementary Table 2. Marker genes for endothelial cell clusters, related to Figure S2 and Figures 6.	F:/pan-gi-ici-ccc-20260709/GSE205506/supplement/mmc3.xlsx	28AA8BC71620AE3B667D0243891B631DA3B8EB1576108C88463B2F66979EAC80
Endothelial cell markers	MADCAM1+HEV	23	CD320	"CD320"	0.892820036854441	1.96605570831329e-91	4.92221707133314e-87	0.58	0.387	Supplementary Table 2. Marker genes for endothelial cell clusters, related to Figure S2 and Figures 6.	F:/pan-gi-ici-ccc-20260709/GSE205506/supplement/mmc3.xlsx	28AA8BC71620AE3B667D0243891B631DA3B8EB1576108C88463B2F66979EAC80
Endothelial cell markers	MADCAM1+HEV	24	CTTNBP2	"CTTNBP2"	0.875170508678156	2.98310583679731e-306	7.46850377300574e-302	0.324	0.051	Supplementary Table 2. Marker genes for endothelial cell clusters, related to Figure S2 and Figures 6.	F:/pan-gi-ici-ccc-20260709/GSE205506/supplement/mmc3.xlsx	28AA8BC71620AE3B667D0243891B631DA3B8EB1576108C88463B2F66979EAC80
Endothelial cell markers	MADCAM1+HEV	25	TMEM100	"TMEM100"	0.813574613233398	1.40390724623213e-253	3.51482218166675e-249	0.263	0.039	Supplementary Table 2. Marker genes for endothelial cell clusters, related to Figure S2 and Figures 6.	F:/pan-gi-ici-ccc-20260709/GSE205506/supplement/mmc3.xlsx	28AA8BC71620AE3B667D0243891B631DA3B8EB1576108C88463B2F66979EAC80
Endothelial cell markers	MADCAM1+HEV	26	TNFSF10	"TNFSF10"	0.807457394419338	3.82974198959392e-104	9.58814204514734e-100	0.713	0.528	Supplementary Table 2. Marker genes for endothelial cell clusters, related to Figure S2 and Figures 6.	F:/pan-gi-ici-ccc-20260709/GSE205506/supplement/mmc3.xlsx	28AA8BC71620AE3B667D0243891B631DA3B8EB1576108C88463B2F66979EAC80
Endothelial cell markers	MADCAM1+HEV	27	NKX2-3	"NKX2-3"	0.805923543309702	8.5551755205945e-233	2.14187374333604e-228	0.326	0.07	Supplementary Table 2. Marker genes for endothelial cell clusters, related to Figure S2 and Figures 6.	F:/pan-gi-ici-ccc-20260709/GSE205506/supplement/mmc3.xlsx	28AA8BC71620AE3B667D0243891B631DA3B8EB1576108C88463B2F66979EAC80
Endothelial cell markers	MADCAM1+HEV	28	PCDH7	"PCDH7"	0.803024458380076	0	0	0.268	0.019	Supplementary Table 2. Marker genes for endothelial cell clusters, related to Figure S2 and Figures 6.	F:/pan-gi-ici-ccc-20260709/GSE205506/supplement/mmc3.xlsx	28AA8BC71620AE3B667D0243891B631DA3B8EB1576108C88463B2F66979EAC80
Endothelial cell markers	MADCAM1+HEV	29	TMEM176B	"TMEM176B"	0.798869019938154	1.8462586741129e-206	4.62229321650906e-202	0.268	0.052	Supplementary Table 2. Marker genes for endothelial cell clusters, related to Figure S2 and Figures 6.	F:/pan-gi-ici-ccc-20260709/GSE205506/supplement/mmc3.xlsx	28AA8BC71620AE3B667D0243891B631DA3B8EB1576108C88463B2F66979EAC80
Endothelial cell markers	MADCAM1+HEV	30	CCDC68	"CCDC68"	0.769582560284783	1.43083390437731e-161	3.58223576299903e-157	0.415	0.15	Supplementary Table 2. Marker genes for endothelial cell clusters, related to Figure S2 and Figures 6.	F:/pan-gi-ici-ccc-20260709/GSE205506/supplement/mmc3.xlsx	28AA8BC71620AE3B667D0243891B631DA3B8EB1576108C88463B2F66979EAC80
Endothelial cell markers	MADCAM1+HEV	31	ACKR1	"ACKR1"	0.768397596768234	1.58072452360392e-178	3.95750191729476e-174	0.982	0.66	Supplementary Table 2. Marker genes for endothelial cell clusters, related to Figure S2 and Figures 6.	F:/pan-gi-ici-ccc-20260709/GSE205506/supplement/mmc3.xlsx	28AA8BC71620AE3B667D0243891B631DA3B8EB1576108C88463B2F66979EAC80
Endothelial cell markers	MADCAM1+HEV	32	SRPX	"SRPX"	0.760740740187982	1.53131416928798e-166	3.8337981542294e-162	0.326	0.094	Supplementary Table 2. Marker genes for endothelial cell clusters, related to Figure S2 and Figures 6.	F:/pan-gi-ici-ccc-20260709/GSE205506/supplement/mmc3.xlsx	28AA8BC71620AE3B667D0243891B631DA3B8EB1576108C88463B2F66979EAC80
Endothelial cell markers	MADCAM1+HEV	33	ST8SIA4	"ST8SIA4"	0.747201526323282	3.47767389493039e-88	8.70670436334771e-84	0.364	0.171	Supplementary Table 2. Marker genes for endothelial cell clusters, related to Figure S2 and Figures 6.	F:/pan-gi-ici-ccc-20260709/GSE205506/supplement/mmc3.xlsx	28AA8BC71620AE3B667D0243891B631DA3B8EB1576108C88463B2F66979EAC80
Endothelial cell markers	MADCAM1+HEV	34	SORBS2	"SORBS2"	0.745543159116018	7.4802617438416e-95	1.87275833018818e-90	0.567	0.342	Supplementary Table 2. Marker genes for endothelial cell clusters, related to Figure S2 and Figures 6.	F:/pan-gi-ici-ccc-20260709/GSE205506/supplement/mmc3.xlsx	28AA8BC71620AE3B667D0243891B631DA3B8EB1576108C88463B2F66979EAC80
Endothelial cell markers	MADCAM1+HEV	35	CLEC7A	"CLEC7A"	0.741178132203771	1.07559924371092e-227	2.69287026655465e-223	0.254	0.042	Supplementary Table 2. Marker genes for endothelial cell clusters, related to Figure S2 and Figures 6.	F:/pan-gi-ici-ccc-20260709/GSE205506/supplement/mmc3.xlsx	28AA8BC71620AE3B667D0243891B631DA3B8EB1576108C88463B2F66979EAC80
Endothelial cell markers	MADCAM1+HEV	36	TLL1	"TLL1"	0.73649242900636	1.31174587918596e-100	3.28408698312997e-96	0.464	0.238	Supplementary Table 2. Marker genes for endothelial cell clusters, related to Figure S2 and Figures 6.	F:/pan-gi-ici-ccc-20260709/GSE205506/supplement/mmc3.xlsx	28AA8BC71620AE3B667D0243891B631DA3B8EB1576108C88463B2F66979EAC80
Endothelial cell markers	MADCAM1+HEV	37	PERP	"PERP"	0.71765611513048	9.07870097485856e-131	2.27294357606559e-126	0.367	0.135	Supplementary Table 2. Marker genes for endothelial cell clusters, related to Figure S2 and Figures 6.	F:/pan-gi-ici-ccc-20260709/GSE205506/supplement/mmc3.xlsx	28AA8BC71620AE3B667D0243891B631DA3B8EB1576108C88463B2F66979EAC80
Endothelial cell markers	MADCAM1+HEV	38	ITM2B	"ITM2B"	0.699027536811029	2.2563152002718e-162	5.64891073540047e-158	0.988	0.947	Supplementary Table 2. Marker genes for endothelial cell clusters, related to Figure S2 and Figures 6.	F:/pan-gi-ici-ccc-20260709/GSE205506/supplement/mmc3.xlsx	28AA8BC71620AE3B667D0243891B631DA3B8EB1576108C88463B2F66979EAC80
Endothelial cell markers	MADCAM1+HEV	39	NR2F2	"NR2F2"	0.693374090015435	2.11056069960116e-99	5.28399976752146e-95	0.759	0.554	Supplementary Table 2. Marker genes for endothelial cell clusters, related to Figure S2 and Figures 6.	F:/pan-gi-ici-ccc-20260709/GSE205506/supplement/mmc3.xlsx	28AA8BC71620AE3B667D0243891B631DA3B8EB1576108C88463B2F66979EAC80
Endothelial cell markers	MADCAM1+HEV	40	SEMA6A	"SEMA6A"	0.692243468270608	6.0409147624627e-75	1.51240341993016e-70	0.556	0.36	Supplementary Table 2. Marker genes for endothelial cell clusters, related to Figure S2 and Figures 6.	F:/pan-gi-ici-ccc-20260709/GSE205506/supplement/mmc3.xlsx	28AA8BC71620AE3B667D0243891B631DA3B8EB1576108C88463B2F66979EAC80
Endothelial cell markers	MADCAM1+HEV	41	FBXO21	"FBXO21"	0.686528566655724	5.75815070179651e-89	1.44161060970177e-84	0.378	0.185	Supplementary Table 2. Marker genes for endothelial cell clusters, related to Figure S2 and Figures 6.	F:/pan-gi-ici-ccc-20260709/GSE205506/supplement/mmc3.xlsx	28AA8BC71620AE3B667D0243891B631DA3B8EB1576108C88463B2F66979EAC80
Endothelial cell markers	MADCAM1+HEV	42	PLA1A	"PLA1A"	0.675859706531008	4.33955865629341e-113	1.08645190518962e-108	0.306	0.11	Supplementary Table 2. Marker genes for endothelial cell clusters, related to Figure S2 and Figures 6.	F:/pan-gi-ici-ccc-20260709/GSE205506/supplement/mmc3.xlsx	28AA8BC71620AE3B667D0243891B631DA3B8EB1576108C88463B2F66979EAC80
Endothelial cell markers	MADCAM1+HEV	43	ADIRF	"ADIRF"	0.673164155410842	2.66263574367143e-86	6.66617484785579e-82	0.748	0.521	Supplementary Table 2. Marker genes for endothelial cell clusters, related to Figure S2 and Figures 6.	F:/pan-gi-ici-ccc-20260709/GSE205506/supplement/mmc3.xlsx	28AA8BC71620AE3B667D0243891B631DA3B8EB1576108C88463B2F66979EAC80
Endothelial cell markers	MADCAM1+HEV	44	KCTD12	"KCTD12"	0.670850928385028	7.61013720881529e-106	1.905273951599e-101	0.766	0.544	Supplementary Table 2. Marker genes for endothelial cell clusters, related to Figure S2 and Figures 6.	F:/pan-gi-ici-ccc-20260709/GSE205506/supplement/mmc3.xlsx	28AA8BC71620AE3B667D0243891B631DA3B8EB1576108C88463B2F66979EAC80
Endothelial cell markers	MADCAM1+HEV	45	RBP5	"RBP5"	0.668039777024885	8.81189905242707e-106	2.20614704676564e-101	0.373	0.161	Supplementary Table 2. Marker genes for endothelial cell clusters, related to Figure S2 and Figures 6.	F:/pan-gi-ici-ccc-20260709/GSE205506/supplement/mmc3.xlsx	28AA8BC71620AE3B667D0243891B631DA3B8EB1576108C88463B2F66979EAC80
Endothelial cell markers	MADCAM1+HEV	46	LPCAT4	"LPCAT4"	0.665649396325402	1.3151420938763e-91	3.29258974622871e-87	0.489	0.271	Supplementary Table 2. Marker genes for endothelial cell clusters, related to Figure S2 and Figures 6.	F:/pan-gi-ici-ccc-20260709/GSE205506/supplement/mmc3.xlsx	28AA8BC71620AE3B667D0243891B631DA3B8EB1576108C88463B2F66979EAC80
Endothelial cell markers	MADCAM1+HEV	47	JAM2	"JAM2"	0.663794959472906	3.07999081920578e-110	7.71106501496359e-106	0.789	0.6	Supplementary Table 2. Marker genes for endothelial cell clusters, related to Figure S2 and Figures 6.	F:/pan-gi-ici-ccc-20260709/GSE205506/supplement/mmc3.xlsx	28AA8BC71620AE3B667D0243891B631DA3B8EB1576108C88463B2F66979EAC80
Endothelial cell markers	MADCAM1+HEV	48	TGFBR2	"TGFBR2"	0.656777189233731	5.10597193335992e-106	1.27833113323599e-101	0.875	0.756	Supplementary Table 2. Marker genes for endothelial cell clusters, related to Figure S2 and Figures 6.	F:/pan-gi-ici-ccc-20260709/GSE205506/supplement/mmc3.xlsx	28AA8BC71620AE3B667D0243891B631DA3B8EB1576108C88463B2F66979EAC80
Endothelial cell markers	MADCAM1+HEV	49	NCOA7	"NCOA7"	0.64889378115927	1.01269758048084e-65	2.53538966249184e-61	0.735	0.583	Supplementary Table 2. Marker genes for endothelial cell clusters, related to Figure S2 and Figures 6.	F:/pan-gi-ici-ccc-20260709/GSE205506/supplement/mmc3.xlsx	28AA8BC71620AE3B667D0243891B631DA3B8EB1576108C88463B2F66979EAC80
Endothelial cell markers	MADCAM1+HEV	50	FAM155A	"FAM155A"	0.621011339406284	4.64565457525451e-116	1.16308607946072e-111	0.316	0.114	Supplementary Table 2. Marker genes for endothelial cell clusters, related to Figure S2 and Figures 6.	F:/pan-gi-ici-ccc-20260709/GSE205506/supplement/mmc3.xlsx	28AA8BC71620AE3B667D0243891B631DA3B8EB1576108C88463B2F66979EAC80
Endothelial cell markers	PLVAP+EC	1	COL4A1	"COL4A1"	3.00071001823725	0	0	0.94	0.497	Supplementary Table 2. Marker genes for endothelial cell clusters, related to Figure S2 and Figures 6.	F:/pan-gi-ici-ccc-20260709/GSE205506/supplement/mmc3.xlsx	28AA8BC71620AE3B667D0243891B631DA3B8EB1576108C88463B2F66979EAC80
Endothelial cell markers	PLVAP+EC	2	COL4A2	"COL4A2"	2.52336440768816	0	0	0.902	0.428	Supplementary Table 2. Marker genes for endothelial cell clusters, related to Figure S2 and Figures 6.	F:/pan-gi-ici-ccc-20260709/GSE205506/supplement/mmc3.xlsx	28AA8BC71620AE3B667D0243891B631DA3B8EB1576108C88463B2F66979EAC80
Endothelial cell markers	PLVAP+EC	3	COL15A1	"COL15A1"	2.45945553929214	0	0	0.925	0.458	Supplementary Table 2. Marker genes for endothelial cell clusters, related to Figure S2 and Figures 6.	F:/pan-gi-ici-ccc-20260709/GSE205506/supplement/mmc3.xlsx	28AA8BC71620AE3B667D0243891B631DA3B8EB1576108C88463B2F66979EAC80
Endothelial cell markers	PLVAP+EC	4	RGCC	"RGCC"	2.38932024460811	0	0	0.788	0.16	Supplementary Table 2. Marker genes for endothelial cell clusters, related to Figure S2 and Figures 6.	F:/pan-gi-ici-ccc-20260709/GSE205506/supplement/mmc3.xlsx	28AA8BC71620AE3B667D0243891B631DA3B8EB1576108C88463B2F66979EAC80
Endothelial cell markers	PLVAP+EC	5	LGALS1	"LGALS1"	2.32146081508176	0	0	0.803	0.355	Supplementary Table 2. Marker genes for endothelial cell clusters, related to Figure S2 and Figures 6.	F:/pan-gi-ici-ccc-20260709/GSE205506/supplement/mmc3.xlsx	28AA8BC71620AE3B667D0243891B631DA3B8EB1576108C88463B2F66979EAC80
Endothelial cell markers	PLVAP+EC	6	IGFBP5	"IGFBP5"	2.24910806640691	0	0	0.286	0.048	Supplementary Table 2. Marker genes for endothelial cell clusters, related to Figure S2 and Figures 6.	F:/pan-gi-ici-ccc-20260709/GSE205506/supplement/mmc3.xlsx	28AA8BC71620AE3B667D0243891B631DA3B8EB1576108C88463B2F66979EAC80
Endothelial cell markers	PLVAP+EC	7	IGFBP3	"IGFBP3"	2.20654101535916	0	0	0.57	0.143	Supplementary Table 2. Marker genes for endothelial cell clusters, related to Figure S2 and Figures 6.	F:/pan-gi-ici-ccc-20260709/GSE205506/supplement/mmc3.xlsx	28AA8BC71620AE3B667D0243891B631DA3B8EB1576108C88463B2F66979EAC80
Endothelial cell markers	PLVAP+EC	8	SPARC	"SPARC"	2.01298051400132	0	0	0.95	0.671	Supplementary Table 2. Marker genes for endothelial cell clusters, related to Figure S2 and Figures 6.	F:/pan-gi-ici-ccc-20260709/GSE205506/supplement/mmc3.xlsx	28AA8BC71620AE3B667D0243891B631DA3B8EB1576108C88463B2F66979EAC80
Endothelial cell markers	PLVAP+EC	9	INSR	"INSR"	1.87944350162549	0	0	0.739	0.304	Supplementary Table 2. Marker genes for endothelial cell clusters, related to Figure S2 and Figures 6.	F:/pan-gi-ici-ccc-20260709/GSE205506/supplement/mmc3.xlsx	28AA8BC71620AE3B667D0243891B631DA3B8EB1576108C88463B2F66979EAC80
Endothelial cell markers	PLVAP+EC	10	SERPINE1	"SERPINE1"	1.84648053086652	8.22432862495958e-259	2.05904291454488e-254	0.467	0.176	Supplementary Table 2. Marker genes for endothelial cell clusters, related to Figure S2 and Figures 6.	F:/pan-gi-ici-ccc-20260709/GSE205506/supplement/mmc3.xlsx	28AA8BC71620AE3B667D0243891B631DA3B8EB1576108C88463B2F66979EAC80
Endothelial cell markers	PLVAP+EC	11	VWA1	"VWA1"	1.61768573594788	0	0	0.812	0.403	Supplementary Table 2. Marker genes for endothelial cell clusters, related to Figure S2 and Figures 6.	F:/pan-gi-ici-ccc-20260709/GSE205506/supplement/mmc3.xlsx	28AA8BC71620AE3B667D0243891B631DA3B8EB1576108C88463B2F66979EAC80
Endothelial cell markers	PLVAP+EC	12	HECW2	"HECW2"	1.52418219145354	0	0	0.603	0.105	Supplementary Table 2. Marker genes for endothelial cell clusters, related to Figure S2 and Figures 6.	F:/pan-gi-ici-ccc-20260709/GSE205506/supplement/mmc3.xlsx	28AA8BC71620AE3B667D0243891B631DA3B8EB1576108C88463B2F66979EAC80
Endothelial cell markers	PLVAP+EC	13	PLVAP	"PLVAP"	1.51823850357461	0	0	0.931	0.682	Supplementary Table 2. Marker genes for endothelial cell clusters, related to Figure S2 and Figures 6.	F:/pan-gi-ici-ccc-20260709/GSE205506/supplement/mmc3.xlsx	28AA8BC71620AE3B667D0243891B631DA3B8EB1576108C88463B2F66979EAC80
Endothelial cell markers	PLVAP+EC	14	HSPG2	"HSPG2"	1.47187880465978	0	0	0.966	0.757	Supplementary Table 2. Marker genes for endothelial cell clusters, related to Figure S2 and Figures 6.	F:/pan-gi-ici-ccc-20260709/GSE205506/supplement/mmc3.xlsx	28AA8BC71620AE3B667D0243891B631DA3B8EB1576108C88463B2F66979EAC80
Endothelial cell markers	PLVAP+EC	15	IL32	"IL32"	1.4367237515508	0	0	0.659	0.256	Supplementary Table 2. Marker genes for endothelial cell clusters, related to Figure S2 and Figures 6.	F:/pan-gi-ici-ccc-20260709/GSE205506/supplement/mmc3.xlsx	28AA8BC71620AE3B667D0243891B631DA3B8EB1576108C88463B2F66979EAC80
Endothelial cell markers	PLVAP+EC	16	PXDN	"PXDN"	1.43635232199757	0	0	0.608	0.18	Supplementary Table 2. Marker genes for endothelial cell clusters, related to Figure S2 and Figures 6.	F:/pan-gi-ici-ccc-20260709/GSE205506/supplement/mmc3.xlsx	28AA8BC71620AE3B667D0243891B631DA3B8EB1576108C88463B2F66979EAC80
Endothelial cell markers	PLVAP+EC	17	SERPINH1	"SERPINH1"	1.38859019315768	0	0	0.82	0.481	Supplementary Table 2. Marker genes for endothelial cell clusters, related to Figure S2 and Figures 6.	F:/pan-gi-ici-ccc-20260709/GSE205506/supplement/mmc3.xlsx	28AA8BC71620AE3B667D0243891B631DA3B8EB1576108C88463B2F66979EAC80
Endothelial cell markers	PLVAP+EC	18	KDR	"KDR"	1.34758832164579	0	0	0.669	0.24	Supplementary Table 2. Marker genes for endothelial cell clusters, related to Figure S2 and Figures 6.	F:/pan-gi-ici-ccc-20260709/GSE205506/supplement/mmc3.xlsx	28AA8BC71620AE3B667D0243891B631DA3B8EB1576108C88463B2F66979EAC80
Endothelial cell markers	PLVAP+EC	19	PODXL	"PODXL"	1.3332671567361	0	0	0.734	0.37	Supplementary Table 2. Marker genes for endothelial cell clusters, related to Figure S2 and Figures 6.	F:/pan-gi-ici-ccc-20260709/GSE205506/supplement/mmc3.xlsx	28AA8BC71620AE3B667D0243891B631DA3B8EB1576108C88463B2F66979EAC80
Endothelial cell markers	PLVAP+EC	20	LBH	"LBH"	1.32421099437403	0	0	0.487	0.118	Supplementary Table 2. Marker genes for endothelial cell clusters, related to Figure S2 and Figures 6.	F:/pan-gi-ici-ccc-20260709/GSE205506/supplement/mmc3.xlsx	28AA8BC71620AE3B667D0243891B631DA3B8EB1576108C88463B2F66979EAC80
Endothelial cell markers	PLVAP+EC	21	ADGRF5	"ADGRF5"	1.29721520021932	0	0	0.77	0.319	Supplementary Table 2. Marker genes for endothelial cell clusters, related to Figure S2 and Figures 6.	F:/pan-gi-ici-ccc-20260709/GSE205506/supplement/mmc3.xlsx	28AA8BC71620AE3B667D0243891B631DA3B8EB1576108C88463B2F66979EAC80
Endothelial cell markers	PLVAP+EC	22	CXCL12	"CXCL12"	1.28999874728976	3.29150133125199e-293	8.24060273292249e-289	0.406	0.117	Supplementary Table 2. Marker genes for endothelial cell clusters, related to Figure S2 and Figures 6.	F:/pan-gi-ici-ccc-20260709/GSE205506/supplement/mmc3.xlsx	28AA8BC71620AE3B667D0243891B631DA3B8EB1576108C88463B2F66979EAC80
Endothelial cell markers	PLVAP+EC	23	FLT1	"FLT1"	1.27687090096299	1.87592706706999e-279	4.69657100511643e-275	0.739	0.453	Supplementary Table 2. Marker genes for endothelial cell clusters, related to Figure S2 and Figures 6.	F:/pan-gi-ici-ccc-20260709/GSE205506/supplement/mmc3.xlsx	28AA8BC71620AE3B667D0243891B631DA3B8EB1576108C88463B2F66979EAC80
Endothelial cell markers	PLVAP+EC	24	COL6A2	"COL6A2"	1.23813496056832	0	0	0.625	0.242	Supplementary Table 2. Marker genes for endothelial cell clusters, related to Figure S2 and Figures 6.	F:/pan-gi-ici-ccc-20260709/GSE205506/supplement/mmc3.xlsx	28AA8BC71620AE3B667D0243891B631DA3B8EB1576108C88463B2F66979EAC80
Endothelial cell markers	PLVAP+EC	25	RFLNB	"RFLNB"	1.22768392288355	0	0	0.634	0.194	Supplementary Table 2. Marker genes for endothelial cell clusters, related to Figure S2 and Figures 6.	F:/pan-gi-ici-ccc-20260709/GSE205506/supplement/mmc3.xlsx	28AA8BC71620AE3B667D0243891B631DA3B8EB1576108C88463B2F66979EAC80
Endothelial cell markers	PLVAP+EC	26	MYO1B	"MYO1B"	1.18458429319892	0	0	0.566	0.153	Supplementary Table 2. Marker genes for endothelial cell clusters, related to Figure S2 and Figures 6.	F:/pan-gi-ici-ccc-20260709/GSE205506/supplement/mmc3.xlsx	28AA8BC71620AE3B667D0243891B631DA3B8EB1576108C88463B2F66979EAC80
Endothelial cell markers	PLVAP+EC	27	ETS1	"ETS1"	1.17730272203618	0	0	0.795	0.414	Supplementary Table 2. Marker genes for endothelial cell clusters, related to Figure S2 and Figures 6.	F:/pan-gi-ici-ccc-20260709/GSE205506/supplement/mmc3.xlsx	28AA8BC71620AE3B667D0243891B631DA3B8EB1576108C88463B2F66979EAC80
Endothelial cell markers	PLVAP+EC	28	PRSS23	"PRSS23"	1.17304155234887	0	0	0.823	0.588	Supplementary Table 2. Marker genes for endothelial cell clusters, related to Figure S2 and Figures 6.	F:/pan-gi-ici-ccc-20260709/GSE205506/supplement/mmc3.xlsx	28AA8BC71620AE3B667D0243891B631DA3B8EB1576108C88463B2F66979EAC80
Endothelial cell markers	PLVAP+EC	29	NOTCH4	"NOTCH4"	1.16470470480085	0	0	0.699	0.257	Supplementary Table 2. Marker genes for endothelial cell clusters, related to Figure S2 and Figures 6.	F:/pan-gi-ici-ccc-20260709/GSE205506/supplement/mmc3.xlsx	28AA8BC71620AE3B667D0243891B631DA3B8EB1576108C88463B2F66979EAC80
Endothelial cell markers	PLVAP+EC	30	FSTL1	"FSTL1"	1.15230557444947	1.11509974738034e-279	2.79176372754141e-275	0.667	0.379	Supplementary Table 2. Marker genes for endothelial cell clusters, related to Figure S2 and Figures 6.	F:/pan-gi-ici-ccc-20260709/GSE205506/supplement/mmc3.xlsx	28AA8BC71620AE3B667D0243891B631DA3B8EB1576108C88463B2F66979EAC80
Endothelial cell markers	PLVAP+EC	31	PDGFB	"PDGFB"	1.14435791343414	0	0	0.576	0.218	Supplementary Table 2. Marker genes for endothelial cell clusters, related to Figure S2 and Figures 6.	F:/pan-gi-ici-ccc-20260709/GSE205506/supplement/mmc3.xlsx	28AA8BC71620AE3B667D0243891B631DA3B8EB1576108C88463B2F66979EAC80
Endothelial cell markers	PLVAP+EC	32	LAMA4	"LAMA4"	1.14328464296721	0	0	0.663	0.315	Supplementary Table 2. Marker genes for endothelial cell clusters, related to Figure S2 and Figures 6.	F:/pan-gi-ici-ccc-20260709/GSE205506/supplement/mmc3.xlsx	28AA8BC71620AE3B667D0243891B631DA3B8EB1576108C88463B2F66979EAC80
Endothelial cell markers	PLVAP+EC	33	RGS3	"RGS3"	1.13902218255823	0	0	0.518	0.173	Supplementary Table 2. Marker genes for endothelial cell clusters, related to Figure S2 and Figures 6.	F:/pan-gi-ici-ccc-20260709/GSE205506/supplement/mmc3.xlsx	28AA8BC71620AE3B667D0243891B631DA3B8EB1576108C88463B2F66979EAC80
Endothelial cell markers	PLVAP+EC	34	PCDH17	"PCDH17"	1.13413714456009	0	0	0.733	0.392	Supplementary Table 2. Marker genes for endothelial cell clusters, related to Figure S2 and Figures 6.	F:/pan-gi-ici-ccc-20260709/GSE205506/supplement/mmc3.xlsx	28AA8BC71620AE3B667D0243891B631DA3B8EB1576108C88463B2F66979EAC80
Endothelial cell markers	PLVAP+EC	35	CAVIN3	"CAVIN3"	1.12682355329768	0	0	0.677	0.316	Supplementary Table 2. Marker genes for endothelial cell clusters, related to Figure S2 and Figures 6.	F:/pan-gi-ici-ccc-20260709/GSE205506/supplement/mmc3.xlsx	28AA8BC71620AE3B667D0243891B631DA3B8EB1576108C88463B2F66979EAC80
Endothelial cell markers	PLVAP+EC	36	MCAM	"MCAM"	1.10958823472412	0	0	0.815	0.513	Supplementary Table 2. Marker genes for endothelial cell clusters, related to Figure S2 and Figures 6.	F:/pan-gi-ici-ccc-20260709/GSE205506/supplement/mmc3.xlsx	28AA8BC71620AE3B667D0243891B631DA3B8EB1576108C88463B2F66979EAC80
Endothelial cell markers	PLVAP+EC	37	HTRA1	"HTRA1"	1.10863048146905	0	0	0.744	0.426	Supplementary Table 2. Marker genes for endothelial cell clusters, related to Figure S2 and Figures 6.	F:/pan-gi-ici-ccc-20260709/GSE205506/supplement/mmc3.xlsx	28AA8BC71620AE3B667D0243891B631DA3B8EB1576108C88463B2F66979EAC80
Endothelial cell markers	PLVAP+EC	38	SPRY4	"SPRY4"	1.1002702587888	0	0	0.423	0.07	Supplementary Table 2. Marker genes for endothelial cell clusters, related to Figure S2 and Figures 6.	F:/pan-gi-ici-ccc-20260709/GSE205506/supplement/mmc3.xlsx	28AA8BC71620AE3B667D0243891B631DA3B8EB1576108C88463B2F66979EAC80
Endothelial cell markers	PLVAP+EC	39	TNFRSF4	"TNFRSF4"	1.09728663226561	0	0	0.38	0.077	Supplementary Table 2. Marker genes for endothelial cell clusters, related to Figure S2 and Figures 6.	F:/pan-gi-ici-ccc-20260709/GSE205506/supplement/mmc3.xlsx	28AA8BC71620AE3B667D0243891B631DA3B8EB1576108C88463B2F66979EAC80
Endothelial cell markers	PLVAP+EC	40	SLC9A3R2	"SLC9A3R2"	1.08635392414397	2.12576391893045e-277	5.32206254743427e-273	0.752	0.444	Supplementary Table 2. Marker genes for endothelial cell clusters, related to Figure S2 and Figures 6.	F:/pan-gi-ici-ccc-20260709/GSE205506/supplement/mmc3.xlsx	28AA8BC71620AE3B667D0243891B631DA3B8EB1576108C88463B2F66979EAC80
Endothelial cell markers	PLVAP+EC	41	PMEPA1	"PMEPA1"	1.07782963204827	0	0	0.522	0.189	Supplementary Table 2. Marker genes for endothelial cell clusters, related to Figure S2 and Figures 6.	F:/pan-gi-ici-ccc-20260709/GSE205506/supplement/mmc3.xlsx	28AA8BC71620AE3B667D0243891B631DA3B8EB1576108C88463B2F66979EAC80
Endothelial cell markers	PLVAP+EC	42	COL12A1	"COL12A1"	1.072588804729	0	0	0.298	0.014	Supplementary Table 2. Marker genes for endothelial cell clusters, related to Figure S2 and Figures 6.	F:/pan-gi-ici-ccc-20260709/GSE205506/supplement/mmc3.xlsx	28AA8BC71620AE3B667D0243891B631DA3B8EB1576108C88463B2F66979EAC80
Endothelial cell markers	PLVAP+EC	43	CYTOR	"CYTOR"	1.06054583911314	0	0	0.503	0.179	Supplementary Table 2. Marker genes for endothelial cell clusters, related to Figure S2 and Figures 6.	F:/pan-gi-ici-ccc-20260709/GSE205506/supplement/mmc3.xlsx	28AA8BC71620AE3B667D0243891B631DA3B8EB1576108C88463B2F66979EAC80
Endothelial cell markers	PLVAP+EC	44	P2RY6	"P2RY6"	1.054039209681	0	0	0.349	0.02	Supplementary Table 2. Marker genes for endothelial cell clusters, related to Figure S2 and Figures 6.	F:/pan-gi-ici-ccc-20260709/GSE205506/supplement/mmc3.xlsx	28AA8BC71620AE3B667D0243891B631DA3B8EB1576108C88463B2F66979EAC80
Endothelial cell markers	PLVAP+EC	45	F2RL3	"F2RL3"	1.04059182976565	0	0	0.392	0.075	Supplementary Table 2. Marker genes for endothelial cell clusters, related to Figure S2 and Figures 6.	F:/pan-gi-ici-ccc-20260709/GSE205506/supplement/mmc3.xlsx	28AA8BC71620AE3B667D0243891B631DA3B8EB1576108C88463B2F66979EAC80
Endothelial cell markers	PLVAP+EC	46	COL18A1	"COL18A1"	1.02238148195166	0	0	0.713	0.386	Supplementary Table 2. Marker genes for endothelial cell clusters, related to Figure S2 and Figures 6.	F:/pan-gi-ici-ccc-20260709/GSE205506/supplement/mmc3.xlsx	28AA8BC71620AE3B667D0243891B631DA3B8EB1576108C88463B2F66979EAC80
Endothelial cell markers	PLVAP+EC	47	PLPP3	"PLPP3"	1.02195532577243	1.39179687557633e-208	3.4845026576929e-204	0.576	0.304	Supplementary Table 2. Marker genes for endothelial cell clusters, related to Figure S2 and Figures 6.	F:/pan-gi-ici-ccc-20260709/GSE205506/supplement/mmc3.xlsx	28AA8BC71620AE3B667D0243891B631DA3B8EB1576108C88463B2F66979EAC80
Endothelial cell markers	PLVAP+EC	48	RASGRP3	"RASGRP3"	1.01224700942632	0	0	0.601	0.184	Supplementary Table 2. Marker genes for endothelial cell clusters, related to Figure S2 and Figures 6.	F:/pan-gi-ici-ccc-20260709/GSE205506/supplement/mmc3.xlsx	28AA8BC71620AE3B667D0243891B631DA3B8EB1576108C88463B2F66979EAC80
Endothelial cell markers	PLVAP+EC	49	NID2	"NID2"	0.992654194886391	0	0	0.305	0.013	Supplementary Table 2. Marker genes for endothelial cell clusters, related to Figure S2 and Figures 6.	F:/pan-gi-ici-ccc-20260709/GSE205506/supplement/mmc3.xlsx	28AA8BC71620AE3B667D0243891B631DA3B8EB1576108C88463B2F66979EAC80
Endothelial cell markers	PLVAP+EC	50	CCND1	"CCND1"	0.987891634668265	0	0	0.464	0.136	Supplementary Table 2. Marker genes for endothelial cell clusters, related to Figure S2 and Figures 6.	F:/pan-gi-ici-ccc-20260709/GSE205506/supplement/mmc3.xlsx	28AA8BC71620AE3B667D0243891B631DA3B8EB1576108C88463B2F66979EAC80
Endothelial cell markers	SYNE2+EC	1	MT-ND1	"MT-ND1"	0.922463140657611	0	0	0.998	0.998	Supplementary Table 2. Marker genes for endothelial cell clusters, related to Figure S2 and Figures 6.	F:/pan-gi-ici-ccc-20260709/GSE205506/supplement/mmc3.xlsx	28AA8BC71620AE3B667D0243891B631DA3B8EB1576108C88463B2F66979EAC80
Endothelial cell markers	SYNE2+EC	2	SYNE2	"SYNE2"	0.905367494471601	9.11823667723849e-117	2.28284173451343e-112	0.716	0.679	Supplementary Table 2. Marker genes for endothelial cell clusters, related to Figure S2 and Figures 6.	F:/pan-gi-ici-ccc-20260709/GSE205506/supplement/mmc3.xlsx	28AA8BC71620AE3B667D0243891B631DA3B8EB1576108C88463B2F66979EAC80
Endothelial cell markers	SYNE2+EC	3	MT-ND4L	"MT-ND4L"	0.903068008716682	1.01439424812476e-47	2.53963743960514e-43	0.611	0.629	Supplementary Table 2. Marker genes for endothelial cell clusters, related to Figure S2 and Figures 6.	F:/pan-gi-ici-ccc-20260709/GSE205506/supplement/mmc3.xlsx	28AA8BC71620AE3B667D0243891B631DA3B8EB1576108C88463B2F66979EAC80
Endothelial cell markers	SYNE2+EC	4	POSTN	"POSTN"	0.896742136013982	7.59870813699783e-35	1.90241256917878e-30	0.401	0.316	Supplementary Table 2. Marker genes for endothelial cell clusters, related to Figure S2 and Figures 6.	F:/pan-gi-ici-ccc-20260709/GSE205506/supplement/mmc3.xlsx	28AA8BC71620AE3B667D0243891B631DA3B8EB1576108C88463B2F66979EAC80
Endothelial cell markers	SYNE2+EC	5	MT-ND3	"MT-ND3"	0.896009605281237	2.1655807372205e-293	5.42174793370525e-289	0.997	0.998	Supplementary Table 2. Marker genes for endothelial cell clusters, related to Figure S2 and Figures 6.	F:/pan-gi-ici-ccc-20260709/GSE205506/supplement/mmc3.xlsx	28AA8BC71620AE3B667D0243891B631DA3B8EB1576108C88463B2F66979EAC80
Endothelial cell markers	SYNE2+EC	6	MT-ND5	"MT-ND5"	0.869507298208478	0	0	0.978	0.985	Supplementary Table 2. Marker genes for endothelial cell clusters, related to Figure S2 and Figures 6.	F:/pan-gi-ici-ccc-20260709/GSE205506/supplement/mmc3.xlsx	28AA8BC71620AE3B667D0243891B631DA3B8EB1576108C88463B2F66979EAC80
Endothelial cell markers	SYNE2+EC	7	MT-ND2	"MT-ND2"	0.853358839336829	0	0	0.993	0.996	Supplementary Table 2. Marker genes for endothelial cell clusters, related to Figure S2 and Figures 6.	F:/pan-gi-ici-ccc-20260709/GSE205506/supplement/mmc3.xlsx	28AA8BC71620AE3B667D0243891B631DA3B8EB1576108C88463B2F66979EAC80
Endothelial cell markers	SYNE2+EC	8	MALAT1	"MALAT1"	0.822266673921707	0	0	0.991	0.997	Supplementary Table 2. Marker genes for endothelial cell clusters, related to Figure S2 and Figures 6.	F:/pan-gi-ici-ccc-20260709/GSE205506/supplement/mmc3.xlsx	28AA8BC71620AE3B667D0243891B631DA3B8EB1576108C88463B2F66979EAC80
Endothelial cell markers	SYNE2+EC	9	MT-ATP6	"MT-ATP6"	0.802622956351106	0	0	1	1	Supplementary Table 2. Marker genes for endothelial cell clusters, related to Figure S2 and Figures 6.	F:/pan-gi-ici-ccc-20260709/GSE205506/supplement/mmc3.xlsx	28AA8BC71620AE3B667D0243891B631DA3B8EB1576108C88463B2F66979EAC80
Endothelial cell markers	SYNE2+EC	10	NKTR	"NKTR"	0.773673724689823	2.61634321661101e-112	6.55027687710732e-108	0.744	0.74	Supplementary Table 2. Marker genes for endothelial cell clusters, related to Figure S2 and Figures 6.	F:/pan-gi-ici-ccc-20260709/GSE205506/supplement/mmc3.xlsx	28AA8BC71620AE3B667D0243891B631DA3B8EB1576108C88463B2F66979EAC80
Endothelial cell markers	SYNE2+EC	11	XIST	"XIST"	0.762365751419575	1.0629709209942e-13	2.66125399780109e-09	0.338	0.308	Supplementary Table 2. Marker genes for endothelial cell clusters, related to Figure S2 and Figures 6.	F:/pan-gi-ici-ccc-20260709/GSE205506/supplement/mmc3.xlsx	28AA8BC71620AE3B667D0243891B631DA3B8EB1576108C88463B2F66979EAC80
Endothelial cell markers	SYNE2+EC	12	GOLGA8A	"GOLGA8A"	0.759238862388037	2.04897042528938e-42	5.12980235675449e-38	0.341	0.259	Supplementary Table 2. Marker genes for endothelial cell clusters, related to Figure S2 and Figures 6.	F:/pan-gi-ici-ccc-20260709/GSE205506/supplement/mmc3.xlsx	28AA8BC71620AE3B667D0243891B631DA3B8EB1576108C88463B2F66979EAC80
Endothelial cell markers	SYNE2+EC	13	MT-CYB	"MT-CYB"	0.720415167230694	0	0	0.999	1	Supplementary Table 2. Marker genes for endothelial cell clusters, related to Figure S2 and Figures 6.	F:/pan-gi-ici-ccc-20260709/GSE205506/supplement/mmc3.xlsx	28AA8BC71620AE3B667D0243891B631DA3B8EB1576108C88463B2F66979EAC80
Endothelial cell markers	SYNE2+EC	14	FTX	"FTX"	0.693305917739356	2.88318337244968e-30	7.21833789126502e-26	0.495	0.496	Supplementary Table 2. Marker genes for endothelial cell clusters, related to Figure S2 and Figures 6.	F:/pan-gi-ici-ccc-20260709/GSE205506/supplement/mmc3.xlsx	28AA8BC71620AE3B667D0243891B631DA3B8EB1576108C88463B2F66979EAC80
Endothelial cell markers	SYNE2+EC	15	TSHZ2	"TSHZ2"	0.678407847837624	1.47513790976916e-45	3.69315527089806e-41	0.557	0.541	Supplementary Table 2. Marker genes for endothelial cell clusters, related to Figure S2 and Figures 6.	F:/pan-gi-ici-ccc-20260709/GSE205506/supplement/mmc3.xlsx	28AA8BC71620AE3B667D0243891B631DA3B8EB1576108C88463B2F66979EAC80
Endothelial cell markers	SYNE2+EC	16	MT-ND4	"MT-ND4"	0.673865418607471	0	0	1	1	Supplementary Table 2. Marker genes for endothelial cell clusters, related to Figure S2 and Figures 6.	F:/pan-gi-ici-ccc-20260709/GSE205506/supplement/mmc3.xlsx	28AA8BC71620AE3B667D0243891B631DA3B8EB1576108C88463B2F66979EAC80
Endothelial cell markers	SYNE2+EC	17	CCNL2	"CCNL2"	0.673820055136195	4.89489693696252e-32	1.22548639713794e-27	0.44	0.413	Supplementary Table 2. Marker genes for endothelial cell clusters, related to Figure S2 and Figures 6.	F:/pan-gi-ici-ccc-20260709/GSE205506/supplement/mmc3.xlsx	28AA8BC71620AE3B667D0243891B631DA3B8EB1576108C88463B2F66979EAC80
Endothelial cell markers	SYNE2+EC	18	MBNL1	"MBNL1"	0.63312077102826	6.12982369452345e-49	1.53466266016089e-44	0.642	0.662	Supplementary Table 2. Marker genes for endothelial cell clusters, related to Figure S2 and Figures 6.	F:/pan-gi-ici-ccc-20260709/GSE205506/supplement/mmc3.xlsx	28AA8BC71620AE3B667D0243891B631DA3B8EB1576108C88463B2F66979EAC80
Endothelial cell markers	SYNE2+EC	19	XAF1	"XAF1"	0.62454808846057	3.93685843747918e-30	9.85631878407289e-26	0.571	0.583	Supplementary Table 2. Marker genes for endothelial cell clusters, related to Figure S2 and Figures 6.	F:/pan-gi-ici-ccc-20260709/GSE205506/supplement/mmc3.xlsx	28AA8BC71620AE3B667D0243891B631DA3B8EB1576108C88463B2F66979EAC80
Endothelial cell markers	SYNE2+EC	20	ANKRD36C	"ANKRD36C"	0.62409660674166	2.93598204846711e-21	7.35052465654226e-17	0.33	0.287	Supplementary Table 2. Marker genes for endothelial cell clusters, related to Figure S2 and Figures 6.	F:/pan-gi-ici-ccc-20260709/GSE205506/supplement/mmc3.xlsx	28AA8BC71620AE3B667D0243891B631DA3B8EB1576108C88463B2F66979EAC80
Endothelial cell markers	SYNE2+EC	21	HERC2	"HERC2"	0.620802348809031	3.40091480782952e-15	8.51453031288199e-11	0.376	0.372	Supplementary Table 2. Marker genes for endothelial cell clusters, related to Figure S2 and Figures 6.	F:/pan-gi-ici-ccc-20260709/GSE205506/supplement/mmc3.xlsx	28AA8BC71620AE3B667D0243891B631DA3B8EB1576108C88463B2F66979EAC80
Endothelial cell markers	SYNE2+EC	22	ARGLU1	"ARGLU1"	0.614755964577205	3.02673233432008e-92	7.57772707220374e-88	0.782	0.81	Supplementary Table 2. Marker genes for endothelial cell clusters, related to Figure S2 and Figures 6.	F:/pan-gi-ici-ccc-20260709/GSE205506/supplement/mmc3.xlsx	28AA8BC71620AE3B667D0243891B631DA3B8EB1576108C88463B2F66979EAC80
Endothelial cell markers	SYNE2+EC	23	LUC7L3	"LUC7L3"	0.611281079396134	3.94397488536015e-40	9.87413552298766e-36	0.597	0.628	Supplementary Table 2. Marker genes for endothelial cell clusters, related to Figure S2 and Figures 6.	F:/pan-gi-ici-ccc-20260709/GSE205506/supplement/mmc3.xlsx	28AA8BC71620AE3B667D0243891B631DA3B8EB1576108C88463B2F66979EAC80
Endothelial cell markers	SYNE2+EC	24	SETX	"SETX"	0.606306982605215	1.95815487438927e-15	4.90243654352098e-11	0.41	0.422	Supplementary Table 2. Marker genes for endothelial cell clusters, related to Figure S2 and Figures 6.	F:/pan-gi-ici-ccc-20260709/GSE205506/supplement/mmc3.xlsx	28AA8BC71620AE3B667D0243891B631DA3B8EB1576108C88463B2F66979EAC80
Endothelial cell markers	SYNE2+EC	25	BAZ2B	"BAZ2B"	0.60218863523192	7.13806690103786e-23	1.78708642934384e-18	0.493	0.52	Supplementary Table 2. Marker genes for endothelial cell clusters, related to Figure S2 and Figures 6.	F:/pan-gi-ici-ccc-20260709/GSE205506/supplement/mmc3.xlsx	28AA8BC71620AE3B667D0243891B631DA3B8EB1576108C88463B2F66979EAC80
Endothelial cell markers	SYNE2+EC	26	RASA4	"RASA4"	0.596220716475275	8.65514993909234e-14	2.16690333875116e-09	0.411	0.407	Supplementary Table 2. Marker genes for endothelial cell clusters, related to Figure S2 and Figures 6.	F:/pan-gi-ici-ccc-20260709/GSE205506/supplement/mmc3.xlsx	28AA8BC71620AE3B667D0243891B631DA3B8EB1576108C88463B2F66979EAC80
Endothelial cell markers	SYNE2+EC	27	WSB1	"WSB1"	0.591657433069756	1.17126442286091e-79	2.93237760907457e-75	0.779	0.813	Supplementary Table 2. Marker genes for endothelial cell clusters, related to Figure S2 and Figures 6.	F:/pan-gi-ici-ccc-20260709/GSE205506/supplement/mmc3.xlsx	28AA8BC71620AE3B667D0243891B631DA3B8EB1576108C88463B2F66979EAC80
Endothelial cell markers	SYNE2+EC	28	N4BP2L2	"N4BP2L2"	0.588020123501841	2.74885353816762e-76	6.88202971815644e-72	0.732	0.781	Supplementary Table 2. Marker genes for endothelial cell clusters, related to Figure S2 and Figures 6.	F:/pan-gi-ici-ccc-20260709/GSE205506/supplement/mmc3.xlsx	28AA8BC71620AE3B667D0243891B631DA3B8EB1576108C88463B2F66979EAC80
Endothelial cell markers	SYNE2+EC	29	AKAP9	"AKAP9"	0.583326908095642	4.41273011901502e-19	1.1047711125966e-14	0.497	0.53	Supplementary Table 2. Marker genes for endothelial cell clusters, related to Figure S2 and Figures 6.	F:/pan-gi-ici-ccc-20260709/GSE205506/supplement/mmc3.xlsx	28AA8BC71620AE3B667D0243891B631DA3B8EB1576108C88463B2F66979EAC80
Endothelial cell markers	SYNE2+EC	30	CNTNAP3B	"CNTNAP3B"	0.580054442381704	5.53299426064006e-18	1.38524044309385e-13	0.368	0.342	Supplementary Table 2. Marker genes for endothelial cell clusters, related to Figure S2 and Figures 6.	F:/pan-gi-ici-ccc-20260709/GSE205506/supplement/mmc3.xlsx	28AA8BC71620AE3B667D0243891B631DA3B8EB1576108C88463B2F66979EAC80
Endothelial cell markers	SYNE2+EC	31	REV3L	"REV3L"	0.574971497840659	7.97052840837588e-13	1.99550149232098e-08	0.399	0.402	Supplementary Table 2. Marker genes for endothelial cell clusters, related to Figure S2 and Figures 6.	F:/pan-gi-ici-ccc-20260709/GSE205506/supplement/mmc3.xlsx	28AA8BC71620AE3B667D0243891B631DA3B8EB1576108C88463B2F66979EAC80
Endothelial cell markers	SYNE2+EC	32	AL359220.1	"AL359220.1"	0.569131584131996	6.79408962779078e-12	1.7009682792137e-07	0.309	0.286	Supplementary Table 2. Marker genes for endothelial cell clusters, related to Figure S2 and Figures 6.	F:/pan-gi-ici-ccc-20260709/GSE205506/supplement/mmc3.xlsx	28AA8BC71620AE3B667D0243891B631DA3B8EB1576108C88463B2F66979EAC80
Endothelial cell markers	SYNE2+EC	33	LYST	"LYST"	0.568759446336746	6.08108630078468e-16	1.52246076626445e-11	0.406	0.399	Supplementary Table 2. Marker genes for endothelial cell clusters, related to Figure S2 and Figures 6.	F:/pan-gi-ici-ccc-20260709/GSE205506/supplement/mmc3.xlsx	28AA8BC71620AE3B667D0243891B631DA3B8EB1576108C88463B2F66979EAC80
Endothelial cell markers	SYNE2+EC	34	RBM6	"RBM6"	0.567191230356614	3.68908872609809e-21	9.23600253465917e-17	0.467	0.48	Supplementary Table 2. Marker genes for endothelial cell clusters, related to Figure S2 and Figures 6.	F:/pan-gi-ici-ccc-20260709/GSE205506/supplement/mmc3.xlsx	28AA8BC71620AE3B667D0243891B631DA3B8EB1576108C88463B2F66979EAC80
Endothelial cell markers	SYNE2+EC	35	SRRM2	"SRRM2"	0.564592240452862	1.23823333036508e-56	3.10004096590202e-52	0.702	0.75	Supplementary Table 2. Marker genes for endothelial cell clusters, related to Figure S2 and Figures 6.	F:/pan-gi-ici-ccc-20260709/GSE205506/supplement/mmc3.xlsx	28AA8BC71620AE3B667D0243891B631DA3B8EB1576108C88463B2F66979EAC80
Endothelial cell markers	SYNE2+EC	36	MT-CO1	"MT-CO1"	0.560286581371598	8.87722728278605e-242	2.22250262251831e-237	0.999	1	Supplementary Table 2. Marker genes for endothelial cell clusters, related to Figure S2 and Figures 6.	F:/pan-gi-ici-ccc-20260709/GSE205506/supplement/mmc3.xlsx	28AA8BC71620AE3B667D0243891B631DA3B8EB1576108C88463B2F66979EAC80
Endothelial cell markers	SYNE2+EC	37	UTRN	"UTRN"	0.559244530944193	4.95812914852459e-27	1.24131721362462e-22	0.582	0.616	Supplementary Table 2. Marker genes for endothelial cell clusters, related to Figure S2 and Figures 6.	F:/pan-gi-ici-ccc-20260709/GSE205506/supplement/mmc3.xlsx	28AA8BC71620AE3B667D0243891B631DA3B8EB1576108C88463B2F66979EAC80
Endothelial cell markers	SYNE2+EC	38	GOLGB1	"GOLGB1"	0.555950758279796	9.27574093033182e-12	2.32227449931787e-07	0.431	0.462	Supplementary Table 2. Marker genes for endothelial cell clusters, related to Figure S2 and Figures 6.	F:/pan-gi-ici-ccc-20260709/GSE205506/supplement/mmc3.xlsx	28AA8BC71620AE3B667D0243891B631DA3B8EB1576108C88463B2F66979EAC80
Endothelial cell markers	SYNE2+EC	39	STARD9	"STARD9"	0.5525808687962	8.07292885786593e-14	2.02113846885531e-09	0.319	0.294	Supplementary Table 2. Marker genes for endothelial cell clusters, related to Figure S2 and Figures 6.	F:/pan-gi-ici-ccc-20260709/GSE205506/supplement/mmc3.xlsx	28AA8BC71620AE3B667D0243891B631DA3B8EB1576108C88463B2F66979EAC80
Endothelial cell markers	SYNE2+EC	40	MKL2	"MKL2"	0.54711652124062	1.70070786691898e-20	4.25789221561836e-16	0.508	0.532	Supplementary Table 2. Marker genes for endothelial cell clusters, related to Figure S2 and Figures 6.	F:/pan-gi-ici-ccc-20260709/GSE205506/supplement/mmc3.xlsx	28AA8BC71620AE3B667D0243891B631DA3B8EB1576108C88463B2F66979EAC80
Endothelial cell markers	SYNE2+EC	41	PARP14	"PARP14"	0.54376041927151	1.02642318352511e-13	2.56975308227347e-09	0.455	0.482	Supplementary Table 2. Marker genes for endothelial cell clusters, related to Figure S2 and Figures 6.	F:/pan-gi-ici-ccc-20260709/GSE205506/supplement/mmc3.xlsx	28AA8BC71620AE3B667D0243891B631DA3B8EB1576108C88463B2F66979EAC80
Endothelial cell markers	SYNE2+EC	42	FNBP4	"FNBP4"	0.543205155745266	1.20214757829689e-09	3.00969667702409e-05	0.384	0.408	Supplementary Table 2. Marker genes for endothelial cell clusters, related to Figure S2 and Figures 6.	F:/pan-gi-ici-ccc-20260709/GSE205506/supplement/mmc3.xlsx	28AA8BC71620AE3B667D0243891B631DA3B8EB1576108C88463B2F66979EAC80
Endothelial cell markers	SYNE2+EC	43	VMP1	"VMP1"	0.542671810129413	1.00344627614514e-06	0.0251222809695697	0.483	0.548	Supplementary Table 2. Marker genes for endothelial cell clusters, related to Figure S2 and Figures 6.	F:/pan-gi-ici-ccc-20260709/GSE205506/supplement/mmc3.xlsx	28AA8BC71620AE3B667D0243891B631DA3B8EB1576108C88463B2F66979EAC80
Endothelial cell markers	SYNE2+EC	44	DDX17	"DDX17"	0.541075598441408	1.58822126221411e-91	3.97627075207924e-87	0.819	0.858	Supplementary Table 2. Marker genes for endothelial cell clusters, related to Figure S2 and Figures 6.	F:/pan-gi-ici-ccc-20260709/GSE205506/supplement/mmc3.xlsx	28AA8BC71620AE3B667D0243891B631DA3B8EB1576108C88463B2F66979EAC80
Endothelial cell markers	SYNE2+EC	45	LIMA1	"LIMA1"	0.537819217404572	1.29510169446177e-17	3.24241660225448e-13	0.519	0.56	Supplementary Table 2. Marker genes for endothelial cell clusters, related to Figure S2 and Figures 6.	F:/pan-gi-ici-ccc-20260709/GSE205506/supplement/mmc3.xlsx	28AA8BC71620AE3B667D0243891B631DA3B8EB1576108C88463B2F66979EAC80
Endothelial cell markers	SYNE2+EC	46	ANKRD29	"ANKRD29"	0.535827663644567	3.39414979303028e-09	8.4975934218306e-05	0.339	0.337	Supplementary Table 2. Marker genes for endothelial cell clusters, related to Figure S2 and Figures 6.	F:/pan-gi-ici-ccc-20260709/GSE205506/supplement/mmc3.xlsx	28AA8BC71620AE3B667D0243891B631DA3B8EB1576108C88463B2F66979EAC80
Endothelial cell markers	SYNE2+EC	47	VPS13C	"VPS13C"	0.529181188732025	8.31127225409016e-11	2.08081012153401e-06	0.381	0.394	Supplementary Table 2. Marker genes for endothelial cell clusters, related to Figure S2 and Figures 6.	F:/pan-gi-ici-ccc-20260709/GSE205506/supplement/mmc3.xlsx	28AA8BC71620AE3B667D0243891B631DA3B8EB1576108C88463B2F66979EAC80
Endothelial cell markers	SYNE2+EC	48	RBM25	"RBM25"	0.528801133136175	1.59884003456915e-25	4.00285591054734e-21	0.564	0.623	Supplementary Table 2. Marker genes for endothelial cell clusters, related to Figure S2 and Figures 6.	F:/pan-gi-ici-ccc-20260709/GSE205506/supplement/mmc3.xlsx	28AA8BC71620AE3B667D0243891B631DA3B8EB1576108C88463B2F66979EAC80
Endothelial cell markers	SYNE2+EC	49	ZNF638	"ZNF638"	0.528008977623587	1.46034876972984e-11	3.65612917989563e-07	0.413	0.435	Supplementary Table 2. Marker genes for endothelial cell clusters, related to Figure S2 and Figures 6.	F:/pan-gi-ici-ccc-20260709/GSE205506/supplement/mmc3.xlsx	28AA8BC71620AE3B667D0243891B631DA3B8EB1576108C88463B2F66979EAC80
Endothelial cell markers	SYNE2+EC	50	CADM3-AS1	"CADM3-AS1"	0.52321072777223	1.58240541745845e-11	3.96171020314898e-07	0.293	0.265	Supplementary Table 2. Marker genes for endothelial cell clusters, related to Figure S2 and Figures 6.	F:/pan-gi-ici-ccc-20260709/GSE205506/supplement/mmc3.xlsx	28AA8BC71620AE3B667D0243891B631DA3B8EB1576108C88463B2F66979EAC80
Fibroblast markers	CCL2+Fibro	1	CXCL14	"CXCL14"	3.58251510960292	5.64592486560713e-294	1.4135137493534e-289	0.328	0.029	Supplementary Table 2. Marker genes for fibroblast clusters,related to Figure S2 and Figures 6.	F:/pan-gi-ici-ccc-20260709/GSE205506/supplement/mmc3.xlsx	28AA8BC71620AE3B667D0243891B631DA3B8EB1576108C88463B2F66979EAC80
Fibroblast markers	CCL2+Fibro	2	ADAMDEC1	"ADAMDEC1"	2.9699316559191	1.69309010426627e-242	4.23882038504104e-238	0.257	0.016	Supplementary Table 2. Marker genes for fibroblast clusters,related to Figure S2 and Figures 6.	F:/pan-gi-ici-ccc-20260709/GSE205506/supplement/mmc3.xlsx	28AA8BC71620AE3B667D0243891B631DA3B8EB1576108C88463B2F66979EAC80
Fibroblast markers	CCL2+Fibro	3	POSTN	"POSTN"	2.87772493691402	0	0	0.578	0.113	Supplementary Table 2. Marker genes for fibroblast clusters,related to Figure S2 and Figures 6.	F:/pan-gi-ici-ccc-20260709/GSE205506/supplement/mmc3.xlsx	28AA8BC71620AE3B667D0243891B631DA3B8EB1576108C88463B2F66979EAC80
Fibroblast markers	CCL2+Fibro	4	CCL11	"CCL11"	2.62986842777479	1.09015082065521e-235	2.72930159459238e-231	0.25	0.015	Supplementary Table 2. Marker genes for fibroblast clusters,related to Figure S2 and Figures 6.	F:/pan-gi-ici-ccc-20260709/GSE205506/supplement/mmc3.xlsx	28AA8BC71620AE3B667D0243891B631DA3B8EB1576108C88463B2F66979EAC80
Fibroblast markers	CCL2+Fibro	5	SOD2	"SOD2"	2.30021830650062	3.53871742717297e-269	8.85953295067026e-265	0.64	0.289	Supplementary Table 2. Marker genes for fibroblast clusters,related to Figure S2 and Figures 6.	F:/pan-gi-ici-ccc-20260709/GSE205506/supplement/mmc3.xlsx	28AA8BC71620AE3B667D0243891B631DA3B8EB1576108C88463B2F66979EAC80
Fibroblast markers	CCL2+Fibro	6	COL3A1	"COL3A1"	2.0238736010035	0	0	0.945	0.654	Supplementary Table 2. Marker genes for fibroblast clusters,related to Figure S2 and Figures 6.	F:/pan-gi-ici-ccc-20260709/GSE205506/supplement/mmc3.xlsx	28AA8BC71620AE3B667D0243891B631DA3B8EB1576108C88463B2F66979EAC80
Fibroblast markers	CCL2+Fibro	7	CTHRC1	"CTHRC1"	1.99315411654805	0	0	0.515	0.136	Supplementary Table 2. Marker genes for fibroblast clusters,related to Figure S2 and Figures 6.	F:/pan-gi-ici-ccc-20260709/GSE205506/supplement/mmc3.xlsx	28AA8BC71620AE3B667D0243891B631DA3B8EB1576108C88463B2F66979EAC80
Fibroblast markers	CCL2+Fibro	8	F3	"F3"	1.88522483551321	2.52215648796009e-172	6.31447098325689e-168	0.359	0.102	Supplementary Table 2. Marker genes for fibroblast clusters,related to Figure S2 and Figures 6.	F:/pan-gi-ici-ccc-20260709/GSE205506/supplement/mmc3.xlsx	28AA8BC71620AE3B667D0243891B631DA3B8EB1576108C88463B2F66979EAC80
Fibroblast markers	CCL2+Fibro	9	COL1A1	"COL1A1"	1.87124987445495	1.16258407893921e-273	2.9106455000322e-269	0.917	0.73	Supplementary Table 2. Marker genes for fibroblast clusters,related to Figure S2 and Figures 6.	F:/pan-gi-ici-ccc-20260709/GSE205506/supplement/mmc3.xlsx	28AA8BC71620AE3B667D0243891B631DA3B8EB1576108C88463B2F66979EAC80
Fibroblast markers	CCL2+Fibro	10	TMEM158	"TMEM158"	1.78809941774291	0	0	0.415	0.043	Supplementary Table 2. Marker genes for fibroblast clusters,related to Figure S2 and Figures 6.	F:/pan-gi-ici-ccc-20260709/GSE205506/supplement/mmc3.xlsx	28AA8BC71620AE3B667D0243891B631DA3B8EB1576108C88463B2F66979EAC80
Fibroblast markers	CCL2+Fibro	11	WNT5A	"WNT5A"	1.73790634677221	9.17001884623455e-278	2.29580591834328e-273	0.315	0.029	Supplementary Table 2. Marker genes for fibroblast clusters,related to Figure S2 and Figures 6.	F:/pan-gi-ici-ccc-20260709/GSE205506/supplement/mmc3.xlsx	28AA8BC71620AE3B667D0243891B631DA3B8EB1576108C88463B2F66979EAC80
Fibroblast markers	CCL2+Fibro	12	SFRP4	"SFRP4"	1.70783250412513	4.25565631671999e-93	1.06544611545402e-88	0.274	0.098	Supplementary Table 2. Marker genes for fibroblast clusters,related to Figure S2 and Figures 6.	F:/pan-gi-ici-ccc-20260709/GSE205506/supplement/mmc3.xlsx	28AA8BC71620AE3B667D0243891B631DA3B8EB1576108C88463B2F66979EAC80
Fibroblast markers	CCL2+Fibro	13	PLAU	"PLAU"	1.68437237473328	2.5545118191905e-133	6.39547579052534e-129	0.395	0.153	Supplementary Table 2. Marker genes for fibroblast clusters,related to Figure S2 and Figures 6.	F:/pan-gi-ici-ccc-20260709/GSE205506/supplement/mmc3.xlsx	28AA8BC71620AE3B667D0243891B631DA3B8EB1576108C88463B2F66979EAC80
Fibroblast markers	CCL2+Fibro	14	COL6A3	"COL6A3"	1.68209021703543	0	0	0.824	0.418	Supplementary Table 2. Marker genes for fibroblast clusters,related to Figure S2 and Figures 6.	F:/pan-gi-ici-ccc-20260709/GSE205506/supplement/mmc3.xlsx	28AA8BC71620AE3B667D0243891B631DA3B8EB1576108C88463B2F66979EAC80
Fibroblast markers	CCL2+Fibro	15	PTGDS	"PTGDS"	1.67193907563154	5.37348972674864e-210	1.34530688798879e-205	0.444	0.12	Supplementary Table 2. Marker genes for fibroblast clusters,related to Figure S2 and Figures 6.	F:/pan-gi-ici-ccc-20260709/GSE205506/supplement/mmc3.xlsx	28AA8BC71620AE3B667D0243891B631DA3B8EB1576108C88463B2F66979EAC80
Fibroblast markers	CCL2+Fibro	16	VCAN	"VCAN"	1.64736170342665	2.22527358991476e-278	5.57119495971059e-274	0.685	0.313	Supplementary Table 2. Marker genes for fibroblast clusters,related to Figure S2 and Figures 6.	F:/pan-gi-ici-ccc-20260709/GSE205506/supplement/mmc3.xlsx	28AA8BC71620AE3B667D0243891B631DA3B8EB1576108C88463B2F66979EAC80
Fibroblast markers	CCL2+Fibro	17	MMP11	"MMP11"	1.59836280575575	5.29963560692288e-132	1.32681677054921e-127	0.278	0.072	Supplementary Table 2. Marker genes for fibroblast clusters,related to Figure S2 and Figures 6.	F:/pan-gi-ici-ccc-20260709/GSE205506/supplement/mmc3.xlsx	28AA8BC71620AE3B667D0243891B631DA3B8EB1576108C88463B2F66979EAC80
Fibroblast markers	CCL2+Fibro	18	EMILIN1	"EMILIN1"	1.58777581518545	0	0	0.741	0.373	Supplementary Table 2. Marker genes for fibroblast clusters,related to Figure S2 and Figures 6.	F:/pan-gi-ici-ccc-20260709/GSE205506/supplement/mmc3.xlsx	28AA8BC71620AE3B667D0243891B631DA3B8EB1576108C88463B2F66979EAC80
Fibroblast markers	CCL2+Fibro	19	IER3	"IER3"	1.54421398806678	1.46779933349735e-49	3.67478241134397e-45	0.336	0.193	Supplementary Table 2. Marker genes for fibroblast clusters,related to Figure S2 and Figures 6.	F:/pan-gi-ici-ccc-20260709/GSE205506/supplement/mmc3.xlsx	28AA8BC71620AE3B667D0243891B631DA3B8EB1576108C88463B2F66979EAC80
Fibroblast markers	CCL2+Fibro	20	TNC	"TNC"	1.54193356146959	1.13123721633818e-110	2.83216549482427e-106	0.413	0.19	Supplementary Table 2. Marker genes for fibroblast clusters,related to Figure S2 and Figures 6.	F:/pan-gi-ici-ccc-20260709/GSE205506/supplement/mmc3.xlsx	28AA8BC71620AE3B667D0243891B631DA3B8EB1576108C88463B2F66979EAC80
Fibroblast markers	CCL2+Fibro	21	VMP1	"VMP1"	1.51775426661689	1.77394952229386e-286	4.4412600240149e-282	0.773	0.42	Supplementary Table 2. Marker genes for fibroblast clusters,related to Figure S2 and Figures 6.	F:/pan-gi-ici-ccc-20260709/GSE205506/supplement/mmc3.xlsx	28AA8BC71620AE3B667D0243891B631DA3B8EB1576108C88463B2F66979EAC80
Fibroblast markers	CCL2+Fibro	22	NEAT1	"NEAT1"	1.49116117601574	1.02766789813157e-174	2.57286934976221e-170	0.963	0.948	Supplementary Table 2. Marker genes for fibroblast clusters,related to Figure S2 and Figures 6.	F:/pan-gi-ici-ccc-20260709/GSE205506/supplement/mmc3.xlsx	28AA8BC71620AE3B667D0243891B631DA3B8EB1576108C88463B2F66979EAC80
Fibroblast markers	CCL2+Fibro	23	IGKC	"IGKC"	1.48964944628869	3.73936997547268e-175	9.36188667059341e-171	0.65	0.331	Supplementary Table 2. Marker genes for fibroblast clusters,related to Figure S2 and Figures 6.	F:/pan-gi-ici-ccc-20260709/GSE205506/supplement/mmc3.xlsx	28AA8BC71620AE3B667D0243891B631DA3B8EB1576108C88463B2F66979EAC80
Fibroblast markers	CCL2+Fibro	24	GREM1	"GREM1"	1.48838085950569	7.36158966025244e-149	1.8430475873408e-144	0.307	0.077	Supplementary Table 2. Marker genes for fibroblast clusters,related to Figure S2 and Figures 6.	F:/pan-gi-ici-ccc-20260709/GSE205506/supplement/mmc3.xlsx	28AA8BC71620AE3B667D0243891B631DA3B8EB1576108C88463B2F66979EAC80
Fibroblast markers	CCL2+Fibro	25	CCL2	"CCL2"	1.43143526548676	1.68466141851545e-101	4.21771832739527e-97	0.374	0.161	Supplementary Table 2. Marker genes for fibroblast clusters,related to Figure S2 and Figures 6.	F:/pan-gi-ici-ccc-20260709/GSE205506/supplement/mmc3.xlsx	28AA8BC71620AE3B667D0243891B631DA3B8EB1576108C88463B2F66979EAC80
Fibroblast markers	CCL2+Fibro	26	TCIM	"TCIM"	1.43112075089807	9.43992693399482e-115	2.36338010719494e-110	0.33	0.123	Supplementary Table 2. Marker genes for fibroblast clusters,related to Figure S2 and Figures 6.	F:/pan-gi-ici-ccc-20260709/GSE205506/supplement/mmc3.xlsx	28AA8BC71620AE3B667D0243891B631DA3B8EB1576108C88463B2F66979EAC80
Fibroblast markers	CCL2+Fibro	27	CDH11	"CDH11"	1.41323347369655	0	0	0.622	0.172	Supplementary Table 2. Marker genes for fibroblast clusters,related to Figure S2 and Figures 6.	F:/pan-gi-ici-ccc-20260709/GSE205506/supplement/mmc3.xlsx	28AA8BC71620AE3B667D0243891B631DA3B8EB1576108C88463B2F66979EAC80
Fibroblast markers	CCL2+Fibro	28	INHBA	"INHBA"	1.41177432775452	2.16679987240308e-175	5.42480016054835e-171	0.381	0.109	Supplementary Table 2. Marker genes for fibroblast clusters,related to Figure S2 and Figures 6.	F:/pan-gi-ici-ccc-20260709/GSE205506/supplement/mmc3.xlsx	28AA8BC71620AE3B667D0243891B631DA3B8EB1576108C88463B2F66979EAC80
Fibroblast markers	CCL2+Fibro	29	COL5A2	"COL5A2"	1.40910888705067	4.71802144343074e-238	1.18120384857732e-233	0.723	0.399	Supplementary Table 2. Marker genes for fibroblast clusters,related to Figure S2 and Figures 6.	F:/pan-gi-ici-ccc-20260709/GSE205506/supplement/mmc3.xlsx	28AA8BC71620AE3B667D0243891B631DA3B8EB1576108C88463B2F66979EAC80
Fibroblast markers	CCL2+Fibro	30	PLAT	"PLAT"	1.4068640268854	4.35109013414542e-124	1.08933892598465e-119	0.514	0.254	Supplementary Table 2. Marker genes for fibroblast clusters,related to Figure S2 and Figures 6.	F:/pan-gi-ici-ccc-20260709/GSE205506/supplement/mmc3.xlsx	28AA8BC71620AE3B667D0243891B631DA3B8EB1576108C88463B2F66979EAC80
Fibroblast markers	CCL2+Fibro	31	MXRA5	"MXRA5"	1.3810856635469	3.55699228238259e-292	8.90528587817306e-288	0.492	0.118	Supplementary Table 2. Marker genes for fibroblast clusters,related to Figure S2 and Figures 6.	F:/pan-gi-ici-ccc-20260709/GSE205506/supplement/mmc3.xlsx	28AA8BC71620AE3B667D0243891B631DA3B8EB1576108C88463B2F66979EAC80
Fibroblast markers	CCL2+Fibro	32	COL7A1	"COL7A1"	1.36300975185348	1.67634999449088e-210	4.19690984620736e-206	0.269	0.032	Supplementary Table 2. Marker genes for fibroblast clusters,related to Figure S2 and Figures 6.	F:/pan-gi-ici-ccc-20260709/GSE205506/supplement/mmc3.xlsx	28AA8BC71620AE3B667D0243891B631DA3B8EB1576108C88463B2F66979EAC80
Fibroblast markers	CCL2+Fibro	33	COL5A1	"COL5A1"	1.33859571998698	9.25768185091006e-204	2.31775322819384e-199	0.635	0.316	Supplementary Table 2. Marker genes for fibroblast clusters,related to Figure S2 and Figures 6.	F:/pan-gi-ici-ccc-20260709/GSE205506/supplement/mmc3.xlsx	28AA8BC71620AE3B667D0243891B631DA3B8EB1576108C88463B2F66979EAC80
Fibroblast markers	CCL2+Fibro	34	TIMP1	"TIMP1"	1.32084010100548	9.81584989447829e-93	2.45749617958158e-88	0.858	0.75	Supplementary Table 2. Marker genes for fibroblast clusters,related to Figure S2 and Figures 6.	F:/pan-gi-ici-ccc-20260709/GSE205506/supplement/mmc3.xlsx	28AA8BC71620AE3B667D0243891B631DA3B8EB1576108C88463B2F66979EAC80
Fibroblast markers	CCL2+Fibro	35	COL1A2	"COL1A2"	1.30343193677417	2.31361533321017e-204	5.79236734822498e-200	0.931	0.716	Supplementary Table 2. Marker genes for fibroblast clusters,related to Figure S2 and Figures 6.	F:/pan-gi-ici-ccc-20260709/GSE205506/supplement/mmc3.xlsx	28AA8BC71620AE3B667D0243891B631DA3B8EB1576108C88463B2F66979EAC80
Fibroblast markers	CCL2+Fibro	36	FAP	"FAP"	1.29797861212608	1.44362185601563e-295	3.61425167872074e-291	0.435	0.079	Supplementary Table 2. Marker genes for fibroblast clusters,related to Figure S2 and Figures 6.	F:/pan-gi-ici-ccc-20260709/GSE205506/supplement/mmc3.xlsx	28AA8BC71620AE3B667D0243891B631DA3B8EB1576108C88463B2F66979EAC80
Fibroblast markers	CCL2+Fibro	37	COL12A1	"COL12A1"	1.27715960657487	7.27266055400785e-104	1.82078329630141e-99	0.591	0.38	Supplementary Table 2. Marker genes for fibroblast clusters,related to Figure S2 and Figures 6.	F:/pan-gi-ici-ccc-20260709/GSE205506/supplement/mmc3.xlsx	28AA8BC71620AE3B667D0243891B631DA3B8EB1576108C88463B2F66979EAC80
Fibroblast markers	CCL2+Fibro	38	NBL1	"NBL1"	1.26425175509582	3.0820751129707e-156	7.71628325283345e-152	0.62	0.386	Supplementary Table 2. Marker genes for fibroblast clusters,related to Figure S2 and Figures 6.	F:/pan-gi-ici-ccc-20260709/GSE205506/supplement/mmc3.xlsx	28AA8BC71620AE3B667D0243891B631DA3B8EB1576108C88463B2F66979EAC80
Fibroblast markers	CCL2+Fibro	39	CTSC	"CTSC"	1.2426458516219	1.04155519292409e-199	2.60763758100475e-195	0.523	0.185	Supplementary Table 2. Marker genes for fibroblast clusters,related to Figure S2 and Figures 6.	F:/pan-gi-ici-ccc-20260709/GSE205506/supplement/mmc3.xlsx	28AA8BC71620AE3B667D0243891B631DA3B8EB1576108C88463B2F66979EAC80
Fibroblast markers	CCL2+Fibro	40	PDPN	"PDPN"	1.21042603676465	8.82738000463436e-292	2.21002285796026e-287	0.422	0.075	Supplementary Table 2. Marker genes for fibroblast clusters,related to Figure S2 and Figures 6.	F:/pan-gi-ici-ccc-20260709/GSE205506/supplement/mmc3.xlsx	28AA8BC71620AE3B667D0243891B631DA3B8EB1576108C88463B2F66979EAC80
Fibroblast markers	CCL2+Fibro	41	SAT1	"SAT1"	1.18683354102641	2.49763518445988e-132	6.25307944781375e-128	0.726	0.502	Supplementary Table 2. Marker genes for fibroblast clusters,related to Figure S2 and Figures 6.	F:/pan-gi-ici-ccc-20260709/GSE205506/supplement/mmc3.xlsx	28AA8BC71620AE3B667D0243891B631DA3B8EB1576108C88463B2F66979EAC80
Fibroblast markers	CCL2+Fibro	42	IL32	"IL32"	1.15262285974918	3.39539482756266e-140	8.50071049028588e-136	0.536	0.264	Supplementary Table 2. Marker genes for fibroblast clusters,related to Figure S2 and Figures 6.	F:/pan-gi-ici-ccc-20260709/GSE205506/supplement/mmc3.xlsx	28AA8BC71620AE3B667D0243891B631DA3B8EB1576108C88463B2F66979EAC80
Fibroblast markers	CCL2+Fibro	43	PDGFRA	"PDGFRA"	1.13167482688894	2.18964719078124e-162	5.48200070683991e-158	0.54	0.228	Supplementary Table 2. Marker genes for fibroblast clusters,related to Figure S2 and Figures 6.	F:/pan-gi-ici-ccc-20260709/GSE205506/supplement/mmc3.xlsx	28AA8BC71620AE3B667D0243891B631DA3B8EB1576108C88463B2F66979EAC80
Fibroblast markers	CCL2+Fibro	44	SULF1	"SULF1"	1.12930278725409	3.30124582967214e-122	8.26499905916716e-118	0.486	0.251	Supplementary Table 2. Marker genes for fibroblast clusters,related to Figure S2 and Figures 6.	F:/pan-gi-ici-ccc-20260709/GSE205506/supplement/mmc3.xlsx	28AA8BC71620AE3B667D0243891B631DA3B8EB1576108C88463B2F66979EAC80
Fibroblast markers	CCL2+Fibro	45	FTH1	"FTH1"	1.12522177055504	5.88210807362222e-29	1.47264457731206e-24	0.94	0.963	Supplementary Table 2. Marker genes for fibroblast clusters,related to Figure S2 and Figures 6.	F:/pan-gi-ici-ccc-20260709/GSE205506/supplement/mmc3.xlsx	28AA8BC71620AE3B667D0243891B631DA3B8EB1576108C88463B2F66979EAC80
Fibroblast markers	CCL2+Fibro	46	COL6A1	"COL6A1"	1.1229555468313	6.09507108938196e-177	1.52596199793767e-172	0.876	0.741	Supplementary Table 2. Marker genes for fibroblast clusters,related to Figure S2 and Figures 6.	F:/pan-gi-ici-ccc-20260709/GSE205506/supplement/mmc3.xlsx	28AA8BC71620AE3B667D0243891B631DA3B8EB1576108C88463B2F66979EAC80
Fibroblast markers	CCL2+Fibro	47	CTSB	"CTSB"	1.11186803019494	5.45396413551137e-172	1.36545446096663e-167	0.604	0.339	Supplementary Table 2. Marker genes for fibroblast clusters,related to Figure S2 and Figures 6.	F:/pan-gi-ici-ccc-20260709/GSE205506/supplement/mmc3.xlsx	28AA8BC71620AE3B667D0243891B631DA3B8EB1576108C88463B2F66979EAC80
Fibroblast markers	CCL2+Fibro	48	VCAM1	"VCAM1"	1.10615040946439	4.5878224771111e-179	1.14860723536953e-174	0.412	0.129	Supplementary Table 2. Marker genes for fibroblast clusters,related to Figure S2 and Figures 6.	F:/pan-gi-ici-ccc-20260709/GSE205506/supplement/mmc3.xlsx	28AA8BC71620AE3B667D0243891B631DA3B8EB1576108C88463B2F66979EAC80
Fibroblast markers	CCL2+Fibro	49	XIST	"XIST"	1.10321362908925	2.5546142797301e-94	6.39573231073228e-90	0.473	0.251	Supplementary Table 2. Marker genes for fibroblast clusters,related to Figure S2 and Figures 6.	F:/pan-gi-ici-ccc-20260709/GSE205506/supplement/mmc3.xlsx	28AA8BC71620AE3B667D0243891B631DA3B8EB1576108C88463B2F66979EAC80
Fibroblast markers	CCL2+Fibro	50	CD74	"CD74"	1.09912314212976	5.3686387336919e-87	1.3440923933671e-82	0.473	0.27	Supplementary Table 2. Marker genes for fibroblast clusters,related to Figure S2 and Figures 6.	F:/pan-gi-ici-ccc-20260709/GSE205506/supplement/mmc3.xlsx	28AA8BC71620AE3B667D0243891B631DA3B8EB1576108C88463B2F66979EAC80
Fibroblast markers	CXCL12+Fibro	1	CFD	"CFD"	5.89746684739649	0	0	0.864	0.101	Supplementary Table 2. Marker genes for fibroblast clusters,related to Figure S2 and Figures 6.	F:/pan-gi-ici-ccc-20260709/GSE205506/supplement/mmc3.xlsx	28AA8BC71620AE3B667D0243891B631DA3B8EB1576108C88463B2F66979EAC80
Fibroblast markers	CXCL12+Fibro	2	MFAP5	"MFAP5"	4.46429093605895	0	0	0.79	0.057	Supplementary Table 2. Marker genes for fibroblast clusters,related to Figure S2 and Figures 6.	F:/pan-gi-ici-ccc-20260709/GSE205506/supplement/mmc3.xlsx	28AA8BC71620AE3B667D0243891B631DA3B8EB1576108C88463B2F66979EAC80
Fibroblast markers	CXCL12+Fibro	3	SFRP2	"SFRP2"	4.10466557515019	0	0	0.847	0.134	Supplementary Table 2. Marker genes for fibroblast clusters,related to Figure S2 and Figures 6.	F:/pan-gi-ici-ccc-20260709/GSE205506/supplement/mmc3.xlsx	28AA8BC71620AE3B667D0243891B631DA3B8EB1576108C88463B2F66979EAC80
Fibroblast markers	CXCL12+Fibro	4	SLPI	"SLPI"	4.03185293523322	0	0	0.533	0.013	Supplementary Table 2. Marker genes for fibroblast clusters,related to Figure S2 and Figures 6.	F:/pan-gi-ici-ccc-20260709/GSE205506/supplement/mmc3.xlsx	28AA8BC71620AE3B667D0243891B631DA3B8EB1576108C88463B2F66979EAC80
Fibroblast markers	CXCL12+Fibro	5	TNXB	"TNXB"	3.95853614018911	0	0	0.864	0.046	Supplementary Table 2. Marker genes for fibroblast clusters,related to Figure S2 and Figures 6.	F:/pan-gi-ici-ccc-20260709/GSE205506/supplement/mmc3.xlsx	28AA8BC71620AE3B667D0243891B631DA3B8EB1576108C88463B2F66979EAC80
Fibroblast markers	CXCL12+Fibro	6	IGFBP6	"IGFBP6"	3.7406465305704	0	0	0.825	0.265	Supplementary Table 2. Marker genes for fibroblast clusters,related to Figure S2 and Figures 6.	F:/pan-gi-ici-ccc-20260709/GSE205506/supplement/mmc3.xlsx	28AA8BC71620AE3B667D0243891B631DA3B8EB1576108C88463B2F66979EAC80
Fibroblast markers	CXCL12+Fibro	7	DCN	"DCN"	3.43589046217399	0	0	0.981	0.422	Supplementary Table 2. Marker genes for fibroblast clusters,related to Figure S2 and Figures 6.	F:/pan-gi-ici-ccc-20260709/GSE205506/supplement/mmc3.xlsx	28AA8BC71620AE3B667D0243891B631DA3B8EB1576108C88463B2F66979EAC80
Fibroblast markers	CXCL12+Fibro	8	MGP	"MGP"	3.30979995099425	0	0	0.982	0.653	Supplementary Table 2. Marker genes for fibroblast clusters,related to Figure S2 and Figures 6.	F:/pan-gi-ici-ccc-20260709/GSE205506/supplement/mmc3.xlsx	28AA8BC71620AE3B667D0243891B631DA3B8EB1576108C88463B2F66979EAC80
Fibroblast markers	CXCL12+Fibro	9	SFRP1	"SFRP1"	3.16165418253275	0	0	0.713	0.019	Supplementary Table 2. Marker genes for fibroblast clusters,related to Figure S2 and Figures 6.	F:/pan-gi-ici-ccc-20260709/GSE205506/supplement/mmc3.xlsx	28AA8BC71620AE3B667D0243891B631DA3B8EB1576108C88463B2F66979EAC80
Fibroblast markers	CXCL12+Fibro	10	FBLN1	"FBLN1"	3.15744970283003	0	0	0.96	0.323	Supplementary Table 2. Marker genes for fibroblast clusters,related to Figure S2 and Figures 6.	F:/pan-gi-ici-ccc-20260709/GSE205506/supplement/mmc3.xlsx	28AA8BC71620AE3B667D0243891B631DA3B8EB1576108C88463B2F66979EAC80
Fibroblast markers	CXCL12+Fibro	11	GSN	"GSN"	3.10971960247551	0	0	0.985	0.753	Supplementary Table 2. Marker genes for fibroblast clusters,related to Figure S2 and Figures 6.	F:/pan-gi-ici-ccc-20260709/GSE205506/supplement/mmc3.xlsx	28AA8BC71620AE3B667D0243891B631DA3B8EB1576108C88463B2F66979EAC80
Fibroblast markers	CXCL12+Fibro	12	EFEMP1	"EFEMP1"	3.10503815301903	0	0	0.858	0.149	Supplementary Table 2. Marker genes for fibroblast clusters,related to Figure S2 and Figures 6.	F:/pan-gi-ici-ccc-20260709/GSE205506/supplement/mmc3.xlsx	28AA8BC71620AE3B667D0243891B631DA3B8EB1576108C88463B2F66979EAC80
Fibroblast markers	CXCL12+Fibro	13	ADH1B	"ADH1B"	3.01746702528136	0	0	0.755	0.046	Supplementary Table 2. Marker genes for fibroblast clusters,related to Figure S2 and Figures 6.	F:/pan-gi-ici-ccc-20260709/GSE205506/supplement/mmc3.xlsx	28AA8BC71620AE3B667D0243891B631DA3B8EB1576108C88463B2F66979EAC80
Fibroblast markers	CXCL12+Fibro	14	CCDC80	"CCDC80"	2.97889208126477	0	0	0.95	0.391	Supplementary Table 2. Marker genes for fibroblast clusters,related to Figure S2 and Figures 6.	F:/pan-gi-ici-ccc-20260709/GSE205506/supplement/mmc3.xlsx	28AA8BC71620AE3B667D0243891B631DA3B8EB1576108C88463B2F66979EAC80
Fibroblast markers	CXCL12+Fibro	15	FBLN2	"FBLN2"	2.87521305383005	0	0	0.814	0.153	Supplementary Table 2. Marker genes for fibroblast clusters,related to Figure S2 and Figures 6.	F:/pan-gi-ici-ccc-20260709/GSE205506/supplement/mmc3.xlsx	28AA8BC71620AE3B667D0243891B631DA3B8EB1576108C88463B2F66979EAC80
Fibroblast markers	CXCL12+Fibro	16	CD55	"CD55"	2.85989677617683	0	0	0.74	0.208	Supplementary Table 2. Marker genes for fibroblast clusters,related to Figure S2 and Figures 6.	F:/pan-gi-ici-ccc-20260709/GSE205506/supplement/mmc3.xlsx	28AA8BC71620AE3B667D0243891B631DA3B8EB1576108C88463B2F66979EAC80
Fibroblast markers	CXCL12+Fibro	17	PI16	"PI16"	2.84015232510098	0	0	0.557	0.003	Supplementary Table 2. Marker genes for fibroblast clusters,related to Figure S2 and Figures 6.	F:/pan-gi-ici-ccc-20260709/GSE205506/supplement/mmc3.xlsx	28AA8BC71620AE3B667D0243891B631DA3B8EB1576108C88463B2F66979EAC80
Fibroblast markers	CXCL12+Fibro	18	ITM2A	"ITM2A"	2.81971692907496	0	0	0.675	0.028	Supplementary Table 2. Marker genes for fibroblast clusters,related to Figure S2 and Figures 6.	F:/pan-gi-ici-ccc-20260709/GSE205506/supplement/mmc3.xlsx	28AA8BC71620AE3B667D0243891B631DA3B8EB1576108C88463B2F66979EAC80
Fibroblast markers	CXCL12+Fibro	19	PCOLCE2	"PCOLCE2"	2.8070358603737	0	0	0.626	0.004	Supplementary Table 2. Marker genes for fibroblast clusters,related to Figure S2 and Figures 6.	F:/pan-gi-ici-ccc-20260709/GSE205506/supplement/mmc3.xlsx	28AA8BC71620AE3B667D0243891B631DA3B8EB1576108C88463B2F66979EAC80
Fibroblast markers	CXCL12+Fibro	20	OGN	"OGN"	2.73319374706218	0	0	0.81	0.079	Supplementary Table 2. Marker genes for fibroblast clusters,related to Figure S2 and Figures 6.	F:/pan-gi-ici-ccc-20260709/GSE205506/supplement/mmc3.xlsx	28AA8BC71620AE3B667D0243891B631DA3B8EB1576108C88463B2F66979EAC80
Fibroblast markers	CXCL12+Fibro	21	PLAC9	"PLAC9"	2.56668492789597	0	0	0.773	0.36	Supplementary Table 2. Marker genes for fibroblast clusters,related to Figure S2 and Figures 6.	F:/pan-gi-ici-ccc-20260709/GSE205506/supplement/mmc3.xlsx	28AA8BC71620AE3B667D0243891B631DA3B8EB1576108C88463B2F66979EAC80
Fibroblast markers	CXCL12+Fibro	22	PLPP3	"PLPP3"	2.55208348905243	0	0	0.77	0.275	Supplementary Table 2. Marker genes for fibroblast clusters,related to Figure S2 and Figures 6.	F:/pan-gi-ici-ccc-20260709/GSE205506/supplement/mmc3.xlsx	28AA8BC71620AE3B667D0243891B631DA3B8EB1576108C88463B2F66979EAC80
Fibroblast markers	CXCL12+Fibro	23	SCARA5	"SCARA5"	2.39060506804299	0	0	0.648	0.03	Supplementary Table 2. Marker genes for fibroblast clusters,related to Figure S2 and Figures 6.	F:/pan-gi-ici-ccc-20260709/GSE205506/supplement/mmc3.xlsx	28AA8BC71620AE3B667D0243891B631DA3B8EB1576108C88463B2F66979EAC80
Fibroblast markers	CXCL12+Fibro	24	FBN1	"FBN1"	2.39030452572033	0	0	0.839	0.336	Supplementary Table 2. Marker genes for fibroblast clusters,related to Figure S2 and Figures 6.	F:/pan-gi-ici-ccc-20260709/GSE205506/supplement/mmc3.xlsx	28AA8BC71620AE3B667D0243891B631DA3B8EB1576108C88463B2F66979EAC80
Fibroblast markers	CXCL12+Fibro	25	LTBP4	"LTBP4"	2.25748626542704	0	0	0.908	0.386	Supplementary Table 2. Marker genes for fibroblast clusters,related to Figure S2 and Figures 6.	F:/pan-gi-ici-ccc-20260709/GSE205506/supplement/mmc3.xlsx	28AA8BC71620AE3B667D0243891B631DA3B8EB1576108C88463B2F66979EAC80
Fibroblast markers	CXCL12+Fibro	26	CLEC3B	"CLEC3B"	2.24311382682922	0	0	0.471	0.009	Supplementary Table 2. Marker genes for fibroblast clusters,related to Figure S2 and Figures 6.	F:/pan-gi-ici-ccc-20260709/GSE205506/supplement/mmc3.xlsx	28AA8BC71620AE3B667D0243891B631DA3B8EB1576108C88463B2F66979EAC80
Fibroblast markers	CXCL12+Fibro	27	SEMA3C	"SEMA3C"	2.18652743797115	0	0	0.632	0.089	Supplementary Table 2. Marker genes for fibroblast clusters,related to Figure S2 and Figures 6.	F:/pan-gi-ici-ccc-20260709/GSE205506/supplement/mmc3.xlsx	28AA8BC71620AE3B667D0243891B631DA3B8EB1576108C88463B2F66979EAC80
Fibroblast markers	CXCL12+Fibro	28	WISP2	"WISP2"	2.14580941734304	0	0	0.55	0.061	Supplementary Table 2. Marker genes for fibroblast clusters,related to Figure S2 and Figures 6.	F:/pan-gi-ici-ccc-20260709/GSE205506/supplement/mmc3.xlsx	28AA8BC71620AE3B667D0243891B631DA3B8EB1576108C88463B2F66979EAC80
Fibroblast markers	CXCL12+Fibro	29	CST3	"CST3"	2.11804771350229	0	0	0.976	0.743	Supplementary Table 2. Marker genes for fibroblast clusters,related to Figure S2 and Figures 6.	F:/pan-gi-ici-ccc-20260709/GSE205506/supplement/mmc3.xlsx	28AA8BC71620AE3B667D0243891B631DA3B8EB1576108C88463B2F66979EAC80
Fibroblast markers	CXCL12+Fibro	30	GPX3	"GPX3"	2.11147748509567	0	0	0.709	0.259	Supplementary Table 2. Marker genes for fibroblast clusters,related to Figure S2 and Figures 6.	F:/pan-gi-ici-ccc-20260709/GSE205506/supplement/mmc3.xlsx	28AA8BC71620AE3B667D0243891B631DA3B8EB1576108C88463B2F66979EAC80
Fibroblast markers	CXCL12+Fibro	31	GPNMB	"GPNMB"	2.09078984221776	0	0	0.816	0.294	Supplementary Table 2. Marker genes for fibroblast clusters,related to Figure S2 and Figures 6.	F:/pan-gi-ici-ccc-20260709/GSE205506/supplement/mmc3.xlsx	28AA8BC71620AE3B667D0243891B631DA3B8EB1576108C88463B2F66979EAC80
Fibroblast markers	CXCL12+Fibro	32	CXCL12	"CXCL12"	2.0861711898113	0	0	0.804	0.227	Supplementary Table 2. Marker genes for fibroblast clusters,related to Figure S2 and Figures 6.	F:/pan-gi-ici-ccc-20260709/GSE205506/supplement/mmc3.xlsx	28AA8BC71620AE3B667D0243891B631DA3B8EB1576108C88463B2F66979EAC80
Fibroblast markers	CXCL12+Fibro	33	C1QTNF3	"C1QTNF3"	2.06596284512561	0	0	0.554	0.04	Supplementary Table 2. Marker genes for fibroblast clusters,related to Figure S2 and Figures 6.	F:/pan-gi-ici-ccc-20260709/GSE205506/supplement/mmc3.xlsx	28AA8BC71620AE3B667D0243891B631DA3B8EB1576108C88463B2F66979EAC80
Fibroblast markers	CXCL12+Fibro	34	PLA2G2A	"PLA2G2A"	2.02411434450415	2.43578713916904e-217	6.0982366816236e-213	0.28	0.034	Supplementary Table 2. Marker genes for fibroblast clusters,related to Figure S2 and Figures 6.	F:/pan-gi-ici-ccc-20260709/GSE205506/supplement/mmc3.xlsx	28AA8BC71620AE3B667D0243891B631DA3B8EB1576108C88463B2F66979EAC80
Fibroblast markers	CXCL12+Fibro	35	FSTL1	"FSTL1"	2.00468781219487	0	0	0.876	0.455	Supplementary Table 2. Marker genes for fibroblast clusters,related to Figure S2 and Figures 6.	F:/pan-gi-ici-ccc-20260709/GSE205506/supplement/mmc3.xlsx	28AA8BC71620AE3B667D0243891B631DA3B8EB1576108C88463B2F66979EAC80
Fibroblast markers	CXCL12+Fibro	36	CILP	"CILP"	1.97979331069237	0	0	0.579	0.06	Supplementary Table 2. Marker genes for fibroblast clusters,related to Figure S2 and Figures 6.	F:/pan-gi-ici-ccc-20260709/GSE205506/supplement/mmc3.xlsx	28AA8BC71620AE3B667D0243891B631DA3B8EB1576108C88463B2F66979EAC80
Fibroblast markers	CXCL12+Fibro	37	S100A10	"S100A10"	1.97912092628489	0	0	0.928	0.453	Supplementary Table 2. Marker genes for fibroblast clusters,related to Figure S2 and Figures 6.	F:/pan-gi-ici-ccc-20260709/GSE205506/supplement/mmc3.xlsx	28AA8BC71620AE3B667D0243891B631DA3B8EB1576108C88463B2F66979EAC80
Fibroblast markers	CXCL12+Fibro	38	CD248	"CD248"	1.92271443379639	0	0	0.703	0.212	Supplementary Table 2. Marker genes for fibroblast clusters,related to Figure S2 and Figures 6.	F:/pan-gi-ici-ccc-20260709/GSE205506/supplement/mmc3.xlsx	28AA8BC71620AE3B667D0243891B631DA3B8EB1576108C88463B2F66979EAC80
Fibroblast markers	CXCL12+Fibro	39	MGST1	"MGST1"	1.87026726970178	0	0	0.639	0.066	Supplementary Table 2. Marker genes for fibroblast clusters,related to Figure S2 and Figures 6.	F:/pan-gi-ici-ccc-20260709/GSE205506/supplement/mmc3.xlsx	28AA8BC71620AE3B667D0243891B631DA3B8EB1576108C88463B2F66979EAC80
Fibroblast markers	CXCL12+Fibro	40	PLTP	"PLTP"	1.86492276722531	0	0	0.722	0.191	Supplementary Table 2. Marker genes for fibroblast clusters,related to Figure S2 and Figures 6.	F:/pan-gi-ici-ccc-20260709/GSE205506/supplement/mmc3.xlsx	28AA8BC71620AE3B667D0243891B631DA3B8EB1576108C88463B2F66979EAC80
Fibroblast markers	CXCL12+Fibro	41	CADM3	"CADM3"	1.85971328493091	0	0	0.476	0.009	Supplementary Table 2. Marker genes for fibroblast clusters,related to Figure S2 and Figures 6.	F:/pan-gi-ici-ccc-20260709/GSE205506/supplement/mmc3.xlsx	28AA8BC71620AE3B667D0243891B631DA3B8EB1576108C88463B2F66979EAC80
Fibroblast markers	CXCL12+Fibro	42	OSR2	"OSR2"	1.84284660152482	0	0	0.544	0.05	Supplementary Table 2. Marker genes for fibroblast clusters,related to Figure S2 and Figures 6.	F:/pan-gi-ici-ccc-20260709/GSE205506/supplement/mmc3.xlsx	28AA8BC71620AE3B667D0243891B631DA3B8EB1576108C88463B2F66979EAC80
Fibroblast markers	CXCL12+Fibro	43	CYBRD1	"CYBRD1"	1.83597824864161	0	0	0.809	0.296	Supplementary Table 2. Marker genes for fibroblast clusters,related to Figure S2 and Figures 6.	F:/pan-gi-ici-ccc-20260709/GSE205506/supplement/mmc3.xlsx	28AA8BC71620AE3B667D0243891B631DA3B8EB1576108C88463B2F66979EAC80
Fibroblast markers	CXCL12+Fibro	44	GLUL	"GLUL"	1.79110195848359	8.52054030486659e-206	2.1332024707264e-201	0.646	0.31	Supplementary Table 2. Marker genes for fibroblast clusters,related to Figure S2 and Figures 6.	F:/pan-gi-ici-ccc-20260709/GSE205506/supplement/mmc3.xlsx	28AA8BC71620AE3B667D0243891B631DA3B8EB1576108C88463B2F66979EAC80
Fibroblast markers	CXCL12+Fibro	45	PRELP	"PRELP"	1.76397257021929	0	0	0.716	0.198	Supplementary Table 2. Marker genes for fibroblast clusters,related to Figure S2 and Figures 6.	F:/pan-gi-ici-ccc-20260709/GSE205506/supplement/mmc3.xlsx	28AA8BC71620AE3B667D0243891B631DA3B8EB1576108C88463B2F66979EAC80
Fibroblast markers	CXCL12+Fibro	46	KLF4	"KLF4"	1.75789482348049	0	0	0.639	0.152	Supplementary Table 2. Marker genes for fibroblast clusters,related to Figure S2 and Figures 6.	F:/pan-gi-ici-ccc-20260709/GSE205506/supplement/mmc3.xlsx	28AA8BC71620AE3B667D0243891B631DA3B8EB1576108C88463B2F66979EAC80
Fibroblast markers	CXCL12+Fibro	47	KRT24	"KRT24"	1.74866754799758	0	0	0.386	0	Supplementary Table 2. Marker genes for fibroblast clusters,related to Figure S2 and Figures 6.	F:/pan-gi-ici-ccc-20260709/GSE205506/supplement/mmc3.xlsx	28AA8BC71620AE3B667D0243891B631DA3B8EB1576108C88463B2F66979EAC80
Fibroblast markers	CXCL12+Fibro	48	TIMP2	"TIMP2"	1.70561575941156	0	0	0.942	0.585	Supplementary Table 2. Marker genes for fibroblast clusters,related to Figure S2 and Figures 6.	F:/pan-gi-ici-ccc-20260709/GSE205506/supplement/mmc3.xlsx	28AA8BC71620AE3B667D0243891B631DA3B8EB1576108C88463B2F66979EAC80
Fibroblast markers	CXCL12+Fibro	49	CLU	"CLU"	1.70022130425296	0	0	0.794	0.24	Supplementary Table 2. Marker genes for fibroblast clusters,related to Figure S2 and Figures 6.	F:/pan-gi-ici-ccc-20260709/GSE205506/supplement/mmc3.xlsx	28AA8BC71620AE3B667D0243891B631DA3B8EB1576108C88463B2F66979EAC80
Fibroblast markers	CXCL12+Fibro	50	C17orf58	"C17orf58"	1.6980946832139	0	0	0.444	0.066	Supplementary Table 2. Marker genes for fibroblast clusters,related to Figure S2 and Figures 6.	F:/pan-gi-ici-ccc-20260709/GSE205506/supplement/mmc3.xlsx	28AA8BC71620AE3B667D0243891B631DA3B8EB1576108C88463B2F66979EAC80
Fibroblast markers	Myofibroblast	1	MYH11	"MYH11"	3.90981449384541	0	0	0.869	0.07	Supplementary Table 2. Marker genes for fibroblast clusters,related to Figure S2 and Figures 6.	F:/pan-gi-ici-ccc-20260709/GSE205506/supplement/mmc3.xlsx	28AA8BC71620AE3B667D0243891B631DA3B8EB1576108C88463B2F66979EAC80
Fibroblast markers	Myofibroblast	2	ACTA2	"ACTA2"	3.79020071539692	0	0	0.976	0.364	Supplementary Table 2. Marker genes for fibroblast clusters,related to Figure S2 and Figures 6.	F:/pan-gi-ici-ccc-20260709/GSE205506/supplement/mmc3.xlsx	28AA8BC71620AE3B667D0243891B631DA3B8EB1576108C88463B2F66979EAC80
Fibroblast markers	Myofibroblast	3	ADIRF	"ADIRF"	3.58187651923908	0	0	0.89	0.242	Supplementary Table 2. Marker genes for fibroblast clusters,related to Figure S2 and Figures 6.	F:/pan-gi-ici-ccc-20260709/GSE205506/supplement/mmc3.xlsx	28AA8BC71620AE3B667D0243891B631DA3B8EB1576108C88463B2F66979EAC80
Fibroblast markers	Myofibroblast	4	RERGL	"RERGL"	3.57898558501241	0	0	0.615	0.01	Supplementary Table 2. Marker genes for fibroblast clusters,related to Figure S2 and Figures 6.	F:/pan-gi-ici-ccc-20260709/GSE205506/supplement/mmc3.xlsx	28AA8BC71620AE3B667D0243891B631DA3B8EB1576108C88463B2F66979EAC80
Fibroblast markers	Myofibroblast	5	MCAM	"MCAM"	3.51296667912468	0	0	0.927	0.065	Supplementary Table 2. Marker genes for fibroblast clusters,related to Figure S2 and Figures 6.	F:/pan-gi-ici-ccc-20260709/GSE205506/supplement/mmc3.xlsx	28AA8BC71620AE3B667D0243891B631DA3B8EB1576108C88463B2F66979EAC80
Fibroblast markers	Myofibroblast	6	TAGLN	"TAGLN"	3.16048619266527	0	0	0.961	0.413	Supplementary Table 2. Marker genes for fibroblast clusters,related to Figure S2 and Figures 6.	F:/pan-gi-ici-ccc-20260709/GSE205506/supplement/mmc3.xlsx	28AA8BC71620AE3B667D0243891B631DA3B8EB1576108C88463B2F66979EAC80
Fibroblast markers	Myofibroblast	7	PLN	"PLN"	3.00513126683177	0	0	0.721	0.071	Supplementary Table 2. Marker genes for fibroblast clusters,related to Figure S2 and Figures 6.	F:/pan-gi-ici-ccc-20260709/GSE205506/supplement/mmc3.xlsx	28AA8BC71620AE3B667D0243891B631DA3B8EB1576108C88463B2F66979EAC80
Fibroblast markers	Myofibroblast	8	MYL9	"MYL9"	2.71431595511598	0	0	0.972	0.615	Supplementary Table 2. Marker genes for fibroblast clusters,related to Figure S2 and Figures 6.	F:/pan-gi-ici-ccc-20260709/GSE205506/supplement/mmc3.xlsx	28AA8BC71620AE3B667D0243891B631DA3B8EB1576108C88463B2F66979EAC80
Fibroblast markers	Myofibroblast	9	TINAGL1	"TINAGL1"	2.57917971915717	0	0	0.769	0.031	Supplementary Table 2. Marker genes for fibroblast clusters,related to Figure S2 and Figures 6.	F:/pan-gi-ici-ccc-20260709/GSE205506/supplement/mmc3.xlsx	28AA8BC71620AE3B667D0243891B631DA3B8EB1576108C88463B2F66979EAC80
Fibroblast markers	Myofibroblast	10	TPM2	"TPM2"	2.55175172794431	0	0	0.962	0.562	Supplementary Table 2. Marker genes for fibroblast clusters,related to Figure S2 and Figures 6.	F:/pan-gi-ici-ccc-20260709/GSE205506/supplement/mmc3.xlsx	28AA8BC71620AE3B667D0243891B631DA3B8EB1576108C88463B2F66979EAC80
Fibroblast markers	Myofibroblast	11	RGS5	"RGS5"	2.54546550696972	0	0	0.597	0.078	Supplementary Table 2. Marker genes for fibroblast clusters,related to Figure S2 and Figures 6.	F:/pan-gi-ici-ccc-20260709/GSE205506/supplement/mmc3.xlsx	28AA8BC71620AE3B667D0243891B631DA3B8EB1576108C88463B2F66979EAC80
Fibroblast markers	Myofibroblast	12	CSRP2	"CSRP2"	2.46381797088442	0	0	0.748	0.136	Supplementary Table 2. Marker genes for fibroblast clusters,related to Figure S2 and Figures 6.	F:/pan-gi-ici-ccc-20260709/GSE205506/supplement/mmc3.xlsx	28AA8BC71620AE3B667D0243891B631DA3B8EB1576108C88463B2F66979EAC80
Fibroblast markers	Myofibroblast	13	DSTN	"DSTN"	2.43782184550323	0	0	0.948	0.706	Supplementary Table 2. Marker genes for fibroblast clusters,related to Figure S2 and Figures 6.	F:/pan-gi-ici-ccc-20260709/GSE205506/supplement/mmc3.xlsx	28AA8BC71620AE3B667D0243891B631DA3B8EB1576108C88463B2F66979EAC80
Fibroblast markers	Myofibroblast	14	SORBS2	"SORBS2"	2.41514572764305	0	0	0.627	0.061	Supplementary Table 2. Marker genes for fibroblast clusters,related to Figure S2 and Figures 6.	F:/pan-gi-ici-ccc-20260709/GSE205506/supplement/mmc3.xlsx	28AA8BC71620AE3B667D0243891B631DA3B8EB1576108C88463B2F66979EAC80
Fibroblast markers	Myofibroblast	15	CARMN	"CARMN"	2.35674882201316	0	0	0.856	0.272	Supplementary Table 2. Marker genes for fibroblast clusters,related to Figure S2 and Figures 6.	F:/pan-gi-ici-ccc-20260709/GSE205506/supplement/mmc3.xlsx	28AA8BC71620AE3B667D0243891B631DA3B8EB1576108C88463B2F66979EAC80
Fibroblast markers	Myofibroblast	16	C11orf96	"C11orf96"	2.32349778918157	0	0	0.94	0.537	Supplementary Table 2. Marker genes for fibroblast clusters,related to Figure S2 and Figures 6.	F:/pan-gi-ici-ccc-20260709/GSE205506/supplement/mmc3.xlsx	28AA8BC71620AE3B667D0243891B631DA3B8EB1576108C88463B2F66979EAC80
Fibroblast markers	Myofibroblast	17	NOTCH3	"NOTCH3"	2.22949055755228	0	0	0.789	0.135	Supplementary Table 2. Marker genes for fibroblast clusters,related to Figure S2 and Figures 6.	F:/pan-gi-ici-ccc-20260709/GSE205506/supplement/mmc3.xlsx	28AA8BC71620AE3B667D0243891B631DA3B8EB1576108C88463B2F66979EAC80
Fibroblast markers	Myofibroblast	18	GADD45B	"GADD45B"	2.16801648243643	7.48209983564247e-307	1.87321851485145e-302	0.671	0.313	Supplementary Table 2. Marker genes for fibroblast clusters,related to Figure S2 and Figures 6.	F:/pan-gi-ici-ccc-20260709/GSE205506/supplement/mmc3.xlsx	28AA8BC71620AE3B667D0243891B631DA3B8EB1576108C88463B2F66979EAC80
Fibroblast markers	Myofibroblast	19	PPP1R14A	"PPP1R14A"	2.10109056008725	0	0	0.706	0.093	Supplementary Table 2. Marker genes for fibroblast clusters,related to Figure S2 and Figures 6.	F:/pan-gi-ici-ccc-20260709/GSE205506/supplement/mmc3.xlsx	28AA8BC71620AE3B667D0243891B631DA3B8EB1576108C88463B2F66979EAC80
Fibroblast markers	Myofibroblast	20	SNCG	"SNCG"	2.0767885344836	0	0	0.472	0.024	Supplementary Table 2. Marker genes for fibroblast clusters,related to Figure S2 and Figures 6.	F:/pan-gi-ici-ccc-20260709/GSE205506/supplement/mmc3.xlsx	28AA8BC71620AE3B667D0243891B631DA3B8EB1576108C88463B2F66979EAC80
Fibroblast markers	Myofibroblast	21	CAV1	"CAV1"	2.06379276645226	0	0	0.914	0.438	Supplementary Table 2. Marker genes for fibroblast clusters,related to Figure S2 and Figures 6.	F:/pan-gi-ici-ccc-20260709/GSE205506/supplement/mmc3.xlsx	28AA8BC71620AE3B667D0243891B631DA3B8EB1576108C88463B2F66979EAC80
Fibroblast markers	Myofibroblast	22	SPARCL1	"SPARCL1"	2.03643712317	0	0	0.931	0.539	Supplementary Table 2. Marker genes for fibroblast clusters,related to Figure S2 and Figures 6.	F:/pan-gi-ici-ccc-20260709/GSE205506/supplement/mmc3.xlsx	28AA8BC71620AE3B667D0243891B631DA3B8EB1576108C88463B2F66979EAC80
Fibroblast markers	Myofibroblast	23	NET1	"NET1"	1.94566129719234	0	0	0.599	0.138	Supplementary Table 2. Marker genes for fibroblast clusters,related to Figure S2 and Figures 6.	F:/pan-gi-ici-ccc-20260709/GSE205506/supplement/mmc3.xlsx	28AA8BC71620AE3B667D0243891B631DA3B8EB1576108C88463B2F66979EAC80
Fibroblast markers	Myofibroblast	24	LBH	"LBH"	1.9439363363972	0	0	0.655	0.157	Supplementary Table 2. Marker genes for fibroblast clusters,related to Figure S2 and Figures 6.	F:/pan-gi-ici-ccc-20260709/GSE205506/supplement/mmc3.xlsx	28AA8BC71620AE3B667D0243891B631DA3B8EB1576108C88463B2F66979EAC80
Fibroblast markers	Myofibroblast	25	MEF2C	"MEF2C"	1.93792670039031	0	0	0.677	0.108	Supplementary Table 2. Marker genes for fibroblast clusters,related to Figure S2 and Figures 6.	F:/pan-gi-ici-ccc-20260709/GSE205506/supplement/mmc3.xlsx	28AA8BC71620AE3B667D0243891B631DA3B8EB1576108C88463B2F66979EAC80
Fibroblast markers	Myofibroblast	26	NDUFA4L2	"NDUFA4L2"	1.90020340641034	0	0	0.413	0.042	Supplementary Table 2. Marker genes for fibroblast clusters,related to Figure S2 and Figures 6.	F:/pan-gi-ici-ccc-20260709/GSE205506/supplement/mmc3.xlsx	28AA8BC71620AE3B667D0243891B631DA3B8EB1576108C88463B2F66979EAC80
Fibroblast markers	Myofibroblast	27	CSRP1	"CSRP1"	1.89273235102453	0	0	0.739	0.28	Supplementary Table 2. Marker genes for fibroblast clusters,related to Figure S2 and Figures 6.	F:/pan-gi-ici-ccc-20260709/GSE205506/supplement/mmc3.xlsx	28AA8BC71620AE3B667D0243891B631DA3B8EB1576108C88463B2F66979EAC80
Fibroblast markers	Myofibroblast	28	BCAM	"BCAM"	1.87028866553178	0	0	0.527	0.024	Supplementary Table 2. Marker genes for fibroblast clusters,related to Figure S2 and Figures 6.	F:/pan-gi-ici-ccc-20260709/GSE205506/supplement/mmc3.xlsx	28AA8BC71620AE3B667D0243891B631DA3B8EB1576108C88463B2F66979EAC80
Fibroblast markers	Myofibroblast	29	TSC22D1	"TSC22D1"	1.85350280887961	0	0	0.839	0.477	Supplementary Table 2. Marker genes for fibroblast clusters,related to Figure S2 and Figures 6.	F:/pan-gi-ici-ccc-20260709/GSE205506/supplement/mmc3.xlsx	28AA8BC71620AE3B667D0243891B631DA3B8EB1576108C88463B2F66979EAC80
Fibroblast markers	Myofibroblast	30	HES4	"HES4"	1.8453261102489	0	0	0.648	0.159	Supplementary Table 2. Marker genes for fibroblast clusters,related to Figure S2 and Figures 6.	F:/pan-gi-ici-ccc-20260709/GSE205506/supplement/mmc3.xlsx	28AA8BC71620AE3B667D0243891B631DA3B8EB1576108C88463B2F66979EAC80
Fibroblast markers	Myofibroblast	31	NTRK2	"NTRK2"	1.80864596990828	0	0	0.512	0.018	Supplementary Table 2. Marker genes for fibroblast clusters,related to Figure S2 and Figures 6.	F:/pan-gi-ici-ccc-20260709/GSE205506/supplement/mmc3.xlsx	28AA8BC71620AE3B667D0243891B631DA3B8EB1576108C88463B2F66979EAC80
Fibroblast markers	Myofibroblast	32	CRIP2	"CRIP2"	1.77024313880837	0	0	0.722	0.244	Supplementary Table 2. Marker genes for fibroblast clusters,related to Figure S2 and Figures 6.	F:/pan-gi-ici-ccc-20260709/GSE205506/supplement/mmc3.xlsx	28AA8BC71620AE3B667D0243891B631DA3B8EB1576108C88463B2F66979EAC80
Fibroblast markers	Myofibroblast	33	MYLK	"MYLK"	1.7582290285347	0	0	0.803	0.253	Supplementary Table 2. Marker genes for fibroblast clusters,related to Figure S2 and Figures 6.	F:/pan-gi-ici-ccc-20260709/GSE205506/supplement/mmc3.xlsx	28AA8BC71620AE3B667D0243891B631DA3B8EB1576108C88463B2F66979EAC80
Fibroblast markers	Myofibroblast	34	CAV2	"CAV2"	1.73194891451748	0	0	0.745	0.227	Supplementary Table 2. Marker genes for fibroblast clusters,related to Figure S2 and Figures 6.	F:/pan-gi-ici-ccc-20260709/GSE205506/supplement/mmc3.xlsx	28AA8BC71620AE3B667D0243891B631DA3B8EB1576108C88463B2F66979EAC80
Fibroblast markers	Myofibroblast	35	FLNA	"FLNA"	1.70144352224587	0	0	0.897	0.573	Supplementary Table 2. Marker genes for fibroblast clusters,related to Figure S2 and Figures 6.	F:/pan-gi-ici-ccc-20260709/GSE205506/supplement/mmc3.xlsx	28AA8BC71620AE3B667D0243891B631DA3B8EB1576108C88463B2F66979EAC80
Fibroblast markers	Myofibroblast	36	MT1M	"MT1M"	1.66186791718581	1.31607624834823e-194	3.29492849536463e-190	0.411	0.119	Supplementary Table 2. Marker genes for fibroblast clusters,related to Figure S2 and Figures 6.	F:/pan-gi-ici-ccc-20260709/GSE205506/supplement/mmc3.xlsx	28AA8BC71620AE3B667D0243891B631DA3B8EB1576108C88463B2F66979EAC80
Fibroblast markers	Myofibroblast	37	JAG1	"JAG1"	1.62623250231369	0	0	0.627	0.147	Supplementary Table 2. Marker genes for fibroblast clusters,related to Figure S2 and Figures 6.	F:/pan-gi-ici-ccc-20260709/GSE205506/supplement/mmc3.xlsx	28AA8BC71620AE3B667D0243891B631DA3B8EB1576108C88463B2F66979EAC80
Fibroblast markers	Myofibroblast	38	LMOD1	"LMOD1"	1.62521387586264	0	0	0.561	0.081	Supplementary Table 2. Marker genes for fibroblast clusters,related to Figure S2 and Figures 6.	F:/pan-gi-ici-ccc-20260709/GSE205506/supplement/mmc3.xlsx	28AA8BC71620AE3B667D0243891B631DA3B8EB1576108C88463B2F66979EAC80
Fibroblast markers	Myofibroblast	39	TBX2	"TBX2"	1.60896338731722	0	0	0.617	0.101	Supplementary Table 2. Marker genes for fibroblast clusters,related to Figure S2 and Figures 6.	F:/pan-gi-ici-ccc-20260709/GSE205506/supplement/mmc3.xlsx	28AA8BC71620AE3B667D0243891B631DA3B8EB1576108C88463B2F66979EAC80
Fibroblast markers	Myofibroblast	40	RCAN2	"RCAN2"	1.58449674131316	0	0	0.569	0.116	Supplementary Table 2. Marker genes for fibroblast clusters,related to Figure S2 and Figures 6.	F:/pan-gi-ici-ccc-20260709/GSE205506/supplement/mmc3.xlsx	28AA8BC71620AE3B667D0243891B631DA3B8EB1576108C88463B2F66979EAC80
Fibroblast markers	Myofibroblast	41	PPP1R12A	"PPP1R12A"	1.56888420539233	0	0	0.747	0.311	Supplementary Table 2. Marker genes for fibroblast clusters,related to Figure S2 and Figures 6.	F:/pan-gi-ici-ccc-20260709/GSE205506/supplement/mmc3.xlsx	28AA8BC71620AE3B667D0243891B631DA3B8EB1576108C88463B2F66979EAC80
Fibroblast markers	Myofibroblast	42	CNN1	"CNN1"	1.56731284657587	0	0	0.511	0.082	Supplementary Table 2. Marker genes for fibroblast clusters,related to Figure S2 and Figures 6.	F:/pan-gi-ici-ccc-20260709/GSE205506/supplement/mmc3.xlsx	28AA8BC71620AE3B667D0243891B631DA3B8EB1576108C88463B2F66979EAC80
Fibroblast markers	Myofibroblast	43	FRZB	"FRZB"	1.53768836050896	0	0	0.677	0.203	Supplementary Table 2. Marker genes for fibroblast clusters,related to Figure S2 and Figures 6.	F:/pan-gi-ici-ccc-20260709/GSE205506/supplement/mmc3.xlsx	28AA8BC71620AE3B667D0243891B631DA3B8EB1576108C88463B2F66979EAC80
Fibroblast markers	Myofibroblast	44	MAP3K7CL	"MAP3K7CL"	1.52822758912679	0	0	0.413	0.026	Supplementary Table 2. Marker genes for fibroblast clusters,related to Figure S2 and Figures 6.	F:/pan-gi-ici-ccc-20260709/GSE205506/supplement/mmc3.xlsx	28AA8BC71620AE3B667D0243891B631DA3B8EB1576108C88463B2F66979EAC80
Fibroblast markers	Myofibroblast	45	IGFBP7	"IGFBP7"	1.52746766139545	0	0	0.979	0.812	Supplementary Table 2. Marker genes for fibroblast clusters,related to Figure S2 and Figures 6.	F:/pan-gi-ici-ccc-20260709/GSE205506/supplement/mmc3.xlsx	28AA8BC71620AE3B667D0243891B631DA3B8EB1576108C88463B2F66979EAC80
Fibroblast markers	Myofibroblast	46	CRIM1	"CRIM1"	1.52445407398692	0	0	0.642	0.204	Supplementary Table 2. Marker genes for fibroblast clusters,related to Figure S2 and Figures 6.	F:/pan-gi-ici-ccc-20260709/GSE205506/supplement/mmc3.xlsx	28AA8BC71620AE3B667D0243891B631DA3B8EB1576108C88463B2F66979EAC80
Fibroblast markers	Myofibroblast	47	PHLDA2	"PHLDA2"	1.50886716622988	1.97785862646447e-280	4.95176685721644e-276	0.519	0.156	Supplementary Table 2. Marker genes for fibroblast clusters,related to Figure S2 and Figures 6.	F:/pan-gi-ici-ccc-20260709/GSE205506/supplement/mmc3.xlsx	28AA8BC71620AE3B667D0243891B631DA3B8EB1576108C88463B2F66979EAC80
Fibroblast markers	Myofibroblast	48	SYNE2	"SYNE2"	1.50696714941192	0	0	0.596	0.184	Supplementary Table 2. Marker genes for fibroblast clusters,related to Figure S2 and Figures 6.	F:/pan-gi-ici-ccc-20260709/GSE205506/supplement/mmc3.xlsx	28AA8BC71620AE3B667D0243891B631DA3B8EB1576108C88463B2F66979EAC80
Fibroblast markers	Myofibroblast	49	RRAD	"RRAD"	1.50361855590297	0	0	0.417	0.043	Supplementary Table 2. Marker genes for fibroblast clusters,related to Figure S2 and Figures 6.	F:/pan-gi-ici-ccc-20260709/GSE205506/supplement/mmc3.xlsx	28AA8BC71620AE3B667D0243891B631DA3B8EB1576108C88463B2F66979EAC80
Fibroblast markers	Myofibroblast	50	NR2F2	"NR2F2"	1.50275461477115	0	0	0.803	0.404	Supplementary Table 2. Marker genes for fibroblast clusters,related to Figure S2 and Figures 6.	F:/pan-gi-ici-ccc-20260709/GSE205506/supplement/mmc3.xlsx	28AA8BC71620AE3B667D0243891B631DA3B8EB1576108C88463B2F66979EAC80
Myeloid cell markers	CALHM6+Mac	1	CXCL10	"CXCL10"	1.9210695588512	9.25301171422108e-29	2.31658401277239e-24	0.258	0.141	Supplementary Table 2. Marker genes for myeloid cell clusters, related to Figure S2 and Figures 5.	F:/pan-gi-ici-ccc-20260709/GSE205506/supplement/mmc3.xlsx	28AA8BC71620AE3B667D0243891B631DA3B8EB1576108C88463B2F66979EAC80
Myeloid cell markers	CALHM6+Mac	2	CCL2	"CCL2"	1.10931988101008	6.72493653815618e-13	1.68365511169278e-08	0.281	0.193	Supplementary Table 2. Marker genes for myeloid cell clusters, related to Figure S2 and Figures 5.	F:/pan-gi-ici-ccc-20260709/GSE205506/supplement/mmc3.xlsx	28AA8BC71620AE3B667D0243891B631DA3B8EB1576108C88463B2F66979EAC80
Myeloid cell markers	CALHM6+Mac	3	GBP1	"GBP1"	0.807889702136821	2.25606806270712e-33	5.64829200179355e-29	0.601	0.435	Supplementary Table 2. Marker genes for myeloid cell clusters, related to Figure S2 and Figures 5.	F:/pan-gi-ici-ccc-20260709/GSE205506/supplement/mmc3.xlsx	28AA8BC71620AE3B667D0243891B631DA3B8EB1576108C88463B2F66979EAC80
Myeloid cell markers	CALHM6+Mac	4	GPR183	"GPR183"	0.777843146601887	4.07047882185761e-73	1.01908507784027e-68	0.672	0.42	Supplementary Table 2. Marker genes for myeloid cell clusters, related to Figure S2 and Figures 5.	F:/pan-gi-ici-ccc-20260709/GSE205506/supplement/mmc3.xlsx	28AA8BC71620AE3B667D0243891B631DA3B8EB1576108C88463B2F66979EAC80
Myeloid cell markers	CALHM6+Mac	5	CALHM6	"CALHM6"	0.766140460423232	1.77841151807967e-83	4.45243107666427e-79	0.691	0.4	Supplementary Table 2. Marker genes for myeloid cell clusters, related to Figure S2 and Figures 5.	F:/pan-gi-ici-ccc-20260709/GSE205506/supplement/mmc3.xlsx	28AA8BC71620AE3B667D0243891B631DA3B8EB1576108C88463B2F66979EAC80
Myeloid cell markers	CALHM6+Mac	6	DUSP1	"DUSP1"	0.674337324897226	7.11870741073345e-67	1.78223958735123e-62	0.946	0.818	Supplementary Table 2. Marker genes for myeloid cell clusters, related to Figure S2 and Figures 5.	F:/pan-gi-ici-ccc-20260709/GSE205506/supplement/mmc3.xlsx	28AA8BC71620AE3B667D0243891B631DA3B8EB1576108C88463B2F66979EAC80
Myeloid cell markers	CALHM6+Mac	7	CLEC5A	"CLEC5A"	0.645592261028974	1.06845119286218e-72	2.67497440644975e-68	0.374	0.152	Supplementary Table 2. Marker genes for myeloid cell clusters, related to Figure S2 and Figures 5.	F:/pan-gi-ici-ccc-20260709/GSE205506/supplement/mmc3.xlsx	28AA8BC71620AE3B667D0243891B631DA3B8EB1576108C88463B2F66979EAC80
Myeloid cell markers	CALHM6+Mac	8	ALOX5AP	"ALOX5AP"	0.611460807770862	2.66928929278611e-44	6.68283267341931e-40	0.664	0.468	Supplementary Table 2. Marker genes for myeloid cell clusters, related to Figure S2 and Figures 5.	F:/pan-gi-ici-ccc-20260709/GSE205506/supplement/mmc3.xlsx	28AA8BC71620AE3B667D0243891B631DA3B8EB1576108C88463B2F66979EAC80
Myeloid cell markers	CALHM6+Mac	9	ATF3	"ATF3"	0.607438198555773	1.74317101941171e-45	4.36420296419915e-41	0.558	0.352	Supplementary Table 2. Marker genes for myeloid cell clusters, related to Figure S2 and Figures 5.	F:/pan-gi-ici-ccc-20260709/GSE205506/supplement/mmc3.xlsx	28AA8BC71620AE3B667D0243891B631DA3B8EB1576108C88463B2F66979EAC80
Myeloid cell markers	CALHM6+Mac	10	GBP5	"GBP5"	0.597978356190827	1.26117238671264e-24	3.15747118737378e-20	0.402	0.267	Supplementary Table 2. Marker genes for myeloid cell clusters, related to Figure S2 and Figures 5.	F:/pan-gi-ici-ccc-20260709/GSE205506/supplement/mmc3.xlsx	28AA8BC71620AE3B667D0243891B631DA3B8EB1576108C88463B2F66979EAC80
Myeloid cell markers	CALHM6+Mac	11	RETN	"RETN"	0.579806355492453	3.08802972412011e-40	7.7311912173071e-36	0.373	0.197	Supplementary Table 2. Marker genes for myeloid cell clusters, related to Figure S2 and Figures 5.	F:/pan-gi-ici-ccc-20260709/GSE205506/supplement/mmc3.xlsx	28AA8BC71620AE3B667D0243891B631DA3B8EB1576108C88463B2F66979EAC80
Myeloid cell markers	CALHM6+Mac	12	MT2A	"MT2A"	0.551478145237591	2.0563569111314e-19	5.14829516270857e-15	0.705	0.581	Supplementary Table 2. Marker genes for myeloid cell clusters, related to Figure S2 and Figures 5.	F:/pan-gi-ici-ccc-20260709/GSE205506/supplement/mmc3.xlsx	28AA8BC71620AE3B667D0243891B631DA3B8EB1576108C88463B2F66979EAC80
Myeloid cell markers	CALHM6+Mac	13	IFI6	"IFI6"	0.549927868654221	1.0710801654686e-13	2.68155630226718e-09	0.574	0.438	Supplementary Table 2. Marker genes for myeloid cell clusters, related to Figure S2 and Figures 5.	F:/pan-gi-ici-ccc-20260709/GSE205506/supplement/mmc3.xlsx	28AA8BC71620AE3B667D0243891B631DA3B8EB1576108C88463B2F66979EAC80
Myeloid cell markers	CALHM6+Mac	14	VAMP5	"VAMP5"	0.549274632015966	7.06329255869844e-47	1.76836592499574e-42	0.705	0.491	Supplementary Table 2. Marker genes for myeloid cell clusters, related to Figure S2 and Figures 5.	F:/pan-gi-ici-ccc-20260709/GSE205506/supplement/mmc3.xlsx	28AA8BC71620AE3B667D0243891B631DA3B8EB1576108C88463B2F66979EAC80
Myeloid cell markers	CALHM6+Mac	15	FCGR2B	"FCGR2B"	0.544391894081915	1.3041386111618e-45	3.26504142690469e-41	0.676	0.465	Supplementary Table 2. Marker genes for myeloid cell clusters, related to Figure S2 and Figures 5.	F:/pan-gi-ici-ccc-20260709/GSE205506/supplement/mmc3.xlsx	28AA8BC71620AE3B667D0243891B631DA3B8EB1576108C88463B2F66979EAC80
Myeloid cell markers	CALHM6+Mac	16	PSME2	"PSME2"	0.541972778685333	4.48904095963373e-51	1.1238762946539e-46	0.851	0.69	Supplementary Table 2. Marker genes for myeloid cell clusters, related to Figure S2 and Figures 5.	F:/pan-gi-ici-ccc-20260709/GSE205506/supplement/mmc3.xlsx	28AA8BC71620AE3B667D0243891B631DA3B8EB1576108C88463B2F66979EAC80
Myeloid cell markers	CALHM6+Mac	17	KLF4	"KLF4"	0.534724341215995	1.21140707239176e-38	3.03287874644001e-34	0.616	0.426	Supplementary Table 2. Marker genes for myeloid cell clusters, related to Figure S2 and Figures 5.	F:/pan-gi-ici-ccc-20260709/GSE205506/supplement/mmc3.xlsx	28AA8BC71620AE3B667D0243891B631DA3B8EB1576108C88463B2F66979EAC80
Myeloid cell markers	CALHM6+Mac	18	ZFP36L1	"ZFP36L1"	0.5297788930213	4.89326754180848e-21	1.22507846176717e-16	0.849	0.736	Supplementary Table 2. Marker genes for myeloid cell clusters, related to Figure S2 and Figures 5.	F:/pan-gi-ici-ccc-20260709/GSE205506/supplement/mmc3.xlsx	28AA8BC71620AE3B667D0243891B631DA3B8EB1576108C88463B2F66979EAC80
Myeloid cell markers	CALHM6+Mac	19	CLEC10A	"CLEC10A"	0.529602883633328	5.6280087298927e-59	1.40902826561594e-54	0.57	0.328	Supplementary Table 2. Marker genes for myeloid cell clusters, related to Figure S2 and Figures 5.	F:/pan-gi-ici-ccc-20260709/GSE205506/supplement/mmc3.xlsx	28AA8BC71620AE3B667D0243891B631DA3B8EB1576108C88463B2F66979EAC80
Myeloid cell markers	CALHM6+Mac	20	TYMP	"TYMP"	0.525079379749303	4.6581248990185e-63	1.16620814971827e-58	0.96	0.881	Supplementary Table 2. Marker genes for myeloid cell clusters, related to Figure S2 and Figures 5.	F:/pan-gi-ici-ccc-20260709/GSE205506/supplement/mmc3.xlsx	28AA8BC71620AE3B667D0243891B631DA3B8EB1576108C88463B2F66979EAC80
Myeloid cell markers	CALHM6+Mac	21	ZFP36	"ZFP36"	0.515312241669607	4.157887670398e-52	1.04096875716084e-47	0.907	0.773	Supplementary Table 2. Marker genes for myeloid cell clusters, related to Figure S2 and Figures 5.	F:/pan-gi-ici-ccc-20260709/GSE205506/supplement/mmc3.xlsx	28AA8BC71620AE3B667D0243891B631DA3B8EB1576108C88463B2F66979EAC80
Myeloid cell markers	CALHM6+Mac	22	C1orf162	"C1orf162"	0.514107739053018	3.20313501207338e-54	8.01936881622691e-50	0.796	0.578	Supplementary Table 2. Marker genes for myeloid cell clusters, related to Figure S2 and Figures 5.	F:/pan-gi-ici-ccc-20260709/GSE205506/supplement/mmc3.xlsx	28AA8BC71620AE3B667D0243891B631DA3B8EB1576108C88463B2F66979EAC80
Myeloid cell markers	CALHM6+Mac	23	S100A10	"S100A10"	0.513039874135267	3.9022675545229e-23	9.76971704950354e-19	0.948	0.884	Supplementary Table 2. Marker genes for myeloid cell clusters, related to Figure S2 and Figures 5.	F:/pan-gi-ici-ccc-20260709/GSE205506/supplement/mmc3.xlsx	28AA8BC71620AE3B667D0243891B631DA3B8EB1576108C88463B2F66979EAC80
Myeloid cell markers	CALHM6+Mac	24	ANKRD22	"ANKRD22"	0.501939656827498	3.47319309539946e-60	8.6954862336421e-56	0.353	0.156	Supplementary Table 2. Marker genes for myeloid cell clusters, related to Figure S2 and Figures 5.	F:/pan-gi-ici-ccc-20260709/GSE205506/supplement/mmc3.xlsx	28AA8BC71620AE3B667D0243891B631DA3B8EB1576108C88463B2F66979EAC80
Myeloid cell markers	CALHM6+Mac	25	LDHA	"LDHA"	0.493318017977666	7.40417799537743e-43	1.85371000292269e-38	0.819	0.652	Supplementary Table 2. Marker genes for myeloid cell clusters, related to Figure S2 and Figures 5.	F:/pan-gi-ici-ccc-20260709/GSE205506/supplement/mmc3.xlsx	28AA8BC71620AE3B667D0243891B631DA3B8EB1576108C88463B2F66979EAC80
Myeloid cell markers	CALHM6+Mac	26	PPA1	"PPA1"	0.478545036494275	1.19516890041198e-66	2.99222485907143e-62	0.717	0.468	Supplementary Table 2. Marker genes for myeloid cell clusters, related to Figure S2 and Figures 5.	F:/pan-gi-ici-ccc-20260709/GSE205506/supplement/mmc3.xlsx	28AA8BC71620AE3B667D0243891B631DA3B8EB1576108C88463B2F66979EAC80
Myeloid cell markers	CALHM6+Mac	27	TSC22D3	"TSC22D3"	0.47166672832651	2.16022246997755e-22	5.40833297583579e-18	0.713	0.582	Supplementary Table 2. Marker genes for myeloid cell clusters, related to Figure S2 and Figures 5.	F:/pan-gi-ici-ccc-20260709/GSE205506/supplement/mmc3.xlsx	28AA8BC71620AE3B667D0243891B631DA3B8EB1576108C88463B2F66979EAC80
Myeloid cell markers	CALHM6+Mac	28	TNFAIP3	"TNFAIP3"	0.466583765107122	1.19424895387e-33	2.98992168090893e-29	0.617	0.434	Supplementary Table 2. Marker genes for myeloid cell clusters, related to Figure S2 and Figures 5.	F:/pan-gi-ici-ccc-20260709/GSE205506/supplement/mmc3.xlsx	28AA8BC71620AE3B667D0243891B631DA3B8EB1576108C88463B2F66979EAC80
Myeloid cell markers	CALHM6+Mac	29	MT1X	"MT1X"	0.465842712811446	1.02690389447329e-19	2.57095659020334e-15	0.463	0.326	Supplementary Table 2. Marker genes for myeloid cell clusters, related to Figure S2 and Figures 5.	F:/pan-gi-ici-ccc-20260709/GSE205506/supplement/mmc3.xlsx	28AA8BC71620AE3B667D0243891B631DA3B8EB1576108C88463B2F66979EAC80
Myeloid cell markers	CALHM6+Mac	30	FGL2	"FGL2"	0.462601229389526	3.51685289506987e-44	8.80479290809694e-40	0.833	0.647	Supplementary Table 2. Marker genes for myeloid cell clusters, related to Figure S2 and Figures 5.	F:/pan-gi-ici-ccc-20260709/GSE205506/supplement/mmc3.xlsx	28AA8BC71620AE3B667D0243891B631DA3B8EB1576108C88463B2F66979EAC80
Myeloid cell markers	CALHM6+Mac	31	RARRES3	"RARRES3"	0.455509073060314	4.83072431818721e-42	1.20942014030135e-37	0.539	0.341	Supplementary Table 2. Marker genes for myeloid cell clusters, related to Figure S2 and Figures 5.	F:/pan-gi-ici-ccc-20260709/GSE205506/supplement/mmc3.xlsx	28AA8BC71620AE3B667D0243891B631DA3B8EB1576108C88463B2F66979EAC80
Myeloid cell markers	CALHM6+Mac	32	DDIT4	"DDIT4"	0.455284571214322	1.98602727963606e-37	4.97221789729685e-33	0.434	0.249	Supplementary Table 2. Marker genes for myeloid cell clusters, related to Figure S2 and Figures 5.	F:/pan-gi-ici-ccc-20260709/GSE205506/supplement/mmc3.xlsx	28AA8BC71620AE3B667D0243891B631DA3B8EB1576108C88463B2F66979EAC80
Myeloid cell markers	CALHM6+Mac	33	LAP3	"LAP3"	0.4446721296917	2.12278380265842e-39	5.31460152833561e-35	0.765	0.571	Supplementary Table 2. Marker genes for myeloid cell clusters, related to Figure S2 and Figures 5.	F:/pan-gi-ici-ccc-20260709/GSE205506/supplement/mmc3.xlsx	28AA8BC71620AE3B667D0243891B631DA3B8EB1576108C88463B2F66979EAC80
Myeloid cell markers	CALHM6+Mac	34	SNX10	"SNX10"	0.440383206325542	3.22729809799606e-41	8.07986351814294e-37	0.689	0.493	Supplementary Table 2. Marker genes for myeloid cell clusters, related to Figure S2 and Figures 5.	F:/pan-gi-ici-ccc-20260709/GSE205506/supplement/mmc3.xlsx	28AA8BC71620AE3B667D0243891B631DA3B8EB1576108C88463B2F66979EAC80
Myeloid cell markers	CALHM6+Mac	35	CEBPB	"CEBPB"	0.439646726073431	8.93838435275444e-40	2.2378139065556e-35	0.906	0.742	Supplementary Table 2. Marker genes for myeloid cell clusters, related to Figure S2 and Figures 5.	F:/pan-gi-ici-ccc-20260709/GSE205506/supplement/mmc3.xlsx	28AA8BC71620AE3B667D0243891B631DA3B8EB1576108C88463B2F66979EAC80
Myeloid cell markers	CALHM6+Mac	36	LY6E	"LY6E"	0.436241277501054	3.55228264648921e-27	8.89349483375038e-23	0.553	0.375	Supplementary Table 2. Marker genes for myeloid cell clusters, related to Figure S2 and Figures 5.	F:/pan-gi-ici-ccc-20260709/GSE205506/supplement/mmc3.xlsx	28AA8BC71620AE3B667D0243891B631DA3B8EB1576108C88463B2F66979EAC80
Myeloid cell markers	CALHM6+Mac	37	JUNB	"JUNB"	0.433255130249562	7.8977493337585e-37	1.97728052319978e-32	0.922	0.816	Supplementary Table 2. Marker genes for myeloid cell clusters, related to Figure S2 and Figures 5.	F:/pan-gi-ici-ccc-20260709/GSE205506/supplement/mmc3.xlsx	28AA8BC71620AE3B667D0243891B631DA3B8EB1576108C88463B2F66979EAC80
Myeloid cell markers	CALHM6+Mac	38	NR4A2	"NR4A2"	0.431845139278402	5.60647611192212e-28	1.40363735938082e-23	0.533	0.363	Supplementary Table 2. Marker genes for myeloid cell clusters, related to Figure S2 and Figures 5.	F:/pan-gi-ici-ccc-20260709/GSE205506/supplement/mmc3.xlsx	28AA8BC71620AE3B667D0243891B631DA3B8EB1576108C88463B2F66979EAC80
Myeloid cell markers	CALHM6+Mac	39	SAP30	"SAP30"	0.431534227146139	8.82646487258347e-46	2.2097937455e-41	0.368	0.187	Supplementary Table 2. Marker genes for myeloid cell clusters, related to Figure S2 and Figures 5.	F:/pan-gi-ici-ccc-20260709/GSE205506/supplement/mmc3.xlsx	28AA8BC71620AE3B667D0243891B631DA3B8EB1576108C88463B2F66979EAC80
Myeloid cell markers	CALHM6+Mac	40	FCN1	"FCN1"	0.428369234339593	3.63223093681251e-57	9.09365337340379e-53	0.691	0.395	Supplementary Table 2. Marker genes for myeloid cell clusters, related to Figure S2 and Figures 5.	F:/pan-gi-ici-ccc-20260709/GSE205506/supplement/mmc3.xlsx	28AA8BC71620AE3B667D0243891B631DA3B8EB1576108C88463B2F66979EAC80
Myeloid cell markers	CALHM6+Mac	41	TPI1	"TPI1"	0.425630850320979	7.8134219138212e-39	1.95616831034428e-34	0.87	0.733	Supplementary Table 2. Marker genes for myeloid cell clusters, related to Figure S2 and Figures 5.	F:/pan-gi-ici-ccc-20260709/GSE205506/supplement/mmc3.xlsx	28AA8BC71620AE3B667D0243891B631DA3B8EB1576108C88463B2F66979EAC80
Myeloid cell markers	CALHM6+Mac	42	TNFSF10	"TNFSF10"	0.424653931022808	2.29712513891169e-26	5.75108249777931e-22	0.482	0.32	Supplementary Table 2. Marker genes for myeloid cell clusters, related to Figure S2 and Figures 5.	F:/pan-gi-ici-ccc-20260709/GSE205506/supplement/mmc3.xlsx	28AA8BC71620AE3B667D0243891B631DA3B8EB1576108C88463B2F66979EAC80
Myeloid cell markers	CALHM6+Mac	43	ZFP36L2	"ZFP36L2"	0.423211150320771	2.04653303306098e-27	5.12370010157147e-23	0.772	0.617	Supplementary Table 2. Marker genes for myeloid cell clusters, related to Figure S2 and Figures 5.	F:/pan-gi-ici-ccc-20260709/GSE205506/supplement/mmc3.xlsx	28AA8BC71620AE3B667D0243891B631DA3B8EB1576108C88463B2F66979EAC80
Myeloid cell markers	CALHM6+Mac	44	NFKBIA	"NFKBIA"	0.421690574870456	9.21716251980839e-25	2.30760880845923e-20	0.842	0.758	Supplementary Table 2. Marker genes for myeloid cell clusters, related to Figure S2 and Figures 5.	F:/pan-gi-ici-ccc-20260709/GSE205506/supplement/mmc3.xlsx	28AA8BC71620AE3B667D0243891B631DA3B8EB1576108C88463B2F66979EAC80
Myeloid cell markers	CALHM6+Mac	45	IFITM3	"IFITM3"	0.420651588886809	2.54820552480186e-17	6.37968735189393e-13	0.865	0.743	Supplementary Table 2. Marker genes for myeloid cell clusters, related to Figure S2 and Figures 5.	F:/pan-gi-ici-ccc-20260709/GSE205506/supplement/mmc3.xlsx	28AA8BC71620AE3B667D0243891B631DA3B8EB1576108C88463B2F66979EAC80
Myeloid cell markers	CALHM6+Mac	46	WARS	"WARS"	0.406746410437854	1.98571767022024e-21	4.9714427591634e-17	0.542	0.389	Supplementary Table 2. Marker genes for myeloid cell clusters, related to Figure S2 and Figures 5.	F:/pan-gi-ici-ccc-20260709/GSE205506/supplement/mmc3.xlsx	28AA8BC71620AE3B667D0243891B631DA3B8EB1576108C88463B2F66979EAC80
Myeloid cell markers	CALHM6+Mac	47	ENO1	"ENO1"	0.406566097900644	1.58869621918475e-37	3.97745985435094e-33	0.874	0.756	Supplementary Table 2. Marker genes for myeloid cell clusters, related to Figure S2 and Figures 5.	F:/pan-gi-ici-ccc-20260709/GSE205506/supplement/mmc3.xlsx	28AA8BC71620AE3B667D0243891B631DA3B8EB1576108C88463B2F66979EAC80
Myeloid cell markers	CALHM6+Mac	48	GBP4	"GBP4"	0.402744606863613	2.82715441621748e-21	7.07806379644208e-17	0.426	0.296	Supplementary Table 2. Marker genes for myeloid cell clusters, related to Figure S2 and Figures 5.	F:/pan-gi-ici-ccc-20260709/GSE205506/supplement/mmc3.xlsx	28AA8BC71620AE3B667D0243891B631DA3B8EB1576108C88463B2F66979EAC80
Myeloid cell markers	CALHM6+Mac	49	FOS	"FOS"	0.402194080914334	2.68971592033094e-46	6.73397277814053e-42	0.94	0.827	Supplementary Table 2. Marker genes for myeloid cell clusters, related to Figure S2 and Figures 5.	F:/pan-gi-ici-ccc-20260709/GSE205506/supplement/mmc3.xlsx	28AA8BC71620AE3B667D0243891B631DA3B8EB1576108C88463B2F66979EAC80
Myeloid cell markers	CALHM6+Mac	50	RPSA	"RPSA"	0.393306882290516	2.84558853816066e-47	7.12421546413902e-43	0.888	0.793	Supplementary Table 2. Marker genes for myeloid cell clusters, related to Figure S2 and Figures 5.	F:/pan-gi-ici-ccc-20260709/GSE205506/supplement/mmc3.xlsx	28AA8BC71620AE3B667D0243891B631DA3B8EB1576108C88463B2F66979EAC80
Myeloid cell markers	CCL19+mDC	1	CCL19	"CCL19"	4.22015862989477	0	0	0.686	0.038	Supplementary Table 2. Marker genes for myeloid cell clusters, related to Figure S2 and Figures 5.	F:/pan-gi-ici-ccc-20260709/GSE205506/supplement/mmc3.xlsx	28AA8BC71620AE3B667D0243891B631DA3B8EB1576108C88463B2F66979EAC80
Myeloid cell markers	CCL19+mDC	2	BIRC3	"BIRC3"	4.03390437346797	8.22453012319481e-182	2.05909336164305e-177	0.957	0.251	Supplementary Table 2. Marker genes for myeloid cell clusters, related to Figure S2 and Figures 5.	F:/pan-gi-ici-ccc-20260709/GSE205506/supplement/mmc3.xlsx	28AA8BC71620AE3B667D0243891B631DA3B8EB1576108C88463B2F66979EAC80
Myeloid cell markers	CCL19+mDC	3	FSCN1	"FSCN1"	3.67205360265763	5.40824710408402e-282	1.35400874497847e-277	0.816	0.089	Supplementary Table 2. Marker genes for myeloid cell clusters, related to Figure S2 and Figures 5.	F:/pan-gi-ici-ccc-20260709/GSE205506/supplement/mmc3.xlsx	28AA8BC71620AE3B667D0243891B631DA3B8EB1576108C88463B2F66979EAC80
Myeloid cell markers	CCL19+mDC	4	TXN	"TXN"	3.56139514956854	1.4768317778211e-83	3.69739603895289e-79	0.937	0.723	Supplementary Table 2. Marker genes for myeloid cell clusters, related to Figure S2 and Figures 5.	F:/pan-gi-ici-ccc-20260709/GSE205506/supplement/mmc3.xlsx	28AA8BC71620AE3B667D0243891B631DA3B8EB1576108C88463B2F66979EAC80
Myeloid cell markers	CCL19+mDC	5	CCL17	"CCL17"	3.41580899480708	1.04012815539882e-256	2.60406484985649e-252	0.348	0.01	Supplementary Table 2. Marker genes for myeloid cell clusters, related to Figure S2 and Figures 5.	F:/pan-gi-ici-ccc-20260709/GSE205506/supplement/mmc3.xlsx	28AA8BC71620AE3B667D0243891B631DA3B8EB1576108C88463B2F66979EAC80
Myeloid cell markers	CCL19+mDC	6	CCL22	"CCL22"	3.24287760077537	0	0	0.556	0.007	Supplementary Table 2. Marker genes for myeloid cell clusters, related to Figure S2 and Figures 5.	F:/pan-gi-ici-ccc-20260709/GSE205506/supplement/mmc3.xlsx	28AA8BC71620AE3B667D0243891B631DA3B8EB1576108C88463B2F66979EAC80
Myeloid cell markers	CCL19+mDC	7	CCR7	"CCR7"	3.17520300921671	0	0	0.807	0.008	Supplementary Table 2. Marker genes for myeloid cell clusters, related to Figure S2 and Figures 5.	F:/pan-gi-ici-ccc-20260709/GSE205506/supplement/mmc3.xlsx	28AA8BC71620AE3B667D0243891B631DA3B8EB1576108C88463B2F66979EAC80
Myeloid cell markers	CCL19+mDC	8	LAMP3	"LAMP3"	3.16233087641322	0	0	0.821	0.036	Supplementary Table 2. Marker genes for myeloid cell clusters, related to Figure S2 and Figures 5.	F:/pan-gi-ici-ccc-20260709/GSE205506/supplement/mmc3.xlsx	28AA8BC71620AE3B667D0243891B631DA3B8EB1576108C88463B2F66979EAC80
Myeloid cell markers	CCL19+mDC	9	MARCKSL1	"MARCKSL1"	3.04259932237143	2.17924370106427e-104	5.45595452998451e-100	0.807	0.281	Supplementary Table 2. Marker genes for myeloid cell clusters, related to Figure S2 and Figures 5.	F:/pan-gi-ici-ccc-20260709/GSE205506/supplement/mmc3.xlsx	28AA8BC71620AE3B667D0243891B631DA3B8EB1576108C88463B2F66979EAC80
Myeloid cell markers	CCL19+mDC	10	EBI3	"EBI3"	2.69793490603933	7.82470959195008e-146	1.95899429344062e-141	0.594	0.088	Supplementary Table 2. Marker genes for myeloid cell clusters, related to Figure S2 and Figures 5.	F:/pan-gi-ici-ccc-20260709/GSE205506/supplement/mmc3.xlsx	28AA8BC71620AE3B667D0243891B631DA3B8EB1576108C88463B2F66979EAC80
Myeloid cell markers	CCL19+mDC	11	IDO1	"IDO1"	2.38275350817064	9.13458727525741e-115	2.28693527023345e-110	0.517	0.078	Supplementary Table 2. Marker genes for myeloid cell clusters, related to Figure S2 and Figures 5.	F:/pan-gi-ici-ccc-20260709/GSE205506/supplement/mmc3.xlsx	28AA8BC71620AE3B667D0243891B631DA3B8EB1576108C88463B2F66979EAC80
Myeloid cell markers	CCL19+mDC	12	BASP1	"BASP1"	2.18053423006337	2.52493145458726e-67	6.32141838970465e-63	0.807	0.422	Supplementary Table 2. Marker genes for myeloid cell clusters, related to Figure S2 and Figures 5.	F:/pan-gi-ici-ccc-20260709/GSE205506/supplement/mmc3.xlsx	28AA8BC71620AE3B667D0243891B631DA3B8EB1576108C88463B2F66979EAC80
Myeloid cell markers	CCL19+mDC	13	DUSP5	"DUSP5"	2.13009874185895	2.61632360459567e-121	6.55022777646573e-117	0.633	0.122	Supplementary Table 2. Marker genes for myeloid cell clusters, related to Figure S2 and Figures 5.	F:/pan-gi-ici-ccc-20260709/GSE205506/supplement/mmc3.xlsx	28AA8BC71620AE3B667D0243891B631DA3B8EB1576108C88463B2F66979EAC80
Myeloid cell markers	CCL19+mDC	14	DAPP1	"DAPP1"	2.03039770612205	1.25006257389114e-72	3.12965665999386e-68	0.725	0.295	Supplementary Table 2. Marker genes for myeloid cell clusters, related to Figure S2 and Figures 5.	F:/pan-gi-ici-ccc-20260709/GSE205506/supplement/mmc3.xlsx	28AA8BC71620AE3B667D0243891B631DA3B8EB1576108C88463B2F66979EAC80
Myeloid cell markers	CCL19+mDC	15	IL7R	"IL7R"	2.02598147097185	5.33645556208444e-83	1.33603501452346e-78	0.671	0.186	Supplementary Table 2. Marker genes for myeloid cell clusters, related to Figure S2 and Figures 5.	F:/pan-gi-ici-ccc-20260709/GSE205506/supplement/mmc3.xlsx	28AA8BC71620AE3B667D0243891B631DA3B8EB1576108C88463B2F66979EAC80
Myeloid cell markers	CCL19+mDC	16	GADD45A	"GADD45A"	1.96750495570152	2.92255490477405e-70	7.31690845959231e-66	0.502	0.12	Supplementary Table 2. Marker genes for myeloid cell clusters, related to Figure S2 and Figures 5.	F:/pan-gi-ici-ccc-20260709/GSE205506/supplement/mmc3.xlsx	28AA8BC71620AE3B667D0243891B631DA3B8EB1576108C88463B2F66979EAC80
Myeloid cell markers	CCL19+mDC	17	CST7	"CST7"	1.94332430149003	3.08466296382285e-70	7.7227621962269e-66	0.444	0.092	Supplementary Table 2. Marker genes for myeloid cell clusters, related to Figure S2 and Figures 5.	F:/pan-gi-ici-ccc-20260709/GSE205506/supplement/mmc3.xlsx	28AA8BC71620AE3B667D0243891B631DA3B8EB1576108C88463B2F66979EAC80
Myeloid cell markers	CCL19+mDC	18	RAB9A	"RAB9A"	1.87053944204838	1.23586199990119e-73	3.09410410295262e-69	0.628	0.2	Supplementary Table 2. Marker genes for myeloid cell clusters, related to Figure S2 and Figures 5.	F:/pan-gi-ici-ccc-20260709/GSE205506/supplement/mmc3.xlsx	28AA8BC71620AE3B667D0243891B631DA3B8EB1576108C88463B2F66979EAC80
Myeloid cell markers	CCL19+mDC	19	GPR157	"GPR157"	1.83452081193204	5.58144066693246e-287	1.39736948537321e-282	0.565	0.033	Supplementary Table 2. Marker genes for myeloid cell clusters, related to Figure S2 and Figures 5.	F:/pan-gi-ici-ccc-20260709/GSE205506/supplement/mmc3.xlsx	28AA8BC71620AE3B667D0243891B631DA3B8EB1576108C88463B2F66979EAC80
Myeloid cell markers	CCL19+mDC	20	MIR155HG	"MIR155HG"	1.81726620107064	1.44511604238145e-35	3.6179925237062e-31	0.367	0.108	Supplementary Table 2. Marker genes for myeloid cell clusters, related to Figure S2 and Figures 5.	F:/pan-gi-ici-ccc-20260709/GSE205506/supplement/mmc3.xlsx	28AA8BC71620AE3B667D0243891B631DA3B8EB1576108C88463B2F66979EAC80
Myeloid cell markers	CCL19+mDC	21	STK4	"STK4"	1.81453432577117	3.32807947490578e-51	8.3321797733741e-47	0.754	0.447	Supplementary Table 2. Marker genes for myeloid cell clusters, related to Figure S2 and Figures 5.	F:/pan-gi-ici-ccc-20260709/GSE205506/supplement/mmc3.xlsx	28AA8BC71620AE3B667D0243891B631DA3B8EB1576108C88463B2F66979EAC80
Myeloid cell markers	CCL19+mDC	22	AOC1	"AOC1"	1.80209768004963	1.97522952792423e-240	4.94518464611109e-236	0.329	0.01	Supplementary Table 2. Marker genes for myeloid cell clusters, related to Figure S2 and Figures 5.	F:/pan-gi-ici-ccc-20260709/GSE205506/supplement/mmc3.xlsx	28AA8BC71620AE3B667D0243891B631DA3B8EB1576108C88463B2F66979EAC80
Myeloid cell markers	CCL19+mDC	23	NABP1	"NABP1"	1.75390004326318	6.36693802117066e-21	1.59402660298029e-16	0.618	0.437	Supplementary Table 2. Marker genes for myeloid cell clusters, related to Figure S2 and Figures 5.	F:/pan-gi-ici-ccc-20260709/GSE205506/supplement/mmc3.xlsx	28AA8BC71620AE3B667D0243891B631DA3B8EB1576108C88463B2F66979EAC80
Myeloid cell markers	CCL19+mDC	24	PPA1	"PPA1"	1.75108400671749	3.82465049899232e-47	9.57539498927718e-43	0.783	0.501	Supplementary Table 2. Marker genes for myeloid cell clusters, related to Figure S2 and Figures 5.	F:/pan-gi-ici-ccc-20260709/GSE205506/supplement/mmc3.xlsx	28AA8BC71620AE3B667D0243891B631DA3B8EB1576108C88463B2F66979EAC80
Myeloid cell markers	CCL19+mDC	25	REL	"REL"	1.74804906319794	3.01785962728996e-40	7.55551336288315e-36	0.768	0.509	Supplementary Table 2. Marker genes for myeloid cell clusters, related to Figure S2 and Figures 5.	F:/pan-gi-ici-ccc-20260709/GSE205506/supplement/mmc3.xlsx	28AA8BC71620AE3B667D0243891B631DA3B8EB1576108C88463B2F66979EAC80
Myeloid cell markers	CCL19+mDC	26	NUB1	"NUB1"	1.72052924444399	1.12668670607874e-53	2.82077283733872e-49	0.676	0.315	Supplementary Table 2. Marker genes for myeloid cell clusters, related to Figure S2 and Figures 5.	F:/pan-gi-ici-ccc-20260709/GSE205506/supplement/mmc3.xlsx	28AA8BC71620AE3B667D0243891B631DA3B8EB1576108C88463B2F66979EAC80
Myeloid cell markers	CCL19+mDC	27	MALT1	"MALT1"	1.70271151458649	2.46934926748871e-67	6.18226282608474e-63	0.551	0.147	Supplementary Table 2. Marker genes for myeloid cell clusters, related to Figure S2 and Figures 5.	F:/pan-gi-ici-ccc-20260709/GSE205506/supplement/mmc3.xlsx	28AA8BC71620AE3B667D0243891B631DA3B8EB1576108C88463B2F66979EAC80
Myeloid cell markers	CCL19+mDC	28	LSP1	"LSP1"	1.70224864471529	1.17095712694171e-47	2.93160826301126e-43	0.797	0.508	Supplementary Table 2. Marker genes for myeloid cell clusters, related to Figure S2 and Figures 5.	F:/pan-gi-ici-ccc-20260709/GSE205506/supplement/mmc3.xlsx	28AA8BC71620AE3B667D0243891B631DA3B8EB1576108C88463B2F66979EAC80
Myeloid cell markers	CCL19+mDC	29	SAMSN1	"SAMSN1"	1.6113585809705	1.01420541248964e-46	2.53916467070907e-42	0.812	0.526	Supplementary Table 2. Marker genes for myeloid cell clusters, related to Figure S2 and Figures 5.	F:/pan-gi-ici-ccc-20260709/GSE205506/supplement/mmc3.xlsx	28AA8BC71620AE3B667D0243891B631DA3B8EB1576108C88463B2F66979EAC80
Myeloid cell markers	CCL19+mDC	30	POGLUT1	"POGLUT1"	1.60803101124201	7.36875043040516e-99	1.84484035775624e-94	0.527	0.098	Supplementary Table 2. Marker genes for myeloid cell clusters, related to Figure S2 and Figures 5.	F:/pan-gi-ici-ccc-20260709/GSE205506/supplement/mmc3.xlsx	28AA8BC71620AE3B667D0243891B631DA3B8EB1576108C88463B2F66979EAC80
Myeloid cell markers	CCL19+mDC	31	TNFAIP2	"TNFAIP2"	1.60167621828106	2.30036724283497e-36	5.75919942916162e-32	0.744	0.508	Supplementary Table 2. Marker genes for myeloid cell clusters, related to Figure S2 and Figures 5.	F:/pan-gi-ici-ccc-20260709/GSE205506/supplement/mmc3.xlsx	28AA8BC71620AE3B667D0243891B631DA3B8EB1576108C88463B2F66979EAC80
Myeloid cell markers	CCL19+mDC	32	GRSF1	"GRSF1"	1.59694152150612	1.34040721014033e-42	3.35584349130732e-38	0.58	0.263	Supplementary Table 2. Marker genes for myeloid cell clusters, related to Figure S2 and Figures 5.	F:/pan-gi-ici-ccc-20260709/GSE205506/supplement/mmc3.xlsx	28AA8BC71620AE3B667D0243891B631DA3B8EB1576108C88463B2F66979EAC80
Myeloid cell markers	CCL19+mDC	33	RGS1	"RGS1"	1.5918828853186	2.95006834993624e-44	7.38579112090037e-40	0.773	0.411	Supplementary Table 2. Marker genes for myeloid cell clusters, related to Figure S2 and Figures 5.	F:/pan-gi-ici-ccc-20260709/GSE205506/supplement/mmc3.xlsx	28AA8BC71620AE3B667D0243891B631DA3B8EB1576108C88463B2F66979EAC80
Myeloid cell markers	CCL19+mDC	34	KIF2A	"KIF2A"	1.5829388262333	4.99680722972674e-73	1.25100065803439e-68	0.44	0.088	Supplementary Table 2. Marker genes for myeloid cell clusters, related to Figure S2 and Figures 5.	F:/pan-gi-ici-ccc-20260709/GSE205506/supplement/mmc3.xlsx	28AA8BC71620AE3B667D0243891B631DA3B8EB1576108C88463B2F66979EAC80
Myeloid cell markers	CCL19+mDC	35	NMRK1	"NMRK1"	1.58206359469492	1.02718871269281e-67	2.57166966109772e-63	0.415	0.084	Supplementary Table 2. Marker genes for myeloid cell clusters, related to Figure S2 and Figures 5.	F:/pan-gi-ici-ccc-20260709/GSE205506/supplement/mmc3.xlsx	28AA8BC71620AE3B667D0243891B631DA3B8EB1576108C88463B2F66979EAC80
Myeloid cell markers	CCL19+mDC	36	MALAT1	"MALAT1"	1.57466713812476	1.11360239819002e-45	2.78801496410853e-41	0.957	0.986	Supplementary Table 2. Marker genes for myeloid cell clusters, related to Figure S2 and Figures 5.	F:/pan-gi-ici-ccc-20260709/GSE205506/supplement/mmc3.xlsx	28AA8BC71620AE3B667D0243891B631DA3B8EB1576108C88463B2F66979EAC80
Myeloid cell markers	CCL19+mDC	37	SOCS1	"SOCS1"	1.55790875338814	1.51852139868235e-42	3.80177017374114e-38	0.488	0.169	Supplementary Table 2. Marker genes for myeloid cell clusters, related to Figure S2 and Figures 5.	F:/pan-gi-ici-ccc-20260709/GSE205506/supplement/mmc3.xlsx	28AA8BC71620AE3B667D0243891B631DA3B8EB1576108C88463B2F66979EAC80
Myeloid cell markers	CCL19+mDC	38	SINHCAF	"SINHCAF"	1.53155990568943	4.43774031948925e-65	1.11103266638733e-60	0.556	0.16	Supplementary Table 2. Marker genes for myeloid cell clusters, related to Figure S2 and Figures 5.	F:/pan-gi-ici-ccc-20260709/GSE205506/supplement/mmc3.xlsx	28AA8BC71620AE3B667D0243891B631DA3B8EB1576108C88463B2F66979EAC80
Myeloid cell markers	CCL19+mDC	39	LAD1	"LAD1"	1.52119253814421	0	0	0.444	0.011	Supplementary Table 2. Marker genes for myeloid cell clusters, related to Figure S2 and Figures 5.	F:/pan-gi-ici-ccc-20260709/GSE205506/supplement/mmc3.xlsx	28AA8BC71620AE3B667D0243891B631DA3B8EB1576108C88463B2F66979EAC80
Myeloid cell markers	CCL19+mDC	40	CRIP1	"CRIP1"	1.50262949070259	3.9168247870167e-35	9.80616253677502e-31	0.565	0.256	Supplementary Table 2. Marker genes for myeloid cell clusters, related to Figure S2 and Figures 5.	F:/pan-gi-ici-ccc-20260709/GSE205506/supplement/mmc3.xlsx	28AA8BC71620AE3B667D0243891B631DA3B8EB1576108C88463B2F66979EAC80
Myeloid cell markers	CCL19+mDC	41	KDM2B	"KDM2B"	1.4950019062451	3.16593120576765e-55	7.9262253667599e-51	0.469	0.131	Supplementary Table 2. Marker genes for myeloid cell clusters, related to Figure S2 and Figures 5.	F:/pan-gi-ici-ccc-20260709/GSE205506/supplement/mmc3.xlsx	28AA8BC71620AE3B667D0243891B631DA3B8EB1576108C88463B2F66979EAC80
Myeloid cell markers	CCL19+mDC	42	TBC1D4	"TBC1D4"	1.48392608778118	4.64138523095883e-113	1.16201720642285e-108	0.435	0.055	Supplementary Table 2. Marker genes for myeloid cell clusters, related to Figure S2 and Figures 5.	F:/pan-gi-ici-ccc-20260709/GSE205506/supplement/mmc3.xlsx	28AA8BC71620AE3B667D0243891B631DA3B8EB1576108C88463B2F66979EAC80
Myeloid cell markers	CCL19+mDC	43	CSF2RA	"CSF2RA"	1.48087031418557	2.32348854145245e-34	5.81708591238035e-30	0.633	0.358	Supplementary Table 2. Marker genes for myeloid cell clusters, related to Figure S2 and Figures 5.	F:/pan-gi-ici-ccc-20260709/GSE205506/supplement/mmc3.xlsx	28AA8BC71620AE3B667D0243891B631DA3B8EB1576108C88463B2F66979EAC80
Myeloid cell markers	CCL19+mDC	44	ERICH1	"ERICH1"	1.47835089820691	3.38648369530739e-37	8.47840057957158e-33	0.556	0.258	Supplementary Table 2. Marker genes for myeloid cell clusters, related to Figure S2 and Figures 5.	F:/pan-gi-ici-ccc-20260709/GSE205506/supplement/mmc3.xlsx	28AA8BC71620AE3B667D0243891B631DA3B8EB1576108C88463B2F66979EAC80
Myeloid cell markers	CCL19+mDC	45	ID2	"ID2"	1.47770957350747	3.90413908713472e-35	9.77440261855049e-31	0.734	0.478	Supplementary Table 2. Marker genes for myeloid cell clusters, related to Figure S2 and Figures 5.	F:/pan-gi-ici-ccc-20260709/GSE205506/supplement/mmc3.xlsx	28AA8BC71620AE3B667D0243891B631DA3B8EB1576108C88463B2F66979EAC80
Myeloid cell markers	CCL19+mDC	46	LY75	"LY75"	1.47767666136869	1.69643014315598e-56	4.2471825064053e-52	0.478	0.134	Supplementary Table 2. Marker genes for myeloid cell clusters, related to Figure S2 and Figures 5.	F:/pan-gi-ici-ccc-20260709/GSE205506/supplement/mmc3.xlsx	28AA8BC71620AE3B667D0243891B631DA3B8EB1576108C88463B2F66979EAC80
Myeloid cell markers	CCL19+mDC	47	ANXA6	"ANXA6"	1.47648042063214	1.98958222948892e-41	4.98111806974847e-37	0.531	0.213	Supplementary Table 2. Marker genes for myeloid cell clusters, related to Figure S2 and Figures 5.	F:/pan-gi-ici-ccc-20260709/GSE205506/supplement/mmc3.xlsx	28AA8BC71620AE3B667D0243891B631DA3B8EB1576108C88463B2F66979EAC80
Myeloid cell markers	CCL19+mDC	48	CD83	"CD83"	1.45739795868953	4.77944386649581e-28	1.19658156641589e-23	0.739	0.502	Supplementary Table 2. Marker genes for myeloid cell clusters, related to Figure S2 and Figures 5.	F:/pan-gi-ici-ccc-20260709/GSE205506/supplement/mmc3.xlsx	28AA8BC71620AE3B667D0243891B631DA3B8EB1576108C88463B2F66979EAC80
Myeloid cell markers	CCL19+mDC	49	RPS27L	"RPS27L"	1.451082298259	1.68662087634096e-39	4.22262402600723e-35	0.826	0.675	Supplementary Table 2. Marker genes for myeloid cell clusters, related to Figure S2 and Figures 5.	F:/pan-gi-ici-ccc-20260709/GSE205506/supplement/mmc3.xlsx	28AA8BC71620AE3B667D0243891B631DA3B8EB1576108C88463B2F66979EAC80
Myeloid cell markers	CCL19+mDC	50	ETV3	"ETV3"	1.43920816061817	4.43049047719318e-88	1.10921759587008e-83	0.478	0.085	Supplementary Table 2. Marker genes for myeloid cell clusters, related to Figure S2 and Figures 5.	F:/pan-gi-ici-ccc-20260709/GSE205506/supplement/mmc3.xlsx	28AA8BC71620AE3B667D0243891B631DA3B8EB1576108C88463B2F66979EAC80
Myeloid cell markers	CD1C+cDC	1	DNASE1L3	"DNASE1L3"	1.86550080377008	5.01254799826014e-161	1.25494151684441e-156	0.317	0.04	Supplementary Table 2. Marker genes for myeloid cell clusters, related to Figure S2 and Figures 5.	F:/pan-gi-ici-ccc-20260709/GSE205506/supplement/mmc3.xlsx	28AA8BC71620AE3B667D0243891B631DA3B8EB1576108C88463B2F66979EAC80
Myeloid cell markers	CD1C+cDC	2	FCER1A	"FCER1A"	1.79094735059636	0	0	0.329	0.013	Supplementary Table 2. Marker genes for myeloid cell clusters, related to Figure S2 and Figures 5.	F:/pan-gi-ici-ccc-20260709/GSE205506/supplement/mmc3.xlsx	28AA8BC71620AE3B667D0243891B631DA3B8EB1576108C88463B2F66979EAC80
Myeloid cell markers	CD1C+cDC	3	CLEC10A	"CLEC10A"	1.76377236451085	4.41139132584752e-106	1.10443593233919e-101	0.66	0.341	Supplementary Table 2. Marker genes for myeloid cell clusters, related to Figure S2 and Figures 5.	F:/pan-gi-ici-ccc-20260709/GSE205506/supplement/mmc3.xlsx	28AA8BC71620AE3B667D0243891B631DA3B8EB1576108C88463B2F66979EAC80
Myeloid cell markers	CD1C+cDC	4	CD1C	"CD1C"	1.71246507495622	4.22690117358052e-247	1.05824697781762e-242	0.443	0.056	Supplementary Table 2. Marker genes for myeloid cell clusters, related to Figure S2 and Figures 5.	F:/pan-gi-ici-ccc-20260709/GSE205506/supplement/mmc3.xlsx	28AA8BC71620AE3B667D0243891B631DA3B8EB1576108C88463B2F66979EAC80
Myeloid cell markers	CD1C+cDC	5	LTB	"LTB"	1.60785242639674	7.75013521179216e-113	1.94032385162429e-108	0.398	0.099	Supplementary Table 2. Marker genes for myeloid cell clusters, related to Figure S2 and Figures 5.	F:/pan-gi-ici-ccc-20260709/GSE205506/supplement/mmc3.xlsx	28AA8BC71620AE3B667D0243891B631DA3B8EB1576108C88463B2F66979EAC80
Myeloid cell markers	CD1C+cDC	6	CD1E	"CD1E"	1.59635153376468	8.83935227793283e-198	2.21302023630326e-193	0.42	0.064	Supplementary Table 2. Marker genes for myeloid cell clusters, related to Figure S2 and Figures 5.	F:/pan-gi-ici-ccc-20260709/GSE205506/supplement/mmc3.xlsx	28AA8BC71620AE3B667D0243891B631DA3B8EB1576108C88463B2F66979EAC80
Myeloid cell markers	CD1C+cDC	7	PPA1	"PPA1"	1.42488738386106	6.96494774146421e-121	1.74374431655298e-116	0.807	0.482	Supplementary Table 2. Marker genes for myeloid cell clusters, related to Figure S2 and Figures 5.	F:/pan-gi-ici-ccc-20260709/GSE205506/supplement/mmc3.xlsx	28AA8BC71620AE3B667D0243891B631DA3B8EB1576108C88463B2F66979EAC80
Myeloid cell markers	CD1C+cDC	8	LGALS2	"LGALS2"	1.32153160731828	7.47482212792273e-106	1.87139646794674e-101	0.723	0.376	Supplementary Table 2. Marker genes for myeloid cell clusters, related to Figure S2 and Figures 5.	F:/pan-gi-ici-ccc-20260709/GSE205506/supplement/mmc3.xlsx	28AA8BC71620AE3B667D0243891B631DA3B8EB1576108C88463B2F66979EAC80
Myeloid cell markers	CD1C+cDC	9	JAML	"JAML"	1.3167665315662	1.67993242029078e-121	4.20587880744e-117	0.773	0.423	Supplementary Table 2. Marker genes for myeloid cell clusters, related to Figure S2 and Figures 5.	F:/pan-gi-ici-ccc-20260709/GSE205506/supplement/mmc3.xlsx	28AA8BC71620AE3B667D0243891B631DA3B8EB1576108C88463B2F66979EAC80
Myeloid cell markers	CD1C+cDC	10	RUNX3	"RUNX3"	1.28036107875053	5.317357485913e-94	1.33125362017318e-89	0.438	0.141	Supplementary Table 2. Marker genes for myeloid cell clusters, related to Figure S2 and Figures 5.	F:/pan-gi-ici-ccc-20260709/GSE205506/supplement/mmc3.xlsx	28AA8BC71620AE3B667D0243891B631DA3B8EB1576108C88463B2F66979EAC80
Myeloid cell markers	CD1C+cDC	11	CST7	"CST7"	1.16719032088151	1.40321161656123e-173	3.51308060322269e-169	0.422	0.072	Supplementary Table 2. Marker genes for myeloid cell clusters, related to Figure S2 and Figures 5.	F:/pan-gi-ici-ccc-20260709/GSE205506/supplement/mmc3.xlsx	28AA8BC71620AE3B667D0243891B631DA3B8EB1576108C88463B2F66979EAC80
Myeloid cell markers	CD1C+cDC	12	HLA-DRB5	"HLA-DRB5"	1.05643251584682	0.000321379034919015	1	0.37	0.335	Supplementary Table 2. Marker genes for myeloid cell clusters, related to Figure S2 and Figures 5.	F:/pan-gi-ici-ccc-20260709/GSE205506/supplement/mmc3.xlsx	28AA8BC71620AE3B667D0243891B631DA3B8EB1576108C88463B2F66979EAC80
Myeloid cell markers	CD1C+cDC	13	KCNK6	"KCNK6"	1.04483426817128	1.49891980228207e-78	3.75269561699339e-74	0.52	0.226	Supplementary Table 2. Marker genes for myeloid cell clusters, related to Figure S2 and Figures 5.	F:/pan-gi-ici-ccc-20260709/GSE205506/supplement/mmc3.xlsx	28AA8BC71620AE3B667D0243891B631DA3B8EB1576108C88463B2F66979EAC80
Myeloid cell markers	CD1C+cDC	14	CST3	"CST3"	0.9928510055227	1.19782521783778e-53	2.99887521537866e-49	0.987	0.941	Supplementary Table 2. Marker genes for myeloid cell clusters, related to Figure S2 and Figures 5.	F:/pan-gi-ici-ccc-20260709/GSE205506/supplement/mmc3.xlsx	28AA8BC71620AE3B667D0243891B631DA3B8EB1576108C88463B2F66979EAC80
Myeloid cell markers	CD1C+cDC	15	CPVL	"CPVL"	0.960684992671785	1.74366871519786e-38	4.36544899536936e-34	0.749	0.632	Supplementary Table 2. Marker genes for myeloid cell clusters, related to Figure S2 and Figures 5.	F:/pan-gi-ici-ccc-20260709/GSE205506/supplement/mmc3.xlsx	28AA8BC71620AE3B667D0243891B631DA3B8EB1576108C88463B2F66979EAC80
Myeloid cell markers	CD1C+cDC	16	HLA-DPB1	"HLA-DPB1"	0.951285367308733	4.33891246527564e-97	1.08629012480641e-92	0.986	0.877	Supplementary Table 2. Marker genes for myeloid cell clusters, related to Figure S2 and Figures 5.	F:/pan-gi-ici-ccc-20260709/GSE205506/supplement/mmc3.xlsx	28AA8BC71620AE3B667D0243891B631DA3B8EB1576108C88463B2F66979EAC80
Myeloid cell markers	CD1C+cDC	17	HLA-DQB1	"HLA-DQB1"	0.928635135254984	3.36100976823693e-95	8.41462405575799e-91	0.979	0.822	Supplementary Table 2. Marker genes for myeloid cell clusters, related to Figure S2 and Figures 5.	F:/pan-gi-ici-ccc-20260709/GSE205506/supplement/mmc3.xlsx	28AA8BC71620AE3B667D0243891B631DA3B8EB1576108C88463B2F66979EAC80
Myeloid cell markers	CD1C+cDC	18	SPINT2	"SPINT2"	0.926600396463548	8.05652180375979e-63	2.0170307987893e-58	0.692	0.46	Supplementary Table 2. Marker genes for myeloid cell clusters, related to Figure S2 and Figures 5.	F:/pan-gi-ici-ccc-20260709/GSE205506/supplement/mmc3.xlsx	28AA8BC71620AE3B667D0243891B631DA3B8EB1576108C88463B2F66979EAC80
Myeloid cell markers	CD1C+cDC	19	CIITA	"CIITA"	0.925033688651547	3.13539384221435e-68	7.84977202336785e-64	0.667	0.387	Supplementary Table 2. Marker genes for myeloid cell clusters, related to Figure S2 and Figures 5.	F:/pan-gi-ici-ccc-20260709/GSE205506/supplement/mmc3.xlsx	28AA8BC71620AE3B667D0243891B631DA3B8EB1576108C88463B2F66979EAC80
Myeloid cell markers	CD1C+cDC	20	PKIB	"PKIB"	0.922029632472301	6.95448029310056e-117	1.74112368618066e-112	0.288	0.048	Supplementary Table 2. Marker genes for myeloid cell clusters, related to Figure S2 and Figures 5.	F:/pan-gi-ici-ccc-20260709/GSE205506/supplement/mmc3.xlsx	28AA8BC71620AE3B667D0243891B631DA3B8EB1576108C88463B2F66979EAC80
Myeloid cell markers	CD1C+cDC	21	PLAC8	"PLAC8"	0.904564954765858	4.19934344693835e-66	1.05134762537549e-61	0.456	0.173	Supplementary Table 2. Marker genes for myeloid cell clusters, related to Figure S2 and Figures 5.	F:/pan-gi-ici-ccc-20260709/GSE205506/supplement/mmc3.xlsx	28AA8BC71620AE3B667D0243891B631DA3B8EB1576108C88463B2F66979EAC80
Myeloid cell markers	CD1C+cDC	22	IDO1	"IDO1"	0.876347386061857	4.16616764652358e-65	1.04304173198364e-60	0.277	0.073	Supplementary Table 2. Marker genes for myeloid cell clusters, related to Figure S2 and Figures 5.	F:/pan-gi-ici-ccc-20260709/GSE205506/supplement/mmc3.xlsx	28AA8BC71620AE3B667D0243891B631DA3B8EB1576108C88463B2F66979EAC80
Myeloid cell markers	CD1C+cDC	23	RPS23	"RPS23"	0.869367303573958	3.10872460832616e-115	7.78300292940538e-111	0.969	0.96	Supplementary Table 2. Marker genes for myeloid cell clusters, related to Figure S2 and Figures 5.	F:/pan-gi-ici-ccc-20260709/GSE205506/supplement/mmc3.xlsx	28AA8BC71620AE3B667D0243891B631DA3B8EB1576108C88463B2F66979EAC80
Myeloid cell markers	CD1C+cDC	24	PLD4	"PLD4"	0.856946248246448	2.25299966538547e-143	5.64060996225905e-139	0.411	0.082	Supplementary Table 2. Marker genes for myeloid cell clusters, related to Figure S2 and Figures 5.	F:/pan-gi-ici-ccc-20260709/GSE205506/supplement/mmc3.xlsx	28AA8BC71620AE3B667D0243891B631DA3B8EB1576108C88463B2F66979EAC80
Myeloid cell markers	CD1C+cDC	25	CD52	"CD52"	0.838462840205988	6.82471951671967e-57	1.70863677820594e-52	0.633	0.342	Supplementary Table 2. Marker genes for myeloid cell clusters, related to Figure S2 and Figures 5.	F:/pan-gi-ici-ccc-20260709/GSE205506/supplement/mmc3.xlsx	28AA8BC71620AE3B667D0243891B631DA3B8EB1576108C88463B2F66979EAC80
Myeloid cell markers	CD1C+cDC	26	P2RY13	"P2RY13"	0.834447435374768	1.16115424994471e-49	2.90706578016158e-45	0.456	0.221	Supplementary Table 2. Marker genes for myeloid cell clusters, related to Figure S2 and Figures 5.	F:/pan-gi-ici-ccc-20260709/GSE205506/supplement/mmc3.xlsx	28AA8BC71620AE3B667D0243891B631DA3B8EB1576108C88463B2F66979EAC80
Myeloid cell markers	CD1C+cDC	27	SAMHD1	"SAMHD1"	0.820629650857041	7.13619737072846e-56	1.78661837373558e-51	0.813	0.64	Supplementary Table 2. Marker genes for myeloid cell clusters, related to Figure S2 and Figures 5.	F:/pan-gi-ici-ccc-20260709/GSE205506/supplement/mmc3.xlsx	28AA8BC71620AE3B667D0243891B631DA3B8EB1576108C88463B2F66979EAC80
Myeloid cell markers	CD1C+cDC	28	PPP1R14A	"PPP1R14A"	0.819754035229355	3.29159977922626e-183	8.24084920727086e-179	0.251	0.018	Supplementary Table 2. Marker genes for myeloid cell clusters, related to Figure S2 and Figures 5.	F:/pan-gi-ici-ccc-20260709/GSE205506/supplement/mmc3.xlsx	28AA8BC71620AE3B667D0243891B631DA3B8EB1576108C88463B2F66979EAC80
Myeloid cell markers	CD1C+cDC	29	IER5	"IER5"	0.808168713091908	1.13530991450433e-16	2.84236190195305e-12	0.607	0.479	Supplementary Table 2. Marker genes for myeloid cell clusters, related to Figure S2 and Figures 5.	F:/pan-gi-ici-ccc-20260709/GSE205506/supplement/mmc3.xlsx	28AA8BC71620AE3B667D0243891B631DA3B8EB1576108C88463B2F66979EAC80
Myeloid cell markers	CD1C+cDC	30	SLC38A1	"SLC38A1"	0.804383874465804	8.80636542546814e-202	2.2047616479202e-197	0.34	0.035	Supplementary Table 2. Marker genes for myeloid cell clusters, related to Figure S2 and Figures 5.	F:/pan-gi-ici-ccc-20260709/GSE205506/supplement/mmc3.xlsx	28AA8BC71620AE3B667D0243891B631DA3B8EB1576108C88463B2F66979EAC80
Myeloid cell markers	CD1C+cDC	31	RPS11	"RPS11"	0.799771719361741	2.18157379526861e-105	5.46178815383448e-101	0.965	0.936	Supplementary Table 2. Marker genes for myeloid cell clusters, related to Figure S2 and Figures 5.	F:/pan-gi-ici-ccc-20260709/GSE205506/supplement/mmc3.xlsx	28AA8BC71620AE3B667D0243891B631DA3B8EB1576108C88463B2F66979EAC80
Myeloid cell markers	CD1C+cDC	32	RPS18	"RPS18"	0.786991989217649	1.35049686065829e-95	3.38110394034409e-91	0.982	0.963	Supplementary Table 2. Marker genes for myeloid cell clusters, related to Figure S2 and Figures 5.	F:/pan-gi-ici-ccc-20260709/GSE205506/supplement/mmc3.xlsx	28AA8BC71620AE3B667D0243891B631DA3B8EB1576108C88463B2F66979EAC80
Myeloid cell markers	CD1C+cDC	33	RPS6	"RPS6"	0.774054246951189	3.28897104829373e-89	8.23426791650817e-85	0.955	0.943	Supplementary Table 2. Marker genes for myeloid cell clusters, related to Figure S2 and Figures 5.	F:/pan-gi-ici-ccc-20260709/GSE205506/supplement/mmc3.xlsx	28AA8BC71620AE3B667D0243891B631DA3B8EB1576108C88463B2F66979EAC80
Myeloid cell markers	CD1C+cDC	34	RPL31	"RPL31"	0.768269631730022	8.16172165606273e-29	2.04336863381186e-24	0.837	0.722	Supplementary Table 2. Marker genes for myeloid cell clusters, related to Figure S2 and Figures 5.	F:/pan-gi-ici-ccc-20260709/GSE205506/supplement/mmc3.xlsx	28AA8BC71620AE3B667D0243891B631DA3B8EB1576108C88463B2F66979EAC80
Myeloid cell markers	CD1C+cDC	35	COTL1	"COTL1"	0.761863895513641	5.92866913292856e-52	1.48430160411999e-47	0.923	0.852	Supplementary Table 2. Marker genes for myeloid cell clusters, related to Figure S2 and Figures 5.	F:/pan-gi-ici-ccc-20260709/GSE205506/supplement/mmc3.xlsx	28AA8BC71620AE3B667D0243891B631DA3B8EB1576108C88463B2F66979EAC80
Myeloid cell markers	CD1C+cDC	36	LSP1	"LSP1"	0.760422926153292	3.33395771690385e-44	8.34689654004048e-40	0.71	0.498	Supplementary Table 2. Marker genes for myeloid cell clusters, related to Figure S2 and Figures 5.	F:/pan-gi-ici-ccc-20260709/GSE205506/supplement/mmc3.xlsx	28AA8BC71620AE3B667D0243891B631DA3B8EB1576108C88463B2F66979EAC80
Myeloid cell markers	CD1C+cDC	37	PHACTR1	"PHACTR1"	0.754437985046402	1.25426525052354e-27	3.14017848121074e-23	0.385	0.199	Supplementary Table 2. Marker genes for myeloid cell clusters, related to Figure S2 and Figures 5.	F:/pan-gi-ici-ccc-20260709/GSE205506/supplement/mmc3.xlsx	28AA8BC71620AE3B667D0243891B631DA3B8EB1576108C88463B2F66979EAC80
Myeloid cell markers	CD1C+cDC	38	RPL36A	"RPL36A"	0.752338990945898	1.56712807303919e-15	3.92346184366091e-11	0.738	0.641	Supplementary Table 2. Marker genes for myeloid cell clusters, related to Figure S2 and Figures 5.	F:/pan-gi-ici-ccc-20260709/GSE205506/supplement/mmc3.xlsx	28AA8BC71620AE3B667D0243891B631DA3B8EB1576108C88463B2F66979EAC80
Myeloid cell markers	CD1C+cDC	39	RPS3A	"RPS3A"	0.739598813872787	4.79434529325647e-79	1.20031228761969e-74	0.948	0.96	Supplementary Table 2. Marker genes for myeloid cell clusters, related to Figure S2 and Figures 5.	F:/pan-gi-ici-ccc-20260709/GSE205506/supplement/mmc3.xlsx	28AA8BC71620AE3B667D0243891B631DA3B8EB1576108C88463B2F66979EAC80
Myeloid cell markers	CD1C+cDC	40	HLA-DPA1	"HLA-DPA1"	0.736800361471031	2.13517493232818e-68	5.34562396057683e-64	0.979	0.899	Supplementary Table 2. Marker genes for myeloid cell clusters, related to Figure S2 and Figures 5.	F:/pan-gi-ici-ccc-20260709/GSE205506/supplement/mmc3.xlsx	28AA8BC71620AE3B667D0243891B631DA3B8EB1576108C88463B2F66979EAC80
Myeloid cell markers	CD1C+cDC	41	HLA-DRB1	"HLA-DRB1"	0.736454549014735	2.27497250846456e-54	5.69562117219187e-50	0.987	0.922	Supplementary Table 2. Marker genes for myeloid cell clusters, related to Figure S2 and Figures 5.	F:/pan-gi-ici-ccc-20260709/GSE205506/supplement/mmc3.xlsx	28AA8BC71620AE3B667D0243891B631DA3B8EB1576108C88463B2F66979EAC80
Myeloid cell markers	CD1C+cDC	42	RPS4X	"RPS4X"	0.735929532113533	1.24036804024704e-77	3.10538542556248e-73	0.955	0.945	Supplementary Table 2. Marker genes for myeloid cell clusters, related to Figure S2 and Figures 5.	F:/pan-gi-ici-ccc-20260709/GSE205506/supplement/mmc3.xlsx	28AA8BC71620AE3B667D0243891B631DA3B8EB1576108C88463B2F66979EAC80
Myeloid cell markers	CD1C+cDC	43	SLC8A1	"SLC8A1"	0.732672647891256	1.65283810874652e-28	4.13804548905778e-24	0.514	0.326	Supplementary Table 2. Marker genes for myeloid cell clusters, related to Figure S2 and Figures 5.	F:/pan-gi-ici-ccc-20260709/GSE205506/supplement/mmc3.xlsx	28AA8BC71620AE3B667D0243891B631DA3B8EB1576108C88463B2F66979EAC80
Myeloid cell markers	CD1C+cDC	44	RPL37	"RPL37"	0.726315383921686	1.31099804969488e-78	3.2822147172161e-74	0.973	0.963	Supplementary Table 2. Marker genes for myeloid cell clusters, related to Figure S2 and Figures 5.	F:/pan-gi-ici-ccc-20260709/GSE205506/supplement/mmc3.xlsx	28AA8BC71620AE3B667D0243891B631DA3B8EB1576108C88463B2F66979EAC80
Myeloid cell markers	CD1C+cDC	45	CORO1A	"CORO1A"	0.723193016681002	6.2383006343988e-46	1.56182094682808e-41	0.741	0.524	Supplementary Table 2. Marker genes for myeloid cell clusters, related to Figure S2 and Figures 5.	F:/pan-gi-ici-ccc-20260709/GSE205506/supplement/mmc3.xlsx	28AA8BC71620AE3B667D0243891B631DA3B8EB1576108C88463B2F66979EAC80
Myeloid cell markers	CD1C+cDC	46	FGD2	"FGD2"	0.717849108569461	1.73433353226643e-37	4.34207743138225e-33	0.52	0.305	Supplementary Table 2. Marker genes for myeloid cell clusters, related to Figure S2 and Figures 5.	F:/pan-gi-ici-ccc-20260709/GSE205506/supplement/mmc3.xlsx	28AA8BC71620AE3B667D0243891B631DA3B8EB1576108C88463B2F66979EAC80
Myeloid cell markers	CD1C+cDC	47	RPL23A	"RPL23A"	0.715313242910064	1.47837309227143e-82	3.70125487381075e-78	0.955	0.93	Supplementary Table 2. Marker genes for myeloid cell clusters, related to Figure S2 and Figures 5.	F:/pan-gi-ici-ccc-20260709/GSE205506/supplement/mmc3.xlsx	28AA8BC71620AE3B667D0243891B631DA3B8EB1576108C88463B2F66979EAC80
Myeloid cell markers	CD1C+cDC	48	ADAM19	"ADAM19"	0.692523440115257	2.54175531942107e-74	6.36353861770259e-70	0.357	0.103	Supplementary Table 2. Marker genes for myeloid cell clusters, related to Figure S2 and Figures 5.	F:/pan-gi-ici-ccc-20260709/GSE205506/supplement/mmc3.xlsx	28AA8BC71620AE3B667D0243891B631DA3B8EB1576108C88463B2F66979EAC80
Myeloid cell markers	CD1C+cDC	49	NAP1L1	"NAP1L1"	0.683550776501149	1.17891968381158e-37	2.95154332039068e-33	0.828	0.727	Supplementary Table 2. Marker genes for myeloid cell clusters, related to Figure S2 and Figures 5.	F:/pan-gi-ici-ccc-20260709/GSE205506/supplement/mmc3.xlsx	28AA8BC71620AE3B667D0243891B631DA3B8EB1576108C88463B2F66979EAC80
Myeloid cell markers	CD1C+cDC	50	HMGN1	"HMGN1"	0.680376186793157	9.45082186757634e-50	2.36610776276641e-45	0.749	0.548	Supplementary Table 2. Marker genes for myeloid cell clusters, related to Figure S2 and Figures 5.	F:/pan-gi-ici-ccc-20260709/GSE205506/supplement/mmc3.xlsx	28AA8BC71620AE3B667D0243891B631DA3B8EB1576108C88463B2F66979EAC80
Myeloid cell markers	FCN1+Mono	1	S100A8	"S100A8"	3.03925243640935	0	0	0.933	0.385	Supplementary Table 2. Marker genes for myeloid cell clusters, related to Figure S2 and Figures 5.	F:/pan-gi-ici-ccc-20260709/GSE205506/supplement/mmc3.xlsx	28AA8BC71620AE3B667D0243891B631DA3B8EB1576108C88463B2F66979EAC80
Myeloid cell markers	FCN1+Mono	2	S100A9	"S100A9"	2.62145396609036	3.72272471129447e-307	9.32021358719685e-303	0.975	0.646	Supplementary Table 2. Marker genes for myeloid cell clusters, related to Figure S2 and Figures 5.	F:/pan-gi-ici-ccc-20260709/GSE205506/supplement/mmc3.xlsx	28AA8BC71620AE3B667D0243891B631DA3B8EB1576108C88463B2F66979EAC80
Myeloid cell markers	FCN1+Mono	3	S100A12	"S100A12"	2.55312764671565	0	0	0.703	0.131	Supplementary Table 2. Marker genes for myeloid cell clusters, related to Figure S2 and Figures 5.	F:/pan-gi-ici-ccc-20260709/GSE205506/supplement/mmc3.xlsx	28AA8BC71620AE3B667D0243891B631DA3B8EB1576108C88463B2F66979EAC80
Myeloid cell markers	FCN1+Mono	4	VCAN	"VCAN"	2.53315932116084	0	0	0.886	0.251	Supplementary Table 2. Marker genes for myeloid cell clusters, related to Figure S2 and Figures 5.	F:/pan-gi-ici-ccc-20260709/GSE205506/supplement/mmc3.xlsx	28AA8BC71620AE3B667D0243891B631DA3B8EB1576108C88463B2F66979EAC80
Myeloid cell markers	FCN1+Mono	5	FCN1	"FCN1"	2.27439858782589	0	0	0.965	0.371	Supplementary Table 2. Marker genes for myeloid cell clusters, related to Figure S2 and Figures 5.	F:/pan-gi-ici-ccc-20260709/GSE205506/supplement/mmc3.xlsx	28AA8BC71620AE3B667D0243891B631DA3B8EB1576108C88463B2F66979EAC80
Myeloid cell markers	FCN1+Mono	6	MNDA	"MNDA"	1.77851858009539	1.74958560683724e-255	4.38026252527771e-251	0.931	0.659	Supplementary Table 2. Marker genes for myeloid cell clusters, related to Figure S2 and Figures 5.	F:/pan-gi-ici-ccc-20260709/GSE205506/supplement/mmc3.xlsx	28AA8BC71620AE3B667D0243891B631DA3B8EB1576108C88463B2F66979EAC80
Myeloid cell markers	FCN1+Mono	7	CD55	"CD55"	1.58034773159138	6.69738128387829e-168	1.67675637823177e-163	0.708	0.349	Supplementary Table 2. Marker genes for myeloid cell clusters, related to Figure S2 and Figures 5.	F:/pan-gi-ici-ccc-20260709/GSE205506/supplement/mmc3.xlsx	28AA8BC71620AE3B667D0243891B631DA3B8EB1576108C88463B2F66979EAC80
Myeloid cell markers	FCN1+Mono	8	CLEC12A	"CLEC12A"	1.37888762219419	1.78026551049053e-139	4.45707273206409e-135	0.693	0.374	Supplementary Table 2. Marker genes for myeloid cell clusters, related to Figure S2 and Figures 5.	F:/pan-gi-ici-ccc-20260709/GSE205506/supplement/mmc3.xlsx	28AA8BC71620AE3B667D0243891B631DA3B8EB1576108C88463B2F66979EAC80
Myeloid cell markers	FCN1+Mono	9	CFP	"CFP"	1.36503531531237	5.77294236492133e-221	1.4453138504817e-216	0.67	0.214	Supplementary Table 2. Marker genes for myeloid cell clusters, related to Figure S2 and Figures 5.	F:/pan-gi-ici-ccc-20260709/GSE205506/supplement/mmc3.xlsx	28AA8BC71620AE3B667D0243891B631DA3B8EB1576108C88463B2F66979EAC80
Myeloid cell markers	FCN1+Mono	10	CSF3R	"CSF3R"	1.34460771618711	3.97859138686289e-155	9.96080139614993e-151	0.601	0.249	Supplementary Table 2. Marker genes for myeloid cell clusters, related to Figure S2 and Figures 5.	F:/pan-gi-ici-ccc-20260709/GSE205506/supplement/mmc3.xlsx	28AA8BC71620AE3B667D0243891B631DA3B8EB1576108C88463B2F66979EAC80
Myeloid cell markers	FCN1+Mono	11	S100A4	"S100A4"	1.28662691546803	2.12102470476789e-246	5.31019745085688e-242	0.993	0.844	Supplementary Table 2. Marker genes for myeloid cell clusters, related to Figure S2 and Figures 5.	F:/pan-gi-ici-ccc-20260709/GSE205506/supplement/mmc3.xlsx	28AA8BC71620AE3B667D0243891B631DA3B8EB1576108C88463B2F66979EAC80
Myeloid cell markers	FCN1+Mono	12	CYP1B1	"CYP1B1"	1.26497443592999	2.7050528949426e-198	6.7723704277783e-194	0.289	0.032	Supplementary Table 2. Marker genes for myeloid cell clusters, related to Figure S2 and Figures 5.	F:/pan-gi-ici-ccc-20260709/GSE205506/supplement/mmc3.xlsx	28AA8BC71620AE3B667D0243891B631DA3B8EB1576108C88463B2F66979EAC80
Myeloid cell markers	FCN1+Mono	13	SELL	"SELL"	1.24165593980287	9.58127601754246e-195	2.39876826375193e-190	0.463	0.104	Supplementary Table 2. Marker genes for myeloid cell clusters, related to Figure S2 and Figures 5.	F:/pan-gi-ici-ccc-20260709/GSE205506/supplement/mmc3.xlsx	28AA8BC71620AE3B667D0243891B631DA3B8EB1576108C88463B2F66979EAC80
Myeloid cell markers	FCN1+Mono	14	CD36	"CD36"	1.21234049587473	5.15479666897694e-160	1.29055489404507e-155	0.529	0.165	Supplementary Table 2. Marker genes for myeloid cell clusters, related to Figure S2 and Figures 5.	F:/pan-gi-ici-ccc-20260709/GSE205506/supplement/mmc3.xlsx	28AA8BC71620AE3B667D0243891B631DA3B8EB1576108C88463B2F66979EAC80
Myeloid cell markers	FCN1+Mono	15	TKT	"TKT"	1.21098137942456	2.73314251605368e-108	6.84269560319198e-104	0.705	0.503	Supplementary Table 2. Marker genes for myeloid cell clusters, related to Figure S2 and Figures 5.	F:/pan-gi-ici-ccc-20260709/GSE205506/supplement/mmc3.xlsx	28AA8BC71620AE3B667D0243891B631DA3B8EB1576108C88463B2F66979EAC80
Myeloid cell markers	FCN1+Mono	16	CD52	"CD52"	1.2013275002384	2.5188349367913e-107	6.30615514775069e-103	0.643	0.328	Supplementary Table 2. Marker genes for myeloid cell clusters, related to Figure S2 and Figures 5.	F:/pan-gi-ici-ccc-20260709/GSE205506/supplement/mmc3.xlsx	28AA8BC71620AE3B667D0243891B631DA3B8EB1576108C88463B2F66979EAC80
Myeloid cell markers	FCN1+Mono	17	AP1S2	"AP1S2"	1.17729244932138	7.0350069991996e-120	1.76128435231961e-115	0.761	0.565	Supplementary Table 2. Marker genes for myeloid cell clusters, related to Figure S2 and Figures 5.	F:/pan-gi-ici-ccc-20260709/GSE205506/supplement/mmc3.xlsx	28AA8BC71620AE3B667D0243891B631DA3B8EB1576108C88463B2F66979EAC80
Myeloid cell markers	FCN1+Mono	18	RGS2	"RGS2"	1.17472900003515	4.26855171517515e-89	1.06867460741125e-84	0.751	0.514	Supplementary Table 2. Marker genes for myeloid cell clusters, related to Figure S2 and Figures 5.	F:/pan-gi-ici-ccc-20260709/GSE205506/supplement/mmc3.xlsx	28AA8BC71620AE3B667D0243891B631DA3B8EB1576108C88463B2F66979EAC80
Myeloid cell markers	FCN1+Mono	19	RIPOR2	"RIPOR2"	1.16430857000566	2.41040604116976e-186	6.03469256467261e-182	0.453	0.106	Supplementary Table 2. Marker genes for myeloid cell clusters, related to Figure S2 and Figures 5.	F:/pan-gi-ici-ccc-20260709/GSE205506/supplement/mmc3.xlsx	28AA8BC71620AE3B667D0243891B631DA3B8EB1576108C88463B2F66979EAC80
Myeloid cell markers	FCN1+Mono	20	NUP214	"NUP214"	1.15452895946562	1.89870297266118e-119	4.75359276235452e-115	0.54	0.241	Supplementary Table 2. Marker genes for myeloid cell clusters, related to Figure S2 and Figures 5.	F:/pan-gi-ici-ccc-20260709/GSE205506/supplement/mmc3.xlsx	28AA8BC71620AE3B667D0243891B631DA3B8EB1576108C88463B2F66979EAC80
Myeloid cell markers	FCN1+Mono	21	FOS	"FOS"	1.15198918339956	3.73280609809239e-130	9.3454533471841e-126	0.963	0.83	Supplementary Table 2. Marker genes for myeloid cell clusters, related to Figure S2 and Figures 5.	F:/pan-gi-ici-ccc-20260709/GSE205506/supplement/mmc3.xlsx	28AA8BC71620AE3B667D0243891B631DA3B8EB1576108C88463B2F66979EAC80
Myeloid cell markers	FCN1+Mono	22	RBP7	"RBP7"	1.14480770068383	1.25672219975732e-263	3.14632969931243e-259	0.373	0.04	Supplementary Table 2. Marker genes for myeloid cell clusters, related to Figure S2 and Figures 5.	F:/pan-gi-ici-ccc-20260709/GSE205506/supplement/mmc3.xlsx	28AA8BC71620AE3B667D0243891B631DA3B8EB1576108C88463B2F66979EAC80
Myeloid cell markers	FCN1+Mono	23	CTSS	"CTSS"	1.14304342872575	6.29166282995187e-234	1.57518070610675e-229	0.994	0.903	Supplementary Table 2. Marker genes for myeloid cell clusters, related to Figure S2 and Figures 5.	F:/pan-gi-ici-ccc-20260709/GSE205506/supplement/mmc3.xlsx	28AA8BC71620AE3B667D0243891B631DA3B8EB1576108C88463B2F66979EAC80
Myeloid cell markers	FCN1+Mono	24	CORO1A	"CORO1A"	1.12562292546712	1.10321243178797e-137	2.76200264422437e-133	0.789	0.507	Supplementary Table 2. Marker genes for myeloid cell clusters, related to Figure S2 and Figures 5.	F:/pan-gi-ici-ccc-20260709/GSE205506/supplement/mmc3.xlsx	28AA8BC71620AE3B667D0243891B631DA3B8EB1576108C88463B2F66979EAC80
Myeloid cell markers	FCN1+Mono	25	STXBP2	"STXBP2"	1.12164477341624	3.47813747799966e-101	8.70786498991994e-97	0.674	0.45	Supplementary Table 2. Marker genes for myeloid cell clusters, related to Figure S2 and Figures 5.	F:/pan-gi-ici-ccc-20260709/GSE205506/supplement/mmc3.xlsx	28AA8BC71620AE3B667D0243891B631DA3B8EB1576108C88463B2F66979EAC80
Myeloid cell markers	FCN1+Mono	26	CEBPD	"CEBPD"	1.11595767638777	1.25030058412242e-95	3.13025254240888e-91	0.821	0.65	Supplementary Table 2. Marker genes for myeloid cell clusters, related to Figure S2 and Figures 5.	F:/pan-gi-ici-ccc-20260709/GSE205506/supplement/mmc3.xlsx	28AA8BC71620AE3B667D0243891B631DA3B8EB1576108C88463B2F66979EAC80
Myeloid cell markers	FCN1+Mono	27	LYST	"LYST"	1.1158338858923	9.55047327872617e-124	2.39105649006188e-119	0.552	0.235	Supplementary Table 2. Marker genes for myeloid cell clusters, related to Figure S2 and Figures 5.	F:/pan-gi-ici-ccc-20260709/GSE205506/supplement/mmc3.xlsx	28AA8BC71620AE3B667D0243891B631DA3B8EB1576108C88463B2F66979EAC80
Myeloid cell markers	FCN1+Mono	28	CSTA	"CSTA"	1.11449078778257	7.9253734738937e-116	1.98419650292403e-111	0.718	0.445	Supplementary Table 2. Marker genes for myeloid cell clusters, related to Figure S2 and Figures 5.	F:/pan-gi-ici-ccc-20260709/GSE205506/supplement/mmc3.xlsx	28AA8BC71620AE3B667D0243891B631DA3B8EB1576108C88463B2F66979EAC80
Myeloid cell markers	FCN1+Mono	29	EVI2B	"EVI2B"	1.10755987878198	1.51853639403223e-108	3.8018077160991e-104	0.759	0.561	Supplementary Table 2. Marker genes for myeloid cell clusters, related to Figure S2 and Figures 5.	F:/pan-gi-ici-ccc-20260709/GSE205506/supplement/mmc3.xlsx	28AA8BC71620AE3B667D0243891B631DA3B8EB1576108C88463B2F66979EAC80
Myeloid cell markers	FCN1+Mono	30	APOBEC3A	"APOBEC3A"	1.09278005007224	2.09291106513405e-128	5.23981214266961e-124	0.325	0.067	Supplementary Table 2. Marker genes for myeloid cell clusters, related to Figure S2 and Figures 5.	F:/pan-gi-ici-ccc-20260709/GSE205506/supplement/mmc3.xlsx	28AA8BC71620AE3B667D0243891B631DA3B8EB1576108C88463B2F66979EAC80
Myeloid cell markers	FCN1+Mono	31	CD48	"CD48"	1.08829788871988	2.29225438779953e-127	5.73888808529491e-123	0.802	0.569	Supplementary Table 2. Marker genes for myeloid cell clusters, related to Figure S2 and Figures 5.	F:/pan-gi-ici-ccc-20260709/GSE205506/supplement/mmc3.xlsx	28AA8BC71620AE3B667D0243891B631DA3B8EB1576108C88463B2F66979EAC80
Myeloid cell markers	FCN1+Mono	32	IFITM2	"IFITM2"	1.0747999249107	1.50231578440029e-86	3.76119779782457e-82	0.701	0.471	Supplementary Table 2. Marker genes for myeloid cell clusters, related to Figure S2 and Figures 5.	F:/pan-gi-ici-ccc-20260709/GSE205506/supplement/mmc3.xlsx	28AA8BC71620AE3B667D0243891B631DA3B8EB1576108C88463B2F66979EAC80
Myeloid cell markers	FCN1+Mono	33	CD37	"CD37"	1.07297356974074	2.69354184732908e-130	6.74355136897308e-126	0.809	0.6	Supplementary Table 2. Marker genes for myeloid cell clusters, related to Figure S2 and Figures 5.	F:/pan-gi-ici-ccc-20260709/GSE205506/supplement/mmc3.xlsx	28AA8BC71620AE3B667D0243891B631DA3B8EB1576108C88463B2F66979EAC80
Myeloid cell markers	FCN1+Mono	34	ABHD5	"ABHD5"	1.07201969557361	3.30261469362367e-65	8.26842614695622e-61	0.438	0.219	Supplementary Table 2. Marker genes for myeloid cell clusters, related to Figure S2 and Figures 5.	F:/pan-gi-ici-ccc-20260709/GSE205506/supplement/mmc3.xlsx	28AA8BC71620AE3B667D0243891B631DA3B8EB1576108C88463B2F66979EAC80
Myeloid cell markers	FCN1+Mono	35	POU2F2	"POU2F2"	1.04158147091428	2.37114765645608e-98	5.93640527270344e-94	0.51	0.233	Supplementary Table 2. Marker genes for myeloid cell clusters, related to Figure S2 and Figures 5.	F:/pan-gi-ici-ccc-20260709/GSE205506/supplement/mmc3.xlsx	28AA8BC71620AE3B667D0243891B631DA3B8EB1576108C88463B2F66979EAC80
Myeloid cell markers	FCN1+Mono	36	CDA	"CDA"	1.04070612771699	9.27015211246272e-162	2.32087528287617e-157	0.394	0.091	Supplementary Table 2. Marker genes for myeloid cell clusters, related to Figure S2 and Figures 5.	F:/pan-gi-ici-ccc-20260709/GSE205506/supplement/mmc3.xlsx	28AA8BC71620AE3B667D0243891B631DA3B8EB1576108C88463B2F66979EAC80
Myeloid cell markers	FCN1+Mono	37	LRRK2	"LRRK2"	1.01745992152956	2.86477750746825e-93	7.1722569676975e-89	0.436	0.181	Supplementary Table 2. Marker genes for myeloid cell clusters, related to Figure S2 and Figures 5.	F:/pan-gi-ici-ccc-20260709/GSE205506/supplement/mmc3.xlsx	28AA8BC71620AE3B667D0243891B631DA3B8EB1576108C88463B2F66979EAC80
Myeloid cell markers	FCN1+Mono	38	CD300E	"CD300E"	1.0018328130312	1.38423592148682e-158	3.46557305303441e-154	0.598	0.195	Supplementary Table 2. Marker genes for myeloid cell clusters, related to Figure S2 and Figures 5.	F:/pan-gi-ici-ccc-20260709/GSE205506/supplement/mmc3.xlsx	28AA8BC71620AE3B667D0243891B631DA3B8EB1576108C88463B2F66979EAC80
Myeloid cell markers	FCN1+Mono	39	NAMPT	"NAMPT"	1.00160458290544	6.8596283565681e-102	1.71737655535039e-97	0.85	0.658	Supplementary Table 2. Marker genes for myeloid cell clusters, related to Figure S2 and Figures 5.	F:/pan-gi-ici-ccc-20260709/GSE205506/supplement/mmc3.xlsx	28AA8BC71620AE3B667D0243891B631DA3B8EB1576108C88463B2F66979EAC80
Myeloid cell markers	FCN1+Mono	40	SOCS3	"SOCS3"	0.991955453855356	2.30009205179973e-49	5.7585104608858e-45	0.648	0.506	Supplementary Table 2. Marker genes for myeloid cell clusters, related to Figure S2 and Figures 5.	F:/pan-gi-ici-ccc-20260709/GSE205506/supplement/mmc3.xlsx	28AA8BC71620AE3B667D0243891B631DA3B8EB1576108C88463B2F66979EAC80
Myeloid cell markers	FCN1+Mono	41	FGR	"FGR"	0.991890199449585	3.74019066740389e-82	9.36394135491239e-78	0.585	0.343	Supplementary Table 2. Marker genes for myeloid cell clusters, related to Figure S2 and Figures 5.	F:/pan-gi-ici-ccc-20260709/GSE205506/supplement/mmc3.xlsx	28AA8BC71620AE3B667D0243891B631DA3B8EB1576108C88463B2F66979EAC80
Myeloid cell markers	FCN1+Mono	42	TNFSF10	"TNFSF10"	0.982952462844918	5.45920169002183e-69	1.36676573511386e-64	0.536	0.32	Supplementary Table 2. Marker genes for myeloid cell clusters, related to Figure S2 and Figures 5.	F:/pan-gi-ici-ccc-20260709/GSE205506/supplement/mmc3.xlsx	28AA8BC71620AE3B667D0243891B631DA3B8EB1576108C88463B2F66979EAC80
Myeloid cell markers	FCN1+Mono	43	PLBD1	"PLBD1"	0.982913322355394	2.95578596163545e-37	7.40010573355052e-33	0.537	0.427	Supplementary Table 2. Marker genes for myeloid cell clusters, related to Figure S2 and Figures 5.	F:/pan-gi-ici-ccc-20260709/GSE205506/supplement/mmc3.xlsx	28AA8BC71620AE3B667D0243891B631DA3B8EB1576108C88463B2F66979EAC80
Myeloid cell markers	FCN1+Mono	44	ICAM3	"ICAM3"	0.963605609101938	4.74466339747899e-156	1.18787392819284e-151	0.4	0.094	Supplementary Table 2. Marker genes for myeloid cell clusters, related to Figure S2 and Figures 5.	F:/pan-gi-ici-ccc-20260709/GSE205506/supplement/mmc3.xlsx	28AA8BC71620AE3B667D0243891B631DA3B8EB1576108C88463B2F66979EAC80
Myeloid cell markers	FCN1+Mono	45	FPR1	"FPR1"	0.926280063787691	5.73045905065186e-87	1.4346777279212e-82	0.681	0.439	Supplementary Table 2. Marker genes for myeloid cell clusters, related to Figure S2 and Figures 5.	F:/pan-gi-ici-ccc-20260709/GSE205506/supplement/mmc3.xlsx	28AA8BC71620AE3B667D0243891B631DA3B8EB1576108C88463B2F66979EAC80
Myeloid cell markers	FCN1+Mono	46	COTL1	"COTL1"	0.922829879446622	2.75580810402867e-161	6.89944116924618e-157	0.956	0.844	Supplementary Table 2. Marker genes for myeloid cell clusters, related to Figure S2 and Figures 5.	F:/pan-gi-ici-ccc-20260709/GSE205506/supplement/mmc3.xlsx	28AA8BC71620AE3B667D0243891B631DA3B8EB1576108C88463B2F66979EAC80
Myeloid cell markers	FCN1+Mono	47	MEGF9	"MEGF9"	0.919288824541981	3.52472385013108e-105	8.82449863118816e-101	0.347	0.106	Supplementary Table 2. Marker genes for myeloid cell clusters, related to Figure S2 and Figures 5.	F:/pan-gi-ici-ccc-20260709/GSE205506/supplement/mmc3.xlsx	28AA8BC71620AE3B667D0243891B631DA3B8EB1576108C88463B2F66979EAC80
Myeloid cell markers	FCN1+Mono	48	C19orf38	"C19orf38"	0.917822610288185	2.59874763860661e-131	6.50622458801551e-127	0.43	0.134	Supplementary Table 2. Marker genes for myeloid cell clusters, related to Figure S2 and Figures 5.	F:/pan-gi-ici-ccc-20260709/GSE205506/supplement/mmc3.xlsx	28AA8BC71620AE3B667D0243891B631DA3B8EB1576108C88463B2F66979EAC80
Myeloid cell markers	FCN1+Mono	49	S100A6	"S100A6"	0.915129492119543	4.75889954050654e-153	1.19143808896122e-148	0.994	0.92	Supplementary Table 2. Marker genes for myeloid cell clusters, related to Figure S2 and Figures 5.	F:/pan-gi-ici-ccc-20260709/GSE205506/supplement/mmc3.xlsx	28AA8BC71620AE3B667D0243891B631DA3B8EB1576108C88463B2F66979EAC80
Myeloid cell markers	FCN1+Mono	50	LST1	"LST1"	0.909625934913162	8.45755185397375e-90	2.11743268216087e-85	0.871	0.742	Supplementary Table 2. Marker genes for myeloid cell clusters, related to Figure S2 and Figures 5.	F:/pan-gi-ici-ccc-20260709/GSE205506/supplement/mmc3.xlsx	28AA8BC71620AE3B667D0243891B631DA3B8EB1576108C88463B2F66979EAC80
Myeloid cell markers	FOLR2+Mac	1	SELENOP	"SELENOP"	2.76553775854635	0	0	0.832	0.168	Supplementary Table 2. Marker genes for myeloid cell clusters, related to Figure S2 and Figures 5.	F:/pan-gi-ici-ccc-20260709/GSE205506/supplement/mmc3.xlsx	28AA8BC71620AE3B667D0243891B631DA3B8EB1576108C88463B2F66979EAC80
Myeloid cell markers	FOLR2+Mac	2	RNASE1	"RNASE1"	2.22948476854106	0	0	0.742	0.241	Supplementary Table 2. Marker genes for myeloid cell clusters, related to Figure S2 and Figures 5.	F:/pan-gi-ici-ccc-20260709/GSE205506/supplement/mmc3.xlsx	28AA8BC71620AE3B667D0243891B631DA3B8EB1576108C88463B2F66979EAC80
Myeloid cell markers	FOLR2+Mac	3	FOLR2	"FOLR2"	2.05896045889465	0	0	0.77	0.208	Supplementary Table 2. Marker genes for myeloid cell clusters, related to Figure S2 and Figures 5.	F:/pan-gi-ici-ccc-20260709/GSE205506/supplement/mmc3.xlsx	28AA8BC71620AE3B667D0243891B631DA3B8EB1576108C88463B2F66979EAC80
Myeloid cell markers	FOLR2+Mac	4	C1QA	"C1QA"	1.89592890437637	0	0	0.994	0.441	Supplementary Table 2. Marker genes for myeloid cell clusters, related to Figure S2 and Figures 5.	F:/pan-gi-ici-ccc-20260709/GSE205506/supplement/mmc3.xlsx	28AA8BC71620AE3B667D0243891B631DA3B8EB1576108C88463B2F66979EAC80
Myeloid cell markers	FOLR2+Mac	5	C1QC	"C1QC"	1.85777306494439	0	0	0.984	0.396	Supplementary Table 2. Marker genes for myeloid cell clusters, related to Figure S2 and Figures 5.	F:/pan-gi-ici-ccc-20260709/GSE205506/supplement/mmc3.xlsx	28AA8BC71620AE3B667D0243891B631DA3B8EB1576108C88463B2F66979EAC80
Myeloid cell markers	FOLR2+Mac	6	C1QB	"C1QB"	1.8424747581949	0	0	0.985	0.415	Supplementary Table 2. Marker genes for myeloid cell clusters, related to Figure S2 and Figures 5.	F:/pan-gi-ici-ccc-20260709/GSE205506/supplement/mmc3.xlsx	28AA8BC71620AE3B667D0243891B631DA3B8EB1576108C88463B2F66979EAC80
Myeloid cell markers	FOLR2+Mac	7	SLC40A1	"SLC40A1"	1.83997167528461	0	0	0.65	0.126	Supplementary Table 2. Marker genes for myeloid cell clusters, related to Figure S2 and Figures 5.	F:/pan-gi-ici-ccc-20260709/GSE205506/supplement/mmc3.xlsx	28AA8BC71620AE3B667D0243891B631DA3B8EB1576108C88463B2F66979EAC80
Myeloid cell markers	FOLR2+Mac	8	MS4A4A	"MS4A4A"	1.58941001455381	0	0	0.809	0.351	Supplementary Table 2. Marker genes for myeloid cell clusters, related to Figure S2 and Figures 5.	F:/pan-gi-ici-ccc-20260709/GSE205506/supplement/mmc3.xlsx	28AA8BC71620AE3B667D0243891B631DA3B8EB1576108C88463B2F66979EAC80
Myeloid cell markers	FOLR2+Mac	9	SLCO2B1	"SLCO2B1"	1.58886713805783	0	0	0.811	0.26	Supplementary Table 2. Marker genes for myeloid cell clusters, related to Figure S2 and Figures 5.	F:/pan-gi-ici-ccc-20260709/GSE205506/supplement/mmc3.xlsx	28AA8BC71620AE3B667D0243891B631DA3B8EB1576108C88463B2F66979EAC80
Myeloid cell markers	FOLR2+Mac	10	A2M	"A2M"	1.56237379752561	0	0	0.845	0.298	Supplementary Table 2. Marker genes for myeloid cell clusters, related to Figure S2 and Figures 5.	F:/pan-gi-ici-ccc-20260709/GSE205506/supplement/mmc3.xlsx	28AA8BC71620AE3B667D0243891B631DA3B8EB1576108C88463B2F66979EAC80
Myeloid cell markers	FOLR2+Mac	11	F13A1	"F13A1"	1.4921644044534	8.30846359234172e-203	2.08010694497867e-198	0.504	0.166	Supplementary Table 2. Marker genes for myeloid cell clusters, related to Figure S2 and Figures 5.	F:/pan-gi-ici-ccc-20260709/GSE205506/supplement/mmc3.xlsx	28AA8BC71620AE3B667D0243891B631DA3B8EB1576108C88463B2F66979EAC80
Myeloid cell markers	FOLR2+Mac	12	STAB1	"STAB1"	1.4693569337291	2.84852569304004e-297	7.13156892509504e-293	0.718	0.275	Supplementary Table 2. Marker genes for myeloid cell clusters, related to Figure S2 and Figures 5.	F:/pan-gi-ici-ccc-20260709/GSE205506/supplement/mmc3.xlsx	28AA8BC71620AE3B667D0243891B631DA3B8EB1576108C88463B2F66979EAC80
Myeloid cell markers	FOLR2+Mac	13	CCL13	"CCL13"	1.41566119381834	5.37885006952769e-193	1.34664890340695e-188	0.345	0.07	Supplementary Table 2. Marker genes for myeloid cell clusters, related to Figure S2 and Figures 5.	F:/pan-gi-ici-ccc-20260709/GSE205506/supplement/mmc3.xlsx	28AA8BC71620AE3B667D0243891B631DA3B8EB1576108C88463B2F66979EAC80
Myeloid cell markers	FOLR2+Mac	14	PLTP	"PLTP"	1.40210423851642	0	0	0.706	0.227	Supplementary Table 2. Marker genes for myeloid cell clusters, related to Figure S2 and Figures 5.	F:/pan-gi-ici-ccc-20260709/GSE205506/supplement/mmc3.xlsx	28AA8BC71620AE3B667D0243891B631DA3B8EB1576108C88463B2F66979EAC80
Myeloid cell markers	FOLR2+Mac	15	LGMN	"LGMN"	1.39491772106739	4.84028151336655e-226	1.21181287968645e-221	0.711	0.302	Supplementary Table 2. Marker genes for myeloid cell clusters, related to Figure S2 and Figures 5.	F:/pan-gi-ici-ccc-20260709/GSE205506/supplement/mmc3.xlsx	28AA8BC71620AE3B667D0243891B631DA3B8EB1576108C88463B2F66979EAC80
Myeloid cell markers	FOLR2+Mac	16	MAF	"MAF"	1.38253871034849	0	0	0.689	0.217	Supplementary Table 2. Marker genes for myeloid cell clusters, related to Figure S2 and Figures 5.	F:/pan-gi-ici-ccc-20260709/GSE205506/supplement/mmc3.xlsx	28AA8BC71620AE3B667D0243891B631DA3B8EB1576108C88463B2F66979EAC80
Myeloid cell markers	FOLR2+Mac	17	DAB2	"DAB2"	1.36690646255603	0	0	0.798	0.346	Supplementary Table 2. Marker genes for myeloid cell clusters, related to Figure S2 and Figures 5.	F:/pan-gi-ici-ccc-20260709/GSE205506/supplement/mmc3.xlsx	28AA8BC71620AE3B667D0243891B631DA3B8EB1576108C88463B2F66979EAC80
Myeloid cell markers	FOLR2+Mac	18	APOE	"APOE"	1.30087319438175	9.56582987402085e-275	2.39490116725986e-270	0.861	0.354	Supplementary Table 2. Marker genes for myeloid cell clusters, related to Figure S2 and Figures 5.	F:/pan-gi-ici-ccc-20260709/GSE205506/supplement/mmc3.xlsx	28AA8BC71620AE3B667D0243891B631DA3B8EB1576108C88463B2F66979EAC80
Myeloid cell markers	FOLR2+Mac	19	MS4A6A	"MS4A6A"	1.2674684891304	0	0	0.966	0.659	Supplementary Table 2. Marker genes for myeloid cell clusters, related to Figure S2 and Figures 5.	F:/pan-gi-ici-ccc-20260709/GSE205506/supplement/mmc3.xlsx	28AA8BC71620AE3B667D0243891B631DA3B8EB1576108C88463B2F66979EAC80
Myeloid cell markers	FOLR2+Mac	20	MRC1	"MRC1"	1.26474054617074	3.7777520638614e-255	9.45798006708339e-251	0.79	0.368	Supplementary Table 2. Marker genes for myeloid cell clusters, related to Figure S2 and Figures 5.	F:/pan-gi-ici-ccc-20260709/GSE205506/supplement/mmc3.xlsx	28AA8BC71620AE3B667D0243891B631DA3B8EB1576108C88463B2F66979EAC80
Myeloid cell markers	FOLR2+Mac	21	SDC3	"SDC3"	1.2611103383375	0	0	0.639	0.179	Supplementary Table 2. Marker genes for myeloid cell clusters, related to Figure S2 and Figures 5.	F:/pan-gi-ici-ccc-20260709/GSE205506/supplement/mmc3.xlsx	28AA8BC71620AE3B667D0243891B631DA3B8EB1576108C88463B2F66979EAC80
Myeloid cell markers	FOLR2+Mac	22	CD163	"CD163"	1.23693660188335	5.62166922951283e-290	1.40744110830083e-285	0.838	0.407	Supplementary Table 2. Marker genes for myeloid cell clusters, related to Figure S2 and Figures 5.	F:/pan-gi-ici-ccc-20260709/GSE205506/supplement/mmc3.xlsx	28AA8BC71620AE3B667D0243891B631DA3B8EB1576108C88463B2F66979EAC80
Myeloid cell markers	FOLR2+Mac	23	GPR155	"GPR155"	1.192687362358	2.33456901156869e-270	5.84482697736337e-266	0.614	0.199	Supplementary Table 2. Marker genes for myeloid cell clusters, related to Figure S2 and Figures 5.	F:/pan-gi-ici-ccc-20260709/GSE205506/supplement/mmc3.xlsx	28AA8BC71620AE3B667D0243891B631DA3B8EB1576108C88463B2F66979EAC80
Myeloid cell markers	FOLR2+Mac	24	APOC1	"APOC1"	1.1813579292415	1.07981175293956e-179	2.70341670465948e-175	0.727	0.326	Supplementary Table 2. Marker genes for myeloid cell clusters, related to Figure S2 and Figures 5.	F:/pan-gi-ici-ccc-20260709/GSE205506/supplement/mmc3.xlsx	28AA8BC71620AE3B667D0243891B631DA3B8EB1576108C88463B2F66979EAC80
Myeloid cell markers	FOLR2+Mac	25	CTSC	"CTSC"	1.17162540129052	1.8092866153553e-276	4.52972997020353e-272	0.952	0.682	Supplementary Table 2. Marker genes for myeloid cell clusters, related to Figure S2 and Figures 5.	F:/pan-gi-ici-ccc-20260709/GSE205506/supplement/mmc3.xlsx	28AA8BC71620AE3B667D0243891B631DA3B8EB1576108C88463B2F66979EAC80
Myeloid cell markers	FOLR2+Mac	26	FCGR3A	"FCGR3A"	1.16382702641175	2.35556127240394e-249	5.8973832015905e-245	0.883	0.485	Supplementary Table 2. Marker genes for myeloid cell clusters, related to Figure S2 and Figures 5.	F:/pan-gi-ici-ccc-20260709/GSE205506/supplement/mmc3.xlsx	28AA8BC71620AE3B667D0243891B631DA3B8EB1576108C88463B2F66979EAC80
Myeloid cell markers	FOLR2+Mac	27	IFI27	"IFI27"	1.16308716986411	3.93980408026869e-98	9.86369349536069e-94	0.441	0.2	Supplementary Table 2. Marker genes for myeloid cell clusters, related to Figure S2 and Figures 5.	F:/pan-gi-ici-ccc-20260709/GSE205506/supplement/mmc3.xlsx	28AA8BC71620AE3B667D0243891B631DA3B8EB1576108C88463B2F66979EAC80
Myeloid cell markers	FOLR2+Mac	28	GPR34	"GPR34"	1.15235585873571	6.65622590535673e-298	1.66645271766511e-293	0.614	0.177	Supplementary Table 2. Marker genes for myeloid cell clusters, related to Figure S2 and Figures 5.	F:/pan-gi-ici-ccc-20260709/GSE205506/supplement/mmc3.xlsx	28AA8BC71620AE3B667D0243891B631DA3B8EB1576108C88463B2F66979EAC80
Myeloid cell markers	FOLR2+Mac	29	PLD3	"PLD3"	1.09285008006508	1.50060571980687e-253	3.75691648010849e-249	0.829	0.401	Supplementary Table 2. Marker genes for myeloid cell clusters, related to Figure S2 and Figures 5.	F:/pan-gi-ici-ccc-20260709/GSE205506/supplement/mmc3.xlsx	28AA8BC71620AE3B667D0243891B631DA3B8EB1576108C88463B2F66979EAC80
Myeloid cell markers	FOLR2+Mac	30	MS4A7	"MS4A7"	1.09085480135888	6.89816671386586e-204	1.72702501848346e-199	0.885	0.544	Supplementary Table 2. Marker genes for myeloid cell clusters, related to Figure S2 and Figures 5.	F:/pan-gi-ici-ccc-20260709/GSE205506/supplement/mmc3.xlsx	28AA8BC71620AE3B667D0243891B631DA3B8EB1576108C88463B2F66979EAC80
Myeloid cell markers	FOLR2+Mac	31	SERPING1	"SERPING1"	1.08709757972085	5.12307966764709e-259	1.28261422559212e-254	0.73	0.3	Supplementary Table 2. Marker genes for myeloid cell clusters, related to Figure S2 and Figures 5.	F:/pan-gi-ici-ccc-20260709/GSE205506/supplement/mmc3.xlsx	28AA8BC71620AE3B667D0243891B631DA3B8EB1576108C88463B2F66979EAC80
Myeloid cell markers	FOLR2+Mac	32	HLA-DQA1	"HLA-DQA1"	1.08467917098122	8.33965862565094e-232	2.08791693351797e-227	0.972	0.728	Supplementary Table 2. Marker genes for myeloid cell clusters, related to Figure S2 and Figures 5.	F:/pan-gi-ici-ccc-20260709/GSE205506/supplement/mmc3.xlsx	28AA8BC71620AE3B667D0243891B631DA3B8EB1576108C88463B2F66979EAC80
Myeloid cell markers	FOLR2+Mac	33	ITM2B	"ITM2B"	1.07557701558193	0	0	0.989	0.896	Supplementary Table 2. Marker genes for myeloid cell clusters, related to Figure S2 and Figures 5.	F:/pan-gi-ici-ccc-20260709/GSE205506/supplement/mmc3.xlsx	28AA8BC71620AE3B667D0243891B631DA3B8EB1576108C88463B2F66979EAC80
Myeloid cell markers	FOLR2+Mac	34	CD74	"CD74"	1.04062512246203	4.24461067313617e-294	1.06268072812637e-289	1	0.972	Supplementary Table 2. Marker genes for myeloid cell clusters, related to Figure S2 and Figures 5.	F:/pan-gi-ici-ccc-20260709/GSE205506/supplement/mmc3.xlsx	28AA8BC71620AE3B667D0243891B631DA3B8EB1576108C88463B2F66979EAC80
Myeloid cell markers	FOLR2+Mac	35	CD14	"CD14"	1.03464894375909	7.44904582483452e-222	1.86494311270557e-217	0.957	0.712	Supplementary Table 2. Marker genes for myeloid cell clusters, related to Figure S2 and Figures 5.	F:/pan-gi-ici-ccc-20260709/GSE205506/supplement/mmc3.xlsx	28AA8BC71620AE3B667D0243891B631DA3B8EB1576108C88463B2F66979EAC80
Myeloid cell markers	FOLR2+Mac	36	HLA-DQA2	"HLA-DQA2"	1.02333466121075	3.55772844271609e-159	8.90712892918402e-155	0.79	0.495	Supplementary Table 2. Marker genes for myeloid cell clusters, related to Figure S2 and Figures 5.	F:/pan-gi-ici-ccc-20260709/GSE205506/supplement/mmc3.xlsx	28AA8BC71620AE3B667D0243891B631DA3B8EB1576108C88463B2F66979EAC80
Myeloid cell markers	FOLR2+Mac	37	TMEM176B	"TMEM176B"	1.02154249603407	1.47794124858177e-219	3.70017370994931e-215	0.891	0.566	Supplementary Table 2. Marker genes for myeloid cell clusters, related to Figure S2 and Figures 5.	F:/pan-gi-ici-ccc-20260709/GSE205506/supplement/mmc3.xlsx	28AA8BC71620AE3B667D0243891B631DA3B8EB1576108C88463B2F66979EAC80
Myeloid cell markers	FOLR2+Mac	38	C2	"C2"	1.01258412496099	6.26506178921699e-227	1.56852086954837e-222	0.616	0.222	Supplementary Table 2. Marker genes for myeloid cell clusters, related to Figure S2 and Figures 5.	F:/pan-gi-ici-ccc-20260709/GSE205506/supplement/mmc3.xlsx	28AA8BC71620AE3B667D0243891B631DA3B8EB1576108C88463B2F66979EAC80
Myeloid cell markers	FOLR2+Mac	39	GPNMB	"GPNMB"	1.01225995973178	6.37095718106366e-214	1.5950328398511e-209	0.804	0.342	Supplementary Table 2. Marker genes for myeloid cell clusters, related to Figure S2 and Figures 5.	F:/pan-gi-ici-ccc-20260709/GSE205506/supplement/mmc3.xlsx	28AA8BC71620AE3B667D0243891B631DA3B8EB1576108C88463B2F66979EAC80
Myeloid cell markers	FOLR2+Mac	40	MAFB	"MAFB"	0.968905409961228	3.71973241810613e-206	9.3127220819705e-202	0.9	0.559	Supplementary Table 2. Marker genes for myeloid cell clusters, related to Figure S2 and Figures 5.	F:/pan-gi-ici-ccc-20260709/GSE205506/supplement/mmc3.xlsx	28AA8BC71620AE3B667D0243891B631DA3B8EB1576108C88463B2F66979EAC80
Myeloid cell markers	FOLR2+Mac	41	HLA-DQB1	"HLA-DQB1"	0.968010363947684	2.12245096800028e-199	5.31376824348551e-195	0.975	0.796	Supplementary Table 2. Marker genes for myeloid cell clusters, related to Figure S2 and Figures 5.	F:/pan-gi-ici-ccc-20260709/GSE205506/supplement/mmc3.xlsx	28AA8BC71620AE3B667D0243891B631DA3B8EB1576108C88463B2F66979EAC80
Myeloid cell markers	FOLR2+Mac	42	HLA-DMB	"HLA-DMB"	0.922804506629026	2.83931819567013e-219	7.10851703467974e-215	0.924	0.616	Supplementary Table 2. Marker genes for myeloid cell clusters, related to Figure S2 and Figures 5.	F:/pan-gi-ici-ccc-20260709/GSE205506/supplement/mmc3.xlsx	28AA8BC71620AE3B667D0243891B631DA3B8EB1576108C88463B2F66979EAC80
Myeloid cell markers	FOLR2+Mac	43	ADAP2	"ADAP2"	0.907830045461401	1.23263519168633e-174	3.0860254659059e-170	0.646	0.309	Supplementary Table 2. Marker genes for myeloid cell clusters, related to Figure S2 and Figures 5.	F:/pan-gi-ici-ccc-20260709/GSE205506/supplement/mmc3.xlsx	28AA8BC71620AE3B667D0243891B631DA3B8EB1576108C88463B2F66979EAC80
Myeloid cell markers	FOLR2+Mac	44	CSF1R	"CSF1R"	0.907004929731968	1.32973925472914e-177	3.32913519813986e-173	0.792	0.465	Supplementary Table 2. Marker genes for myeloid cell clusters, related to Figure S2 and Figures 5.	F:/pan-gi-ici-ccc-20260709/GSE205506/supplement/mmc3.xlsx	28AA8BC71620AE3B667D0243891B631DA3B8EB1576108C88463B2F66979EAC80
Myeloid cell markers	FOLR2+Mac	45	VSIG4	"VSIG4"	0.905134954870292	9.3833178102492e-183	2.34920744697399e-178	0.743	0.354	Supplementary Table 2. Marker genes for myeloid cell clusters, related to Figure S2 and Figures 5.	F:/pan-gi-ici-ccc-20260709/GSE205506/supplement/mmc3.xlsx	28AA8BC71620AE3B667D0243891B631DA3B8EB1576108C88463B2F66979EAC80
Myeloid cell markers	FOLR2+Mac	46	KLF2	"KLF2"	0.897306414495327	2.17745259424725e-83	5.45147031495741e-79	0.664	0.455	Supplementary Table 2. Marker genes for myeloid cell clusters, related to Figure S2 and Figures 5.	F:/pan-gi-ici-ccc-20260709/GSE205506/supplement/mmc3.xlsx	28AA8BC71620AE3B667D0243891B631DA3B8EB1576108C88463B2F66979EAC80
Myeloid cell markers	FOLR2+Mac	47	HLA-DMA	"HLA-DMA"	0.89387776584434	2.77306528915866e-210	6.94264625793762e-206	0.945	0.722	Supplementary Table 2. Marker genes for myeloid cell clusters, related to Figure S2 and Figures 5.	F:/pan-gi-ici-ccc-20260709/GSE205506/supplement/mmc3.xlsx	28AA8BC71620AE3B667D0243891B631DA3B8EB1576108C88463B2F66979EAC80
Myeloid cell markers	FOLR2+Mac	48	LILRB5	"LILRB5"	0.884718306326688	3.74704689904695e-143	9.38110661645395e-139	0.287	0.065	Supplementary Table 2. Marker genes for myeloid cell clusters, related to Figure S2 and Figures 5.	F:/pan-gi-ici-ccc-20260709/GSE205506/supplement/mmc3.xlsx	28AA8BC71620AE3B667D0243891B631DA3B8EB1576108C88463B2F66979EAC80
Myeloid cell markers	FOLR2+Mac	49	MSR1	"MSR1"	0.882738166149256	4.81473445950435e-190	1.20541691928151e-185	0.728	0.334	Supplementary Table 2. Marker genes for myeloid cell clusters, related to Figure S2 and Figures 5.	F:/pan-gi-ici-ccc-20260709/GSE205506/supplement/mmc3.xlsx	28AA8BC71620AE3B667D0243891B631DA3B8EB1576108C88463B2F66979EAC80
Myeloid cell markers	FOLR2+Mac	50	HLA-DRA	"HLA-DRA"	0.879147120071146	6.60709003960806e-229	1.65415106231627e-224	0.999	0.972	Supplementary Table 2. Marker genes for myeloid cell clusters, related to Figure S2 and Figures 5.	F:/pan-gi-ici-ccc-20260709/GSE205506/supplement/mmc3.xlsx	28AA8BC71620AE3B667D0243891B631DA3B8EB1576108C88463B2F66979EAC80
Myeloid cell markers	IL1B+Mono	1	CCL20	"CCL20"	4.84051883422234	4.06526226631804e-277	1.01777906099539e-272	0.359	0.038	Supplementary Table 2. Marker genes for myeloid cell clusters, related to Figure S2 and Figures 5.	F:/pan-gi-ici-ccc-20260709/GSE205506/supplement/mmc3.xlsx	28AA8BC71620AE3B667D0243891B631DA3B8EB1576108C88463B2F66979EAC80
Myeloid cell markers	IL1B+Mono	2	CXCL8	"CXCL8"	4.46571132814873	7.68399593480517e-272	1.92376522223782e-267	0.66	0.216	Supplementary Table 2. Marker genes for myeloid cell clusters, related to Figure S2 and Figures 5.	F:/pan-gi-ici-ccc-20260709/GSE205506/supplement/mmc3.xlsx	28AA8BC71620AE3B667D0243891B631DA3B8EB1576108C88463B2F66979EAC80
Myeloid cell markers	IL1B+Mono	3	IL1B	"IL1B"	4.06443774509025	0	0	0.878	0.233	Supplementary Table 2. Marker genes for myeloid cell clusters, related to Figure S2 and Figures 5.	F:/pan-gi-ici-ccc-20260709/GSE205506/supplement/mmc3.xlsx	28AA8BC71620AE3B667D0243891B631DA3B8EB1576108C88463B2F66979EAC80
Myeloid cell markers	IL1B+Mono	4	PTGS2	"PTGS2"	3.82297737607019	0	0	0.613	0.109	Supplementary Table 2. Marker genes for myeloid cell clusters, related to Figure S2 and Figures 5.	F:/pan-gi-ici-ccc-20260709/GSE205506/supplement/mmc3.xlsx	28AA8BC71620AE3B667D0243891B631DA3B8EB1576108C88463B2F66979EAC80
Myeloid cell markers	IL1B+Mono	5	TIMP1	"TIMP1"	3.61012117414771	0	0	0.975	0.73	Supplementary Table 2. Marker genes for myeloid cell clusters, related to Figure S2 and Figures 5.	F:/pan-gi-ici-ccc-20260709/GSE205506/supplement/mmc3.xlsx	28AA8BC71620AE3B667D0243891B631DA3B8EB1576108C88463B2F66979EAC80
Myeloid cell markers	IL1B+Mono	6	CCL3L1	"CCL3L1"	3.42434390583593	6.23250003239053e-93	1.56036870810929e-88	0.521	0.289	Supplementary Table 2. Marker genes for myeloid cell clusters, related to Figure S2 and Figures 5.	F:/pan-gi-ici-ccc-20260709/GSE205506/supplement/mmc3.xlsx	28AA8BC71620AE3B667D0243891B631DA3B8EB1576108C88463B2F66979EAC80
Myeloid cell markers	IL1B+Mono	7	CXCL3	"CXCL3"	3.41873315498528	1.99572258292582e-101	4.9964910586131e-97	0.355	0.122	Supplementary Table 2. Marker genes for myeloid cell clusters, related to Figure S2 and Figures 5.	F:/pan-gi-ici-ccc-20260709/GSE205506/supplement/mmc3.xlsx	28AA8BC71620AE3B667D0243891B631DA3B8EB1576108C88463B2F66979EAC80
Myeloid cell markers	IL1B+Mono	8	G0S2	"G0S2"	3.12047112594491	2.16359026663812e-274	5.4167645915552e-270	0.553	0.129	Supplementary Table 2. Marker genes for myeloid cell clusters, related to Figure S2 and Figures 5.	F:/pan-gi-ici-ccc-20260709/GSE205506/supplement/mmc3.xlsx	28AA8BC71620AE3B667D0243891B631DA3B8EB1576108C88463B2F66979EAC80
Myeloid cell markers	IL1B+Mono	9	CCL4	"CCL4"	2.97821330092113	2.99178356012064e-30	7.49022932111804e-26	0.375	0.26	Supplementary Table 2. Marker genes for myeloid cell clusters, related to Figure S2 and Figures 5.	F:/pan-gi-ici-ccc-20260709/GSE205506/supplement/mmc3.xlsx	28AA8BC71620AE3B667D0243891B631DA3B8EB1576108C88463B2F66979EAC80
Myeloid cell markers	IL1B+Mono	10	CCL4L2	"CCL4L2"	2.93760136570012	9.03126922282697e-18	2.26106856262696e-13	0.317	0.237	Supplementary Table 2. Marker genes for myeloid cell clusters, related to Figure S2 and Figures 5.	F:/pan-gi-ici-ccc-20260709/GSE205506/supplement/mmc3.xlsx	28AA8BC71620AE3B667D0243891B631DA3B8EB1576108C88463B2F66979EAC80
Myeloid cell markers	IL1B+Mono	11	CXCL2	"CXCL2"	2.87714481224177	2.47739640469982e-100	6.20240963880647e-96	0.48	0.229	Supplementary Table 2. Marker genes for myeloid cell clusters, related to Figure S2 and Figures 5.	F:/pan-gi-ici-ccc-20260709/GSE205506/supplement/mmc3.xlsx	28AA8BC71620AE3B667D0243891B631DA3B8EB1576108C88463B2F66979EAC80
Myeloid cell markers	IL1B+Mono	12	IL1RN	"IL1RN"	2.83369071507695	0	0	0.599	0.141	Supplementary Table 2. Marker genes for myeloid cell clusters, related to Figure S2 and Figures 5.	F:/pan-gi-ici-ccc-20260709/GSE205506/supplement/mmc3.xlsx	28AA8BC71620AE3B667D0243891B631DA3B8EB1576108C88463B2F66979EAC80
Myeloid cell markers	IL1B+Mono	13	CCL3	"CCL3"	2.7561207966168	1.69406139276133e-69	4.24125210291726e-65	0.616	0.456	Supplementary Table 2. Marker genes for myeloid cell clusters, related to Figure S2 and Figures 5.	F:/pan-gi-ici-ccc-20260709/GSE205506/supplement/mmc3.xlsx	28AA8BC71620AE3B667D0243891B631DA3B8EB1576108C88463B2F66979EAC80
Myeloid cell markers	IL1B+Mono	14	EREG	"EREG"	2.71970290667096	4.95869900154758e-293	1.24145988202745e-288	0.507	0.087	Supplementary Table 2. Marker genes for myeloid cell clusters, related to Figure S2 and Figures 5.	F:/pan-gi-ici-ccc-20260709/GSE205506/supplement/mmc3.xlsx	28AA8BC71620AE3B667D0243891B631DA3B8EB1576108C88463B2F66979EAC80
Myeloid cell markers	IL1B+Mono	15	AREG	"AREG"	2.67641495662435	8.87104295967084e-198	2.22095431538319e-193	0.432	0.096	Supplementary Table 2. Marker genes for myeloid cell clusters, related to Figure S2 and Figures 5.	F:/pan-gi-ici-ccc-20260709/GSE205506/supplement/mmc3.xlsx	28AA8BC71620AE3B667D0243891B631DA3B8EB1576108C88463B2F66979EAC80
Myeloid cell markers	IL1B+Mono	16	C15orf48	"C15orf48"	2.53757287948667	2.04483836309206e-192	5.11945732583728e-188	0.766	0.485	Supplementary Table 2. Marker genes for myeloid cell clusters, related to Figure S2 and Figures 5.	F:/pan-gi-ici-ccc-20260709/GSE205506/supplement/mmc3.xlsx	28AA8BC71620AE3B667D0243891B631DA3B8EB1576108C88463B2F66979EAC80
Myeloid cell markers	IL1B+Mono	17	SLC25A37	"SLC25A37"	2.52112264373698	0	0	0.77	0.302	Supplementary Table 2. Marker genes for myeloid cell clusters, related to Figure S2 and Figures 5.	F:/pan-gi-ici-ccc-20260709/GSE205506/supplement/mmc3.xlsx	28AA8BC71620AE3B667D0243891B631DA3B8EB1576108C88463B2F66979EAC80
Myeloid cell markers	IL1B+Mono	18	PPIF	"PPIF"	2.39581964910711	1.3120342281994e-196	3.28480889372003e-192	0.62	0.281	Supplementary Table 2. Marker genes for myeloid cell clusters, related to Figure S2 and Figures 5.	F:/pan-gi-ici-ccc-20260709/GSE205506/supplement/mmc3.xlsx	28AA8BC71620AE3B667D0243891B631DA3B8EB1576108C88463B2F66979EAC80
Myeloid cell markers	IL1B+Mono	19	SOD2	"SOD2"	2.34266361474313	3.54187254750334e-296	8.86743210992937e-292	0.923	0.713	Supplementary Table 2. Marker genes for myeloid cell clusters, related to Figure S2 and Figures 5.	F:/pan-gi-ici-ccc-20260709/GSE205506/supplement/mmc3.xlsx	28AA8BC71620AE3B667D0243891B631DA3B8EB1576108C88463B2F66979EAC80
Myeloid cell markers	IL1B+Mono	20	BCL2A1	"BCL2A1"	2.31322258610512	0	0	0.867	0.474	Supplementary Table 2. Marker genes for myeloid cell clusters, related to Figure S2 and Figures 5.	F:/pan-gi-ici-ccc-20260709/GSE205506/supplement/mmc3.xlsx	28AA8BC71620AE3B667D0243891B631DA3B8EB1576108C88463B2F66979EAC80
Myeloid cell markers	IL1B+Mono	21	TNFAIP6	"TNFAIP6"	2.31143930096366	4.99718901925958e-168	1.25109624286183e-163	0.305	0.053	Supplementary Table 2. Marker genes for myeloid cell clusters, related to Figure S2 and Figures 5.	F:/pan-gi-ici-ccc-20260709/GSE205506/supplement/mmc3.xlsx	28AA8BC71620AE3B667D0243891B631DA3B8EB1576108C88463B2F66979EAC80
Myeloid cell markers	IL1B+Mono	22	VEGFA	"VEGFA"	2.29825396008356	0	0	0.712	0.195	Supplementary Table 2. Marker genes for myeloid cell clusters, related to Figure S2 and Figures 5.	F:/pan-gi-ici-ccc-20260709/GSE205506/supplement/mmc3.xlsx	28AA8BC71620AE3B667D0243891B631DA3B8EB1576108C88463B2F66979EAC80
Myeloid cell markers	IL1B+Mono	23	PLAUR	"PLAUR"	2.28316599547543	3.36210543060062e-262	8.41736715605172e-258	0.849	0.565	Supplementary Table 2. Marker genes for myeloid cell clusters, related to Figure S2 and Figures 5.	F:/pan-gi-ici-ccc-20260709/GSE205506/supplement/mmc3.xlsx	28AA8BC71620AE3B667D0243891B631DA3B8EB1576108C88463B2F66979EAC80
Myeloid cell markers	IL1B+Mono	24	NAMPT	"NAMPT"	2.21975365565838	0	0	0.948	0.637	Supplementary Table 2. Marker genes for myeloid cell clusters, related to Figure S2 and Figures 5.	F:/pan-gi-ici-ccc-20260709/GSE205506/supplement/mmc3.xlsx	28AA8BC71620AE3B667D0243891B631DA3B8EB1576108C88463B2F66979EAC80
Myeloid cell markers	IL1B+Mono	25	CD44	"CD44"	2.10277593426496	0	0	0.936	0.75	Supplementary Table 2. Marker genes for myeloid cell clusters, related to Figure S2 and Figures 5.	F:/pan-gi-ici-ccc-20260709/GSE205506/supplement/mmc3.xlsx	28AA8BC71620AE3B667D0243891B631DA3B8EB1576108C88463B2F66979EAC80
Myeloid cell markers	IL1B+Mono	26	SLC2A3	"SLC2A3"	2.05334887799447	1.73993157322529e-226	4.35609268672685e-222	0.845	0.502	Supplementary Table 2. Marker genes for myeloid cell clusters, related to Figure S2 and Figures 5.	F:/pan-gi-ici-ccc-20260709/GSE205506/supplement/mmc3.xlsx	28AA8BC71620AE3B667D0243891B631DA3B8EB1576108C88463B2F66979EAC80
Myeloid cell markers	IL1B+Mono	27	GK	"GK"	1.88792199611185	2.2025604638912e-203	5.51433037739802e-199	0.689	0.357	Supplementary Table 2. Marker genes for myeloid cell clusters, related to Figure S2 and Figures 5.	F:/pan-gi-ici-ccc-20260709/GSE205506/supplement/mmc3.xlsx	28AA8BC71620AE3B667D0243891B631DA3B8EB1576108C88463B2F66979EAC80
Myeloid cell markers	IL1B+Mono	28	SERPINB9	"SERPINB9"	1.87728262995885	7.3796740243704e-260	1.84757518874137e-255	0.759	0.347	Supplementary Table 2. Marker genes for myeloid cell clusters, related to Figure S2 and Figures 5.	F:/pan-gi-ici-ccc-20260709/GSE205506/supplement/mmc3.xlsx	28AA8BC71620AE3B667D0243891B631DA3B8EB1576108C88463B2F66979EAC80
Myeloid cell markers	IL1B+Mono	29	ATP13A3	"ATP13A3"	1.80974542004649	1.10589162843144e-209	2.76871028094096e-205	0.661	0.298	Supplementary Table 2. Marker genes for myeloid cell clusters, related to Figure S2 and Figures 5.	F:/pan-gi-ici-ccc-20260709/GSE205506/supplement/mmc3.xlsx	28AA8BC71620AE3B667D0243891B631DA3B8EB1576108C88463B2F66979EAC80
Myeloid cell markers	IL1B+Mono	30	CD300E	"CD300E"	1.73847789589257	1.2025737389842e-205	3.01076361292085e-201	0.576	0.189	Supplementary Table 2. Marker genes for myeloid cell clusters, related to Figure S2 and Figures 5.	F:/pan-gi-ici-ccc-20260709/GSE205506/supplement/mmc3.xlsx	28AA8BC71620AE3B667D0243891B631DA3B8EB1576108C88463B2F66979EAC80
Myeloid cell markers	IL1B+Mono	31	TNFAIP3	"TNFAIP3"	1.71923209966926	4.0796581566292e-139	1.02138321609369e-134	0.692	0.426	Supplementary Table 2. Marker genes for myeloid cell clusters, related to Figure S2 and Figures 5.	F:/pan-gi-ici-ccc-20260709/GSE205506/supplement/mmc3.xlsx	28AA8BC71620AE3B667D0243891B631DA3B8EB1576108C88463B2F66979EAC80
Myeloid cell markers	IL1B+Mono	32	SRGN	"SRGN"	1.71825602685623	0	0	0.99	0.953	Supplementary Table 2. Marker genes for myeloid cell clusters, related to Figure S2 and Figures 5.	F:/pan-gi-ici-ccc-20260709/GSE205506/supplement/mmc3.xlsx	28AA8BC71620AE3B667D0243891B631DA3B8EB1576108C88463B2F66979EAC80
Myeloid cell markers	IL1B+Mono	33	IER3	"IER3"	1.70648363438907	4.90159697328057e-167	1.22716381823052e-162	0.805	0.558	Supplementary Table 2. Marker genes for myeloid cell clusters, related to Figure S2 and Figures 5.	F:/pan-gi-ici-ccc-20260709/GSE205506/supplement/mmc3.xlsx	28AA8BC71620AE3B667D0243891B631DA3B8EB1576108C88463B2F66979EAC80
Myeloid cell markers	IL1B+Mono	34	NLRP3	"NLRP3"	1.67619086011672	7.9111907380025e-107	1.98064571316631e-102	0.464	0.21	Supplementary Table 2. Marker genes for myeloid cell clusters, related to Figure S2 and Figures 5.	F:/pan-gi-ici-ccc-20260709/GSE205506/supplement/mmc3.xlsx	28AA8BC71620AE3B667D0243891B631DA3B8EB1576108C88463B2F66979EAC80
Myeloid cell markers	IL1B+Mono	35	HSPH1	"HSPH1"	1.62633987075813	0.00254371331959333	1	0.341	0.366	Supplementary Table 2. Marker genes for myeloid cell clusters, related to Figure S2 and Figures 5.	F:/pan-gi-ici-ccc-20260709/GSE205506/supplement/mmc3.xlsx	28AA8BC71620AE3B667D0243891B631DA3B8EB1576108C88463B2F66979EAC80
Myeloid cell markers	IL1B+Mono	36	IVNS1ABP	"IVNS1ABP"	1.61713171768624	6.08296620300596e-142	1.52293141858457e-137	0.605	0.332	Supplementary Table 2. Marker genes for myeloid cell clusters, related to Figure S2 and Figures 5.	F:/pan-gi-ici-ccc-20260709/GSE205506/supplement/mmc3.xlsx	28AA8BC71620AE3B667D0243891B631DA3B8EB1576108C88463B2F66979EAC80
Myeloid cell markers	IL1B+Mono	37	AQP9	"AQP9"	1.5603810182062	3.49717950243177e-189	8.75553860228817e-185	0.507	0.156	Supplementary Table 2. Marker genes for myeloid cell clusters, related to Figure S2 and Figures 5.	F:/pan-gi-ici-ccc-20260709/GSE205506/supplement/mmc3.xlsx	28AA8BC71620AE3B667D0243891B631DA3B8EB1576108C88463B2F66979EAC80
Myeloid cell markers	IL1B+Mono	38	NFKBIA	"NFKBIA"	1.54209261376423	3.78070454208597e-124	9.46537189156644e-120	0.868	0.756	Supplementary Table 2. Marker genes for myeloid cell clusters, related to Figure S2 and Figures 5.	F:/pan-gi-ici-ccc-20260709/GSE205506/supplement/mmc3.xlsx	28AA8BC71620AE3B667D0243891B631DA3B8EB1576108C88463B2F66979EAC80
Myeloid cell markers	IL1B+Mono	39	CCL2	"CCL2"	1.52514970331596	1.91266170533844e-11	4.78853984548531e-07	0.27	0.197	Supplementary Table 2. Marker genes for myeloid cell clusters, related to Figure S2 and Figures 5.	F:/pan-gi-ici-ccc-20260709/GSE205506/supplement/mmc3.xlsx	28AA8BC71620AE3B667D0243891B631DA3B8EB1576108C88463B2F66979EAC80
Myeloid cell markers	IL1B+Mono	40	DDIT4	"DDIT4"	1.52260503308289	2.25152337591477e-107	5.63691392394022e-103	0.513	0.24	Supplementary Table 2. Marker genes for myeloid cell clusters, related to Figure S2 and Figures 5.	F:/pan-gi-ici-ccc-20260709/GSE205506/supplement/mmc3.xlsx	28AA8BC71620AE3B667D0243891B631DA3B8EB1576108C88463B2F66979EAC80
Myeloid cell markers	IL1B+Mono	41	THBD	"THBD"	1.49624864132412	2.35300542644413e-99	5.89098438564553e-95	0.388	0.15	Supplementary Table 2. Marker genes for myeloid cell clusters, related to Figure S2 and Figures 5.	F:/pan-gi-ici-ccc-20260709/GSE205506/supplement/mmc3.xlsx	28AA8BC71620AE3B667D0243891B631DA3B8EB1576108C88463B2F66979EAC80
Myeloid cell markers	IL1B+Mono	42	NEAT1	"NEAT1"	1.49329290666183	5.82877913998662e-139	1.45929314548705e-134	0.991	0.933	Supplementary Table 2. Marker genes for myeloid cell clusters, related to Figure S2 and Figures 5.	F:/pan-gi-ici-ccc-20260709/GSE205506/supplement/mmc3.xlsx	28AA8BC71620AE3B667D0243891B631DA3B8EB1576108C88463B2F66979EAC80
Myeloid cell markers	IL1B+Mono	43	SOCS3	"SOCS3"	1.46605025823075	3.24170417746051e-142	8.11593057869013e-138	0.743	0.487	Supplementary Table 2. Marker genes for myeloid cell clusters, related to Figure S2 and Figures 5.	F:/pan-gi-ici-ccc-20260709/GSE205506/supplement/mmc3.xlsx	28AA8BC71620AE3B667D0243891B631DA3B8EB1576108C88463B2F66979EAC80
Myeloid cell markers	IL1B+Mono	44	ANPEP	"ANPEP"	1.46443235517374	8.31264448988624e-73	2.08115367448792e-68	0.49	0.308	Supplementary Table 2. Marker genes for myeloid cell clusters, related to Figure S2 and Figures 5.	F:/pan-gi-ici-ccc-20260709/GSE205506/supplement/mmc3.xlsx	28AA8BC71620AE3B667D0243891B631DA3B8EB1576108C88463B2F66979EAC80
Myeloid cell markers	IL1B+Mono	45	S100A12	"S100A12"	1.46039523059859	3.07549639370667e-194	7.69981277128402e-190	0.538	0.145	Supplementary Table 2. Marker genes for myeloid cell clusters, related to Figure S2 and Figures 5.	F:/pan-gi-ici-ccc-20260709/GSE205506/supplement/mmc3.xlsx	28AA8BC71620AE3B667D0243891B631DA3B8EB1576108C88463B2F66979EAC80
Myeloid cell markers	IL1B+Mono	46	SLC11A1	"SLC11A1"	1.46028963548769	6.18354696098112e-169	1.54811281715123e-164	0.708	0.351	Supplementary Table 2. Marker genes for myeloid cell clusters, related to Figure S2 and Figures 5.	F:/pan-gi-ici-ccc-20260709/GSE205506/supplement/mmc3.xlsx	28AA8BC71620AE3B667D0243891B631DA3B8EB1576108C88463B2F66979EAC80
Myeloid cell markers	IL1B+Mono	47	ADM	"ADM"	1.42720493785831	7.07888778165777e-119	1.77227034501584e-114	0.365	0.111	Supplementary Table 2. Marker genes for myeloid cell clusters, related to Figure S2 and Figures 5.	F:/pan-gi-ici-ccc-20260709/GSE205506/supplement/mmc3.xlsx	28AA8BC71620AE3B667D0243891B631DA3B8EB1576108C88463B2F66979EAC80
Myeloid cell markers	IL1B+Mono	48	HBEGF	"HBEGF"	1.39203902877741	2.72032079266889e-95	6.81059513652583e-91	0.467	0.226	Supplementary Table 2. Marker genes for myeloid cell clusters, related to Figure S2 and Figures 5.	F:/pan-gi-ici-ccc-20260709/GSE205506/supplement/mmc3.xlsx	28AA8BC71620AE3B667D0243891B631DA3B8EB1576108C88463B2F66979EAC80
Myeloid cell markers	IL1B+Mono	49	MXD1	"MXD1"	1.38330903820107	1.45117932226226e-118	3.63317255121579e-114	0.568	0.291	Supplementary Table 2. Marker genes for myeloid cell clusters, related to Figure S2 and Figures 5.	F:/pan-gi-ici-ccc-20260709/GSE205506/supplement/mmc3.xlsx	28AA8BC71620AE3B667D0243891B631DA3B8EB1576108C88463B2F66979EAC80
Myeloid cell markers	IL1B+Mono	50	CYTOR	"CYTOR"	1.38032352124806	6.43260112329521e-116	1.61046601722819e-111	0.497	0.228	Supplementary Table 2. Marker genes for myeloid cell clusters, related to Figure S2 and Figures 5.	F:/pan-gi-ici-ccc-20260709/GSE205506/supplement/mmc3.xlsx	28AA8BC71620AE3B667D0243891B631DA3B8EB1576108C88463B2F66979EAC80
Myeloid cell markers	LILR4A+pDC	1	GZMB	"GZMB"	5.78206897288703	0	0	0.984	0.011	Supplementary Table 2. Marker genes for myeloid cell clusters, related to Figure S2 and Figures 5.	F:/pan-gi-ici-ccc-20260709/GSE205506/supplement/mmc3.xlsx	28AA8BC71620AE3B667D0243891B631DA3B8EB1576108C88463B2F66979EAC80
Myeloid cell markers	LILR4A+pDC	2	PTGDS	"PTGDS"	4.39559579341112	7.44829144701723e-57	1.86475424667523e-52	0.492	0.051	Supplementary Table 2. Marker genes for myeloid cell clusters, related to Figure S2 and Figures 5.	F:/pan-gi-ici-ccc-20260709/GSE205506/supplement/mmc3.xlsx	28AA8BC71620AE3B667D0243891B631DA3B8EB1576108C88463B2F66979EAC80
Myeloid cell markers	LILR4A+pDC	3	JCHAIN	"JCHAIN"	3.61701626205769	1.0475369319675e-55	2.62261346287384e-51	0.937	0.267	Supplementary Table 2. Marker genes for myeloid cell clusters, related to Figure S2 and Figures 5.	F:/pan-gi-ici-ccc-20260709/GSE205506/supplement/mmc3.xlsx	28AA8BC71620AE3B667D0243891B631DA3B8EB1576108C88463B2F66979EAC80
Myeloid cell markers	LILR4A+pDC	4	IRF7	"IRF7"	3.3138613198432	1.06254863253586e-63	2.66019675641677e-59	0.952	0.234	Supplementary Table 2. Marker genes for myeloid cell clusters, related to Figure S2 and Figures 5.	F:/pan-gi-ici-ccc-20260709/GSE205506/supplement/mmc3.xlsx	28AA8BC71620AE3B667D0243891B631DA3B8EB1576108C88463B2F66979EAC80
Myeloid cell markers	LILR4A+pDC	5	CLIC3	"CLIC3"	3.25500151132875	0	0	0.841	0.009	Supplementary Table 2. Marker genes for myeloid cell clusters, related to Figure S2 and Figures 5.	F:/pan-gi-ici-ccc-20260709/GSE205506/supplement/mmc3.xlsx	28AA8BC71620AE3B667D0243891B631DA3B8EB1576108C88463B2F66979EAC80
Myeloid cell markers	LILR4A+pDC	6	BCL11A	"BCL11A"	3.22542525746934	1.24776459859717e-94	3.12390344904788e-90	0.937	0.13	Supplementary Table 2. Marker genes for myeloid cell clusters, related to Figure S2 and Figures 5.	F:/pan-gi-ici-ccc-20260709/GSE205506/supplement/mmc3.xlsx	28AA8BC71620AE3B667D0243891B631DA3B8EB1576108C88463B2F66979EAC80
Myeloid cell markers	LILR4A+pDC	7	TSPAN13	"TSPAN13"	3.18171826578128	0	0	0.873	0.025	Supplementary Table 2. Marker genes for myeloid cell clusters, related to Figure S2 and Figures 5.	F:/pan-gi-ici-ccc-20260709/GSE205506/supplement/mmc3.xlsx	28AA8BC71620AE3B667D0243891B631DA3B8EB1576108C88463B2F66979EAC80
Myeloid cell markers	LILR4A+pDC	8	TCF4	"TCF4"	3.06274483135534	2.88882495034444e-45	7.23246214568234e-41	0.952	0.377	Supplementary Table 2. Marker genes for myeloid cell clusters, related to Figure S2 and Figures 5.	F:/pan-gi-ici-ccc-20260709/GSE205506/supplement/mmc3.xlsx	28AA8BC71620AE3B667D0243891B631DA3B8EB1576108C88463B2F66979EAC80
Myeloid cell markers	LILR4A+pDC	9	ITM2C	"ITM2C"	2.99585471229533	1.56298970947886e-120	3.91310103665128e-116	0.841	0.077	Supplementary Table 2. Marker genes for myeloid cell clusters, related to Figure S2 and Figures 5.	F:/pan-gi-ici-ccc-20260709/GSE205506/supplement/mmc3.xlsx	28AA8BC71620AE3B667D0243891B631DA3B8EB1576108C88463B2F66979EAC80
Myeloid cell markers	LILR4A+pDC	10	PLAC8	"PLAC8"	2.98176571957565	5.01912415194147e-71	1.25658792268007e-66	0.968	0.19	Supplementary Table 2. Marker genes for myeloid cell clusters, related to Figure S2 and Figures 5.	F:/pan-gi-ici-ccc-20260709/GSE205506/supplement/mmc3.xlsx	28AA8BC71620AE3B667D0243891B631DA3B8EB1576108C88463B2F66979EAC80
Myeloid cell markers	LILR4A+pDC	11	C12orf75	"C12orf75"	2.9736926359915	1.2377197449358e-228	3.09875515342126e-224	0.889	0.041	Supplementary Table 2. Marker genes for myeloid cell clusters, related to Figure S2 and Figures 5.	F:/pan-gi-ici-ccc-20260709/GSE205506/supplement/mmc3.xlsx	28AA8BC71620AE3B667D0243891B631DA3B8EB1576108C88463B2F66979EAC80
Myeloid cell markers	LILR4A+pDC	12	UGCG	"UGCG"	2.91103441323087	2.92090370652431e-52	7.31277451965426e-48	0.873	0.229	Supplementary Table 2. Marker genes for myeloid cell clusters, related to Figure S2 and Figures 5.	F:/pan-gi-ici-ccc-20260709/GSE205506/supplement/mmc3.xlsx	28AA8BC71620AE3B667D0243891B631DA3B8EB1576108C88463B2F66979EAC80
Myeloid cell markers	LILR4A+pDC	13	PPP1R14B	"PPP1R14B"	2.79329145275696	2.10664003004011e-38	5.27418397920843e-34	0.889	0.382	Supplementary Table 2. Marker genes for myeloid cell clusters, related to Figure S2 and Figures 5.	F:/pan-gi-ici-ccc-20260709/GSE205506/supplement/mmc3.xlsx	28AA8BC71620AE3B667D0243891B631DA3B8EB1576108C88463B2F66979EAC80
Myeloid cell markers	LILR4A+pDC	14	LILRA4	"LILRA4"	2.67302052944459	0	0	0.73	0.01	Supplementary Table 2. Marker genes for myeloid cell clusters, related to Figure S2 and Figures 5.	F:/pan-gi-ici-ccc-20260709/GSE205506/supplement/mmc3.xlsx	28AA8BC71620AE3B667D0243891B631DA3B8EB1576108C88463B2F66979EAC80
Myeloid cell markers	LILR4A+pDC	15	IRF8	"IRF8"	2.6699867128833	2.04048682098406e-34	5.10856280501568e-30	0.873	0.354	Supplementary Table 2. Marker genes for myeloid cell clusters, related to Figure S2 and Figures 5.	F:/pan-gi-ici-ccc-20260709/GSE205506/supplement/mmc3.xlsx	28AA8BC71620AE3B667D0243891B631DA3B8EB1576108C88463B2F66979EAC80
Myeloid cell markers	LILR4A+pDC	16	MZB1	"MZB1"	2.60637353512373	3.2205041953808e-268	8.06285430355538e-264	0.762	0.023	Supplementary Table 2. Marker genes for myeloid cell clusters, related to Figure S2 and Figures 5.	F:/pan-gi-ici-ccc-20260709/GSE205506/supplement/mmc3.xlsx	28AA8BC71620AE3B667D0243891B631DA3B8EB1576108C88463B2F66979EAC80
Myeloid cell markers	LILR4A+pDC	17	CCDC50	"CCDC50"	2.49816569064377	2.30253409883708e-42	5.76462436984851e-38	0.825	0.244	Supplementary Table 2. Marker genes for myeloid cell clusters, related to Figure S2 and Figures 5.	F:/pan-gi-ici-ccc-20260709/GSE205506/supplement/mmc3.xlsx	28AA8BC71620AE3B667D0243891B631DA3B8EB1576108C88463B2F66979EAC80
Myeloid cell markers	LILR4A+pDC	18	PLD4	"PLD4"	2.48619918056794	6.29607314940062e-77	1.57628487368394e-72	0.778	0.105	Supplementary Table 2. Marker genes for myeloid cell clusters, related to Figure S2 and Figures 5.	F:/pan-gi-ici-ccc-20260709/GSE205506/supplement/mmc3.xlsx	28AA8BC71620AE3B667D0243891B631DA3B8EB1576108C88463B2F66979EAC80
Myeloid cell markers	LILR4A+pDC	19	IL3RA	"IL3RA"	2.44497237615125	1.6966444651212e-60	4.24771908287744e-56	0.778	0.137	Supplementary Table 2. Marker genes for myeloid cell clusters, related to Figure S2 and Figures 5.	F:/pan-gi-ici-ccc-20260709/GSE205506/supplement/mmc3.xlsx	28AA8BC71620AE3B667D0243891B631DA3B8EB1576108C88463B2F66979EAC80
Myeloid cell markers	LILR4A+pDC	20	TCL1A	"TCL1A"	2.41452484435926	1.48402103297497e-216	3.71539505815615e-212	0.381	0.006	Supplementary Table 2. Marker genes for myeloid cell clusters, related to Figure S2 and Figures 5.	F:/pan-gi-ici-ccc-20260709/GSE205506/supplement/mmc3.xlsx	28AA8BC71620AE3B667D0243891B631DA3B8EB1576108C88463B2F66979EAC80
Myeloid cell markers	LILR4A+pDC	21	STMN1	"STMN1"	2.39304079264294	4.52224801622318e-61	1.13219001334164e-56	0.873	0.167	Supplementary Table 2. Marker genes for myeloid cell clusters, related to Figure S2 and Figures 5.	F:/pan-gi-ici-ccc-20260709/GSE205506/supplement/mmc3.xlsx	28AA8BC71620AE3B667D0243891B631DA3B8EB1576108C88463B2F66979EAC80
Myeloid cell markers	LILR4A+pDC	22	SMPD3	"SMPD3"	2.31660735003596	0	0	0.683	0.009	Supplementary Table 2. Marker genes for myeloid cell clusters, related to Figure S2 and Figures 5.	F:/pan-gi-ici-ccc-20260709/GSE205506/supplement/mmc3.xlsx	28AA8BC71620AE3B667D0243891B631DA3B8EB1576108C88463B2F66979EAC80
Myeloid cell markers	LILR4A+pDC	23	SPIB	"SPIB"	2.28803734721756	1.76729943087119e-217	4.42461085512911e-213	0.714	0.026	Supplementary Table 2. Marker genes for myeloid cell clusters, related to Figure S2 and Figures 5.	F:/pan-gi-ici-ccc-20260709/GSE205506/supplement/mmc3.xlsx	28AA8BC71620AE3B667D0243891B631DA3B8EB1576108C88463B2F66979EAC80
Myeloid cell markers	LILR4A+pDC	24	SEC61B	"SEC61B"	2.20781133638499	3.2041928362319e-34	8.02201718479019e-30	0.968	0.734	Supplementary Table 2. Marker genes for myeloid cell clusters, related to Figure S2 and Figures 5.	F:/pan-gi-ici-ccc-20260709/GSE205506/supplement/mmc3.xlsx	28AA8BC71620AE3B667D0243891B631DA3B8EB1576108C88463B2F66979EAC80
Myeloid cell markers	LILR4A+pDC	25	CXCR3	"CXCR3"	2.14666378897949	5.32394233866685e-272	1.33290220390863e-267	0.571	0.011	Supplementary Table 2. Marker genes for myeloid cell clusters, related to Figure S2 and Figures 5.	F:/pan-gi-ici-ccc-20260709/GSE205506/supplement/mmc3.xlsx	28AA8BC71620AE3B667D0243891B631DA3B8EB1576108C88463B2F66979EAC80
Myeloid cell markers	LILR4A+pDC	26	LTB	"LTB"	2.11043796329878	4.60339697624068e-40	1.15250646697162e-35	0.635	0.12	Supplementary Table 2. Marker genes for myeloid cell clusters, related to Figure S2 and Figures 5.	F:/pan-gi-ici-ccc-20260709/GSE205506/supplement/mmc3.xlsx	28AA8BC71620AE3B667D0243891B631DA3B8EB1576108C88463B2F66979EAC80
Myeloid cell markers	LILR4A+pDC	27	HERPUD1	"HERPUD1"	2.09259825047513	2.65495433352688e-26	6.64694366941789e-22	0.921	0.632	Supplementary Table 2. Marker genes for myeloid cell clusters, related to Figure S2 and Figures 5.	F:/pan-gi-ici-ccc-20260709/GSE205506/supplement/mmc3.xlsx	28AA8BC71620AE3B667D0243891B631DA3B8EB1576108C88463B2F66979EAC80
Myeloid cell markers	LILR4A+pDC	28	DERL3	"DERL3"	2.03135083182812	4.01032032822223e-246	1.00402379737372e-241	0.651	0.018	Supplementary Table 2. Marker genes for myeloid cell clusters, related to Figure S2 and Figures 5.	F:/pan-gi-ici-ccc-20260709/GSE205506/supplement/mmc3.xlsx	28AA8BC71620AE3B667D0243891B631DA3B8EB1576108C88463B2F66979EAC80
Myeloid cell markers	LILR4A+pDC	29	TXN	"TXN"	1.9190857318669	6.22950022746613e-14	1.55961767694842e-09	0.937	0.727	Supplementary Table 2. Marker genes for myeloid cell clusters, related to Figure S2 and Figures 5.	F:/pan-gi-ici-ccc-20260709/GSE205506/supplement/mmc3.xlsx	28AA8BC71620AE3B667D0243891B631DA3B8EB1576108C88463B2F66979EAC80
Myeloid cell markers	LILR4A+pDC	30	CYB561A3	"CYB561A3"	1.89850838122975	1.33961036665482e-37	3.35384851395701e-33	0.714	0.18	Supplementary Table 2. Marker genes for myeloid cell clusters, related to Figure S2 and Figures 5.	F:/pan-gi-ici-ccc-20260709/GSE205506/supplement/mmc3.xlsx	28AA8BC71620AE3B667D0243891B631DA3B8EB1576108C88463B2F66979EAC80
Myeloid cell markers	LILR4A+pDC	31	OPN3	"OPN3"	1.89365231285697	8.39474258029564e-23	2.10170775240282e-18	0.587	0.186	Supplementary Table 2. Marker genes for myeloid cell clusters, related to Figure S2 and Figures 5.	F:/pan-gi-ici-ccc-20260709/GSE205506/supplement/mmc3.xlsx	28AA8BC71620AE3B667D0243891B631DA3B8EB1576108C88463B2F66979EAC80
Myeloid cell markers	LILR4A+pDC	32	SERPINF1	"SERPINF1"	1.87901953133789	5.05482995104903e-29	1.26552722654464e-24	0.746	0.251	Supplementary Table 2. Marker genes for myeloid cell clusters, related to Figure S2 and Figures 5.	F:/pan-gi-ici-ccc-20260709/GSE205506/supplement/mmc3.xlsx	28AA8BC71620AE3B667D0243891B631DA3B8EB1576108C88463B2F66979EAC80
Myeloid cell markers	LILR4A+pDC	33	SPCS1	"SPCS1"	1.86176607648736	2.18069217080292e-29	5.4595809188222e-25	0.952	0.616	Supplementary Table 2. Marker genes for myeloid cell clusters, related to Figure S2 and Figures 5.	F:/pan-gi-ici-ccc-20260709/GSE205506/supplement/mmc3.xlsx	28AA8BC71620AE3B667D0243891B631DA3B8EB1576108C88463B2F66979EAC80
Myeloid cell markers	LILR4A+pDC	34	PPM1K	"PPM1K"	1.85902627201682	1.05824649573363e-47	2.64942592671871e-43	0.746	0.155	Supplementary Table 2. Marker genes for myeloid cell clusters, related to Figure S2 and Figures 5.	F:/pan-gi-ici-ccc-20260709/GSE205506/supplement/mmc3.xlsx	28AA8BC71620AE3B667D0243891B631DA3B8EB1576108C88463B2F66979EAC80
Myeloid cell markers	LILR4A+pDC	35	TPM2	"TPM2"	1.83681334832097	3.08108950918788e-155	7.71381569520278e-151	0.635	0.03	Supplementary Table 2. Marker genes for myeloid cell clusters, related to Figure S2 and Figures 5.	F:/pan-gi-ici-ccc-20260709/GSE205506/supplement/mmc3.xlsx	28AA8BC71620AE3B667D0243891B631DA3B8EB1576108C88463B2F66979EAC80
Myeloid cell markers	LILR4A+pDC	36	APP	"APP"	1.81410143994776	3.23058046282404e-31	8.08808124672628e-27	0.762	0.254	Supplementary Table 2. Marker genes for myeloid cell clusters, related to Figure S2 and Figures 5.	F:/pan-gi-ici-ccc-20260709/GSE205506/supplement/mmc3.xlsx	28AA8BC71620AE3B667D0243891B631DA3B8EB1576108C88463B2F66979EAC80
Myeloid cell markers	LILR4A+pDC	37	RASD1	"RASD1"	1.75350888823256	1.18887654250943e-61	2.97647131182661e-57	0.397	0.03	Supplementary Table 2. Marker genes for myeloid cell clusters, related to Figure S2 and Figures 5.	F:/pan-gi-ici-ccc-20260709/GSE205506/supplement/mmc3.xlsx	28AA8BC71620AE3B667D0243891B631DA3B8EB1576108C88463B2F66979EAC80
Myeloid cell markers	LILR4A+pDC	38	IRF4	"IRF4"	1.7361970947341	2.7996602110675e-85	7.0092293044286e-81	0.54	0.04	Supplementary Table 2. Marker genes for myeloid cell clusters, related to Figure S2 and Figures 5.	F:/pan-gi-ici-ccc-20260709/GSE205506/supplement/mmc3.xlsx	28AA8BC71620AE3B667D0243891B631DA3B8EB1576108C88463B2F66979EAC80
Myeloid cell markers	LILR4A+pDC	39	SLC20A1	"SLC20A1"	1.71713264881432	2.50661273482554e-23	6.27555564290923e-19	0.81	0.36	Supplementary Table 2. Marker genes for myeloid cell clusters, related to Figure S2 and Figures 5.	F:/pan-gi-ici-ccc-20260709/GSE205506/supplement/mmc3.xlsx	28AA8BC71620AE3B667D0243891B631DA3B8EB1576108C88463B2F66979EAC80
Myeloid cell markers	LILR4A+pDC	40	SELL	"SELL"	1.70351818381487	9.39110383380567e-45	2.35115675583159e-40	0.73	0.144	Supplementary Table 2. Marker genes for myeloid cell clusters, related to Figure S2 and Figures 5.	F:/pan-gi-ici-ccc-20260709/GSE205506/supplement/mmc3.xlsx	28AA8BC71620AE3B667D0243891B631DA3B8EB1576108C88463B2F66979EAC80
Myeloid cell markers	LILR4A+pDC	41	ALOX5AP	"ALOX5AP"	1.69513736557439	1.95052844235946e-24	4.88334300829113e-20	0.921	0.497	Supplementary Table 2. Marker genes for myeloid cell clusters, related to Figure S2 and Figures 5.	F:/pan-gi-ici-ccc-20260709/GSE205506/supplement/mmc3.xlsx	28AA8BC71620AE3B667D0243891B631DA3B8EB1576108C88463B2F66979EAC80
Myeloid cell markers	LILR4A+pDC	42	LAMP5	"LAMP5"	1.69489507332856	4.88018396528824e-137	1.22180285754956e-132	0.492	0.02	Supplementary Table 2. Marker genes for myeloid cell clusters, related to Figure S2 and Figures 5.	F:/pan-gi-ici-ccc-20260709/GSE205506/supplement/mmc3.xlsx	28AA8BC71620AE3B667D0243891B631DA3B8EB1576108C88463B2F66979EAC80
Myeloid cell markers	LILR4A+pDC	43	CLN8	"CLN8"	1.68197070117433	3.98567238722144e-20	9.97852938864761e-16	0.667	0.26	Supplementary Table 2. Marker genes for myeloid cell clusters, related to Figure S2 and Figures 5.	F:/pan-gi-ici-ccc-20260709/GSE205506/supplement/mmc3.xlsx	28AA8BC71620AE3B667D0243891B631DA3B8EB1576108C88463B2F66979EAC80
Myeloid cell markers	LILR4A+pDC	44	NUCB2	"NUCB2"	1.66229655773279	1.46822097565457e-30	3.67583803464878e-26	0.619	0.155	Supplementary Table 2. Marker genes for myeloid cell clusters, related to Figure S2 and Figures 5.	F:/pan-gi-ici-ccc-20260709/GSE205506/supplement/mmc3.xlsx	28AA8BC71620AE3B667D0243891B631DA3B8EB1576108C88463B2F66979EAC80
Myeloid cell markers	LILR4A+pDC	45	PTCRA	"PTCRA"	1.61697707391873	1.53047604537651e-72	3.83169982720463e-68	0.429	0.03	Supplementary Table 2. Marker genes for myeloid cell clusters, related to Figure S2 and Figures 5.	F:/pan-gi-ici-ccc-20260709/GSE205506/supplement/mmc3.xlsx	28AA8BC71620AE3B667D0243891B631DA3B8EB1576108C88463B2F66979EAC80
Myeloid cell markers	LILR4A+pDC	46	MAP1A	"MAP1A"	1.60940487682059	0	0	0.524	0.002	Supplementary Table 2. Marker genes for myeloid cell clusters, related to Figure S2 and Figures 5.	F:/pan-gi-ici-ccc-20260709/GSE205506/supplement/mmc3.xlsx	28AA8BC71620AE3B667D0243891B631DA3B8EB1576108C88463B2F66979EAC80
Myeloid cell markers	LILR4A+pDC	47	OFD1	"OFD1"	1.60626622375823	7.72649279760878e-24	1.93440473680933e-19	0.54	0.144	Supplementary Table 2. Marker genes for myeloid cell clusters, related to Figure S2 and Figures 5.	F:/pan-gi-ici-ccc-20260709/GSE205506/supplement/mmc3.xlsx	28AA8BC71620AE3B667D0243891B631DA3B8EB1576108C88463B2F66979EAC80
Myeloid cell markers	LILR4A+pDC	48	PAXX	"PAXX"	1.5859975187374	1.54725457187285e-24	3.87370654614087e-20	0.73	0.276	Supplementary Table 2. Marker genes for myeloid cell clusters, related to Figure S2 and Figures 5.	F:/pan-gi-ici-ccc-20260709/GSE205506/supplement/mmc3.xlsx	28AA8BC71620AE3B667D0243891B631DA3B8EB1576108C88463B2F66979EAC80
Myeloid cell markers	LILR4A+pDC	49	SLC15A4	"SLC15A4"	1.57781055640063	2.29268658117637e-27	5.73997012463315e-23	0.603	0.161	Supplementary Table 2. Marker genes for myeloid cell clusters, related to Figure S2 and Figures 5.	F:/pan-gi-ici-ccc-20260709/GSE205506/supplement/mmc3.xlsx	28AA8BC71620AE3B667D0243891B631DA3B8EB1576108C88463B2F66979EAC80
Myeloid cell markers	LILR4A+pDC	50	GPM6B	"GPM6B"	1.55560983365632	4.66362272473254e-132	1.16758458536404e-127	0.429	0.015	Supplementary Table 2. Marker genes for myeloid cell clusters, related to Figure S2 and Figures 5.	F:/pan-gi-ici-ccc-20260709/GSE205506/supplement/mmc3.xlsx	28AA8BC71620AE3B667D0243891B631DA3B8EB1576108C88463B2F66979EAC80
Myeloid cell markers	MKI67+Mac	1	STMN1	"STMN1"	2.77563435312714	1.81091755105222e-169	4.53381318081434e-165	0.875	0.156	Supplementary Table 2. Marker genes for myeloid cell clusters, related to Figure S2 and Figures 5.	F:/pan-gi-ici-ccc-20260709/GSE205506/supplement/mmc3.xlsx	28AA8BC71620AE3B667D0243891B631DA3B8EB1576108C88463B2F66979EAC80
Myeloid cell markers	MKI67+Mac	2	H2AFZ	"H2AFZ"	2.24697621898681	6.43919666136377e-93	1.61211727613903e-88	0.977	0.674	Supplementary Table 2. Marker genes for myeloid cell clusters, related to Figure S2 and Figures 5.	F:/pan-gi-ici-ccc-20260709/GSE205506/supplement/mmc3.xlsx	28AA8BC71620AE3B667D0243891B631DA3B8EB1576108C88463B2F66979EAC80
Myeloid cell markers	MKI67+Mac	3	PCLAF	"PCLAF"	2.10802036106109	0	0	0.756	0.024	Supplementary Table 2. Marker genes for myeloid cell clusters, related to Figure S2 and Figures 5.	F:/pan-gi-ici-ccc-20260709/GSE205506/supplement/mmc3.xlsx	28AA8BC71620AE3B667D0243891B631DA3B8EB1576108C88463B2F66979EAC80
Myeloid cell markers	MKI67+Mac	4	TUBB	"TUBB"	1.966776191104	4.87942161448821e-68	1.22161199540327e-63	0.96	0.618	Supplementary Table 2. Marker genes for myeloid cell clusters, related to Figure S2 and Figures 5.	F:/pan-gi-ici-ccc-20260709/GSE205506/supplement/mmc3.xlsx	28AA8BC71620AE3B667D0243891B631DA3B8EB1576108C88463B2F66979EAC80
Myeloid cell markers	MKI67+Mac	5	TUBA1B	"TUBA1B"	1.95640293276646	1.96378401429515e-72	4.91652965818933e-68	0.994	0.711	Supplementary Table 2. Marker genes for myeloid cell clusters, related to Figure S2 and Figures 5.	F:/pan-gi-ici-ccc-20260709/GSE205506/supplement/mmc3.xlsx	28AA8BC71620AE3B667D0243891B631DA3B8EB1576108C88463B2F66979EAC80
Myeloid cell markers	MKI67+Mac	6	HMGB2	"HMGB2"	1.91294600387898	1.6399903813458e-62	4.10587991873734e-58	0.886	0.396	Supplementary Table 2. Marker genes for myeloid cell clusters, related to Figure S2 and Figures 5.	F:/pan-gi-ici-ccc-20260709/GSE205506/supplement/mmc3.xlsx	28AA8BC71620AE3B667D0243891B631DA3B8EB1576108C88463B2F66979EAC80
Myeloid cell markers	MKI67+Mac	7	TYMS	"TYMS"	1.86022365514656	0	0	0.642	0.014	Supplementary Table 2. Marker genes for myeloid cell clusters, related to Figure S2 and Figures 5.	F:/pan-gi-ici-ccc-20260709/GSE205506/supplement/mmc3.xlsx	28AA8BC71620AE3B667D0243891B631DA3B8EB1576108C88463B2F66979EAC80
Myeloid cell markers	MKI67+Mac	8	PCNA	"PCNA"	1.84336739307034	2.05199818886926e-94	5.13738266565309e-90	0.773	0.213	Supplementary Table 2. Marker genes for myeloid cell clusters, related to Figure S2 and Figures 5.	F:/pan-gi-ici-ccc-20260709/GSE205506/supplement/mmc3.xlsx	28AA8BC71620AE3B667D0243891B631DA3B8EB1576108C88463B2F66979EAC80
Myeloid cell markers	MKI67+Mac	9	HIST1H4C	"HIST1H4C"	1.70950716201918	1.60485355715177e-35	4.01791136568517e-31	0.483	0.152	Supplementary Table 2. Marker genes for myeloid cell clusters, related to Figure S2 and Figures 5.	F:/pan-gi-ici-ccc-20260709/GSE205506/supplement/mmc3.xlsx	28AA8BC71620AE3B667D0243891B631DA3B8EB1576108C88463B2F66979EAC80
Myeloid cell markers	MKI67+Mac	10	DUT	"DUT"	1.70410645690236	3.47352548728223e-69	8.69631840995979e-65	0.847	0.345	Supplementary Table 2. Marker genes for myeloid cell clusters, related to Figure S2 and Figures 5.	F:/pan-gi-ici-ccc-20260709/GSE205506/supplement/mmc3.xlsx	28AA8BC71620AE3B667D0243891B631DA3B8EB1576108C88463B2F66979EAC80
Myeloid cell markers	MKI67+Mac	11	UBE2C	"UBE2C"	1.70109395582111	0	0	0.466	0.012	Supplementary Table 2. Marker genes for myeloid cell clusters, related to Figure S2 and Figures 5.	F:/pan-gi-ici-ccc-20260709/GSE205506/supplement/mmc3.xlsx	28AA8BC71620AE3B667D0243891B631DA3B8EB1576108C88463B2F66979EAC80
Myeloid cell markers	MKI67+Mac	12	CKS1B	"CKS1B"	1.63568130456952	1.70800647165376e-165	4.27616500243235e-161	0.739	0.103	Supplementary Table 2. Marker genes for myeloid cell clusters, related to Figure S2 and Figures 5.	F:/pan-gi-ici-ccc-20260709/GSE205506/supplement/mmc3.xlsx	28AA8BC71620AE3B667D0243891B631DA3B8EB1576108C88463B2F66979EAC80
Myeloid cell markers	MKI67+Mac	13	HMGN2	"HMGN2"	1.62528560348358	5.33466861069563e-38	1.33558763337376e-33	0.864	0.58	Supplementary Table 2. Marker genes for myeloid cell clusters, related to Figure S2 and Figures 5.	F:/pan-gi-ici-ccc-20260709/GSE205506/supplement/mmc3.xlsx	28AA8BC71620AE3B667D0243891B631DA3B8EB1576108C88463B2F66979EAC80
Myeloid cell markers	MKI67+Mac	14	CDK1	"CDK1"	1.49980621576675	0	0	0.523	0.011	Supplementary Table 2. Marker genes for myeloid cell clusters, related to Figure S2 and Figures 5.	F:/pan-gi-ici-ccc-20260709/GSE205506/supplement/mmc3.xlsx	28AA8BC71620AE3B667D0243891B631DA3B8EB1576108C88463B2F66979EAC80
Myeloid cell markers	MKI67+Mac	15	TOP2A	"TOP2A"	1.47383046828625	0	0	0.443	0.011	Supplementary Table 2. Marker genes for myeloid cell clusters, related to Figure S2 and Figures 5.	F:/pan-gi-ici-ccc-20260709/GSE205506/supplement/mmc3.xlsx	28AA8BC71620AE3B667D0243891B631DA3B8EB1576108C88463B2F66979EAC80
Myeloid cell markers	MKI67+Mac	16	HMGB1	"HMGB1"	1.47254484164393	4.59155166064814e-70	1.14954087375987e-65	1	0.829	Supplementary Table 2. Marker genes for myeloid cell clusters, related to Figure S2 and Figures 5.	F:/pan-gi-ici-ccc-20260709/GSE205506/supplement/mmc3.xlsx	28AA8BC71620AE3B667D0243891B631DA3B8EB1576108C88463B2F66979EAC80
Myeloid cell markers	MKI67+Mac	17	MKI67	"MKI67"	1.35791282331298	0	0	0.511	0.008	Supplementary Table 2. Marker genes for myeloid cell clusters, related to Figure S2 and Figures 5.	F:/pan-gi-ici-ccc-20260709/GSE205506/supplement/mmc3.xlsx	28AA8BC71620AE3B667D0243891B631DA3B8EB1576108C88463B2F66979EAC80
Myeloid cell markers	MKI67+Mac	18	TK1	"TK1"	1.3391003657411	0	0	0.585	0.015	Supplementary Table 2. Marker genes for myeloid cell clusters, related to Figure S2 and Figures 5.	F:/pan-gi-ici-ccc-20260709/GSE205506/supplement/mmc3.xlsx	28AA8BC71620AE3B667D0243891B631DA3B8EB1576108C88463B2F66979EAC80
Myeloid cell markers	MKI67+Mac	19	CENPF	"CENPF"	1.29636830955415	2.8359345077831e-271	7.10004563368576e-267	0.42	0.014	Supplementary Table 2. Marker genes for myeloid cell clusters, related to Figure S2 and Figures 5.	F:/pan-gi-ici-ccc-20260709/GSE205506/supplement/mmc3.xlsx	28AA8BC71620AE3B667D0243891B631DA3B8EB1576108C88463B2F66979EAC80
Myeloid cell markers	MKI67+Mac	20	RANBP1	"RANBP1"	1.29185183178782	3.27352325913573e-58	8.19559283157221e-54	0.881	0.43	Supplementary Table 2. Marker genes for myeloid cell clusters, related to Figure S2 and Figures 5.	F:/pan-gi-ici-ccc-20260709/GSE205506/supplement/mmc3.xlsx	28AA8BC71620AE3B667D0243891B631DA3B8EB1576108C88463B2F66979EAC80
Myeloid cell markers	MKI67+Mac	21	KPNA2	"KPNA2"	1.28234472923543	3.42705361791507e-47	8.57997143781216e-43	0.597	0.184	Supplementary Table 2. Marker genes for myeloid cell clusters, related to Figure S2 and Figures 5.	F:/pan-gi-ici-ccc-20260709/GSE205506/supplement/mmc3.xlsx	28AA8BC71620AE3B667D0243891B631DA3B8EB1576108C88463B2F66979EAC80
Myeloid cell markers	MKI67+Mac	22	MMP12	"MMP12"	1.24081621942231	1.65258481768175e-17	4.13741134954803e-13	0.256	0.079	Supplementary Table 2. Marker genes for myeloid cell clusters, related to Figure S2 and Figures 5.	F:/pan-gi-ici-ccc-20260709/GSE205506/supplement/mmc3.xlsx	28AA8BC71620AE3B667D0243891B631DA3B8EB1576108C88463B2F66979EAC80
Myeloid cell markers	MKI67+Mac	23	PTTG1	"PTTG1"	1.22693976367645	1.6237149258462e-73	4.06513268834854e-69	0.443	0.074	Supplementary Table 2. Marker genes for myeloid cell clusters, related to Figure S2 and Figures 5.	F:/pan-gi-ici-ccc-20260709/GSE205506/supplement/mmc3.xlsx	28AA8BC71620AE3B667D0243891B631DA3B8EB1576108C88463B2F66979EAC80
Myeloid cell markers	MKI67+Mac	24	LDHB	"LDHB"	1.21233010500019	5.15436942480929e-43	1.29044792919525e-38	0.83	0.437	Supplementary Table 2. Marker genes for myeloid cell clusters, related to Figure S2 and Figures 5.	F:/pan-gi-ici-ccc-20260709/GSE205506/supplement/mmc3.xlsx	28AA8BC71620AE3B667D0243891B631DA3B8EB1576108C88463B2F66979EAC80
Myeloid cell markers	MKI67+Mac	25	RAN	"RAN"	1.21207218441242	1.76051270972884e-49	4.40761962007712e-45	0.926	0.637	Supplementary Table 2. Marker genes for myeloid cell clusters, related to Figure S2 and Figures 5.	F:/pan-gi-ici-ccc-20260709/GSE205506/supplement/mmc3.xlsx	28AA8BC71620AE3B667D0243891B631DA3B8EB1576108C88463B2F66979EAC80
Myeloid cell markers	MKI67+Mac	26	RPA3	"RPA3"	1.17833596362673	4.09216670388317e-74	1.02451485598419e-69	0.722	0.199	Supplementary Table 2. Marker genes for myeloid cell clusters, related to Figure S2 and Figures 5.	F:/pan-gi-ici-ccc-20260709/GSE205506/supplement/mmc3.xlsx	28AA8BC71620AE3B667D0243891B631DA3B8EB1576108C88463B2F66979EAC80
Myeloid cell markers	MKI67+Mac	27	ZWINT	"ZWINT"	1.17761639077256	4.899993817238e-303	1.22676245208371e-298	0.557	0.024	Supplementary Table 2. Marker genes for myeloid cell clusters, related to Figure S2 and Figures 5.	F:/pan-gi-ici-ccc-20260709/GSE205506/supplement/mmc3.xlsx	28AA8BC71620AE3B667D0243891B631DA3B8EB1576108C88463B2F66979EAC80
Myeloid cell markers	MKI67+Mac	28	NASP	"NASP"	1.16524614752051	2.98915896484637e-61	7.48365838438937e-57	0.778	0.274	Supplementary Table 2. Marker genes for myeloid cell clusters, related to Figure S2 and Figures 5.	F:/pan-gi-ici-ccc-20260709/GSE205506/supplement/mmc3.xlsx	28AA8BC71620AE3B667D0243891B631DA3B8EB1576108C88463B2F66979EAC80
Myeloid cell markers	MKI67+Mac	29	NUSAP1	"NUSAP1"	1.12541408634919	4.24186243302604e-200	1.0619926787324e-195	0.409	0.02	Supplementary Table 2. Marker genes for myeloid cell clusters, related to Figure S2 and Figures 5.	F:/pan-gi-ici-ccc-20260709/GSE205506/supplement/mmc3.xlsx	28AA8BC71620AE3B667D0243891B631DA3B8EB1576108C88463B2F66979EAC80
Myeloid cell markers	MKI67+Mac	30	MAD2L1	"MAD2L1"	1.12183234877111	0	0	0.585	0.024	Supplementary Table 2. Marker genes for myeloid cell clusters, related to Figure S2 and Figures 5.	F:/pan-gi-ici-ccc-20260709/GSE205506/supplement/mmc3.xlsx	28AA8BC71620AE3B667D0243891B631DA3B8EB1576108C88463B2F66979EAC80
Myeloid cell markers	MKI67+Mac	31	DEK	"DEK"	1.11829763916933	1.3879623220573e-43	3.47490246950265e-39	0.869	0.495	Supplementary Table 2. Marker genes for myeloid cell clusters, related to Figure S2 and Figures 5.	F:/pan-gi-ici-ccc-20260709/GSE205506/supplement/mmc3.xlsx	28AA8BC71620AE3B667D0243891B631DA3B8EB1576108C88463B2F66979EAC80
Myeloid cell markers	MKI67+Mac	32	CENPM	"CENPM"	1.10547904691897	0	0	0.511	0.008	Supplementary Table 2. Marker genes for myeloid cell clusters, related to Figure S2 and Figures 5.	F:/pan-gi-ici-ccc-20260709/GSE205506/supplement/mmc3.xlsx	28AA8BC71620AE3B667D0243891B631DA3B8EB1576108C88463B2F66979EAC80
Myeloid cell markers	MKI67+Mac	33	IDH2	"IDH2"	1.10229986787182	1.60639437363068e-47	4.02176895382177e-43	0.739	0.299	Supplementary Table 2. Marker genes for myeloid cell clusters, related to Figure S2 and Figures 5.	F:/pan-gi-ici-ccc-20260709/GSE205506/supplement/mmc3.xlsx	28AA8BC71620AE3B667D0243891B631DA3B8EB1576108C88463B2F66979EAC80
Myeloid cell markers	MKI67+Mac	34	MCM7	"MCM7"	1.09048795047454	1.94958915991717e-133	4.88099142076862e-129	0.534	0.061	Supplementary Table 2. Marker genes for myeloid cell clusters, related to Figure S2 and Figures 5.	F:/pan-gi-ici-ccc-20260709/GSE205506/supplement/mmc3.xlsx	28AA8BC71620AE3B667D0243891B631DA3B8EB1576108C88463B2F66979EAC80
Myeloid cell markers	MKI67+Mac	35	NUCKS1	"NUCKS1"	1.08605850435395	1.08916618045417e-40	2.72683644938505e-36	0.847	0.465	Supplementary Table 2. Marker genes for myeloid cell clusters, related to Figure S2 and Figures 5.	F:/pan-gi-ici-ccc-20260709/GSE205506/supplement/mmc3.xlsx	28AA8BC71620AE3B667D0243891B631DA3B8EB1576108C88463B2F66979EAC80
Myeloid cell markers	MKI67+Mac	36	RRM2	"RRM2"	1.0811802642622	1.54132636608576e-289	3.85886469013231e-285	0.335	0.006	Supplementary Table 2. Marker genes for myeloid cell clusters, related to Figure S2 and Figures 5.	F:/pan-gi-ici-ccc-20260709/GSE205506/supplement/mmc3.xlsx	28AA8BC71620AE3B667D0243891B631DA3B8EB1576108C88463B2F66979EAC80
Myeloid cell markers	MKI67+Mac	37	DNMT1	"DNMT1"	1.06297406540142	1.21663160529669e-50	3.04595888702079e-46	0.75	0.275	Supplementary Table 2. Marker genes for myeloid cell clusters, related to Figure S2 and Figures 5.	F:/pan-gi-ici-ccc-20260709/GSE205506/supplement/mmc3.xlsx	28AA8BC71620AE3B667D0243891B631DA3B8EB1576108C88463B2F66979EAC80
Myeloid cell markers	MKI67+Mac	38	YWHAH	"YWHAH"	1.05619916516707	8.40799883294814e-31	2.1050265878169e-26	0.869	0.577	Supplementary Table 2. Marker genes for myeloid cell clusters, related to Figure S2 and Figures 5.	F:/pan-gi-ici-ccc-20260709/GSE205506/supplement/mmc3.xlsx	28AA8BC71620AE3B667D0243891B631DA3B8EB1576108C88463B2F66979EAC80
Myeloid cell markers	MKI67+Mac	39	BIRC5	"BIRC5"	1.05299816763958	1.88715089240819e-269	4.72467097423315e-265	0.341	0.008	Supplementary Table 2. Marker genes for myeloid cell clusters, related to Figure S2 and Figures 5.	F:/pan-gi-ici-ccc-20260709/GSE205506/supplement/mmc3.xlsx	28AA8BC71620AE3B667D0243891B631DA3B8EB1576108C88463B2F66979EAC80
Myeloid cell markers	MKI67+Mac	40	GGH	"GGH"	1.0147925777305	1.04289440099269e-160	2.6109904223253e-156	0.557	0.053	Supplementary Table 2. Marker genes for myeloid cell clusters, related to Figure S2 and Figures 5.	F:/pan-gi-ici-ccc-20260709/GSE205506/supplement/mmc3.xlsx	28AA8BC71620AE3B667D0243891B631DA3B8EB1576108C88463B2F66979EAC80
Myeloid cell markers	MKI67+Mac	41	PTMA	"PTMA"	1.00703038905749	5.98215634948694e-56	1.49769266365755e-51	1	0.981	Supplementary Table 2. Marker genes for myeloid cell clusters, related to Figure S2 and Figures 5.	F:/pan-gi-ici-ccc-20260709/GSE205506/supplement/mmc3.xlsx	28AA8BC71620AE3B667D0243891B631DA3B8EB1576108C88463B2F66979EAC80
Myeloid cell markers	MKI67+Mac	42	TUBA1C	"TUBA1C"	0.972470353717535	2.21096876852056e-30	5.53538140886807e-26	0.795	0.391	Supplementary Table 2. Marker genes for myeloid cell clusters, related to Figure S2 and Figures 5.	F:/pan-gi-ici-ccc-20260709/GSE205506/supplement/mmc3.xlsx	28AA8BC71620AE3B667D0243891B631DA3B8EB1576108C88463B2F66979EAC80
Myeloid cell markers	MKI67+Mac	43	H2AFX	"H2AFX"	0.960396040299123	5.37525967684038e-64	1.34575001269376e-59	0.591	0.139	Supplementary Table 2. Marker genes for myeloid cell clusters, related to Figure S2 and Figures 5.	F:/pan-gi-ici-ccc-20260709/GSE205506/supplement/mmc3.xlsx	28AA8BC71620AE3B667D0243891B631DA3B8EB1576108C88463B2F66979EAC80
Myeloid cell markers	MKI67+Mac	44	CKS2	"CKS2"	0.9538142028217	1.33241834873325e-53	3.33584257788857e-49	0.574	0.151	Supplementary Table 2. Marker genes for myeloid cell clusters, related to Figure S2 and Figures 5.	F:/pan-gi-ici-ccc-20260709/GSE205506/supplement/mmc3.xlsx	28AA8BC71620AE3B667D0243891B631DA3B8EB1576108C88463B2F66979EAC80
Myeloid cell markers	MKI67+Mac	45	MCM3	"MCM3"	0.950033721077406	1.44608419250098e-113	3.62041638434545e-109	0.568	0.079	Supplementary Table 2. Marker genes for myeloid cell clusters, related to Figure S2 and Figures 5.	F:/pan-gi-ici-ccc-20260709/GSE205506/supplement/mmc3.xlsx	28AA8BC71620AE3B667D0243891B631DA3B8EB1576108C88463B2F66979EAC80
Myeloid cell markers	MKI67+Mac	46	MZT2A	"MZT2A"	0.942446761398306	2.73452473992137e-39	6.84615613886713e-35	0.688	0.258	Supplementary Table 2. Marker genes for myeloid cell clusters, related to Figure S2 and Figures 5.	F:/pan-gi-ici-ccc-20260709/GSE205506/supplement/mmc3.xlsx	28AA8BC71620AE3B667D0243891B631DA3B8EB1576108C88463B2F66979EAC80
Myeloid cell markers	MKI67+Mac	47	CDKN3	"CDKN3"	0.934774305487377	1.58784079337561e-293	3.97531821029519e-289	0.398	0.01	Supplementary Table 2. Marker genes for myeloid cell clusters, related to Figure S2 and Figures 5.	F:/pan-gi-ici-ccc-20260709/GSE205506/supplement/mmc3.xlsx	28AA8BC71620AE3B667D0243891B631DA3B8EB1576108C88463B2F66979EAC80
Myeloid cell markers	MKI67+Mac	48	PKM	"PKM"	0.928292149532829	2.96445734604225e-27	7.42181541155138e-23	0.909	0.732	Supplementary Table 2. Marker genes for myeloid cell clusters, related to Figure S2 and Figures 5.	F:/pan-gi-ici-ccc-20260709/GSE205506/supplement/mmc3.xlsx	28AA8BC71620AE3B667D0243891B631DA3B8EB1576108C88463B2F66979EAC80
Myeloid cell markers	MKI67+Mac	49	SMC4	"SMC4"	0.915436470925819	2.48632136173268e-70	6.22475416123393e-66	0.585	0.126	Supplementary Table 2. Marker genes for myeloid cell clusters, related to Figure S2 and Figures 5.	F:/pan-gi-ici-ccc-20260709/GSE205506/supplement/mmc3.xlsx	28AA8BC71620AE3B667D0243891B631DA3B8EB1576108C88463B2F66979EAC80
Myeloid cell markers	MKI67+Mac	50	ALOX5AP	"ALOX5AP"	0.905493574859892	5.20233625527178e-22	1.30245690486984e-17	0.784	0.494	Supplementary Table 2. Marker genes for myeloid cell clusters, related to Figure S2 and Figures 5.	F:/pan-gi-ici-ccc-20260709/GSE205506/supplement/mmc3.xlsx	28AA8BC71620AE3B667D0243891B631DA3B8EB1576108C88463B2F66979EAC80
Myeloid cell markers	SPP1+Mac	1	CHI3L1	"CHI3L1"	2.87429059359746	0	0	0.514	0.051	Supplementary Table 2. Marker genes for myeloid cell clusters, related to Figure S2 and Figures 5.	F:/pan-gi-ici-ccc-20260709/GSE205506/supplement/mmc3.xlsx	28AA8BC71620AE3B667D0243891B631DA3B8EB1576108C88463B2F66979EAC80
Myeloid cell markers	SPP1+Mac	2	SPP1	"SPP1"	2.53186697969156	0	0	0.828	0.29	Supplementary Table 2. Marker genes for myeloid cell clusters, related to Figure S2 and Figures 5.	F:/pan-gi-ici-ccc-20260709/GSE205506/supplement/mmc3.xlsx	28AA8BC71620AE3B667D0243891B631DA3B8EB1576108C88463B2F66979EAC80
Myeloid cell markers	SPP1+Mac	3	FN1	"FN1"	2.12836038770745	5.2443346038957e-270	1.31297161143133e-265	0.736	0.248	Supplementary Table 2. Marker genes for myeloid cell clusters, related to Figure S2 and Figures 5.	F:/pan-gi-ici-ccc-20260709/GSE205506/supplement/mmc3.xlsx	28AA8BC71620AE3B667D0243891B631DA3B8EB1576108C88463B2F66979EAC80
Myeloid cell markers	SPP1+Mac	4	APOE	"APOE"	2.11618896594994	0	0	0.962	0.373	Supplementary Table 2. Marker genes for myeloid cell clusters, related to Figure S2 and Figures 5.	F:/pan-gi-ici-ccc-20260709/GSE205506/supplement/mmc3.xlsx	28AA8BC71620AE3B667D0243891B631DA3B8EB1576108C88463B2F66979EAC80
Myeloid cell markers	SPP1+Mac	5	MMP9	"MMP9"	2.06122716566454	1.46433719611302e-236	3.66611460418857e-232	0.649	0.194	Supplementary Table 2. Marker genes for myeloid cell clusters, related to Figure S2 and Figures 5.	F:/pan-gi-ici-ccc-20260709/GSE205506/supplement/mmc3.xlsx	28AA8BC71620AE3B667D0243891B631DA3B8EB1576108C88463B2F66979EAC80
Myeloid cell markers	SPP1+Mac	6	FBP1	"FBP1"	2.05421436161777	0	0	0.88	0.354	Supplementary Table 2. Marker genes for myeloid cell clusters, related to Figure S2 and Figures 5.	F:/pan-gi-ici-ccc-20260709/GSE205506/supplement/mmc3.xlsx	28AA8BC71620AE3B667D0243891B631DA3B8EB1576108C88463B2F66979EAC80
Myeloid cell markers	SPP1+Mac	7	CD9	"CD9"	1.94313222795386	0	0	0.949	0.397	Supplementary Table 2. Marker genes for myeloid cell clusters, related to Figure S2 and Figures 5.	F:/pan-gi-ici-ccc-20260709/GSE205506/supplement/mmc3.xlsx	28AA8BC71620AE3B667D0243891B631DA3B8EB1576108C88463B2F66979EAC80
Myeloid cell markers	SPP1+Mac	8	GPNMB	"GPNMB"	1.88162645380504	0	0	0.966	0.347	Supplementary Table 2. Marker genes for myeloid cell clusters, related to Figure S2 and Figures 5.	F:/pan-gi-ici-ccc-20260709/GSE205506/supplement/mmc3.xlsx	28AA8BC71620AE3B667D0243891B631DA3B8EB1576108C88463B2F66979EAC80
Myeloid cell markers	SPP1+Mac	9	NUPR1	"NUPR1"	1.8383195280697	6.07360972445651e-290	1.52058893061493e-285	0.667	0.172	Supplementary Table 2. Marker genes for myeloid cell clusters, related to Figure S2 and Figures 5.	F:/pan-gi-ici-ccc-20260709/GSE205506/supplement/mmc3.xlsx	28AA8BC71620AE3B667D0243891B631DA3B8EB1576108C88463B2F66979EAC80
Myeloid cell markers	SPP1+Mac	10	APOC1	"APOC1"	1.83641873269323	0	0	0.901	0.324	Supplementary Table 2. Marker genes for myeloid cell clusters, related to Figure S2 and Figures 5.	F:/pan-gi-ici-ccc-20260709/GSE205506/supplement/mmc3.xlsx	28AA8BC71620AE3B667D0243891B631DA3B8EB1576108C88463B2F66979EAC80
Myeloid cell markers	SPP1+Mac	11	FABP5	"FABP5"	1.7531328149058	2.12137163992957e-219	5.31106603772766e-215	0.875	0.444	Supplementary Table 2. Marker genes for myeloid cell clusters, related to Figure S2 and Figures 5.	F:/pan-gi-ici-ccc-20260709/GSE205506/supplement/mmc3.xlsx	28AA8BC71620AE3B667D0243891B631DA3B8EB1576108C88463B2F66979EAC80
Myeloid cell markers	SPP1+Mac	12	LIPA	"LIPA"	1.74197630215961	0	0	0.907	0.428	Supplementary Table 2. Marker genes for myeloid cell clusters, related to Figure S2 and Figures 5.	F:/pan-gi-ici-ccc-20260709/GSE205506/supplement/mmc3.xlsx	28AA8BC71620AE3B667D0243891B631DA3B8EB1576108C88463B2F66979EAC80
Myeloid cell markers	SPP1+Mac	13	CTSD	"CTSD"	1.6634451987688	1.50731899253556e-266	3.77372382971203e-262	0.987	0.682	Supplementary Table 2. Marker genes for myeloid cell clusters, related to Figure S2 and Figures 5.	F:/pan-gi-ici-ccc-20260709/GSE205506/supplement/mmc3.xlsx	28AA8BC71620AE3B667D0243891B631DA3B8EB1576108C88463B2F66979EAC80
Myeloid cell markers	SPP1+Mac	14	LPL	"LPL"	1.64318699110919	2.42309974146548e-279	6.06647251273297e-275	0.44	0.066	Supplementary Table 2. Marker genes for myeloid cell clusters, related to Figure S2 and Figures 5.	F:/pan-gi-ici-ccc-20260709/GSE205506/supplement/mmc3.xlsx	28AA8BC71620AE3B667D0243891B631DA3B8EB1576108C88463B2F66979EAC80
Myeloid cell markers	SPP1+Mac	15	TREM2	"TREM2"	1.63176878111447	0	0	0.824	0.244	Supplementary Table 2. Marker genes for myeloid cell clusters, related to Figure S2 and Figures 5.	F:/pan-gi-ici-ccc-20260709/GSE205506/supplement/mmc3.xlsx	28AA8BC71620AE3B667D0243891B631DA3B8EB1576108C88463B2F66979EAC80
Myeloid cell markers	SPP1+Mac	16	CTSB	"CTSB"	1.55110375160529	0	0	1	0.817	Supplementary Table 2. Marker genes for myeloid cell clusters, related to Figure S2 and Figures 5.	F:/pan-gi-ici-ccc-20260709/GSE205506/supplement/mmc3.xlsx	28AA8BC71620AE3B667D0243891B631DA3B8EB1576108C88463B2F66979EAC80
Myeloid cell markers	SPP1+Mac	17	CSTB	"CSTB"	1.44361125537065	3.97035700844335e-291	9.94018580633877e-287	0.995	0.764	Supplementary Table 2. Marker genes for myeloid cell clusters, related to Figure S2 and Figures 5.	F:/pan-gi-ici-ccc-20260709/GSE205506/supplement/mmc3.xlsx	28AA8BC71620AE3B667D0243891B631DA3B8EB1576108C88463B2F66979EAC80
Myeloid cell markers	SPP1+Mac	18	CAPG	"CAPG"	1.35268339357202	5.0068490919657e-289	1.25351473866453e-284	0.973	0.626	Supplementary Table 2. Marker genes for myeloid cell clusters, related to Figure S2 and Figures 5.	F:/pan-gi-ici-ccc-20260709/GSE205506/supplement/mmc3.xlsx	28AA8BC71620AE3B667D0243891B631DA3B8EB1576108C88463B2F66979EAC80
Myeloid cell markers	SPP1+Mac	19	MARCO	"MARCO"	1.31521882259681	1.00523796879582e-128	2.51671377867721e-124	0.522	0.194	Supplementary Table 2. Marker genes for myeloid cell clusters, related to Figure S2 and Figures 5.	F:/pan-gi-ici-ccc-20260709/GSE205506/supplement/mmc3.xlsx	28AA8BC71620AE3B667D0243891B631DA3B8EB1576108C88463B2F66979EAC80
Myeloid cell markers	SPP1+Mac	20	ACP5	"ACP5"	1.26642212404242	8.12410381485245e-187	2.03395063108646e-182	0.812	0.369	Supplementary Table 2. Marker genes for myeloid cell clusters, related to Figure S2 and Figures 5.	F:/pan-gi-ici-ccc-20260709/GSE205506/supplement/mmc3.xlsx	28AA8BC71620AE3B667D0243891B631DA3B8EB1576108C88463B2F66979EAC80
Myeloid cell markers	SPP1+Mac	21	PLD3	"PLD3"	1.26457983506171	1.5277205525542e-270	3.8248011753747e-266	0.916	0.417	Supplementary Table 2. Marker genes for myeloid cell clusters, related to Figure S2 and Figures 5.	F:/pan-gi-ici-ccc-20260709/GSE205506/supplement/mmc3.xlsx	28AA8BC71620AE3B667D0243891B631DA3B8EB1576108C88463B2F66979EAC80
Myeloid cell markers	SPP1+Mac	22	PRDX1	"PRDX1"	1.18379303978851	3.29984649593141e-245	8.26149568721388e-241	0.987	0.756	Supplementary Table 2. Marker genes for myeloid cell clusters, related to Figure S2 and Figures 5.	F:/pan-gi-ici-ccc-20260709/GSE205506/supplement/mmc3.xlsx	28AA8BC71620AE3B667D0243891B631DA3B8EB1576108C88463B2F66979EAC80
Myeloid cell markers	SPP1+Mac	23	IFI27	"IFI27"	1.14696934744059	4.77381911850776e-102	1.1951733545096e-97	0.503	0.206	Supplementary Table 2. Marker genes for myeloid cell clusters, related to Figure S2 and Figures 5.	F:/pan-gi-ici-ccc-20260709/GSE205506/supplement/mmc3.xlsx	28AA8BC71620AE3B667D0243891B631DA3B8EB1576108C88463B2F66979EAC80
Myeloid cell markers	SPP1+Mac	24	RGCC	"RGCC"	1.12379940568133	1.03130910455467e-105	2.58198547416307e-101	0.445	0.16	Supplementary Table 2. Marker genes for myeloid cell clusters, related to Figure S2 and Figures 5.	F:/pan-gi-ici-ccc-20260709/GSE205506/supplement/mmc3.xlsx	28AA8BC71620AE3B667D0243891B631DA3B8EB1576108C88463B2F66979EAC80
Myeloid cell markers	SPP1+Mac	25	CTSL	"CTSL"	1.11258468944245	2.10038617626572e-178	5.25852683089885e-174	0.947	0.535	Supplementary Table 2. Marker genes for myeloid cell clusters, related to Figure S2 and Figures 5.	F:/pan-gi-ici-ccc-20260709/GSE205506/supplement/mmc3.xlsx	28AA8BC71620AE3B667D0243891B631DA3B8EB1576108C88463B2F66979EAC80
Myeloid cell markers	SPP1+Mac	26	CD63	"CD63"	1.08889478100508	6.24678218336475e-268	1.5639443874272e-263	0.994	0.845	Supplementary Table 2. Marker genes for myeloid cell clusters, related to Figure S2 and Figures 5.	F:/pan-gi-ici-ccc-20260709/GSE205506/supplement/mmc3.xlsx	28AA8BC71620AE3B667D0243891B631DA3B8EB1576108C88463B2F66979EAC80
Myeloid cell markers	SPP1+Mac	27	ANXA2	"ANXA2"	1.08334958541326	4.99402215711008e-248	1.25030338725408e-243	0.983	0.764	Supplementary Table 2. Marker genes for myeloid cell clusters, related to Figure S2 and Figures 5.	F:/pan-gi-ici-ccc-20260709/GSE205506/supplement/mmc3.xlsx	28AA8BC71620AE3B667D0243891B631DA3B8EB1576108C88463B2F66979EAC80
Myeloid cell markers	SPP1+Mac	28	LILRB4	"LILRB4"	1.0825599554601	5.39827646285234e-213	1.35151249523971e-208	0.879	0.434	Supplementary Table 2. Marker genes for myeloid cell clusters, related to Figure S2 and Figures 5.	F:/pan-gi-ici-ccc-20260709/GSE205506/supplement/mmc3.xlsx	28AA8BC71620AE3B667D0243891B631DA3B8EB1576108C88463B2F66979EAC80
Myeloid cell markers	SPP1+Mac	29	C1QB	"C1QB"	1.07970499044894	8.58472800103582e-185	2.14927250233933e-180	0.945	0.464	Supplementary Table 2. Marker genes for myeloid cell clusters, related to Figure S2 and Figures 5.	F:/pan-gi-ici-ccc-20260709/GSE205506/supplement/mmc3.xlsx	28AA8BC71620AE3B667D0243891B631DA3B8EB1576108C88463B2F66979EAC80
Myeloid cell markers	SPP1+Mac	30	CD81	"CD81"	1.07061874294491	4.14050974968867e-175	1.03661802093206e-170	0.937	0.592	Supplementary Table 2. Marker genes for myeloid cell clusters, related to Figure S2 and Figures 5.	F:/pan-gi-ici-ccc-20260709/GSE205506/supplement/mmc3.xlsx	28AA8BC71620AE3B667D0243891B631DA3B8EB1576108C88463B2F66979EAC80
Myeloid cell markers	SPP1+Mac	31	CTSZ	"CTSZ"	1.06716149492189	1.69661631324785e-189	4.24764860184733e-185	0.947	0.618	Supplementary Table 2. Marker genes for myeloid cell clusters, related to Figure S2 and Figures 5.	F:/pan-gi-ici-ccc-20260709/GSE205506/supplement/mmc3.xlsx	28AA8BC71620AE3B667D0243891B631DA3B8EB1576108C88463B2F66979EAC80
Myeloid cell markers	SPP1+Mac	32	FTL	"FTL"	1.05668353963977	4.14862911420027e-239	1.03865078503118e-234	1	0.994	Supplementary Table 2. Marker genes for myeloid cell clusters, related to Figure S2 and Figures 5.	F:/pan-gi-ici-ccc-20260709/GSE205506/supplement/mmc3.xlsx	28AA8BC71620AE3B667D0243891B631DA3B8EB1576108C88463B2F66979EAC80
Myeloid cell markers	SPP1+Mac	33	CYP27A1	"CYP27A1"	1.05123265336557	5.13446107736108e-212	1.28546367532812e-207	0.587	0.169	Supplementary Table 2. Marker genes for myeloid cell clusters, related to Figure S2 and Figures 5.	F:/pan-gi-ici-ccc-20260709/GSE205506/supplement/mmc3.xlsx	28AA8BC71620AE3B667D0243891B631DA3B8EB1576108C88463B2F66979EAC80
Myeloid cell markers	SPP1+Mac	34	SPARC	"SPARC"	1.00277728929205	4.64038080563192e-281	1.16176573849801e-276	0.544	0.107	Supplementary Table 2. Marker genes for myeloid cell clusters, related to Figure S2 and Figures 5.	F:/pan-gi-ici-ccc-20260709/GSE205506/supplement/mmc3.xlsx	28AA8BC71620AE3B667D0243891B631DA3B8EB1576108C88463B2F66979EAC80
Myeloid cell markers	SPP1+Mac	35	ADAMDEC1	"ADAMDEC1"	0.997965455340904	4.22086532191073e-195	1.05673584199357e-190	0.671	0.222	Supplementary Table 2. Marker genes for myeloid cell clusters, related to Figure S2 and Figures 5.	F:/pan-gi-ici-ccc-20260709/GSE205506/supplement/mmc3.xlsx	28AA8BC71620AE3B667D0243891B631DA3B8EB1576108C88463B2F66979EAC80
Myeloid cell markers	SPP1+Mac	36	MGST3	"MGST3"	0.987629612675866	2.23314735396679e-229	5.59090771539124e-225	0.923	0.51	Supplementary Table 2. Marker genes for myeloid cell clusters, related to Figure S2 and Figures 5.	F:/pan-gi-ici-ccc-20260709/GSE205506/supplement/mmc3.xlsx	28AA8BC71620AE3B667D0243891B631DA3B8EB1576108C88463B2F66979EAC80
Myeloid cell markers	SPP1+Mac	37	CD68	"CD68"	0.962110957667073	1.18740424205506e-208	2.97278526040906e-204	0.97	0.718	Supplementary Table 2. Marker genes for myeloid cell clusters, related to Figure S2 and Figures 5.	F:/pan-gi-ici-ccc-20260709/GSE205506/supplement/mmc3.xlsx	28AA8BC71620AE3B667D0243891B631DA3B8EB1576108C88463B2F66979EAC80
Myeloid cell markers	SPP1+Mac	38	A2M	"A2M"	0.957406128843322	3.82346541504658e-195	9.57242801311062e-191	0.834	0.341	Supplementary Table 2. Marker genes for myeloid cell clusters, related to Figure S2 and Figures 5.	F:/pan-gi-ici-ccc-20260709/GSE205506/supplement/mmc3.xlsx	28AA8BC71620AE3B667D0243891B631DA3B8EB1576108C88463B2F66979EAC80
Myeloid cell markers	SPP1+Mac	39	C1QA	"C1QA"	0.950687784443589	1.0672019116568e-166	2.67184670602396e-162	0.964	0.488	Supplementary Table 2. Marker genes for myeloid cell clusters, related to Figure S2 and Figures 5.	F:/pan-gi-ici-ccc-20260709/GSE205506/supplement/mmc3.xlsx	28AA8BC71620AE3B667D0243891B631DA3B8EB1576108C88463B2F66979EAC80
Myeloid cell markers	SPP1+Mac	40	MSR1	"MSR1"	0.945962520404908	6.52356936089203e-194	1.63324082519293e-189	0.821	0.346	Supplementary Table 2. Marker genes for myeloid cell clusters, related to Figure S2 and Figures 5.	F:/pan-gi-ici-ccc-20260709/GSE205506/supplement/mmc3.xlsx	28AA8BC71620AE3B667D0243891B631DA3B8EB1576108C88463B2F66979EAC80
Myeloid cell markers	SPP1+Mac	41	IL4I1	"IL4I1"	0.930860383048756	4.81301948233917e-171	1.20498755759844e-166	0.792	0.338	Supplementary Table 2. Marker genes for myeloid cell clusters, related to Figure S2 and Figures 5.	F:/pan-gi-ici-ccc-20260709/GSE205506/supplement/mmc3.xlsx	28AA8BC71620AE3B667D0243891B631DA3B8EB1576108C88463B2F66979EAC80
Myeloid cell markers	SPP1+Mac	42	DBI	"DBI"	0.928094382735785	2.2754646369696e-178	5.6968532651171e-174	0.951	0.688	Supplementary Table 2. Marker genes for myeloid cell clusters, related to Figure S2 and Figures 5.	F:/pan-gi-ici-ccc-20260709/GSE205506/supplement/mmc3.xlsx	28AA8BC71620AE3B667D0243891B631DA3B8EB1576108C88463B2F66979EAC80
Myeloid cell markers	SPP1+Mac	43	RNASE1	"RNASE1"	0.92595270832067	4.73114954234868e-157	1.18449059942241e-152	0.714	0.284	Supplementary Table 2. Marker genes for myeloid cell clusters, related to Figure S2 and Figures 5.	F:/pan-gi-ici-ccc-20260709/GSE205506/supplement/mmc3.xlsx	28AA8BC71620AE3B667D0243891B631DA3B8EB1576108C88463B2F66979EAC80
Myeloid cell markers	SPP1+Mac	44	GSN	"GSN"	0.921346269423636	1.23232506308305e-164	3.08524902793472e-160	0.949	0.588	Supplementary Table 2. Marker genes for myeloid cell clusters, related to Figure S2 and Figures 5.	F:/pan-gi-ici-ccc-20260709/GSE205506/supplement/mmc3.xlsx	28AA8BC71620AE3B667D0243891B631DA3B8EB1576108C88463B2F66979EAC80
Myeloid cell markers	SPP1+Mac	45	ITGB2	"ITGB2"	0.900733762525896	2.63817346928607e-180	6.60493109770459e-176	0.972	0.715	Supplementary Table 2. Marker genes for myeloid cell clusters, related to Figure S2 and Figures 5.	F:/pan-gi-ici-ccc-20260709/GSE205506/supplement/mmc3.xlsx	28AA8BC71620AE3B667D0243891B631DA3B8EB1576108C88463B2F66979EAC80
Myeloid cell markers	SPP1+Mac	46	SERPING1	"SERPING1"	0.888465017805994	3.23081202254748e-180	8.08866097964988e-176	0.787	0.321	Supplementary Table 2. Marker genes for myeloid cell clusters, related to Figure S2 and Figures 5.	F:/pan-gi-ici-ccc-20260709/GSE205506/supplement/mmc3.xlsx	28AA8BC71620AE3B667D0243891B631DA3B8EB1576108C88463B2F66979EAC80
Myeloid cell markers	SPP1+Mac	47	PLA2G7	"PLA2G7"	0.851241592528394	2.77534562331803e-99	6.94835530253901e-95	0.567	0.259	Supplementary Table 2. Marker genes for myeloid cell clusters, related to Figure S2 and Figures 5.	F:/pan-gi-ici-ccc-20260709/GSE205506/supplement/mmc3.xlsx	28AA8BC71620AE3B667D0243891B631DA3B8EB1576108C88463B2F66979EAC80
Myeloid cell markers	SPP1+Mac	48	ATP6AP2	"ATP6AP2"	0.849179236259478	7.17749351633844e-166	1.79695727675049e-161	0.929	0.605	Supplementary Table 2. Marker genes for myeloid cell clusters, related to Figure S2 and Figures 5.	F:/pan-gi-ici-ccc-20260709/GSE205506/supplement/mmc3.xlsx	28AA8BC71620AE3B667D0243891B631DA3B8EB1576108C88463B2F66979EAC80
Myeloid cell markers	SPP1+Mac	49	BCAP31	"BCAP31"	0.846209421931051	1.06829236220054e-176	2.67457675800527e-172	0.852	0.456	Supplementary Table 2. Marker genes for myeloid cell clusters, related to Figure S2 and Figures 5.	F:/pan-gi-ici-ccc-20260709/GSE205506/supplement/mmc3.xlsx	28AA8BC71620AE3B667D0243891B631DA3B8EB1576108C88463B2F66979EAC80
Myeloid cell markers	SPP1+Mac	50	C1QC	"C1QC"	0.839937407608404	8.3246504879008e-152	2.08415949615084e-147	0.944	0.447	Supplementary Table 2. Marker genes for myeloid cell clusters, related to Figure S2 and Figures 5.	F:/pan-gi-ici-ccc-20260709/GSE205506/supplement/mmc3.xlsx	28AA8BC71620AE3B667D0243891B631DA3B8EB1576108C88463B2F66979EAC80
Myeloid cell markers	TMSB4X+Mac	1	DNASE1L3	"DNASE1L3"	1.99088226067261	2.92055177889718e-58	7.31189343364698e-54	0.279	0.055	Supplementary Table 2. Marker genes for myeloid cell clusters, related to Figure S2 and Figures 5.	F:/pan-gi-ici-ccc-20260709/GSE205506/supplement/mmc3.xlsx	28AA8BC71620AE3B667D0243891B631DA3B8EB1576108C88463B2F66979EAC80
Myeloid cell markers	TMSB4X+Mac	2	LGALS2	"LGALS2"	1.27006383491728	1.14263287873443e-07	0.00286069567519953	0.439	0.404	Supplementary Table 2. Marker genes for myeloid cell clusters, related to Figure S2 and Figures 5.	F:/pan-gi-ici-ccc-20260709/GSE205506/supplement/mmc3.xlsx	28AA8BC71620AE3B667D0243891B631DA3B8EB1576108C88463B2F66979EAC80
Myeloid cell markers	TMSB4X+Mac	3	SLC40A1	"SLC40A1"	1.23644293817639	6.30017946189605e-05	1	0.292	0.238	Supplementary Table 2. Marker genes for myeloid cell clusters, related to Figure S2 and Figures 5.	F:/pan-gi-ici-ccc-20260709/GSE205506/supplement/mmc3.xlsx	28AA8BC71620AE3B667D0243891B631DA3B8EB1576108C88463B2F66979EAC80
Myeloid cell markers	TMSB4X+Mac	4	SELENOP	"SELENOP"	1.23578007776666	8.81703457336681e-06	0.220743277578811	0.38	0.31	Supplementary Table 2. Marker genes for myeloid cell clusters, related to Figure S2 and Figures 5.	F:/pan-gi-ici-ccc-20260709/GSE205506/supplement/mmc3.xlsx	28AA8BC71620AE3B667D0243891B631DA3B8EB1576108C88463B2F66979EAC80
Myeloid cell markers	TMSB4X+Mac	5	SLC25A5	"SLC25A5"	0.985198306055115	9.499672505285e-13	2.37833800842315e-08	0.626	0.687	Supplementary Table 2. Marker genes for myeloid cell clusters, related to Figure S2 and Figures 5.	F:/pan-gi-ici-ccc-20260709/GSE205506/supplement/mmc3.xlsx	28AA8BC71620AE3B667D0243891B631DA3B8EB1576108C88463B2F66979EAC80
Myeloid cell markers	TMSB4X+Mac	6	ATOX1	"ATOX1"	0.95495252315253	1.38894804669649e-05	0.347737032970934	0.521	0.592	Supplementary Table 2. Marker genes for myeloid cell clusters, related to Figure S2 and Figures 5.	F:/pan-gi-ici-ccc-20260709/GSE205506/supplement/mmc3.xlsx	28AA8BC71620AE3B667D0243891B631DA3B8EB1576108C88463B2F66979EAC80
Myeloid cell markers	TMSB4X+Mac	7	PRDX1	"PRDX1"	0.953095192685375	1.64286978039306e-22	4.11308878219207e-18	0.813	0.791	Supplementary Table 2. Marker genes for myeloid cell clusters, related to Figure S2 and Figures 5.	F:/pan-gi-ici-ccc-20260709/GSE205506/supplement/mmc3.xlsx	28AA8BC71620AE3B667D0243891B631DA3B8EB1576108C88463B2F66979EAC80
Myeloid cell markers	TMSB4X+Mac	8	EEF1B2	"EEF1B2"	0.937800797774298	1.5052137286302e-22	3.76845309099856e-18	0.748	0.76	Supplementary Table 2. Marker genes for myeloid cell clusters, related to Figure S2 and Figures 5.	F:/pan-gi-ici-ccc-20260709/GSE205506/supplement/mmc3.xlsx	28AA8BC71620AE3B667D0243891B631DA3B8EB1576108C88463B2F66979EAC80
Myeloid cell markers	TMSB4X+Mac	9	SNX3	"SNX3"	0.934325365559743	9.70315782801654e-05	1	0.531	0.687	Supplementary Table 2. Marker genes for myeloid cell clusters, related to Figure S2 and Figures 5.	F:/pan-gi-ici-ccc-20260709/GSE205506/supplement/mmc3.xlsx	28AA8BC71620AE3B667D0243891B631DA3B8EB1576108C88463B2F66979EAC80
Myeloid cell markers	TMSB4X+Mac	10	FTL	"FTL"	0.927413536889204	1.07149610478449e-31	2.68259764793844e-27	1	0.995	Supplementary Table 2. Marker genes for myeloid cell clusters, related to Figure S2 and Figures 5.	F:/pan-gi-ici-ccc-20260709/GSE205506/supplement/mmc3.xlsx	28AA8BC71620AE3B667D0243891B631DA3B8EB1576108C88463B2F66979EAC80
Myeloid cell markers	TMSB4X+Mac	11	RGS10	"RGS10"	0.901133767243725	4.26791773259175e-06	0.106851588353167	0.564	0.679	Supplementary Table 2. Marker genes for myeloid cell clusters, related to Figure S2 and Figures 5.	F:/pan-gi-ici-ccc-20260709/GSE205506/supplement/mmc3.xlsx	28AA8BC71620AE3B667D0243891B631DA3B8EB1576108C88463B2F66979EAC80
Myeloid cell markers	TMSB4X+Mac	12	PPA1	"PPA1"	0.897956007671221	0.002730663788344	1	0.456	0.512	Supplementary Table 2. Marker genes for myeloid cell clusters, related to Figure S2 and Figures 5.	F:/pan-gi-ici-ccc-20260709/GSE205506/supplement/mmc3.xlsx	28AA8BC71620AE3B667D0243891B631DA3B8EB1576108C88463B2F66979EAC80
Myeloid cell markers	TMSB4X+Mac	13	NPM1	"NPM1"	0.877128959933323	1.7912723655404e-16	4.48462949436695e-12	0.666	0.735	Supplementary Table 2. Marker genes for myeloid cell clusters, related to Figure S2 and Figures 5.	F:/pan-gi-ici-ccc-20260709/GSE205506/supplement/mmc3.xlsx	28AA8BC71620AE3B667D0243891B631DA3B8EB1576108C88463B2F66979EAC80
Myeloid cell markers	TMSB4X+Mac	14	GSTP1	"GSTP1"	0.86211129793617	1.61397665976305e-19	4.04075196538276e-15	0.748	0.788	Supplementary Table 2. Marker genes for myeloid cell clusters, related to Figure S2 and Figures 5.	F:/pan-gi-ici-ccc-20260709/GSE205506/supplement/mmc3.xlsx	28AA8BC71620AE3B667D0243891B631DA3B8EB1576108C88463B2F66979EAC80
Myeloid cell markers	TMSB4X+Mac	15	PLA2G7	"PLA2G7"	0.831108629123512	0.00942286419697496	1	0.308	0.307	Supplementary Table 2. Marker genes for myeloid cell clusters, related to Figure S2 and Figures 5.	F:/pan-gi-ici-ccc-20260709/GSE205506/supplement/mmc3.xlsx	28AA8BC71620AE3B667D0243891B631DA3B8EB1576108C88463B2F66979EAC80
Myeloid cell markers	TMSB4X+Mac	16	TMSB4X	"TMSB4X"	0.813779058109133	1.72017451051921e-60	4.3066289045359e-56	1	0.998	Supplementary Table 2. Marker genes for myeloid cell clusters, related to Figure S2 and Figures 5.	F:/pan-gi-ici-ccc-20260709/GSE205506/supplement/mmc3.xlsx	28AA8BC71620AE3B667D0243891B631DA3B8EB1576108C88463B2F66979EAC80
Myeloid cell markers	TMSB4X+Mac	17	RPLP0	"RPLP0"	0.798917226476585	6.05089757520105e-23	1.51490271692733e-18	0.8	0.858	Supplementary Table 2. Marker genes for myeloid cell clusters, related to Figure S2 and Figures 5.	F:/pan-gi-ici-ccc-20260709/GSE205506/supplement/mmc3.xlsx	28AA8BC71620AE3B667D0243891B631DA3B8EB1576108C88463B2F66979EAC80
Myeloid cell markers	TMSB4X+Mac	18	RPL5	"RPL5"	0.79797204377383	7.37625130174526e-23	1.84671827590494e-18	0.83	0.867	Supplementary Table 2. Marker genes for myeloid cell clusters, related to Figure S2 and Figures 5.	F:/pan-gi-ici-ccc-20260709/GSE205506/supplement/mmc3.xlsx	28AA8BC71620AE3B667D0243891B631DA3B8EB1576108C88463B2F66979EAC80
Myeloid cell markers	TMSB4X+Mac	19	YBX1	"YBX1"	0.793235793938394	4.0243951983346e-27	1.00754758185505e-22	0.856	0.884	Supplementary Table 2. Marker genes for myeloid cell clusters, related to Figure S2 and Figures 5.	F:/pan-gi-ici-ccc-20260709/GSE205506/supplement/mmc3.xlsx	28AA8BC71620AE3B667D0243891B631DA3B8EB1576108C88463B2F66979EAC80
Myeloid cell markers	TMSB4X+Mac	20	RPL3	"RPL3"	0.793226618265372	1.14227852173617e-33	2.85980850701866e-29	0.928	0.914	Supplementary Table 2. Marker genes for myeloid cell clusters, related to Figure S2 and Figures 5.	F:/pan-gi-ici-ccc-20260709/GSE205506/supplement/mmc3.xlsx	28AA8BC71620AE3B667D0243891B631DA3B8EB1576108C88463B2F66979EAC80
Myeloid cell markers	TMSB4X+Mac	21	RPS3	"RPS3"	0.785738814909823	2.18218765255362e-32	5.46332500693323e-28	0.941	0.935	Supplementary Table 2. Marker genes for myeloid cell clusters, related to Figure S2 and Figures 5.	F:/pan-gi-ici-ccc-20260709/GSE205506/supplement/mmc3.xlsx	28AA8BC71620AE3B667D0243891B631DA3B8EB1576108C88463B2F66979EAC80
Myeloid cell markers	TMSB4X+Mac	22	ATP6V1F	"ATP6V1F"	0.775715870894018	1.55927941931845e-05	0.390381195420566	0.59	0.707	Supplementary Table 2. Marker genes for myeloid cell clusters, related to Figure S2 and Figures 5.	F:/pan-gi-ici-ccc-20260709/GSE205506/supplement/mmc3.xlsx	28AA8BC71620AE3B667D0243891B631DA3B8EB1576108C88463B2F66979EAC80
Myeloid cell markers	TMSB4X+Mac	23	RPS2	"RPS2"	0.774867024276181	2.85847438504227e-30	7.15647647039182e-26	0.967	0.964	Supplementary Table 2. Marker genes for myeloid cell clusters, related to Figure S2 and Figures 5.	F:/pan-gi-ici-ccc-20260709/GSE205506/supplement/mmc3.xlsx	28AA8BC71620AE3B667D0243891B631DA3B8EB1576108C88463B2F66979EAC80
Myeloid cell markers	TMSB4X+Mac	24	ATP5MC3	"ATP5MC3"	0.770354859799104	9.75718546813268e-09	0.00024428089538017	0.593	0.696	Supplementary Table 2. Marker genes for myeloid cell clusters, related to Figure S2 and Figures 5.	F:/pan-gi-ici-ccc-20260709/GSE205506/supplement/mmc3.xlsx	28AA8BC71620AE3B667D0243891B631DA3B8EB1576108C88463B2F66979EAC80
Myeloid cell markers	TMSB4X+Mac	25	IGKC	"IGKC"	0.769363462760244	0.000640681486588074	1	0.593	0.695	Supplementary Table 2. Marker genes for myeloid cell clusters, related to Figure S2 and Figures 5.	F:/pan-gi-ici-ccc-20260709/GSE205506/supplement/mmc3.xlsx	28AA8BC71620AE3B667D0243891B631DA3B8EB1576108C88463B2F66979EAC80
Myeloid cell markers	TMSB4X+Mac	26	ARHGDIB	"ARHGDIB"	0.760825059845274	6.15333093536404e-16	1.54054793297774e-11	0.751	0.794	Supplementary Table 2. Marker genes for myeloid cell clusters, related to Figure S2 and Figures 5.	F:/pan-gi-ici-ccc-20260709/GSE205506/supplement/mmc3.xlsx	28AA8BC71620AE3B667D0243891B631DA3B8EB1576108C88463B2F66979EAC80
Myeloid cell markers	TMSB4X+Mac	27	RPS5	"RPS5"	0.749550376882695	8.08521425551828e-25	2.02421424101156e-20	0.846	0.833	Supplementary Table 2. Marker genes for myeloid cell clusters, related to Figure S2 and Figures 5.	F:/pan-gi-ici-ccc-20260709/GSE205506/supplement/mmc3.xlsx	28AA8BC71620AE3B667D0243891B631DA3B8EB1576108C88463B2F66979EAC80
Myeloid cell markers	TMSB4X+Mac	28	RPL7A	"RPL7A"	0.746156406403158	1.27868882943199e-29	3.20132535336593e-25	0.931	0.936	Supplementary Table 2. Marker genes for myeloid cell clusters, related to Figure S2 and Figures 5.	F:/pan-gi-ici-ccc-20260709/GSE205506/supplement/mmc3.xlsx	28AA8BC71620AE3B667D0243891B631DA3B8EB1576108C88463B2F66979EAC80
Myeloid cell markers	TMSB4X+Mac	29	TPT1	"TPT1"	0.745314470848057	2.26705908071378e-41	5.67580911447502e-37	0.997	0.997	Supplementary Table 2. Marker genes for myeloid cell clusters, related to Figure S2 and Figures 5.	F:/pan-gi-ici-ccc-20260709/GSE205506/supplement/mmc3.xlsx	28AA8BC71620AE3B667D0243891B631DA3B8EB1576108C88463B2F66979EAC80
Myeloid cell markers	TMSB4X+Mac	30	RPSA	"RPSA"	0.742194875995465	4.86145187845409e-16	1.21711309228977e-11	0.764	0.811	Supplementary Table 2. Marker genes for myeloid cell clusters, related to Figure S2 and Figures 5.	F:/pan-gi-ici-ccc-20260709/GSE205506/supplement/mmc3.xlsx	28AA8BC71620AE3B667D0243891B631DA3B8EB1576108C88463B2F66979EAC80
Myeloid cell markers	TMSB4X+Mac	31	RPL15	"RPL15"	0.73650179600901	3.56399401893144e-29	8.92281542579674e-25	0.948	0.952	Supplementary Table 2. Marker genes for myeloid cell clusters, related to Figure S2 and Figures 5.	F:/pan-gi-ici-ccc-20260709/GSE205506/supplement/mmc3.xlsx	28AA8BC71620AE3B667D0243891B631DA3B8EB1576108C88463B2F66979EAC80
Myeloid cell markers	TMSB4X+Mac	32	RPL4	"RPL4"	0.734502481077376	9.04932190275975e-15	2.26558823157493e-10	0.748	0.819	Supplementary Table 2. Marker genes for myeloid cell clusters, related to Figure S2 and Figures 5.	F:/pan-gi-ici-ccc-20260709/GSE205506/supplement/mmc3.xlsx	28AA8BC71620AE3B667D0243891B631DA3B8EB1576108C88463B2F66979EAC80
Myeloid cell markers	TMSB4X+Mac	33	HINT1	"HINT1"	0.728636236783638	1.96096051225821e-08	0.000490946073848965	0.61	0.724	Supplementary Table 2. Marker genes for myeloid cell clusters, related to Figure S2 and Figures 5.	F:/pan-gi-ici-ccc-20260709/GSE205506/supplement/mmc3.xlsx	28AA8BC71620AE3B667D0243891B631DA3B8EB1576108C88463B2F66979EAC80
Myeloid cell markers	TMSB4X+Mac	34	VAMP8	"VAMP8"	0.719084132718299	1.1293352351729e-13	2.82740369477888e-09	0.725	0.768	Supplementary Table 2. Marker genes for myeloid cell clusters, related to Figure S2 and Figures 5.	F:/pan-gi-ici-ccc-20260709/GSE205506/supplement/mmc3.xlsx	28AA8BC71620AE3B667D0243891B631DA3B8EB1576108C88463B2F66979EAC80
Myeloid cell markers	TMSB4X+Mac	35	RPS4X	"RPS4X"	0.712821529616499	1.60389134664095e-28	4.01550237545028e-24	0.938	0.946	Supplementary Table 2. Marker genes for myeloid cell clusters, related to Figure S2 and Figures 5.	F:/pan-gi-ici-ccc-20260709/GSE205506/supplement/mmc3.xlsx	28AA8BC71620AE3B667D0243891B631DA3B8EB1576108C88463B2F66979EAC80
Myeloid cell markers	TMSB4X+Mac	36	DYNLL1	"DYNLL1"	0.70994224829975	1.72383757716869e-06	0.0431579975819953	0.623	0.762	Supplementary Table 2. Marker genes for myeloid cell clusters, related to Figure S2 and Figures 5.	F:/pan-gi-ici-ccc-20260709/GSE205506/supplement/mmc3.xlsx	28AA8BC71620AE3B667D0243891B631DA3B8EB1576108C88463B2F66979EAC80
Myeloid cell markers	TMSB4X+Mac	37	CLTA	"CLTA"	0.698821320241355	0.00528298069734693	1	0.502	0.651	Supplementary Table 2. Marker genes for myeloid cell clusters, related to Figure S2 and Figures 5.	F:/pan-gi-ici-ccc-20260709/GSE205506/supplement/mmc3.xlsx	28AA8BC71620AE3B667D0243891B631DA3B8EB1576108C88463B2F66979EAC80
Myeloid cell markers	TMSB4X+Mac	38	NDUFA4	"NDUFA4"	0.696706191706738	1.8424783281854e-05	0.461282874244496	0.584	0.719	Supplementary Table 2. Marker genes for myeloid cell clusters, related to Figure S2 and Figures 5.	F:/pan-gi-ici-ccc-20260709/GSE205506/supplement/mmc3.xlsx	28AA8BC71620AE3B667D0243891B631DA3B8EB1576108C88463B2F66979EAC80
Myeloid cell markers	TMSB4X+Mac	39	TUBA1B	"TUBA1B"	0.695372456023696	1.08482013026333e-08	0.000271595567812726	0.679	0.719	Supplementary Table 2. Marker genes for myeloid cell clusters, related to Figure S2 and Figures 5.	F:/pan-gi-ici-ccc-20260709/GSE205506/supplement/mmc3.xlsx	28AA8BC71620AE3B667D0243891B631DA3B8EB1576108C88463B2F66979EAC80
Myeloid cell markers	TMSB4X+Mac	40	RPL12	"RPL12"	0.688520311479075	9.93741412325794e-31	2.48793099989886e-26	0.961	0.971	Supplementary Table 2. Marker genes for myeloid cell clusters, related to Figure S2 and Figures 5.	F:/pan-gi-ici-ccc-20260709/GSE205506/supplement/mmc3.xlsx	28AA8BC71620AE3B667D0243891B631DA3B8EB1576108C88463B2F66979EAC80
Myeloid cell markers	TMSB4X+Mac	41	RPS6	"RPS6"	0.688471587931329	4.85764445949113e-25	1.2161598668782e-20	0.938	0.944	Supplementary Table 2. Marker genes for myeloid cell clusters, related to Figure S2 and Figures 5.	F:/pan-gi-ici-ccc-20260709/GSE205506/supplement/mmc3.xlsx	28AA8BC71620AE3B667D0243891B631DA3B8EB1576108C88463B2F66979EAC80
Myeloid cell markers	TMSB4X+Mac	42	RPS11	"RPS11"	0.684757808863961	6.71974844519789e-26	1.68235622073974e-21	0.908	0.94	Supplementary Table 2. Marker genes for myeloid cell clusters, related to Figure S2 and Figures 5.	F:/pan-gi-ici-ccc-20260709/GSE205506/supplement/mmc3.xlsx	28AA8BC71620AE3B667D0243891B631DA3B8EB1576108C88463B2F66979EAC80
Myeloid cell markers	TMSB4X+Mac	43	RPL10A	"RPL10A"	0.684017126662683	1.80818575868423e-15	4.52697386544184e-11	0.813	0.863	Supplementary Table 2. Marker genes for myeloid cell clusters, related to Figure S2 and Figures 5.	F:/pan-gi-ici-ccc-20260709/GSE205506/supplement/mmc3.xlsx	28AA8BC71620AE3B667D0243891B631DA3B8EB1576108C88463B2F66979EAC80
Myeloid cell markers	TMSB4X+Mac	44	RPS3A	"RPS3A"	0.673852436909988	8.37500757791541e-24	2.0967668972069e-19	0.951	0.959	Supplementary Table 2. Marker genes for myeloid cell clusters, related to Figure S2 and Figures 5.	F:/pan-gi-ici-ccc-20260709/GSE205506/supplement/mmc3.xlsx	28AA8BC71620AE3B667D0243891B631DA3B8EB1576108C88463B2F66979EAC80
Myeloid cell markers	TMSB4X+Mac	45	SLC25A6	"SLC25A6"	0.665411985701292	1.51844816744605e-07	0.00380158683201793	0.646	0.748	Supplementary Table 2. Marker genes for myeloid cell clusters, related to Figure S2 and Figures 5.	F:/pan-gi-ici-ccc-20260709/GSE205506/supplement/mmc3.xlsx	28AA8BC71620AE3B667D0243891B631DA3B8EB1576108C88463B2F66979EAC80
Myeloid cell markers	TMSB4X+Mac	46	SUMO2	"SUMO2"	0.662154842542769	5.21400118002616e-12	1.30537733543135e-07	0.705	0.814	Supplementary Table 2. Marker genes for myeloid cell clusters, related to Figure S2 and Figures 5.	F:/pan-gi-ici-ccc-20260709/GSE205506/supplement/mmc3.xlsx	28AA8BC71620AE3B667D0243891B631DA3B8EB1576108C88463B2F66979EAC80
Myeloid cell markers	TMSB4X+Mac	47	RPS10	"RPS10"	0.642060641443544	2.61645349729034e-09	6.55055297581608e-05	0.718	0.828	Supplementary Table 2. Marker genes for myeloid cell clusters, related to Figure S2 and Figures 5.	F:/pan-gi-ici-ccc-20260709/GSE205506/supplement/mmc3.xlsx	28AA8BC71620AE3B667D0243891B631DA3B8EB1576108C88463B2F66979EAC80
Myeloid cell markers	TMSB4X+Mac	48	RPL10	"RPL10"	0.63997181266913	7.60655208838277e-33	1.90437638084751e-28	0.993	0.979	Supplementary Table 2. Marker genes for myeloid cell clusters, related to Figure S2 and Figures 5.	F:/pan-gi-ici-ccc-20260709/GSE205506/supplement/mmc3.xlsx	28AA8BC71620AE3B667D0243891B631DA3B8EB1576108C88463B2F66979EAC80
Myeloid cell markers	TMSB4X+Mac	49	RPL21	"RPL21"	0.634575211334285	2.26931373048656e-20	5.68145385564614e-16	0.925	0.93	Supplementary Table 2. Marker genes for myeloid cell clusters, related to Figure S2 and Figures 5.	F:/pan-gi-ici-ccc-20260709/GSE205506/supplement/mmc3.xlsx	28AA8BC71620AE3B667D0243891B631DA3B8EB1576108C88463B2F66979EAC80
Myeloid cell markers	TMSB4X+Mac	50	RPL19	"RPL19"	0.633160196205581	1.44424072215235e-28	3.61580107198061e-24	0.951	0.961	Supplementary Table 2. Marker genes for myeloid cell clusters, related to Figure S2 and Figures 5.	F:/pan-gi-ici-ccc-20260709/GSE205506/supplement/mmc3.xlsx	28AA8BC71620AE3B667D0243891B631DA3B8EB1576108C88463B2F66979EAC80
T_I_NK cell markers	CD4 Tfh	1	BRK1	"BRK1"	0.253753060301558	3.74074889644381e-09	9.36533893713673e-05	0.546	0.387	Supplementary Table 2. Marker genes for T/I/NK cell clusters, related to Figure S2, Figures 2-4.	F:/pan-gi-ici-ccc-20260709/GSE205506/supplement/mmc3.xlsx	28AA8BC71620AE3B667D0243891B631DA3B8EB1576108C88463B2F66979EAC80
T_I_NK cell markers	CD4 Treg	1	EIF4G2	"EIF4G2"	0.286354456172574	1.64279268638102e-27	4.11289576962352e-23	0.46	0.324	Supplementary Table 2. Marker genes for T/I/NK cell clusters, related to Figure S2, Figures 2-4.	F:/pan-gi-ici-ccc-20260709/GSE205506/supplement/mmc3.xlsx	28AA8BC71620AE3B667D0243891B631DA3B8EB1576108C88463B2F66979EAC80
T_I_NK cell markers	CD4+Prolif.	1	STMN1	"STMN1"	2.92812250970697	1.0583017359221e-257	2.64956422605458e-253	0.927	0.126	Supplementary Table 2. Marker genes for T/I/NK cell clusters, related to Figure S2, Figures 2-4.	F:/pan-gi-ici-ccc-20260709/GSE205506/supplement/mmc3.xlsx	28AA8BC71620AE3B667D0243891B631DA3B8EB1576108C88463B2F66979EAC80
T_I_NK cell markers	CD4+Prolif.	2	TUBA1B	"TUBA1B"	2.41277855604892	1.45302085738566e-91	3.63778301855074e-87	0.942	0.415	Supplementary Table 2. Marker genes for T/I/NK cell clusters, related to Figure S2, Figures 2-4.	F:/pan-gi-ici-ccc-20260709/GSE205506/supplement/mmc3.xlsx	28AA8BC71620AE3B667D0243891B631DA3B8EB1576108C88463B2F66979EAC80
T_I_NK cell markers	CD4+Prolif.	3	TUBB	"TUBB"	2.40412664693515	2.75571396544804e-110	6.89920548389572e-106	0.927	0.317	Supplementary Table 2. Marker genes for T/I/NK cell clusters, related to Figure S2, Figures 2-4.	F:/pan-gi-ici-ccc-20260709/GSE205506/supplement/mmc3.xlsx	28AA8BC71620AE3B667D0243891B631DA3B8EB1576108C88463B2F66979EAC80
T_I_NK cell markers	CD4+Prolif.	4	HMGB2	"HMGB2"	2.36945738348574	1.74960386367911e-92	4.38030823310701e-88	0.916	0.356	Supplementary Table 2. Marker genes for T/I/NK cell clusters, related to Figure S2, Figures 2-4.	F:/pan-gi-ici-ccc-20260709/GSE205506/supplement/mmc3.xlsx	28AA8BC71620AE3B667D0243891B631DA3B8EB1576108C88463B2F66979EAC80
T_I_NK cell markers	CD4+Prolif.	5	CXCL13	"CXCL13"	2.19525818934271	1.92078590783243e-14	4.80887959884928e-10	0.293	0.121	Supplementary Table 2. Marker genes for T/I/NK cell clusters, related to Figure S2, Figures 2-4.	F:/pan-gi-ici-ccc-20260709/GSE205506/supplement/mmc3.xlsx	28AA8BC71620AE3B667D0243891B631DA3B8EB1576108C88463B2F66979EAC80
T_I_NK cell markers	CD4+Prolif.	6	TOP2A	"TOP2A"	2.11289546484398	0	0	0.592	0.031	Supplementary Table 2. Marker genes for T/I/NK cell clusters, related to Figure S2, Figures 2-4.	F:/pan-gi-ici-ccc-20260709/GSE205506/supplement/mmc3.xlsx	28AA8BC71620AE3B667D0243891B631DA3B8EB1576108C88463B2F66979EAC80
T_I_NK cell markers	CD4+Prolif.	7	UBE2C	"UBE2C"	2.10408144930028	0	0	0.565	0.029	Supplementary Table 2. Marker genes for T/I/NK cell clusters, related to Figure S2, Figures 2-4.	F:/pan-gi-ici-ccc-20260709/GSE205506/supplement/mmc3.xlsx	28AA8BC71620AE3B667D0243891B631DA3B8EB1576108C88463B2F66979EAC80
T_I_NK cell markers	CD4+Prolif.	8	PCNA	"PCNA"	2.06223630293034	1.15888043802456e-143	2.9013730646383e-139	0.759	0.137	Supplementary Table 2. Marker genes for T/I/NK cell clusters, related to Figure S2, Figures 2-4.	F:/pan-gi-ici-ccc-20260709/GSE205506/supplement/mmc3.xlsx	28AA8BC71620AE3B667D0243891B631DA3B8EB1576108C88463B2F66979EAC80
T_I_NK cell markers	CD4+Prolif.	9	PCLAF	"PCLAF"	2.04170841375533	0	0	0.717	0.044	Supplementary Table 2. Marker genes for T/I/NK cell clusters, related to Figure S2, Figures 2-4.	F:/pan-gi-ici-ccc-20260709/GSE205506/supplement/mmc3.xlsx	28AA8BC71620AE3B667D0243891B631DA3B8EB1576108C88463B2F66979EAC80
T_I_NK cell markers	CD4+Prolif.	10	TYMS	"TYMS"	1.95672994764202	0	0	0.639	0.035	Supplementary Table 2. Marker genes for T/I/NK cell clusters, related to Figure S2, Figures 2-4.	F:/pan-gi-ici-ccc-20260709/GSE205506/supplement/mmc3.xlsx	28AA8BC71620AE3B667D0243891B631DA3B8EB1576108C88463B2F66979EAC80
T_I_NK cell markers	CD4+Prolif.	11	CENPF	"CENPF"	1.94627867045823	0	0	0.581	0.035	Supplementary Table 2. Marker genes for T/I/NK cell clusters, related to Figure S2, Figures 2-4.	F:/pan-gi-ici-ccc-20260709/GSE205506/supplement/mmc3.xlsx	28AA8BC71620AE3B667D0243891B631DA3B8EB1576108C88463B2F66979EAC80
T_I_NK cell markers	CD4+Prolif.	12	HIST1H4C	"HIST1H4C"	1.93917374226747	1.98433020587376e-51	4.96796910342553e-47	0.529	0.151	Supplementary Table 2. Marker genes for T/I/NK cell clusters, related to Figure S2, Figures 2-4.	F:/pan-gi-ici-ccc-20260709/GSE205506/supplement/mmc3.xlsx	28AA8BC71620AE3B667D0243891B631DA3B8EB1576108C88463B2F66979EAC80
T_I_NK cell markers	CD4+Prolif.	13	MKI67	"MKI67"	1.93592448323622	0	0	0.628	0.034	Supplementary Table 2. Marker genes for T/I/NK cell clusters, related to Figure S2, Figures 2-4.	F:/pan-gi-ici-ccc-20260709/GSE205506/supplement/mmc3.xlsx	28AA8BC71620AE3B667D0243891B631DA3B8EB1576108C88463B2F66979EAC80
T_I_NK cell markers	CD4+Prolif.	14	NUSAP1	"NUSAP1"	1.78772074771234	0	0	0.602	0.038	Supplementary Table 2. Marker genes for T/I/NK cell clusters, related to Figure S2, Figures 2-4.	F:/pan-gi-ici-ccc-20260709/GSE205506/supplement/mmc3.xlsx	28AA8BC71620AE3B667D0243891B631DA3B8EB1576108C88463B2F66979EAC80
T_I_NK cell markers	CD4+Prolif.	15	ASPM	"ASPM"	1.75975269850948	0	0	0.555	0.025	Supplementary Table 2. Marker genes for T/I/NK cell clusters, related to Figure S2, Figures 2-4.	F:/pan-gi-ici-ccc-20260709/GSE205506/supplement/mmc3.xlsx	28AA8BC71620AE3B667D0243891B631DA3B8EB1576108C88463B2F66979EAC80
T_I_NK cell markers	CD4+Prolif.	16	H2AFZ	"H2AFZ"	1.69801311922151	1.1873311094471e-68	2.97260216561176e-64	0.916	0.475	Supplementary Table 2. Marker genes for T/I/NK cell clusters, related to Figure S2, Figures 2-4.	F:/pan-gi-ici-ccc-20260709/GSE205506/supplement/mmc3.xlsx	28AA8BC71620AE3B667D0243891B631DA3B8EB1576108C88463B2F66979EAC80
T_I_NK cell markers	CD4+Prolif.	17	DUT	"DUT"	1.67933484040481	1.78779138218129e-86	4.47591450442908e-82	0.812	0.237	Supplementary Table 2. Marker genes for T/I/NK cell clusters, related to Figure S2, Figures 2-4.	F:/pan-gi-ici-ccc-20260709/GSE205506/supplement/mmc3.xlsx	28AA8BC71620AE3B667D0243891B631DA3B8EB1576108C88463B2F66979EAC80
T_I_NK cell markers	CD4+Prolif.	18	HMGN2	"HMGN2"	1.62289938480809	2.61582016898467e-65	6.54896737507002e-61	0.937	0.47	Supplementary Table 2. Marker genes for T/I/NK cell clusters, related to Figure S2, Figures 2-4.	F:/pan-gi-ici-ccc-20260709/GSE205506/supplement/mmc3.xlsx	28AA8BC71620AE3B667D0243891B631DA3B8EB1576108C88463B2F66979EAC80
T_I_NK cell markers	CD4+Prolif.	19	CDK1	"CDK1"	1.57602582021851	0	0	0.529	0.024	Supplementary Table 2. Marker genes for T/I/NK cell clusters, related to Figure S2, Figures 2-4.	F:/pan-gi-ici-ccc-20260709/GSE205506/supplement/mmc3.xlsx	28AA8BC71620AE3B667D0243891B631DA3B8EB1576108C88463B2F66979EAC80
T_I_NK cell markers	CD4+Prolif.	20	PTTG1	"PTTG1"	1.57118436444981	7.00691320583374e-96	1.75425079021254e-91	0.764	0.179	Supplementary Table 2. Marker genes for T/I/NK cell clusters, related to Figure S2, Figures 2-4.	F:/pan-gi-ici-ccc-20260709/GSE205506/supplement/mmc3.xlsx	28AA8BC71620AE3B667D0243891B631DA3B8EB1576108C88463B2F66979EAC80
T_I_NK cell markers	CD4+Prolif.	21	CKS2	"CKS2"	1.50182284808335	8.65581934426132e-122	2.16707093102926e-117	0.565	0.082	Supplementary Table 2. Marker genes for T/I/NK cell clusters, related to Figure S2, Figures 2-4.	F:/pan-gi-ici-ccc-20260709/GSE205506/supplement/mmc3.xlsx	28AA8BC71620AE3B667D0243891B631DA3B8EB1576108C88463B2F66979EAC80
T_I_NK cell markers	CD4+Prolif.	22	MT2A	"MT2A"	1.49109578949654	1.62658576430404e-33	4.0723201195116e-29	0.707	0.301	Supplementary Table 2. Marker genes for T/I/NK cell clusters, related to Figure S2, Figures 2-4.	F:/pan-gi-ici-ccc-20260709/GSE205506/supplement/mmc3.xlsx	28AA8BC71620AE3B667D0243891B631DA3B8EB1576108C88463B2F66979EAC80
T_I_NK cell markers	CD4+Prolif.	23	PKM	"PKM"	1.46990680711182	3.82782853420044e-55	9.58335151822423e-51	0.838	0.369	Supplementary Table 2. Marker genes for T/I/NK cell clusters, related to Figure S2, Figures 2-4.	F:/pan-gi-ici-ccc-20260709/GSE205506/supplement/mmc3.xlsx	28AA8BC71620AE3B667D0243891B631DA3B8EB1576108C88463B2F66979EAC80
T_I_NK cell markers	CD4+Prolif.	24	CKS1B	"CKS1B"	1.46885096480874	8.96802770675728e-191	2.24523541666375e-186	0.565	0.055	Supplementary Table 2. Marker genes for T/I/NK cell clusters, related to Figure S2, Figures 2-4.	F:/pan-gi-ici-ccc-20260709/GSE205506/supplement/mmc3.xlsx	28AA8BC71620AE3B667D0243891B631DA3B8EB1576108C88463B2F66979EAC80
T_I_NK cell markers	CD4+Prolif.	25	BIRC5	"BIRC5"	1.46454475951276	0	0	0.482	0.021	Supplementary Table 2. Marker genes for T/I/NK cell clusters, related to Figure S2, Figures 2-4.	F:/pan-gi-ici-ccc-20260709/GSE205506/supplement/mmc3.xlsx	28AA8BC71620AE3B667D0243891B631DA3B8EB1576108C88463B2F66979EAC80
T_I_NK cell markers	CD4+Prolif.	26	IL2RA	"IL2RA"	1.43322097053252	5.36228454443383e-84	1.34250155854445e-79	0.393	0.057	Supplementary Table 2. Marker genes for T/I/NK cell clusters, related to Figure S2, Figures 2-4.	F:/pan-gi-ici-ccc-20260709/GSE205506/supplement/mmc3.xlsx	28AA8BC71620AE3B667D0243891B631DA3B8EB1576108C88463B2F66979EAC80
T_I_NK cell markers	CD4+Prolif.	27	CD4	"CD4"	1.41643547852382	4.8769688324972e-264	1.220997916904e-259	1	0.115	Supplementary Table 2. Marker genes for T/I/NK cell clusters, related to Figure S2, Figures 2-4.	F:/pan-gi-ici-ccc-20260709/GSE205506/supplement/mmc3.xlsx	28AA8BC71620AE3B667D0243891B631DA3B8EB1576108C88463B2F66979EAC80
T_I_NK cell markers	CD4+Prolif.	28	RRM2	"RRM2"	1.41116000846974	0	0	0.429	0.019	Supplementary Table 2. Marker genes for T/I/NK cell clusters, related to Figure S2, Figures 2-4.	F:/pan-gi-ici-ccc-20260709/GSE205506/supplement/mmc3.xlsx	28AA8BC71620AE3B667D0243891B631DA3B8EB1576108C88463B2F66979EAC80
T_I_NK cell markers	CD4+Prolif.	29	KPNA2	"KPNA2"	1.39257647138512	6.55147059654638e-124	1.64022617855135e-119	0.513	0.067	Supplementary Table 2. Marker genes for T/I/NK cell clusters, related to Figure S2, Figures 2-4.	F:/pan-gi-ici-ccc-20260709/GSE205506/supplement/mmc3.xlsx	28AA8BC71620AE3B667D0243891B631DA3B8EB1576108C88463B2F66979EAC80
T_I_NK cell markers	CD4+Prolif.	30	ZWINT	"ZWINT"	1.38166270208481	0	0	0.55	0.026	Supplementary Table 2. Marker genes for T/I/NK cell clusters, related to Figure S2, Figures 2-4.	F:/pan-gi-ici-ccc-20260709/GSE205506/supplement/mmc3.xlsx	28AA8BC71620AE3B667D0243891B631DA3B8EB1576108C88463B2F66979EAC80
T_I_NK cell markers	CD4+Prolif.	31	CCNB2	"CCNB2"	1.3268056198251	0	0	0.44	0.017	Supplementary Table 2. Marker genes for T/I/NK cell clusters, related to Figure S2, Figures 2-4.	F:/pan-gi-ici-ccc-20260709/GSE205506/supplement/mmc3.xlsx	28AA8BC71620AE3B667D0243891B631DA3B8EB1576108C88463B2F66979EAC80
T_I_NK cell markers	CD4+Prolif.	32	HMGB1	"HMGB1"	1.32108668668504	5.46540347244149e-56	1.36831841336045e-51	0.974	0.785	Supplementary Table 2. Marker genes for T/I/NK cell clusters, related to Figure S2, Figures 2-4.	F:/pan-gi-ici-ccc-20260709/GSE205506/supplement/mmc3.xlsx	28AA8BC71620AE3B667D0243891B631DA3B8EB1576108C88463B2F66979EAC80
T_I_NK cell markers	CD4+Prolif.	33	RANBP1	"RANBP1"	1.32034823803627	6.00930530954422e-62	1.50448967729749e-57	0.801	0.291	Supplementary Table 2. Marker genes for T/I/NK cell clusters, related to Figure S2, Figures 2-4.	F:/pan-gi-ici-ccc-20260709/GSE205506/supplement/mmc3.xlsx	28AA8BC71620AE3B667D0243891B631DA3B8EB1576108C88463B2F66979EAC80
T_I_NK cell markers	CD4+Prolif.	34	SMC4	"SMC4"	1.31198725512157	1.33668636548006e-99	3.34652798461587e-95	0.639	0.119	Supplementary Table 2. Marker genes for T/I/NK cell clusters, related to Figure S2, Figures 2-4.	F:/pan-gi-ici-ccc-20260709/GSE205506/supplement/mmc3.xlsx	28AA8BC71620AE3B667D0243891B631DA3B8EB1576108C88463B2F66979EAC80
T_I_NK cell markers	CD4+Prolif.	35	RAN	"RAN"	1.29985952102714	2.24267612869684e-57	5.61476395580542e-53	0.916	0.462	Supplementary Table 2. Marker genes for T/I/NK cell clusters, related to Figure S2, Figures 2-4.	F:/pan-gi-ici-ccc-20260709/GSE205506/supplement/mmc3.xlsx	28AA8BC71620AE3B667D0243891B631DA3B8EB1576108C88463B2F66979EAC80
T_I_NK cell markers	CD4+Prolif.	36	ENO1	"ENO1"	1.29969468299738	4.26875653672988e-43	1.06872588653569e-38	0.874	0.464	Supplementary Table 2. Marker genes for T/I/NK cell clusters, related to Figure S2, Figures 2-4.	F:/pan-gi-ici-ccc-20260709/GSE205506/supplement/mmc3.xlsx	28AA8BC71620AE3B667D0243891B631DA3B8EB1576108C88463B2F66979EAC80
T_I_NK cell markers	CD4+Prolif.	37	SMC2	"SMC2"	1.26205393247812	2.92028349550164e-206	7.3112217593379e-202	0.571	0.052	Supplementary Table 2. Marker genes for T/I/NK cell clusters, related to Figure S2, Figures 2-4.	F:/pan-gi-ici-ccc-20260709/GSE205506/supplement/mmc3.xlsx	28AA8BC71620AE3B667D0243891B631DA3B8EB1576108C88463B2F66979EAC80
T_I_NK cell markers	CD4+Prolif.	38	MAD2L1	"MAD2L1"	1.2577425987304	9.96284167399311e-183	2.49429704150091e-178	0.592	0.061	Supplementary Table 2. Marker genes for T/I/NK cell clusters, related to Figure S2, Figures 2-4.	F:/pan-gi-ici-ccc-20260709/GSE205506/supplement/mmc3.xlsx	28AA8BC71620AE3B667D0243891B631DA3B8EB1576108C88463B2F66979EAC80
T_I_NK cell markers	CD4+Prolif.	39	TPX2	"TPX2"	1.25688830141862	5.80400760323712e-286	1.45309134354645e-281	0.424	0.021	Supplementary Table 2. Marker genes for T/I/NK cell clusters, related to Figure S2, Figures 2-4.	F:/pan-gi-ici-ccc-20260709/GSE205506/supplement/mmc3.xlsx	28AA8BC71620AE3B667D0243891B631DA3B8EB1576108C88463B2F66979EAC80
T_I_NK cell markers	CD4+Prolif.	40	CTLA4	"CTLA4"	1.24819788577143	1.26528974716592e-78	3.16777941100461e-74	0.681	0.153	Supplementary Table 2. Marker genes for T/I/NK cell clusters, related to Figure S2, Figures 2-4.	F:/pan-gi-ici-ccc-20260709/GSE205506/supplement/mmc3.xlsx	28AA8BC71620AE3B667D0243891B631DA3B8EB1576108C88463B2F66979EAC80
T_I_NK cell markers	CD4+Prolif.	41	H2AFV	"H2AFV"	1.24771134551687	7.65244857394923e-57	1.91586702497393e-52	0.775	0.28	Supplementary Table 2. Marker genes for T/I/NK cell clusters, related to Figure S2, Figures 2-4.	F:/pan-gi-ici-ccc-20260709/GSE205506/supplement/mmc3.xlsx	28AA8BC71620AE3B667D0243891B631DA3B8EB1576108C88463B2F66979EAC80
T_I_NK cell markers	CD4+Prolif.	42	CDKN3	"CDKN3"	1.22251335900304	0	0	0.476	0.024	Supplementary Table 2. Marker genes for T/I/NK cell clusters, related to Figure S2, Figures 2-4.	F:/pan-gi-ici-ccc-20260709/GSE205506/supplement/mmc3.xlsx	28AA8BC71620AE3B667D0243891B631DA3B8EB1576108C88463B2F66979EAC80
T_I_NK cell markers	CD4+Prolif.	43	GAPDH	"GAPDH"	1.21770380750032	9.24694767840168e-59	2.31506582076464e-54	0.995	0.879	Supplementary Table 2. Marker genes for T/I/NK cell clusters, related to Figure S2, Figures 2-4.	F:/pan-gi-ici-ccc-20260709/GSE205506/supplement/mmc3.xlsx	28AA8BC71620AE3B667D0243891B631DA3B8EB1576108C88463B2F66979EAC80
T_I_NK cell markers	CD4+Prolif.	44	TNFRSF4	"TNFRSF4"	1.20322438684188	3.93159134989327e-59	9.84313210359278e-55	0.607	0.158	Supplementary Table 2. Marker genes for T/I/NK cell clusters, related to Figure S2, Figures 2-4.	F:/pan-gi-ici-ccc-20260709/GSE205506/supplement/mmc3.xlsx	28AA8BC71620AE3B667D0243891B631DA3B8EB1576108C88463B2F66979EAC80
T_I_NK cell markers	CD4+Prolif.	45	MCM7	"MCM7"	1.20069387051319	2.48956954265556e-153	6.23288630699245e-149	0.487	0.05	Supplementary Table 2. Marker genes for T/I/NK cell clusters, related to Figure S2, Figures 2-4.	F:/pan-gi-ici-ccc-20260709/GSE205506/supplement/mmc3.xlsx	28AA8BC71620AE3B667D0243891B631DA3B8EB1576108C88463B2F66979EAC80
T_I_NK cell markers	CD4+Prolif.	46	NASP	"NASP"	1.19980268297452	4.37744876301715e-67	1.09593807230897e-62	0.717	0.197	Supplementary Table 2. Marker genes for T/I/NK cell clusters, related to Figure S2, Figures 2-4.	F:/pan-gi-ici-ccc-20260709/GSE205506/supplement/mmc3.xlsx	28AA8BC71620AE3B667D0243891B631DA3B8EB1576108C88463B2F66979EAC80
T_I_NK cell markers	CD4+Prolif.	47	ARL6IP1	"ARL6IP1"	1.19871198847754	1.0521995567482e-36	2.63428681027479e-32	0.691	0.265	Supplementary Table 2. Marker genes for T/I/NK cell clusters, related to Figure S2, Figures 2-4.	F:/pan-gi-ici-ccc-20260709/GSE205506/supplement/mmc3.xlsx	28AA8BC71620AE3B667D0243891B631DA3B8EB1576108C88463B2F66979EAC80
T_I_NK cell markers	CD4+Prolif.	48	CENPE	"CENPE"	1.19827433866401	1.41833173651444e-281	3.55093533553755e-277	0.414	0.02	Supplementary Table 2. Marker genes for T/I/NK cell clusters, related to Figure S2, Figures 2-4.	F:/pan-gi-ici-ccc-20260709/GSE205506/supplement/mmc3.xlsx	28AA8BC71620AE3B667D0243891B631DA3B8EB1576108C88463B2F66979EAC80
T_I_NK cell markers	CD4+Prolif.	49	MCM3	"MCM3"	1.19640454780303	5.09270546574199e-126	1.27500974040317e-121	0.581	0.082	Supplementary Table 2. Marker genes for T/I/NK cell clusters, related to Figure S2, Figures 2-4.	F:/pan-gi-ici-ccc-20260709/GSE205506/supplement/mmc3.xlsx	28AA8BC71620AE3B667D0243891B631DA3B8EB1576108C88463B2F66979EAC80
T_I_NK cell markers	CD4+Prolif.	50	TNFRSF18	"TNFRSF18"	1.19527442197055	4.05790559404825e-70	1.01593724452592e-65	0.707	0.179	Supplementary Table 2. Marker genes for T/I/NK cell clusters, related to Figure S2, Figures 2-4.	F:/pan-gi-ici-ccc-20260709/GSE205506/supplement/mmc3.xlsx	28AA8BC71620AE3B667D0243891B631DA3B8EB1576108C88463B2F66979EAC80
T_I_NK cell markers	CD4+Texh	1	JUNB	"JUNB"	1.2398614368475	5.86851353326608e-163	1.4692410481885e-158	0.808	0.624	Supplementary Table 2. Marker genes for T/I/NK cell clusters, related to Figure S2, Figures 2-4.	F:/pan-gi-ici-ccc-20260709/GSE205506/supplement/mmc3.xlsx	28AA8BC71620AE3B667D0243891B631DA3B8EB1576108C88463B2F66979EAC80
T_I_NK cell markers	CD4+Texh	2	RGS1	"RGS1"	1.12249877941449	1.27275018876925e-149	3.18645737260269e-145	0.624	0.343	Supplementary Table 2. Marker genes for T/I/NK cell clusters, related to Figure S2, Figures 2-4.	F:/pan-gi-ici-ccc-20260709/GSE205506/supplement/mmc3.xlsx	28AA8BC71620AE3B667D0243891B631DA3B8EB1576108C88463B2F66979EAC80
T_I_NK cell markers	CD4+Texh	3	CTLA4	"CTLA4"	1.10232811406581	1.0286594503587e-183	2.57535179991804e-179	0.406	0.14	Supplementary Table 2. Marker genes for T/I/NK cell clusters, related to Figure S2, Figures 2-4.	F:/pan-gi-ici-ccc-20260709/GSE205506/supplement/mmc3.xlsx	28AA8BC71620AE3B667D0243891B631DA3B8EB1576108C88463B2F66979EAC80
T_I_NK cell markers	CD4+Texh	4	TSC22D3	"TSC22D3"	1.10167711299121	5.9991360261889e-149	1.50194369551665e-144	0.788	0.579	Supplementary Table 2. Marker genes for T/I/NK cell clusters, related to Figure S2, Figures 2-4.	F:/pan-gi-ici-ccc-20260709/GSE205506/supplement/mmc3.xlsx	28AA8BC71620AE3B667D0243891B631DA3B8EB1576108C88463B2F66979EAC80
T_I_NK cell markers	CD4+Texh	5	DUSP1	"DUSP1"	1.04081888884658	2.38585286195286e-153	5.97322122518518e-149	0.766	0.514	Supplementary Table 2. Marker genes for T/I/NK cell clusters, related to Figure S2, Figures 2-4.	F:/pan-gi-ici-ccc-20260709/GSE205506/supplement/mmc3.xlsx	28AA8BC71620AE3B667D0243891B631DA3B8EB1576108C88463B2F66979EAC80
T_I_NK cell markers	CD4+Texh	6	LTB	"LTB"	0.996541508104112	2.22945019809689e-125	5.58165151595538e-121	0.65	0.386	Supplementary Table 2. Marker genes for T/I/NK cell clusters, related to Figure S2, Figures 2-4.	F:/pan-gi-ici-ccc-20260709/GSE205506/supplement/mmc3.xlsx	28AA8BC71620AE3B667D0243891B631DA3B8EB1576108C88463B2F66979EAC80
T_I_NK cell markers	CD4+Texh	7	NFKBIA	"NFKBIA"	0.896798073172594	8.09377691491437e-82	2.02635798841796e-77	0.563	0.367	Supplementary Table 2. Marker genes for T/I/NK cell clusters, related to Figure S2, Figures 2-4.	F:/pan-gi-ici-ccc-20260709/GSE205506/supplement/mmc3.xlsx	28AA8BC71620AE3B667D0243891B631DA3B8EB1576108C88463B2F66979EAC80
T_I_NK cell markers	CD4+Texh	8	TIGIT	"TIGIT"	0.877196120556335	5.56750291038056e-91	1.39388002864288e-86	0.49	0.279	Supplementary Table 2. Marker genes for T/I/NK cell clusters, related to Figure S2, Figures 2-4.	F:/pan-gi-ici-ccc-20260709/GSE205506/supplement/mmc3.xlsx	28AA8BC71620AE3B667D0243891B631DA3B8EB1576108C88463B2F66979EAC80
T_I_NK cell markers	CD4+Texh	9	MAF	"MAF"	0.844466688835049	3.69538087559575e-93	9.25175556014151e-89	0.376	0.179	Supplementary Table 2. Marker genes for T/I/NK cell clusters, related to Figure S2, Figures 2-4.	F:/pan-gi-ici-ccc-20260709/GSE205506/supplement/mmc3.xlsx	28AA8BC71620AE3B667D0243891B631DA3B8EB1576108C88463B2F66979EAC80
T_I_NK cell markers	CD4+Texh	10	ARID5B	"ARID5B"	0.842779752496779	1.7086484857444e-92	4.27777234890968e-88	0.355	0.166	Supplementary Table 2. Marker genes for T/I/NK cell clusters, related to Figure S2, Figures 2-4.	F:/pan-gi-ici-ccc-20260709/GSE205506/supplement/mmc3.xlsx	28AA8BC71620AE3B667D0243891B631DA3B8EB1576108C88463B2F66979EAC80
T_I_NK cell markers	CD4+Texh	11	SOCS3	"SOCS3"	0.840716331641064	3.66000559014764e-84	9.16318999549363e-80	0.27	0.113	Supplementary Table 2. Marker genes for T/I/NK cell clusters, related to Figure S2, Figures 2-4.	F:/pan-gi-ici-ccc-20260709/GSE205506/supplement/mmc3.xlsx	28AA8BC71620AE3B667D0243891B631DA3B8EB1576108C88463B2F66979EAC80
T_I_NK cell markers	CD4+Texh	12	SAT1	"SAT1"	0.794994071012335	7.18902445541217e-83	1.79984416265699e-78	0.655	0.466	Supplementary Table 2. Marker genes for T/I/NK cell clusters, related to Figure S2, Figures 2-4.	F:/pan-gi-ici-ccc-20260709/GSE205506/supplement/mmc3.xlsx	28AA8BC71620AE3B667D0243891B631DA3B8EB1576108C88463B2F66979EAC80
T_I_NK cell markers	CD4+Texh	13	GADD45A	"GADD45A"	0.763949360612106	3.80014959899812e-77	9.5140545360517e-73	0.27	0.117	Supplementary Table 2. Marker genes for T/I/NK cell clusters, related to Figure S2, Figures 2-4.	F:/pan-gi-ici-ccc-20260709/GSE205506/supplement/mmc3.xlsx	28AA8BC71620AE3B667D0243891B631DA3B8EB1576108C88463B2F66979EAC80
T_I_NK cell markers	CD4+Texh	14	SPOCK2	"SPOCK2"	0.762215027825901	9.16227950421017e-86	2.29386829667406e-81	0.534	0.326	Supplementary Table 2. Marker genes for T/I/NK cell clusters, related to Figure S2, Figures 2-4.	F:/pan-gi-ici-ccc-20260709/GSE205506/supplement/mmc3.xlsx	28AA8BC71620AE3B667D0243891B631DA3B8EB1576108C88463B2F66979EAC80
T_I_NK cell markers	CD4+Texh	15	PBXIP1	"PBXIP1"	0.734519084508721	2.07993787723017e-72	5.20733246943345e-68	0.36	0.189	Supplementary Table 2. Marker genes for T/I/NK cell clusters, related to Figure S2, Figures 2-4.	F:/pan-gi-ici-ccc-20260709/GSE205506/supplement/mmc3.xlsx	28AA8BC71620AE3B667D0243891B631DA3B8EB1576108C88463B2F66979EAC80
T_I_NK cell markers	CD4+Texh	16	BIRC3	"BIRC3"	0.726406135758515	1.42995630520878e-55	3.5800386057207e-51	0.404	0.244	Supplementary Table 2. Marker genes for T/I/NK cell clusters, related to Figure S2, Figures 2-4.	F:/pan-gi-ici-ccc-20260709/GSE205506/supplement/mmc3.xlsx	28AA8BC71620AE3B667D0243891B631DA3B8EB1576108C88463B2F66979EAC80
T_I_NK cell markers	CD4+Texh	17	MIR4435-2HG	"MIR4435-2HG"	0.704645191231909	1.7964812990176e-53	4.49767058022046e-49	0.274	0.142	Supplementary Table 2. Marker genes for T/I/NK cell clusters, related to Figure S2, Figures 2-4.	F:/pan-gi-ici-ccc-20260709/GSE205506/supplement/mmc3.xlsx	28AA8BC71620AE3B667D0243891B631DA3B8EB1576108C88463B2F66979EAC80
T_I_NK cell markers	CD4+Texh	18	TRBC1	"TRBC1"	0.693931039035702	2.49825474955484e-29	6.2546305909855e-25	0.579	0.5	Supplementary Table 2. Marker genes for T/I/NK cell clusters, related to Figure S2, Figures 2-4.	F:/pan-gi-ici-ccc-20260709/GSE205506/supplement/mmc3.xlsx	28AA8BC71620AE3B667D0243891B631DA3B8EB1576108C88463B2F66979EAC80
T_I_NK cell markers	CD4+Texh	19	PIM2	"PIM2"	0.686947368655256	4.75142121489804e-51	1.18956581536187e-46	0.269	0.141	Supplementary Table 2. Marker genes for T/I/NK cell clusters, related to Figure S2, Figures 2-4.	F:/pan-gi-ici-ccc-20260709/GSE205506/supplement/mmc3.xlsx	28AA8BC71620AE3B667D0243891B631DA3B8EB1576108C88463B2F66979EAC80
T_I_NK cell markers	CD4+Texh	20	TNFRSF4	"TNFRSF4"	0.666789577820988	1.70156590669958e-144	4.26004040401308e-140	0.39	0.146	Supplementary Table 2. Marker genes for T/I/NK cell clusters, related to Figure S2, Figures 2-4.	F:/pan-gi-ici-ccc-20260709/GSE205506/supplement/mmc3.xlsx	28AA8BC71620AE3B667D0243891B631DA3B8EB1576108C88463B2F66979EAC80
T_I_NK cell markers	CD4+Texh	21	CORO1B	"CORO1B"	0.666399505552205	6.84976565047784e-51	1.71490732825363e-46	0.346	0.201	Supplementary Table 2. Marker genes for T/I/NK cell clusters, related to Figure S2, Figures 2-4.	F:/pan-gi-ici-ccc-20260709/GSE205506/supplement/mmc3.xlsx	28AA8BC71620AE3B667D0243891B631DA3B8EB1576108C88463B2F66979EAC80
T_I_NK cell markers	CD4+Texh	22	CXCR4	"CXCR4"	0.666264861068423	1.08447799238597e-39	2.71509910173752e-35	0.617	0.509	Supplementary Table 2. Marker genes for T/I/NK cell clusters, related to Figure S2, Figures 2-4.	F:/pan-gi-ici-ccc-20260709/GSE205506/supplement/mmc3.xlsx	28AA8BC71620AE3B667D0243891B631DA3B8EB1576108C88463B2F66979EAC80
T_I_NK cell markers	CD4+Texh	23	PRDM1	"PRDM1"	0.627166331357337	2.54312343798494e-33	6.36696383933911e-29	0.333	0.219	Supplementary Table 2. Marker genes for T/I/NK cell clusters, related to Figure S2, Figures 2-4.	F:/pan-gi-ici-ccc-20260709/GSE205506/supplement/mmc3.xlsx	28AA8BC71620AE3B667D0243891B631DA3B8EB1576108C88463B2F66979EAC80
T_I_NK cell markers	CD4+Texh	24	BATF	"BATF"	0.626824175517542	1.99135798969915e-45	4.98556386301079e-41	0.363	0.222	Supplementary Table 2. Marker genes for T/I/NK cell clusters, related to Figure S2, Figures 2-4.	F:/pan-gi-ici-ccc-20260709/GSE205506/supplement/mmc3.xlsx	28AA8BC71620AE3B667D0243891B631DA3B8EB1576108C88463B2F66979EAC80
T_I_NK cell markers	CD4+Texh	25	SRGN	"SRGN"	0.614795459591186	8.65916051894452e-96	2.16790742752295e-91	0.905	0.798	Supplementary Table 2. Marker genes for T/I/NK cell clusters, related to Figure S2, Figures 2-4.	F:/pan-gi-ici-ccc-20260709/GSE205506/supplement/mmc3.xlsx	28AA8BC71620AE3B667D0243891B631DA3B8EB1576108C88463B2F66979EAC80
T_I_NK cell markers	CD4+Texh	26	IL32	"IL32"	0.607513096294437	1.11867904146155e-91	2.80072484820315e-87	0.953	0.899	Supplementary Table 2. Marker genes for T/I/NK cell clusters, related to Figure S2, Figures 2-4.	F:/pan-gi-ici-ccc-20260709/GSE205506/supplement/mmc3.xlsx	28AA8BC71620AE3B667D0243891B631DA3B8EB1576108C88463B2F66979EAC80
T_I_NK cell markers	CD4+Texh	27	SLC2A3	"SLC2A3"	0.599290468278462	9.81199148343907e-24	2.45653018779381e-19	0.405	0.309	Supplementary Table 2. Marker genes for T/I/NK cell clusters, related to Figure S2, Figures 2-4.	F:/pan-gi-ici-ccc-20260709/GSE205506/supplement/mmc3.xlsx	28AA8BC71620AE3B667D0243891B631DA3B8EB1576108C88463B2F66979EAC80
T_I_NK cell markers	CD4+Texh	28	FOS	"FOS"	0.599199493650651	9.58755469195895e-64	2.40034019267884e-59	0.659	0.472	Supplementary Table 2. Marker genes for T/I/NK cell clusters, related to Figure S2, Figures 2-4.	F:/pan-gi-ici-ccc-20260709/GSE205506/supplement/mmc3.xlsx	28AA8BC71620AE3B667D0243891B631DA3B8EB1576108C88463B2F66979EAC80
T_I_NK cell markers	CD4+Texh	29	NABP1	"NABP1"	0.583296252391492	2.65735294272295e-44	6.65294882740117e-40	0.291	0.164	Supplementary Table 2. Marker genes for T/I/NK cell clusters, related to Figure S2, Figures 2-4.	F:/pan-gi-ici-ccc-20260709/GSE205506/supplement/mmc3.xlsx	28AA8BC71620AE3B667D0243891B631DA3B8EB1576108C88463B2F66979EAC80
T_I_NK cell markers	CD4+Texh	30	SMAP2	"SMAP2"	0.570656057790425	3.4898733500993e-39	8.73724691930862e-35	0.341	0.217	Supplementary Table 2. Marker genes for T/I/NK cell clusters, related to Figure S2, Figures 2-4.	F:/pan-gi-ici-ccc-20260709/GSE205506/supplement/mmc3.xlsx	28AA8BC71620AE3B667D0243891B631DA3B8EB1576108C88463B2F66979EAC80
T_I_NK cell markers	CD4+Texh	31	BTG2	"BTG2"	0.56706973333295	6.63959719196887e-23	1.66228955298133e-18	0.31	0.219	Supplementary Table 2. Marker genes for T/I/NK cell clusters, related to Figure S2, Figures 2-4.	F:/pan-gi-ici-ccc-20260709/GSE205506/supplement/mmc3.xlsx	28AA8BC71620AE3B667D0243891B631DA3B8EB1576108C88463B2F66979EAC80
T_I_NK cell markers	CD4+Texh	32	IGKC	"IGKC"	0.553386408216075	3.34709690814348e-25	8.37979181922801e-21	0.675	0.579	Supplementary Table 2. Marker genes for T/I/NK cell clusters, related to Figure S2, Figures 2-4.	F:/pan-gi-ici-ccc-20260709/GSE205506/supplement/mmc3.xlsx	28AA8BC71620AE3B667D0243891B631DA3B8EB1576108C88463B2F66979EAC80
T_I_NK cell markers	CD4+Texh	33	UGP2	"UGP2"	0.552410961875682	9.29013111450556e-22	2.32587722582761e-17	0.293	0.21	Supplementary Table 2. Marker genes for T/I/NK cell clusters, related to Figure S2, Figures 2-4.	F:/pan-gi-ici-ccc-20260709/GSE205506/supplement/mmc3.xlsx	28AA8BC71620AE3B667D0243891B631DA3B8EB1576108C88463B2F66979EAC80
T_I_NK cell markers	CD4+Texh	34	FTH1	"FTH1"	0.54434605544515	6.83682440046628e-99	1.71166735690074e-94	0.976	0.935	Supplementary Table 2. Marker genes for T/I/NK cell clusters, related to Figure S2, Figures 2-4.	F:/pan-gi-ici-ccc-20260709/GSE205506/supplement/mmc3.xlsx	28AA8BC71620AE3B667D0243891B631DA3B8EB1576108C88463B2F66979EAC80
T_I_NK cell markers	CD4+Texh	35	CARD16	"CARD16"	0.539756924546103	3.51637212337284e-25	8.80358924807623e-21	0.287	0.193	Supplementary Table 2. Marker genes for T/I/NK cell clusters, related to Figure S2, Figures 2-4.	F:/pan-gi-ici-ccc-20260709/GSE205506/supplement/mmc3.xlsx	28AA8BC71620AE3B667D0243891B631DA3B8EB1576108C88463B2F66979EAC80
T_I_NK cell markers	CD4+Texh	36	NR3C1	"NR3C1"	0.522232749854918	9.85020479451296e-27	2.46609727235426e-22	0.35	0.247	Supplementary Table 2. Marker genes for T/I/NK cell clusters, related to Figure S2, Figures 2-4.	F:/pan-gi-ici-ccc-20260709/GSE205506/supplement/mmc3.xlsx	28AA8BC71620AE3B667D0243891B631DA3B8EB1576108C88463B2F66979EAC80
T_I_NK cell markers	CD4+Texh	37	TNFAIP3	"TNFAIP3"	0.520861782186694	1.08229273631987e-21	2.70962809465044e-17	0.348	0.255	Supplementary Table 2. Marker genes for T/I/NK cell clusters, related to Figure S2, Figures 2-4.	F:/pan-gi-ici-ccc-20260709/GSE205506/supplement/mmc3.xlsx	28AA8BC71620AE3B667D0243891B631DA3B8EB1576108C88463B2F66979EAC80
T_I_NK cell markers	CD4+Texh	38	RORA	"RORA"	0.506759425872722	1.12043301957515e-31	2.80511610780834e-27	0.436	0.317	Supplementary Table 2. Marker genes for T/I/NK cell clusters, related to Figure S2, Figures 2-4.	F:/pan-gi-ici-ccc-20260709/GSE205506/supplement/mmc3.xlsx	28AA8BC71620AE3B667D0243891B631DA3B8EB1576108C88463B2F66979EAC80
T_I_NK cell markers	CD4+Texh	39	PHACTR2	"PHACTR2"	0.504849608009183	2.45410802947666e-28	6.14410486259776e-24	0.252	0.156	Supplementary Table 2. Marker genes for T/I/NK cell clusters, related to Figure S2, Figures 2-4.	F:/pan-gi-ici-ccc-20260709/GSE205506/supplement/mmc3.xlsx	28AA8BC71620AE3B667D0243891B631DA3B8EB1576108C88463B2F66979EAC80
T_I_NK cell markers	CD4+Texh	40	NR4A2	"NR4A2"	0.504063414303221	1.41336378854841e-25	3.53849758100981e-21	0.294	0.189	Supplementary Table 2. Marker genes for T/I/NK cell clusters, related to Figure S2, Figures 2-4.	F:/pan-gi-ici-ccc-20260709/GSE205506/supplement/mmc3.xlsx	28AA8BC71620AE3B667D0243891B631DA3B8EB1576108C88463B2F66979EAC80
T_I_NK cell markers	CD4+Texh	41	BTG1	"BTG1"	0.490394751006921	6.60990962118564e-69	1.65485697276004e-64	0.935	0.869	Supplementary Table 2. Marker genes for T/I/NK cell clusters, related to Figure S2, Figures 2-4.	F:/pan-gi-ici-ccc-20260709/GSE205506/supplement/mmc3.xlsx	28AA8BC71620AE3B667D0243891B631DA3B8EB1576108C88463B2F66979EAC80
T_I_NK cell markers	CD4+Texh	42	CD27	"CD27"	0.486211899331726	4.46640542490945e-38	1.11820926218033e-33	0.439	0.295	Supplementary Table 2. Marker genes for T/I/NK cell clusters, related to Figure S2, Figures 2-4.	F:/pan-gi-ici-ccc-20260709/GSE205506/supplement/mmc3.xlsx	28AA8BC71620AE3B667D0243891B631DA3B8EB1576108C88463B2F66979EAC80
T_I_NK cell markers	CD4+Texh	43	IER5	"IER5"	0.462751341741252	1.55103883474747e-19	3.88318082667376e-15	0.285	0.2	Supplementary Table 2. Marker genes for T/I/NK cell clusters, related to Figure S2, Figures 2-4.	F:/pan-gi-ici-ccc-20260709/GSE205506/supplement/mmc3.xlsx	28AA8BC71620AE3B667D0243891B631DA3B8EB1576108C88463B2F66979EAC80
T_I_NK cell markers	CD4+Texh	44	EIF1	"EIF1"	0.462685647900206	1.37425485893805e-93	3.44058446483729e-89	0.974	0.942	Supplementary Table 2. Marker genes for T/I/NK cell clusters, related to Figure S2, Figures 2-4.	F:/pan-gi-ici-ccc-20260709/GSE205506/supplement/mmc3.xlsx	28AA8BC71620AE3B667D0243891B631DA3B8EB1576108C88463B2F66979EAC80
T_I_NK cell markers	CD4+Texh	45	JUND	"JUND"	0.458491154709538	2.24571123314519e-41	5.62236264330231e-37	0.831	0.771	Supplementary Table 2. Marker genes for T/I/NK cell clusters, related to Figure S2, Figures 2-4.	F:/pan-gi-ici-ccc-20260709/GSE205506/supplement/mmc3.xlsx	28AA8BC71620AE3B667D0243891B631DA3B8EB1576108C88463B2F66979EAC80
T_I_NK cell markers	CD4+Texh	46	TLK1	"TLK1"	0.457736218165288	8.88255160815952e-24	2.22383562061882e-19	0.284	0.192	Supplementary Table 2. Marker genes for T/I/NK cell clusters, related to Figure S2, Figures 2-4.	F:/pan-gi-ici-ccc-20260709/GSE205506/supplement/mmc3.xlsx	28AA8BC71620AE3B667D0243891B631DA3B8EB1576108C88463B2F66979EAC80
T_I_NK cell markers	CD4+Texh	47	KLRB1	"KLRB1"	0.456145568338968	8.16267276674308e-38	2.0436067538818e-33	0.539	0.38	Supplementary Table 2. Marker genes for T/I/NK cell clusters, related to Figure S2, Figures 2-4.	F:/pan-gi-ici-ccc-20260709/GSE205506/supplement/mmc3.xlsx	28AA8BC71620AE3B667D0243891B631DA3B8EB1576108C88463B2F66979EAC80
T_I_NK cell markers	CD4+Texh	48	TUBA1A	"TUBA1A"	0.453859430895673	7.22615184957616e-21	1.80913937705989e-16	0.328	0.239	Supplementary Table 2. Marker genes for T/I/NK cell clusters, related to Figure S2, Figures 2-4.	F:/pan-gi-ici-ccc-20260709/GSE205506/supplement/mmc3.xlsx	28AA8BC71620AE3B667D0243891B631DA3B8EB1576108C88463B2F66979EAC80
T_I_NK cell markers	CD4+Texh	49	RSRP1	"RSRP1"	0.447544053824286	9.46577579080383e-36	2.36985162698565e-31	0.682	0.576	Supplementary Table 2. Marker genes for T/I/NK cell clusters, related to Figure S2, Figures 2-4.	F:/pan-gi-ici-ccc-20260709/GSE205506/supplement/mmc3.xlsx	28AA8BC71620AE3B667D0243891B631DA3B8EB1576108C88463B2F66979EAC80
T_I_NK cell markers	CD4+Texh	50	S100A4	"S100A4"	0.440056391851805	2.91160467194765e-55	7.28949345668813e-51	0.893	0.769	Supplementary Table 2. Marker genes for T/I/NK cell clusters, related to Figure S2, Figures 2-4.	F:/pan-gi-ici-ccc-20260709/GSE205506/supplement/mmc3.xlsx	28AA8BC71620AE3B667D0243891B631DA3B8EB1576108C88463B2F66979EAC80
T_I_NK cell markers	CD4+Tfh	1	CXCL13	"CXCL13"	2.97251898766988	3.63721319772078e-158	9.10612696181374e-154	0.479	0.115	Supplementary Table 2. Marker genes for T/I/NK cell clusters, related to Figure S2, Figures 2-4.	F:/pan-gi-ici-ccc-20260709/GSE205506/supplement/mmc3.xlsx	28AA8BC71620AE3B667D0243891B631DA3B8EB1576108C88463B2F66979EAC80
T_I_NK cell markers	CD4+Tfh	2	ICA1	"ICA1"	1.74795828620155	0	0	0.556	0.071	Supplementary Table 2. Marker genes for T/I/NK cell clusters, related to Figure S2, Figures 2-4.	F:/pan-gi-ici-ccc-20260709/GSE205506/supplement/mmc3.xlsx	28AA8BC71620AE3B667D0243891B631DA3B8EB1576108C88463B2F66979EAC80
T_I_NK cell markers	CD4+Tfh	3	AC004585.1	"AC004585.1"	1.56272700111004	0	0	0.474	0.043	Supplementary Table 2. Marker genes for T/I/NK cell clusters, related to Figure S2, Figures 2-4.	F:/pan-gi-ici-ccc-20260709/GSE205506/supplement/mmc3.xlsx	28AA8BC71620AE3B667D0243891B631DA3B8EB1576108C88463B2F66979EAC80
T_I_NK cell markers	CD4+Tfh	4	PDCD1	"PDCD1"	1.55884294718946	3.89691880338071e-243	9.75632591614394e-239	0.579	0.112	Supplementary Table 2. Marker genes for T/I/NK cell clusters, related to Figure S2, Figures 2-4.	F:/pan-gi-ici-ccc-20260709/GSE205506/supplement/mmc3.xlsx	28AA8BC71620AE3B667D0243891B631DA3B8EB1576108C88463B2F66979EAC80
T_I_NK cell markers	CD4+Tfh	5	TOX2	"TOX2"	1.534281365185	1.08052707962974e-294	2.70520759656101e-290	0.495	0.071	Supplementary Table 2. Marker genes for T/I/NK cell clusters, related to Figure S2, Figures 2-4.	F:/pan-gi-ici-ccc-20260709/GSE205506/supplement/mmc3.xlsx	28AA8BC71620AE3B667D0243891B631DA3B8EB1576108C88463B2F66979EAC80
T_I_NK cell markers	CD4+Tfh	6	FKBP5	"FKBP5"	1.45520247653517	1.34155016239287e-173	3.35870498656678e-169	0.628	0.174	Supplementary Table 2. Marker genes for T/I/NK cell clusters, related to Figure S2, Figures 2-4.	F:/pan-gi-ici-ccc-20260709/GSE205506/supplement/mmc3.xlsx	28AA8BC71620AE3B667D0243891B631DA3B8EB1576108C88463B2F66979EAC80
T_I_NK cell markers	CD4+Tfh	7	GNG4	"GNG4"	1.44305363631371	0	0	0.308	0.011	Supplementary Table 2. Marker genes for T/I/NK cell clusters, related to Figure S2, Figures 2-4.	F:/pan-gi-ici-ccc-20260709/GSE205506/supplement/mmc3.xlsx	28AA8BC71620AE3B667D0243891B631DA3B8EB1576108C88463B2F66979EAC80
T_I_NK cell markers	CD4+Tfh	8	ITM2A	"ITM2A"	1.34169457533905	9.95171856111741e-112	2.49151225896135e-107	0.858	0.456	Supplementary Table 2. Marker genes for T/I/NK cell clusters, related to Figure S2, Figures 2-4.	F:/pan-gi-ici-ccc-20260709/GSE205506/supplement/mmc3.xlsx	28AA8BC71620AE3B667D0243891B631DA3B8EB1576108C88463B2F66979EAC80
T_I_NK cell markers	CD4+Tfh	9	IL6ST	"IL6ST"	1.31972948473708	6.5192494369373e-180	1.63215928903162e-175	0.486	0.101	Supplementary Table 2. Marker genes for T/I/NK cell clusters, related to Figure S2, Figures 2-4.	F:/pan-gi-ici-ccc-20260709/GSE205506/supplement/mmc3.xlsx	28AA8BC71620AE3B667D0243891B631DA3B8EB1576108C88463B2F66979EAC80
T_I_NK cell markers	CD4+Tfh	10	CD200	"CD200"	1.30908680442506	0	0	0.253	0.015	Supplementary Table 2. Marker genes for T/I/NK cell clusters, related to Figure S2, Figures 2-4.	F:/pan-gi-ici-ccc-20260709/GSE205506/supplement/mmc3.xlsx	28AA8BC71620AE3B667D0243891B631DA3B8EB1576108C88463B2F66979EAC80
T_I_NK cell markers	CD4+Tfh	11	FABP5	"FABP5"	1.30626489647228	4.82003769379382e-57	1.20674463701822e-52	0.494	0.215	Supplementary Table 2. Marker genes for T/I/NK cell clusters, related to Figure S2, Figures 2-4.	F:/pan-gi-ici-ccc-20260709/GSE205506/supplement/mmc3.xlsx	28AA8BC71620AE3B667D0243891B631DA3B8EB1576108C88463B2F66979EAC80
T_I_NK cell markers	CD4+Tfh	12	CHI3L2	"CHI3L2"	1.28108740566738	1.38285434058135e-158	3.46211412707947e-154	0.308	0.048	Supplementary Table 2. Marker genes for T/I/NK cell clusters, related to Figure S2, Figures 2-4.	F:/pan-gi-ici-ccc-20260709/GSE205506/supplement/mmc3.xlsx	28AA8BC71620AE3B667D0243891B631DA3B8EB1576108C88463B2F66979EAC80
T_I_NK cell markers	CD4+Tfh	13	DRAIC	"DRAIC"	1.25319704450075	0	0	0.315	0.017	Supplementary Table 2. Marker genes for T/I/NK cell clusters, related to Figure S2, Figures 2-4.	F:/pan-gi-ici-ccc-20260709/GSE205506/supplement/mmc3.xlsx	28AA8BC71620AE3B667D0243891B631DA3B8EB1576108C88463B2F66979EAC80
T_I_NK cell markers	CD4+Tfh	14	CORO1B	"CORO1B"	1.23571343085604	1.42058100581001e-108	3.55656660614595e-104	0.576	0.202	Supplementary Table 2. Marker genes for T/I/NK cell clusters, related to Figure S2, Figures 2-4.	F:/pan-gi-ici-ccc-20260709/GSE205506/supplement/mmc3.xlsx	28AA8BC71620AE3B667D0243891B631DA3B8EB1576108C88463B2F66979EAC80
T_I_NK cell markers	CD4+Tfh	15	MAF	"MAF"	1.19778199579927	3.08581905574369e-116	7.7256565879599e-112	0.574	0.183	Supplementary Table 2. Marker genes for T/I/NK cell clusters, related to Figure S2, Figures 2-4.	F:/pan-gi-ici-ccc-20260709/GSE205506/supplement/mmc3.xlsx	28AA8BC71620AE3B667D0243891B631DA3B8EB1576108C88463B2F66979EAC80
T_I_NK cell markers	CD4+Tfh	16	SMCO4	"SMCO4"	1.17294942143359	1.1473394458849e-201	2.87247903671743e-197	0.386	0.06	Supplementary Table 2. Marker genes for T/I/NK cell clusters, related to Figure S2, Figures 2-4.	F:/pan-gi-ici-ccc-20260709/GSE205506/supplement/mmc3.xlsx	28AA8BC71620AE3B667D0243891B631DA3B8EB1576108C88463B2F66979EAC80
T_I_NK cell markers	CD4+Tfh	17	TIGIT	"TIGIT"	1.06482911336281	1.80009123190024e-84	4.50670840818544e-80	0.656	0.284	Supplementary Table 2. Marker genes for T/I/NK cell clusters, related to Figure S2, Figures 2-4.	F:/pan-gi-ici-ccc-20260709/GSE205506/supplement/mmc3.xlsx	28AA8BC71620AE3B667D0243891B631DA3B8EB1576108C88463B2F66979EAC80
T_I_NK cell markers	CD4+Tfh	18	PPP1CC	"PPP1CC"	1.06293051297044	2.59760313496744e-86	6.50335920870447e-82	0.552	0.209	Supplementary Table 2. Marker genes for T/I/NK cell clusters, related to Figure S2, Figures 2-4.	F:/pan-gi-ici-ccc-20260709/GSE205506/supplement/mmc3.xlsx	28AA8BC71620AE3B667D0243891B631DA3B8EB1576108C88463B2F66979EAC80
T_I_NK cell markers	CD4+Tfh	19	SRGN	"SRGN"	1.0487725770709	1.38262872426529e-73	3.46154927407059e-69	0.964	0.801	Supplementary Table 2. Marker genes for T/I/NK cell clusters, related to Figure S2, Figures 2-4.	F:/pan-gi-ici-ccc-20260709/GSE205506/supplement/mmc3.xlsx	28AA8BC71620AE3B667D0243891B631DA3B8EB1576108C88463B2F66979EAC80
T_I_NK cell markers	CD4+Tfh	20	C9orf16	"C9orf16"	1.04868685395167	6.75564811211429e-75	1.69134406134893e-70	0.718	0.385	Supplementary Table 2. Marker genes for T/I/NK cell clusters, related to Figure S2, Figures 2-4.	F:/pan-gi-ici-ccc-20260709/GSE205506/supplement/mmc3.xlsx	28AA8BC71620AE3B667D0243891B631DA3B8EB1576108C88463B2F66979EAC80
T_I_NK cell markers	CD4+Tfh	21	NR3C1	"NR3C1"	1.03634629611046	6.67099554932623e-79	1.67015044572931e-74	0.592	0.246	Supplementary Table 2. Marker genes for T/I/NK cell clusters, related to Figure S2, Figures 2-4.	F:/pan-gi-ici-ccc-20260709/GSE205506/supplement/mmc3.xlsx	28AA8BC71620AE3B667D0243891B631DA3B8EB1576108C88463B2F66979EAC80
T_I_NK cell markers	CD4+Tfh	22	RILPL2	"RILPL2"	0.974602929244568	9.25771906454158e-78	2.31776254499863e-73	0.395	0.123	Supplementary Table 2. Marker genes for T/I/NK cell clusters, related to Figure S2, Figures 2-4.	F:/pan-gi-ici-ccc-20260709/GSE205506/supplement/mmc3.xlsx	28AA8BC71620AE3B667D0243891B631DA3B8EB1576108C88463B2F66979EAC80
T_I_NK cell markers	CD4+Tfh	23	LIMS1	"LIMS1"	0.957319074613918	1.47127213997995e-74	3.68347692965381e-70	0.568	0.236	Supplementary Table 2. Marker genes for T/I/NK cell clusters, related to Figure S2, Figures 2-4.	F:/pan-gi-ici-ccc-20260709/GSE205506/supplement/mmc3.xlsx	28AA8BC71620AE3B667D0243891B631DA3B8EB1576108C88463B2F66979EAC80
T_I_NK cell markers	CD4+Tfh	24	SH2D1A	"SH2D1A"	0.954982577153771	1.07328294864382e-74	2.68707119022467e-70	0.517	0.194	Supplementary Table 2. Marker genes for T/I/NK cell clusters, related to Figure S2, Figures 2-4.	F:/pan-gi-ici-ccc-20260709/GSE205506/supplement/mmc3.xlsx	28AA8BC71620AE3B667D0243891B631DA3B8EB1576108C88463B2F66979EAC80
T_I_NK cell markers	CD4+Tfh	25	TCF7	"TCF7"	0.940603400462335	2.70350754009393e-74	6.76850147737916e-70	0.506	0.189	Supplementary Table 2. Marker genes for T/I/NK cell clusters, related to Figure S2, Figures 2-4.	F:/pan-gi-ici-ccc-20260709/GSE205506/supplement/mmc3.xlsx	28AA8BC71620AE3B667D0243891B631DA3B8EB1576108C88463B2F66979EAC80
T_I_NK cell markers	CD4+Tfh	26	ADD3	"ADD3"	0.938293082904391	6.30818856441544e-66	1.57931808898705e-61	0.448	0.168	Supplementary Table 2. Marker genes for T/I/NK cell clusters, related to Figure S2, Figures 2-4.	F:/pan-gi-ici-ccc-20260709/GSE205506/supplement/mmc3.xlsx	28AA8BC71620AE3B667D0243891B631DA3B8EB1576108C88463B2F66979EAC80
T_I_NK cell markers	CD4+Tfh	27	UCP2	"UCP2"	0.930208282320327	1.98432332483712e-62	4.96795187606222e-58	0.585	0.272	Supplementary Table 2. Marker genes for T/I/NK cell clusters, related to Figure S2, Figures 2-4.	F:/pan-gi-ici-ccc-20260709/GSE205506/supplement/mmc3.xlsx	28AA8BC71620AE3B667D0243891B631DA3B8EB1576108C88463B2F66979EAC80
T_I_NK cell markers	CD4+Tfh	28	PHACTR2	"PHACTR2"	0.927989818238006	1.4887281723132e-78	3.72717985220332e-74	0.459	0.156	Supplementary Table 2. Marker genes for T/I/NK cell clusters, related to Figure S2, Figures 2-4.	F:/pan-gi-ici-ccc-20260709/GSE205506/supplement/mmc3.xlsx	28AA8BC71620AE3B667D0243891B631DA3B8EB1576108C88463B2F66979EAC80
T_I_NK cell markers	CD4+Tfh	29	ARMH1	"ARMH1"	0.91864296195044	1.84118035897104e-133	4.6095791467199e-129	0.253	0.038	Supplementary Table 2. Marker genes for T/I/NK cell clusters, related to Figure S2, Figures 2-4.	F:/pan-gi-ici-ccc-20260709/GSE205506/supplement/mmc3.xlsx	28AA8BC71620AE3B667D0243891B631DA3B8EB1576108C88463B2F66979EAC80
T_I_NK cell markers	CD4+Tfh	30	RNF19A	"RNF19A"	0.905172042655507	1.261508970553e-81	3.15831385867648e-77	0.57	0.218	Supplementary Table 2. Marker genes for T/I/NK cell clusters, related to Figure S2, Figures 2-4.	F:/pan-gi-ici-ccc-20260709/GSE205506/supplement/mmc3.xlsx	28AA8BC71620AE3B667D0243891B631DA3B8EB1576108C88463B2F66979EAC80
T_I_NK cell markers	CD4+Tfh	31	LAT	"LAT"	0.887649893276139	8.65429801108221e-57	2.16669005005454e-52	0.647	0.341	Supplementary Table 2. Marker genes for T/I/NK cell clusters, related to Figure S2, Figures 2-4.	F:/pan-gi-ici-ccc-20260709/GSE205506/supplement/mmc3.xlsx	28AA8BC71620AE3B667D0243891B631DA3B8EB1576108C88463B2F66979EAC80
T_I_NK cell markers	CD4+Tfh	32	NFATC1	"NFATC1"	0.877930234458411	3.71541637271829e-98	9.3019164307375e-94	0.26	0.051	Supplementary Table 2. Marker genes for T/I/NK cell clusters, related to Figure S2, Figures 2-4.	F:/pan-gi-ici-ccc-20260709/GSE205506/supplement/mmc3.xlsx	28AA8BC71620AE3B667D0243891B631DA3B8EB1576108C88463B2F66979EAC80
T_I_NK cell markers	CD4+Tfh	33	CD40LG	"CD40LG"	0.854040017881857	2.25801929324751e-81	5.65317710257447e-77	0.333	0.088	Supplementary Table 2. Marker genes for T/I/NK cell clusters, related to Figure S2, Figures 2-4.	F:/pan-gi-ici-ccc-20260709/GSE205506/supplement/mmc3.xlsx	28AA8BC71620AE3B667D0243891B631DA3B8EB1576108C88463B2F66979EAC80
T_I_NK cell markers	CD4+Tfh	34	PASK	"PASK"	0.830091069409937	3.52547900513147e-67	8.82638923724715e-63	0.277	0.075	Supplementary Table 2. Marker genes for T/I/NK cell clusters, related to Figure S2, Figures 2-4.	F:/pan-gi-ici-ccc-20260709/GSE205506/supplement/mmc3.xlsx	28AA8BC71620AE3B667D0243891B631DA3B8EB1576108C88463B2F66979EAC80
T_I_NK cell markers	CD4+Tfh	35	TBC1D4	"TBC1D4"	0.826363969725194	2.58029632923692e-77	6.46002988987756e-73	0.368	0.107	Supplementary Table 2. Marker genes for T/I/NK cell clusters, related to Figure S2, Figures 2-4.	F:/pan-gi-ici-ccc-20260709/GSE205506/supplement/mmc3.xlsx	28AA8BC71620AE3B667D0243891B631DA3B8EB1576108C88463B2F66979EAC80
T_I_NK cell markers	CD4+Tfh	36	PKM	"PKM"	0.805607702793445	2.30282258678198e-34	5.76534662826737e-30	0.599	0.368	Supplementary Table 2. Marker genes for T/I/NK cell clusters, related to Figure S2, Figures 2-4.	F:/pan-gi-ici-ccc-20260709/GSE205506/supplement/mmc3.xlsx	28AA8BC71620AE3B667D0243891B631DA3B8EB1576108C88463B2F66979EAC80
T_I_NK cell markers	CD4+Tfh	37	ST8SIA1	"ST8SIA1"	0.793599401526906	1.41118961275717e-84	3.53305431449886e-80	0.281	0.065	Supplementary Table 2. Marker genes for T/I/NK cell clusters, related to Figure S2, Figures 2-4.	F:/pan-gi-ici-ccc-20260709/GSE205506/supplement/mmc3.xlsx	28AA8BC71620AE3B667D0243891B631DA3B8EB1576108C88463B2F66979EAC80
T_I_NK cell markers	CD4+Tfh	38	TNFRSF4	"TNFRSF4"	0.770063489772921	4.23316328291152e-76	1.05981475950973e-71	0.461	0.155	Supplementary Table 2. Marker genes for T/I/NK cell clusters, related to Figure S2, Figures 2-4.	F:/pan-gi-ici-ccc-20260709/GSE205506/supplement/mmc3.xlsx	28AA8BC71620AE3B667D0243891B631DA3B8EB1576108C88463B2F66979EAC80
T_I_NK cell markers	CD4+Tfh	39	CNIH1	"CNIH1"	0.768614846150669	2.59228695540304e-65	6.49004962154706e-61	0.373	0.123	Supplementary Table 2. Marker genes for T/I/NK cell clusters, related to Figure S2, Figures 2-4.	F:/pan-gi-ici-ccc-20260709/GSE205506/supplement/mmc3.xlsx	28AA8BC71620AE3B667D0243891B631DA3B8EB1576108C88463B2F66979EAC80
T_I_NK cell markers	CD4+Tfh	40	SESN3	"SESN3"	0.741933298353274	2.93045633821973e-71	7.33669048836691e-67	0.268	0.067	Supplementary Table 2. Marker genes for T/I/NK cell clusters, related to Figure S2, Figures 2-4.	F:/pan-gi-ici-ccc-20260709/GSE205506/supplement/mmc3.xlsx	28AA8BC71620AE3B667D0243891B631DA3B8EB1576108C88463B2F66979EAC80
T_I_NK cell markers	CD4+Tfh	41	COTL1	"COTL1"	0.737939284098546	1.11966207018588e-51	2.80318595891736e-47	0.887	0.636	Supplementary Table 2. Marker genes for T/I/NK cell clusters, related to Figure S2, Figures 2-4.	F:/pan-gi-ici-ccc-20260709/GSE205506/supplement/mmc3.xlsx	28AA8BC71620AE3B667D0243891B631DA3B8EB1576108C88463B2F66979EAC80
T_I_NK cell markers	CD4+Tfh	42	MSI2	"MSI2"	0.726205604498432	2.56087757328626e-47	6.41141309247949e-43	0.435	0.183	Supplementary Table 2. Marker genes for T/I/NK cell clusters, related to Figure S2, Figures 2-4.	F:/pan-gi-ici-ccc-20260709/GSE205506/supplement/mmc3.xlsx	28AA8BC71620AE3B667D0243891B631DA3B8EB1576108C88463B2F66979EAC80
T_I_NK cell markers	CD4+Tfh	43	CD4	"CD4"	0.713653733562031	3.43250420687518e-64	8.59361753233269e-60	0.362	0.117	Supplementary Table 2. Marker genes for T/I/NK cell clusters, related to Figure S2, Figures 2-4.	F:/pan-gi-ici-ccc-20260709/GSE205506/supplement/mmc3.xlsx	28AA8BC71620AE3B667D0243891B631DA3B8EB1576108C88463B2F66979EAC80
T_I_NK cell markers	CD4+Tfh	44	ICOS	"ICOS"	0.703475631665183	3.92017020029073e-54	9.81453811344788e-50	0.328	0.11	Supplementary Table 2. Marker genes for T/I/NK cell clusters, related to Figure S2, Figures 2-4.	F:/pan-gi-ici-ccc-20260709/GSE205506/supplement/mmc3.xlsx	28AA8BC71620AE3B667D0243891B631DA3B8EB1576108C88463B2F66979EAC80
T_I_NK cell markers	CD4+Tfh	45	TMEM123	"TMEM123"	0.696967509869935	6.88877170241794e-36	1.72467288341736e-31	0.452	0.222	Supplementary Table 2. Marker genes for T/I/NK cell clusters, related to Figure S2, Figures 2-4.	F:/pan-gi-ici-ccc-20260709/GSE205506/supplement/mmc3.xlsx	28AA8BC71620AE3B667D0243891B631DA3B8EB1576108C88463B2F66979EAC80
T_I_NK cell markers	CD4+Tfh	46	VOPP1	"VOPP1"	0.696766311540404	1.02828882344578e-46	2.57442389837885e-42	0.39	0.159	Supplementary Table 2. Marker genes for T/I/NK cell clusters, related to Figure S2, Figures 2-4.	F:/pan-gi-ici-ccc-20260709/GSE205506/supplement/mmc3.xlsx	28AA8BC71620AE3B667D0243891B631DA3B8EB1576108C88463B2F66979EAC80
T_I_NK cell markers	CD4+Tfh	47	TOX	"TOX"	0.693548041770296	3.50048811506314e-54	8.76382204487209e-50	0.322	0.106	Supplementary Table 2. Marker genes for T/I/NK cell clusters, related to Figure S2, Figures 2-4.	F:/pan-gi-ici-ccc-20260709/GSE205506/supplement/mmc3.xlsx	28AA8BC71620AE3B667D0243891B631DA3B8EB1576108C88463B2F66979EAC80
T_I_NK cell markers	CD4+Tfh	48	CTLA4	"CTLA4"	0.689878802428974	3.12833052067583e-65	7.83208829156401e-61	0.435	0.151	Supplementary Table 2. Marker genes for T/I/NK cell clusters, related to Figure S2, Figures 2-4.	F:/pan-gi-ici-ccc-20260709/GSE205506/supplement/mmc3.xlsx	28AA8BC71620AE3B667D0243891B631DA3B8EB1576108C88463B2F66979EAC80
T_I_NK cell markers	CD4+Tfh	49	H2AFZ	"H2AFZ"	0.687093230485195	1.39664656396302e-29	3.49664433753782e-25	0.719	0.473	Supplementary Table 2. Marker genes for T/I/NK cell clusters, related to Figure S2, Figures 2-4.	F:/pan-gi-ici-ccc-20260709/GSE205506/supplement/mmc3.xlsx	28AA8BC71620AE3B667D0243891B631DA3B8EB1576108C88463B2F66979EAC80
T_I_NK cell markers	CD4+Tfh	50	FAM107B	"FAM107B"	0.676665595100967	9.36570977188503e-35	2.34479909848914e-30	0.515	0.276	Supplementary Table 2. Marker genes for T/I/NK cell clusters, related to Figure S2, Figures 2-4.	F:/pan-gi-ici-ccc-20260709/GSE205506/supplement/mmc3.xlsx	28AA8BC71620AE3B667D0243891B631DA3B8EB1576108C88463B2F66979EAC80
T_I_NK cell markers	CD4+Th	1	IL7R	"IL7R"	1.46433179515442	0	0	0.766	0.372	Supplementary Table 2. Marker genes for T/I/NK cell clusters, related to Figure S2, Figures 2-4.	F:/pan-gi-ici-ccc-20260709/GSE205506/supplement/mmc3.xlsx	28AA8BC71620AE3B667D0243891B631DA3B8EB1576108C88463B2F66979EAC80
T_I_NK cell markers	CD4+Th	2	CD40LG	"CD40LG"	1.03640220263811	0	0	0.294	0.064	Supplementary Table 2. Marker genes for T/I/NK cell clusters, related to Figure S2, Figures 2-4.	F:/pan-gi-ici-ccc-20260709/GSE205506/supplement/mmc3.xlsx	28AA8BC71620AE3B667D0243891B631DA3B8EB1576108C88463B2F66979EAC80
T_I_NK cell markers	CD4+Th	3	GPR183	"GPR183"	0.798701390114097	3.78985092472109e-175	9.48827077513172e-171	0.303	0.123	Supplementary Table 2. Marker genes for T/I/NK cell clusters, related to Figure S2, Figures 2-4.	F:/pan-gi-ici-ccc-20260709/GSE205506/supplement/mmc3.xlsx	28AA8BC71620AE3B667D0243891B631DA3B8EB1576108C88463B2F66979EAC80
T_I_NK cell markers	CD4+Th	4	KLRB1	"KLRB1"	0.721921290616552	1.01180070152469e-143	2.53314423633721e-139	0.58	0.361	Supplementary Table 2. Marker genes for T/I/NK cell clusters, related to Figure S2, Figures 2-4.	F:/pan-gi-ici-ccc-20260709/GSE205506/supplement/mmc3.xlsx	28AA8BC71620AE3B667D0243891B631DA3B8EB1576108C88463B2F66979EAC80
T_I_NK cell markers	CD4+Th	5	TCF7	"TCF7"	0.699160689226957	5.00327684213594e-135	1.25262039019715e-130	0.347	0.173	Supplementary Table 2. Marker genes for T/I/NK cell clusters, related to Figure S2, Figures 2-4.	F:/pan-gi-ici-ccc-20260709/GSE205506/supplement/mmc3.xlsx	28AA8BC71620AE3B667D0243891B631DA3B8EB1576108C88463B2F66979EAC80
T_I_NK cell markers	CD4+Th	6	FXYD5	"FXYD5"	0.658953795162871	6.79325089163835e-145	1.70075829323058e-140	0.616	0.43	Supplementary Table 2. Marker genes for T/I/NK cell clusters, related to Figure S2, Figures 2-4.	F:/pan-gi-ici-ccc-20260709/GSE205506/supplement/mmc3.xlsx	28AA8BC71620AE3B667D0243891B631DA3B8EB1576108C88463B2F66979EAC80
T_I_NK cell markers	CD4+Th	7	LTB	"LTB"	0.649529217161267	5.33043174892211e-204	1.33452689266014e-199	0.64	0.367	Supplementary Table 2. Marker genes for T/I/NK cell clusters, related to Figure S2, Figures 2-4.	F:/pan-gi-ici-ccc-20260709/GSE205506/supplement/mmc3.xlsx	28AA8BC71620AE3B667D0243891B631DA3B8EB1576108C88463B2F66979EAC80
T_I_NK cell markers	CD4+Th	8	TXNIP	"TXNIP"	0.627552569183952	1.93374590424526e-104	4.84132624586843e-100	0.776	0.641	Supplementary Table 2. Marker genes for T/I/NK cell clusters, related to Figure S2, Figures 2-4.	F:/pan-gi-ici-ccc-20260709/GSE205506/supplement/mmc3.xlsx	28AA8BC71620AE3B667D0243891B631DA3B8EB1576108C88463B2F66979EAC80
T_I_NK cell markers	CD4+Th	9	RPL9	"RPL9"	0.624561127784381	0	0	0.993	0.952	Supplementary Table 2. Marker genes for T/I/NK cell clusters, related to Figure S2, Figures 2-4.	F:/pan-gi-ici-ccc-20260709/GSE205506/supplement/mmc3.xlsx	28AA8BC71620AE3B667D0243891B631DA3B8EB1576108C88463B2F66979EAC80
T_I_NK cell markers	CD4+Th	10	RPS3A	"RPS3A"	0.623564423331526	0	0	0.997	0.969	Supplementary Table 2. Marker genes for T/I/NK cell clusters, related to Figure S2, Figures 2-4.	F:/pan-gi-ici-ccc-20260709/GSE205506/supplement/mmc3.xlsx	28AA8BC71620AE3B667D0243891B631DA3B8EB1576108C88463B2F66979EAC80
T_I_NK cell markers	CD4+Th	11	EEF1B2	"EEF1B2"	0.617059314596065	9.92257576723876e-211	2.48421606908589e-206	0.879	0.741	Supplementary Table 2. Marker genes for T/I/NK cell clusters, related to Figure S2, Figures 2-4.	F:/pan-gi-ici-ccc-20260709/GSE205506/supplement/mmc3.xlsx	28AA8BC71620AE3B667D0243891B631DA3B8EB1576108C88463B2F66979EAC80
T_I_NK cell markers	CD4+Th	12	RPS6	"RPS6"	0.597874003851212	0	0	0.994	0.955	Supplementary Table 2. Marker genes for T/I/NK cell clusters, related to Figure S2, Figures 2-4.	F:/pan-gi-ici-ccc-20260709/GSE205506/supplement/mmc3.xlsx	28AA8BC71620AE3B667D0243891B631DA3B8EB1576108C88463B2F66979EAC80
T_I_NK cell markers	CD4+Th	13	RPL32	"RPL32"	0.59077929836362	0	0	0.998	0.985	Supplementary Table 2. Marker genes for T/I/NK cell clusters, related to Figure S2, Figures 2-4.	F:/pan-gi-ici-ccc-20260709/GSE205506/supplement/mmc3.xlsx	28AA8BC71620AE3B667D0243891B631DA3B8EB1576108C88463B2F66979EAC80
T_I_NK cell markers	CD4+Th	14	RPL30	"RPL30"	0.584919215489734	0	0	0.996	0.979	Supplementary Table 2. Marker genes for T/I/NK cell clusters, related to Figure S2, Figures 2-4.	F:/pan-gi-ici-ccc-20260709/GSE205506/supplement/mmc3.xlsx	28AA8BC71620AE3B667D0243891B631DA3B8EB1576108C88463B2F66979EAC80
T_I_NK cell markers	CD4+Th	15	RPL11	"RPL11"	0.583929534465904	0	0	0.997	0.984	Supplementary Table 2. Marker genes for T/I/NK cell clusters, related to Figure S2, Figures 2-4.	F:/pan-gi-ici-ccc-20260709/GSE205506/supplement/mmc3.xlsx	28AA8BC71620AE3B667D0243891B631DA3B8EB1576108C88463B2F66979EAC80
T_I_NK cell markers	CD4+Th	16	TPT1	"TPT1"	0.578733712188122	0	0	0.998	0.988	Supplementary Table 2. Marker genes for T/I/NK cell clusters, related to Figure S2, Figures 2-4.	F:/pan-gi-ici-ccc-20260709/GSE205506/supplement/mmc3.xlsx	28AA8BC71620AE3B667D0243891B631DA3B8EB1576108C88463B2F66979EAC80
T_I_NK cell markers	CD4+Th	17	RPS8	"RPS8"	0.575829551093947	0	0	0.994	0.968	Supplementary Table 2. Marker genes for T/I/NK cell clusters, related to Figure S2, Figures 2-4.	F:/pan-gi-ici-ccc-20260709/GSE205506/supplement/mmc3.xlsx	28AA8BC71620AE3B667D0243891B631DA3B8EB1576108C88463B2F66979EAC80
T_I_NK cell markers	CD4+Th	18	RPL34	"RPL34"	0.567704548936288	1.70561482517452e-273	4.27017727630692e-269	0.993	0.964	Supplementary Table 2. Marker genes for T/I/NK cell clusters, related to Figure S2, Figures 2-4.	F:/pan-gi-ici-ccc-20260709/GSE205506/supplement/mmc3.xlsx	28AA8BC71620AE3B667D0243891B631DA3B8EB1576108C88463B2F66979EAC80
T_I_NK cell markers	CD4+Th	19	LDHB	"LDHB"	0.563953076130431	1.22728244919627e-108	3.07262433980777e-104	0.657	0.505	Supplementary Table 2. Marker genes for T/I/NK cell clusters, related to Figure S2, Figures 2-4.	F:/pan-gi-ici-ccc-20260709/GSE205506/supplement/mmc3.xlsx	28AA8BC71620AE3B667D0243891B631DA3B8EB1576108C88463B2F66979EAC80
T_I_NK cell markers	CD4+Th	20	RPL3	"RPL3"	0.562380722641876	0	0	0.993	0.953	Supplementary Table 2. Marker genes for T/I/NK cell clusters, related to Figure S2, Figures 2-4.	F:/pan-gi-ici-ccc-20260709/GSE205506/supplement/mmc3.xlsx	28AA8BC71620AE3B667D0243891B631DA3B8EB1576108C88463B2F66979EAC80
T_I_NK cell markers	CD4+Th	21	RPL22	"RPL22"	0.558882274746942	1.86711568838427e-238	4.67451083743887e-234	0.946	0.845	Supplementary Table 2. Marker genes for T/I/NK cell clusters, related to Figure S2, Figures 2-4.	F:/pan-gi-ici-ccc-20260709/GSE205506/supplement/mmc3.xlsx	28AA8BC71620AE3B667D0243891B631DA3B8EB1576108C88463B2F66979EAC80
T_I_NK cell markers	CD4+Th	22	EEF1A1	"EEF1A1"	0.558744065737278	0	0	1	0.993	Supplementary Table 2. Marker genes for T/I/NK cell clusters, related to Figure S2, Figures 2-4.	F:/pan-gi-ici-ccc-20260709/GSE205506/supplement/mmc3.xlsx	28AA8BC71620AE3B667D0243891B631DA3B8EB1576108C88463B2F66979EAC80
T_I_NK cell markers	CD4+Th	23	RPL21	"RPL21"	0.549052283870933	2.56572809843481e-264	6.4235568672414e-260	0.991	0.948	Supplementary Table 2. Marker genes for T/I/NK cell clusters, related to Figure S2, Figures 2-4.	F:/pan-gi-ici-ccc-20260709/GSE205506/supplement/mmc3.xlsx	28AA8BC71620AE3B667D0243891B631DA3B8EB1576108C88463B2F66979EAC80
T_I_NK cell markers	CD4+Th	24	RPS12	"RPS12"	0.541415908259108	0	0	0.999	0.983	Supplementary Table 2. Marker genes for T/I/NK cell clusters, related to Figure S2, Figures 2-4.	F:/pan-gi-ici-ccc-20260709/GSE205506/supplement/mmc3.xlsx	28AA8BC71620AE3B667D0243891B631DA3B8EB1576108C88463B2F66979EAC80
T_I_NK cell markers	CD4+Th	25	FKBP5	"FKBP5"	0.534133157653102	2.80532907340657e-57	7.02342186818068e-53	0.278	0.17	Supplementary Table 2. Marker genes for T/I/NK cell clusters, related to Figure S2, Figures 2-4.	F:/pan-gi-ici-ccc-20260709/GSE205506/supplement/mmc3.xlsx	28AA8BC71620AE3B667D0243891B631DA3B8EB1576108C88463B2F66979EAC80
T_I_NK cell markers	CD4+Th	26	RPS13	"RPS13"	0.529087745722094	2.43502681189235e-298	6.0963331262537e-294	0.989	0.948	Supplementary Table 2. Marker genes for T/I/NK cell clusters, related to Figure S2, Figures 2-4.	F:/pan-gi-ici-ccc-20260709/GSE205506/supplement/mmc3.xlsx	28AA8BC71620AE3B667D0243891B631DA3B8EB1576108C88463B2F66979EAC80
T_I_NK cell markers	CD4+Th	27	RPS27A	"RPS27A"	0.526719905749194	0	0	0.999	0.984	Supplementary Table 2. Marker genes for T/I/NK cell clusters, related to Figure S2, Figures 2-4.	F:/pan-gi-ici-ccc-20260709/GSE205506/supplement/mmc3.xlsx	28AA8BC71620AE3B667D0243891B631DA3B8EB1576108C88463B2F66979EAC80
T_I_NK cell markers	CD4+Th	28	RPS4X	"RPS4X"	0.522163569326855	1.03411098217737e-304	2.58900025497927e-300	0.998	0.975	Supplementary Table 2. Marker genes for T/I/NK cell clusters, related to Figure S2, Figures 2-4.	F:/pan-gi-ici-ccc-20260709/GSE205506/supplement/mmc3.xlsx	28AA8BC71620AE3B667D0243891B631DA3B8EB1576108C88463B2F66979EAC80
T_I_NK cell markers	CD4+Th	29	GIMAP4	"GIMAP4"	0.521114326227438	4.82530036781864e-89	1.20806220008708e-84	0.531	0.369	Supplementary Table 2. Marker genes for T/I/NK cell clusters, related to Figure S2, Figures 2-4.	F:/pan-gi-ici-ccc-20260709/GSE205506/supplement/mmc3.xlsx	28AA8BC71620AE3B667D0243891B631DA3B8EB1576108C88463B2F66979EAC80
T_I_NK cell markers	CD4+Th	30	FYB1	"FYB1"	0.517686627507609	1.71446271484538e-95	4.29232885288689e-91	0.744	0.629	Supplementary Table 2. Marker genes for T/I/NK cell clusters, related to Figure S2, Figures 2-4.	F:/pan-gi-ici-ccc-20260709/GSE205506/supplement/mmc3.xlsx	28AA8BC71620AE3B667D0243891B631DA3B8EB1576108C88463B2F66979EAC80
T_I_NK cell markers	CD4+Th	31	RPL7	"RPL7"	0.513482802665457	5.8803739959441e-210	1.47221043362457e-205	0.963	0.892	Supplementary Table 2. Marker genes for T/I/NK cell clusters, related to Figure S2, Figures 2-4.	F:/pan-gi-ici-ccc-20260709/GSE205506/supplement/mmc3.xlsx	28AA8BC71620AE3B667D0243891B631DA3B8EB1576108C88463B2F66979EAC80
T_I_NK cell markers	CD4+Th	32	RPL19	"RPL19"	0.504761389719637	0	0	0.994	0.977	Supplementary Table 2. Marker genes for T/I/NK cell clusters, related to Figure S2, Figures 2-4.	F:/pan-gi-ici-ccc-20260709/GSE205506/supplement/mmc3.xlsx	28AA8BC71620AE3B667D0243891B631DA3B8EB1576108C88463B2F66979EAC80
T_I_NK cell markers	CD4+Th	33	RPL5	"RPL5"	0.502649611329487	3.3015288258567e-229	8.26570756841484e-225	0.976	0.908	Supplementary Table 2. Marker genes for T/I/NK cell clusters, related to Figure S2, Figures 2-4.	F:/pan-gi-ici-ccc-20260709/GSE205506/supplement/mmc3.xlsx	28AA8BC71620AE3B667D0243891B631DA3B8EB1576108C88463B2F66979EAC80
T_I_NK cell markers	CD4+Th	34	RPS3	"RPS3"	0.502552856797458	0	0	0.998	0.982	Supplementary Table 2. Marker genes for T/I/NK cell clusters, related to Figure S2, Figures 2-4.	F:/pan-gi-ici-ccc-20260709/GSE205506/supplement/mmc3.xlsx	28AA8BC71620AE3B667D0243891B631DA3B8EB1576108C88463B2F66979EAC80
T_I_NK cell markers	CD4+Th	35	RPS23	"RPS23"	0.50171398529706	3.87686856073883e-307	9.70612812866572e-303	0.993	0.968	Supplementary Table 2. Marker genes for T/I/NK cell clusters, related to Figure S2, Figures 2-4.	F:/pan-gi-ici-ccc-20260709/GSE205506/supplement/mmc3.xlsx	28AA8BC71620AE3B667D0243891B631DA3B8EB1576108C88463B2F66979EAC80
T_I_NK cell markers	CD4+Th	36	PIK3IP1	"PIK3IP1"	0.49992783555274	2.52134284348675e-67	6.31243394295342e-63	0.421	0.288	Supplementary Table 2. Marker genes for T/I/NK cell clusters, related to Figure S2, Figures 2-4.	F:/pan-gi-ici-ccc-20260709/GSE205506/supplement/mmc3.xlsx	28AA8BC71620AE3B667D0243891B631DA3B8EB1576108C88463B2F66979EAC80
T_I_NK cell markers	CD4+Th	37	GIMAP7	"GIMAP7"	0.498502790272769	2.13163075139411e-81	5.33675074919028e-77	0.55	0.395	Supplementary Table 2. Marker genes for T/I/NK cell clusters, related to Figure S2, Figures 2-4.	F:/pan-gi-ici-ccc-20260709/GSE205506/supplement/mmc3.xlsx	28AA8BC71620AE3B667D0243891B631DA3B8EB1576108C88463B2F66979EAC80
T_I_NK cell markers	CD4+Th	38	RPS14	"RPS14"	0.496930134147926	0	0	0.998	0.986	Supplementary Table 2. Marker genes for T/I/NK cell clusters, related to Figure S2, Figures 2-4.	F:/pan-gi-ici-ccc-20260709/GSE205506/supplement/mmc3.xlsx	28AA8BC71620AE3B667D0243891B631DA3B8EB1576108C88463B2F66979EAC80
T_I_NK cell markers	CD4+Th	39	RPS18	"RPS18"	0.493085811234124	9.71481128790724e-297	2.43220015404046e-292	0.998	0.981	Supplementary Table 2. Marker genes for T/I/NK cell clusters, related to Figure S2, Figures 2-4.	F:/pan-gi-ici-ccc-20260709/GSE205506/supplement/mmc3.xlsx	28AA8BC71620AE3B667D0243891B631DA3B8EB1576108C88463B2F66979EAC80
T_I_NK cell markers	CD4+Th	40	RPL13	"RPL13"	0.490038562275651	0	0	1	0.996	Supplementary Table 2. Marker genes for T/I/NK cell clusters, related to Figure S2, Figures 2-4.	F:/pan-gi-ici-ccc-20260709/GSE205506/supplement/mmc3.xlsx	28AA8BC71620AE3B667D0243891B631DA3B8EB1576108C88463B2F66979EAC80
T_I_NK cell markers	CD4+Th	41	ZFP36L2	"ZFP36L2"	0.484806906494894	7.50257673732512e-93	1.87834511195672e-88	0.786	0.652	Supplementary Table 2. Marker genes for T/I/NK cell clusters, related to Figure S2, Figures 2-4.	F:/pan-gi-ici-ccc-20260709/GSE205506/supplement/mmc3.xlsx	28AA8BC71620AE3B667D0243891B631DA3B8EB1576108C88463B2F66979EAC80
T_I_NK cell markers	CD4+Th	42	RPL37	"RPL37"	0.484444335761942	9.36468032794014e-201	2.34454136690309e-196	0.978	0.94	Supplementary Table 2. Marker genes for T/I/NK cell clusters, related to Figure S2, Figures 2-4.	F:/pan-gi-ici-ccc-20260709/GSE205506/supplement/mmc3.xlsx	28AA8BC71620AE3B667D0243891B631DA3B8EB1576108C88463B2F66979EAC80
T_I_NK cell markers	CD4+Th	43	RPL36	"RPL36"	0.484236467843054	1.59401327461444e-158	3.9907716343247e-154	0.955	0.89	Supplementary Table 2. Marker genes for T/I/NK cell clusters, related to Figure S2, Figures 2-4.	F:/pan-gi-ici-ccc-20260709/GSE205506/supplement/mmc3.xlsx	28AA8BC71620AE3B667D0243891B631DA3B8EB1576108C88463B2F66979EAC80
T_I_NK cell markers	CD4+Th	44	RPS27	"RPS27"	0.48145532905271	3.46289779089513e-198	8.66971090928504e-194	0.997	0.976	Supplementary Table 2. Marker genes for T/I/NK cell clusters, related to Figure S2, Figures 2-4.	F:/pan-gi-ici-ccc-20260709/GSE205506/supplement/mmc3.xlsx	28AA8BC71620AE3B667D0243891B631DA3B8EB1576108C88463B2F66979EAC80
T_I_NK cell markers	CD4+Th	45	RPL35A	"RPL35A"	0.481349799963103	3.08732175828808e-201	7.72941875405003e-197	0.974	0.925	Supplementary Table 2. Marker genes for T/I/NK cell clusters, related to Figure S2, Figures 2-4.	F:/pan-gi-ici-ccc-20260709/GSE205506/supplement/mmc3.xlsx	28AA8BC71620AE3B667D0243891B631DA3B8EB1576108C88463B2F66979EAC80
T_I_NK cell markers	CD4+Th	46	SARAF	"SARAF"	0.47877470028109	1.64502601854299e-98	4.11848714002422e-94	0.727	0.592	Supplementary Table 2. Marker genes for T/I/NK cell clusters, related to Figure S2, Figures 2-4.	F:/pan-gi-ici-ccc-20260709/GSE205506/supplement/mmc3.xlsx	28AA8BC71620AE3B667D0243891B631DA3B8EB1576108C88463B2F66979EAC80
T_I_NK cell markers	CD4+Th	47	TNFAIP8	"TNFAIP8"	0.476280720649471	4.12367436299124e-61	1.03240311351849e-56	0.399	0.277	Supplementary Table 2. Marker genes for T/I/NK cell clusters, related to Figure S2, Figures 2-4.	F:/pan-gi-ici-ccc-20260709/GSE205506/supplement/mmc3.xlsx	28AA8BC71620AE3B667D0243891B631DA3B8EB1576108C88463B2F66979EAC80
T_I_NK cell markers	CD4+Th	48	EIF3E	"EIF3E"	0.470689190749111	8.55208938303959e-74	2.14110109793779e-69	0.618	0.491	Supplementary Table 2. Marker genes for T/I/NK cell clusters, related to Figure S2, Figures 2-4.	F:/pan-gi-ici-ccc-20260709/GSE205506/supplement/mmc3.xlsx	28AA8BC71620AE3B667D0243891B631DA3B8EB1576108C88463B2F66979EAC80
T_I_NK cell markers	CD4+Th	49	RPL10	"RPL10"	0.469412850947253	0	0	1	0.996	Supplementary Table 2. Marker genes for T/I/NK cell clusters, related to Figure S2, Figures 2-4.	F:/pan-gi-ici-ccc-20260709/GSE205506/supplement/mmc3.xlsx	28AA8BC71620AE3B667D0243891B631DA3B8EB1576108C88463B2F66979EAC80
T_I_NK cell markers	CD4+Th	50	RPL38	"RPL38"	0.461508158629957	6.1415171073625e-119	1.53759022299928e-114	0.871	0.77	Supplementary Table 2. Marker genes for T/I/NK cell clusters, related to Figure S2, Figures 2-4.	F:/pan-gi-ici-ccc-20260709/GSE205506/supplement/mmc3.xlsx	28AA8BC71620AE3B667D0243891B631DA3B8EB1576108C88463B2F66979EAC80
T_I_NK cell markers	CD4+Th1-like	1	CXCL13	"CXCL13"	1.95777396458641	1.63834836482989e-71	4.1017689661881e-67	0.274	0.115	Supplementary Table 2. Marker genes for T/I/NK cell clusters, related to Figure S2, Figures 2-4.	F:/pan-gi-ici-ccc-20260709/GSE205506/supplement/mmc3.xlsx	28AA8BC71620AE3B667D0243891B631DA3B8EB1576108C88463B2F66979EAC80
T_I_NK cell markers	CD4+Th1-like	2	KLRB1	"KLRB1"	1.13124072008845	2.3184230374937e-152	5.80440391666923e-148	0.709	0.373	Supplementary Table 2. Marker genes for T/I/NK cell clusters, related to Figure S2, Figures 2-4.	F:/pan-gi-ici-ccc-20260709/GSE205506/supplement/mmc3.xlsx	28AA8BC71620AE3B667D0243891B631DA3B8EB1576108C88463B2F66979EAC80
T_I_NK cell markers	CD4+Th1-like	3	CD40LG	"CD40LG"	1.10862353201652	2.19158054192193e-264	5.48684104475576e-260	0.367	0.079	Supplementary Table 2. Marker genes for T/I/NK cell clusters, related to Figure S2, Figures 2-4.	F:/pan-gi-ici-ccc-20260709/GSE205506/supplement/mmc3.xlsx	28AA8BC71620AE3B667D0243891B631DA3B8EB1576108C88463B2F66979EAC80
T_I_NK cell markers	CD4+Th1-like	4	MAF	"MAF"	0.953441088849299	5.82695911142099e-138	1.45883748313536e-133	0.457	0.177	Supplementary Table 2. Marker genes for T/I/NK cell clusters, related to Figure S2, Figures 2-4.	F:/pan-gi-ici-ccc-20260709/GSE205506/supplement/mmc3.xlsx	28AA8BC71620AE3B667D0243891B631DA3B8EB1576108C88463B2F66979EAC80
T_I_NK cell markers	CD4+Th1-like	5	PDCD1	"PDCD1"	0.874703511121909	3.28472709950664e-100	8.22364276632482e-96	0.308	0.112	Supplementary Table 2. Marker genes for T/I/NK cell clusters, related to Figure S2, Figures 2-4.	F:/pan-gi-ici-ccc-20260709/GSE205506/supplement/mmc3.xlsx	28AA8BC71620AE3B667D0243891B631DA3B8EB1576108C88463B2F66979EAC80
T_I_NK cell markers	CD4+Th1-like	6	ADAM19	"ADAM19"	0.843803648916765	2.5820485349654e-152	6.46441671213939e-148	0.278	0.072	Supplementary Table 2. Marker genes for T/I/NK cell clusters, related to Figure S2, Figures 2-4.	F:/pan-gi-ici-ccc-20260709/GSE205506/supplement/mmc3.xlsx	28AA8BC71620AE3B667D0243891B631DA3B8EB1576108C88463B2F66979EAC80
T_I_NK cell markers	CD4+Th1-like	7	CD2	"CD2"	0.821988174478876	4.46229070870913e-143	1.11717910183242e-138	0.914	0.68	Supplementary Table 2. Marker genes for T/I/NK cell clusters, related to Figure S2, Figures 2-4.	F:/pan-gi-ici-ccc-20260709/GSE205506/supplement/mmc3.xlsx	28AA8BC71620AE3B667D0243891B631DA3B8EB1576108C88463B2F66979EAC80
T_I_NK cell markers	CD4+Th1-like	8	CXCR6	"CXCR6"	0.79579466711001	9.77160323568361e-76	2.44641858608575e-71	0.345	0.154	Supplementary Table 2. Marker genes for T/I/NK cell clusters, related to Figure S2, Figures 2-4.	F:/pan-gi-ici-ccc-20260709/GSE205506/supplement/mmc3.xlsx	28AA8BC71620AE3B667D0243891B631DA3B8EB1576108C88463B2F66979EAC80
T_I_NK cell markers	CD4+Th1-like	9	RGS1	"RGS1"	0.771567819043298	7.01231582351461e-55	1.75560338957512e-50	0.558	0.35	Supplementary Table 2. Marker genes for T/I/NK cell clusters, related to Figure S2, Figures 2-4.	F:/pan-gi-ici-ccc-20260709/GSE205506/supplement/mmc3.xlsx	28AA8BC71620AE3B667D0243891B631DA3B8EB1576108C88463B2F66979EAC80
T_I_NK cell markers	CD4+Th1-like	10	RORA	"RORA"	0.756677350854146	3.92006135366199e-81	9.81426560502817e-77	0.558	0.312	Supplementary Table 2. Marker genes for T/I/NK cell clusters, related to Figure S2, Figures 2-4.	F:/pan-gi-ici-ccc-20260709/GSE205506/supplement/mmc3.xlsx	28AA8BC71620AE3B667D0243891B631DA3B8EB1576108C88463B2F66979EAC80
T_I_NK cell markers	CD4+Th1-like	11	CD4	"CD4"	0.747709827639017	2.53228494410401e-112	6.33982858605879e-108	0.322	0.111	Supplementary Table 2. Marker genes for T/I/NK cell clusters, related to Figure S2, Figures 2-4.	F:/pan-gi-ici-ccc-20260709/GSE205506/supplement/mmc3.xlsx	28AA8BC71620AE3B667D0243891B631DA3B8EB1576108C88463B2F66979EAC80
T_I_NK cell markers	CD4+Th1-like	12	SPOCK2	"SPOCK2"	0.7430495960917	5.91294950583017e-94	1.48036603827964e-89	0.601	0.325	Supplementary Table 2. Marker genes for T/I/NK cell clusters, related to Figure S2, Figures 2-4.	F:/pan-gi-ici-ccc-20260709/GSE205506/supplement/mmc3.xlsx	28AA8BC71620AE3B667D0243891B631DA3B8EB1576108C88463B2F66979EAC80
T_I_NK cell markers	CD4+Th1-like	13	TMEM173	"TMEM173"	0.713214067261463	2.18493657316936e-73	5.4702072045868e-69	0.332	0.145	Supplementary Table 2. Marker genes for T/I/NK cell clusters, related to Figure S2, Figures 2-4.	F:/pan-gi-ici-ccc-20260709/GSE205506/supplement/mmc3.xlsx	28AA8BC71620AE3B667D0243891B631DA3B8EB1576108C88463B2F66979EAC80
T_I_NK cell markers	CD4+Th1-like	14	CKLF	"CKLF"	0.704416035273078	1.05813336256085e-63	2.64914268650735e-59	0.682	0.465	Supplementary Table 2. Marker genes for T/I/NK cell clusters, related to Figure S2, Figures 2-4.	F:/pan-gi-ici-ccc-20260709/GSE205506/supplement/mmc3.xlsx	28AA8BC71620AE3B667D0243891B631DA3B8EB1576108C88463B2F66979EAC80
T_I_NK cell markers	CD4+Th1-like	15	CD6	"CD6"	0.680984407345603	3.64324696309263e-79	9.12123309679872e-75	0.442	0.214	Supplementary Table 2. Marker genes for T/I/NK cell clusters, related to Figure S2, Figures 2-4.	F:/pan-gi-ici-ccc-20260709/GSE205506/supplement/mmc3.xlsx	28AA8BC71620AE3B667D0243891B631DA3B8EB1576108C88463B2F66979EAC80
T_I_NK cell markers	CD4+Th1-like	16	LAPTM5	"LAPTM5"	0.679834751034844	8.74254167662776e-80	2.18878273416053e-75	0.765	0.522	Supplementary Table 2. Marker genes for T/I/NK cell clusters, related to Figure S2, Figures 2-4.	F:/pan-gi-ici-ccc-20260709/GSE205506/supplement/mmc3.xlsx	28AA8BC71620AE3B667D0243891B631DA3B8EB1576108C88463B2F66979EAC80
T_I_NK cell markers	CD4+Th1-like	17	DDIT4	"DDIT4"	0.67246681866681	3.51174639204419e-43	8.79200826712184e-39	0.51	0.331	Supplementary Table 2. Marker genes for T/I/NK cell clusters, related to Figure S2, Figures 2-4.	F:/pan-gi-ici-ccc-20260709/GSE205506/supplement/mmc3.xlsx	28AA8BC71620AE3B667D0243891B631DA3B8EB1576108C88463B2F66979EAC80
T_I_NK cell markers	CD4+Th1-like	18	S100A4	"S100A4"	0.662667788435854	1.059789765587e-108	2.65328965712361e-104	0.938	0.768	Supplementary Table 2. Marker genes for T/I/NK cell clusters, related to Figure S2, Figures 2-4.	F:/pan-gi-ici-ccc-20260709/GSE205506/supplement/mmc3.xlsx	28AA8BC71620AE3B667D0243891B631DA3B8EB1576108C88463B2F66979EAC80
T_I_NK cell markers	CD4+Th1-like	19	TNFRSF18	"TNFRSF18"	0.656889880956452	6.86531932680026e-51	1.71880134665771e-46	0.341	0.175	Supplementary Table 2. Marker genes for T/I/NK cell clusters, related to Figure S2, Figures 2-4.	F:/pan-gi-ici-ccc-20260709/GSE205506/supplement/mmc3.xlsx	28AA8BC71620AE3B667D0243891B631DA3B8EB1576108C88463B2F66979EAC80
T_I_NK cell markers	CD4+Th1-like	20	CD3D	"CD3D"	0.617621984123405	3.56924943827608e-78	8.93597289366799e-74	0.944	0.796	Supplementary Table 2. Marker genes for T/I/NK cell clusters, related to Figure S2, Figures 2-4.	F:/pan-gi-ici-ccc-20260709/GSE205506/supplement/mmc3.xlsx	28AA8BC71620AE3B667D0243891B631DA3B8EB1576108C88463B2F66979EAC80
T_I_NK cell markers	CD4+Th1-like	21	ID2	"ID2"	0.613874984769422	1.87050036387547e-49	4.68298471099863e-45	0.666	0.458	Supplementary Table 2. Marker genes for T/I/NK cell clusters, related to Figure S2, Figures 2-4.	F:/pan-gi-ici-ccc-20260709/GSE205506/supplement/mmc3.xlsx	28AA8BC71620AE3B667D0243891B631DA3B8EB1576108C88463B2F66979EAC80
T_I_NK cell markers	CD4+Th1-like	22	S100A11	"S100A11"	0.613007091437186	1.41019486381984e-57	3.53056386105935e-53	0.661	0.447	Supplementary Table 2. Marker genes for T/I/NK cell clusters, related to Figure S2, Figures 2-4.	F:/pan-gi-ici-ccc-20260709/GSE205506/supplement/mmc3.xlsx	28AA8BC71620AE3B667D0243891B631DA3B8EB1576108C88463B2F66979EAC80
T_I_NK cell markers	CD4+Th1-like	23	SLAMF1	"SLAMF1"	0.612182877166113	2.23010232043984e-81	5.58328416945319e-77	0.262	0.095	Supplementary Table 2. Marker genes for T/I/NK cell clusters, related to Figure S2, Figures 2-4.	F:/pan-gi-ici-ccc-20260709/GSE205506/supplement/mmc3.xlsx	28AA8BC71620AE3B667D0243891B631DA3B8EB1576108C88463B2F66979EAC80
T_I_NK cell markers	CD4+Th1-like	24	LIMS1	"LIMS1"	0.587906267852051	5.32269797422781e-62	1.33259066482768e-57	0.44	0.232	Supplementary Table 2. Marker genes for T/I/NK cell clusters, related to Figure S2, Figures 2-4.	F:/pan-gi-ici-ccc-20260709/GSE205506/supplement/mmc3.xlsx	28AA8BC71620AE3B667D0243891B631DA3B8EB1576108C88463B2F66979EAC80
T_I_NK cell markers	CD4+Th1-like	25	IL7R	"IL7R"	0.583594071482271	2.38125857668122e-16	5.96171897257911e-12	0.508	0.418	Supplementary Table 2. Marker genes for T/I/NK cell clusters, related to Figure S2, Figures 2-4.	F:/pan-gi-ici-ccc-20260709/GSE205506/supplement/mmc3.xlsx	28AA8BC71620AE3B667D0243891B631DA3B8EB1576108C88463B2F66979EAC80
T_I_NK cell markers	CD4+Th1-like	26	SRGN	"SRGN"	0.580478656968647	2.45506881465851e-33	6.14651028437903e-29	0.908	0.799	Supplementary Table 2. Marker genes for T/I/NK cell clusters, related to Figure S2, Figures 2-4.	F:/pan-gi-ici-ccc-20260709/GSE205506/supplement/mmc3.xlsx	28AA8BC71620AE3B667D0243891B631DA3B8EB1576108C88463B2F66979EAC80
T_I_NK cell markers	CD4+Th1-like	27	PRDM1	"PRDM1"	0.567698730147702	1.64865424968717e-32	4.12757077951679e-28	0.359	0.219	Supplementary Table 2. Marker genes for T/I/NK cell clusters, related to Figure S2, Figures 2-4.	F:/pan-gi-ici-ccc-20260709/GSE205506/supplement/mmc3.xlsx	28AA8BC71620AE3B667D0243891B631DA3B8EB1576108C88463B2F66979EAC80
T_I_NK cell markers	CD4+Th1-like	28	LAG3	"LAG3"	0.566827444820987	3.27178986265054e-10	8.19125310013189e-06	0.274	0.21	Supplementary Table 2. Marker genes for T/I/NK cell clusters, related to Figure S2, Figures 2-4.	F:/pan-gi-ici-ccc-20260709/GSE205506/supplement/mmc3.xlsx	28AA8BC71620AE3B667D0243891B631DA3B8EB1576108C88463B2F66979EAC80
T_I_NK cell markers	CD4+Th1-like	29	TRBC1	"TRBC1"	0.554555729052118	1.15237417881568e-09	2.88508399408293e-05	0.54	0.503	Supplementary Table 2. Marker genes for T/I/NK cell clusters, related to Figure S2, Figures 2-4.	F:/pan-gi-ici-ccc-20260709/GSE205506/supplement/mmc3.xlsx	28AA8BC71620AE3B667D0243891B631DA3B8EB1576108C88463B2F66979EAC80
T_I_NK cell markers	CD4+Th1-like	30	TRAC	"TRAC"	0.533016979505829	1.83591507498596e-63	4.59639698173485e-59	0.927	0.795	Supplementary Table 2. Marker genes for T/I/NK cell clusters, related to Figure S2, Figures 2-4.	F:/pan-gi-ici-ccc-20260709/GSE205506/supplement/mmc3.xlsx	28AA8BC71620AE3B667D0243891B631DA3B8EB1576108C88463B2F66979EAC80
T_I_NK cell markers	CD4+Th1-like	31	FKBP1A	"FKBP1A"	0.525102236437973	1.57289726815839e-36	3.93790560056133e-32	0.562	0.385	Supplementary Table 2. Marker genes for T/I/NK cell clusters, related to Figure S2, Figures 2-4.	F:/pan-gi-ici-ccc-20260709/GSE205506/supplement/mmc3.xlsx	28AA8BC71620AE3B667D0243891B631DA3B8EB1576108C88463B2F66979EAC80
T_I_NK cell markers	CD4+Th1-like	32	CTLA4	"CTLA4"	0.524693875931129	3.75218713061729e-37	9.39397570021346e-33	0.285	0.15	Supplementary Table 2. Marker genes for T/I/NK cell clusters, related to Figure S2, Figures 2-4.	F:/pan-gi-ici-ccc-20260709/GSE205506/supplement/mmc3.xlsx	28AA8BC71620AE3B667D0243891B631DA3B8EB1576108C88463B2F66979EAC80
T_I_NK cell markers	CD4+Th1-like	33	YWHAQ	"YWHAQ"	0.519312542666447	1.84133369488638e-40	4.60996303851755e-36	0.448	0.276	Supplementary Table 2. Marker genes for T/I/NK cell clusters, related to Figure S2, Figures 2-4.	F:/pan-gi-ici-ccc-20260709/GSE205506/supplement/mmc3.xlsx	28AA8BC71620AE3B667D0243891B631DA3B8EB1576108C88463B2F66979EAC80
T_I_NK cell markers	CD4+Th1-like	34	TNFRSF25	"TNFRSF25"	0.519246370907301	5.17151746941003e-47	1.2947411136415e-42	0.251	0.116	Supplementary Table 2. Marker genes for T/I/NK cell clusters, related to Figure S2, Figures 2-4.	F:/pan-gi-ici-ccc-20260709/GSE205506/supplement/mmc3.xlsx	28AA8BC71620AE3B667D0243891B631DA3B8EB1576108C88463B2F66979EAC80
T_I_NK cell markers	CD4+Th1-like	35	CD3G	"CD3G"	0.511130342161074	7.64387129032443e-49	1.91371961624562e-44	0.748	0.571	Supplementary Table 2. Marker genes for T/I/NK cell clusters, related to Figure S2, Figures 2-4.	F:/pan-gi-ici-ccc-20260709/GSE205506/supplement/mmc3.xlsx	28AA8BC71620AE3B667D0243891B631DA3B8EB1576108C88463B2F66979EAC80
T_I_NK cell markers	CD4+Th1-like	36	PKM	"PKM"	0.506295100352731	8.8855718679702e-32	2.22459177286502e-27	0.536	0.364	Supplementary Table 2. Marker genes for T/I/NK cell clusters, related to Figure S2, Figures 2-4.	F:/pan-gi-ici-ccc-20260709/GSE205506/supplement/mmc3.xlsx	28AA8BC71620AE3B667D0243891B631DA3B8EB1576108C88463B2F66979EAC80
T_I_NK cell markers	CD4+Th1-like	37	ZNRF1	"ZNRF1"	0.505723140167969	2.64713372742219e-45	6.62736399997419e-41	0.287	0.142	Supplementary Table 2. Marker genes for T/I/NK cell clusters, related to Figure S2, Figures 2-4.	F:/pan-gi-ici-ccc-20260709/GSE205506/supplement/mmc3.xlsx	28AA8BC71620AE3B667D0243891B631DA3B8EB1576108C88463B2F66979EAC80
T_I_NK cell markers	CD4+Th1-like	38	ACTB	"ACTB"	0.490226753997295	1.52431393140773e-86	3.8162723586724e-82	0.995	0.994	Supplementary Table 2. Marker genes for T/I/NK cell clusters, related to Figure S2, Figures 2-4.	F:/pan-gi-ici-ccc-20260709/GSE205506/supplement/mmc3.xlsx	28AA8BC71620AE3B667D0243891B631DA3B8EB1576108C88463B2F66979EAC80
T_I_NK cell markers	CD4+Th1-like	39	LINC01871	"LINC01871"	0.490079849681908	5.54775364242891e-37	1.3889356019185e-32	0.382	0.223	Supplementary Table 2. Marker genes for T/I/NK cell clusters, related to Figure S2, Figures 2-4.	F:/pan-gi-ici-ccc-20260709/GSE205506/supplement/mmc3.xlsx	28AA8BC71620AE3B667D0243891B631DA3B8EB1576108C88463B2F66979EAC80
T_I_NK cell markers	CD4+Th1-like	40	TPM4	"TPM4"	0.476766759091119	2.71045141982015e-45	6.78588617466173e-41	0.37	0.201	Supplementary Table 2. Marker genes for T/I/NK cell clusters, related to Figure S2, Figures 2-4.	F:/pan-gi-ici-ccc-20260709/GSE205506/supplement/mmc3.xlsx	28AA8BC71620AE3B667D0243891B631DA3B8EB1576108C88463B2F66979EAC80
T_I_NK cell markers	CD4+Th1-like	41	SLA	"SLA"	0.47390295193919	1.62525367924434e-33	4.06898511135613e-29	0.429	0.274	Supplementary Table 2. Marker genes for T/I/NK cell clusters, related to Figure S2, Figures 2-4.	F:/pan-gi-ici-ccc-20260709/GSE205506/supplement/mmc3.xlsx	28AA8BC71620AE3B667D0243891B631DA3B8EB1576108C88463B2F66979EAC80
T_I_NK cell markers	CD4+Th1-like	42	RBPJ	"RBPJ"	0.471596434180049	1.76431975787431e-27	4.41715094581412e-23	0.471	0.325	Supplementary Table 2. Marker genes for T/I/NK cell clusters, related to Figure S2, Figures 2-4.	F:/pan-gi-ici-ccc-20260709/GSE205506/supplement/mmc3.xlsx	28AA8BC71620AE3B667D0243891B631DA3B8EB1576108C88463B2F66979EAC80
T_I_NK cell markers	CD4+Th1-like	43	SIT1	"SIT1"	0.469586998520179	1.07611019751449e-46	2.69414949049727e-42	0.359	0.19	Supplementary Table 2. Marker genes for T/I/NK cell clusters, related to Figure S2, Figures 2-4.	F:/pan-gi-ici-ccc-20260709/GSE205506/supplement/mmc3.xlsx	28AA8BC71620AE3B667D0243891B631DA3B8EB1576108C88463B2F66979EAC80
T_I_NK cell markers	CD4+Th1-like	44	SELENOT	"SELENOT"	0.466339356726929	5.57749241891318e-32	1.3963810019991e-27	0.383	0.238	Supplementary Table 2. Marker genes for T/I/NK cell clusters, related to Figure S2, Figures 2-4.	F:/pan-gi-ici-ccc-20260709/GSE205506/supplement/mmc3.xlsx	28AA8BC71620AE3B667D0243891B631DA3B8EB1576108C88463B2F66979EAC80
T_I_NK cell markers	CD4+Th1-like	45	TMEM167A	"TMEM167A"	0.46477171122775	3.54758878163998e-37	8.88174327371386e-33	0.309	0.17	Supplementary Table 2. Marker genes for T/I/NK cell clusters, related to Figure S2, Figures 2-4.	F:/pan-gi-ici-ccc-20260709/GSE205506/supplement/mmc3.xlsx	28AA8BC71620AE3B667D0243891B631DA3B8EB1576108C88463B2F66979EAC80
T_I_NK cell markers	CD4+Th1-like	46	SH2D2A	"SH2D2A"	0.459827107704243	2.5237166007747e-41	6.31837688169953e-37	0.365	0.201	Supplementary Table 2. Marker genes for T/I/NK cell clusters, related to Figure S2, Figures 2-4.	F:/pan-gi-ici-ccc-20260709/GSE205506/supplement/mmc3.xlsx	28AA8BC71620AE3B667D0243891B631DA3B8EB1576108C88463B2F66979EAC80
T_I_NK cell markers	CD4+Th1-like	47	OSTF1	"OSTF1"	0.454246066351478	2.11956027033369e-33	5.30653109280743e-29	0.433	0.275	Supplementary Table 2. Marker genes for T/I/NK cell clusters, related to Figure S2, Figures 2-4.	F:/pan-gi-ici-ccc-20260709/GSE205506/supplement/mmc3.xlsx	28AA8BC71620AE3B667D0243891B631DA3B8EB1576108C88463B2F66979EAC80
T_I_NK cell markers	CD4+Th1-like	48	BST2	"BST2"	0.444158681581797	4.59299048305277e-29	1.14990109733709e-24	0.439	0.294	Supplementary Table 2. Marker genes for T/I/NK cell clusters, related to Figure S2, Figures 2-4.	F:/pan-gi-ici-ccc-20260709/GSE205506/supplement/mmc3.xlsx	28AA8BC71620AE3B667D0243891B631DA3B8EB1576108C88463B2F66979EAC80
T_I_NK cell markers	CD4+Th1-like	49	PGAM1	"PGAM1"	0.442027834545669	9.37010142829974e-25	2.34589859358912e-20	0.428	0.291	Supplementary Table 2. Marker genes for T/I/NK cell clusters, related to Figure S2, Figures 2-4.	F:/pan-gi-ici-ccc-20260709/GSE205506/supplement/mmc3.xlsx	28AA8BC71620AE3B667D0243891B631DA3B8EB1576108C88463B2F66979EAC80
T_I_NK cell markers	CD4+Th1-like	50	RAP1B	"RAP1B"	0.436115473830618	1.23964344274067e-35	3.10357132324555e-31	0.602	0.422	Supplementary Table 2. Marker genes for T/I/NK cell clusters, related to Figure S2, Figures 2-4.	F:/pan-gi-ici-ccc-20260709/GSE205506/supplement/mmc3.xlsx	28AA8BC71620AE3B667D0243891B631DA3B8EB1576108C88463B2F66979EAC80
T_I_NK cell markers	CD4+Tn	1	CCR7	"CCR7"	1.62935634210265	0	0	0.439	0.056	Supplementary Table 2. Marker genes for T/I/NK cell clusters, related to Figure S2, Figures 2-4.	F:/pan-gi-ici-ccc-20260709/GSE205506/supplement/mmc3.xlsx	28AA8BC71620AE3B667D0243891B631DA3B8EB1576108C88463B2F66979EAC80
T_I_NK cell markers	CD4+Tn	2	SELL	"SELL"	1.33840184744666	0	0	0.397	0.077	Supplementary Table 2. Marker genes for T/I/NK cell clusters, related to Figure S2, Figures 2-4.	F:/pan-gi-ici-ccc-20260709/GSE205506/supplement/mmc3.xlsx	28AA8BC71620AE3B667D0243891B631DA3B8EB1576108C88463B2F66979EAC80
T_I_NK cell markers	CD4+Tn	3	LEF1	"LEF1"	1.20386872592002	0	0	0.332	0.053	Supplementary Table 2. Marker genes for T/I/NK cell clusters, related to Figure S2, Figures 2-4.	F:/pan-gi-ici-ccc-20260709/GSE205506/supplement/mmc3.xlsx	28AA8BC71620AE3B667D0243891B631DA3B8EB1576108C88463B2F66979EAC80
T_I_NK cell markers	CD4+Tn	4	RPS3A	"RPS3A"	1.1231774813958	0	0	0.999	0.971	Supplementary Table 2. Marker genes for T/I/NK cell clusters, related to Figure S2, Figures 2-4.	F:/pan-gi-ici-ccc-20260709/GSE205506/supplement/mmc3.xlsx	28AA8BC71620AE3B667D0243891B631DA3B8EB1576108C88463B2F66979EAC80
T_I_NK cell markers	CD4+Tn	5	RPL32	"RPL32"	1.09321683765246	0	0	1	0.985	Supplementary Table 2. Marker genes for T/I/NK cell clusters, related to Figure S2, Figures 2-4.	F:/pan-gi-ici-ccc-20260709/GSE205506/supplement/mmc3.xlsx	28AA8BC71620AE3B667D0243891B631DA3B8EB1576108C88463B2F66979EAC80
T_I_NK cell markers	CD4+Tn	6	RPS13	"RPS13"	1.08652276734929	0	0	0.995	0.95	Supplementary Table 2. Marker genes for T/I/NK cell clusters, related to Figure S2, Figures 2-4.	F:/pan-gi-ici-ccc-20260709/GSE205506/supplement/mmc3.xlsx	28AA8BC71620AE3B667D0243891B631DA3B8EB1576108C88463B2F66979EAC80
T_I_NK cell markers	CD4+Tn	7	RPS12	"RPS12"	1.07201333522368	0	0	1	0.984	Supplementary Table 2. Marker genes for T/I/NK cell clusters, related to Figure S2, Figures 2-4.	F:/pan-gi-ici-ccc-20260709/GSE205506/supplement/mmc3.xlsx	28AA8BC71620AE3B667D0243891B631DA3B8EB1576108C88463B2F66979EAC80
T_I_NK cell markers	CD4+Tn	8	KLF2	"KLF2"	1.0588062528803	1.07526882582255e-270	2.69204303232933e-266	0.447	0.142	Supplementary Table 2. Marker genes for T/I/NK cell clusters, related to Figure S2, Figures 2-4.	F:/pan-gi-ici-ccc-20260709/GSE205506/supplement/mmc3.xlsx	28AA8BC71620AE3B667D0243891B631DA3B8EB1576108C88463B2F66979EAC80
T_I_NK cell markers	CD4+Tn	9	RPL34	"RPL34"	1.05374257320545	0	0	0.999	0.965	Supplementary Table 2. Marker genes for T/I/NK cell clusters, related to Figure S2, Figures 2-4.	F:/pan-gi-ici-ccc-20260709/GSE205506/supplement/mmc3.xlsx	28AA8BC71620AE3B667D0243891B631DA3B8EB1576108C88463B2F66979EAC80
T_I_NK cell markers	CD4+Tn	10	RPL22	"RPL22"	1.02759112478967	0	0	0.975	0.848	Supplementary Table 2. Marker genes for T/I/NK cell clusters, related to Figure S2, Figures 2-4.	F:/pan-gi-ici-ccc-20260709/GSE205506/supplement/mmc3.xlsx	28AA8BC71620AE3B667D0243891B631DA3B8EB1576108C88463B2F66979EAC80
T_I_NK cell markers	CD4+Tn	11	TCF7	"TCF7"	1.0252022601107	4.8961649474764e-249	1.22580385625019e-244	0.471	0.172	Supplementary Table 2. Marker genes for T/I/NK cell clusters, related to Figure S2, Figures 2-4.	F:/pan-gi-ici-ccc-20260709/GSE205506/supplement/mmc3.xlsx	28AA8BC71620AE3B667D0243891B631DA3B8EB1576108C88463B2F66979EAC80
T_I_NK cell markers	CD4+Tn	12	PLAC8	"PLAC8"	1.01965370932477	3.26328687218321e-306	8.16996501319789e-302	0.321	0.073	Supplementary Table 2. Marker genes for T/I/NK cell clusters, related to Figure S2, Figures 2-4.	F:/pan-gi-ici-ccc-20260709/GSE205506/supplement/mmc3.xlsx	28AA8BC71620AE3B667D0243891B631DA3B8EB1576108C88463B2F66979EAC80
T_I_NK cell markers	CD4+Tn	13	RPS6	"RPS6"	1.00473936789109	0	0	0.998	0.957	Supplementary Table 2. Marker genes for T/I/NK cell clusters, related to Figure S2, Figures 2-4.	F:/pan-gi-ici-ccc-20260709/GSE205506/supplement/mmc3.xlsx	28AA8BC71620AE3B667D0243891B631DA3B8EB1576108C88463B2F66979EAC80
T_I_NK cell markers	CD4+Tn	14	LDHB	"LDHB"	1.00172809489201	1.35345562618884e-243	3.38851150572637e-239	0.771	0.504	Supplementary Table 2. Marker genes for T/I/NK cell clusters, related to Figure S2, Figures 2-4.	F:/pan-gi-ici-ccc-20260709/GSE205506/supplement/mmc3.xlsx	28AA8BC71620AE3B667D0243891B631DA3B8EB1576108C88463B2F66979EAC80
T_I_NK cell markers	CD4+Tn	15	EEF1B2	"EEF1B2"	0.991627650233561	0	0	0.926	0.745	Supplementary Table 2. Marker genes for T/I/NK cell clusters, related to Figure S2, Figures 2-4.	F:/pan-gi-ici-ccc-20260709/GSE205506/supplement/mmc3.xlsx	28AA8BC71620AE3B667D0243891B631DA3B8EB1576108C88463B2F66979EAC80
T_I_NK cell markers	CD4+Tn	16	NOSIP	"NOSIP"	0.977643854551137	9.09569132795872e-180	2.27719728086775e-175	0.382	0.149	Supplementary Table 2. Marker genes for T/I/NK cell clusters, related to Figure S2, Figures 2-4.	F:/pan-gi-ici-ccc-20260709/GSE205506/supplement/mmc3.xlsx	28AA8BC71620AE3B667D0243891B631DA3B8EB1576108C88463B2F66979EAC80
T_I_NK cell markers	CD4+Tn	17	RPL9	"RPL9"	0.964346563375431	0	0	0.997	0.953	Supplementary Table 2. Marker genes for T/I/NK cell clusters, related to Figure S2, Figures 2-4.	F:/pan-gi-ici-ccc-20260709/GSE205506/supplement/mmc3.xlsx	28AA8BC71620AE3B667D0243891B631DA3B8EB1576108C88463B2F66979EAC80
T_I_NK cell markers	CD4+Tn	18	RPS8	"RPS8"	0.927414774384041	0	0	0.997	0.969	Supplementary Table 2. Marker genes for T/I/NK cell clusters, related to Figure S2, Figures 2-4.	F:/pan-gi-ici-ccc-20260709/GSE205506/supplement/mmc3.xlsx	28AA8BC71620AE3B667D0243891B631DA3B8EB1576108C88463B2F66979EAC80
T_I_NK cell markers	CD4+Tn	19	RPL7	"RPL7"	0.919868165727387	0	0	0.985	0.894	Supplementary Table 2. Marker genes for T/I/NK cell clusters, related to Figure S2, Figures 2-4.	F:/pan-gi-ici-ccc-20260709/GSE205506/supplement/mmc3.xlsx	28AA8BC71620AE3B667D0243891B631DA3B8EB1576108C88463B2F66979EAC80
T_I_NK cell markers	CD4+Tn	20	RPL21	"RPL21"	0.918536905767641	0	0	0.992	0.95	Supplementary Table 2. Marker genes for T/I/NK cell clusters, related to Figure S2, Figures 2-4.	F:/pan-gi-ici-ccc-20260709/GSE205506/supplement/mmc3.xlsx	28AA8BC71620AE3B667D0243891B631DA3B8EB1576108C88463B2F66979EAC80
T_I_NK cell markers	CD4+Tn	21	RPL11	"RPL11"	0.908042868902525	0	0	0.999	0.984	Supplementary Table 2. Marker genes for T/I/NK cell clusters, related to Figure S2, Figures 2-4.	F:/pan-gi-ici-ccc-20260709/GSE205506/supplement/mmc3.xlsx	28AA8BC71620AE3B667D0243891B631DA3B8EB1576108C88463B2F66979EAC80
T_I_NK cell markers	CD4+Tn	22	RPS23	"RPS23"	0.903508657539906	0	0	0.999	0.969	Supplementary Table 2. Marker genes for T/I/NK cell clusters, related to Figure S2, Figures 2-4.	F:/pan-gi-ici-ccc-20260709/GSE205506/supplement/mmc3.xlsx	28AA8BC71620AE3B667D0243891B631DA3B8EB1576108C88463B2F66979EAC80
T_I_NK cell markers	CD4+Tn	23	RPS5	"RPS5"	0.890497494113415	0	0	0.964	0.886	Supplementary Table 2. Marker genes for T/I/NK cell clusters, related to Figure S2, Figures 2-4.	F:/pan-gi-ici-ccc-20260709/GSE205506/supplement/mmc3.xlsx	28AA8BC71620AE3B667D0243891B631DA3B8EB1576108C88463B2F66979EAC80
T_I_NK cell markers	CD4+Tn	24	RPL30	"RPL30"	0.878433662775523	0	0	0.998	0.979	Supplementary Table 2. Marker genes for T/I/NK cell clusters, related to Figure S2, Figures 2-4.	F:/pan-gi-ici-ccc-20260709/GSE205506/supplement/mmc3.xlsx	28AA8BC71620AE3B667D0243891B631DA3B8EB1576108C88463B2F66979EAC80
T_I_NK cell markers	CD4+Tn	25	RPS14	"RPS14"	0.868418248993504	0	0	1	0.986	Supplementary Table 2. Marker genes for T/I/NK cell clusters, related to Figure S2, Figures 2-4.	F:/pan-gi-ici-ccc-20260709/GSE205506/supplement/mmc3.xlsx	28AA8BC71620AE3B667D0243891B631DA3B8EB1576108C88463B2F66979EAC80
T_I_NK cell markers	CD4+Tn	26	RPL39	"RPL39"	0.866765661726919	0	0	1	0.989	Supplementary Table 2. Marker genes for T/I/NK cell clusters, related to Figure S2, Figures 2-4.	F:/pan-gi-ici-ccc-20260709/GSE205506/supplement/mmc3.xlsx	28AA8BC71620AE3B667D0243891B631DA3B8EB1576108C88463B2F66979EAC80
T_I_NK cell markers	CD4+Tn	27	RPL5	"RPL5"	0.854247846155985	0	0	0.977	0.912	Supplementary Table 2. Marker genes for T/I/NK cell clusters, related to Figure S2, Figures 2-4.	F:/pan-gi-ici-ccc-20260709/GSE205506/supplement/mmc3.xlsx	28AA8BC71620AE3B667D0243891B631DA3B8EB1576108C88463B2F66979EAC80
T_I_NK cell markers	CD4+Tn	28	EIF3E	"EIF3E"	0.851334610752387	4.96266732477632e-176	1.242453391431e-171	0.726	0.489	Supplementary Table 2. Marker genes for T/I/NK cell clusters, related to Figure S2, Figures 2-4.	F:/pan-gi-ici-ccc-20260709/GSE205506/supplement/mmc3.xlsx	28AA8BC71620AE3B667D0243891B631DA3B8EB1576108C88463B2F66979EAC80
T_I_NK cell markers	CD4+Tn	29	TPT1	"TPT1"	0.837424095292766	0	0	0.999	0.988	Supplementary Table 2. Marker genes for T/I/NK cell clusters, related to Figure S2, Figures 2-4.	F:/pan-gi-ici-ccc-20260709/GSE205506/supplement/mmc3.xlsx	28AA8BC71620AE3B667D0243891B631DA3B8EB1576108C88463B2F66979EAC80
T_I_NK cell markers	CD4+Tn	30	RPS4Y1	"RPS4Y1"	0.835369653637679	9.65043776607785e-91	2.41608359911525e-86	0.53	0.353	Supplementary Table 2. Marker genes for T/I/NK cell clusters, related to Figure S2, Figures 2-4.	F:/pan-gi-ici-ccc-20260709/GSE205506/supplement/mmc3.xlsx	28AA8BC71620AE3B667D0243891B631DA3B8EB1576108C88463B2F66979EAC80
T_I_NK cell markers	CD4+Tn	31	RPL37	"RPL37"	0.829936268857561	0	0	0.993	0.94	Supplementary Table 2. Marker genes for T/I/NK cell clusters, related to Figure S2, Figures 2-4.	F:/pan-gi-ici-ccc-20260709/GSE205506/supplement/mmc3.xlsx	28AA8BC71620AE3B667D0243891B631DA3B8EB1576108C88463B2F66979EAC80
T_I_NK cell markers	CD4+Tn	32	RPL18A	"RPL18A"	0.822592577044705	0	0	0.997	0.973	Supplementary Table 2. Marker genes for T/I/NK cell clusters, related to Figure S2, Figures 2-4.	F:/pan-gi-ici-ccc-20260709/GSE205506/supplement/mmc3.xlsx	28AA8BC71620AE3B667D0243891B631DA3B8EB1576108C88463B2F66979EAC80
T_I_NK cell markers	CD4+Tn	33	RPL13	"RPL13"	0.822296848114291	0	0	1	0.996	Supplementary Table 2. Marker genes for T/I/NK cell clusters, related to Figure S2, Figures 2-4.	F:/pan-gi-ici-ccc-20260709/GSE205506/supplement/mmc3.xlsx	28AA8BC71620AE3B667D0243891B631DA3B8EB1576108C88463B2F66979EAC80
T_I_NK cell markers	CD4+Tn	34	RPL29	"RPL29"	0.812754017280997	0	0	0.994	0.961	Supplementary Table 2. Marker genes for T/I/NK cell clusters, related to Figure S2, Figures 2-4.	F:/pan-gi-ici-ccc-20260709/GSE205506/supplement/mmc3.xlsx	28AA8BC71620AE3B667D0243891B631DA3B8EB1576108C88463B2F66979EAC80
T_I_NK cell markers	CD4+Tn	35	RIPOR2	"RIPOR2"	0.808059245626755	8.06621833442991e-131	2.01945842220787e-126	0.341	0.144	Supplementary Table 2. Marker genes for T/I/NK cell clusters, related to Figure S2, Figures 2-4.	F:/pan-gi-ici-ccc-20260709/GSE205506/supplement/mmc3.xlsx	28AA8BC71620AE3B667D0243891B631DA3B8EB1576108C88463B2F66979EAC80
T_I_NK cell markers	CD4+Tn	36	RPL14	"RPL14"	0.797024493418715	0	0	0.989	0.957	Supplementary Table 2. Marker genes for T/I/NK cell clusters, related to Figure S2, Figures 2-4.	F:/pan-gi-ici-ccc-20260709/GSE205506/supplement/mmc3.xlsx	28AA8BC71620AE3B667D0243891B631DA3B8EB1576108C88463B2F66979EAC80
T_I_NK cell markers	CD4+Tn	37	RPL3	"RPL3"	0.796524904308486	0	0	0.997	0.955	Supplementary Table 2. Marker genes for T/I/NK cell clusters, related to Figure S2, Figures 2-4.	F:/pan-gi-ici-ccc-20260709/GSE205506/supplement/mmc3.xlsx	28AA8BC71620AE3B667D0243891B631DA3B8EB1576108C88463B2F66979EAC80
T_I_NK cell markers	CD4+Tn	38	RPL18	"RPL18"	0.79031438520401	0	0	0.997	0.975	Supplementary Table 2. Marker genes for T/I/NK cell clusters, related to Figure S2, Figures 2-4.	F:/pan-gi-ici-ccc-20260709/GSE205506/supplement/mmc3.xlsx	28AA8BC71620AE3B667D0243891B631DA3B8EB1576108C88463B2F66979EAC80
T_I_NK cell markers	CD4+Tn	39	RPS10	"RPS10"	0.788810579570986	5.42592518714563e-248	1.35843462985378e-243	0.948	0.836	Supplementary Table 2. Marker genes for T/I/NK cell clusters, related to Figure S2, Figures 2-4.	F:/pan-gi-ici-ccc-20260709/GSE205506/supplement/mmc3.xlsx	28AA8BC71620AE3B667D0243891B631DA3B8EB1576108C88463B2F66979EAC80
T_I_NK cell markers	CD4+Tn	40	RPS16	"RPS16"	0.788764396413605	0	0	0.992	0.96	Supplementary Table 2. Marker genes for T/I/NK cell clusters, related to Figure S2, Figures 2-4.	F:/pan-gi-ici-ccc-20260709/GSE205506/supplement/mmc3.xlsx	28AA8BC71620AE3B667D0243891B631DA3B8EB1576108C88463B2F66979EAC80
T_I_NK cell markers	CD4+Tn	41	RPS18	"RPS18"	0.788377000012908	0	0	0.999	0.982	Supplementary Table 2. Marker genes for T/I/NK cell clusters, related to Figure S2, Figures 2-4.	F:/pan-gi-ici-ccc-20260709/GSE205506/supplement/mmc3.xlsx	28AA8BC71620AE3B667D0243891B631DA3B8EB1576108C88463B2F66979EAC80
T_I_NK cell markers	CD4+Tn	42	RPL35A	"RPL35A"	0.784751815869742	0	0	0.989	0.926	Supplementary Table 2. Marker genes for T/I/NK cell clusters, related to Figure S2, Figures 2-4.	F:/pan-gi-ici-ccc-20260709/GSE205506/supplement/mmc3.xlsx	28AA8BC71620AE3B667D0243891B631DA3B8EB1576108C88463B2F66979EAC80
T_I_NK cell markers	CD4+Tn	43	RPS21	"RPS21"	0.776668180381894	2.23512438704498e-212	5.59585741540582e-208	0.929	0.778	Supplementary Table 2. Marker genes for T/I/NK cell clusters, related to Figure S2, Figures 2-4.	F:/pan-gi-ici-ccc-20260709/GSE205506/supplement/mmc3.xlsx	28AA8BC71620AE3B667D0243891B631DA3B8EB1576108C88463B2F66979EAC80
T_I_NK cell markers	CD4+Tn	44	RPS27A	"RPS27A"	0.773183921233442	0	0	0.999	0.985	Supplementary Table 2. Marker genes for T/I/NK cell clusters, related to Figure S2, Figures 2-4.	F:/pan-gi-ici-ccc-20260709/GSE205506/supplement/mmc3.xlsx	28AA8BC71620AE3B667D0243891B631DA3B8EB1576108C88463B2F66979EAC80
T_I_NK cell markers	CD4+Tn	45	EEF1A1	"EEF1A1"	0.769782539800254	0	0	1	0.994	Supplementary Table 2. Marker genes for T/I/NK cell clusters, related to Figure S2, Figures 2-4.	F:/pan-gi-ici-ccc-20260709/GSE205506/supplement/mmc3.xlsx	28AA8BC71620AE3B667D0243891B631DA3B8EB1576108C88463B2F66979EAC80
T_I_NK cell markers	CD4+Tn	46	NOP53	"NOP53"	0.766392453397012	1.67380653040366e-137	4.19054202951859e-133	0.693	0.475	Supplementary Table 2. Marker genes for T/I/NK cell clusters, related to Figure S2, Figures 2-4.	F:/pan-gi-ici-ccc-20260709/GSE205506/supplement/mmc3.xlsx	28AA8BC71620AE3B667D0243891B631DA3B8EB1576108C88463B2F66979EAC80
T_I_NK cell markers	CD4+Tn	47	RPS25	"RPS25"	0.764946759643508	0	0	0.995	0.957	Supplementary Table 2. Marker genes for T/I/NK cell clusters, related to Figure S2, Figures 2-4.	F:/pan-gi-ici-ccc-20260709/GSE205506/supplement/mmc3.xlsx	28AA8BC71620AE3B667D0243891B631DA3B8EB1576108C88463B2F66979EAC80
T_I_NK cell markers	CD4+Tn	48	IL7R	"IL7R"	0.764154003250515	3.02247162742385e-179	7.56705996641835e-175	0.728	0.397	Supplementary Table 2. Marker genes for T/I/NK cell clusters, related to Figure S2, Figures 2-4.	F:/pan-gi-ici-ccc-20260709/GSE205506/supplement/mmc3.xlsx	28AA8BC71620AE3B667D0243891B631DA3B8EB1576108C88463B2F66979EAC80
T_I_NK cell markers	CD4+Tn	49	RPL10A	"RPL10A"	0.757493394818156	0	0	0.981	0.912	Supplementary Table 2. Marker genes for T/I/NK cell clusters, related to Figure S2, Figures 2-4.	F:/pan-gi-ici-ccc-20260709/GSE205506/supplement/mmc3.xlsx	28AA8BC71620AE3B667D0243891B631DA3B8EB1576108C88463B2F66979EAC80
T_I_NK cell markers	CD4+Tn	50	NACA	"NACA"	0.757140103353445	1.38083014782995e-301	3.45704635810705e-297	0.976	0.903	Supplementary Table 2. Marker genes for T/I/NK cell clusters, related to Figure S2, Figures 2-4.	F:/pan-gi-ici-ccc-20260709/GSE205506/supplement/mmc3.xlsx	28AA8BC71620AE3B667D0243891B631DA3B8EB1576108C88463B2F66979EAC80
T_I_NK cell markers	CD4+Treg	1	TNFRSF4	"TNFRSF4"	3.22694180424871	0	0	0.765	0.114	Supplementary Table 2. Marker genes for T/I/NK cell clusters, related to Figure S2, Figures 2-4.	F:/pan-gi-ici-ccc-20260709/GSE205506/supplement/mmc3.xlsx	28AA8BC71620AE3B667D0243891B631DA3B8EB1576108C88463B2F66979EAC80
T_I_NK cell markers	CD4+Treg	2	TNFRSF18	"TNFRSF18"	2.36094927592253	0	0	0.744	0.139	Supplementary Table 2. Marker genes for T/I/NK cell clusters, related to Figure S2, Figures 2-4.	F:/pan-gi-ici-ccc-20260709/GSE205506/supplement/mmc3.xlsx	28AA8BC71620AE3B667D0243891B631DA3B8EB1576108C88463B2F66979EAC80
T_I_NK cell markers	CD4+Treg	3	CTLA4	"CTLA4"	2.28207640238427	0	0	0.715	0.113	Supplementary Table 2. Marker genes for T/I/NK cell clusters, related to Figure S2, Figures 2-4.	F:/pan-gi-ici-ccc-20260709/GSE205506/supplement/mmc3.xlsx	28AA8BC71620AE3B667D0243891B631DA3B8EB1576108C88463B2F66979EAC80
T_I_NK cell markers	CD4+Treg	4	IL2RA	"IL2RA"	2.10156740453188	0	0	0.449	0.028	Supplementary Table 2. Marker genes for T/I/NK cell clusters, related to Figure S2, Figures 2-4.	F:/pan-gi-ici-ccc-20260709/GSE205506/supplement/mmc3.xlsx	28AA8BC71620AE3B667D0243891B631DA3B8EB1576108C88463B2F66979EAC80
T_I_NK cell markers	CD4+Treg	5	BATF	"BATF"	2.01124998771428	0	0	0.727	0.192	Supplementary Table 2. Marker genes for T/I/NK cell clusters, related to Figure S2, Figures 2-4.	F:/pan-gi-ici-ccc-20260709/GSE205506/supplement/mmc3.xlsx	28AA8BC71620AE3B667D0243891B631DA3B8EB1576108C88463B2F66979EAC80
T_I_NK cell markers	CD4+Treg	6	LINC01943	"LINC01943"	1.81862675128438	0	0	0.505	0.067	Supplementary Table 2. Marker genes for T/I/NK cell clusters, related to Figure S2, Figures 2-4.	F:/pan-gi-ici-ccc-20260709/GSE205506/supplement/mmc3.xlsx	28AA8BC71620AE3B667D0243891B631DA3B8EB1576108C88463B2F66979EAC80
T_I_NK cell markers	CD4+Treg	7	TNFRSF1B	"TNFRSF1B"	1.77155934525369	0	0	0.655	0.182	Supplementary Table 2. Marker genes for T/I/NK cell clusters, related to Figure S2, Figures 2-4.	F:/pan-gi-ici-ccc-20260709/GSE205506/supplement/mmc3.xlsx	28AA8BC71620AE3B667D0243891B631DA3B8EB1576108C88463B2F66979EAC80
T_I_NK cell markers	CD4+Treg	8	FOXP3	"FOXP3"	1.69203366822214	0	0	0.434	0.023	Supplementary Table 2. Marker genes for T/I/NK cell clusters, related to Figure S2, Figures 2-4.	F:/pan-gi-ici-ccc-20260709/GSE205506/supplement/mmc3.xlsx	28AA8BC71620AE3B667D0243891B631DA3B8EB1576108C88463B2F66979EAC80
T_I_NK cell markers	CD4+Treg	9	ICOS	"ICOS"	1.53464595498125	0	0	0.441	0.088	Supplementary Table 2. Marker genes for T/I/NK cell clusters, related to Figure S2, Figures 2-4.	F:/pan-gi-ici-ccc-20260709/GSE205506/supplement/mmc3.xlsx	28AA8BC71620AE3B667D0243891B631DA3B8EB1576108C88463B2F66979EAC80
T_I_NK cell markers	CD4+Treg	10	LTB	"LTB"	1.47493198271129	4.20208502601546e-242	1.05203400711323e-237	0.716	0.378	Supplementary Table 2. Marker genes for T/I/NK cell clusters, related to Figure S2, Figures 2-4.	F:/pan-gi-ici-ccc-20260709/GSE205506/supplement/mmc3.xlsx	28AA8BC71620AE3B667D0243891B631DA3B8EB1576108C88463B2F66979EAC80
T_I_NK cell markers	CD4+Treg	11	SAT1	"SAT1"	1.43927650312551	0	0	0.833	0.45	Supplementary Table 2. Marker genes for T/I/NK cell clusters, related to Figure S2, Figures 2-4.	F:/pan-gi-ici-ccc-20260709/GSE205506/supplement/mmc3.xlsx	28AA8BC71620AE3B667D0243891B631DA3B8EB1576108C88463B2F66979EAC80
T_I_NK cell markers	CD4+Treg	12	GADD45A	"GADD45A"	1.43045823888712	0	0	0.445	0.102	Supplementary Table 2. Marker genes for T/I/NK cell clusters, related to Figure S2, Figures 2-4.	F:/pan-gi-ici-ccc-20260709/GSE205506/supplement/mmc3.xlsx	28AA8BC71620AE3B667D0243891B631DA3B8EB1576108C88463B2F66979EAC80
T_I_NK cell markers	CD4+Treg	13	LAIR2	"LAIR2"	1.40850958415151	0	0	0.357	0.046	Supplementary Table 2. Marker genes for T/I/NK cell clusters, related to Figure S2, Figures 2-4.	F:/pan-gi-ici-ccc-20260709/GSE205506/supplement/mmc3.xlsx	28AA8BC71620AE3B667D0243891B631DA3B8EB1576108C88463B2F66979EAC80
T_I_NK cell markers	CD4+Treg	14	SPOCK2	"SPOCK2"	1.35510489467669	0	0	0.736	0.307	Supplementary Table 2. Marker genes for T/I/NK cell clusters, related to Figure S2, Figures 2-4.	F:/pan-gi-ici-ccc-20260709/GSE205506/supplement/mmc3.xlsx	28AA8BC71620AE3B667D0243891B631DA3B8EB1576108C88463B2F66979EAC80
T_I_NK cell markers	CD4+Treg	15	TYMP	"TYMP"	1.34177490164722	6.56958116317836e-293	1.64476034001333e-288	0.527	0.189	Supplementary Table 2. Marker genes for T/I/NK cell clusters, related to Figure S2, Figures 2-4.	F:/pan-gi-ici-ccc-20260709/GSE205506/supplement/mmc3.xlsx	28AA8BC71620AE3B667D0243891B631DA3B8EB1576108C88463B2F66979EAC80
T_I_NK cell markers	CD4+Treg	16	PIM2	"PIM2"	1.33362187415118	0	0	0.464	0.124	Supplementary Table 2. Marker genes for T/I/NK cell clusters, related to Figure S2, Figures 2-4.	F:/pan-gi-ici-ccc-20260709/GSE205506/supplement/mmc3.xlsx	28AA8BC71620AE3B667D0243891B631DA3B8EB1576108C88463B2F66979EAC80
T_I_NK cell markers	CD4+Treg	17	TIGIT	"TIGIT"	1.30141158947437	0	0	0.665	0.262	Supplementary Table 2. Marker genes for T/I/NK cell clusters, related to Figure S2, Figures 2-4.	F:/pan-gi-ici-ccc-20260709/GSE205506/supplement/mmc3.xlsx	28AA8BC71620AE3B667D0243891B631DA3B8EB1576108C88463B2F66979EAC80
T_I_NK cell markers	CD4+Treg	18	DNPH1	"DNPH1"	1.28973856558392	0	0	0.539	0.159	Supplementary Table 2. Marker genes for T/I/NK cell clusters, related to Figure S2, Figures 2-4.	F:/pan-gi-ici-ccc-20260709/GSE205506/supplement/mmc3.xlsx	28AA8BC71620AE3B667D0243891B631DA3B8EB1576108C88463B2F66979EAC80
T_I_NK cell markers	CD4+Treg	19	MIR4435-2HG	"MIR4435-2HG"	1.26986223493926	0	0	0.472	0.125	Supplementary Table 2. Marker genes for T/I/NK cell clusters, related to Figure S2, Figures 2-4.	F:/pan-gi-ici-ccc-20260709/GSE205506/supplement/mmc3.xlsx	28AA8BC71620AE3B667D0243891B631DA3B8EB1576108C88463B2F66979EAC80
T_I_NK cell markers	CD4+Treg	20	TBC1D4	"TBC1D4"	1.24938538202893	0	0	0.425	0.088	Supplementary Table 2. Marker genes for T/I/NK cell clusters, related to Figure S2, Figures 2-4.	F:/pan-gi-ici-ccc-20260709/GSE205506/supplement/mmc3.xlsx	28AA8BC71620AE3B667D0243891B631DA3B8EB1576108C88463B2F66979EAC80
T_I_NK cell markers	CD4+Treg	21	PKM	"PKM"	1.24938027359726	4.59518713663936e-235	1.15045105152903e-230	0.671	0.349	Supplementary Table 2. Marker genes for T/I/NK cell clusters, related to Figure S2, Figures 2-4.	F:/pan-gi-ici-ccc-20260709/GSE205506/supplement/mmc3.xlsx	28AA8BC71620AE3B667D0243891B631DA3B8EB1576108C88463B2F66979EAC80
T_I_NK cell markers	CD4+Treg	22	RTKN2	"RTKN2"	1.21891232429056	0	0	0.27	0.036	Supplementary Table 2. Marker genes for T/I/NK cell clusters, related to Figure S2, Figures 2-4.	F:/pan-gi-ici-ccc-20260709/GSE205506/supplement/mmc3.xlsx	28AA8BC71620AE3B667D0243891B631DA3B8EB1576108C88463B2F66979EAC80
T_I_NK cell markers	CD4+Treg	23	ICA1	"ICA1"	1.20028433530174	0	0	0.342	0.061	Supplementary Table 2. Marker genes for T/I/NK cell clusters, related to Figure S2, Figures 2-4.	F:/pan-gi-ici-ccc-20260709/GSE205506/supplement/mmc3.xlsx	28AA8BC71620AE3B667D0243891B631DA3B8EB1576108C88463B2F66979EAC80
T_I_NK cell markers	CD4+Treg	24	IL32	"IL32"	1.19013636139544	0	0	0.993	0.895	Supplementary Table 2. Marker genes for T/I/NK cell clusters, related to Figure S2, Figures 2-4.	F:/pan-gi-ici-ccc-20260709/GSE205506/supplement/mmc3.xlsx	28AA8BC71620AE3B667D0243891B631DA3B8EB1576108C88463B2F66979EAC80
T_I_NK cell markers	CD4+Treg	25	S100A4	"S100A4"	1.18493628392157	0	0	0.957	0.762	Supplementary Table 2. Marker genes for T/I/NK cell clusters, related to Figure S2, Figures 2-4.	F:/pan-gi-ici-ccc-20260709/GSE205506/supplement/mmc3.xlsx	28AA8BC71620AE3B667D0243891B631DA3B8EB1576108C88463B2F66979EAC80
T_I_NK cell markers	CD4+Treg	26	CTSC	"CTSC"	1.16710527218741	1.23185463734872e-234	3.08407127006626e-230	0.675	0.352	Supplementary Table 2. Marker genes for T/I/NK cell clusters, related to Figure S2, Figures 2-4.	F:/pan-gi-ici-ccc-20260709/GSE205506/supplement/mmc3.xlsx	28AA8BC71620AE3B667D0243891B631DA3B8EB1576108C88463B2F66979EAC80
T_I_NK cell markers	CD4+Treg	27	DUSP4	"DUSP4"	1.15908745252499	3.35965272679579e-301	8.41122656680595e-297	0.41	0.113	Supplementary Table 2. Marker genes for T/I/NK cell clusters, related to Figure S2, Figures 2-4.	F:/pan-gi-ici-ccc-20260709/GSE205506/supplement/mmc3.xlsx	28AA8BC71620AE3B667D0243891B631DA3B8EB1576108C88463B2F66979EAC80
T_I_NK cell markers	CD4+Treg	28	CARD16	"CARD16"	1.15874781295102	1.96357758238374e-265	4.91601283525594e-261	0.495	0.175	Supplementary Table 2. Marker genes for T/I/NK cell clusters, related to Figure S2, Figures 2-4.	F:/pan-gi-ici-ccc-20260709/GSE205506/supplement/mmc3.xlsx	28AA8BC71620AE3B667D0243891B631DA3B8EB1576108C88463B2F66979EAC80
T_I_NK cell markers	CD4+Treg	29	CREM	"CREM"	1.15274226127269	4.13715826415584e-231	1.03577894301406e-226	0.39	0.125	Supplementary Table 2. Marker genes for T/I/NK cell clusters, related to Figure S2, Figures 2-4.	F:/pan-gi-ici-ccc-20260709/GSE205506/supplement/mmc3.xlsx	28AA8BC71620AE3B667D0243891B631DA3B8EB1576108C88463B2F66979EAC80
T_I_NK cell markers	CD4+Treg	30	MAF	"MAF"	1.15046080895203	4.76628704728261e-308	1.19328762515767e-303	0.515	0.166	Supplementary Table 2. Marker genes for T/I/NK cell clusters, related to Figure S2, Figures 2-4.	F:/pan-gi-ici-ccc-20260709/GSE205506/supplement/mmc3.xlsx	28AA8BC71620AE3B667D0243891B631DA3B8EB1576108C88463B2F66979EAC80
T_I_NK cell markers	CD4+Treg	31	BIRC3	"BIRC3"	1.12042163386582	4.83729241594312e-214	1.21106452925552e-209	0.542	0.231	Supplementary Table 2. Marker genes for T/I/NK cell clusters, related to Figure S2, Figures 2-4.	F:/pan-gi-ici-ccc-20260709/GSE205506/supplement/mmc3.xlsx	28AA8BC71620AE3B667D0243891B631DA3B8EB1576108C88463B2F66979EAC80
T_I_NK cell markers	CD4+Treg	32	UCP2	"UCP2"	1.11451077671049	6.7003772238342e-205	1.67750644175913e-200	0.558	0.256	Supplementary Table 2. Marker genes for T/I/NK cell clusters, related to Figure S2, Figures 2-4.	F:/pan-gi-ici-ccc-20260709/GSE205506/supplement/mmc3.xlsx	28AA8BC71620AE3B667D0243891B631DA3B8EB1576108C88463B2F66979EAC80
T_I_NK cell markers	CD4+Treg	33	NFKBIA	"NFKBIA"	1.08396504705115	2.07593966924107e-127	5.19732255591194e-123	0.611	0.361	Supplementary Table 2. Marker genes for T/I/NK cell clusters, related to Figure S2, Figures 2-4.	F:/pan-gi-ici-ccc-20260709/GSE205506/supplement/mmc3.xlsx	28AA8BC71620AE3B667D0243891B631DA3B8EB1576108C88463B2F66979EAC80
T_I_NK cell markers	CD4+Treg	34	CD27	"CD27"	1.08281983258128	1.43669615616143e-275	3.59691249656577e-271	0.651	0.276	Supplementary Table 2. Marker genes for T/I/NK cell clusters, related to Figure S2, Figures 2-4.	F:/pan-gi-ici-ccc-20260709/GSE205506/supplement/mmc3.xlsx	28AA8BC71620AE3B667D0243891B631DA3B8EB1576108C88463B2F66979EAC80
T_I_NK cell markers	CD4+Treg	35	GLRX	"GLRX"	1.080072539267	5.66616890939706e-254	1.41858204815665e-249	0.411	0.129	Supplementary Table 2. Marker genes for T/I/NK cell clusters, related to Figure S2, Figures 2-4.	F:/pan-gi-ici-ccc-20260709/GSE205506/supplement/mmc3.xlsx	28AA8BC71620AE3B667D0243891B631DA3B8EB1576108C88463B2F66979EAC80
T_I_NK cell markers	CD4+Treg	36	MAGEH1	"MAGEH1"	1.06970781742971	5.34997202137722e-264	1.339418995272e-259	0.256	0.052	Supplementary Table 2. Marker genes for T/I/NK cell clusters, related to Figure S2, Figures 2-4.	F:/pan-gi-ici-ccc-20260709/GSE205506/supplement/mmc3.xlsx	28AA8BC71620AE3B667D0243891B631DA3B8EB1576108C88463B2F66979EAC80
T_I_NK cell markers	CD4+Treg	37	NAMPT	"NAMPT"	1.05523352540958	1.94250033891728e-285	4.86324384851331e-281	0.38	0.101	Supplementary Table 2. Marker genes for T/I/NK cell clusters, related to Figure S2, Figures 2-4.	F:/pan-gi-ici-ccc-20260709/GSE205506/supplement/mmc3.xlsx	28AA8BC71620AE3B667D0243891B631DA3B8EB1576108C88463B2F66979EAC80
T_I_NK cell markers	CD4+Treg	38	GBP2	"GBP2"	1.01918675200823	8.42063596991302e-212	2.10819042142742e-207	0.49	0.196	Supplementary Table 2. Marker genes for T/I/NK cell clusters, related to Figure S2, Figures 2-4.	F:/pan-gi-ici-ccc-20260709/GSE205506/supplement/mmc3.xlsx	28AA8BC71620AE3B667D0243891B631DA3B8EB1576108C88463B2F66979EAC80
T_I_NK cell markers	CD4+Treg	39	PHLDA1	"PHLDA1"	1.00754380204938	4.65850137589615e-244	1.16630240446936e-239	0.332	0.088	Supplementary Table 2. Marker genes for T/I/NK cell clusters, related to Figure S2, Figures 2-4.	F:/pan-gi-ici-ccc-20260709/GSE205506/supplement/mmc3.xlsx	28AA8BC71620AE3B667D0243891B631DA3B8EB1576108C88463B2F66979EAC80
T_I_NK cell markers	CD4+Treg	40	CORO1B	"CORO1B"	1.001277020258	2.03942889773512e-187	5.10591418836965e-183	0.466	0.19	Supplementary Table 2. Marker genes for T/I/NK cell clusters, related to Figure S2, Figures 2-4.	F:/pan-gi-ici-ccc-20260709/GSE205506/supplement/mmc3.xlsx	28AA8BC71620AE3B667D0243891B631DA3B8EB1576108C88463B2F66979EAC80
T_I_NK cell markers	CD4+Treg	41	ARID5B	"ARID5B"	0.980815941357982	6.45604970757421e-194	1.61633660478828e-189	0.425	0.158	Supplementary Table 2. Marker genes for T/I/NK cell clusters, related to Figure S2, Figures 2-4.	F:/pan-gi-ici-ccc-20260709/GSE205506/supplement/mmc3.xlsx	28AA8BC71620AE3B667D0243891B631DA3B8EB1576108C88463B2F66979EAC80
T_I_NK cell markers	CD4+Treg	42	SH2D2A	"SH2D2A"	0.975871779232361	1.42683146169453e-188	3.57221524749841e-184	0.464	0.19	Supplementary Table 2. Marker genes for T/I/NK cell clusters, related to Figure S2, Figures 2-4.	F:/pan-gi-ici-ccc-20260709/GSE205506/supplement/mmc3.xlsx	28AA8BC71620AE3B667D0243891B631DA3B8EB1576108C88463B2F66979EAC80
T_I_NK cell markers	CD4+Treg	43	PMAIP1	"PMAIP1"	0.92253040363061	7.49327341401517e-191	1.87601593193284e-186	0.281	0.078	Supplementary Table 2. Marker genes for T/I/NK cell clusters, related to Figure S2, Figures 2-4.	F:/pan-gi-ici-ccc-20260709/GSE205506/supplement/mmc3.xlsx	28AA8BC71620AE3B667D0243891B631DA3B8EB1576108C88463B2F66979EAC80
T_I_NK cell markers	CD4+Treg	44	SOCS3	"SOCS3"	0.916955793581446	3.01164467671256e-167	7.53995361261756e-163	0.322	0.107	Supplementary Table 2. Marker genes for T/I/NK cell clusters, related to Figure S2, Figures 2-4.	F:/pan-gi-ici-ccc-20260709/GSE205506/supplement/mmc3.xlsx	28AA8BC71620AE3B667D0243891B631DA3B8EB1576108C88463B2F66979EAC80
T_I_NK cell markers	CD4+Treg	45	RGS1	"RGS1"	0.905295016801594	5.4042284005789e-141	1.35300262236893e-136	0.611	0.34	Supplementary Table 2. Marker genes for T/I/NK cell clusters, related to Figure S2, Figures 2-4.	F:/pan-gi-ici-ccc-20260709/GSE205506/supplement/mmc3.xlsx	28AA8BC71620AE3B667D0243891B631DA3B8EB1576108C88463B2F66979EAC80
T_I_NK cell markers	CD4+Treg	46	PIM3	"PIM3"	0.902691509369009	3.12862492231114e-127	7.83282535549818e-123	0.314	0.123	Supplementary Table 2. Marker genes for T/I/NK cell clusters, related to Figure S2, Figures 2-4.	F:/pan-gi-ici-ccc-20260709/GSE205506/supplement/mmc3.xlsx	28AA8BC71620AE3B667D0243891B631DA3B8EB1576108C88463B2F66979EAC80
T_I_NK cell markers	CD4+Treg	47	CD4	"CD4"	0.898150629618064	7.74756900522918e-263	1.93968137614918e-258	0.374	0.102	Supplementary Table 2. Marker genes for T/I/NK cell clusters, related to Figure S2, Figures 2-4.	F:/pan-gi-ici-ccc-20260709/GSE205506/supplement/mmc3.xlsx	28AA8BC71620AE3B667D0243891B631DA3B8EB1576108C88463B2F66979EAC80
T_I_NK cell markers	CD4+Treg	48	PBXIP1	"PBXIP1"	0.886263737754115	7.47303487374032e-176	1.87094901098963e-171	0.447	0.18	Supplementary Table 2. Marker genes for T/I/NK cell clusters, related to Figure S2, Figures 2-4.	F:/pan-gi-ici-ccc-20260709/GSE205506/supplement/mmc3.xlsx	28AA8BC71620AE3B667D0243891B631DA3B8EB1576108C88463B2F66979EAC80
T_I_NK cell markers	CD4+Treg	49	ENO1	"ENO1"	0.881218379112978	1.26003807131533e-144	3.15463131534505e-140	0.702	0.449	Supplementary Table 2. Marker genes for T/I/NK cell clusters, related to Figure S2, Figures 2-4.	F:/pan-gi-ici-ccc-20260709/GSE205506/supplement/mmc3.xlsx	28AA8BC71620AE3B667D0243891B631DA3B8EB1576108C88463B2F66979EAC80
T_I_NK cell markers	CD4+Treg	50	PHACTR2	"PHACTR2"	0.876806038443598	1.62634476844658e-192	4.07171676228285e-188	0.403	0.143	Supplementary Table 2. Marker genes for T/I/NK cell clusters, related to Figure S2, Figures 2-4.	F:/pan-gi-ici-ccc-20260709/GSE205506/supplement/mmc3.xlsx	28AA8BC71620AE3B667D0243891B631DA3B8EB1576108C88463B2F66979EAC80
T_I_NK cell markers	CD8 Trm-mitotic	1	PPIG	"PPIG"	0.255137814264266	5.38421340135293e-26	1.34799166716272e-21	0.466	0.274	Supplementary Table 2. Marker genes for T/I/NK cell clusters, related to Figure S2, Figures 2-4.	F:/pan-gi-ici-ccc-20260709/GSE205506/supplement/mmc3.xlsx	28AA8BC71620AE3B667D0243891B631DA3B8EB1576108C88463B2F66979EAC80
T_I_NK cell markers	CD8+IEL	1	FOS	"FOS"	2.04826248917944	0	0	0.891	0.456	Supplementary Table 2. Marker genes for T/I/NK cell clusters, related to Figure S2, Figures 2-4.	F:/pan-gi-ici-ccc-20260709/GSE205506/supplement/mmc3.xlsx	28AA8BC71620AE3B667D0243891B631DA3B8EB1576108C88463B2F66979EAC80
T_I_NK cell markers	CD8+IEL	2	NR4A2	"NR4A2"	1.90762990756574	0	0	0.597	0.168	Supplementary Table 2. Marker genes for T/I/NK cell clusters, related to Figure S2, Figures 2-4.	F:/pan-gi-ici-ccc-20260709/GSE205506/supplement/mmc3.xlsx	28AA8BC71620AE3B667D0243891B631DA3B8EB1576108C88463B2F66979EAC80
T_I_NK cell markers	CD8+IEL	3	AC020916.1	"AC020916.1"	1.81907515364655	0	0	0.496	0.134	Supplementary Table 2. Marker genes for T/I/NK cell clusters, related to Figure S2, Figures 2-4.	F:/pan-gi-ici-ccc-20260709/GSE205506/supplement/mmc3.xlsx	28AA8BC71620AE3B667D0243891B631DA3B8EB1576108C88463B2F66979EAC80
T_I_NK cell markers	CD8+IEL	4	CD69	"CD69"	1.79954645985944	0	0	0.822	0.451	Supplementary Table 2. Marker genes for T/I/NK cell clusters, related to Figure S2, Figures 2-4.	F:/pan-gi-ici-ccc-20260709/GSE205506/supplement/mmc3.xlsx	28AA8BC71620AE3B667D0243891B631DA3B8EB1576108C88463B2F66979EAC80
T_I_NK cell markers	CD8+IEL	5	FOSB	"FOSB"	1.71133827230463	0	0	0.81	0.342	Supplementary Table 2. Marker genes for T/I/NK cell clusters, related to Figure S2, Figures 2-4.	F:/pan-gi-ici-ccc-20260709/GSE205506/supplement/mmc3.xlsx	28AA8BC71620AE3B667D0243891B631DA3B8EB1576108C88463B2F66979EAC80
T_I_NK cell markers	CD8+IEL	6	DNAJB1	"DNAJB1"	1.67973358661385	3.47386068478521e-300	8.69715761042825e-296	0.691	0.319	Supplementary Table 2. Marker genes for T/I/NK cell clusters, related to Figure S2, Figures 2-4.	F:/pan-gi-ici-ccc-20260709/GSE205506/supplement/mmc3.xlsx	28AA8BC71620AE3B667D0243891B631DA3B8EB1576108C88463B2F66979EAC80
T_I_NK cell markers	CD8+IEL	7	HSPA1A	"HSPA1A"	1.66058037776895	3.55512247480344e-125	8.90060462791788e-121	0.531	0.293	Supplementary Table 2. Marker genes for T/I/NK cell clusters, related to Figure S2, Figures 2-4.	F:/pan-gi-ici-ccc-20260709/GSE205506/supplement/mmc3.xlsx	28AA8BC71620AE3B667D0243891B631DA3B8EB1576108C88463B2F66979EAC80
T_I_NK cell markers	CD8+IEL	8	NR4A1	"NR4A1"	1.65671598862288	0	0	0.38	0.068	Supplementary Table 2. Marker genes for T/I/NK cell clusters, related to Figure S2, Figures 2-4.	F:/pan-gi-ici-ccc-20260709/GSE205506/supplement/mmc3.xlsx	28AA8BC71620AE3B667D0243891B631DA3B8EB1576108C88463B2F66979EAC80
T_I_NK cell markers	CD8+IEL	9	HSPA1B	"HSPA1B"	1.64673484856567	1.53128656028682e-226	3.83372903233407e-222	0.672	0.343	Supplementary Table 2. Marker genes for T/I/NK cell clusters, related to Figure S2, Figures 2-4.	F:/pan-gi-ici-ccc-20260709/GSE205506/supplement/mmc3.xlsx	28AA8BC71620AE3B667D0243891B631DA3B8EB1576108C88463B2F66979EAC80
T_I_NK cell markers	CD8+IEL	10	JUN	"JUN"	1.64319771088469	0	0	0.94	0.669	Supplementary Table 2. Marker genes for T/I/NK cell clusters, related to Figure S2, Figures 2-4.	F:/pan-gi-ici-ccc-20260709/GSE205506/supplement/mmc3.xlsx	28AA8BC71620AE3B667D0243891B631DA3B8EB1576108C88463B2F66979EAC80
T_I_NK cell markers	CD8+IEL	11	ZFP36	"ZFP36"	1.63139131994569	2.39931054716721e-267	6.00691388588784e-263	0.718	0.37	Supplementary Table 2. Marker genes for T/I/NK cell clusters, related to Figure S2, Figures 2-4.	F:/pan-gi-ici-ccc-20260709/GSE205506/supplement/mmc3.xlsx	28AA8BC71620AE3B667D0243891B631DA3B8EB1576108C88463B2F66979EAC80
T_I_NK cell markers	CD8+IEL	12	BTG2	"BTG2"	1.51539964276594	3.16714967335157e-242	7.92927592220299e-238	0.526	0.204	Supplementary Table 2. Marker genes for T/I/NK cell clusters, related to Figure S2, Figures 2-4.	F:/pan-gi-ici-ccc-20260709/GSE205506/supplement/mmc3.xlsx	28AA8BC71620AE3B667D0243891B631DA3B8EB1576108C88463B2F66979EAC80
T_I_NK cell markers	CD8+IEL	13	DUSP1	"DUSP1"	1.43357378497097	3.73009558232372e-297	9.33866729990567e-293	0.863	0.507	Supplementary Table 2. Marker genes for T/I/NK cell clusters, related to Figure S2, Figures 2-4.	F:/pan-gi-ici-ccc-20260709/GSE205506/supplement/mmc3.xlsx	28AA8BC71620AE3B667D0243891B631DA3B8EB1576108C88463B2F66979EAC80
T_I_NK cell markers	CD8+IEL	14	PPP1R15A	"PPP1R15A"	1.43095419646729	0	0	0.685	0.292	Supplementary Table 2. Marker genes for T/I/NK cell clusters, related to Figure S2, Figures 2-4.	F:/pan-gi-ici-ccc-20260709/GSE205506/supplement/mmc3.xlsx	28AA8BC71620AE3B667D0243891B631DA3B8EB1576108C88463B2F66979EAC80
T_I_NK cell markers	CD8+IEL	15	IFNG	"IFNG"	1.37215667166684	1.2632360474111e-93	3.16263776829842e-89	0.338	0.155	Supplementary Table 2. Marker genes for T/I/NK cell clusters, related to Figure S2, Figures 2-4.	F:/pan-gi-ici-ccc-20260709/GSE205506/supplement/mmc3.xlsx	28AA8BC71620AE3B667D0243891B631DA3B8EB1576108C88463B2F66979EAC80
T_I_NK cell markers	CD8+IEL	16	HSP90AA1	"HSP90AA1"	1.37192886795238	1.26026648838895e-240	3.15520318033057e-236	0.933	0.789	Supplementary Table 2. Marker genes for T/I/NK cell clusters, related to Figure S2, Figures 2-4.	F:/pan-gi-ici-ccc-20260709/GSE205506/supplement/mmc3.xlsx	28AA8BC71620AE3B667D0243891B631DA3B8EB1576108C88463B2F66979EAC80
T_I_NK cell markers	CD8+IEL	17	GADD45B	"GADD45B"	1.31909793907945	4.96916403563271e-230	1.24407990796101e-225	0.626	0.287	Supplementary Table 2. Marker genes for T/I/NK cell clusters, related to Figure S2, Figures 2-4.	F:/pan-gi-ici-ccc-20260709/GSE205506/supplement/mmc3.xlsx	28AA8BC71620AE3B667D0243891B631DA3B8EB1576108C88463B2F66979EAC80
T_I_NK cell markers	CD8+IEL	18	JUNB	"JUNB"	1.21162271479557	2.85394082080268e-261	7.1451262389616e-257	0.905	0.616	Supplementary Table 2. Marker genes for T/I/NK cell clusters, related to Figure S2, Figures 2-4.	F:/pan-gi-ici-ccc-20260709/GSE205506/supplement/mmc3.xlsx	28AA8BC71620AE3B667D0243891B631DA3B8EB1576108C88463B2F66979EAC80
T_I_NK cell markers	CD8+IEL	19	TNFAIP3	"TNFAIP3"	1.2100809914163	5.73760110770633e-123	1.43646581332536e-118	0.48	0.245	Supplementary Table 2. Marker genes for T/I/NK cell clusters, related to Figure S2, Figures 2-4.	F:/pan-gi-ici-ccc-20260709/GSE205506/supplement/mmc3.xlsx	28AA8BC71620AE3B667D0243891B631DA3B8EB1576108C88463B2F66979EAC80
T_I_NK cell markers	CD8+IEL	20	JUND	"JUND"	1.20867933183277	0	0	0.959	0.762	Supplementary Table 2. Marker genes for T/I/NK cell clusters, related to Figure S2, Figures 2-4.	F:/pan-gi-ici-ccc-20260709/GSE205506/supplement/mmc3.xlsx	28AA8BC71620AE3B667D0243891B631DA3B8EB1576108C88463B2F66979EAC80
T_I_NK cell markers	CD8+IEL	21	ZNF331	"ZNF331"	1.20004635178558	4.93169528742527e-137	1.23469923215979e-132	0.27	0.087	Supplementary Table 2. Marker genes for T/I/NK cell clusters, related to Figure S2, Figures 2-4.	F:/pan-gi-ici-ccc-20260709/GSE205506/supplement/mmc3.xlsx	28AA8BC71620AE3B667D0243891B631DA3B8EB1576108C88463B2F66979EAC80
T_I_NK cell markers	CD8+IEL	22	SLC2A3	"SLC2A3"	1.16366898668943	2.54878658171519e-146	6.38114208598214e-142	0.566	0.298	Supplementary Table 2. Marker genes for T/I/NK cell clusters, related to Figure S2, Figures 2-4.	F:/pan-gi-ici-ccc-20260709/GSE205506/supplement/mmc3.xlsx	28AA8BC71620AE3B667D0243891B631DA3B8EB1576108C88463B2F66979EAC80
T_I_NK cell markers	CD8+IEL	23	RGS2	"RGS2"	1.10067989150558	1.27410007485274e-208	3.18983694740133e-204	0.34	0.097	Supplementary Table 2. Marker genes for T/I/NK cell clusters, related to Figure S2, Figures 2-4.	F:/pan-gi-ici-ccc-20260709/GSE205506/supplement/mmc3.xlsx	28AA8BC71620AE3B667D0243891B631DA3B8EB1576108C88463B2F66979EAC80
T_I_NK cell markers	CD8+IEL	24	IER5	"IER5"	1.08327240590093	1.22909233652427e-180	3.07715557372217e-176	0.466	0.187	Supplementary Table 2. Marker genes for T/I/NK cell clusters, related to Figure S2, Figures 2-4.	F:/pan-gi-ici-ccc-20260709/GSE205506/supplement/mmc3.xlsx	28AA8BC71620AE3B667D0243891B631DA3B8EB1576108C88463B2F66979EAC80
T_I_NK cell markers	CD8+IEL	25	HSPH1	"HSPH1"	1.08241601207491	1.72789665065561e-120	4.32596205458138e-116	0.301	0.113	Supplementary Table 2. Marker genes for T/I/NK cell clusters, related to Figure S2, Figures 2-4.	F:/pan-gi-ici-ccc-20260709/GSE205506/supplement/mmc3.xlsx	28AA8BC71620AE3B667D0243891B631DA3B8EB1576108C88463B2F66979EAC80
T_I_NK cell markers	CD8+IEL	26	CD160	"CD160"	1.07933547060161	3.48267669639172e-209	8.7192293770863e-205	0.312	0.082	Supplementary Table 2. Marker genes for T/I/NK cell clusters, related to Figure S2, Figures 2-4.	F:/pan-gi-ici-ccc-20260709/GSE205506/supplement/mmc3.xlsx	28AA8BC71620AE3B667D0243891B631DA3B8EB1576108C88463B2F66979EAC80
T_I_NK cell markers	CD8+IEL	27	CITED2	"CITED2"	1.07124472387244	5.62873029382728e-160	1.4092089163626e-155	0.413	0.161	Supplementary Table 2. Marker genes for T/I/NK cell clusters, related to Figure S2, Figures 2-4.	F:/pan-gi-ici-ccc-20260709/GSE205506/supplement/mmc3.xlsx	28AA8BC71620AE3B667D0243891B631DA3B8EB1576108C88463B2F66979EAC80
T_I_NK cell markers	CD8+IEL	28	XCL2	"XCL2"	1.07050713914948	2.58243274611646e-96	6.46537862317716e-92	0.335	0.144	Supplementary Table 2. Marker genes for T/I/NK cell clusters, related to Figure S2, Figures 2-4.	F:/pan-gi-ici-ccc-20260709/GSE205506/supplement/mmc3.xlsx	28AA8BC71620AE3B667D0243891B631DA3B8EB1576108C88463B2F66979EAC80
T_I_NK cell markers	CD8+IEL	29	IER2	"IER2"	1.0634691429262	1.01352781504553e-171	2.537468237748e-167	0.702	0.404	Supplementary Table 2. Marker genes for T/I/NK cell clusters, related to Figure S2, Figures 2-4.	F:/pan-gi-ici-ccc-20260709/GSE205506/supplement/mmc3.xlsx	28AA8BC71620AE3B667D0243891B631DA3B8EB1576108C88463B2F66979EAC80
T_I_NK cell markers	CD8+IEL	30	KLF6	"KLF6"	1.0432773615379	4.56994076474183e-110	1.14413036986077e-105	0.723	0.513	Supplementary Table 2. Marker genes for T/I/NK cell clusters, related to Figure S2, Figures 2-4.	F:/pan-gi-ici-ccc-20260709/GSE205506/supplement/mmc3.xlsx	28AA8BC71620AE3B667D0243891B631DA3B8EB1576108C88463B2F66979EAC80
T_I_NK cell markers	CD8+IEL	31	NFKBIA	"NFKBIA"	1.03973264822791	2.27701812918768e-103	5.70074258823427e-99	0.59	0.365	Supplementary Table 2. Marker genes for T/I/NK cell clusters, related to Figure S2, Figures 2-4.	F:/pan-gi-ici-ccc-20260709/GSE205506/supplement/mmc3.xlsx	28AA8BC71620AE3B667D0243891B631DA3B8EB1576108C88463B2F66979EAC80
T_I_NK cell markers	CD8+IEL	32	DNAJA1	"DNAJA1"	1.02864091714299	1.10776750515854e-143	2.77340672591492e-139	0.537	0.28	Supplementary Table 2. Marker genes for T/I/NK cell clusters, related to Figure S2, Figures 2-4.	F:/pan-gi-ici-ccc-20260709/GSE205506/supplement/mmc3.xlsx	28AA8BC71620AE3B667D0243891B631DA3B8EB1576108C88463B2F66979EAC80
T_I_NK cell markers	CD8+IEL	33	SERTAD1	"SERTAD1"	1.02534367496508	4.00724821772536e-186	1.00325466378972e-181	0.388	0.133	Supplementary Table 2. Marker genes for T/I/NK cell clusters, related to Figure S2, Figures 2-4.	F:/pan-gi-ici-ccc-20260709/GSE205506/supplement/mmc3.xlsx	28AA8BC71620AE3B667D0243891B631DA3B8EB1576108C88463B2F66979EAC80
T_I_NK cell markers	CD8+IEL	34	TUBB4B	"TUBB4B"	1.01311223182896	2.96466576381939e-151	7.42233720629824e-147	0.537	0.26	Supplementary Table 2. Marker genes for T/I/NK cell clusters, related to Figure S2, Figures 2-4.	F:/pan-gi-ici-ccc-20260709/GSE205506/supplement/mmc3.xlsx	28AA8BC71620AE3B667D0243891B631DA3B8EB1576108C88463B2F66979EAC80
T_I_NK cell markers	CD8+IEL	35	TRGC2	"TRGC2"	0.990610410653596	2.80517495170506e-174	7.02303600908879e-170	0.538	0.231	Supplementary Table 2. Marker genes for T/I/NK cell clusters, related to Figure S2, Figures 2-4.	F:/pan-gi-ici-ccc-20260709/GSE205506/supplement/mmc3.xlsx	28AA8BC71620AE3B667D0243891B631DA3B8EB1576108C88463B2F66979EAC80
T_I_NK cell markers	CD8+IEL	36	CCL4L2	"CCL4L2"	0.986403912183168	5.835643286344e-14	1.46101165316908e-09	0.272	0.199	Supplementary Table 2. Marker genes for T/I/NK cell clusters, related to Figure S2, Figures 2-4.	F:/pan-gi-ici-ccc-20260709/GSE205506/supplement/mmc3.xlsx	28AA8BC71620AE3B667D0243891B631DA3B8EB1576108C88463B2F66979EAC80
T_I_NK cell markers	CD8+IEL	37	ITGA1	"ITGA1"	0.967105915302684	3.67717030275929e-173	9.20616356998816e-169	0.475	0.189	Supplementary Table 2. Marker genes for T/I/NK cell clusters, related to Figure S2, Figures 2-4.	F:/pan-gi-ici-ccc-20260709/GSE205506/supplement/mmc3.xlsx	28AA8BC71620AE3B667D0243891B631DA3B8EB1576108C88463B2F66979EAC80
T_I_NK cell markers	CD8+IEL	38	ZFP36L1	"ZFP36L1"	0.954688772216036	8.39743712165953e-72	2.10238235777868e-67	0.633	0.46	Supplementary Table 2. Marker genes for T/I/NK cell clusters, related to Figure S2, Figures 2-4.	F:/pan-gi-ici-ccc-20260709/GSE205506/supplement/mmc3.xlsx	28AA8BC71620AE3B667D0243891B631DA3B8EB1576108C88463B2F66979EAC80
T_I_NK cell markers	CD8+IEL	39	ID2	"ID2"	0.939285094848995	2.177601812681e-175	5.45184389822815e-171	0.765	0.448	Supplementary Table 2. Marker genes for T/I/NK cell clusters, related to Figure S2, Figures 2-4.	F:/pan-gi-ici-ccc-20260709/GSE205506/supplement/mmc3.xlsx	28AA8BC71620AE3B667D0243891B631DA3B8EB1576108C88463B2F66979EAC80
T_I_NK cell markers	CD8+IEL	40	KLRC2	"KLRC2"	0.928240371399861	4.48481597884631e-115	1.12281852846396e-110	0.317	0.121	Supplementary Table 2. Marker genes for T/I/NK cell clusters, related to Figure S2, Figures 2-4.	F:/pan-gi-ici-ccc-20260709/GSE205506/supplement/mmc3.xlsx	28AA8BC71620AE3B667D0243891B631DA3B8EB1576108C88463B2F66979EAC80
T_I_NK cell markers	CD8+IEL	41	UBE2S	"UBE2S"	0.913819543640183	1.07276132659005e-128	2.68576525725085e-124	0.409	0.177	Supplementary Table 2. Marker genes for T/I/NK cell clusters, related to Figure S2, Figures 2-4.	F:/pan-gi-ici-ccc-20260709/GSE205506/supplement/mmc3.xlsx	28AA8BC71620AE3B667D0243891B631DA3B8EB1576108C88463B2F66979EAC80
T_I_NK cell markers	CD8+IEL	42	FAM53C	"FAM53C"	0.892088331159464	1.52970861526274e-135	3.82977848917179e-131	0.268	0.085	Supplementary Table 2. Marker genes for T/I/NK cell clusters, related to Figure S2, Figures 2-4.	F:/pan-gi-ici-ccc-20260709/GSE205506/supplement/mmc3.xlsx	28AA8BC71620AE3B667D0243891B631DA3B8EB1576108C88463B2F66979EAC80
T_I_NK cell markers	CD8+IEL	43	IER5L	"IER5L"	0.89207534662954	6.74697470462729e-150	1.68917258705049e-145	0.27	0.081	Supplementary Table 2. Marker genes for T/I/NK cell clusters, related to Figure S2, Figures 2-4.	F:/pan-gi-ici-ccc-20260709/GSE205506/supplement/mmc3.xlsx	28AA8BC71620AE3B667D0243891B631DA3B8EB1576108C88463B2F66979EAC80
T_I_NK cell markers	CD8+IEL	44	MYADM	"MYADM"	0.877822865220144	2.71645045712032e-112	6.80090536444643e-108	0.25	0.086	Supplementary Table 2. Marker genes for T/I/NK cell clusters, related to Figure S2, Figures 2-4.	F:/pan-gi-ici-ccc-20260709/GSE205506/supplement/mmc3.xlsx	28AA8BC71620AE3B667D0243891B631DA3B8EB1576108C88463B2F66979EAC80
T_I_NK cell markers	CD8+IEL	45	TUBA1A	"TUBA1A"	0.862856707998506	1.83385406813174e-105	4.59123704497462e-101	0.453	0.23	Supplementary Table 2. Marker genes for T/I/NK cell clusters, related to Figure S2, Figures 2-4.	F:/pan-gi-ici-ccc-20260709/GSE205506/supplement/mmc3.xlsx	28AA8BC71620AE3B667D0243891B631DA3B8EB1576108C88463B2F66979EAC80
T_I_NK cell markers	CD8+IEL	46	RGS1	"RGS1"	0.85842453182395	1.56001004992017e-82	3.90564116098014e-78	0.562	0.346	Supplementary Table 2. Marker genes for T/I/NK cell clusters, related to Figure S2, Figures 2-4.	F:/pan-gi-ici-ccc-20260709/GSE205506/supplement/mmc3.xlsx	28AA8BC71620AE3B667D0243891B631DA3B8EB1576108C88463B2F66979EAC80
T_I_NK cell markers	CD8+IEL	47	MCL1	"MCL1"	0.856603279771666	1.84061526711007e-98	4.60816438273678e-94	0.592	0.377	Supplementary Table 2. Marker genes for T/I/NK cell clusters, related to Figure S2, Figures 2-4.	F:/pan-gi-ici-ccc-20260709/GSE205506/supplement/mmc3.xlsx	28AA8BC71620AE3B667D0243891B631DA3B8EB1576108C88463B2F66979EAC80
T_I_NK cell markers	CD8+IEL	48	HOPX	"HOPX"	0.855812136392513	3.71473618359303e-161	9.30021350924352e-157	0.544	0.236	Supplementary Table 2. Marker genes for T/I/NK cell clusters, related to Figure S2, Figures 2-4.	F:/pan-gi-ici-ccc-20260709/GSE205506/supplement/mmc3.xlsx	28AA8BC71620AE3B667D0243891B631DA3B8EB1576108C88463B2F66979EAC80
T_I_NK cell markers	CD8+IEL	49	DDX3X	"DDX3X"	0.846827854965876	4.79553021147723e-77	1.20060894374544e-72	0.615	0.426	Supplementary Table 2. Marker genes for T/I/NK cell clusters, related to Figure S2, Figures 2-4.	F:/pan-gi-ici-ccc-20260709/GSE205506/supplement/mmc3.xlsx	28AA8BC71620AE3B667D0243891B631DA3B8EB1576108C88463B2F66979EAC80
T_I_NK cell markers	CD8+IEL	50	TSC22D3	"TSC22D3"	0.830380534398937	6.01598273927454e-59	1.50616143860477e-54	0.708	0.584	Supplementary Table 2. Marker genes for T/I/NK cell clusters, related to Figure S2, Figures 2-4.	F:/pan-gi-ici-ccc-20260709/GSE205506/supplement/mmc3.xlsx	28AA8BC71620AE3B667D0243891B631DA3B8EB1576108C88463B2F66979EAC80
T_I_NK cell markers	CD8+MAIT	1	CD8A	"CD8A"	1.27659408818323	0	0	0.743	0.282	Supplementary Table 2. Marker genes for T/I/NK cell clusters, related to Figure S2, Figures 2-4.	F:/pan-gi-ici-ccc-20260709/GSE205506/supplement/mmc3.xlsx	28AA8BC71620AE3B667D0243891B631DA3B8EB1576108C88463B2F66979EAC80
T_I_NK cell markers	CD8+MAIT	2	KLRB1	"KLRB1"	1.14306590771587	4.2807056946639e-172	1.07171747771605e-167	0.628	0.368	Supplementary Table 2. Marker genes for T/I/NK cell clusters, related to Figure S2, Figures 2-4.	F:/pan-gi-ici-ccc-20260709/GSE205506/supplement/mmc3.xlsx	28AA8BC71620AE3B667D0243891B631DA3B8EB1576108C88463B2F66979EAC80
T_I_NK cell markers	CD8+MAIT	3	LINC01871	"LINC01871"	0.978083566943473	2.66564537672146e-229	6.67370976515985e-225	0.51	0.206	Supplementary Table 2. Marker genes for T/I/NK cell clusters, related to Figure S2, Figures 2-4.	F:/pan-gi-ici-ccc-20260709/GSE205506/supplement/mmc3.xlsx	28AA8BC71620AE3B667D0243891B631DA3B8EB1576108C88463B2F66979EAC80
T_I_NK cell markers	CD8+MAIT	4	CD8B	"CD8B"	0.939332790080987	8.22051510276449e-257	2.05808816112812e-252	0.551	0.212	Supplementary Table 2. Marker genes for T/I/NK cell clusters, related to Figure S2, Figures 2-4.	F:/pan-gi-ici-ccc-20260709/GSE205506/supplement/mmc3.xlsx	28AA8BC71620AE3B667D0243891B631DA3B8EB1576108C88463B2F66979EAC80
T_I_NK cell markers	CD8+MAIT	5	OSTF1	"OSTF1"	0.794010751895228	1.64360866708507e-134	4.11493865891419e-130	0.494	0.263	Supplementary Table 2. Marker genes for T/I/NK cell clusters, related to Figure S2, Figures 2-4.	F:/pan-gi-ici-ccc-20260709/GSE205506/supplement/mmc3.xlsx	28AA8BC71620AE3B667D0243891B631DA3B8EB1576108C88463B2F66979EAC80
T_I_NK cell markers	CD8+MAIT	6	JAML	"JAML"	0.792197472360831	5.18507802220277e-158	1.29813613363869e-153	0.373	0.149	Supplementary Table 2. Marker genes for T/I/NK cell clusters, related to Figure S2, Figures 2-4.	F:/pan-gi-ici-ccc-20260709/GSE205506/supplement/mmc3.xlsx	28AA8BC71620AE3B667D0243891B631DA3B8EB1576108C88463B2F66979EAC80
T_I_NK cell markers	CD8+MAIT	7	TMIGD2	"TMIGD2"	0.786654471497024	3.62452690336016e-163	9.0743655552525e-159	0.302	0.103	Supplementary Table 2. Marker genes for T/I/NK cell clusters, related to Figure S2, Figures 2-4.	F:/pan-gi-ici-ccc-20260709/GSE205506/supplement/mmc3.xlsx	28AA8BC71620AE3B667D0243891B631DA3B8EB1576108C88463B2F66979EAC80
T_I_NK cell markers	CD8+MAIT	8	CAPG	"CAPG"	0.768205426213734	7.80926328550222e-152	1.95512715615834e-147	0.39	0.163	Supplementary Table 2. Marker genes for T/I/NK cell clusters, related to Figure S2, Figures 2-4.	F:/pan-gi-ici-ccc-20260709/GSE205506/supplement/mmc3.xlsx	28AA8BC71620AE3B667D0243891B631DA3B8EB1576108C88463B2F66979EAC80
T_I_NK cell markers	CD8+MAIT	9	TRGC2	"TRGC2"	0.73095101205606	5.32356033551226e-144	1.33280656559885e-139	0.489	0.229	Supplementary Table 2. Marker genes for T/I/NK cell clusters, related to Figure S2, Figures 2-4.	F:/pan-gi-ici-ccc-20260709/GSE205506/supplement/mmc3.xlsx	28AA8BC71620AE3B667D0243891B631DA3B8EB1576108C88463B2F66979EAC80
T_I_NK cell markers	CD8+MAIT	10	ITGA1	"ITGA1"	0.718081454871579	4.69702617005944e-153	1.17594747193608e-148	0.434	0.187	Supplementary Table 2. Marker genes for T/I/NK cell clusters, related to Figure S2, Figures 2-4.	F:/pan-gi-ici-ccc-20260709/GSE205506/supplement/mmc3.xlsx	28AA8BC71620AE3B667D0243891B631DA3B8EB1576108C88463B2F66979EAC80
T_I_NK cell markers	CD8+MAIT	11	ABI3	"ABI3"	0.713537126378285	1.03111891989973e-138	2.58150932786097e-134	0.359	0.15	Supplementary Table 2. Marker genes for T/I/NK cell clusters, related to Figure S2, Figures 2-4.	F:/pan-gi-ici-ccc-20260709/GSE205506/supplement/mmc3.xlsx	28AA8BC71620AE3B667D0243891B631DA3B8EB1576108C88463B2F66979EAC80
T_I_NK cell markers	CD8+MAIT	12	HOPX	"HOPX"	0.703731583266689	6.34606054760436e-156	1.58879971869823e-151	0.507	0.233	Supplementary Table 2. Marker genes for T/I/NK cell clusters, related to Figure S2, Figures 2-4.	F:/pan-gi-ici-ccc-20260709/GSE205506/supplement/mmc3.xlsx	28AA8BC71620AE3B667D0243891B631DA3B8EB1576108C88463B2F66979EAC80
T_I_NK cell markers	CD8+MAIT	13	CXCR6	"CXCR6"	0.684455153786289	7.98045057522895e-90	1.99798560601432e-85	0.315	0.15	Supplementary Table 2. Marker genes for T/I/NK cell clusters, related to Figure S2, Figures 2-4.	F:/pan-gi-ici-ccc-20260709/GSE205506/supplement/mmc3.xlsx	28AA8BC71620AE3B667D0243891B631DA3B8EB1576108C88463B2F66979EAC80
T_I_NK cell markers	CD8+MAIT	14	FKBP11	"FKBP11"	0.67664582420446	8.72165279622239e-129	2.18355299406224e-124	0.319	0.129	Supplementary Table 2. Marker genes for T/I/NK cell clusters, related to Figure S2, Figures 2-4.	F:/pan-gi-ici-ccc-20260709/GSE205506/supplement/mmc3.xlsx	28AA8BC71620AE3B667D0243891B631DA3B8EB1576108C88463B2F66979EAC80
T_I_NK cell markers	CD8+MAIT	15	CCL5	"CCL5"	0.676272211357396	6.37106359045801e-195	1.59505948050707e-190	0.973	0.607	Supplementary Table 2. Marker genes for T/I/NK cell clusters, related to Figure S2, Figures 2-4.	F:/pan-gi-ici-ccc-20260709/GSE205506/supplement/mmc3.xlsx	28AA8BC71620AE3B667D0243891B631DA3B8EB1576108C88463B2F66979EAC80
T_I_NK cell markers	CD8+MAIT	16	ID2	"ID2"	0.65986950417115	2.72972451766549e-128	6.83413830242732e-124	0.714	0.446	Supplementary Table 2. Marker genes for T/I/NK cell clusters, related to Figure S2, Figures 2-4.	F:/pan-gi-ici-ccc-20260709/GSE205506/supplement/mmc3.xlsx	28AA8BC71620AE3B667D0243891B631DA3B8EB1576108C88463B2F66979EAC80
T_I_NK cell markers	CD8+MAIT	17	CD3G	"CD3G"	0.65707827132622	4.74610912664417e-127	1.18823588094664e-122	0.776	0.562	Supplementary Table 2. Marker genes for T/I/NK cell clusters, related to Figure S2, Figures 2-4.	F:/pan-gi-ici-ccc-20260709/GSE205506/supplement/mmc3.xlsx	28AA8BC71620AE3B667D0243891B631DA3B8EB1576108C88463B2F66979EAC80
T_I_NK cell markers	CD8+MAIT	18	ALOX5AP	"ALOX5AP"	0.61510944403313	1.99013669736525e-123	4.98250623552364e-119	0.72	0.451	Supplementary Table 2. Marker genes for T/I/NK cell clusters, related to Figure S2, Figures 2-4.	F:/pan-gi-ici-ccc-20260709/GSE205506/supplement/mmc3.xlsx	28AA8BC71620AE3B667D0243891B631DA3B8EB1576108C88463B2F66979EAC80
T_I_NK cell markers	CD8+MAIT	19	CKLF	"CKLF"	0.590104102811753	3.50374389379941e-85	8.77197321251619e-81	0.67	0.458	Supplementary Table 2. Marker genes for T/I/NK cell clusters, related to Figure S2, Figures 2-4.	F:/pan-gi-ici-ccc-20260709/GSE205506/supplement/mmc3.xlsx	28AA8BC71620AE3B667D0243891B631DA3B8EB1576108C88463B2F66979EAC80
T_I_NK cell markers	CD8+MAIT	20	SH3BGRL3	"SH3BGRL3"	0.580757066780155	5.98439286732599e-156	1.49825259826374e-151	0.964	0.877	Supplementary Table 2. Marker genes for T/I/NK cell clusters, related to Figure S2, Figures 2-4.	F:/pan-gi-ici-ccc-20260709/GSE205506/supplement/mmc3.xlsx	28AA8BC71620AE3B667D0243891B631DA3B8EB1576108C88463B2F66979EAC80
T_I_NK cell markers	CD8+MAIT	21	ITGAE	"ITGAE"	0.574899396979187	6.22389295123723e-79	1.55821383927175e-74	0.366	0.195	Supplementary Table 2. Marker genes for T/I/NK cell clusters, related to Figure S2, Figures 2-4.	F:/pan-gi-ici-ccc-20260709/GSE205506/supplement/mmc3.xlsx	28AA8BC71620AE3B667D0243891B631DA3B8EB1576108C88463B2F66979EAC80
T_I_NK cell markers	CD8+MAIT	22	GYG1	"GYG1"	0.565224256180049	7.97830437773808e-83	1.99744828401051e-78	0.315	0.154	Supplementary Table 2. Marker genes for T/I/NK cell clusters, related to Figure S2, Figures 2-4.	F:/pan-gi-ici-ccc-20260709/GSE205506/supplement/mmc3.xlsx	28AA8BC71620AE3B667D0243891B631DA3B8EB1576108C88463B2F66979EAC80
T_I_NK cell markers	CD8+MAIT	23	PLEKHF1	"PLEKHF1"	0.557548940805393	2.83808954659124e-97	7.10544098884582e-93	0.285	0.122	Supplementary Table 2. Marker genes for T/I/NK cell clusters, related to Figure S2, Figures 2-4.	F:/pan-gi-ici-ccc-20260709/GSE205506/supplement/mmc3.xlsx	28AA8BC71620AE3B667D0243891B631DA3B8EB1576108C88463B2F66979EAC80
T_I_NK cell markers	CD8+MAIT	24	THEMIS	"THEMIS"	0.543378683978264	5.3362005609989e-86	1.33597117245168e-81	0.265	0.116	Supplementary Table 2. Marker genes for T/I/NK cell clusters, related to Figure S2, Figures 2-4.	F:/pan-gi-ici-ccc-20260709/GSE205506/supplement/mmc3.xlsx	28AA8BC71620AE3B667D0243891B631DA3B8EB1576108C88463B2F66979EAC80
T_I_NK cell markers	CD8+MAIT	25	GPR171	"GPR171"	0.531945569509314	3.91907472679675e-79	9.81179548600835e-75	0.454	0.26	Supplementary Table 2. Marker genes for T/I/NK cell clusters, related to Figure S2, Figures 2-4.	F:/pan-gi-ici-ccc-20260709/GSE205506/supplement/mmc3.xlsx	28AA8BC71620AE3B667D0243891B631DA3B8EB1576108C88463B2F66979EAC80
T_I_NK cell markers	CD8+MAIT	26	CD52	"CD52"	0.520137188222164	4.90299687964186e-104	1.22751429878714e-99	0.876	0.705	Supplementary Table 2. Marker genes for T/I/NK cell clusters, related to Figure S2, Figures 2-4.	F:/pan-gi-ici-ccc-20260709/GSE205506/supplement/mmc3.xlsx	28AA8BC71620AE3B667D0243891B631DA3B8EB1576108C88463B2F66979EAC80
T_I_NK cell markers	CD8+MAIT	27	PDCD4	"PDCD4"	0.484156892130997	4.76892721540715e-61	1.19394861764934e-56	0.522	0.347	Supplementary Table 2. Marker genes for T/I/NK cell clusters, related to Figure S2, Figures 2-4.	F:/pan-gi-ici-ccc-20260709/GSE205506/supplement/mmc3.xlsx	28AA8BC71620AE3B667D0243891B631DA3B8EB1576108C88463B2F66979EAC80
T_I_NK cell markers	CD8+MAIT	28	MGAT4A	"MGAT4A"	0.47988988472857	7.67543145183522e-62	1.92162101828147e-57	0.264	0.133	Supplementary Table 2. Marker genes for T/I/NK cell clusters, related to Figure S2, Figures 2-4.	F:/pan-gi-ici-ccc-20260709/GSE205506/supplement/mmc3.xlsx	28AA8BC71620AE3B667D0243891B631DA3B8EB1576108C88463B2F66979EAC80
T_I_NK cell markers	CD8+MAIT	29	CD2	"CD2"	0.476186722319189	3.80019276866332e-85	9.51416261562548e-81	0.835	0.679	Supplementary Table 2. Marker genes for T/I/NK cell clusters, related to Figure S2, Figures 2-4.	F:/pan-gi-ici-ccc-20260709/GSE205506/supplement/mmc3.xlsx	28AA8BC71620AE3B667D0243891B631DA3B8EB1576108C88463B2F66979EAC80
T_I_NK cell markers	CD8+MAIT	30	RORA	"RORA"	0.458994462448735	4.33386050020549e-48	1.08502531483145e-43	0.466	0.311	Supplementary Table 2. Marker genes for T/I/NK cell clusters, related to Figure S2, Figures 2-4.	F:/pan-gi-ici-ccc-20260709/GSE205506/supplement/mmc3.xlsx	28AA8BC71620AE3B667D0243891B631DA3B8EB1576108C88463B2F66979EAC80
T_I_NK cell markers	CD8+MAIT	31	CD3D	"CD3D"	0.455502106112161	6.07284642693063e-93	1.52039783144635e-88	0.925	0.792	Supplementary Table 2. Marker genes for T/I/NK cell clusters, related to Figure S2, Figures 2-4.	F:/pan-gi-ici-ccc-20260709/GSE205506/supplement/mmc3.xlsx	28AA8BC71620AE3B667D0243891B631DA3B8EB1576108C88463B2F66979EAC80
T_I_NK cell markers	CD8+MAIT	32	HSPA1B	"HSPA1B"	0.448267876347284	2.63815385195197e-34	6.60488198374694e-30	0.478	0.354	Supplementary Table 2. Marker genes for T/I/NK cell clusters, related to Figure S2, Figures 2-4.	F:/pan-gi-ici-ccc-20260709/GSE205506/supplement/mmc3.xlsx	28AA8BC71620AE3B667D0243891B631DA3B8EB1576108C88463B2F66979EAC80
T_I_NK cell markers	CD8+MAIT	33	STK17B	"STK17B"	0.444973855086385	1.05912398751036e-50	2.65162281513093e-46	0.603	0.442	Supplementary Table 2. Marker genes for T/I/NK cell clusters, related to Figure S2, Figures 2-4.	F:/pan-gi-ici-ccc-20260709/GSE205506/supplement/mmc3.xlsx	28AA8BC71620AE3B667D0243891B631DA3B8EB1576108C88463B2F66979EAC80
T_I_NK cell markers	CD8+MAIT	34	RUNX3	"RUNX3"	0.420057383684373	2.09617523089037e-56	5.24798430805713e-52	0.451	0.28	Supplementary Table 2. Marker genes for T/I/NK cell clusters, related to Figure S2, Figures 2-4.	F:/pan-gi-ici-ccc-20260709/GSE205506/supplement/mmc3.xlsx	28AA8BC71620AE3B667D0243891B631DA3B8EB1576108C88463B2F66979EAC80
T_I_NK cell markers	CD8+MAIT	35	CD96	"CD96"	0.40933621232381	2.15863856771401e-51	5.40436751812881e-47	0.503	0.337	Supplementary Table 2. Marker genes for T/I/NK cell clusters, related to Figure S2, Figures 2-4.	F:/pan-gi-ici-ccc-20260709/GSE205506/supplement/mmc3.xlsx	28AA8BC71620AE3B667D0243891B631DA3B8EB1576108C88463B2F66979EAC80
T_I_NK cell markers	CD8+MAIT	36	JUN	"JUN"	0.407105239371528	9.66771710524566e-46	2.4204096544693e-41	0.796	0.676	Supplementary Table 2. Marker genes for T/I/NK cell clusters, related to Figure S2, Figures 2-4.	F:/pan-gi-ici-ccc-20260709/GSE205506/supplement/mmc3.xlsx	28AA8BC71620AE3B667D0243891B631DA3B8EB1576108C88463B2F66979EAC80
T_I_NK cell markers	CD8+MAIT	37	ANXA1	"ANXA1"	0.403673062421921	1.85311156327845e-58	4.63945010982393e-54	0.514	0.322	Supplementary Table 2. Marker genes for T/I/NK cell clusters, related to Figure S2, Figures 2-4.	F:/pan-gi-ici-ccc-20260709/GSE205506/supplement/mmc3.xlsx	28AA8BC71620AE3B667D0243891B631DA3B8EB1576108C88463B2F66979EAC80
T_I_NK cell markers	CD8+MAIT	38	ITM2C	"ITM2C"	0.400440935132776	2.50966012227998e-56	6.28318508214015e-52	0.353	0.2	Supplementary Table 2. Marker genes for T/I/NK cell clusters, related to Figure S2, Figures 2-4.	F:/pan-gi-ici-ccc-20260709/GSE205506/supplement/mmc3.xlsx	28AA8BC71620AE3B667D0243891B631DA3B8EB1576108C88463B2F66979EAC80
T_I_NK cell markers	CD8+MAIT	39	SSBP4	"SSBP4"	0.39412415921226	1.06625135466253e-41	2.66946689153311e-37	0.362	0.23	Supplementary Table 2. Marker genes for T/I/NK cell clusters, related to Figure S2, Figures 2-4.	F:/pan-gi-ici-ccc-20260709/GSE205506/supplement/mmc3.xlsx	28AA8BC71620AE3B667D0243891B631DA3B8EB1576108C88463B2F66979EAC80
T_I_NK cell markers	CD8+MAIT	40	EVL	"EVL"	0.383777335883614	4.70197932191627e-63	1.17718754303496e-58	0.848	0.728	Supplementary Table 2. Marker genes for T/I/NK cell clusters, related to Figure S2, Figures 2-4.	F:/pan-gi-ici-ccc-20260709/GSE205506/supplement/mmc3.xlsx	28AA8BC71620AE3B667D0243891B631DA3B8EB1576108C88463B2F66979EAC80
T_I_NK cell markers	CD8+MAIT	41	COTL1	"COTL1"	0.369730522478254	1.32488685680871e-45	3.31698673470628e-41	0.756	0.631	Supplementary Table 2. Marker genes for T/I/NK cell clusters, related to Figure S2, Figures 2-4.	F:/pan-gi-ici-ccc-20260709/GSE205506/supplement/mmc3.xlsx	28AA8BC71620AE3B667D0243891B631DA3B8EB1576108C88463B2F66979EAC80
T_I_NK cell markers	CD8+MAIT	42	ABRACL	"ABRACL"	0.364480486225039	1.10406601923061e-35	2.76413968574575e-31	0.531	0.39	Supplementary Table 2. Marker genes for T/I/NK cell clusters, related to Figure S2, Figures 2-4.	F:/pan-gi-ici-ccc-20260709/GSE205506/supplement/mmc3.xlsx	28AA8BC71620AE3B667D0243891B631DA3B8EB1576108C88463B2F66979EAC80
T_I_NK cell markers	CD8+MAIT	43	ACTB	"ACTB"	0.360474229138135	5.18126063277479e-64	1.2971804120215e-59	0.999	0.993	Supplementary Table 2. Marker genes for T/I/NK cell clusters, related to Figure S2, Figures 2-4.	F:/pan-gi-ici-ccc-20260709/GSE205506/supplement/mmc3.xlsx	28AA8BC71620AE3B667D0243891B631DA3B8EB1576108C88463B2F66979EAC80
T_I_NK cell markers	CD8+MAIT	44	SCML4	"SCML4"	0.357823412815882	1.02729826775922e-36	2.57194394316197e-32	0.262	0.154	Supplementary Table 2. Marker genes for T/I/NK cell clusters, related to Figure S2, Figures 2-4.	F:/pan-gi-ici-ccc-20260709/GSE205506/supplement/mmc3.xlsx	28AA8BC71620AE3B667D0243891B631DA3B8EB1576108C88463B2F66979EAC80
T_I_NK cell markers	CD8+MAIT	45	KLRD1	"KLRD1"	0.352438877090667	9.13601083946322e-62	2.28729167376801e-57	0.453	0.263	Supplementary Table 2. Marker genes for T/I/NK cell clusters, related to Figure S2, Figures 2-4.	F:/pan-gi-ici-ccc-20260709/GSE205506/supplement/mmc3.xlsx	28AA8BC71620AE3B667D0243891B631DA3B8EB1576108C88463B2F66979EAC80
T_I_NK cell markers	CD8+MAIT	46	PTPN6	"PTPN6"	0.349708796344787	9.14704294405423e-29	2.29005367147342e-24	0.308	0.205	Supplementary Table 2. Marker genes for T/I/NK cell clusters, related to Figure S2, Figures 2-4.	F:/pan-gi-ici-ccc-20260709/GSE205506/supplement/mmc3.xlsx	28AA8BC71620AE3B667D0243891B631DA3B8EB1576108C88463B2F66979EAC80
T_I_NK cell markers	CD8+MAIT	47	TRAC	"TRAC"	0.349341311980224	2.3540376582808e-54	5.8935686812718e-50	0.904	0.792	Supplementary Table 2. Marker genes for T/I/NK cell clusters, related to Figure S2, Figures 2-4.	F:/pan-gi-ici-ccc-20260709/GSE205506/supplement/mmc3.xlsx	28AA8BC71620AE3B667D0243891B631DA3B8EB1576108C88463B2F66979EAC80
T_I_NK cell markers	CD8+MAIT	48	SPN	"SPN"	0.349204607071283	6.18223960267623e-35	1.54778550692602e-30	0.3	0.187	Supplementary Table 2. Marker genes for T/I/NK cell clusters, related to Figure S2, Figures 2-4.	F:/pan-gi-ici-ccc-20260709/GSE205506/supplement/mmc3.xlsx	28AA8BC71620AE3B667D0243891B631DA3B8EB1576108C88463B2F66979EAC80
T_I_NK cell markers	CD8+MAIT	49	CD3E	"CD3E"	0.347934501677558	1.76278379041832e-45	4.41330549769132e-41	0.77	0.633	Supplementary Table 2. Marker genes for T/I/NK cell clusters, related to Figure S2, Figures 2-4.	F:/pan-gi-ici-ccc-20260709/GSE205506/supplement/mmc3.xlsx	28AA8BC71620AE3B667D0243891B631DA3B8EB1576108C88463B2F66979EAC80
T_I_NK cell markers	CD8+MAIT	50	VIM	"VIM"	0.343299716284408	2.1064616928245e-47	5.27373749415542e-43	0.82	0.702	Supplementary Table 2. Marker genes for T/I/NK cell clusters, related to Figure S2, Figures 2-4.	F:/pan-gi-ici-ccc-20260709/GSE205506/supplement/mmc3.xlsx	28AA8BC71620AE3B667D0243891B631DA3B8EB1576108C88463B2F66979EAC80
T_I_NK cell markers	CD8+Tem	1	GZMK	"GZMK"	2.83377804289198	0	0	0.955	0.191	Supplementary Table 2. Marker genes for T/I/NK cell clusters, related to Figure S2, Figures 2-4.	F:/pan-gi-ici-ccc-20260709/GSE205506/supplement/mmc3.xlsx	28AA8BC71620AE3B667D0243891B631DA3B8EB1576108C88463B2F66979EAC80
T_I_NK cell markers	CD8+Tem	2	CMC1	"CMC1"	1.68336115197619	0	0	0.447	0.122	Supplementary Table 2. Marker genes for T/I/NK cell clusters, related to Figure S2, Figures 2-4.	F:/pan-gi-ici-ccc-20260709/GSE205506/supplement/mmc3.xlsx	28AA8BC71620AE3B667D0243891B631DA3B8EB1576108C88463B2F66979EAC80
T_I_NK cell markers	CD8+Tem	3	CST7	"CST7"	1.55385313328307	0	0	0.848	0.439	Supplementary Table 2. Marker genes for T/I/NK cell clusters, related to Figure S2, Figures 2-4.	F:/pan-gi-ici-ccc-20260709/GSE205506/supplement/mmc3.xlsx	28AA8BC71620AE3B667D0243891B631DA3B8EB1576108C88463B2F66979EAC80
T_I_NK cell markers	CD8+Tem	4	KLRG1	"KLRG1"	1.51609141682444	0	0	0.35	0.06	Supplementary Table 2. Marker genes for T/I/NK cell clusters, related to Figure S2, Figures 2-4.	F:/pan-gi-ici-ccc-20260709/GSE205506/supplement/mmc3.xlsx	28AA8BC71620AE3B667D0243891B631DA3B8EB1576108C88463B2F66979EAC80
T_I_NK cell markers	CD8+Tem	5	DUSP2	"DUSP2"	1.08791034539737	2.46189953992925e-182	6.16361168816686e-178	0.485	0.273	Supplementary Table 2. Marker genes for T/I/NK cell clusters, related to Figure S2, Figures 2-4.	F:/pan-gi-ici-ccc-20260709/GSE205506/supplement/mmc3.xlsx	28AA8BC71620AE3B667D0243891B631DA3B8EB1576108C88463B2F66979EAC80
T_I_NK cell markers	CD8+Tem	6	LYAR	"LYAR"	1.06957031887468	2.11660162436679e-232	5.29912382676469e-228	0.387	0.166	Supplementary Table 2. Marker genes for T/I/NK cell clusters, related to Figure S2, Figures 2-4.	F:/pan-gi-ici-ccc-20260709/GSE205506/supplement/mmc3.xlsx	28AA8BC71620AE3B667D0243891B631DA3B8EB1576108C88463B2F66979EAC80
T_I_NK cell markers	CD8+Tem	7	IGKC	"IGKC"	1.06281235818771	4.13003990462402e-291	1.03399679052167e-286	0.777	0.558	Supplementary Table 2. Marker genes for T/I/NK cell clusters, related to Figure S2, Figures 2-4.	F:/pan-gi-ici-ccc-20260709/GSE205506/supplement/mmc3.xlsx	28AA8BC71620AE3B667D0243891B631DA3B8EB1576108C88463B2F66979EAC80
T_I_NK cell markers	CD8+Tem	8	LYZ	"LYZ"	1.00211220115416	3.09106463423337e-158	7.73878941826667e-154	0.316	0.142	Supplementary Table 2. Marker genes for T/I/NK cell clusters, related to Figure S2, Figures 2-4.	F:/pan-gi-ici-ccc-20260709/GSE205506/supplement/mmc3.xlsx	28AA8BC71620AE3B667D0243891B631DA3B8EB1576108C88463B2F66979EAC80
T_I_NK cell markers	CD8+Tem	9	GZMM	"GZMM"	0.993148516950235	1.83363061097041e-204	4.59067759762551e-200	0.477	0.263	Supplementary Table 2. Marker genes for T/I/NK cell clusters, related to Figure S2, Figures 2-4.	F:/pan-gi-ici-ccc-20260709/GSE205506/supplement/mmc3.xlsx	28AA8BC71620AE3B667D0243891B631DA3B8EB1576108C88463B2F66979EAC80
T_I_NK cell markers	CD8+Tem	10	CLDND1	"CLDND1"	0.973600551153458	1.03989290667207e-101	2.60347588114419e-97	0.341	0.208	Supplementary Table 2. Marker genes for T/I/NK cell clusters, related to Figure S2, Figures 2-4.	F:/pan-gi-ici-ccc-20260709/GSE205506/supplement/mmc3.xlsx	28AA8BC71620AE3B667D0243891B631DA3B8EB1576108C88463B2F66979EAC80
T_I_NK cell markers	CD8+Tem	11	CD74	"CD74"	0.973508772131503	0	0	0.818	0.603	Supplementary Table 2. Marker genes for T/I/NK cell clusters, related to Figure S2, Figures 2-4.	F:/pan-gi-ici-ccc-20260709/GSE205506/supplement/mmc3.xlsx	28AA8BC71620AE3B667D0243891B631DA3B8EB1576108C88463B2F66979EAC80
T_I_NK cell markers	CD8+Tem	12	IGLC2	"IGLC2"	0.928970302359354	8.40108078410203e-202	2.10329458510779e-197	0.541	0.312	Supplementary Table 2. Marker genes for T/I/NK cell clusters, related to Figure S2, Figures 2-4.	F:/pan-gi-ici-ccc-20260709/GSE205506/supplement/mmc3.xlsx	28AA8BC71620AE3B667D0243891B631DA3B8EB1576108C88463B2F66979EAC80
T_I_NK cell markers	CD8+Tem	13	CD8B	"CD8B"	0.912335959600912	1.38632930301824e-152	3.47081404303646e-148	0.411	0.217	Supplementary Table 2. Marker genes for T/I/NK cell clusters, related to Figure S2, Figures 2-4.	F:/pan-gi-ici-ccc-20260709/GSE205506/supplement/mmc3.xlsx	28AA8BC71620AE3B667D0243891B631DA3B8EB1576108C88463B2F66979EAC80
T_I_NK cell markers	CD8+Tem	14	NKG7	"NKG7"	0.90715028560612	0	0	0.825	0.452	Supplementary Table 2. Marker genes for T/I/NK cell clusters, related to Figure S2, Figures 2-4.	F:/pan-gi-ici-ccc-20260709/GSE205506/supplement/mmc3.xlsx	28AA8BC71620AE3B667D0243891B631DA3B8EB1576108C88463B2F66979EAC80
T_I_NK cell markers	CD8+Tem	15	SH2D1A	"SH2D1A"	0.901810442256549	5.47670703900937e-156	1.37114837428639e-151	0.357	0.179	Supplementary Table 2. Marker genes for T/I/NK cell clusters, related to Figure S2, Figures 2-4.	F:/pan-gi-ici-ccc-20260709/GSE205506/supplement/mmc3.xlsx	28AA8BC71620AE3B667D0243891B631DA3B8EB1576108C88463B2F66979EAC80
T_I_NK cell markers	CD8+Tem	16	IGHG1	"IGHG1"	0.894734076368563	1.88984745523246e-82	4.73142208891999e-78	0.263	0.143	Supplementary Table 2. Marker genes for T/I/NK cell clusters, related to Figure S2, Figures 2-4.	F:/pan-gi-ici-ccc-20260709/GSE205506/supplement/mmc3.xlsx	28AA8BC71620AE3B667D0243891B631DA3B8EB1576108C88463B2F66979EAC80
T_I_NK cell markers	CD8+Tem	17	HLA-DRA	"HLA-DRA"	0.886158039715354	2.70428190218086e-167	6.7704401703e-163	0.601	0.391	Supplementary Table 2. Marker genes for T/I/NK cell clusters, related to Figure S2, Figures 2-4.	F:/pan-gi-ici-ccc-20260709/GSE205506/supplement/mmc3.xlsx	28AA8BC71620AE3B667D0243891B631DA3B8EB1576108C88463B2F66979EAC80
T_I_NK cell markers	CD8+Tem	18	IGLC3	"IGLC3"	0.866935593381594	2.7652359566972e-141	6.92304474118712e-137	0.323	0.156	Supplementary Table 2. Marker genes for T/I/NK cell clusters, related to Figure S2, Figures 2-4.	F:/pan-gi-ici-ccc-20260709/GSE205506/supplement/mmc3.xlsx	28AA8BC71620AE3B667D0243891B631DA3B8EB1576108C88463B2F66979EAC80
T_I_NK cell markers	CD8+Tem	19	HLA-DPB1	"HLA-DPB1"	0.851380642371714	1.42588953369675e-207	3.56985703656318e-203	0.614	0.38	Supplementary Table 2. Marker genes for T/I/NK cell clusters, related to Figure S2, Figures 2-4.	F:/pan-gi-ici-ccc-20260709/GSE205506/supplement/mmc3.xlsx	28AA8BC71620AE3B667D0243891B631DA3B8EB1576108C88463B2F66979EAC80
T_I_NK cell markers	CD8+Tem	20	CD81	"CD81"	0.849114599873954	3.43713812182093e-169	8.60521900179087e-165	0.572	0.392	Supplementary Table 2. Marker genes for T/I/NK cell clusters, related to Figure S2, Figures 2-4.	F:/pan-gi-ici-ccc-20260709/GSE205506/supplement/mmc3.xlsx	28AA8BC71620AE3B667D0243891B631DA3B8EB1576108C88463B2F66979EAC80
T_I_NK cell markers	CD8+Tem	21	HLA-DQA1	"HLA-DQA1"	0.79248804540554	6.50094011443004e-142	1.62757536704871e-137	0.393	0.204	Supplementary Table 2. Marker genes for T/I/NK cell clusters, related to Figure S2, Figures 2-4.	F:/pan-gi-ici-ccc-20260709/GSE205506/supplement/mmc3.xlsx	28AA8BC71620AE3B667D0243891B631DA3B8EB1576108C88463B2F66979EAC80
T_I_NK cell markers	CD8+Tem	22	JCHAIN	"JCHAIN"	0.764224410512278	2.67129125455726e-101	6.68784478490954e-97	0.305	0.167	Supplementary Table 2. Marker genes for T/I/NK cell clusters, related to Figure S2, Figures 2-4.	F:/pan-gi-ici-ccc-20260709/GSE205506/supplement/mmc3.xlsx	28AA8BC71620AE3B667D0243891B631DA3B8EB1576108C88463B2F66979EAC80
T_I_NK cell markers	CD8+Tem	23	CXCR4	"CXCR4"	0.762333517285025	2.34039170379464e-172	5.85940466962027e-168	0.691	0.491	Supplementary Table 2. Marker genes for T/I/NK cell clusters, related to Figure S2, Figures 2-4.	F:/pan-gi-ici-ccc-20260709/GSE205506/supplement/mmc3.xlsx	28AA8BC71620AE3B667D0243891B631DA3B8EB1576108C88463B2F66979EAC80
T_I_NK cell markers	CD8+Tem	24	ITM2C	"ITM2C"	0.748725111487856	1.22496998070749e-77	3.06683484369926e-73	0.321	0.198	Supplementary Table 2. Marker genes for T/I/NK cell clusters, related to Figure S2, Figures 2-4.	F:/pan-gi-ici-ccc-20260709/GSE205506/supplement/mmc3.xlsx	28AA8BC71620AE3B667D0243891B631DA3B8EB1576108C88463B2F66979EAC80
T_I_NK cell markers	CD8+Tem	25	CD8A	"CD8A"	0.722768088179939	1.13870743227856e-130	2.85086792745261e-126	0.502	0.296	Supplementary Table 2. Marker genes for T/I/NK cell clusters, related to Figure S2, Figures 2-4.	F:/pan-gi-ici-ccc-20260709/GSE205506/supplement/mmc3.xlsx	28AA8BC71620AE3B667D0243891B631DA3B8EB1576108C88463B2F66979EAC80
T_I_NK cell markers	CD8+Tem	26	HLA-DPA1	"HLA-DPA1"	0.707104350256672	1.08052111630284e-122	2.70519266677578e-118	0.555	0.387	Supplementary Table 2. Marker genes for T/I/NK cell clusters, related to Figure S2, Figures 2-4.	F:/pan-gi-ici-ccc-20260709/GSE205506/supplement/mmc3.xlsx	28AA8BC71620AE3B667D0243891B631DA3B8EB1576108C88463B2F66979EAC80
T_I_NK cell markers	CD8+Tem	27	IGHA2	"IGHA2"	0.700693063927135	1.13377417550251e-86	2.83851702578808e-82	0.327	0.194	Supplementary Table 2. Marker genes for T/I/NK cell clusters, related to Figure S2, Figures 2-4.	F:/pan-gi-ici-ccc-20260709/GSE205506/supplement/mmc3.xlsx	28AA8BC71620AE3B667D0243891B631DA3B8EB1576108C88463B2F66979EAC80
T_I_NK cell markers	CD8+Tem	28	PPP2R5C	"PPP2R5C"	0.665394378394817	2.63371909658019e-99	6.59377913019817e-95	0.538	0.412	Supplementary Table 2. Marker genes for T/I/NK cell clusters, related to Figure S2, Figures 2-4.	F:/pan-gi-ici-ccc-20260709/GSE205506/supplement/mmc3.xlsx	28AA8BC71620AE3B667D0243891B631DA3B8EB1576108C88463B2F66979EAC80
T_I_NK cell markers	CD8+Tem	29	CD84	"CD84"	0.65461937975943	1.07881023728041e-65	2.70090931005524e-61	0.328	0.215	Supplementary Table 2. Marker genes for T/I/NK cell clusters, related to Figure S2, Figures 2-4.	F:/pan-gi-ici-ccc-20260709/GSE205506/supplement/mmc3.xlsx	28AA8BC71620AE3B667D0243891B631DA3B8EB1576108C88463B2F66979EAC80
T_I_NK cell markers	CD8+Tem	30	KLF2	"KLF2"	0.651364782280225	1.00690912758935e-59	2.52089769183269e-55	0.262	0.153	Supplementary Table 2. Marker genes for T/I/NK cell clusters, related to Figure S2, Figures 2-4.	F:/pan-gi-ici-ccc-20260709/GSE205506/supplement/mmc3.xlsx	28AA8BC71620AE3B667D0243891B631DA3B8EB1576108C88463B2F66979EAC80
T_I_NK cell markers	CD8+Tem	31	IGHA1	"IGHA1"	0.650602375007893	5.29124939081312e-88	1.32471719748397e-83	0.311	0.181	Supplementary Table 2. Marker genes for T/I/NK cell clusters, related to Figure S2, Figures 2-4.	F:/pan-gi-ici-ccc-20260709/GSE205506/supplement/mmc3.xlsx	28AA8BC71620AE3B667D0243891B631DA3B8EB1576108C88463B2F66979EAC80
T_I_NK cell markers	CD8+Tem	32	LYST	"LYST"	0.648703878731722	1.30969024386618e-71	3.27894049454337e-67	0.29	0.172	Supplementary Table 2. Marker genes for T/I/NK cell clusters, related to Figure S2, Figures 2-4.	F:/pan-gi-ici-ccc-20260709/GSE205506/supplement/mmc3.xlsx	28AA8BC71620AE3B667D0243891B631DA3B8EB1576108C88463B2F66979EAC80
T_I_NK cell markers	CD8+Tem	33	PYHIN1	"PYHIN1"	0.637985671232752	1.07296361951302e-65	2.68627171781279e-61	0.346	0.233	Supplementary Table 2. Marker genes for T/I/NK cell clusters, related to Figure S2, Figures 2-4.	F:/pan-gi-ici-ccc-20260709/GSE205506/supplement/mmc3.xlsx	28AA8BC71620AE3B667D0243891B631DA3B8EB1576108C88463B2F66979EAC80
T_I_NK cell markers	CD8+Tem	34	HLA-DRB1	"HLA-DRB1"	0.604335409330472	9.36467662292869e-135	2.34454043931643e-130	0.591	0.384	Supplementary Table 2. Marker genes for T/I/NK cell clusters, related to Figure S2, Figures 2-4.	F:/pan-gi-ici-ccc-20260709/GSE205506/supplement/mmc3.xlsx	28AA8BC71620AE3B667D0243891B631DA3B8EB1576108C88463B2F66979EAC80
T_I_NK cell markers	CD8+Tem	35	ATM	"ATM"	0.568426430583945	6.69393903525128e-52	1.67589457686551e-47	0.399	0.305	Supplementary Table 2. Marker genes for T/I/NK cell clusters, related to Figure S2, Figures 2-4.	F:/pan-gi-ici-ccc-20260709/GSE205506/supplement/mmc3.xlsx	28AA8BC71620AE3B667D0243891B631DA3B8EB1576108C88463B2F66979EAC80
T_I_NK cell markers	CD8+Tem	36	CCL5	"CCL5"	0.5475189672913	5.00885130855227e-246	1.25401601360915e-241	0.977	0.591	Supplementary Table 2. Marker genes for T/I/NK cell clusters, related to Figure S2, Figures 2-4.	F:/pan-gi-ici-ccc-20260709/GSE205506/supplement/mmc3.xlsx	28AA8BC71620AE3B667D0243891B631DA3B8EB1576108C88463B2F66979EAC80
T_I_NK cell markers	CD8+Tem	37	HLA-DQB1	"HLA-DQB1"	0.537449274982074	4.68900284331368e-50	1.17393875185201e-45	0.272	0.174	Supplementary Table 2. Marker genes for T/I/NK cell clusters, related to Figure S2, Figures 2-4.	F:/pan-gi-ici-ccc-20260709/GSE205506/supplement/mmc3.xlsx	28AA8BC71620AE3B667D0243891B631DA3B8EB1576108C88463B2F66979EAC80
T_I_NK cell markers	CD8+Tem	38	HCST	"HCST"	0.532197812412069	2.8864440653912e-102	7.22650136211341e-98	0.732	0.619	Supplementary Table 2. Marker genes for T/I/NK cell clusters, related to Figure S2, Figures 2-4.	F:/pan-gi-ici-ccc-20260709/GSE205506/supplement/mmc3.xlsx	28AA8BC71620AE3B667D0243891B631DA3B8EB1576108C88463B2F66979EAC80
T_I_NK cell markers	CD8+Tem	39	MIAT	"MIAT"	0.525044455791871	4.35659006829242e-32	1.09071588949769e-27	0.304	0.23	Supplementary Table 2. Marker genes for T/I/NK cell clusters, related to Figure S2, Figures 2-4.	F:/pan-gi-ici-ccc-20260709/GSE205506/supplement/mmc3.xlsx	28AA8BC71620AE3B667D0243891B631DA3B8EB1576108C88463B2F66979EAC80
T_I_NK cell markers	CD8+Tem	40	RPS26	"RPS26"	0.512767882464398	4.88993038076057e-87	1.22424297012722e-82	0.812	0.772	Supplementary Table 2. Marker genes for T/I/NK cell clusters, related to Figure S2, Figures 2-4.	F:/pan-gi-ici-ccc-20260709/GSE205506/supplement/mmc3.xlsx	28AA8BC71620AE3B667D0243891B631DA3B8EB1576108C88463B2F66979EAC80
T_I_NK cell markers	CD8+Tem	41	CCL4L2	"CCL4L2"	0.509792421003717	1.27427226176431e-217	3.19026803455312e-213	0.413	0.175	Supplementary Table 2. Marker genes for T/I/NK cell clusters, related to Figure S2, Figures 2-4.	F:/pan-gi-ici-ccc-20260709/GSE205506/supplement/mmc3.xlsx	28AA8BC71620AE3B667D0243891B631DA3B8EB1576108C88463B2F66979EAC80
T_I_NK cell markers	CD8+Tem	42	GZMA	"GZMA"	0.509774490646314	9.39064457318775e-293	2.35104177534328e-288	0.841	0.448	Supplementary Table 2. Marker genes for T/I/NK cell clusters, related to Figure S2, Figures 2-4.	F:/pan-gi-ici-ccc-20260709/GSE205506/supplement/mmc3.xlsx	28AA8BC71620AE3B667D0243891B631DA3B8EB1576108C88463B2F66979EAC80
T_I_NK cell markers	CD8+Tem	43	GZMH	"GZMH"	0.509402107926294	5.6579537340172e-60	1.41652529684855e-55	0.328	0.201	Supplementary Table 2. Marker genes for T/I/NK cell clusters, related to Figure S2, Figures 2-4.	F:/pan-gi-ici-ccc-20260709/GSE205506/supplement/mmc3.xlsx	28AA8BC71620AE3B667D0243891B631DA3B8EB1576108C88463B2F66979EAC80
T_I_NK cell markers	CD8+Tem	44	HLA-F	"HLA-F"	0.504400189741193	5.3055928187212e-56	1.32830821809504e-51	0.532	0.456	Supplementary Table 2. Marker genes for T/I/NK cell clusters, related to Figure S2, Figures 2-4.	F:/pan-gi-ici-ccc-20260709/GSE205506/supplement/mmc3.xlsx	28AA8BC71620AE3B667D0243891B631DA3B8EB1576108C88463B2F66979EAC80
T_I_NK cell markers	CD8+Tem	45	ITGB2	"ITGB2"	0.503611770711221	4.0143605329258e-49	1.0050353030233e-44	0.391	0.296	Supplementary Table 2. Marker genes for T/I/NK cell clusters, related to Figure S2, Figures 2-4.	F:/pan-gi-ici-ccc-20260709/GSE205506/supplement/mmc3.xlsx	28AA8BC71620AE3B667D0243891B631DA3B8EB1576108C88463B2F66979EAC80
T_I_NK cell markers	CD8+Tem	46	GIMAP4	"GIMAP4"	0.503569124568113	2.99685535120653e-51	7.50292705728066e-47	0.473	0.378	Supplementary Table 2. Marker genes for T/I/NK cell clusters, related to Figure S2, Figures 2-4.	F:/pan-gi-ici-ccc-20260709/GSE205506/supplement/mmc3.xlsx	28AA8BC71620AE3B667D0243891B631DA3B8EB1576108C88463B2F66979EAC80
T_I_NK cell markers	CD8+Tem	47	BTN3A2	"BTN3A2"	0.493094655211825	3.25945971378827e-32	8.16038333944032e-28	0.334	0.265	Supplementary Table 2. Marker genes for T/I/NK cell clusters, related to Figure S2, Figures 2-4.	F:/pan-gi-ici-ccc-20260709/GSE205506/supplement/mmc3.xlsx	28AA8BC71620AE3B667D0243891B631DA3B8EB1576108C88463B2F66979EAC80
T_I_NK cell markers	CD8+Tem	48	CCL4	"CCL4"	0.486399944348209	0	0	0.698	0.325	Supplementary Table 2. Marker genes for T/I/NK cell clusters, related to Figure S2, Figures 2-4.	F:/pan-gi-ici-ccc-20260709/GSE205506/supplement/mmc3.xlsx	28AA8BC71620AE3B667D0243891B631DA3B8EB1576108C88463B2F66979EAC80
T_I_NK cell markers	CD8+Tem	49	GIMAP7	"GIMAP7"	0.485292444812657	1.98769038799816e-43	4.97638165539219e-39	0.481	0.406	Supplementary Table 2. Marker genes for T/I/NK cell clusters, related to Figure S2, Figures 2-4.	F:/pan-gi-ici-ccc-20260709/GSE205506/supplement/mmc3.xlsx	28AA8BC71620AE3B667D0243891B631DA3B8EB1576108C88463B2F66979EAC80
T_I_NK cell markers	CD8+Tem	50	PIK3R1	"PIK3R1"	0.465657645602555	1.77011513993173e-18	4.43166026433308e-14	0.25	0.201	Supplementary Table 2. Marker genes for T/I/NK cell clusters, related to Figure S2, Figures 2-4.	F:/pan-gi-ici-ccc-20260709/GSE205506/supplement/mmc3.xlsx	28AA8BC71620AE3B667D0243891B631DA3B8EB1576108C88463B2F66979EAC80
T_I_NK cell markers	CD8+Trm	1	CCL4L2	"CCL4L2"	2.48214006261246	0	0	0.519	0.165	Supplementary Table 2. Marker genes for T/I/NK cell clusters, related to Figure S2, Figures 2-4.	F:/pan-gi-ici-ccc-20260709/GSE205506/supplement/mmc3.xlsx	28AA8BC71620AE3B667D0243891B631DA3B8EB1576108C88463B2F66979EAC80
T_I_NK cell markers	CD8+Trm	2	CCL4	"CCL4"	2.22186010721427	0	0	0.843	0.312	Supplementary Table 2. Marker genes for T/I/NK cell clusters, related to Figure S2, Figures 2-4.	F:/pan-gi-ici-ccc-20260709/GSE205506/supplement/mmc3.xlsx	28AA8BC71620AE3B667D0243891B631DA3B8EB1576108C88463B2F66979EAC80
T_I_NK cell markers	CD8+Trm	3	GZMH	"GZMH"	2.06419653036105	0	0	0.698	0.157	Supplementary Table 2. Marker genes for T/I/NK cell clusters, related to Figure S2, Figures 2-4.	F:/pan-gi-ici-ccc-20260709/GSE205506/supplement/mmc3.xlsx	28AA8BC71620AE3B667D0243891B631DA3B8EB1576108C88463B2F66979EAC80
T_I_NK cell markers	CD8+Trm	4	CCL3	"CCL3"	1.97260905870059	0	0	0.402	0.102	Supplementary Table 2. Marker genes for T/I/NK cell clusters, related to Figure S2, Figures 2-4.	F:/pan-gi-ici-ccc-20260709/GSE205506/supplement/mmc3.xlsx	28AA8BC71620AE3B667D0243891B631DA3B8EB1576108C88463B2F66979EAC80
T_I_NK cell markers	CD8+Trm	5	GZMB	"GZMB"	1.61771084316136	0	0	0.58	0.18	Supplementary Table 2. Marker genes for T/I/NK cell clusters, related to Figure S2, Figures 2-4.	F:/pan-gi-ici-ccc-20260709/GSE205506/supplement/mmc3.xlsx	28AA8BC71620AE3B667D0243891B631DA3B8EB1576108C88463B2F66979EAC80
T_I_NK cell markers	CD8+Trm	6	IFNG	"IFNG"	1.61752028311412	0	0	0.46	0.13	Supplementary Table 2. Marker genes for T/I/NK cell clusters, related to Figure S2, Figures 2-4.	F:/pan-gi-ici-ccc-20260709/GSE205506/supplement/mmc3.xlsx	28AA8BC71620AE3B667D0243891B631DA3B8EB1576108C88463B2F66979EAC80
T_I_NK cell markers	CD8+Trm	7	NKG7	"NKG7"	1.54817633277978	0	0	0.924	0.445	Supplementary Table 2. Marker genes for T/I/NK cell clusters, related to Figure S2, Figures 2-4.	F:/pan-gi-ici-ccc-20260709/GSE205506/supplement/mmc3.xlsx	28AA8BC71620AE3B667D0243891B631DA3B8EB1576108C88463B2F66979EAC80
T_I_NK cell markers	CD8+Trm	8	HLA-DRB1	"HLA-DRB1"	1.39176890069216	0	0	0.746	0.368	Supplementary Table 2. Marker genes for T/I/NK cell clusters, related to Figure S2, Figures 2-4.	F:/pan-gi-ici-ccc-20260709/GSE205506/supplement/mmc3.xlsx	28AA8BC71620AE3B667D0243891B631DA3B8EB1576108C88463B2F66979EAC80
T_I_NK cell markers	CD8+Trm	9	CD8A	"CD8A"	1.28729848042209	0	0	0.696	0.275	Supplementary Table 2. Marker genes for T/I/NK cell clusters, related to Figure S2, Figures 2-4.	F:/pan-gi-ici-ccc-20260709/GSE205506/supplement/mmc3.xlsx	28AA8BC71620AE3B667D0243891B631DA3B8EB1576108C88463B2F66979EAC80
T_I_NK cell markers	CD8+Trm	10	CCL3L1	"CCL3L1"	1.27189495977497	4.0480069627408e-161	1.01345902319179e-156	0.262	0.097	Supplementary Table 2. Marker genes for T/I/NK cell clusters, related to Figure S2, Figures 2-4.	F:/pan-gi-ici-ccc-20260709/GSE205506/supplement/mmc3.xlsx	28AA8BC71620AE3B667D0243891B631DA3B8EB1576108C88463B2F66979EAC80
T_I_NK cell markers	CD8+Trm	11	CCL5	"CCL5"	1.25435208887926	0	0	0.99	0.595	Supplementary Table 2. Marker genes for T/I/NK cell clusters, related to Figure S2, Figures 2-4.	F:/pan-gi-ici-ccc-20260709/GSE205506/supplement/mmc3.xlsx	28AA8BC71620AE3B667D0243891B631DA3B8EB1576108C88463B2F66979EAC80
T_I_NK cell markers	CD8+Trm	12	CD8B	"CD8B"	1.16197373758016	0	0	0.529	0.205	Supplementary Table 2. Marker genes for T/I/NK cell clusters, related to Figure S2, Figures 2-4.	F:/pan-gi-ici-ccc-20260709/GSE205506/supplement/mmc3.xlsx	28AA8BC71620AE3B667D0243891B631DA3B8EB1576108C88463B2F66979EAC80
T_I_NK cell markers	CD8+Trm	13	GZMA	"GZMA"	1.14636995837637	0	0	0.913	0.444	Supplementary Table 2. Marker genes for T/I/NK cell clusters, related to Figure S2, Figures 2-4.	F:/pan-gi-ici-ccc-20260709/GSE205506/supplement/mmc3.xlsx	28AA8BC71620AE3B667D0243891B631DA3B8EB1576108C88463B2F66979EAC80
T_I_NK cell markers	CD8+Trm	14	APOBEC3G	"APOBEC3G"	1.14373074615973	0	0	0.526	0.229	Supplementary Table 2. Marker genes for T/I/NK cell clusters, related to Figure S2, Figures 2-4.	F:/pan-gi-ici-ccc-20260709/GSE205506/supplement/mmc3.xlsx	28AA8BC71620AE3B667D0243891B631DA3B8EB1576108C88463B2F66979EAC80
T_I_NK cell markers	CD8+Trm	15	GZMK	"GZMK"	1.14277953393294	0	0	0.635	0.24	Supplementary Table 2. Marker genes for T/I/NK cell clusters, related to Figure S2, Figures 2-4.	F:/pan-gi-ici-ccc-20260709/GSE205506/supplement/mmc3.xlsx	28AA8BC71620AE3B667D0243891B631DA3B8EB1576108C88463B2F66979EAC80
T_I_NK cell markers	CD8+Trm	16	HLA-DPB1	"HLA-DPB1"	1.08098492195172	0	0	0.692	0.373	Supplementary Table 2. Marker genes for T/I/NK cell clusters, related to Figure S2, Figures 2-4.	F:/pan-gi-ici-ccc-20260709/GSE205506/supplement/mmc3.xlsx	28AA8BC71620AE3B667D0243891B631DA3B8EB1576108C88463B2F66979EAC80
T_I_NK cell markers	CD8+Trm	17	MIR155HG	"MIR155HG"	1.05671638033318	3.16387498212344e-191	7.92107740524424e-187	0.268	0.09	Supplementary Table 2. Marker genes for T/I/NK cell clusters, related to Figure S2, Figures 2-4.	F:/pan-gi-ici-ccc-20260709/GSE205506/supplement/mmc3.xlsx	28AA8BC71620AE3B667D0243891B631DA3B8EB1576108C88463B2F66979EAC80
T_I_NK cell markers	CD8+Trm	18	HLA-DQA1	"HLA-DQA1"	1.05257541969039	1.26698308834714e-201	3.17201885998589e-197	0.438	0.2	Supplementary Table 2. Marker genes for T/I/NK cell clusters, related to Figure S2, Figures 2-4.	F:/pan-gi-ici-ccc-20260709/GSE205506/supplement/mmc3.xlsx	28AA8BC71620AE3B667D0243891B631DA3B8EB1576108C88463B2F66979EAC80
T_I_NK cell markers	CD8+Trm	19	LAG3	"LAG3"	1.00184367138967	2.83407300600821e-239	7.09538517784215e-235	0.439	0.185	Supplementary Table 2. Marker genes for T/I/NK cell clusters, related to Figure S2, Figures 2-4.	F:/pan-gi-ici-ccc-20260709/GSE205506/supplement/mmc3.xlsx	28AA8BC71620AE3B667D0243891B631DA3B8EB1576108C88463B2F66979EAC80
T_I_NK cell markers	CD8+Trm	20	FABP5	"FABP5"	0.947882980855108	2.1649698956846e-191	5.42021863083596e-187	0.421	0.196	Supplementary Table 2. Marker genes for T/I/NK cell clusters, related to Figure S2, Figures 2-4.	F:/pan-gi-ici-ccc-20260709/GSE205506/supplement/mmc3.xlsx	28AA8BC71620AE3B667D0243891B631DA3B8EB1576108C88463B2F66979EAC80
T_I_NK cell markers	CD8+Trm	21	PRF1	"PRF1"	0.924576800047071	2.42641682150918e-199	6.07477715433037e-195	0.458	0.218	Supplementary Table 2. Marker genes for T/I/NK cell clusters, related to Figure S2, Figures 2-4.	F:/pan-gi-ici-ccc-20260709/GSE205506/supplement/mmc3.xlsx	28AA8BC71620AE3B667D0243891B631DA3B8EB1576108C88463B2F66979EAC80
T_I_NK cell markers	CD8+Trm	22	HLA-DPA1	"HLA-DPA1"	0.918751779314291	3.24051203422437e-219	8.11294592888414e-215	0.635	0.379	Supplementary Table 2. Marker genes for T/I/NK cell clusters, related to Figure S2, Figures 2-4.	F:/pan-gi-ici-ccc-20260709/GSE205506/supplement/mmc3.xlsx	28AA8BC71620AE3B667D0243891B631DA3B8EB1576108C88463B2F66979EAC80
T_I_NK cell markers	CD8+Trm	23	HLA-DRA	"HLA-DRA"	0.875085373324375	1.2966863522434e-204	3.24638395147658e-200	0.658	0.387	Supplementary Table 2. Marker genes for T/I/NK cell clusters, related to Figure S2, Figures 2-4.	F:/pan-gi-ici-ccc-20260709/GSE205506/supplement/mmc3.xlsx	28AA8BC71620AE3B667D0243891B631DA3B8EB1576108C88463B2F66979EAC80
T_I_NK cell markers	CD8+Trm	24	HLA-DQB1	"HLA-DQB1"	0.870182503593135	3.18171235532012e-159	7.96573505277946e-155	0.362	0.164	Supplementary Table 2. Marker genes for T/I/NK cell clusters, related to Figure S2, Figures 2-4.	F:/pan-gi-ici-ccc-20260709/GSE205506/supplement/mmc3.xlsx	28AA8BC71620AE3B667D0243891B631DA3B8EB1576108C88463B2F66979EAC80
T_I_NK cell markers	CD8+Trm	25	CST7	"CST7"	0.826887812789693	4.05966905589275e-241	1.01637874483331e-236	0.744	0.457	Supplementary Table 2. Marker genes for T/I/NK cell clusters, related to Figure S2, Figures 2-4.	F:/pan-gi-ici-ccc-20260709/GSE205506/supplement/mmc3.xlsx	28AA8BC71620AE3B667D0243891B631DA3B8EB1576108C88463B2F66979EAC80
T_I_NK cell markers	CD8+Trm	26	CD74	"CD74"	0.810285732392017	9.2802245804096e-185	2.32339702595135e-180	0.792	0.609	Supplementary Table 2. Marker genes for T/I/NK cell clusters, related to Figure S2, Figures 2-4.	F:/pan-gi-ici-ccc-20260709/GSE205506/supplement/mmc3.xlsx	28AA8BC71620AE3B667D0243891B631DA3B8EB1576108C88463B2F66979EAC80
T_I_NK cell markers	CD8+Trm	27	APOBEC3C	"APOBEC3C"	0.801994725300514	4.59361947492698e-103	1.15005857174272e-98	0.354	0.199	Supplementary Table 2. Marker genes for T/I/NK cell clusters, related to Figure S2, Figures 2-4.	F:/pan-gi-ici-ccc-20260709/GSE205506/supplement/mmc3.xlsx	28AA8BC71620AE3B667D0243891B631DA3B8EB1576108C88463B2F66979EAC80
T_I_NK cell markers	CD8+Trm	28	LYST	"LYST"	0.793710913719967	2.4897109934463e-100	6.23324044319217e-96	0.321	0.17	Supplementary Table 2. Marker genes for T/I/NK cell clusters, related to Figure S2, Figures 2-4.	F:/pan-gi-ici-ccc-20260709/GSE205506/supplement/mmc3.xlsx	28AA8BC71620AE3B667D0243891B631DA3B8EB1576108C88463B2F66979EAC80
T_I_NK cell markers	CD8+Trm	29	C12orf75	"C12orf75"	0.785037698630955	4.36168484240575e-118	1.0919914171447e-113	0.369	0.197	Supplementary Table 2. Marker genes for T/I/NK cell clusters, related to Figure S2, Figures 2-4.	F:/pan-gi-ici-ccc-20260709/GSE205506/supplement/mmc3.xlsx	28AA8BC71620AE3B667D0243891B631DA3B8EB1576108C88463B2F66979EAC80
T_I_NK cell markers	CD8+Trm	30	COTL1	"COTL1"	0.779604471152481	6.16039814225353e-190	1.54231727889459e-185	0.8	0.622	Supplementary Table 2. Marker genes for T/I/NK cell clusters, related to Figure S2, Figures 2-4.	F:/pan-gi-ici-ccc-20260709/GSE205506/supplement/mmc3.xlsx	28AA8BC71620AE3B667D0243891B631DA3B8EB1576108C88463B2F66979EAC80
T_I_NK cell markers	CD8+Trm	31	GNLY	"GNLY"	0.76417971940918	2.71564409174283e-97	6.79888654808735e-93	0.342	0.175	Supplementary Table 2. Marker genes for T/I/NK cell clusters, related to Figure S2, Figures 2-4.	F:/pan-gi-ici-ccc-20260709/GSE205506/supplement/mmc3.xlsx	28AA8BC71620AE3B667D0243891B631DA3B8EB1576108C88463B2F66979EAC80
T_I_NK cell markers	CD8+Trm	32	ALOX5AP	"ALOX5AP"	0.763791111978958	1.00024356900783e-111	2.504209799368e-107	0.618	0.456	Supplementary Table 2. Marker genes for T/I/NK cell clusters, related to Figure S2, Figures 2-4.	F:/pan-gi-ici-ccc-20260709/GSE205506/supplement/mmc3.xlsx	28AA8BC71620AE3B667D0243891B631DA3B8EB1576108C88463B2F66979EAC80
T_I_NK cell markers	CD8+Trm	33	CXCL13	"CXCL13"	0.755444083487571	1.00016844273529e-232	2.50402171323208e-228	0.315	0.099	Supplementary Table 2. Marker genes for T/I/NK cell clusters, related to Figure S2, Figures 2-4.	F:/pan-gi-ici-ccc-20260709/GSE205506/supplement/mmc3.xlsx	28AA8BC71620AE3B667D0243891B631DA3B8EB1576108C88463B2F66979EAC80
T_I_NK cell markers	CD8+Trm	34	PTMS	"PTMS"	0.745898226044704	6.9257475079437e-110	1.73393014608879e-105	0.324	0.163	Supplementary Table 2. Marker genes for T/I/NK cell clusters, related to Figure S2, Figures 2-4.	F:/pan-gi-ici-ccc-20260709/GSE205506/supplement/mmc3.xlsx	28AA8BC71620AE3B667D0243891B631DA3B8EB1576108C88463B2F66979EAC80
T_I_NK cell markers	CD8+Trm	35	ITM2C	"ITM2C"	0.737648988817527	2.54617545657907e-89	6.37460487309137e-85	0.345	0.196	Supplementary Table 2. Marker genes for T/I/NK cell clusters, related to Figure S2, Figures 2-4.	F:/pan-gi-ici-ccc-20260709/GSE205506/supplement/mmc3.xlsx	28AA8BC71620AE3B667D0243891B631DA3B8EB1576108C88463B2F66979EAC80
T_I_NK cell markers	CD8+Trm	36	LGALS1	"LGALS1"	0.714119234719193	4.73082170579968e-65	1.18440852226401e-60	0.425	0.289	Supplementary Table 2. Marker genes for T/I/NK cell clusters, related to Figure S2, Figures 2-4.	F:/pan-gi-ici-ccc-20260709/GSE205506/supplement/mmc3.xlsx	28AA8BC71620AE3B667D0243891B631DA3B8EB1576108C88463B2F66979EAC80
T_I_NK cell markers	CD8+Trm	37	CTSW	"CTSW"	0.700314580218874	1.74264433298291e-158	4.362884352056e-154	0.512	0.273	Supplementary Table 2. Marker genes for T/I/NK cell clusters, related to Figure S2, Figures 2-4.	F:/pan-gi-ici-ccc-20260709/GSE205506/supplement/mmc3.xlsx	28AA8BC71620AE3B667D0243891B631DA3B8EB1576108C88463B2F66979EAC80
T_I_NK cell markers	CD8+Trm	38	MIAT	"MIAT"	0.662407015029761	1.94362199217932e-76	4.86605201962015e-72	0.366	0.224	Supplementary Table 2. Marker genes for T/I/NK cell clusters, related to Figure S2, Figures 2-4.	F:/pan-gi-ici-ccc-20260709/GSE205506/supplement/mmc3.xlsx	28AA8BC71620AE3B667D0243891B631DA3B8EB1576108C88463B2F66979EAC80
T_I_NK cell markers	CD8+Trm	39	HLA-DMA	"HLA-DMA"	0.659634890944632	1.15886020744986e-84	2.90132241537146e-80	0.286	0.15	Supplementary Table 2. Marker genes for T/I/NK cell clusters, related to Figure S2, Figures 2-4.	F:/pan-gi-ici-ccc-20260709/GSE205506/supplement/mmc3.xlsx	28AA8BC71620AE3B667D0243891B631DA3B8EB1576108C88463B2F66979EAC80
T_I_NK cell markers	CD8+Trm	40	PAG1	"PAG1"	0.652961769922547	3.21668483549996e-56	8.05329215415771e-52	0.294	0.183	Supplementary Table 2. Marker genes for T/I/NK cell clusters, related to Figure S2, Figures 2-4.	F:/pan-gi-ici-ccc-20260709/GSE205506/supplement/mmc3.xlsx	28AA8BC71620AE3B667D0243891B631DA3B8EB1576108C88463B2F66979EAC80
T_I_NK cell markers	CD8+Trm	41	ANXA5	"ANXA5"	0.638986175692574	1.70128210633649e-68	4.25932988142404e-64	0.358	0.23	Supplementary Table 2. Marker genes for T/I/NK cell clusters, related to Figure S2, Figures 2-4.	F:/pan-gi-ici-ccc-20260709/GSE205506/supplement/mmc3.xlsx	28AA8BC71620AE3B667D0243891B631DA3B8EB1576108C88463B2F66979EAC80
T_I_NK cell markers	CD8+Trm	42	CHST12	"CHST12"	0.632531859825103	9.04032017493563e-80	2.26333455899688e-75	0.35	0.208	Supplementary Table 2. Marker genes for T/I/NK cell clusters, related to Figure S2, Figures 2-4.	F:/pan-gi-ici-ccc-20260709/GSE205506/supplement/mmc3.xlsx	28AA8BC71620AE3B667D0243891B631DA3B8EB1576108C88463B2F66979EAC80
T_I_NK cell markers	CD8+Trm	43	CYTOR	"CYTOR"	0.623428274295073	2.28024932829097e-90	5.70883221830927e-86	0.477	0.311	Supplementary Table 2. Marker genes for T/I/NK cell clusters, related to Figure S2, Figures 2-4.	F:/pan-gi-ici-ccc-20260709/GSE205506/supplement/mmc3.xlsx	28AA8BC71620AE3B667D0243891B631DA3B8EB1576108C88463B2F66979EAC80
T_I_NK cell markers	CD8+Trm	44	HCST	"HCST"	0.620675410791915	1.32943900149513e-131	3.32838348414322e-127	0.767	0.616	Supplementary Table 2. Marker genes for T/I/NK cell clusters, related to Figure S2, Figures 2-4.	F:/pan-gi-ici-ccc-20260709/GSE205506/supplement/mmc3.xlsx	28AA8BC71620AE3B667D0243891B631DA3B8EB1576108C88463B2F66979EAC80
T_I_NK cell markers	CD8+Trm	45	KLRD1	"KLRD1"	0.615325902552321	8.6675838390716e-79	2.17001628994997e-74	0.426	0.261	Supplementary Table 2. Marker genes for T/I/NK cell clusters, related to Figure S2, Figures 2-4.	F:/pan-gi-ici-ccc-20260709/GSE205506/supplement/mmc3.xlsx	28AA8BC71620AE3B667D0243891B631DA3B8EB1576108C88463B2F66979EAC80
T_I_NK cell markers	CD8+Trm	46	CRIP1	"CRIP1"	0.592604120845046	6.31617504561826e-38	1.58131758442099e-33	0.302	0.211	Supplementary Table 2. Marker genes for T/I/NK cell clusters, related to Figure S2, Figures 2-4.	F:/pan-gi-ici-ccc-20260709/GSE205506/supplement/mmc3.xlsx	28AA8BC71620AE3B667D0243891B631DA3B8EB1576108C88463B2F66979EAC80
T_I_NK cell markers	CD8+Trm	47	ITGB2	"ITGB2"	0.589885297519227	2.4273768501482e-71	6.07718068203104e-67	0.436	0.291	Supplementary Table 2. Marker genes for T/I/NK cell clusters, related to Figure S2, Figures 2-4.	F:/pan-gi-ici-ccc-20260709/GSE205506/supplement/mmc3.xlsx	28AA8BC71620AE3B667D0243891B631DA3B8EB1576108C88463B2F66979EAC80
T_I_NK cell markers	CD8+Trm	48	LINC01871	"LINC01871"	0.589064433567923	6.13297599225283e-53	1.53545186942042e-48	0.335	0.218	Supplementary Table 2. Marker genes for T/I/NK cell clusters, related to Figure S2, Figures 2-4.	F:/pan-gi-ici-ccc-20260709/GSE205506/supplement/mmc3.xlsx	28AA8BC71620AE3B667D0243891B631DA3B8EB1576108C88463B2F66979EAC80
T_I_NK cell markers	CD8+Trm	49	RBPJ	"RBPJ"	0.587816951688047	5.41076205960582e-58	1.35463838924291e-53	0.442	0.319	Supplementary Table 2. Marker genes for T/I/NK cell clusters, related to Figure S2, Figures 2-4.	F:/pan-gi-ici-ccc-20260709/GSE205506/supplement/mmc3.xlsx	28AA8BC71620AE3B667D0243891B631DA3B8EB1576108C88463B2F66979EAC80
T_I_NK cell markers	CD8+Trm	50	CLEC2B	"CLEC2B"	0.57431376959713	6.30286669249099e-59	1.57798570513204e-54	0.458	0.339	Supplementary Table 2. Marker genes for T/I/NK cell clusters, related to Figure S2, Figures 2-4.	F:/pan-gi-ici-ccc-20260709/GSE205506/supplement/mmc3.xlsx	28AA8BC71620AE3B667D0243891B631DA3B8EB1576108C88463B2F66979EAC80
T_I_NK cell markers	CD8+Trm-mitotic	1	STMN1	"STMN1"	3.75305535312793	0	0	0.929	0.097	Supplementary Table 2. Marker genes for T/I/NK cell clusters, related to Figure S2, Figures 2-4.	F:/pan-gi-ici-ccc-20260709/GSE205506/supplement/mmc3.xlsx	28AA8BC71620AE3B667D0243891B631DA3B8EB1576108C88463B2F66979EAC80
T_I_NK cell markers	CD8+Trm-mitotic	2	HMGB2	"HMGB2"	2.79333661822622	0	0	0.901	0.336	Supplementary Table 2. Marker genes for T/I/NK cell clusters, related to Figure S2, Figures 2-4.	F:/pan-gi-ici-ccc-20260709/GSE205506/supplement/mmc3.xlsx	28AA8BC71620AE3B667D0243891B631DA3B8EB1576108C88463B2F66979EAC80
T_I_NK cell markers	CD8+Trm-mitotic	3	UBE2C	"UBE2C"	2.65848166280672	0	0	0.542	0.01	Supplementary Table 2. Marker genes for T/I/NK cell clusters, related to Figure S2, Figures 2-4.	F:/pan-gi-ici-ccc-20260709/GSE205506/supplement/mmc3.xlsx	28AA8BC71620AE3B667D0243891B631DA3B8EB1576108C88463B2F66979EAC80
T_I_NK cell markers	CD8+Trm-mitotic	4	TUBA1B	"TUBA1B"	2.54587521439599	0	0	0.911	0.397	Supplementary Table 2. Marker genes for T/I/NK cell clusters, related to Figure S2, Figures 2-4.	F:/pan-gi-ici-ccc-20260709/GSE205506/supplement/mmc3.xlsx	28AA8BC71620AE3B667D0243891B631DA3B8EB1576108C88463B2F66979EAC80
T_I_NK cell markers	CD8+Trm-mitotic	5	ASPM	"ASPM"	2.52794054344169	0	0	0.486	0.009	Supplementary Table 2. Marker genes for T/I/NK cell clusters, related to Figure S2, Figures 2-4.	F:/pan-gi-ici-ccc-20260709/GSE205506/supplement/mmc3.xlsx	28AA8BC71620AE3B667D0243891B631DA3B8EB1576108C88463B2F66979EAC80
T_I_NK cell markers	CD8+Trm-mitotic	6	PCLAF	"PCLAF"	2.5037454498872	0	0	0.674	0.021	Supplementary Table 2. Marker genes for T/I/NK cell clusters, related to Figure S2, Figures 2-4.	F:/pan-gi-ici-ccc-20260709/GSE205506/supplement/mmc3.xlsx	28AA8BC71620AE3B667D0243891B631DA3B8EB1576108C88463B2F66979EAC80
T_I_NK cell markers	CD8+Trm-mitotic	7	TUBB	"TUBB"	2.47638878890463	0	0	0.861	0.297	Supplementary Table 2. Marker genes for T/I/NK cell clusters, related to Figure S2, Figures 2-4.	F:/pan-gi-ici-ccc-20260709/GSE205506/supplement/mmc3.xlsx	28AA8BC71620AE3B667D0243891B631DA3B8EB1576108C88463B2F66979EAC80
T_I_NK cell markers	CD8+Trm-mitotic	8	TYMS	"TYMS"	2.37733870401532	0	0	0.598	0.014	Supplementary Table 2. Marker genes for T/I/NK cell clusters, related to Figure S2, Figures 2-4.	F:/pan-gi-ici-ccc-20260709/GSE205506/supplement/mmc3.xlsx	28AA8BC71620AE3B667D0243891B631DA3B8EB1576108C88463B2F66979EAC80
T_I_NK cell markers	CD8+Trm-mitotic	9	MKI67	"MKI67"	2.30994397239458	0	0	0.56	0.015	Supplementary Table 2. Marker genes for T/I/NK cell clusters, related to Figure S2, Figures 2-4.	F:/pan-gi-ici-ccc-20260709/GSE205506/supplement/mmc3.xlsx	28AA8BC71620AE3B667D0243891B631DA3B8EB1576108C88463B2F66979EAC80
T_I_NK cell markers	CD8+Trm-mitotic	10	TOP2A	"TOP2A"	2.26513110321425	0	0	0.528	0.013	Supplementary Table 2. Marker genes for T/I/NK cell clusters, related to Figure S2, Figures 2-4.	F:/pan-gi-ici-ccc-20260709/GSE205506/supplement/mmc3.xlsx	28AA8BC71620AE3B667D0243891B631DA3B8EB1576108C88463B2F66979EAC80
T_I_NK cell markers	CD8+Trm-mitotic	11	CENPF	"CENPF"	2.19251012170982	0	0	0.482	0.019	Supplementary Table 2. Marker genes for T/I/NK cell clusters, related to Figure S2, Figures 2-4.	F:/pan-gi-ici-ccc-20260709/GSE205506/supplement/mmc3.xlsx	28AA8BC71620AE3B667D0243891B631DA3B8EB1576108C88463B2F66979EAC80
T_I_NK cell markers	CD8+Trm-mitotic	12	PCNA	"PCNA"	2.12077071353119	0	0	0.671	0.118	Supplementary Table 2. Marker genes for T/I/NK cell clusters, related to Figure S2, Figures 2-4.	F:/pan-gi-ici-ccc-20260709/GSE205506/supplement/mmc3.xlsx	28AA8BC71620AE3B667D0243891B631DA3B8EB1576108C88463B2F66979EAC80
T_I_NK cell markers	CD8+Trm-mitotic	13	NUSAP1	"NUSAP1"	2.09395406256376	0	0	0.541	0.019	Supplementary Table 2. Marker genes for T/I/NK cell clusters, related to Figure S2, Figures 2-4.	F:/pan-gi-ici-ccc-20260709/GSE205506/supplement/mmc3.xlsx	28AA8BC71620AE3B667D0243891B631DA3B8EB1576108C88463B2F66979EAC80
T_I_NK cell markers	CD8+Trm-mitotic	14	HMGN2	"HMGN2"	2.0185763945735	0	0	0.905	0.454	Supplementary Table 2. Marker genes for T/I/NK cell clusters, related to Figure S2, Figures 2-4.	F:/pan-gi-ici-ccc-20260709/GSE205506/supplement/mmc3.xlsx	28AA8BC71620AE3B667D0243891B631DA3B8EB1576108C88463B2F66979EAC80
T_I_NK cell markers	CD8+Trm-mitotic	15	H2AFZ	"H2AFZ"	2.01538765393688	0	0	0.905	0.459	Supplementary Table 2. Marker genes for T/I/NK cell clusters, related to Figure S2, Figures 2-4.	F:/pan-gi-ici-ccc-20260709/GSE205506/supplement/mmc3.xlsx	28AA8BC71620AE3B667D0243891B631DA3B8EB1576108C88463B2F66979EAC80
T_I_NK cell markers	CD8+Trm-mitotic	16	DUT	"DUT"	1.9927673447081	0	0	0.738	0.22	Supplementary Table 2. Marker genes for T/I/NK cell clusters, related to Figure S2, Figures 2-4.	F:/pan-gi-ici-ccc-20260709/GSE205506/supplement/mmc3.xlsx	28AA8BC71620AE3B667D0243891B631DA3B8EB1576108C88463B2F66979EAC80
T_I_NK cell markers	CD8+Trm-mitotic	17	HIST1H4C	"HIST1H4C"	1.99003573319418	2.71037103175042e-253	6.78568491509036e-249	0.49	0.139	Supplementary Table 2. Marker genes for T/I/NK cell clusters, related to Figure S2, Figures 2-4.	F:/pan-gi-ici-ccc-20260709/GSE205506/supplement/mmc3.xlsx	28AA8BC71620AE3B667D0243891B631DA3B8EB1576108C88463B2F66979EAC80
T_I_NK cell markers	CD8+Trm-mitotic	18	HMGB1	"HMGB1"	1.75253505521482	0	0	0.977	0.778	Supplementary Table 2. Marker genes for T/I/NK cell clusters, related to Figure S2, Figures 2-4.	F:/pan-gi-ici-ccc-20260709/GSE205506/supplement/mmc3.xlsx	28AA8BC71620AE3B667D0243891B631DA3B8EB1576108C88463B2F66979EAC80
T_I_NK cell markers	CD8+Trm-mitotic	19	SMC4	"SMC4"	1.73980161716092	0	0	0.613	0.101	Supplementary Table 2. Marker genes for T/I/NK cell clusters, related to Figure S2, Figures 2-4.	F:/pan-gi-ici-ccc-20260709/GSE205506/supplement/mmc3.xlsx	28AA8BC71620AE3B667D0243891B631DA3B8EB1576108C88463B2F66979EAC80
T_I_NK cell markers	CD8+Trm-mitotic	20	CKS2	"CKS2"	1.64740199726516	0	0	0.498	0.067	Supplementary Table 2. Marker genes for T/I/NK cell clusters, related to Figure S2, Figures 2-4.	F:/pan-gi-ici-ccc-20260709/GSE205506/supplement/mmc3.xlsx	28AA8BC71620AE3B667D0243891B631DA3B8EB1576108C88463B2F66979EAC80
T_I_NK cell markers	CD8+Trm-mitotic	21	CDK1	"CDK1"	1.64615204069043	0	0	0.421	0.01	Supplementary Table 2. Marker genes for T/I/NK cell clusters, related to Figure S2, Figures 2-4.	F:/pan-gi-ici-ccc-20260709/GSE205506/supplement/mmc3.xlsx	28AA8BC71620AE3B667D0243891B631DA3B8EB1576108C88463B2F66979EAC80
T_I_NK cell markers	CD8+Trm-mitotic	22	PTTG1	"PTTG1"	1.62276847438267	0	0	0.607	0.164	Supplementary Table 2. Marker genes for T/I/NK cell clusters, related to Figure S2, Figures 2-4.	F:/pan-gi-ici-ccc-20260709/GSE205506/supplement/mmc3.xlsx	28AA8BC71620AE3B667D0243891B631DA3B8EB1576108C88463B2F66979EAC80
T_I_NK cell markers	CD8+Trm-mitotic	23	BIRC5	"BIRC5"	1.5610387229834	0	0	0.41	0.008	Supplementary Table 2. Marker genes for T/I/NK cell clusters, related to Figure S2, Figures 2-4.	F:/pan-gi-ici-ccc-20260709/GSE205506/supplement/mmc3.xlsx	28AA8BC71620AE3B667D0243891B631DA3B8EB1576108C88463B2F66979EAC80
T_I_NK cell markers	CD8+Trm-mitotic	24	CKS1B	"CKS1B"	1.52707237103875	0	0	0.465	0.041	Supplementary Table 2. Marker genes for T/I/NK cell clusters, related to Figure S2, Figures 2-4.	F:/pan-gi-ici-ccc-20260709/GSE205506/supplement/mmc3.xlsx	28AA8BC71620AE3B667D0243891B631DA3B8EB1576108C88463B2F66979EAC80
T_I_NK cell markers	CD8+Trm-mitotic	25	RRM2	"RRM2"	1.51263250029464	0	0	0.359	0.007	Supplementary Table 2. Marker genes for T/I/NK cell clusters, related to Figure S2, Figures 2-4.	F:/pan-gi-ici-ccc-20260709/GSE205506/supplement/mmc3.xlsx	28AA8BC71620AE3B667D0243891B631DA3B8EB1576108C88463B2F66979EAC80
T_I_NK cell markers	CD8+Trm-mitotic	26	H2AFV	"H2AFV"	1.46641518119103	0	0	0.752	0.263	Supplementary Table 2. Marker genes for T/I/NK cell clusters, related to Figure S2, Figures 2-4.	F:/pan-gi-ici-ccc-20260709/GSE205506/supplement/mmc3.xlsx	28AA8BC71620AE3B667D0243891B631DA3B8EB1576108C88463B2F66979EAC80
T_I_NK cell markers	CD8+Trm-mitotic	27	ZWINT	"ZWINT"	1.4648577823282	0	0	0.449	0.011	Supplementary Table 2. Marker genes for T/I/NK cell clusters, related to Figure S2, Figures 2-4.	F:/pan-gi-ici-ccc-20260709/GSE205506/supplement/mmc3.xlsx	28AA8BC71620AE3B667D0243891B631DA3B8EB1576108C88463B2F66979EAC80
T_I_NK cell markers	CD8+Trm-mitotic	28	TMPO	"TMPO"	1.46072821863737	0	0	0.588	0.123	Supplementary Table 2. Marker genes for T/I/NK cell clusters, related to Figure S2, Figures 2-4.	F:/pan-gi-ici-ccc-20260709/GSE205506/supplement/mmc3.xlsx	28AA8BC71620AE3B667D0243891B631DA3B8EB1576108C88463B2F66979EAC80
T_I_NK cell markers	CD8+Trm-mitotic	29	GZMB	"GZMB"	1.44739753752796	1.68646016631054e-181	4.22222167237508e-177	0.572	0.209	Supplementary Table 2. Marker genes for T/I/NK cell clusters, related to Figure S2, Figures 2-4.	F:/pan-gi-ici-ccc-20260709/GSE205506/supplement/mmc3.xlsx	28AA8BC71620AE3B667D0243891B631DA3B8EB1576108C88463B2F66979EAC80
T_I_NK cell markers	CD8+Trm-mitotic	30	MT2A	"MT2A"	1.43725035676357	3.87168045250484e-188	9.69313918089112e-184	0.677	0.287	Supplementary Table 2. Marker genes for T/I/NK cell clusters, related to Figure S2, Figures 2-4.	F:/pan-gi-ici-ccc-20260709/GSE205506/supplement/mmc3.xlsx	28AA8BC71620AE3B667D0243891B631DA3B8EB1576108C88463B2F66979EAC80
T_I_NK cell markers	CD8+Trm-mitotic	31	UBE2T	"UBE2T"	1.40967262636587	0	0	0.432	0.025	Supplementary Table 2. Marker genes for T/I/NK cell clusters, related to Figure S2, Figures 2-4.	F:/pan-gi-ici-ccc-20260709/GSE205506/supplement/mmc3.xlsx	28AA8BC71620AE3B667D0243891B631DA3B8EB1576108C88463B2F66979EAC80
T_I_NK cell markers	CD8+Trm-mitotic	32	KPNA2	"KPNA2"	1.40114510275942	0	0	0.395	0.056	Supplementary Table 2. Marker genes for T/I/NK cell clusters, related to Figure S2, Figures 2-4.	F:/pan-gi-ici-ccc-20260709/GSE205506/supplement/mmc3.xlsx	28AA8BC71620AE3B667D0243891B631DA3B8EB1576108C88463B2F66979EAC80
T_I_NK cell markers	CD8+Trm-mitotic	33	FABP5	"FABP5"	1.39284813829048	4.43907948748951e-265	1.11136794048787e-260	0.637	0.202	Supplementary Table 2. Marker genes for T/I/NK cell clusters, related to Figure S2, Figures 2-4.	F:/pan-gi-ici-ccc-20260709/GSE205506/supplement/mmc3.xlsx	28AA8BC71620AE3B667D0243891B631DA3B8EB1576108C88463B2F66979EAC80
T_I_NK cell markers	CD8+Trm-mitotic	34	GTSE1	"GTSE1"	1.36868380117911	0	0	0.348	0.005	Supplementary Table 2. Marker genes for T/I/NK cell clusters, related to Figure S2, Figures 2-4.	F:/pan-gi-ici-ccc-20260709/GSE205506/supplement/mmc3.xlsx	28AA8BC71620AE3B667D0243891B631DA3B8EB1576108C88463B2F66979EAC80
T_I_NK cell markers	CD8+Trm-mitotic	35	TUBB4B	"TUBB4B"	1.36531583952737	3.86051371385064e-207	9.66518213399646e-203	0.655	0.261	Supplementary Table 2. Marker genes for T/I/NK cell clusters, related to Figure S2, Figures 2-4.	F:/pan-gi-ici-ccc-20260709/GSE205506/supplement/mmc3.xlsx	28AA8BC71620AE3B667D0243891B631DA3B8EB1576108C88463B2F66979EAC80
T_I_NK cell markers	CD8+Trm-mitotic	36	TPX2	"TPX2"	1.34556861336435	0	0	0.35	0.009	Supplementary Table 2. Marker genes for T/I/NK cell clusters, related to Figure S2, Figures 2-4.	F:/pan-gi-ici-ccc-20260709/GSE205506/supplement/mmc3.xlsx	28AA8BC71620AE3B667D0243891B631DA3B8EB1576108C88463B2F66979EAC80
T_I_NK cell markers	CD8+Trm-mitotic	37	MAD2L1	"MAD2L1"	1.3430187054319	0	0	0.467	0.047	Supplementary Table 2. Marker genes for T/I/NK cell clusters, related to Figure S2, Figures 2-4.	F:/pan-gi-ici-ccc-20260709/GSE205506/supplement/mmc3.xlsx	28AA8BC71620AE3B667D0243891B631DA3B8EB1576108C88463B2F66979EAC80
T_I_NK cell markers	CD8+Trm-mitotic	38	UBE2S	"UBE2S"	1.3379644762895	4.13228753674515e-218	1.03455950769952e-213	0.55	0.176	Supplementary Table 2. Marker genes for T/I/NK cell clusters, related to Figure S2, Figures 2-4.	F:/pan-gi-ici-ccc-20260709/GSE205506/supplement/mmc3.xlsx	28AA8BC71620AE3B667D0243891B631DA3B8EB1576108C88463B2F66979EAC80
T_I_NK cell markers	CD8+Trm-mitotic	39	KNL1	"KNL1"	1.31362230118966	0	0	0.342	0.008	Supplementary Table 2. Marker genes for T/I/NK cell clusters, related to Figure S2, Figures 2-4.	F:/pan-gi-ici-ccc-20260709/GSE205506/supplement/mmc3.xlsx	28AA8BC71620AE3B667D0243891B631DA3B8EB1576108C88463B2F66979EAC80
T_I_NK cell markers	CD8+Trm-mitotic	40	CCNB2	"CCNB2"	1.30120707689987	0	0	0.314	0.007	Supplementary Table 2. Marker genes for T/I/NK cell clusters, related to Figure S2, Figures 2-4.	F:/pan-gi-ici-ccc-20260709/GSE205506/supplement/mmc3.xlsx	28AA8BC71620AE3B667D0243891B631DA3B8EB1576108C88463B2F66979EAC80
T_I_NK cell markers	CD8+Trm-mitotic	41	AURKB	"AURKB"	1.30017681392745	0	0	0.342	0.006	Supplementary Table 2. Marker genes for T/I/NK cell clusters, related to Figure S2, Figures 2-4.	F:/pan-gi-ici-ccc-20260709/GSE205506/supplement/mmc3.xlsx	28AA8BC71620AE3B667D0243891B631DA3B8EB1576108C88463B2F66979EAC80
T_I_NK cell markers	CD8+Trm-mitotic	42	ARL6IP1	"ARL6IP1"	1.29312514376289	3.34228621058983e-123	8.3677477568327e-119	0.573	0.254	Supplementary Table 2. Marker genes for T/I/NK cell clusters, related to Figure S2, Figures 2-4.	F:/pan-gi-ici-ccc-20260709/GSE205506/supplement/mmc3.xlsx	28AA8BC71620AE3B667D0243891B631DA3B8EB1576108C88463B2F66979EAC80
T_I_NK cell markers	CD8+Trm-mitotic	43	CDKN3	"CDKN3"	1.28512985731438	0	0	0.35	0.013	Supplementary Table 2. Marker genes for T/I/NK cell clusters, related to Figure S2, Figures 2-4.	F:/pan-gi-ici-ccc-20260709/GSE205506/supplement/mmc3.xlsx	28AA8BC71620AE3B667D0243891B631DA3B8EB1576108C88463B2F66979EAC80
T_I_NK cell markers	CD8+Trm-mitotic	44	HELLS	"HELLS"	1.26360835507947	0	0	0.395	0.043	Supplementary Table 2. Marker genes for T/I/NK cell clusters, related to Figure S2, Figures 2-4.	F:/pan-gi-ici-ccc-20260709/GSE205506/supplement/mmc3.xlsx	28AA8BC71620AE3B667D0243891B631DA3B8EB1576108C88463B2F66979EAC80
T_I_NK cell markers	CD8+Trm-mitotic	45	SMC2	"SMC2"	1.26210826364965	0	0	0.43	0.039	Supplementary Table 2. Marker genes for T/I/NK cell clusters, related to Figure S2, Figures 2-4.	F:/pan-gi-ici-ccc-20260709/GSE205506/supplement/mmc3.xlsx	28AA8BC71620AE3B667D0243891B631DA3B8EB1576108C88463B2F66979EAC80
T_I_NK cell markers	CD8+Trm-mitotic	46	JPT1	"JPT1"	1.25960121671414	8.34496676937345e-213	2.08924588038034e-208	0.672	0.257	Supplementary Table 2. Marker genes for T/I/NK cell clusters, related to Figure S2, Figures 2-4.	F:/pan-gi-ici-ccc-20260709/GSE205506/supplement/mmc3.xlsx	28AA8BC71620AE3B667D0243891B631DA3B8EB1576108C88463B2F66979EAC80
T_I_NK cell markers	CD8+Trm-mitotic	47	CXCL13	"CXCL13"	1.24778967489258	1.42104363776099e-151	3.55772485149842e-147	0.377	0.111	Supplementary Table 2. Marker genes for T/I/NK cell clusters, related to Figure S2, Figures 2-4.	F:/pan-gi-ici-ccc-20260709/GSE205506/supplement/mmc3.xlsx	28AA8BC71620AE3B667D0243891B631DA3B8EB1576108C88463B2F66979EAC80
T_I_NK cell markers	CD8+Trm-mitotic	48	RANBP1	"RANBP1"	1.24539663143051	8.01045366077616e-220	2.00549717851192e-215	0.685	0.277	Supplementary Table 2. Marker genes for T/I/NK cell clusters, related to Figure S2, Figures 2-4.	F:/pan-gi-ici-ccc-20260709/GSE205506/supplement/mmc3.xlsx	28AA8BC71620AE3B667D0243891B631DA3B8EB1576108C88463B2F66979EAC80
T_I_NK cell markers	CD8+Trm-mitotic	49	EZH2	"EZH2"	1.24162373726049	0	0	0.413	0.041	Supplementary Table 2. Marker genes for T/I/NK cell clusters, related to Figure S2, Figures 2-4.	F:/pan-gi-ici-ccc-20260709/GSE205506/supplement/mmc3.xlsx	28AA8BC71620AE3B667D0243891B631DA3B8EB1576108C88463B2F66979EAC80
T_I_NK cell markers	CD8+Trm-mitotic	50	MCM7	"MCM7"	1.23425205648133	0	0	0.401	0.038	Supplementary Table 2. Marker genes for T/I/NK cell clusters, related to Figure S2, Figures 2-4.	F:/pan-gi-ici-ccc-20260709/GSE205506/supplement/mmc3.xlsx	28AA8BC71620AE3B667D0243891B631DA3B8EB1576108C88463B2F66979EAC80
T_I_NK cell markers	ILC3	1	LST1	"LST1"	2.91775447004451	0	0	0.672	0.041	Supplementary Table 2. Marker genes for T/I/NK cell clusters, related to Figure S2, Figures 2-4.	F:/pan-gi-ici-ccc-20260709/GSE205506/supplement/mmc3.xlsx	28AA8BC71620AE3B667D0243891B631DA3B8EB1576108C88463B2F66979EAC80
T_I_NK cell markers	ILC3	2	AREG	"AREG"	2.53357964715048	2.83758929810129e-86	7.10418856672639e-82	0.344	0.045	Supplementary Table 2. Marker genes for T/I/NK cell clusters, related to Figure S2, Figures 2-4.	F:/pan-gi-ici-ccc-20260709/GSE205506/supplement/mmc3.xlsx	28AA8BC71620AE3B667D0243891B631DA3B8EB1576108C88463B2F66979EAC80
T_I_NK cell markers	ILC3	3	IL7R	"IL7R"	2.22126371186493	1.22220113459269e-80	3.05990276056626e-76	0.935	0.419	Supplementary Table 2. Marker genes for T/I/NK cell clusters, related to Figure S2, Figures 2-4.	F:/pan-gi-ici-ccc-20260709/GSE205506/supplement/mmc3.xlsx	28AA8BC71620AE3B667D0243891B631DA3B8EB1576108C88463B2F66979EAC80
T_I_NK cell markers	ILC3	4	PCDH9	"PCDH9"	2.12541357627934	0	0	0.435	0.001	Supplementary Table 2. Marker genes for T/I/NK cell clusters, related to Figure S2, Figures 2-4.	F:/pan-gi-ici-ccc-20260709/GSE205506/supplement/mmc3.xlsx	28AA8BC71620AE3B667D0243891B631DA3B8EB1576108C88463B2F66979EAC80
T_I_NK cell markers	ILC3	5	LTB	"LTB"	2.05008641065765	1.57933348169615e-63	3.95401930477449e-59	0.855	0.399	Supplementary Table 2. Marker genes for T/I/NK cell clusters, related to Figure S2, Figures 2-4.	F:/pan-gi-ici-ccc-20260709/GSE205506/supplement/mmc3.xlsx	28AA8BC71620AE3B667D0243891B631DA3B8EB1576108C88463B2F66979EAC80
T_I_NK cell markers	ILC3	6	KRT86	"KRT86"	1.99657034274851	0	0	0.462	0.023	Supplementary Table 2. Marker genes for T/I/NK cell clusters, related to Figure S2, Figures 2-4.	F:/pan-gi-ici-ccc-20260709/GSE205506/supplement/mmc3.xlsx	28AA8BC71620AE3B667D0243891B631DA3B8EB1576108C88463B2F66979EAC80
T_I_NK cell markers	ILC3	7	IL4I1	"IL4I1"	1.96716941169386	1.00427962318072e-240	2.51431446459525e-236	0.419	0.025	Supplementary Table 2. Marker genes for T/I/NK cell clusters, related to Figure S2, Figures 2-4.	F:/pan-gi-ici-ccc-20260709/GSE205506/supplement/mmc3.xlsx	28AA8BC71620AE3B667D0243891B631DA3B8EB1576108C88463B2F66979EAC80
T_I_NK cell markers	ILC3	8	KRT81	"KRT81"	1.82772852042598	1.66249388384558e-242	4.16221968759579e-238	0.382	0.02	Supplementary Table 2. Marker genes for T/I/NK cell clusters, related to Figure S2, Figures 2-4.	F:/pan-gi-ici-ccc-20260709/GSE205506/supplement/mmc3.xlsx	28AA8BC71620AE3B667D0243891B631DA3B8EB1576108C88463B2F66979EAC80
T_I_NK cell markers	ILC3	9	KIT	"KIT"	1.82139490268004	0	0	0.392	0.004	Supplementary Table 2. Marker genes for T/I/NK cell clusters, related to Figure S2, Figures 2-4.	F:/pan-gi-ici-ccc-20260709/GSE205506/supplement/mmc3.xlsx	28AA8BC71620AE3B667D0243891B631DA3B8EB1576108C88463B2F66979EAC80
T_I_NK cell markers	ILC3	10	TNFSF13B	"TNFSF13B"	1.80339783862035	1.26571635360661e-161	3.16884746288951e-157	0.505	0.053	Supplementary Table 2. Marker genes for T/I/NK cell clusters, related to Figure S2, Figures 2-4.	F:/pan-gi-ici-ccc-20260709/GSE205506/supplement/mmc3.xlsx	28AA8BC71620AE3B667D0243891B631DA3B8EB1576108C88463B2F66979EAC80
T_I_NK cell markers	ILC3	11	TYROBP	"TYROBP"	1.74026427824606	1.99754358275892e-130	5.00105011379523e-126	0.656	0.102	Supplementary Table 2. Marker genes for T/I/NK cell clusters, related to Figure S2, Figures 2-4.	F:/pan-gi-ici-ccc-20260709/GSE205506/supplement/mmc3.xlsx	28AA8BC71620AE3B667D0243891B631DA3B8EB1576108C88463B2F66979EAC80
T_I_NK cell markers	ILC3	12	GSN	"GSN"	1.71886427739068	7.27693600191461e-168	1.82185369743934e-163	0.403	0.033	Supplementary Table 2. Marker genes for T/I/NK cell clusters, related to Figure S2, Figures 2-4.	F:/pan-gi-ici-ccc-20260709/GSE205506/supplement/mmc3.xlsx	28AA8BC71620AE3B667D0243891B631DA3B8EB1576108C88463B2F66979EAC80
T_I_NK cell markers	ILC3	13	FOS	"FOS"	1.63073212448465	9.23959193084228e-19	2.31322423580567e-14	0.71	0.482	Supplementary Table 2. Marker genes for T/I/NK cell clusters, related to Figure S2, Figures 2-4.	F:/pan-gi-ici-ccc-20260709/GSE205506/supplement/mmc3.xlsx	28AA8BC71620AE3B667D0243891B631DA3B8EB1576108C88463B2F66979EAC80
T_I_NK cell markers	ILC3	14	CAT	"CAT"	1.52384169123419	1.36740959043943e-52	3.42344665062415e-48	0.409	0.094	Supplementary Table 2. Marker genes for T/I/NK cell clusters, related to Figure S2, Figures 2-4.	F:/pan-gi-ici-ccc-20260709/GSE205506/supplement/mmc3.xlsx	28AA8BC71620AE3B667D0243891B631DA3B8EB1576108C88463B2F66979EAC80
T_I_NK cell markers	ILC3	15	SPINK2	"SPINK2"	1.51899042196075	3.37129578020864e-185	8.44037611533036e-181	0.333	0.02	Supplementary Table 2. Marker genes for T/I/NK cell clusters, related to Figure S2, Figures 2-4.	F:/pan-gi-ici-ccc-20260709/GSE205506/supplement/mmc3.xlsx	28AA8BC71620AE3B667D0243891B631DA3B8EB1576108C88463B2F66979EAC80
T_I_NK cell markers	ILC3	16	KLRB1	"KLRB1"	1.51046665651395	2.87812441636056e-56	7.20567228880031e-52	0.882	0.386	Supplementary Table 2. Marker genes for T/I/NK cell clusters, related to Figure S2, Figures 2-4.	F:/pan-gi-ici-ccc-20260709/GSE205506/supplement/mmc3.xlsx	28AA8BC71620AE3B667D0243891B631DA3B8EB1576108C88463B2F66979EAC80
T_I_NK cell markers	ILC3	17	TLE1	"TLE1"	1.44937896779066	2.96156294475802e-166	7.41456898849617e-162	0.306	0.019	Supplementary Table 2. Marker genes for T/I/NK cell clusters, related to Figure S2, Figures 2-4.	F:/pan-gi-ici-ccc-20260709/GSE205506/supplement/mmc3.xlsx	28AA8BC71620AE3B667D0243891B631DA3B8EB1576108C88463B2F66979EAC80
T_I_NK cell markers	ILC3	18	FXYD5	"FXYD5"	1.39445644061344	1.26678758738327e-39	3.17152940377277e-35	0.801	0.451	Supplementary Table 2. Marker genes for T/I/NK cell clusters, related to Figure S2, Figures 2-4.	F:/pan-gi-ici-ccc-20260709/GSE205506/supplement/mmc3.xlsx	28AA8BC71620AE3B667D0243891B631DA3B8EB1576108C88463B2F66979EAC80
T_I_NK cell markers	ILC3	19	PTGDR	"PTGDR"	1.38483124184799	5.53021586815537e-71	1.38454484475138e-66	0.371	0.059	Supplementary Table 2. Marker genes for T/I/NK cell clusters, related to Figure S2, Figures 2-4.	F:/pan-gi-ici-ccc-20260709/GSE205506/supplement/mmc3.xlsx	28AA8BC71620AE3B667D0243891B631DA3B8EB1576108C88463B2F66979EAC80
T_I_NK cell markers	ILC3	20	LTA4H	"LTA4H"	1.38061202180038	4.8483159714548e-62	1.21382438661342e-57	0.403	0.079	Supplementary Table 2. Marker genes for T/I/NK cell clusters, related to Figure S2, Figures 2-4.	F:/pan-gi-ici-ccc-20260709/GSE205506/supplement/mmc3.xlsx	28AA8BC71620AE3B667D0243891B631DA3B8EB1576108C88463B2F66979EAC80
T_I_NK cell markers	ILC3	21	NFKBIA	"NFKBIA"	1.36609689140186	1.86608065002208e-28	4.67191951539528e-24	0.72	0.377	Supplementary Table 2. Marker genes for T/I/NK cell clusters, related to Figure S2, Figures 2-4.	F:/pan-gi-ici-ccc-20260709/GSE205506/supplement/mmc3.xlsx	28AA8BC71620AE3B667D0243891B631DA3B8EB1576108C88463B2F66979EAC80
T_I_NK cell markers	ILC3	22	TNFRSF25	"TNFRSF25"	1.35748878485748	9.47708834634688e-60	2.3726838383914e-55	0.5	0.12	Supplementary Table 2. Marker genes for T/I/NK cell clusters, related to Figure S2, Figures 2-4.	F:/pan-gi-ici-ccc-20260709/GSE205506/supplement/mmc3.xlsx	28AA8BC71620AE3B667D0243891B631DA3B8EB1576108C88463B2F66979EAC80
T_I_NK cell markers	ILC3	23	AQP3	"AQP3"	1.35630057600924	9.31888441858991e-59	2.33307590303817e-54	0.468	0.107	Supplementary Table 2. Marker genes for T/I/NK cell clusters, related to Figure S2, Figures 2-4.	F:/pan-gi-ici-ccc-20260709/GSE205506/supplement/mmc3.xlsx	28AA8BC71620AE3B667D0243891B631DA3B8EB1576108C88463B2F66979EAC80
T_I_NK cell markers	ILC3	24	CD81	"CD81"	1.28999787111553	2.92637386522957e-34	7.32646960898875e-30	0.737	0.411	Supplementary Table 2. Marker genes for T/I/NK cell clusters, related to Figure S2, Figures 2-4.	F:/pan-gi-ici-ccc-20260709/GSE205506/supplement/mmc3.xlsx	28AA8BC71620AE3B667D0243891B631DA3B8EB1576108C88463B2F66979EAC80
T_I_NK cell markers	ILC3	25	FCER1G	"FCER1G"	1.26886415506142	8.62389619681713e-74	2.15907865183514e-69	0.478	0.088	Supplementary Table 2. Marker genes for T/I/NK cell clusters, related to Figure S2, Figures 2-4.	F:/pan-gi-ici-ccc-20260709/GSE205506/supplement/mmc3.xlsx	28AA8BC71620AE3B667D0243891B631DA3B8EB1576108C88463B2F66979EAC80
T_I_NK cell markers	ILC3	26	CTSH	"CTSH"	1.24728412257831	2.67293282555785e-43	6.69195462206663e-39	0.263	0.047	Supplementary Table 2. Marker genes for T/I/NK cell clusters, related to Figure S2, Figures 2-4.	F:/pan-gi-ici-ccc-20260709/GSE205506/supplement/mmc3.xlsx	28AA8BC71620AE3B667D0243891B631DA3B8EB1576108C88463B2F66979EAC80
T_I_NK cell markers	ILC3	27	XCL1	"XCL1"	1.2092906380788	6.0876635985812e-19	1.52410745854079e-14	0.253	0.08	Supplementary Table 2. Marker genes for T/I/NK cell clusters, related to Figure S2, Figures 2-4.	F:/pan-gi-ici-ccc-20260709/GSE205506/supplement/mmc3.xlsx	28AA8BC71620AE3B667D0243891B631DA3B8EB1576108C88463B2F66979EAC80
T_I_NK cell markers	ILC3	28	BST2	"BST2"	1.19272343654515	1.44161739676535e-25	3.60923331454173e-21	0.602	0.299	Supplementary Table 2. Marker genes for T/I/NK cell clusters, related to Figure S2, Figures 2-4.	F:/pan-gi-ici-ccc-20260709/GSE205506/supplement/mmc3.xlsx	28AA8BC71620AE3B667D0243891B631DA3B8EB1576108C88463B2F66979EAC80
T_I_NK cell markers	ILC3	29	MPG	"MPG"	1.18820750398312	5.05427393527282e-39	1.2653880224349e-34	0.457	0.141	Supplementary Table 2. Marker genes for T/I/NK cell clusters, related to Figure S2, Figures 2-4.	F:/pan-gi-ici-ccc-20260709/GSE205506/supplement/mmc3.xlsx	28AA8BC71620AE3B667D0243891B631DA3B8EB1576108C88463B2F66979EAC80
T_I_NK cell markers	ILC3	30	IL23R	"IL23R"	1.18510258761207	4.13377196913367e-189	1.03493115019231e-184	0.28	0.014	Supplementary Table 2. Marker genes for T/I/NK cell clusters, related to Figure S2, Figures 2-4.	F:/pan-gi-ici-ccc-20260709/GSE205506/supplement/mmc3.xlsx	28AA8BC71620AE3B667D0243891B631DA3B8EB1576108C88463B2F66979EAC80
T_I_NK cell markers	ILC3	31	ZFP36L1	"ZFP36L1"	1.18010224963995	2.31756682651714e-24	5.80226030686831e-20	0.753	0.469	Supplementary Table 2. Marker genes for T/I/NK cell clusters, related to Figure S2, Figures 2-4.	F:/pan-gi-ici-ccc-20260709/GSE205506/supplement/mmc3.xlsx	28AA8BC71620AE3B667D0243891B631DA3B8EB1576108C88463B2F66979EAC80
T_I_NK cell markers	ILC3	32	H2AFY	"H2AFY"	1.17156097082239	2.57099833585562e-31	6.43675143364813e-27	0.548	0.224	Supplementary Table 2. Marker genes for T/I/NK cell clusters, related to Figure S2, Figures 2-4.	F:/pan-gi-ici-ccc-20260709/GSE205506/supplement/mmc3.xlsx	28AA8BC71620AE3B667D0243891B631DA3B8EB1576108C88463B2F66979EAC80
T_I_NK cell markers	ILC3	33	TXK	"TXK"	1.15445915452848	1.60640370137667e-47	4.02179230676663e-43	0.339	0.069	Supplementary Table 2. Marker genes for T/I/NK cell clusters, related to Figure S2, Figures 2-4.	F:/pan-gi-ici-ccc-20260709/GSE205506/supplement/mmc3.xlsx	28AA8BC71620AE3B667D0243891B631DA3B8EB1576108C88463B2F66979EAC80
T_I_NK cell markers	ILC3	34	TMIGD2	"TMIGD2"	1.1484944065613	1.92772757220465e-39	4.82625874977155e-35	0.425	0.118	Supplementary Table 2. Marker genes for T/I/NK cell clusters, related to Figure S2, Figures 2-4.	F:/pan-gi-ici-ccc-20260709/GSE205506/supplement/mmc3.xlsx	28AA8BC71620AE3B667D0243891B631DA3B8EB1576108C88463B2F66979EAC80
T_I_NK cell markers	ILC3	35	HSPA1B	"HSPA1B"	1.13596758968356	2.81061076406692e-16	7.03664510891794e-12	0.613	0.363	Supplementary Table 2. Marker genes for T/I/NK cell clusters, related to Figure S2, Figures 2-4.	F:/pan-gi-ici-ccc-20260709/GSE205506/supplement/mmc3.xlsx	28AA8BC71620AE3B667D0243891B631DA3B8EB1576108C88463B2F66979EAC80
T_I_NK cell markers	ILC3	36	FOSB	"FOSB"	1.09541408593507	2.80703376039881e-16	7.02768972253447e-12	0.618	0.37	Supplementary Table 2. Marker genes for T/I/NK cell clusters, related to Figure S2, Figures 2-4.	F:/pan-gi-ici-ccc-20260709/GSE205506/supplement/mmc3.xlsx	28AA8BC71620AE3B667D0243891B631DA3B8EB1576108C88463B2F66979EAC80
T_I_NK cell markers	ILC3	37	IFITM3	"IFITM3"	1.08780075191484	4.89251823247704e-39	1.22489086468295e-34	0.36	0.086	Supplementary Table 2. Marker genes for T/I/NK cell clusters, related to Figure S2, Figures 2-4.	F:/pan-gi-ici-ccc-20260709/GSE205506/supplement/mmc3.xlsx	28AA8BC71620AE3B667D0243891B631DA3B8EB1576108C88463B2F66979EAC80
T_I_NK cell markers	ILC3	38	PRR5	"PRR5"	1.06760746314782	1.28907434418382e-39	3.22732652809861e-35	0.328	0.075	Supplementary Table 2. Marker genes for T/I/NK cell clusters, related to Figure S2, Figures 2-4.	F:/pan-gi-ici-ccc-20260709/GSE205506/supplement/mmc3.xlsx	28AA8BC71620AE3B667D0243891B631DA3B8EB1576108C88463B2F66979EAC80
T_I_NK cell markers	ILC3	39	NCOA7	"NCOA7"	1.06519657466235	1.99660140750639e-35	4.99869128383299e-31	0.328	0.081	Supplementary Table 2. Marker genes for T/I/NK cell clusters, related to Figure S2, Figures 2-4.	F:/pan-gi-ici-ccc-20260709/GSE205506/supplement/mmc3.xlsx	28AA8BC71620AE3B667D0243891B631DA3B8EB1576108C88463B2F66979EAC80
T_I_NK cell markers	ILC3	40	TCF7	"TCF7"	1.06262506876851	2.1091543914819e-28	5.28047893451407e-24	0.505	0.193	Supplementary Table 2. Marker genes for T/I/NK cell clusters, related to Figure S2, Figures 2-4.	F:/pan-gi-ici-ccc-20260709/GSE205506/supplement/mmc3.xlsx	28AA8BC71620AE3B667D0243891B631DA3B8EB1576108C88463B2F66979EAC80
T_I_NK cell markers	ILC3	41	AHR	"AHR"	1.03701434381248	1.45875081779225e-50	3.65212854742469e-46	0.285	0.048	Supplementary Table 2. Marker genes for T/I/NK cell clusters, related to Figure S2, Figures 2-4.	F:/pan-gi-ici-ccc-20260709/GSE205506/supplement/mmc3.xlsx	28AA8BC71620AE3B667D0243891B631DA3B8EB1576108C88463B2F66979EAC80
T_I_NK cell markers	ILC3	42	TIMP1	"TIMP1"	1.02058913784971	2.35790511317217e-33	5.90325124133783e-29	0.478	0.158	Supplementary Table 2. Marker genes for T/I/NK cell clusters, related to Figure S2, Figures 2-4.	F:/pan-gi-ici-ccc-20260709/GSE205506/supplement/mmc3.xlsx	28AA8BC71620AE3B667D0243891B631DA3B8EB1576108C88463B2F66979EAC80
T_I_NK cell markers	ILC3	43	IL18R1	"IL18R1"	0.98095220559448	1.94117071879366e-37	4.8599150115718e-33	0.263	0.053	Supplementary Table 2. Marker genes for T/I/NK cell clusters, related to Figure S2, Figures 2-4.	F:/pan-gi-ici-ccc-20260709/GSE205506/supplement/mmc3.xlsx	28AA8BC71620AE3B667D0243891B631DA3B8EB1576108C88463B2F66979EAC80
T_I_NK cell markers	ILC3	44	SSBP2	"SSBP2"	0.978563493021628	1.20535737753243e-77	3.01773273039019e-73	0.258	0.028	Supplementary Table 2. Marker genes for T/I/NK cell clusters, related to Figure S2, Figures 2-4.	F:/pan-gi-ici-ccc-20260709/GSE205506/supplement/mmc3.xlsx	28AA8BC71620AE3B667D0243891B631DA3B8EB1576108C88463B2F66979EAC80
T_I_NK cell markers	ILC3	45	TNFRSF18	"TNFRSF18"	0.972957435913212	2.09647985806943e-28	5.24874697266263e-24	0.495	0.181	Supplementary Table 2. Marker genes for T/I/NK cell clusters, related to Figure S2, Figures 2-4.	F:/pan-gi-ici-ccc-20260709/GSE205506/supplement/mmc3.xlsx	28AA8BC71620AE3B667D0243891B631DA3B8EB1576108C88463B2F66979EAC80
T_I_NK cell markers	ILC3	46	CXXC5	"CXXC5"	0.966713855852611	1.12095621445697e-55	2.80642597851448e-51	0.28	0.043	Supplementary Table 2. Marker genes for T/I/NK cell clusters, related to Figure S2, Figures 2-4.	F:/pan-gi-ici-ccc-20260709/GSE205506/supplement/mmc3.xlsx	28AA8BC71620AE3B667D0243891B631DA3B8EB1576108C88463B2F66979EAC80
T_I_NK cell markers	ILC3	47	DUSP1	"DUSP1"	0.960136700492601	1.28009846946793e-11	3.20485452815992e-07	0.715	0.528	Supplementary Table 2. Marker genes for T/I/NK cell clusters, related to Figure S2, Figures 2-4.	F:/pan-gi-ici-ccc-20260709/GSE205506/supplement/mmc3.xlsx	28AA8BC71620AE3B667D0243891B631DA3B8EB1576108C88463B2F66979EAC80
T_I_NK cell markers	ILC3	48	TOX2	"TOX2"	0.933329615396838	6.779323628367e-26	1.69727146359796e-21	0.285	0.078	Supplementary Table 2. Marker genes for T/I/NK cell clusters, related to Figure S2, Figures 2-4.	F:/pan-gi-ici-ccc-20260709/GSE205506/supplement/mmc3.xlsx	28AA8BC71620AE3B667D0243891B631DA3B8EB1576108C88463B2F66979EAC80
T_I_NK cell markers	ILC3	49	SEC11A	"SEC11A"	0.88576413196462	5.92989995238955e-20	1.48460975208025e-15	0.634	0.357	Supplementary Table 2. Marker genes for T/I/NK cell clusters, related to Figure S2, Figures 2-4.	F:/pan-gi-ici-ccc-20260709/GSE205506/supplement/mmc3.xlsx	28AA8BC71620AE3B667D0243891B631DA3B8EB1576108C88463B2F66979EAC80
T_I_NK cell markers	ILC3	50	JUN	"JUN"	0.880066953315806	2.68995029133423e-08	0.000673455954938438	0.774	0.685	Supplementary Table 2. Marker genes for T/I/NK cell clusters, related to Figure S2, Figures 2-4.	F:/pan-gi-ici-ccc-20260709/GSE205506/supplement/mmc3.xlsx	28AA8BC71620AE3B667D0243891B631DA3B8EB1576108C88463B2F66979EAC80
T_I_NK cell markers	NK-FGFBP2	1	FGFBP2	"FGFBP2"	3.53440985755545	0	0	0.735	0.01	Supplementary Table 2. Marker genes for T/I/NK cell clusters, related to Figure S2, Figures 2-4.	F:/pan-gi-ici-ccc-20260709/GSE205506/supplement/mmc3.xlsx	28AA8BC71620AE3B667D0243891B631DA3B8EB1576108C88463B2F66979EAC80
T_I_NK cell markers	NK-FGFBP2	2	FCGR3A	"FCGR3A"	3.24614281763299	0	0	0.817	0.028	Supplementary Table 2. Marker genes for T/I/NK cell clusters, related to Figure S2, Figures 2-4.	F:/pan-gi-ici-ccc-20260709/GSE205506/supplement/mmc3.xlsx	28AA8BC71620AE3B667D0243891B631DA3B8EB1576108C88463B2F66979EAC80
T_I_NK cell markers	NK-FGFBP2	3	PRF1	"PRF1"	2.947000721855	8.34877673240263e-179	2.09019974272432e-174	0.891	0.238	Supplementary Table 2. Marker genes for T/I/NK cell clusters, related to Figure S2, Figures 2-4.	F:/pan-gi-ici-ccc-20260709/GSE205506/supplement/mmc3.xlsx	28AA8BC71620AE3B667D0243891B631DA3B8EB1576108C88463B2F66979EAC80
T_I_NK cell markers	NK-FGFBP2	4	KLRF1	"KLRF1"	2.8592452711888	0	0	0.726	0.013	Supplementary Table 2. Marker genes for T/I/NK cell clusters, related to Figure S2, Figures 2-4.	F:/pan-gi-ici-ccc-20260709/GSE205506/supplement/mmc3.xlsx	28AA8BC71620AE3B667D0243891B631DA3B8EB1576108C88463B2F66979EAC80
T_I_NK cell markers	NK-FGFBP2	5	GNLY	"GNLY"	2.79695830676559	3.86106686000825e-224	9.66656699071664e-220	0.957	0.186	Supplementary Table 2. Marker genes for T/I/NK cell clusters, related to Figure S2, Figures 2-4.	F:/pan-gi-ici-ccc-20260709/GSE205506/supplement/mmc3.xlsx	28AA8BC71620AE3B667D0243891B631DA3B8EB1576108C88463B2F66979EAC80
T_I_NK cell markers	NK-FGFBP2	6	NKG7	"NKG7"	2.4870501568669	1.40634404901388e-133	3.52092296111114e-129	0.987	0.493	Supplementary Table 2. Marker genes for T/I/NK cell clusters, related to Figure S2, Figures 2-4.	F:/pan-gi-ici-ccc-20260709/GSE205506/supplement/mmc3.xlsx	28AA8BC71620AE3B667D0243891B631DA3B8EB1576108C88463B2F66979EAC80
T_I_NK cell markers	NK-FGFBP2	7	SPON2	"SPON2"	2.38365864740625	1.72594315869101e-200	4.32107129209881e-196	0.552	0.065	Supplementary Table 2. Marker genes for T/I/NK cell clusters, related to Figure S2, Figures 2-4.	F:/pan-gi-ici-ccc-20260709/GSE205506/supplement/mmc3.xlsx	28AA8BC71620AE3B667D0243891B631DA3B8EB1576108C88463B2F66979EAC80
T_I_NK cell markers	NK-FGFBP2	8	KLF2	"KLF2"	2.35438143371362	2.01750608472328e-170	5.05102823371319e-166	0.804	0.16	Supplementary Table 2. Marker genes for T/I/NK cell clusters, related to Figure S2, Figures 2-4.	F:/pan-gi-ici-ccc-20260709/GSE205506/supplement/mmc3.xlsx	28AA8BC71620AE3B667D0243891B631DA3B8EB1576108C88463B2F66979EAC80
T_I_NK cell markers	NK-FGFBP2	9	GZMB	"GZMB"	2.31034339818424	8.11126030951131e-174	2.03073513108925e-169	0.922	0.218	Supplementary Table 2. Marker genes for T/I/NK cell clusters, related to Figure S2, Figures 2-4.	F:/pan-gi-ici-ccc-20260709/GSE205506/supplement/mmc3.xlsx	28AA8BC71620AE3B667D0243891B631DA3B8EB1576108C88463B2F66979EAC80
T_I_NK cell markers	NK-FGFBP2	10	TYROBP	"TYROBP"	2.30313401312908	2.05808489742824e-247	5.15262134920135e-243	0.765	0.1	Supplementary Table 2. Marker genes for T/I/NK cell clusters, related to Figure S2, Figures 2-4.	F:/pan-gi-ici-ccc-20260709/GSE205506/supplement/mmc3.xlsx	28AA8BC71620AE3B667D0243891B631DA3B8EB1576108C88463B2F66979EAC80
T_I_NK cell markers	NK-FGFBP2	11	KLRD1	"KLRD1"	2.23028944649074	2.66323161090223e-148	6.66766666105483e-144	0.935	0.273	Supplementary Table 2. Marker genes for T/I/NK cell clusters, related to Figure S2, Figures 2-4.	F:/pan-gi-ici-ccc-20260709/GSE205506/supplement/mmc3.xlsx	28AA8BC71620AE3B667D0243891B631DA3B8EB1576108C88463B2F66979EAC80
T_I_NK cell markers	NK-FGFBP2	12	GZMH	"GZMH"	2.12816142870537	1.8184662102694e-131	4.55271200403048e-127	0.822	0.211	Supplementary Table 2. Marker genes for T/I/NK cell clusters, related to Figure S2, Figures 2-4.	F:/pan-gi-ici-ccc-20260709/GSE205506/supplement/mmc3.xlsx	28AA8BC71620AE3B667D0243891B631DA3B8EB1576108C88463B2F66979EAC80
T_I_NK cell markers	NK-FGFBP2	13	EFHD2	"EFHD2"	1.90298920839692	1.51608263821027e-93	3.79566449302324e-89	0.678	0.203	Supplementary Table 2. Marker genes for T/I/NK cell clusters, related to Figure S2, Figures 2-4.	F:/pan-gi-ici-ccc-20260709/GSE205506/supplement/mmc3.xlsx	28AA8BC71620AE3B667D0243891B631DA3B8EB1576108C88463B2F66979EAC80
T_I_NK cell markers	NK-FGFBP2	14	CLIC3	"CLIC3"	1.87216427382471	2.67314959593002e-89	6.6924973283704e-85	0.47	0.094	Supplementary Table 2. Marker genes for T/I/NK cell clusters, related to Figure S2, Figures 2-4.	F:/pan-gi-ici-ccc-20260709/GSE205506/supplement/mmc3.xlsx	28AA8BC71620AE3B667D0243891B631DA3B8EB1576108C88463B2F66979EAC80
T_I_NK cell markers	NK-FGFBP2	15	PLAC8	"PLAC8"	1.83200325289716	8.62555215904659e-116	2.1594932385389e-111	0.509	0.089	Supplementary Table 2. Marker genes for T/I/NK cell clusters, related to Figure S2, Figures 2-4.	F:/pan-gi-ici-ccc-20260709/GSE205506/supplement/mmc3.xlsx	28AA8BC71620AE3B667D0243891B631DA3B8EB1576108C88463B2F66979EAC80
T_I_NK cell markers	NK-FGFBP2	16	CD247	"CD247"	1.79631442758286	6.73609555199016e-69	1.68644888239626e-64	0.826	0.46	Supplementary Table 2. Marker genes for T/I/NK cell clusters, related to Figure S2, Figures 2-4.	F:/pan-gi-ici-ccc-20260709/GSE205506/supplement/mmc3.xlsx	28AA8BC71620AE3B667D0243891B631DA3B8EB1576108C88463B2F66979EAC80
T_I_NK cell markers	NK-FGFBP2	17	PLEK	"PLEK"	1.74130445510786	1.46994879211154e-170	3.68016379593045e-166	0.496	0.059	Supplementary Table 2. Marker genes for T/I/NK cell clusters, related to Figure S2, Figures 2-4.	F:/pan-gi-ici-ccc-20260709/GSE205506/supplement/mmc3.xlsx	28AA8BC71620AE3B667D0243891B631DA3B8EB1576108C88463B2F66979EAC80
T_I_NK cell markers	NK-FGFBP2	18	ADGRG1	"ADGRG1"	1.71128651183747	2.48613983868588e-229	6.22429970013398e-225	0.417	0.031	Supplementary Table 2. Marker genes for T/I/NK cell clusters, related to Figure S2, Figures 2-4.	F:/pan-gi-ici-ccc-20260709/GSE205506/supplement/mmc3.xlsx	28AA8BC71620AE3B667D0243891B631DA3B8EB1576108C88463B2F66979EAC80
T_I_NK cell markers	NK-FGFBP2	19	ZEB2	"ZEB2"	1.67342501496853	1.45091144857745e-87	3.63250190265851e-83	0.522	0.117	Supplementary Table 2. Marker genes for T/I/NK cell clusters, related to Figure S2, Figures 2-4.	F:/pan-gi-ici-ccc-20260709/GSE205506/supplement/mmc3.xlsx	28AA8BC71620AE3B667D0243891B631DA3B8EB1576108C88463B2F66979EAC80
T_I_NK cell markers	NK-FGFBP2	20	CST7	"CST7"	1.56930772148146	2.52060901836047e-74	6.31059673836727e-70	0.904	0.485	Supplementary Table 2. Marker genes for T/I/NK cell clusters, related to Figure S2, Figures 2-4.	F:/pan-gi-ici-ccc-20260709/GSE205506/supplement/mmc3.xlsx	28AA8BC71620AE3B667D0243891B631DA3B8EB1576108C88463B2F66979EAC80
T_I_NK cell markers	NK-FGFBP2	21	FLNA	"FLNA"	1.52300997416375	5.57674873513576e-57	1.39619481332859e-52	0.591	0.206	Supplementary Table 2. Marker genes for T/I/NK cell clusters, related to Figure S2, Figures 2-4.	F:/pan-gi-ici-ccc-20260709/GSE205506/supplement/mmc3.xlsx	28AA8BC71620AE3B667D0243891B631DA3B8EB1576108C88463B2F66979EAC80
T_I_NK cell markers	NK-FGFBP2	22	PRSS23	"PRSS23"	1.51073334973575	0	0	0.339	0.011	Supplementary Table 2. Marker genes for T/I/NK cell clusters, related to Figure S2, Figures 2-4.	F:/pan-gi-ici-ccc-20260709/GSE205506/supplement/mmc3.xlsx	28AA8BC71620AE3B667D0243891B631DA3B8EB1576108C88463B2F66979EAC80
T_I_NK cell markers	NK-FGFBP2	23	CTSW	"CTSW"	1.45735881795106	1.3627736054125e-72	3.41183999851074e-68	0.787	0.295	Supplementary Table 2. Marker genes for T/I/NK cell clusters, related to Figure S2, Figures 2-4.	F:/pan-gi-ici-ccc-20260709/GSE205506/supplement/mmc3.xlsx	28AA8BC71620AE3B667D0243891B631DA3B8EB1576108C88463B2F66979EAC80
T_I_NK cell markers	NK-FGFBP2	24	CCL3	"CCL3"	1.4569430733739	6.59831904059501e-27	1.65195515500337e-22	0.374	0.132	Supplementary Table 2. Marker genes for T/I/NK cell clusters, related to Figure S2, Figures 2-4.	F:/pan-gi-ici-ccc-20260709/GSE205506/supplement/mmc3.xlsx	28AA8BC71620AE3B667D0243891B631DA3B8EB1576108C88463B2F66979EAC80
T_I_NK cell markers	NK-FGFBP2	25	CX3CR1	"CX3CR1"	1.40273651038611	0	0	0.309	0.004	Supplementary Table 2. Marker genes for T/I/NK cell clusters, related to Figure S2, Figures 2-4.	F:/pan-gi-ici-ccc-20260709/GSE205506/supplement/mmc3.xlsx	28AA8BC71620AE3B667D0243891B631DA3B8EB1576108C88463B2F66979EAC80
T_I_NK cell markers	NK-FGFBP2	26	GNPTAB	"GNPTAB"	1.39380161237635	5.81136586481128e-58	1.45493355791415e-53	0.452	0.121	Supplementary Table 2. Marker genes for T/I/NK cell clusters, related to Figure S2, Figures 2-4.	F:/pan-gi-ici-ccc-20260709/GSE205506/supplement/mmc3.xlsx	28AA8BC71620AE3B667D0243891B631DA3B8EB1576108C88463B2F66979EAC80
T_I_NK cell markers	NK-FGFBP2	27	S1PR5	"S1PR5"	1.36614315899729	0	0	0.313	0.005	Supplementary Table 2. Marker genes for T/I/NK cell clusters, related to Figure S2, Figures 2-4.	F:/pan-gi-ici-ccc-20260709/GSE205506/supplement/mmc3.xlsx	28AA8BC71620AE3B667D0243891B631DA3B8EB1576108C88463B2F66979EAC80
T_I_NK cell markers	NK-FGFBP2	28	LITAF	"LITAF"	1.34752103379423	3.45900664595597e-45	8.65996903881537e-41	0.57	0.221	Supplementary Table 2. Marker genes for T/I/NK cell clusters, related to Figure S2, Figures 2-4.	F:/pan-gi-ici-ccc-20260709/GSE205506/supplement/mmc3.xlsx	28AA8BC71620AE3B667D0243891B631DA3B8EB1576108C88463B2F66979EAC80
T_I_NK cell markers	NK-FGFBP2	29	PTGDR	"PTGDR"	1.33888001480615	5.46015522764699e-87	1.3670044627937e-82	0.37	0.059	Supplementary Table 2. Marker genes for T/I/NK cell clusters, related to Figure S2, Figures 2-4.	F:/pan-gi-ici-ccc-20260709/GSE205506/supplement/mmc3.xlsx	28AA8BC71620AE3B667D0243891B631DA3B8EB1576108C88463B2F66979EAC80
T_I_NK cell markers	NK-FGFBP2	30	CD300A	"CD300A"	1.33510978343428	6.5815747632084e-165	1.64776305771686e-160	0.309	0.023	Supplementary Table 2. Marker genes for T/I/NK cell clusters, related to Figure S2, Figures 2-4.	F:/pan-gi-ici-ccc-20260709/GSE205506/supplement/mmc3.xlsx	28AA8BC71620AE3B667D0243891B631DA3B8EB1576108C88463B2F66979EAC80
T_I_NK cell markers	NK-FGFBP2	31	ARL4C	"ARL4C"	1.2979604434274	1.75603851953165e-45	4.39641803749943e-41	0.704	0.337	Supplementary Table 2. Marker genes for T/I/NK cell clusters, related to Figure S2, Figures 2-4.	F:/pan-gi-ici-ccc-20260709/GSE205506/supplement/mmc3.xlsx	28AA8BC71620AE3B667D0243891B631DA3B8EB1576108C88463B2F66979EAC80
T_I_NK cell markers	NK-FGFBP2	32	ITGB2	"ITGB2"	1.2968516022862	3.29501238871348e-44	8.24939301638307e-40	0.648	0.304	Supplementary Table 2. Marker genes for T/I/NK cell clusters, related to Figure S2, Figures 2-4.	F:/pan-gi-ici-ccc-20260709/GSE205506/supplement/mmc3.xlsx	28AA8BC71620AE3B667D0243891B631DA3B8EB1576108C88463B2F66979EAC80
T_I_NK cell markers	NK-FGFBP2	33	XBP1	"XBP1"	1.27025911815665	4.622213050801e-46	1.15721725939854e-41	0.474	0.154	Supplementary Table 2. Marker genes for T/I/NK cell clusters, related to Figure S2, Figures 2-4.	F:/pan-gi-ici-ccc-20260709/GSE205506/supplement/mmc3.xlsx	28AA8BC71620AE3B667D0243891B631DA3B8EB1576108C88463B2F66979EAC80
T_I_NK cell markers	NK-FGFBP2	34	GK5	"GK5"	1.22070647492942	1.09178381301795e-66	2.73338995427173e-62	0.261	0.039	Supplementary Table 2. Marker genes for T/I/NK cell clusters, related to Figure S2, Figures 2-4.	F:/pan-gi-ici-ccc-20260709/GSE205506/supplement/mmc3.xlsx	28AA8BC71620AE3B667D0243891B631DA3B8EB1576108C88463B2F66979EAC80
T_I_NK cell markers	NK-FGFBP2	35	APMAP	"APMAP"	1.18754380335152	1.40671143679219e-37	3.52184275315293e-33	0.43	0.147	Supplementary Table 2. Marker genes for T/I/NK cell clusters, related to Figure S2, Figures 2-4.	F:/pan-gi-ici-ccc-20260709/GSE205506/supplement/mmc3.xlsx	28AA8BC71620AE3B667D0243891B631DA3B8EB1576108C88463B2F66979EAC80
T_I_NK cell markers	NK-FGFBP2	36	TBX21	"TBX21"	1.16582960356463	8.55528144276257e-59	2.14190026201004e-54	0.257	0.042	Supplementary Table 2. Marker genes for T/I/NK cell clusters, related to Figure S2, Figures 2-4.	F:/pan-gi-ici-ccc-20260709/GSE205506/supplement/mmc3.xlsx	28AA8BC71620AE3B667D0243891B631DA3B8EB1576108C88463B2F66979EAC80
T_I_NK cell markers	NK-FGFBP2	37	TRDC	"TRDC"	1.15335339093514	1.93991771361318e-86	4.85677798780195e-82	0.617	0.134	Supplementary Table 2. Marker genes for T/I/NK cell clusters, related to Figure S2, Figures 2-4.	F:/pan-gi-ici-ccc-20260709/GSE205506/supplement/mmc3.xlsx	28AA8BC71620AE3B667D0243891B631DA3B8EB1576108C88463B2F66979EAC80
T_I_NK cell markers	NK-FGFBP2	38	TTC38	"TTC38"	1.14142874248519	8.20864452950681e-91	2.05511624440732e-86	0.3	0.038	Supplementary Table 2. Marker genes for T/I/NK cell clusters, related to Figure S2, Figures 2-4.	F:/pan-gi-ici-ccc-20260709/GSE205506/supplement/mmc3.xlsx	28AA8BC71620AE3B667D0243891B631DA3B8EB1576108C88463B2F66979EAC80
T_I_NK cell markers	NK-FGFBP2	39	METRNL	"METRNL"	1.13073928960087	5.51883453912451e-37	1.38169541521521e-32	0.335	0.093	Supplementary Table 2. Marker genes for T/I/NK cell clusters, related to Figure S2, Figures 2-4.	F:/pan-gi-ici-ccc-20260709/GSE205506/supplement/mmc3.xlsx	28AA8BC71620AE3B667D0243891B631DA3B8EB1576108C88463B2F66979EAC80
T_I_NK cell markers	NK-FGFBP2	40	TXK	"TXK"	1.13020270844151	1.79437533947843e-43	4.4923980999182e-39	0.3	0.069	Supplementary Table 2. Marker genes for T/I/NK cell clusters, related to Figure S2, Figures 2-4.	F:/pan-gi-ici-ccc-20260709/GSE205506/supplement/mmc3.xlsx	28AA8BC71620AE3B667D0243891B631DA3B8EB1576108C88463B2F66979EAC80
T_I_NK cell markers	NK-FGFBP2	41	ADGRE5	"ADGRE5"	1.11185931596141	1.92428606547932e-24	4.81764259353401e-20	0.422	0.182	Supplementary Table 2. Marker genes for T/I/NK cell clusters, related to Figure S2, Figures 2-4.	F:/pan-gi-ici-ccc-20260709/GSE205506/supplement/mmc3.xlsx	28AA8BC71620AE3B667D0243891B631DA3B8EB1576108C88463B2F66979EAC80
T_I_NK cell markers	NK-FGFBP2	42	PYHIN1	"PYHIN1"	1.0817014584907	8.25447094055322e-20	2.0665893446769e-15	0.47	0.245	Supplementary Table 2. Marker genes for T/I/NK cell clusters, related to Figure S2, Figures 2-4.	F:/pan-gi-ici-ccc-20260709/GSE205506/supplement/mmc3.xlsx	28AA8BC71620AE3B667D0243891B631DA3B8EB1576108C88463B2F66979EAC80
T_I_NK cell markers	NK-FGFBP2	43	MYBL1	"MYBL1"	1.08114679574439	8.95172251879109e-43	2.24115324980454e-38	0.265	0.056	Supplementary Table 2. Marker genes for T/I/NK cell clusters, related to Figure S2, Figures 2-4.	F:/pan-gi-ici-ccc-20260709/GSE205506/supplement/mmc3.xlsx	28AA8BC71620AE3B667D0243891B631DA3B8EB1576108C88463B2F66979EAC80
T_I_NK cell markers	NK-FGFBP2	44	CYBA	"CYBA"	1.07353379209998	1.41947041086818e-39	3.55378612064957e-35	0.891	0.748	Supplementary Table 2. Marker genes for T/I/NK cell clusters, related to Figure S2, Figures 2-4.	F:/pan-gi-ici-ccc-20260709/GSE205506/supplement/mmc3.xlsx	28AA8BC71620AE3B667D0243891B631DA3B8EB1576108C88463B2F66979EAC80
T_I_NK cell markers	NK-FGFBP2	45	MBP	"MBP"	1.0652379059267	9.19538809376256e-24	2.3021573631544e-19	0.5	0.249	Supplementary Table 2. Marker genes for T/I/NK cell clusters, related to Figure S2, Figures 2-4.	F:/pan-gi-ici-ccc-20260709/GSE205506/supplement/mmc3.xlsx	28AA8BC71620AE3B667D0243891B631DA3B8EB1576108C88463B2F66979EAC80
T_I_NK cell markers	NK-FGFBP2	46	IVNS1ABP	"IVNS1ABP"	1.05316797977576	4.70948695039338e-16	1.17906715290049e-11	0.296	0.128	Supplementary Table 2. Marker genes for T/I/NK cell clusters, related to Figure S2, Figures 2-4.	F:/pan-gi-ici-ccc-20260709/GSE205506/supplement/mmc3.xlsx	28AA8BC71620AE3B667D0243891B631DA3B8EB1576108C88463B2F66979EAC80
T_I_NK cell markers	NK-FGFBP2	47	SYNE1	"SYNE1"	1.04654200324946	2.49483782676328e-25	6.24607598308456e-21	0.413	0.169	Supplementary Table 2. Marker genes for T/I/NK cell clusters, related to Figure S2, Figures 2-4.	F:/pan-gi-ici-ccc-20260709/GSE205506/supplement/mmc3.xlsx	28AA8BC71620AE3B667D0243891B631DA3B8EB1576108C88463B2F66979EAC80
T_I_NK cell markers	NK-FGFBP2	48	CCL4	"CCL4"	1.04030381206246	6.70576338281751e-37	1.67885492052219e-32	0.77	0.366	Supplementary Table 2. Marker genes for T/I/NK cell clusters, related to Figure S2, Figures 2-4.	F:/pan-gi-ici-ccc-20260709/GSE205506/supplement/mmc3.xlsx	28AA8BC71620AE3B667D0243891B631DA3B8EB1576108C88463B2F66979EAC80
T_I_NK cell markers	NK-FGFBP2	49	HOPX	"HOPX"	1.03907050810264	7.1957553616672e-38	1.801529312347e-33	0.617	0.253	Supplementary Table 2. Marker genes for T/I/NK cell clusters, related to Figure S2, Figures 2-4.	F:/pan-gi-ici-ccc-20260709/GSE205506/supplement/mmc3.xlsx	28AA8BC71620AE3B667D0243891B631DA3B8EB1576108C88463B2F66979EAC80
T_I_NK cell markers	NK-FGFBP2	50	RAP1B	"RAP1B"	1.01676410909297	7.22889991531851e-26	1.80982738279914e-21	0.674	0.428	Supplementary Table 2. Marker genes for T/I/NK cell clusters, related to Figure S2, Figures 2-4.	F:/pan-gi-ici-ccc-20260709/GSE205506/supplement/mmc3.xlsx	28AA8BC71620AE3B667D0243891B631DA3B8EB1576108C88463B2F66979EAC80
T_I_NK cell markers	NK-GNLY	1	GNLY	"GNLY"	3.37950128158869	0	0	0.798	0.141	Supplementary Table 2. Marker genes for T/I/NK cell clusters, related to Figure S2, Figures 2-4.	F:/pan-gi-ici-ccc-20260709/GSE205506/supplement/mmc3.xlsx	28AA8BC71620AE3B667D0243891B631DA3B8EB1576108C88463B2F66979EAC80
T_I_NK cell markers	NK-GNLY	2	TRDC	"TRDC"	2.3397826487423	0	0	0.66	0.093	Supplementary Table 2. Marker genes for T/I/NK cell clusters, related to Figure S2, Figures 2-4.	F:/pan-gi-ici-ccc-20260709/GSE205506/supplement/mmc3.xlsx	28AA8BC71620AE3B667D0243891B631DA3B8EB1576108C88463B2F66979EAC80
T_I_NK cell markers	NK-GNLY	3	TYROBP	"TYROBP"	2.21925675318989	0	0	0.477	0.074	Supplementary Table 2. Marker genes for T/I/NK cell clusters, related to Figure S2, Figures 2-4.	F:/pan-gi-ici-ccc-20260709/GSE205506/supplement/mmc3.xlsx	28AA8BC71620AE3B667D0243891B631DA3B8EB1576108C88463B2F66979EAC80
T_I_NK cell markers	NK-GNLY	4	CTSW	"CTSW"	2.04244333574735	0	0	0.784	0.258	Supplementary Table 2. Marker genes for T/I/NK cell clusters, related to Figure S2, Figures 2-4.	F:/pan-gi-ici-ccc-20260709/GSE205506/supplement/mmc3.xlsx	28AA8BC71620AE3B667D0243891B631DA3B8EB1576108C88463B2F66979EAC80
T_I_NK cell markers	NK-GNLY	5	KLRC1	"KLRC1"	2.0413579945222	0	0	0.435	0.073	Supplementary Table 2. Marker genes for T/I/NK cell clusters, related to Figure S2, Figures 2-4.	F:/pan-gi-ici-ccc-20260709/GSE205506/supplement/mmc3.xlsx	28AA8BC71620AE3B667D0243891B631DA3B8EB1576108C88463B2F66979EAC80
T_I_NK cell markers	NK-GNLY	6	KLRD1	"KLRD1"	1.82581381928954	0	0	0.796	0.234	Supplementary Table 2. Marker genes for T/I/NK cell clusters, related to Figure S2, Figures 2-4.	F:/pan-gi-ici-ccc-20260709/GSE205506/supplement/mmc3.xlsx	28AA8BC71620AE3B667D0243891B631DA3B8EB1576108C88463B2F66979EAC80
T_I_NK cell markers	NK-GNLY	7	GZMB	"GZMB"	1.60519331996862	0	0	0.559	0.195	Supplementary Table 2. Marker genes for T/I/NK cell clusters, related to Figure S2, Figures 2-4.	F:/pan-gi-ici-ccc-20260709/GSE205506/supplement/mmc3.xlsx	28AA8BC71620AE3B667D0243891B631DA3B8EB1576108C88463B2F66979EAC80
T_I_NK cell markers	NK-GNLY	8	FCER1G	"FCER1G"	1.59865271182418	0	0	0.348	0.069	Supplementary Table 2. Marker genes for T/I/NK cell clusters, related to Figure S2, Figures 2-4.	F:/pan-gi-ici-ccc-20260709/GSE205506/supplement/mmc3.xlsx	28AA8BC71620AE3B667D0243891B631DA3B8EB1576108C88463B2F66979EAC80
T_I_NK cell markers	NK-GNLY	9	HOPX	"HOPX"	1.50074406399397	0	0	0.637	0.223	Supplementary Table 2. Marker genes for T/I/NK cell clusters, related to Figure S2, Figures 2-4.	F:/pan-gi-ici-ccc-20260709/GSE205506/supplement/mmc3.xlsx	28AA8BC71620AE3B667D0243891B631DA3B8EB1576108C88463B2F66979EAC80
T_I_NK cell markers	NK-GNLY	10	NKG7	"NKG7"	1.42259912479671	0	0	0.909	0.461	Supplementary Table 2. Marker genes for T/I/NK cell clusters, related to Figure S2, Figures 2-4.	F:/pan-gi-ici-ccc-20260709/GSE205506/supplement/mmc3.xlsx	28AA8BC71620AE3B667D0243891B631DA3B8EB1576108C88463B2F66979EAC80
T_I_NK cell markers	NK-GNLY	11	PRF1	"PRF1"	1.36530001189015	0	0	0.557	0.217	Supplementary Table 2. Marker genes for T/I/NK cell clusters, related to Figure S2, Figures 2-4.	F:/pan-gi-ici-ccc-20260709/GSE205506/supplement/mmc3.xlsx	28AA8BC71620AE3B667D0243891B631DA3B8EB1576108C88463B2F66979EAC80
T_I_NK cell markers	NK-GNLY	12	ZNF683	"ZNF683"	1.31191454437613	0	0	0.291	0.051	Supplementary Table 2. Marker genes for T/I/NK cell clusters, related to Figure S2, Figures 2-4.	F:/pan-gi-ici-ccc-20260709/GSE205506/supplement/mmc3.xlsx	28AA8BC71620AE3B667D0243891B631DA3B8EB1576108C88463B2F66979EAC80
T_I_NK cell markers	NK-GNLY	13	XCL2	"XCL2"	1.27236378990688	2.22389100297166e-235	5.56773351503984e-231	0.397	0.136	Supplementary Table 2. Marker genes for T/I/NK cell clusters, related to Figure S2, Figures 2-4.	F:/pan-gi-ici-ccc-20260709/GSE205506/supplement/mmc3.xlsx	28AA8BC71620AE3B667D0243891B631DA3B8EB1576108C88463B2F66979EAC80
T_I_NK cell markers	NK-GNLY	14	CD63	"CD63"	1.21223710394674	1.66163718891652e-293	4.16007486617139e-289	0.757	0.453	Supplementary Table 2. Marker genes for T/I/NK cell clusters, related to Figure S2, Figures 2-4.	F:/pan-gi-ici-ccc-20260709/GSE205506/supplement/mmc3.xlsx	28AA8BC71620AE3B667D0243891B631DA3B8EB1576108C88463B2F66979EAC80
T_I_NK cell markers	NK-GNLY	15	KLRC2	"KLRC2"	1.09558259650572	7.65603803173293e-256	1.91676568162466e-251	0.38	0.112	Supplementary Table 2. Marker genes for T/I/NK cell clusters, related to Figure S2, Figures 2-4.	F:/pan-gi-ici-ccc-20260709/GSE205506/supplement/mmc3.xlsx	28AA8BC71620AE3B667D0243891B631DA3B8EB1576108C88463B2F66979EAC80
T_I_NK cell markers	NK-GNLY	16	GZMA	"GZMA"	1.09159380518752	2.61833899676538e-238	6.55527351230182e-234	0.801	0.469	Supplementary Table 2. Marker genes for T/I/NK cell clusters, related to Figure S2, Figures 2-4.	F:/pan-gi-ici-ccc-20260709/GSE205506/supplement/mmc3.xlsx	28AA8BC71620AE3B667D0243891B631DA3B8EB1576108C88463B2F66979EAC80
T_I_NK cell markers	NK-GNLY	17	MATK	"MATK"	1.06978734265882	3.90285073754152e-221	9.77117710650894e-217	0.329	0.102	Supplementary Table 2. Marker genes for T/I/NK cell clusters, related to Figure S2, Figures 2-4.	F:/pan-gi-ici-ccc-20260709/GSE205506/supplement/mmc3.xlsx	28AA8BC71620AE3B667D0243891B631DA3B8EB1576108C88463B2F66979EAC80
T_I_NK cell markers	NK-GNLY	18	CCL3	"CCL3"	1.04618876765294	6.77402939820144e-91	1.69594600013371e-86	0.279	0.122	Supplementary Table 2. Marker genes for T/I/NK cell clusters, related to Figure S2, Figures 2-4.	F:/pan-gi-ici-ccc-20260709/GSE205506/supplement/mmc3.xlsx	28AA8BC71620AE3B667D0243891B631DA3B8EB1576108C88463B2F66979EAC80
T_I_NK cell markers	NK-GNLY	19	CLIC3	"CLIC3"	1.00857662575448	1.80422218645562e-139	4.5170506660103e-135	0.25	0.085	Supplementary Table 2. Marker genes for T/I/NK cell clusters, related to Figure S2, Figures 2-4.	F:/pan-gi-ici-ccc-20260709/GSE205506/supplement/mmc3.xlsx	28AA8BC71620AE3B667D0243891B631DA3B8EB1576108C88463B2F66979EAC80
T_I_NK cell markers	NK-GNLY	20	GZMH	"GZMH"	0.983610866932797	2.2077318370114e-185	5.52727742714175e-181	0.469	0.194	Supplementary Table 2. Marker genes for T/I/NK cell clusters, related to Figure S2, Figures 2-4.	F:/pan-gi-ici-ccc-20260709/GSE205506/supplement/mmc3.xlsx	28AA8BC71620AE3B667D0243891B631DA3B8EB1576108C88463B2F66979EAC80
T_I_NK cell markers	NK-GNLY	21	IFITM2	"IFITM2"	0.969099733937605	3.36910647957502e-164	8.43489498226403e-160	0.702	0.486	Supplementary Table 2. Marker genes for T/I/NK cell clusters, related to Figure S2, Figures 2-4.	F:/pan-gi-ici-ccc-20260709/GSE205506/supplement/mmc3.xlsx	28AA8BC71620AE3B667D0243891B631DA3B8EB1576108C88463B2F66979EAC80
T_I_NK cell markers	NK-GNLY	22	CCL5	"CCL5"	0.948818732260414	0	0	0.968	0.609	Supplementary Table 2. Marker genes for T/I/NK cell clusters, related to Figure S2, Figures 2-4.	F:/pan-gi-ici-ccc-20260709/GSE205506/supplement/mmc3.xlsx	28AA8BC71620AE3B667D0243891B631DA3B8EB1576108C88463B2F66979EAC80
T_I_NK cell markers	NK-GNLY	23	CD7	"CD7"	0.820437816893405	4.09154428135256e-155	1.02435902627943e-150	0.79	0.592	Supplementary Table 2. Marker genes for T/I/NK cell clusters, related to Figure S2, Figures 2-4.	F:/pan-gi-ici-ccc-20260709/GSE205506/supplement/mmc3.xlsx	28AA8BC71620AE3B667D0243891B631DA3B8EB1576108C88463B2F66979EAC80
T_I_NK cell markers	NK-GNLY	24	IL2RB	"IL2RB"	0.814607154968588	4.51213406389256e-91	1.12965788423614e-86	0.405	0.233	Supplementary Table 2. Marker genes for T/I/NK cell clusters, related to Figure S2, Figures 2-4.	F:/pan-gi-ici-ccc-20260709/GSE205506/supplement/mmc3.xlsx	28AA8BC71620AE3B667D0243891B631DA3B8EB1576108C88463B2F66979EAC80
T_I_NK cell markers	NK-GNLY	25	GSTP1	"GSTP1"	0.791967223447811	4.96673996402854e-107	1.24347301739418e-102	0.559	0.368	Supplementary Table 2. Marker genes for T/I/NK cell clusters, related to Figure S2, Figures 2-4.	F:/pan-gi-ici-ccc-20260709/GSE205506/supplement/mmc3.xlsx	28AA8BC71620AE3B667D0243891B631DA3B8EB1576108C88463B2F66979EAC80
T_I_NK cell markers	NK-GNLY	26	HCST	"HCST"	0.779282536575136	1.25147268232359e-170	3.13318700746534e-166	0.815	0.617	Supplementary Table 2. Marker genes for T/I/NK cell clusters, related to Figure S2, Figures 2-4.	F:/pan-gi-ici-ccc-20260709/GSE205506/supplement/mmc3.xlsx	28AA8BC71620AE3B667D0243891B631DA3B8EB1576108C88463B2F66979EAC80
T_I_NK cell markers	NK-GNLY	27	CHST12	"CHST12"	0.767115668628215	3.53506807167141e-99	8.85039642423654e-95	0.391	0.209	Supplementary Table 2. Marker genes for T/I/NK cell clusters, related to Figure S2, Figures 2-4.	F:/pan-gi-ici-ccc-20260709/GSE205506/supplement/mmc3.xlsx	28AA8BC71620AE3B667D0243891B631DA3B8EB1576108C88463B2F66979EAC80
T_I_NK cell markers	NK-GNLY	28	ITGB1	"ITGB1"	0.73030082427856	3.24074947592548e-79	8.11354038792704e-75	0.31	0.158	Supplementary Table 2. Marker genes for T/I/NK cell clusters, related to Figure S2, Figures 2-4.	F:/pan-gi-ici-ccc-20260709/GSE205506/supplement/mmc3.xlsx	28AA8BC71620AE3B667D0243891B631DA3B8EB1576108C88463B2F66979EAC80
T_I_NK cell markers	NK-GNLY	29	CST7	"CST7"	0.729735393113721	9.28981997970152e-152	2.32579933011807e-147	0.729	0.468	Supplementary Table 2. Marker genes for T/I/NK cell clusters, related to Figure S2, Figures 2-4.	F:/pan-gi-ici-ccc-20260709/GSE205506/supplement/mmc3.xlsx	28AA8BC71620AE3B667D0243891B631DA3B8EB1576108C88463B2F66979EAC80
T_I_NK cell markers	NK-GNLY	30	IGLC3	"IGLC3"	0.729064567856655	2.46604621375092e-32	6.17399330074679e-28	0.266	0.168	Supplementary Table 2. Marker genes for T/I/NK cell clusters, related to Figure S2, Figures 2-4.	F:/pan-gi-ici-ccc-20260709/GSE205506/supplement/mmc3.xlsx	28AA8BC71620AE3B667D0243891B631DA3B8EB1576108C88463B2F66979EAC80
T_I_NK cell markers	NK-GNLY	31	IGKC	"IGKC"	0.727821061983824	1.93443064076263e-68	4.84304055221332e-64	0.697	0.575	Supplementary Table 2. Marker genes for T/I/NK cell clusters, related to Figure S2, Figures 2-4.	F:/pan-gi-ici-ccc-20260709/GSE205506/supplement/mmc3.xlsx	28AA8BC71620AE3B667D0243891B631DA3B8EB1576108C88463B2F66979EAC80
T_I_NK cell markers	NK-GNLY	32	CCL4	"CCL4"	0.707429091061914	6.74553242306054e-160	1.68881149743744e-155	0.644	0.346	Supplementary Table 2. Marker genes for T/I/NK cell clusters, related to Figure S2, Figures 2-4.	F:/pan-gi-ici-ccc-20260709/GSE205506/supplement/mmc3.xlsx	28AA8BC71620AE3B667D0243891B631DA3B8EB1576108C88463B2F66979EAC80
T_I_NK cell markers	NK-GNLY	33	LGALS1	"LGALS1"	0.704432142807917	2.52350231307795e-73	6.31784039102195e-69	0.462	0.29	Supplementary Table 2. Marker genes for T/I/NK cell clusters, related to Figure S2, Figures 2-4.	F:/pan-gi-ici-ccc-20260709/GSE205506/supplement/mmc3.xlsx	28AA8BC71620AE3B667D0243891B631DA3B8EB1576108C88463B2F66979EAC80
T_I_NK cell markers	NK-GNLY	34	APOBEC3G	"APOBEC3G"	0.700450792698328	3.5819961275574e-82	8.9678855049527e-78	0.422	0.247	Supplementary Table 2. Marker genes for T/I/NK cell clusters, related to Figure S2, Figures 2-4.	F:/pan-gi-ici-ccc-20260709/GSE205506/supplement/mmc3.xlsx	28AA8BC71620AE3B667D0243891B631DA3B8EB1576108C88463B2F66979EAC80
T_I_NK cell markers	NK-GNLY	35	CTSD	"CTSD"	0.688199038182742	3.49465774725847e-80	8.74922513603631e-76	0.499	0.331	Supplementary Table 2. Marker genes for T/I/NK cell clusters, related to Figure S2, Figures 2-4.	F:/pan-gi-ici-ccc-20260709/GSE205506/supplement/mmc3.xlsx	28AA8BC71620AE3B667D0243891B631DA3B8EB1576108C88463B2F66979EAC80
T_I_NK cell markers	NK-GNLY	36	IFITM1	"IFITM1"	0.673014753782607	1.63006691809417e-52	4.08103553614056e-48	0.381	0.253	Supplementary Table 2. Marker genes for T/I/NK cell clusters, related to Figure S2, Figures 2-4.	F:/pan-gi-ici-ccc-20260709/GSE205506/supplement/mmc3.xlsx	28AA8BC71620AE3B667D0243891B631DA3B8EB1576108C88463B2F66979EAC80
T_I_NK cell markers	NK-GNLY	37	HLA-DRA	"HLA-DRA"	0.664429260527678	1.02111440256132e-82	2.55646201825251e-78	0.598	0.401	Supplementary Table 2. Marker genes for T/I/NK cell clusters, related to Figure S2, Figures 2-4.	F:/pan-gi-ici-ccc-20260709/GSE205506/supplement/mmc3.xlsx	28AA8BC71620AE3B667D0243891B631DA3B8EB1576108C88463B2F66979EAC80
T_I_NK cell markers	NK-GNLY	38	TGFB1	"TGFB1"	0.654800001142352	1.57242312839872e-63	3.93671854425903e-59	0.286	0.155	Supplementary Table 2. Marker genes for T/I/NK cell clusters, related to Figure S2, Figures 2-4.	F:/pan-gi-ici-ccc-20260709/GSE205506/supplement/mmc3.xlsx	28AA8BC71620AE3B667D0243891B631DA3B8EB1576108C88463B2F66979EAC80
T_I_NK cell markers	NK-GNLY	39	CD247	"CD247"	0.597365235347078	5.07734332607219e-37	1.27116367511543e-32	0.538	0.456	Supplementary Table 2. Marker genes for T/I/NK cell clusters, related to Figure S2, Figures 2-4.	F:/pan-gi-ici-ccc-20260709/GSE205506/supplement/mmc3.xlsx	28AA8BC71620AE3B667D0243891B631DA3B8EB1576108C88463B2F66979EAC80
T_I_NK cell markers	NK-GNLY	40	ALOX5AP	"ALOX5AP"	0.594895301249748	5.58016591238071e-72	1.39705033782363e-67	0.623	0.461	Supplementary Table 2. Marker genes for T/I/NK cell clusters, related to Figure S2, Figures 2-4.	F:/pan-gi-ici-ccc-20260709/GSE205506/supplement/mmc3.xlsx	28AA8BC71620AE3B667D0243891B631DA3B8EB1576108C88463B2F66979EAC80
T_I_NK cell markers	NK-GNLY	41	ANXA1	"ANXA1"	0.583139416176212	2.27094330027043e-79	5.68553364655705e-75	0.514	0.323	Supplementary Table 2. Marker genes for T/I/NK cell clusters, related to Figure S2, Figures 2-4.	F:/pan-gi-ici-ccc-20260709/GSE205506/supplement/mmc3.xlsx	28AA8BC71620AE3B667D0243891B631DA3B8EB1576108C88463B2F66979EAC80
T_I_NK cell markers	NK-GNLY	42	CD81	"CD81"	0.581576263153905	1.07747992932857e-55	2.69757875106701e-51	0.53	0.404	Supplementary Table 2. Marker genes for T/I/NK cell clusters, related to Figure S2, Figures 2-4.	F:/pan-gi-ici-ccc-20260709/GSE205506/supplement/mmc3.xlsx	28AA8BC71620AE3B667D0243891B631DA3B8EB1576108C88463B2F66979EAC80
T_I_NK cell markers	NK-GNLY	43	RBPJ	"RBPJ"	0.562632461792113	8.57971007366353e-46	2.1480162140424e-41	0.453	0.322	Supplementary Table 2. Marker genes for T/I/NK cell clusters, related to Figure S2, Figures 2-4.	F:/pan-gi-ici-ccc-20260709/GSE205506/supplement/mmc3.xlsx	28AA8BC71620AE3B667D0243891B631DA3B8EB1576108C88463B2F66979EAC80
T_I_NK cell markers	NK-GNLY	44	LYZ	"LYZ"	0.559695709238431	5.6082081972723e-43	1.40407100426909e-38	0.268	0.154	Supplementary Table 2. Marker genes for T/I/NK cell clusters, related to Figure S2, Figures 2-4.	F:/pan-gi-ici-ccc-20260709/GSE205506/supplement/mmc3.xlsx	28AA8BC71620AE3B667D0243891B631DA3B8EB1576108C88463B2F66979EAC80
T_I_NK cell markers	NK-GNLY	45	CLEC2B	"CLEC2B"	0.550682605348863	3.7055650915117e-43	9.27725276310869e-39	0.46	0.342	Supplementary Table 2. Marker genes for T/I/NK cell clusters, related to Figure S2, Figures 2-4.	F:/pan-gi-ici-ccc-20260709/GSE205506/supplement/mmc3.xlsx	28AA8BC71620AE3B667D0243891B631DA3B8EB1576108C88463B2F66979EAC80
T_I_NK cell markers	NK-GNLY	46	C12orf75	"C12orf75"	0.547449948074603	4.28770418030218e-49	1.07346961858045e-44	0.333	0.205	Supplementary Table 2. Marker genes for T/I/NK cell clusters, related to Figure S2, Figures 2-4.	F:/pan-gi-ici-ccc-20260709/GSE205506/supplement/mmc3.xlsx	28AA8BC71620AE3B667D0243891B631DA3B8EB1576108C88463B2F66979EAC80
T_I_NK cell markers	NK-GNLY	47	LYAR	"LYAR"	0.54684763478555	1.30564025705669e-47	3.26880094756714e-43	0.305	0.183	Supplementary Table 2. Marker genes for T/I/NK cell clusters, related to Figure S2, Figures 2-4.	F:/pan-gi-ici-ccc-20260709/GSE205506/supplement/mmc3.xlsx	28AA8BC71620AE3B667D0243891B631DA3B8EB1576108C88463B2F66979EAC80
T_I_NK cell markers	NK-GNLY	48	STOM	"STOM"	0.541028571253982	2.00258156596989e-39	5.01366320856221e-35	0.318	0.209	Supplementary Table 2. Marker genes for T/I/NK cell clusters, related to Figure S2, Figures 2-4.	F:/pan-gi-ici-ccc-20260709/GSE205506/supplement/mmc3.xlsx	28AA8BC71620AE3B667D0243891B631DA3B8EB1576108C88463B2F66979EAC80
T_I_NK cell markers	NK-GNLY	49	TRGC2	"TRGC2"	0.540286786179394	5.565736349409e-30	1.39343775243804e-25	0.348	0.243	Supplementary Table 2. Marker genes for T/I/NK cell clusters, related to Figure S2, Figures 2-4.	F:/pan-gi-ici-ccc-20260709/GSE205506/supplement/mmc3.xlsx	28AA8BC71620AE3B667D0243891B631DA3B8EB1576108C88463B2F66979EAC80
T_I_NK cell markers	NK-GNLY	50	TRG-AS1	"TRG-AS1"	0.536644687305966	4.19217837118792e-38	1.04955377701061e-33	0.271	0.168	Supplementary Table 2. Marker genes for T/I/NK cell clusters, related to Figure S2, Figures 2-4.	F:/pan-gi-ici-ccc-20260709/GSE205506/supplement/mmc3.xlsx	28AA8BC71620AE3B667D0243891B631DA3B8EB1576108C88463B2F66979EAC80
T_I_NK cell markers	γδ T	1	KLRC2	"KLRC2"	2.1606397197555	0	0	0.65	0.099	Supplementary Table 2. Marker genes for T/I/NK cell clusters, related to Figure S2, Figures 2-4.	F:/pan-gi-ici-ccc-20260709/GSE205506/supplement/mmc3.xlsx	28AA8BC71620AE3B667D0243891B631DA3B8EB1576108C88463B2F66979EAC80
T_I_NK cell markers	γδ T	2	TRDC	"TRDC"	2.10584680099649	0	0	0.584	0.109	Supplementary Table 2. Marker genes for T/I/NK cell clusters, related to Figure S2, Figures 2-4.	F:/pan-gi-ici-ccc-20260709/GSE205506/supplement/mmc3.xlsx	28AA8BC71620AE3B667D0243891B631DA3B8EB1576108C88463B2F66979EAC80
T_I_NK cell markers	γδ T	3	CD160	"CD160"	1.93229703729261	0	0	0.58	0.065	Supplementary Table 2. Marker genes for T/I/NK cell clusters, related to Figure S2, Figures 2-4.	F:/pan-gi-ici-ccc-20260709/GSE205506/supplement/mmc3.xlsx	28AA8BC71620AE3B667D0243891B631DA3B8EB1576108C88463B2F66979EAC80
T_I_NK cell markers	γδ T	4	TRGC2	"TRGC2"	1.75689102024574	0	0	0.718	0.22	Supplementary Table 2. Marker genes for T/I/NK cell clusters, related to Figure S2, Figures 2-4.	F:/pan-gi-ici-ccc-20260709/GSE205506/supplement/mmc3.xlsx	28AA8BC71620AE3B667D0243891B631DA3B8EB1576108C88463B2F66979EAC80
T_I_NK cell markers	γδ T	5	TRGC1	"TRGC1"	1.6032750597022	0	0	0.372	0.071	Supplementary Table 2. Marker genes for T/I/NK cell clusters, related to Figure S2, Figures 2-4.	F:/pan-gi-ici-ccc-20260709/GSE205506/supplement/mmc3.xlsx	28AA8BC71620AE3B667D0243891B631DA3B8EB1576108C88463B2F66979EAC80
T_I_NK cell markers	γδ T	6	KIR2DL4	"KIR2DL4"	1.48780347532987	0	0	0.43	0.046	Supplementary Table 2. Marker genes for T/I/NK cell clusters, related to Figure S2, Figures 2-4.	F:/pan-gi-ici-ccc-20260709/GSE205506/supplement/mmc3.xlsx	28AA8BC71620AE3B667D0243891B631DA3B8EB1576108C88463B2F66979EAC80
T_I_NK cell markers	γδ T	7	ITGA1	"ITGA1"	1.46701445498445	0	0	0.635	0.18	Supplementary Table 2. Marker genes for T/I/NK cell clusters, related to Figure S2, Figures 2-4.	F:/pan-gi-ici-ccc-20260709/GSE205506/supplement/mmc3.xlsx	28AA8BC71620AE3B667D0243891B631DA3B8EB1576108C88463B2F66979EAC80
T_I_NK cell markers	γδ T	8	HOPX	"HOPX"	1.45950827930364	0	0	0.726	0.225	Supplementary Table 2. Marker genes for T/I/NK cell clusters, related to Figure S2, Figures 2-4.	F:/pan-gi-ici-ccc-20260709/GSE205506/supplement/mmc3.xlsx	28AA8BC71620AE3B667D0243891B631DA3B8EB1576108C88463B2F66979EAC80
T_I_NK cell markers	γδ T	9	TMIGD2	"TMIGD2"	1.43621668813613	0	0	0.502	0.095	Supplementary Table 2. Marker genes for T/I/NK cell clusters, related to Figure S2, Figures 2-4.	F:/pan-gi-ici-ccc-20260709/GSE205506/supplement/mmc3.xlsx	28AA8BC71620AE3B667D0243891B631DA3B8EB1576108C88463B2F66979EAC80
T_I_NK cell markers	γδ T	10	KLRD1	"KLRD1"	1.30692892499733	0	0	0.79	0.245	Supplementary Table 2. Marker genes for T/I/NK cell clusters, related to Figure S2, Figures 2-4.	F:/pan-gi-ici-ccc-20260709/GSE205506/supplement/mmc3.xlsx	28AA8BC71620AE3B667D0243891B631DA3B8EB1576108C88463B2F66979EAC80
T_I_NK cell markers	γδ T	11	KLRC1	"KLRC1"	1.19783207625815	1.20608098490846e-165	3.01954435381682e-161	0.301	0.089	Supplementary Table 2. Marker genes for T/I/NK cell clusters, related to Figure S2, Figures 2-4.	F:/pan-gi-ici-ccc-20260709/GSE205506/supplement/mmc3.xlsx	28AA8BC71620AE3B667D0243891B631DA3B8EB1576108C88463B2F66979EAC80
T_I_NK cell markers	γδ T	12	CD7	"CD7"	1.1813964597794	0	0	0.901	0.589	Supplementary Table 2. Marker genes for T/I/NK cell clusters, related to Figure S2, Figures 2-4.	F:/pan-gi-ici-ccc-20260709/GSE205506/supplement/mmc3.xlsx	28AA8BC71620AE3B667D0243891B631DA3B8EB1576108C88463B2F66979EAC80
T_I_NK cell markers	γδ T	13	FCER1G	"FCER1G"	1.1293811571638	5.30965128202602e-185	1.32932429496804e-180	0.291	0.078	Supplementary Table 2. Marker genes for T/I/NK cell clusters, related to Figure S2, Figures 2-4.	F:/pan-gi-ici-ccc-20260709/GSE205506/supplement/mmc3.xlsx	28AA8BC71620AE3B667D0243891B631DA3B8EB1576108C88463B2F66979EAC80
T_I_NK cell markers	γδ T	14	CCL5	"CCL5"	1.12461496771664	0	0	0.996	0.614	Supplementary Table 2. Marker genes for T/I/NK cell clusters, related to Figure S2, Figures 2-4.	F:/pan-gi-ici-ccc-20260709/GSE205506/supplement/mmc3.xlsx	28AA8BC71620AE3B667D0243891B631DA3B8EB1576108C88463B2F66979EAC80
T_I_NK cell markers	γδ T	15	TRG-AS1	"TRG-AS1"	1.02608791946583	2.6937212149135e-209	6.74400043365744e-205	0.456	0.158	Supplementary Table 2. Marker genes for T/I/NK cell clusters, related to Figure S2, Figures 2-4.	F:/pan-gi-ici-ccc-20260709/GSE205506/supplement/mmc3.xlsx	28AA8BC71620AE3B667D0243891B631DA3B8EB1576108C88463B2F66979EAC80
T_I_NK cell markers	γδ T	16	CD63	"CD63"	0.966563504244408	5.53920378682195e-224	1.38679506006874e-219	0.807	0.455	Supplementary Table 2. Marker genes for T/I/NK cell clusters, related to Figure S2, Figures 2-4.	F:/pan-gi-ici-ccc-20260709/GSE205506/supplement/mmc3.xlsx	28AA8BC71620AE3B667D0243891B631DA3B8EB1576108C88463B2F66979EAC80
T_I_NK cell markers	γδ T	17	XCL1	"XCL1"	0.900352248827383	1.24811629094351e-188	3.12478394600617e-184	0.277	0.068	Supplementary Table 2. Marker genes for T/I/NK cell clusters, related to Figure S2, Figures 2-4.	F:/pan-gi-ici-ccc-20260709/GSE205506/supplement/mmc3.xlsx	28AA8BC71620AE3B667D0243891B631DA3B8EB1576108C88463B2F66979EAC80
T_I_NK cell markers	γδ T	18	GZMA	"GZMA"	0.891790934243532	3.36487342792044e-26	8.42429711414161e-22	0.605	0.488	Supplementary Table 2. Marker genes for T/I/NK cell clusters, related to Figure S2, Figures 2-4.	F:/pan-gi-ici-ccc-20260709/GSE205506/supplement/mmc3.xlsx	28AA8BC71620AE3B667D0243891B631DA3B8EB1576108C88463B2F66979EAC80
T_I_NK cell markers	γδ T	19	LINC01871	"LINC01871"	0.873584719395291	1.3324823176026e-136	3.33600273034988e-132	0.488	0.214	Supplementary Table 2. Marker genes for T/I/NK cell clusters, related to Figure S2, Figures 2-4.	F:/pan-gi-ici-ccc-20260709/GSE205506/supplement/mmc3.xlsx	28AA8BC71620AE3B667D0243891B631DA3B8EB1576108C88463B2F66979EAC80
T_I_NK cell markers	γδ T	20	CD247	"CD247"	0.86821960298946	5.55656554768973e-95	1.3911417505196e-90	0.663	0.45	Supplementary Table 2. Marker genes for T/I/NK cell clusters, related to Figure S2, Figures 2-4.	F:/pan-gi-ici-ccc-20260709/GSE205506/supplement/mmc3.xlsx	28AA8BC71620AE3B667D0243891B631DA3B8EB1576108C88463B2F66979EAC80
T_I_NK cell markers	γδ T	21	XCL2	"XCL2"	0.858861154364096	1.46470809968618e-175	3.66704319837432e-171	0.411	0.14	Supplementary Table 2. Marker genes for T/I/NK cell clusters, related to Figure S2, Figures 2-4.	F:/pan-gi-ici-ccc-20260709/GSE205506/supplement/mmc3.xlsx	28AA8BC71620AE3B667D0243891B631DA3B8EB1576108C88463B2F66979EAC80
T_I_NK cell markers	γδ T	22	CD96	"CD96"	0.797478012036282	6.77969584563802e-133	1.69736465191393e-128	0.622	0.333	Supplementary Table 2. Marker genes for T/I/NK cell clusters, related to Figure S2, Figures 2-4.	F:/pan-gi-ici-ccc-20260709/GSE205506/supplement/mmc3.xlsx	28AA8BC71620AE3B667D0243891B631DA3B8EB1576108C88463B2F66979EAC80
T_I_NK cell markers	γδ T	23	ID3	"ID3"	0.777387671758346	4.77360454744738e-122	1.19511963449893e-117	0.303	0.107	Supplementary Table 2. Marker genes for T/I/NK cell clusters, related to Figure S2, Figures 2-4.	F:/pan-gi-ici-ccc-20260709/GSE205506/supplement/mmc3.xlsx	28AA8BC71620AE3B667D0243891B631DA3B8EB1576108C88463B2F66979EAC80
T_I_NK cell markers	γδ T	24	ENTPD1	"ENTPD1"	0.752944281085788	1.27968418473884e-130	3.20381732491216e-126	0.335	0.12	Supplementary Table 2. Marker genes for T/I/NK cell clusters, related to Figure S2, Figures 2-4.	F:/pan-gi-ici-ccc-20260709/GSE205506/supplement/mmc3.xlsx	28AA8BC71620AE3B667D0243891B631DA3B8EB1576108C88463B2F66979EAC80
T_I_NK cell markers	γδ T	25	PTPN6	"PTPN6"	0.734351192856872	3.36214961596832e-103	8.41747777853829e-99	0.423	0.2	Supplementary Table 2. Marker genes for T/I/NK cell clusters, related to Figure S2, Figures 2-4.	F:/pan-gi-ici-ccc-20260709/GSE205506/supplement/mmc3.xlsx	28AA8BC71620AE3B667D0243891B631DA3B8EB1576108C88463B2F66979EAC80
T_I_NK cell markers	γδ T	26	ABI3	"ABI3"	0.73113153539104	1.68175628346879e-106	4.21044503129247e-102	0.364	0.155	Supplementary Table 2. Marker genes for T/I/NK cell clusters, related to Figure S2, Figures 2-4.	F:/pan-gi-ici-ccc-20260709/GSE205506/supplement/mmc3.xlsx	28AA8BC71620AE3B667D0243891B631DA3B8EB1576108C88463B2F66979EAC80
T_I_NK cell markers	γδ T	27	GPR171	"GPR171"	0.719294046371489	1.62930296187646e-114	4.07912289535391e-110	0.526	0.26	Supplementary Table 2. Marker genes for T/I/NK cell clusters, related to Figure S2, Figures 2-4.	F:/pan-gi-ici-ccc-20260709/GSE205506/supplement/mmc3.xlsx	28AA8BC71620AE3B667D0243891B631DA3B8EB1576108C88463B2F66979EAC80
T_I_NK cell markers	γδ T	28	PTPN22	"PTPN22"	0.710744009222501	7.53387108657998e-104	1.88617996523616e-99	0.453	0.217	Supplementary Table 2. Marker genes for T/I/NK cell clusters, related to Figure S2, Figures 2-4.	F:/pan-gi-ici-ccc-20260709/GSE205506/supplement/mmc3.xlsx	28AA8BC71620AE3B667D0243891B631DA3B8EB1576108C88463B2F66979EAC80
T_I_NK cell markers	γδ T	29	SCML4	"SCML4"	0.683632076705537	4.59258727560523e-98	1.14980015032053e-93	0.353	0.151	Supplementary Table 2. Marker genes for T/I/NK cell clusters, related to Figure S2, Figures 2-4.	F:/pan-gi-ici-ccc-20260709/GSE205506/supplement/mmc3.xlsx	28AA8BC71620AE3B667D0243891B631DA3B8EB1576108C88463B2F66979EAC80
T_I_NK cell markers	γδ T	30	ITGAE	"ITGAE"	0.676960861616382	1.09895554727437e-94	2.75134510815612e-90	0.415	0.196	Supplementary Table 2. Marker genes for T/I/NK cell clusters, related to Figure S2, Figures 2-4.	F:/pan-gi-ici-ccc-20260709/GSE205506/supplement/mmc3.xlsx	28AA8BC71620AE3B667D0243891B631DA3B8EB1576108C88463B2F66979EAC80
T_I_NK cell markers	γδ T	31	IL2RB	"IL2RB"	0.65748327565171	1.50020466068729e-80	3.7559123884967e-76	0.442	0.233	Supplementary Table 2. Marker genes for T/I/NK cell clusters, related to Figure S2, Figures 2-4.	F:/pan-gi-ici-ccc-20260709/GSE205506/supplement/mmc3.xlsx	28AA8BC71620AE3B667D0243891B631DA3B8EB1576108C88463B2F66979EAC80
T_I_NK cell markers	γδ T	32	CAPG	"CAPG"	0.655328239331899	1.9264654288253e-101	4.82309884760702e-97	0.388	0.169	Supplementary Table 2. Marker genes for T/I/NK cell clusters, related to Figure S2, Figures 2-4.	F:/pan-gi-ici-ccc-20260709/GSE205506/supplement/mmc3.xlsx	28AA8BC71620AE3B667D0243891B631DA3B8EB1576108C88463B2F66979EAC80
T_I_NK cell markers	γδ T	33	RUNX3	"RUNX3"	0.644848349899976	2.13750531593545e-67	5.351458308976e-63	0.483	0.282	Supplementary Table 2. Marker genes for T/I/NK cell clusters, related to Figure S2, Figures 2-4.	F:/pan-gi-ici-ccc-20260709/GSE205506/supplement/mmc3.xlsx	28AA8BC71620AE3B667D0243891B631DA3B8EB1576108C88463B2F66979EAC80
T_I_NK cell markers	γδ T	34	CCDC69	"CCDC69"	0.600627386929681	5.41923905586957e-84	1.35676069002751e-79	0.3	0.127	Supplementary Table 2. Marker genes for T/I/NK cell clusters, related to Figure S2, Figures 2-4.	F:/pan-gi-ici-ccc-20260709/GSE205506/supplement/mmc3.xlsx	28AA8BC71620AE3B667D0243891B631DA3B8EB1576108C88463B2F66979EAC80
T_I_NK cell markers	γδ T	35	ID2	"ID2"	0.598149798119429	1.6263154192251e-96	4.07164328357196e-92	0.723	0.452	Supplementary Table 2. Marker genes for T/I/NK cell clusters, related to Figure S2, Figures 2-4.	F:/pan-gi-ici-ccc-20260709/GSE205506/supplement/mmc3.xlsx	28AA8BC71620AE3B667D0243891B631DA3B8EB1576108C88463B2F66979EAC80
T_I_NK cell markers	γδ T	36	PDCD4	"PDCD4"	0.595653668724281	6.56167271949016e-62	1.64278038205156e-57	0.544	0.35	Supplementary Table 2. Marker genes for T/I/NK cell clusters, related to Figure S2, Figures 2-4.	F:/pan-gi-ici-ccc-20260709/GSE205506/supplement/mmc3.xlsx	28AA8BC71620AE3B667D0243891B631DA3B8EB1576108C88463B2F66979EAC80
T_I_NK cell markers	γδ T	37	PITPNC1	"PITPNC1"	0.580675982184893	3.78307190383468e-77	9.47129881844051e-73	0.305	0.134	Supplementary Table 2. Marker genes for T/I/NK cell clusters, related to Figure S2, Figures 2-4.	F:/pan-gi-ici-ccc-20260709/GSE205506/supplement/mmc3.xlsx	28AA8BC71620AE3B667D0243891B631DA3B8EB1576108C88463B2F66979EAC80
T_I_NK cell markers	γδ T	38	JAML	"JAML"	0.553169202599862	3.33186611049079e-53	8.34165999422475e-49	0.308	0.159	Supplementary Table 2. Marker genes for T/I/NK cell clusters, related to Figure S2, Figures 2-4.	F:/pan-gi-ici-ccc-20260709/GSE205506/supplement/mmc3.xlsx	28AA8BC71620AE3B667D0243891B631DA3B8EB1576108C88463B2F66979EAC80
T_I_NK cell markers	γδ T	39	RHOC	"RHOC"	0.548331882735353	5.75219329330897e-66	1.44011911291283e-61	0.411	0.221	Supplementary Table 2. Marker genes for T/I/NK cell clusters, related to Figure S2, Figures 2-4.	F:/pan-gi-ici-ccc-20260709/GSE205506/supplement/mmc3.xlsx	28AA8BC71620AE3B667D0243891B631DA3B8EB1576108C88463B2F66979EAC80
T_I_NK cell markers	γδ T	40	GSTP1	"GSTP1"	0.544050632793478	4.50695611732855e-62	1.12836153353438e-57	0.574	0.37	Supplementary Table 2. Marker genes for T/I/NK cell clusters, related to Figure S2, Figures 2-4.	F:/pan-gi-ici-ccc-20260709/GSE205506/supplement/mmc3.xlsx	28AA8BC71620AE3B667D0243891B631DA3B8EB1576108C88463B2F66979EAC80
T_I_NK cell markers	γδ T	41	MATK	"MATK"	0.524854321951841	1.31195680056404e-84	3.28461504589213e-80	0.279	0.11	Supplementary Table 2. Marker genes for T/I/NK cell clusters, related to Figure S2, Figures 2-4.	F:/pan-gi-ici-ccc-20260709/GSE205506/supplement/mmc3.xlsx	28AA8BC71620AE3B667D0243891B631DA3B8EB1576108C88463B2F66979EAC80
T_I_NK cell markers	γδ T	42	GNPTAB	"GNPTAB"	0.485545662022612	3.26219604930362e-60	8.16723402903654e-56	0.257	0.115	Supplementary Table 2. Marker genes for T/I/NK cell clusters, related to Figure S2, Figures 2-4.	F:/pan-gi-ici-ccc-20260709/GSE205506/supplement/mmc3.xlsx	28AA8BC71620AE3B667D0243891B631DA3B8EB1576108C88463B2F66979EAC80
T_I_NK cell markers	γδ T	43	CYTIP	"CYTIP"	0.480802748196703	1.10021313861918e-49	2.75449361384698e-45	0.571	0.386	Supplementary Table 2. Marker genes for T/I/NK cell clusters, related to Figure S2, Figures 2-4.	F:/pan-gi-ici-ccc-20260709/GSE205506/supplement/mmc3.xlsx	28AA8BC71620AE3B667D0243891B631DA3B8EB1576108C88463B2F66979EAC80
T_I_NK cell markers	γδ T	44	OSTF1	"OSTF1"	0.475241151830041	3.22447065169116e-47	8.07278472357398e-43	0.442	0.272	Supplementary Table 2. Marker genes for T/I/NK cell clusters, related to Figure S2, Figures 2-4.	F:/pan-gi-ici-ccc-20260709/GSE205506/supplement/mmc3.xlsx	28AA8BC71620AE3B667D0243891B631DA3B8EB1576108C88463B2F66979EAC80
T_I_NK cell markers	γδ T	45	CHCHD10	"CHCHD10"	0.4415291083464	1.48231064562167e-34	3.71111293237842e-30	0.377	0.243	Supplementary Table 2. Marker genes for T/I/NK cell clusters, related to Figure S2, Figures 2-4.	F:/pan-gi-ici-ccc-20260709/GSE205506/supplement/mmc3.xlsx	28AA8BC71620AE3B667D0243891B631DA3B8EB1576108C88463B2F66979EAC80
T_I_NK cell markers	γδ T	46	SSBP4	"SSBP4"	0.440148341488161	1.33261306325221e-44	3.33633006515823e-40	0.391	0.231	Supplementary Table 2. Marker genes for T/I/NK cell clusters, related to Figure S2, Figures 2-4.	F:/pan-gi-ici-ccc-20260709/GSE205506/supplement/mmc3.xlsx	28AA8BC71620AE3B667D0243891B631DA3B8EB1576108C88463B2F66979EAC80
T_I_NK cell markers	γδ T	47	PABPC1	"PABPC1"	0.429230297062763	1.05998839164016e-51	2.65378693731031e-47	0.773	0.617	Supplementary Table 2. Marker genes for T/I/NK cell clusters, related to Figure S2, Figures 2-4.	F:/pan-gi-ici-ccc-20260709/GSE205506/supplement/mmc3.xlsx	28AA8BC71620AE3B667D0243891B631DA3B8EB1576108C88463B2F66979EAC80
T_I_NK cell markers	γδ T	48	MT-CO3	"MT-CO3"	0.426697041736249	2.84208195361247e-75	7.11543637906419e-71	1	1	Supplementary Table 2. Marker genes for T/I/NK cell clusters, related to Figure S2, Figures 2-4.	F:/pan-gi-ici-ccc-20260709/GSE205506/supplement/mmc3.xlsx	28AA8BC71620AE3B667D0243891B631DA3B8EB1576108C88463B2F66979EAC80
T_I_NK cell markers	γδ T	49	CD3G	"CD3G"	0.426158568017339	7.34332793501213e-45	1.83847558180964e-40	0.734	0.57	Supplementary Table 2. Marker genes for T/I/NK cell clusters, related to Figure S2, Figures 2-4.	F:/pan-gi-ici-ccc-20260709/GSE205506/supplement/mmc3.xlsx	28AA8BC71620AE3B667D0243891B631DA3B8EB1576108C88463B2F66979EAC80
T_I_NK cell markers	γδ T	50	EVL	"EVL"	0.425604200301838	3.64432598936827e-64	9.1239345469824e-60	0.868	0.73	Supplementary Table 2. Marker genes for T/I/NK cell clusters, related to Figure S2, Figures 2-4.	F:/pan-gi-ici-ccc-20260709/GSE205506/supplement/mmc3.xlsx	28AA8BC71620AE3B667D0243891B631DA3B8EB1576108C88463B2F66979EAC80
