compartment_sheet	cluster	rank	gene	gene_source	avg_log2FC	pvalue	p_val_adj	pct_exp_in_cluster	pct_exp_in_other_cluster	source_title	source_file	source_sha256
B cell markers	Bfoc	1	RGS13	"RGS13"	2.83086649982408	0	0	0.727	0.019	Supplementary Table 2. Marker genes for B cell clusters, related to Figure S2 and Figures 4.	F:/pan-gi-ici-ccc-20260709/GSE205506/supplement/mmc3.xlsx	28AA8BC71620AE3B667D0243891B631DA3B8EB1576108C88463B2F66979EAC80
B cell markers	Bfoc	2	MARCKSL1	"MARCKSL1"	2.78384090432207	0	0	0.882	0.286	Supplementary Table 2. Marker genes for B cell clusters, related to Figure S2 and Figures 4.	F:/pan-gi-ici-ccc-20260709/GSE205506/supplement/mmc3.xlsx	28AA8BC71620AE3B667D0243891B631DA3B8EB1576108C88463B2F66979EAC80
B cell markers	Bfoc	3	ACTG1	"ACTG1"	2.27579933659811	0	0	0.993	0.823	Supplementary Table 2. Marker genes for B cell clusters, related to Figure S2 and Figures 4.	F:/pan-gi-ici-ccc-20260709/GSE205506/supplement/mmc3.xlsx	28AA8BC71620AE3B667D0243891B631DA3B8EB1576108C88463B2F66979EAC80
B cell markers	Bfoc	4	LMO2	"LMO2"	2.18617505171616	0	0	0.58	0.042	Supplementary Table 2. Marker genes for B cell clusters, related to Figure S2 and Figures 4.	F:/pan-gi-ici-ccc-20260709/GSE205506/supplement/mmc3.xlsx	28AA8BC71620AE3B667D0243891B631DA3B8EB1576108C88463B2F66979EAC80
B cell markers	Bfoc	5	NEIL1	"NEIL1"	2.16850942573178	0	0	0.693	0.097	Supplementary Table 2. Marker genes for B cell clusters, related to Figure S2 and Figures 4.	F:/pan-gi-ici-ccc-20260709/GSE205506/supplement/mmc3.xlsx	28AA8BC71620AE3B667D0243891B631DA3B8EB1576108C88463B2F66979EAC80
B cell markers	Bfoc	6	LRMP	"LRMP"	2.10382502593466	0	0	0.725	0.136	Supplementary Table 2. Marker genes for B cell clusters, related to Figure S2 and Figures 4.	F:/pan-gi-ici-ccc-20260709/GSE205506/supplement/mmc3.xlsx	28AA8BC71620AE3B667D0243891B631DA3B8EB1576108C88463B2F66979EAC80
B cell markers	Bfoc	7	GAPDH	"GAPDH"	2.09373150174971	0	0	0.96	0.729	Supplementary Table 2. Marker genes for B cell clusters, related to Figure S2 and Figures 4.	F:/pan-gi-ici-ccc-20260709/GSE205506/supplement/mmc3.xlsx	28AA8BC71620AE3B667D0243891B631DA3B8EB1576108C88463B2F66979EAC80
B cell markers	Bfoc	8	SUGCT	"SUGCT"	2.09246690096593	0	0	0.472	0.004	Supplementary Table 2. Marker genes for B cell clusters, related to Figure S2 and Figures 4.	F:/pan-gi-ici-ccc-20260709/GSE205506/supplement/mmc3.xlsx	28AA8BC71620AE3B667D0243891B631DA3B8EB1576108C88463B2F66979EAC80
B cell markers	Bfoc	9	HMGN1	"HMGN1"	2.05897602167909	0	0	0.933	0.554	Supplementary Table 2. Marker genes for B cell clusters, related to Figure S2 and Figures 4.	F:/pan-gi-ici-ccc-20260709/GSE205506/supplement/mmc3.xlsx	28AA8BC71620AE3B667D0243891B631DA3B8EB1576108C88463B2F66979EAC80
B cell markers	Bfoc	10	BASP1	"BASP1"	1.9538887254119	0	0	0.899	0.436	Supplementary Table 2. Marker genes for B cell clusters, related to Figure S2 and Figures 4.	F:/pan-gi-ici-ccc-20260709/GSE205506/supplement/mmc3.xlsx	28AA8BC71620AE3B667D0243891B631DA3B8EB1576108C88463B2F66979EAC80
B cell markers	Bgc	1	NR4A2	"NR4A2"	2.41958850832527	0	0	0.53	0.056	Supplementary Table 2. Marker genes for B cell clusters, related to Figure S2 and Figures 4.	F:/pan-gi-ici-ccc-20260709/GSE205506/supplement/mmc3.xlsx	28AA8BC71620AE3B667D0243891B631DA3B8EB1576108C88463B2F66979EAC80
B cell markers	Bgc	2	CD69	"CD69"	2.35798837420691	0	0	0.702	0.212	Supplementary Table 2. Marker genes for B cell clusters, related to Figure S2 and Figures 4.	F:/pan-gi-ici-ccc-20260709/GSE205506/supplement/mmc3.xlsx	28AA8BC71620AE3B667D0243891B631DA3B8EB1576108C88463B2F66979EAC80
B cell markers	Bgc	3	DUSP1	"DUSP1"	2.06322687936994	0	0	0.922	0.447	Supplementary Table 2. Marker genes for B cell clusters, related to Figure S2 and Figures 4.	F:/pan-gi-ici-ccc-20260709/GSE205506/supplement/mmc3.xlsx	28AA8BC71620AE3B667D0243891B631DA3B8EB1576108C88463B2F66979EAC80
B cell markers	Bgc	4	KLF2	"KLF2"	1.98756812456736	0	0	0.783	0.36	Supplementary Table 2. Marker genes for B cell clusters, related to Figure S2 and Figures 4.	F:/pan-gi-ici-ccc-20260709/GSE205506/supplement/mmc3.xlsx	28AA8BC71620AE3B667D0243891B631DA3B8EB1576108C88463B2F66979EAC80
B cell markers	Bgc	5	JUNB	"JUNB"	1.96493875722179	0	0	0.875	0.503	Supplementary Table 2. Marker genes for B cell clusters, related to Figure S2 and Figures 4.	F:/pan-gi-ici-ccc-20260709/GSE205506/supplement/mmc3.xlsx	28AA8BC71620AE3B667D0243891B631DA3B8EB1576108C88463B2F66979EAC80
B cell markers	Bgc	6	NR4A1	"NR4A1"	1.82040290203627	0	0	0.434	0.093	Supplementary Table 2. Marker genes for B cell clusters, related to Figure S2 and Figures 4.	F:/pan-gi-ici-ccc-20260709/GSE205506/supplement/mmc3.xlsx	28AA8BC71620AE3B667D0243891B631DA3B8EB1576108C88463B2F66979EAC80
B cell markers	Bgc	7	FOS	"FOS"	1.74923612520064	0	0	0.75	0.379	Supplementary Table 2. Marker genes for B cell clusters, related to Figure S2 and Figures 4.	F:/pan-gi-ici-ccc-20260709/GSE205506/supplement/mmc3.xlsx	28AA8BC71620AE3B667D0243891B631DA3B8EB1576108C88463B2F66979EAC80
B cell markers	Bgc	8	KLF6	"KLF6"	1.7237384341788	3.81312193392408e-298	9.54653207377232e-294	0.629	0.274	Supplementary Table 2. Marker genes for B cell clusters, related to Figure S2 and Figures 4.	F:/pan-gi-ici-ccc-20260709/GSE205506/supplement/mmc3.xlsx	28AA8BC71620AE3B667D0243891B631DA3B8EB1576108C88463B2F66979EAC80
B cell markers	Bgc	9	NFKBID	"NFKBID"	1.62956910838274	0	0	0.417	0.078	Supplementary Table 2. Marker genes for B cell clusters, related to Figure S2 and Figures 4.	F:/pan-gi-ici-ccc-20260709/GSE205506/supplement/mmc3.xlsx	28AA8BC71620AE3B667D0243891B631DA3B8EB1576108C88463B2F66979EAC80
B cell markers	Bgc	10	CD83	"CD83"	1.59529920666288	1.73233482750961e-281	4.33707347415305e-277	0.539	0.196	Supplementary Table 2. Marker genes for B cell clusters, related to Figure S2 and Figures 4.	F:/pan-gi-ici-ccc-20260709/GSE205506/supplement/mmc3.xlsx	28AA8BC71620AE3B667D0243891B631DA3B8EB1576108C88463B2F66979EAC80
B cell markers	Bmem	1	LINC01781	"LINC01781"	1.09059542952721	0	0	0.277	0.053	Supplementary Table 2. Marker genes for B cell clusters, related to Figure S2 and Figures 4.	F:/pan-gi-ici-ccc-20260709/GSE205506/supplement/mmc3.xlsx	28AA8BC71620AE3B667D0243891B631DA3B8EB1576108C88463B2F66979EAC80
B cell markers	Bmem	2	RPS14	"RPS14"	1.04512351252603	0	0	0.999	0.961	Supplementary Table 2. Marker genes for B cell clusters, related to Figure S2 and Figures 4.	F:/pan-gi-ici-ccc-20260709/GSE205506/supplement/mmc3.xlsx	28AA8BC71620AE3B667D0243891B631DA3B8EB1576108C88463B2F66979EAC80
B cell markers	Bmem	3	S100A4	"S100A4"	1.00733779675081	3.45851081909435e-173	8.65872768668461e-169	0.347	0.171	Supplementary Table 2. Marker genes for B cell clusters, related to Figure S2 and Figures 4.	F:/pan-gi-ici-ccc-20260709/GSE205506/supplement/mmc3.xlsx	28AA8BC71620AE3B667D0243891B631DA3B8EB1576108C88463B2F66979EAC80
B cell markers	Bmem	4	HLA-A	"HLA-A"	0.996700202136333	0	0	0.961	0.822	Supplementary Table 2. Marker genes for B cell clusters, related to Figure S2 and Figures 4.	F:/pan-gi-ici-ccc-20260709/GSE205506/supplement/mmc3.xlsx	28AA8BC71620AE3B667D0243891B631DA3B8EB1576108C88463B2F66979EAC80
B cell markers	Bmem	5	RPS29	"RPS29"	0.972335580583457	0	0	0.989	0.921	Supplementary Table 2. Marker genes for B cell clusters, related to Figure S2 and Figures 4.	F:/pan-gi-ici-ccc-20260709/GSE205506/supplement/mmc3.xlsx	28AA8BC71620AE3B667D0243891B631DA3B8EB1576108C88463B2F66979EAC80
B cell markers	Bmem	6	BANK1	"BANK1"	0.957115713776183	0	0	0.766	0.394	Supplementary Table 2. Marker genes for B cell clusters, related to Figure S2 and Figures 4.	F:/pan-gi-ici-ccc-20260709/GSE205506/supplement/mmc3.xlsx	28AA8BC71620AE3B667D0243891B631DA3B8EB1576108C88463B2F66979EAC80
B cell markers	Bmem	7	SSPN	"SSPN"	0.947403597976075	1.46610577853149e-240	3.67054242713144e-236	0.262	0.08	Supplementary Table 2. Marker genes for B cell clusters, related to Figure S2 and Figures 4.	F:/pan-gi-ici-ccc-20260709/GSE205506/supplement/mmc3.xlsx	28AA8BC71620AE3B667D0243891B631DA3B8EB1576108C88463B2F66979EAC80
B cell markers	Bmem	8	TNFRSF13B	"TNFRSF13B"	0.946288967703152	0	0	0.319	0.092	Supplementary Table 2. Marker genes for B cell clusters, related to Figure S2 and Figures 4.	F:/pan-gi-ici-ccc-20260709/GSE205506/supplement/mmc3.xlsx	28AA8BC71620AE3B667D0243891B631DA3B8EB1576108C88463B2F66979EAC80
B cell markers	Bmem	9	CCDC50	"CCDC50"	0.945947476303155	9.62501993099866e-208	2.40971998992482e-203	0.426	0.225	Supplementary Table 2. Marker genes for B cell clusters, related to Figure S2 and Figures 4.	F:/pan-gi-ici-ccc-20260709/GSE205506/supplement/mmc3.xlsx	28AA8BC71620AE3B667D0243891B631DA3B8EB1576108C88463B2F66979EAC80
B cell markers	Bmem	10	TOMM7	"TOMM7"	0.921272239428664	0	0	0.769	0.547	Supplementary Table 2. Marker genes for B cell clusters, related to Figure S2 and Figures 4.	F:/pan-gi-ici-ccc-20260709/GSE205506/supplement/mmc3.xlsx	28AA8BC71620AE3B667D0243891B631DA3B8EB1576108C88463B2F66979EAC80
B cell markers	Bn	1	IGHD	"IGHD"	2.0119197564291	0	0	0.673	0.098	Supplementary Table 2. Marker genes for B cell clusters, related to Figure S2 and Figures 4.	F:/pan-gi-ici-ccc-20260709/GSE205506/supplement/mmc3.xlsx	28AA8BC71620AE3B667D0243891B631DA3B8EB1576108C88463B2F66979EAC80
B cell markers	Bn	2	TCL1A	"TCL1A"	1.77148144364588	0	0	0.69	0.176	Supplementary Table 2. Marker genes for B cell clusters, related to Figure S2 and Figures 4.	F:/pan-gi-ici-ccc-20260709/GSE205506/supplement/mmc3.xlsx	28AA8BC71620AE3B667D0243891B631DA3B8EB1576108C88463B2F66979EAC80
B cell markers	Bn	3	FCER2	"FCER2"	1.47811744027264	0	0	0.426	0.099	Supplementary Table 2. Marker genes for B cell clusters, related to Figure S2 and Figures 4.	F:/pan-gi-ici-ccc-20260709/GSE205506/supplement/mmc3.xlsx	28AA8BC71620AE3B667D0243891B631DA3B8EB1576108C88463B2F66979EAC80
B cell markers	Bn	4	SELL	"SELL"	1.31715185348096	0	0	0.475	0.153	Supplementary Table 2. Marker genes for B cell clusters, related to Figure S2 and Figures 4.	F:/pan-gi-ici-ccc-20260709/GSE205506/supplement/mmc3.xlsx	28AA8BC71620AE3B667D0243891B631DA3B8EB1576108C88463B2F66979EAC80
B cell markers	Bn	5	CD72	"CD72"	1.24474244481991	0	0	0.421	0.124	Supplementary Table 2. Marker genes for B cell clusters, related to Figure S2 and Figures 4.	F:/pan-gi-ici-ccc-20260709/GSE205506/supplement/mmc3.xlsx	28AA8BC71620AE3B667D0243891B631DA3B8EB1576108C88463B2F66979EAC80
B cell markers	Bn	6	PLAC8	"PLAC8"	1.13073722243454	2.85482517277225e-305	7.14734030255261e-301	0.399	0.146	Supplementary Table 2. Marker genes for B cell clusters, related to Figure S2 and Figures 4.	F:/pan-gi-ici-ccc-20260709/GSE205506/supplement/mmc3.xlsx	28AA8BC71620AE3B667D0243891B631DA3B8EB1576108C88463B2F66979EAC80
B cell markers	Bn	7	C1orf162	"C1orf162"	1.11648932490528	0	0	0.299	0.054	Supplementary Table 2. Marker genes for B cell clusters, related to Figure S2 and Figures 4.	F:/pan-gi-ici-ccc-20260709/GSE205506/supplement/mmc3.xlsx	28AA8BC71620AE3B667D0243891B631DA3B8EB1576108C88463B2F66979EAC80
B cell markers	Bn	8	CD52	"CD52"	1.10120971174395	0	0	0.893	0.565	Supplementary Table 2. Marker genes for B cell clusters, related to Figure S2 and Figures 4.	F:/pan-gi-ici-ccc-20260709/GSE205506/supplement/mmc3.xlsx	28AA8BC71620AE3B667D0243891B631DA3B8EB1576108C88463B2F66979EAC80
B cell markers	Bn	9	TMSB10	"TMSB10"	1.06439089738598	0	0	0.968	0.888	Supplementary Table 2. Marker genes for B cell clusters, related to Figure S2 and Figures 4.	F:/pan-gi-ici-ccc-20260709/GSE205506/supplement/mmc3.xlsx	28AA8BC71620AE3B667D0243891B631DA3B8EB1576108C88463B2F66979EAC80
B cell markers	Bn	10	LINC00926	"LINC00926"	1.06061627263489	1.38254978685005e-280	3.46135164635778e-276	0.463	0.205	Supplementary Table 2. Marker genes for B cell clusters, related to Figure S2 and Figures 4.	F:/pan-gi-ici-ccc-20260709/GSE205506/supplement/mmc3.xlsx	28AA8BC71620AE3B667D0243891B631DA3B8EB1576108C88463B2F66979EAC80
B cell markers	pB IgA	1	IGHA2	"IGHA2"	6.43397991548289	0	0	0.862	0.444	Supplementary Table 2. Marker genes for B cell clusters, related to Figure S2 and Figures 4.	F:/pan-gi-ici-ccc-20260709/GSE205506/supplement/mmc3.xlsx	28AA8BC71620AE3B667D0243891B631DA3B8EB1576108C88463B2F66979EAC80
B cell markers	pB IgA	2	IGHA1	"IGHA1"	5.50180049565722	0	0	0.932	0.438	Supplementary Table 2. Marker genes for B cell clusters, related to Figure S2 and Figures 4.	F:/pan-gi-ici-ccc-20260709/GSE205506/supplement/mmc3.xlsx	28AA8BC71620AE3B667D0243891B631DA3B8EB1576108C88463B2F66979EAC80
B cell markers	pB IgA	3	JCHAIN	"JCHAIN"	4.81953261095469	0	0	0.988	0.543	Supplementary Table 2. Marker genes for B cell clusters, related to Figure S2 and Figures 4.	F:/pan-gi-ici-ccc-20260709/GSE205506/supplement/mmc3.xlsx	28AA8BC71620AE3B667D0243891B631DA3B8EB1576108C88463B2F66979EAC80
B cell markers	pB IgA	4	IGLC3	"IGLC3"	2.69431657078992	1.36974365809582e-136	3.42929022240868e-132	0.54	0.313	Supplementary Table 2. Marker genes for B cell clusters, related to Figure S2 and Figures 4.	F:/pan-gi-ici-ccc-20260709/GSE205506/supplement/mmc3.xlsx	28AA8BC71620AE3B667D0243891B631DA3B8EB1576108C88463B2F66979EAC80
B cell markers	pB IgA	5	IGLC2	"IGLC2"	2.56204770055009	7.05131147037069e-46	1.76536633972201e-41	0.743	0.62	Supplementary Table 2. Marker genes for B cell clusters, related to Figure S2 and Figures 4.	F:/pan-gi-ici-ccc-20260709/GSE205506/supplement/mmc3.xlsx	28AA8BC71620AE3B667D0243891B631DA3B8EB1576108C88463B2F66979EAC80
B cell markers	pB IgA	6	IGKC	"IGKC"	2.31458005988992	2.4628700440731e-207	6.1660414423414e-203	0.933	0.872	Supplementary Table 2. Marker genes for B cell clusters, related to Figure S2 and Figures 4.	F:/pan-gi-ici-ccc-20260709/GSE205506/supplement/mmc3.xlsx	28AA8BC71620AE3B667D0243891B631DA3B8EB1576108C88463B2F66979EAC80
B cell markers	pB IgA	7	HSPA1A	"HSPA1A"	2.20831632117799	0	0	0.587	0.196	Supplementary Table 2. Marker genes for B cell clusters, related to Figure S2 and Figures 4.	F:/pan-gi-ici-ccc-20260709/GSE205506/supplement/mmc3.xlsx	28AA8BC71620AE3B667D0243891B631DA3B8EB1576108C88463B2F66979EAC80
B cell markers	pB IgA	8	JUN	"JUN"	1.94225072556351	0	0	0.87	0.525	Supplementary Table 2. Marker genes for B cell clusters, related to Figure S2 and Figures 4.	F:/pan-gi-ici-ccc-20260709/GSE205506/supplement/mmc3.xlsx	28AA8BC71620AE3B667D0243891B631DA3B8EB1576108C88463B2F66979EAC80
B cell markers	pB IgA	9	BTG2	"BTG2"	1.90284531169318	0	0	0.89	0.351	Supplementary Table 2. Marker genes for B cell clusters, related to Figure S2 and Figures 4.	F:/pan-gi-ici-ccc-20260709/GSE205506/supplement/mmc3.xlsx	28AA8BC71620AE3B667D0243891B631DA3B8EB1576108C88463B2F66979EAC80
B cell markers	pB IgA	10	SSR4	"SSR4"	1.86723307790527	0	0	0.966	0.528	Supplementary Table 2. Marker genes for B cell clusters, related to Figure S2 and Figures 4.	F:/pan-gi-ici-ccc-20260709/GSE205506/supplement/mmc3.xlsx	28AA8BC71620AE3B667D0243891B631DA3B8EB1576108C88463B2F66979EAC80
B cell markers	pB IgG	1	IGHG4	"IGHG4"	6.10714074066312	0	0	0.847	0.209	Supplementary Table 2. Marker genes for B cell clusters, related to Figure S2 and Figures 4.	F:/pan-gi-ici-ccc-20260709/GSE205506/supplement/mmc3.xlsx	28AA8BC71620AE3B667D0243891B631DA3B8EB1576108C88463B2F66979EAC80
B cell markers	pB IgG	2	IGHG1	"IGHG1"	5.84204488300171	0	0	0.919	0.273	Supplementary Table 2. Marker genes for B cell clusters, related to Figure S2 and Figures 4.	F:/pan-gi-ici-ccc-20260709/GSE205506/supplement/mmc3.xlsx	28AA8BC71620AE3B667D0243891B631DA3B8EB1576108C88463B2F66979EAC80
B cell markers	pB IgG	3	IGHG2	"IGHG2"	4.4930629632696	0	0	0.554	0.16	Supplementary Table 2. Marker genes for B cell clusters, related to Figure S2 and Figures 4.	F:/pan-gi-ici-ccc-20260709/GSE205506/supplement/mmc3.xlsx	28AA8BC71620AE3B667D0243891B631DA3B8EB1576108C88463B2F66979EAC80
B cell markers	pB IgG	4	IGHG3	"IGHG3"	4.45306004618213	0	0	0.655	0.139	Supplementary Table 2. Marker genes for B cell clusters, related to Figure S2 and Figures 4.	F:/pan-gi-ici-ccc-20260709/GSE205506/supplement/mmc3.xlsx	28AA8BC71620AE3B667D0243891B631DA3B8EB1576108C88463B2F66979EAC80
B cell markers	pB IgG	5	IGKC	"IGKC"	2.59500073175503	1.11620817656876e-208	2.79453879085755e-204	0.943	0.877	Supplementary Table 2. Marker genes for B cell clusters, related to Figure S2 and Figures 4.	F:/pan-gi-ici-ccc-20260709/GSE205506/supplement/mmc3.xlsx	28AA8BC71620AE3B667D0243891B631DA3B8EB1576108C88463B2F66979EAC80
B cell markers	pB IgG	6	XBP1	"XBP1"	2.39733887692201	0	0	0.98	0.263	Supplementary Table 2. Marker genes for B cell clusters, related to Figure S2 and Figures 4.	F:/pan-gi-ici-ccc-20260709/GSE205506/supplement/mmc3.xlsx	28AA8BC71620AE3B667D0243891B631DA3B8EB1576108C88463B2F66979EAC80
B cell markers	pB IgG	7	IGLC2	"IGLC2"	2.31900267871463	0.0041749523718356	1	0.689	0.638	Supplementary Table 2. Marker genes for B cell clusters, related to Figure S2 and Figures 4.	F:/pan-gi-ici-ccc-20260709/GSE205506/supplement/mmc3.xlsx	28AA8BC71620AE3B667D0243891B631DA3B8EB1576108C88463B2F66979EAC80
B cell markers	pB IgG	8	IGLC3	"IGLC3"	2.16992552092287	6.23537781470435e-38	1.56108918968938e-33	0.499	0.34	Supplementary Table 2. Marker genes for B cell clusters, related to Figure S2 and Figures 4.	F:/pan-gi-ici-ccc-20260709/GSE205506/supplement/mmc3.xlsx	28AA8BC71620AE3B667D0243891B631DA3B8EB1576108C88463B2F66979EAC80
B cell markers	pB IgG	9	SSR4	"SSR4"	2.04160667715758	0	0	0.99	0.569	Supplementary Table 2. Marker genes for B cell clusters, related to Figure S2 and Figures 4.	F:/pan-gi-ici-ccc-20260709/GSE205506/supplement/mmc3.xlsx	28AA8BC71620AE3B667D0243891B631DA3B8EB1576108C88463B2F66979EAC80
B cell markers	pB IgG	10	MZB1	"MZB1"	2.03614628040843	0	0	0.978	0.321	Supplementary Table 2. Marker genes for B cell clusters, related to Figure S2 and Figures 4.	F:/pan-gi-ici-ccc-20260709/GSE205506/supplement/mmc3.xlsx	28AA8BC71620AE3B667D0243891B631DA3B8EB1576108C88463B2F66979EAC80
B cell markers	pB prolif	1	HSP90B1	"HSP90B1"	2.5491870152929	5.93229479218368e-87	1.4852093241711e-82	1	0.465	Supplementary Table 2. Marker genes for B cell clusters, related to Figure S2 and Figures 4.	F:/pan-gi-ici-ccc-20260709/GSE205506/supplement/mmc3.xlsx	28AA8BC71620AE3B667D0243891B631DA3B8EB1576108C88463B2F66979EAC80
B cell markers	pB prolif	2	MZB1	"MZB1"	2.47733591952322	4.07589795296443e-95	1.02044181150417e-90	0.986	0.381	Supplementary Table 2. Marker genes for B cell clusters, related to Figure S2 and Figures 4.	F:/pan-gi-ici-ccc-20260709/GSE205506/supplement/mmc3.xlsx	28AA8BC71620AE3B667D0243891B631DA3B8EB1576108C88463B2F66979EAC80
B cell markers	pB prolif	3	PPIB	"PPIB"	2.18464496260548	1.69415652705769e-74	4.24149028114163e-70	0.959	0.496	Supplementary Table 2. Marker genes for B cell clusters, related to Figure S2 and Figures 4.	F:/pan-gi-ici-ccc-20260709/GSE205506/supplement/mmc3.xlsx	28AA8BC71620AE3B667D0243891B631DA3B8EB1576108C88463B2F66979EAC80
B cell markers	pB prolif	4	MYDGF	"MYDGF"	2.09924100489586	6.47597059878247e-89	1.62132399911118e-84	0.862	0.255	Supplementary Table 2. Marker genes for B cell clusters, related to Figure S2 and Figures 4.	F:/pan-gi-ici-ccc-20260709/GSE205506/supplement/mmc3.xlsx	28AA8BC71620AE3B667D0243891B631DA3B8EB1576108C88463B2F66979EAC80
B cell markers	pB prolif	5	XBP1	"XBP1"	2.04771729296002	4.59560256640614e-80	1.15055505852544e-75	0.972	0.328	Supplementary Table 2. Marker genes for B cell clusters, related to Figure S2 and Figures 4.	F:/pan-gi-ici-ccc-20260709/GSE205506/supplement/mmc3.xlsx	28AA8BC71620AE3B667D0243891B631DA3B8EB1576108C88463B2F66979EAC80
B cell markers	pB prolif	6	SUB1	"SUB1"	1.87155490821572	1.49079647945863e-65	3.73235806597263e-61	0.979	0.593	Supplementary Table 2. Marker genes for B cell clusters, related to Figure S2 and Figures 4.	F:/pan-gi-ici-ccc-20260709/GSE205506/supplement/mmc3.xlsx	28AA8BC71620AE3B667D0243891B631DA3B8EB1576108C88463B2F66979EAC80
B cell markers	pB prolif	7	FKBP11	"FKBP11"	1.85643567380054	2.5582877755092e-92	6.40492927476483e-88	0.924	0.253	Supplementary Table 2. Marker genes for B cell clusters, related to Figure S2 and Figures 4.	F:/pan-gi-ici-ccc-20260709/GSE205506/supplement/mmc3.xlsx	28AA8BC71620AE3B667D0243891B631DA3B8EB1576108C88463B2F66979EAC80
B cell markers	pB prolif	8	SSR3	"SSR3"	1.83935986590217	1.18689858833569e-81	2.97151930575722e-77	0.931	0.35	Supplementary Table 2. Marker genes for B cell clusters, related to Figure S2 and Figures 4.	F:/pan-gi-ici-ccc-20260709/GSE205506/supplement/mmc3.xlsx	28AA8BC71620AE3B667D0243891B631DA3B8EB1576108C88463B2F66979EAC80
B cell markers	pB prolif	9	SEC11C	"SEC11C"	1.80427645426883	1.76195376204322e-74	4.4112274386514e-70	0.924	0.352	Supplementary Table 2. Marker genes for B cell clusters, related to Figure S2 and Figures 4.	F:/pan-gi-ici-ccc-20260709/GSE205506/supplement/mmc3.xlsx	28AA8BC71620AE3B667D0243891B631DA3B8EB1576108C88463B2F66979EAC80
B cell markers	pB prolif	10	TUBA1B	"TUBA1B"	1.78675652365456	3.95944833151125e-59	9.91287484277157e-55	0.903	0.363	Supplementary Table 2. Marker genes for B cell clusters, related to Figure S2 and Figures 4.	F:/pan-gi-ici-ccc-20260709/GSE205506/supplement/mmc3.xlsx	28AA8BC71620AE3B667D0243891B631DA3B8EB1576108C88463B2F66979EAC80
Endothelial cell markers	CXCL12+EC	1	SULF1	"SULF1"	2.41335651658567	0	0	0.561	0.075	Supplementary Table 2. Marker genes for endothelial cell clusters, related to Figure S2 and Figures 6.	F:/pan-gi-ici-ccc-20260709/GSE205506/supplement/mmc3.xlsx	28AA8BC71620AE3B667D0243891B631DA3B8EB1576108C88463B2F66979EAC80
Endothelial cell markers	CXCL12+EC	2	SEMA3G	"SEMA3G"	2.27233961424026	0	0	0.701	0.019	Supplementary Table 2. Marker genes for endothelial cell clusters, related to Figure S2 and Figures 6.	F:/pan-gi-ici-ccc-20260709/GSE205506/supplement/mmc3.xlsx	28AA8BC71620AE3B667D0243891B631DA3B8EB1576108C88463B2F66979EAC80
Endothelial cell markers	CXCL12+EC	3	IGFBP3	"IGFBP3"	2.25999339536055	0	0	0.735	0.196	Supplementary Table 2. Marker genes for endothelial cell clusters, related to Figure S2 and Figures 6.	F:/pan-gi-ici-ccc-20260709/GSE205506/supplement/mmc3.xlsx	28AA8BC71620AE3B667D0243891B631DA3B8EB1576108C88463B2F66979EAC80
Endothelial cell markers	CXCL12+EC	4	DEPP1	"DEPP1"	2.0919837212565	1.42989404653565e-226	3.57988273490665e-222	0.589	0.188	Supplementary Table 2. Marker genes for endothelial cell clusters, related to Figure S2 and Figures 6.	F:/pan-gi-ici-ccc-20260709/GSE205506/supplement/mmc3.xlsx	28AA8BC71620AE3B667D0243891B631DA3B8EB1576108C88463B2F66979EAC80
Endothelial cell markers	CXCL12+EC	5	SLC9A3R2	"SLC9A3R2"	2.08271737085251	2.53068732354471e-294	6.33582878322653e-290	0.884	0.48	Supplementary Table 2. Marker genes for endothelial cell clusters, related to Figure S2 and Figures 6.	F:/pan-gi-ici-ccc-20260709/GSE205506/supplement/mmc3.xlsx	28AA8BC71620AE3B667D0243891B631DA3B8EB1576108C88463B2F66979EAC80
Endothelial cell markers	CXCL12+EC	6	SERPINE2	"SERPINE2"	2.07439574231682	0	0	0.447	0.012	Supplementary Table 2. Marker genes for endothelial cell clusters, related to Figure S2 and Figures 6.	F:/pan-gi-ici-ccc-20260709/GSE205506/supplement/mmc3.xlsx	28AA8BC71620AE3B667D0243891B631DA3B8EB1576108C88463B2F66979EAC80
Endothelial cell markers	CXCL12+EC	7	FN1	"FN1"	1.99165932038361	1.18032161692077e-153	2.95505320012284e-149	0.689	0.378	Supplementary Table 2. Marker genes for endothelial cell clusters, related to Figure S2 and Figures 6.	F:/pan-gi-ici-ccc-20260709/GSE205506/supplement/mmc3.xlsx	28AA8BC71620AE3B667D0243891B631DA3B8EB1576108C88463B2F66979EAC80
Endothelial cell markers	CXCL12+EC	8	CXCL12	"CXCL12"	1.98481815772771	0	0	0.699	0.139	Supplementary Table 2. Marker genes for endothelial cell clusters, related to Figure S2 and Figures 6.	F:/pan-gi-ici-ccc-20260709/GSE205506/supplement/mmc3.xlsx	28AA8BC71620AE3B667D0243891B631DA3B8EB1576108C88463B2F66979EAC80
Endothelial cell markers	CXCL12+EC	9	GJA5	"GJA5"	1.98310817331077	0	0	0.537	0.012	Supplementary Table 2. Marker genes for endothelial cell clusters, related to Figure S2 and Figures 6.	F:/pan-gi-ici-ccc-20260709/GSE205506/supplement/mmc3.xlsx	28AA8BC71620AE3B667D0243891B631DA3B8EB1576108C88463B2F66979EAC80
Endothelial cell markers	CXCL12+EC	10	MGP	"MGP"	1.91152046367149	8.32901176946813e-116	2.08525138660404e-111	0.86	0.684	Supplementary Table 2. Marker genes for endothelial cell clusters, related to Figure S2 and Figures 6.	F:/pan-gi-ici-ccc-20260709/GSE205506/supplement/mmc3.xlsx	28AA8BC71620AE3B667D0243891B631DA3B8EB1576108C88463B2F66979EAC80
Endothelial cell markers	HLA-DRA+EC	1	SOCS3	"SOCS3"	1.36917772670046	0	0	0.852	0.551	Supplementary Table 2. Marker genes for endothelial cell clusters, related to Figure S2 and Figures 6.	F:/pan-gi-ici-ccc-20260709/GSE205506/supplement/mmc3.xlsx	28AA8BC71620AE3B667D0243891B631DA3B8EB1576108C88463B2F66979EAC80
Endothelial cell markers	HLA-DRA+EC	2	ACKR1	"ACKR1"	1.35137877215172	0	0	0.985	0.54	Supplementary Table 2. Marker genes for endothelial cell clusters, related to Figure S2 and Figures 6.	F:/pan-gi-ici-ccc-20260709/GSE205506/supplement/mmc3.xlsx	28AA8BC71620AE3B667D0243891B631DA3B8EB1576108C88463B2F66979EAC80
Endothelial cell markers	HLA-DRA+EC	3	GADD45B	"GADD45B"	1.30582406402321	0	0	0.623	0.297	Supplementary Table 2. Marker genes for endothelial cell clusters, related to Figure S2 and Figures 6.	F:/pan-gi-ici-ccc-20260709/GSE205506/supplement/mmc3.xlsx	28AA8BC71620AE3B667D0243891B631DA3B8EB1576108C88463B2F66979EAC80
Endothelial cell markers	HLA-DRA+EC	4	HLA-DRA	"HLA-DRA"	1.24238584725122	0	0	0.983	0.676	Supplementary Table 2. Marker genes for endothelial cell clusters, related to Figure S2 and Figures 6.	F:/pan-gi-ici-ccc-20260709/GSE205506/supplement/mmc3.xlsx	28AA8BC71620AE3B667D0243891B631DA3B8EB1576108C88463B2F66979EAC80
Endothelial cell markers	HLA-DRA+EC	5	C2CD4B	"C2CD4B"	1.21618838760015	1.03000445594497e-274	2.57871915590383e-270	0.504	0.218	Supplementary Table 2. Marker genes for endothelial cell clusters, related to Figure S2 and Figures 6.	F:/pan-gi-ici-ccc-20260709/GSE205506/supplement/mmc3.xlsx	28AA8BC71620AE3B667D0243891B631DA3B8EB1576108C88463B2F66979EAC80
Endothelial cell markers	HLA-DRA+EC	6	ZFP36	"ZFP36"	1.17960610244285	0	0	0.904	0.629	Supplementary Table 2. Marker genes for endothelial cell clusters, related to Figure S2 and Figures 6.	F:/pan-gi-ici-ccc-20260709/GSE205506/supplement/mmc3.xlsx	28AA8BC71620AE3B667D0243891B631DA3B8EB1576108C88463B2F66979EAC80
Endothelial cell markers	HLA-DRA+EC	7	AQP1	"AQP1"	1.1674910799397	0	0	0.863	0.4	Supplementary Table 2. Marker genes for endothelial cell clusters, related to Figure S2 and Figures 6.	F:/pan-gi-ici-ccc-20260709/GSE205506/supplement/mmc3.xlsx	28AA8BC71620AE3B667D0243891B631DA3B8EB1576108C88463B2F66979EAC80
Endothelial cell markers	HLA-DRA+EC	8	CDKN1A	"CDKN1A"	1.13657002418072	0	0	0.51	0.206	Supplementary Table 2. Marker genes for endothelial cell clusters, related to Figure S2 and Figures 6.	F:/pan-gi-ici-ccc-20260709/GSE205506/supplement/mmc3.xlsx	28AA8BC71620AE3B667D0243891B631DA3B8EB1576108C88463B2F66979EAC80
Endothelial cell markers	HLA-DRA+EC	9	HSPA1A	"HSPA1A"	1.11299080497585	0	0	0.83	0.565	Supplementary Table 2. Marker genes for endothelial cell clusters, related to Figure S2 and Figures 6.	F:/pan-gi-ici-ccc-20260709/GSE205506/supplement/mmc3.xlsx	28AA8BC71620AE3B667D0243891B631DA3B8EB1576108C88463B2F66979EAC80
Endothelial cell markers	HLA-DRA+EC	10	ATF3	"ATF3"	1.11235881814875	0	0	0.485	0.152	Supplementary Table 2. Marker genes for endothelial cell clusters, related to Figure S2 and Figures 6.	F:/pan-gi-ici-ccc-20260709/GSE205506/supplement/mmc3.xlsx	28AA8BC71620AE3B667D0243891B631DA3B8EB1576108C88463B2F66979EAC80
Endothelial cell markers	LYVE1+LEC	1	CCL21	"CCL21"	7.20966127044009	0	0	0.912	0.01	Supplementary Table 2. Marker genes for endothelial cell clusters, related to Figure S2 and Figures 6.	F:/pan-gi-ici-ccc-20260709/GSE205506/supplement/mmc3.xlsx	28AA8BC71620AE3B667D0243891B631DA3B8EB1576108C88463B2F66979EAC80
Endothelial cell markers	LYVE1+LEC	2	TFF3	"TFF3"	4.80061297398385	0	0	0.89	0.083	Supplementary Table 2. Marker genes for endothelial cell clusters, related to Figure S2 and Figures 6.	F:/pan-gi-ici-ccc-20260709/GSE205506/supplement/mmc3.xlsx	28AA8BC71620AE3B667D0243891B631DA3B8EB1576108C88463B2F66979EAC80
Endothelial cell markers	LYVE1+LEC	3	LYVE1	"LYVE1"	3.48050280168749	0	0	0.749	0.072	Supplementary Table 2. Marker genes for endothelial cell clusters, related to Figure S2 and Figures 6.	F:/pan-gi-ici-ccc-20260709/GSE205506/supplement/mmc3.xlsx	28AA8BC71620AE3B667D0243891B631DA3B8EB1576108C88463B2F66979EAC80
Endothelial cell markers	LYVE1+LEC	4	TFPI	"TFPI"	3.03511315539663	0	0	0.967	0.48	Supplementary Table 2. Marker genes for endothelial cell clusters, related to Figure S2 and Figures 6.	F:/pan-gi-ici-ccc-20260709/GSE205506/supplement/mmc3.xlsx	28AA8BC71620AE3B667D0243891B631DA3B8EB1576108C88463B2F66979EAC80
Endothelial cell markers	LYVE1+LEC	5	AKAP12	"AKAP12"	2.94472186755394	0	0	0.839	0.177	Supplementary Table 2. Marker genes for endothelial cell clusters, related to Figure S2 and Figures 6.	F:/pan-gi-ici-ccc-20260709/GSE205506/supplement/mmc3.xlsx	28AA8BC71620AE3B667D0243891B631DA3B8EB1576108C88463B2F66979EAC80
Endothelial cell markers	LYVE1+LEC	6	PROX1	"PROX1"	2.7657453803657	0	0	0.611	0.017	Supplementary Table 2. Marker genes for endothelial cell clusters, related to Figure S2 and Figures 6.	F:/pan-gi-ici-ccc-20260709/GSE205506/supplement/mmc3.xlsx	28AA8BC71620AE3B667D0243891B631DA3B8EB1576108C88463B2F66979EAC80
Endothelial cell markers	LYVE1+LEC	7	NTS	"NTS"	2.75528410470457	0	0	0.37	0.007	Supplementary Table 2. Marker genes for endothelial cell clusters, related to Figure S2 and Figures 6.	F:/pan-gi-ici-ccc-20260709/GSE205506/supplement/mmc3.xlsx	28AA8BC71620AE3B667D0243891B631DA3B8EB1576108C88463B2F66979EAC80
Endothelial cell markers	LYVE1+LEC	8	EFEMP1	"EFEMP1"	2.45183976743572	0	0	0.644	0.068	Supplementary Table 2. Marker genes for endothelial cell clusters, related to Figure S2 and Figures 6.	F:/pan-gi-ici-ccc-20260709/GSE205506/supplement/mmc3.xlsx	28AA8BC71620AE3B667D0243891B631DA3B8EB1576108C88463B2F66979EAC80
Endothelial cell markers	LYVE1+LEC	9	MMRN1	"MMRN1"	2.41232870368025	0	0	0.898	0.403	Supplementary Table 2. Marker genes for endothelial cell clusters, related to Figure S2 and Figures 6.	F:/pan-gi-ici-ccc-20260709/GSE205506/supplement/mmc3.xlsx	28AA8BC71620AE3B667D0243891B631DA3B8EB1576108C88463B2F66979EAC80
Endothelial cell markers	LYVE1+LEC	10	PPFIBP1	"PPFIBP1"	2.24180791517705	4.2521635591843e-230	1.06457166867738e-225	0.805	0.433	Supplementary Table 2. Marker genes for endothelial cell clusters, related to Figure S2 and Figures 6.	F:/pan-gi-ici-ccc-20260709/GSE205506/supplement/mmc3.xlsx	28AA8BC71620AE3B667D0243891B631DA3B8EB1576108C88463B2F66979EAC80
Endothelial cell markers	MADCAM1+HEV	1	CPE	"CPE"	2.89012837353202	0	0	0.9	0.196	Supplementary Table 2. Marker genes for endothelial cell clusters, related to Figure S2 and Figures 6.	F:/pan-gi-ici-ccc-20260709/GSE205506/supplement/mmc3.xlsx	28AA8BC71620AE3B667D0243891B631DA3B8EB1576108C88463B2F66979EAC80
Endothelial cell markers	MADCAM1+HEV	2	MADCAM1	"MADCAM1"	2.31001327854283	0	0	0.599	0.061	Supplementary Table 2. Marker genes for endothelial cell clusters, related to Figure S2 and Figures 6.	F:/pan-gi-ici-ccc-20260709/GSE205506/supplement/mmc3.xlsx	28AA8BC71620AE3B667D0243891B631DA3B8EB1576108C88463B2F66979EAC80
Endothelial cell markers	MADCAM1+HEV	3	ADGRG6	"ADGRG6"	1.88110766285183	0	0	0.704	0.211	Supplementary Table 2. Marker genes for endothelial cell clusters, related to Figure S2 and Figures 6.	F:/pan-gi-ici-ccc-20260709/GSE205506/supplement/mmc3.xlsx	28AA8BC71620AE3B667D0243891B631DA3B8EB1576108C88463B2F66979EAC80
Endothelial cell markers	MADCAM1+HEV	4	CLDN5	"CLDN5"	1.37477742611947	0	0	0.92	0.636	Supplementary Table 2. Marker genes for endothelial cell clusters, related to Figure S2 and Figures 6.	F:/pan-gi-ici-ccc-20260709/GSE205506/supplement/mmc3.xlsx	28AA8BC71620AE3B667D0243891B631DA3B8EB1576108C88463B2F66979EAC80
Endothelial cell markers	MADCAM1+HEV	5	CTGF	"CTGF"	1.33711041616315	2.98936609241973e-159	7.48417694898203e-155	0.738	0.458	Supplementary Table 2. Marker genes for endothelial cell clusters, related to Figure S2 and Figures 6.	F:/pan-gi-ici-ccc-20260709/GSE205506/supplement/mmc3.xlsx	28AA8BC71620AE3B667D0243891B631DA3B8EB1576108C88463B2F66979EAC80
Endothelial cell markers	MADCAM1+HEV	6	NPC2	"NPC2"	1.33105959473333	1.6324212858985e-304	4.08692993137548e-300	0.93	0.711	Supplementary Table 2. Marker genes for endothelial cell clusters, related to Figure S2 and Figures 6.	F:/pan-gi-ici-ccc-20260709/GSE205506/supplement/mmc3.xlsx	28AA8BC71620AE3B667D0243891B631DA3B8EB1576108C88463B2F66979EAC80
Endothelial cell markers	MADCAM1+HEV	7	C7	"C7"	1.2531441631534	1.3535262199524e-230	3.38868824427283e-226	0.431	0.126	Supplementary Table 2. Marker genes for endothelial cell clusters, related to Figure S2 and Figures 6.	F:/pan-gi-ici-ccc-20260709/GSE205506/supplement/mmc3.xlsx	28AA8BC71620AE3B667D0243891B631DA3B8EB1576108C88463B2F66979EAC80
Endothelial cell markers	MADCAM1+HEV	8	LEPR	"LEPR"	1.2142334556255	1.1681140937015e-260	2.92449044499107e-256	0.624	0.259	Supplementary Table 2. Marker genes for endothelial cell clusters, related to Figure S2 and Figures 6.	F:/pan-gi-ici-ccc-20260709/GSE205506/supplement/mmc3.xlsx	28AA8BC71620AE3B667D0243891B631DA3B8EB1576108C88463B2F66979EAC80
Endothelial cell markers	MADCAM1+HEV	9	LIFR	"LIFR"	1.12125426186236	5.7734300949585e-200	1.44543595857381e-195	0.804	0.483	Supplementary Table 2. Marker genes for endothelial cell clusters, related to Figure S2 and Figures 6.	F:/pan-gi-ici-ccc-20260709/GSE205506/supplement/mmc3.xlsx	28AA8BC71620AE3B667D0243891B631DA3B8EB1576108C88463B2F66979EAC80
Endothelial cell markers	MADCAM1+HEV	10	CLU	"CLU"	1.0983543512361	9.82890639456491e-215	2.46076500494327e-210	0.913	0.634	Supplementary Table 2. Marker genes for endothelial cell clusters, related to Figure S2 and Figures 6.	F:/pan-gi-ici-ccc-20260709/GSE205506/supplement/mmc3.xlsx	28AA8BC71620AE3B667D0243891B631DA3B8EB1576108C88463B2F66979EAC80
Endothelial cell markers	PLVAP+EC	1	COL4A1	"COL4A1"	3.00071001823725	0	0	0.94	0.497	Supplementary Table 2. Marker genes for endothelial cell clusters, related to Figure S2 and Figures 6.	F:/pan-gi-ici-ccc-20260709/GSE205506/supplement/mmc3.xlsx	28AA8BC71620AE3B667D0243891B631DA3B8EB1576108C88463B2F66979EAC80
Endothelial cell markers	PLVAP+EC	2	COL4A2	"COL4A2"	2.52336440768816	0	0	0.902	0.428	Supplementary Table 2. Marker genes for endothelial cell clusters, related to Figure S2 and Figures 6.	F:/pan-gi-ici-ccc-20260709/GSE205506/supplement/mmc3.xlsx	28AA8BC71620AE3B667D0243891B631DA3B8EB1576108C88463B2F66979EAC80
Endothelial cell markers	PLVAP+EC	3	COL15A1	"COL15A1"	2.45945553929214	0	0	0.925	0.458	Supplementary Table 2. Marker genes for endothelial cell clusters, related to Figure S2 and Figures 6.	F:/pan-gi-ici-ccc-20260709/GSE205506/supplement/mmc3.xlsx	28AA8BC71620AE3B667D0243891B631DA3B8EB1576108C88463B2F66979EAC80
Endothelial cell markers	PLVAP+EC	4	RGCC	"RGCC"	2.38932024460811	0	0	0.788	0.16	Supplementary Table 2. Marker genes for endothelial cell clusters, related to Figure S2 and Figures 6.	F:/pan-gi-ici-ccc-20260709/GSE205506/supplement/mmc3.xlsx	28AA8BC71620AE3B667D0243891B631DA3B8EB1576108C88463B2F66979EAC80
Endothelial cell markers	PLVAP+EC	5	LGALS1	"LGALS1"	2.32146081508176	0	0	0.803	0.355	Supplementary Table 2. Marker genes for endothelial cell clusters, related to Figure S2 and Figures 6.	F:/pan-gi-ici-ccc-20260709/GSE205506/supplement/mmc3.xlsx	28AA8BC71620AE3B667D0243891B631DA3B8EB1576108C88463B2F66979EAC80
Endothelial cell markers	PLVAP+EC	6	IGFBP5	"IGFBP5"	2.24910806640691	0	0	0.286	0.048	Supplementary Table 2. Marker genes for endothelial cell clusters, related to Figure S2 and Figures 6.	F:/pan-gi-ici-ccc-20260709/GSE205506/supplement/mmc3.xlsx	28AA8BC71620AE3B667D0243891B631DA3B8EB1576108C88463B2F66979EAC80
Endothelial cell markers	PLVAP+EC	7	IGFBP3	"IGFBP3"	2.20654101535916	0	0	0.57	0.143	Supplementary Table 2. Marker genes for endothelial cell clusters, related to Figure S2 and Figures 6.	F:/pan-gi-ici-ccc-20260709/GSE205506/supplement/mmc3.xlsx	28AA8BC71620AE3B667D0243891B631DA3B8EB1576108C88463B2F66979EAC80
Endothelial cell markers	PLVAP+EC	8	SPARC	"SPARC"	2.01298051400132	0	0	0.95	0.671	Supplementary Table 2. Marker genes for endothelial cell clusters, related to Figure S2 and Figures 6.	F:/pan-gi-ici-ccc-20260709/GSE205506/supplement/mmc3.xlsx	28AA8BC71620AE3B667D0243891B631DA3B8EB1576108C88463B2F66979EAC80
Endothelial cell markers	PLVAP+EC	9	INSR	"INSR"	1.87944350162549	0	0	0.739	0.304	Supplementary Table 2. Marker genes for endothelial cell clusters, related to Figure S2 and Figures 6.	F:/pan-gi-ici-ccc-20260709/GSE205506/supplement/mmc3.xlsx	28AA8BC71620AE3B667D0243891B631DA3B8EB1576108C88463B2F66979EAC80
Endothelial cell markers	PLVAP+EC	10	SERPINE1	"SERPINE1"	1.84648053086652	8.22432862495958e-259	2.05904291454488e-254	0.467	0.176	Supplementary Table 2. Marker genes for endothelial cell clusters, related to Figure S2 and Figures 6.	F:/pan-gi-ici-ccc-20260709/GSE205506/supplement/mmc3.xlsx	28AA8BC71620AE3B667D0243891B631DA3B8EB1576108C88463B2F66979EAC80
Endothelial cell markers	SYNE2+EC	1	MT-ND1	"MT-ND1"	0.922463140657611	0	0	0.998	0.998	Supplementary Table 2. Marker genes for endothelial cell clusters, related to Figure S2 and Figures 6.	F:/pan-gi-ici-ccc-20260709/GSE205506/supplement/mmc3.xlsx	28AA8BC71620AE3B667D0243891B631DA3B8EB1576108C88463B2F66979EAC80
Endothelial cell markers	SYNE2+EC	2	SYNE2	"SYNE2"	0.905367494471601	9.11823667723849e-117	2.28284173451343e-112	0.716	0.679	Supplementary Table 2. Marker genes for endothelial cell clusters, related to Figure S2 and Figures 6.	F:/pan-gi-ici-ccc-20260709/GSE205506/supplement/mmc3.xlsx	28AA8BC71620AE3B667D0243891B631DA3B8EB1576108C88463B2F66979EAC80
Endothelial cell markers	SYNE2+EC	3	MT-ND4L	"MT-ND4L"	0.903068008716682	1.01439424812476e-47	2.53963743960514e-43	0.611	0.629	Supplementary Table 2. Marker genes for endothelial cell clusters, related to Figure S2 and Figures 6.	F:/pan-gi-ici-ccc-20260709/GSE205506/supplement/mmc3.xlsx	28AA8BC71620AE3B667D0243891B631DA3B8EB1576108C88463B2F66979EAC80
Endothelial cell markers	SYNE2+EC	4	POSTN	"POSTN"	0.896742136013982	7.59870813699783e-35	1.90241256917878e-30	0.401	0.316	Supplementary Table 2. Marker genes for endothelial cell clusters, related to Figure S2 and Figures 6.	F:/pan-gi-ici-ccc-20260709/GSE205506/supplement/mmc3.xlsx	28AA8BC71620AE3B667D0243891B631DA3B8EB1576108C88463B2F66979EAC80
Endothelial cell markers	SYNE2+EC	5	MT-ND3	"MT-ND3"	0.896009605281237	2.1655807372205e-293	5.42174793370525e-289	0.997	0.998	Supplementary Table 2. Marker genes for endothelial cell clusters, related to Figure S2 and Figures 6.	F:/pan-gi-ici-ccc-20260709/GSE205506/supplement/mmc3.xlsx	28AA8BC71620AE3B667D0243891B631DA3B8EB1576108C88463B2F66979EAC80
Endothelial cell markers	SYNE2+EC	6	MT-ND5	"MT-ND5"	0.869507298208478	0	0	0.978	0.985	Supplementary Table 2. Marker genes for endothelial cell clusters, related to Figure S2 and Figures 6.	F:/pan-gi-ici-ccc-20260709/GSE205506/supplement/mmc3.xlsx	28AA8BC71620AE3B667D0243891B631DA3B8EB1576108C88463B2F66979EAC80
Endothelial cell markers	SYNE2+EC	7	MT-ND2	"MT-ND2"	0.853358839336829	0	0	0.993	0.996	Supplementary Table 2. Marker genes for endothelial cell clusters, related to Figure S2 and Figures 6.	F:/pan-gi-ici-ccc-20260709/GSE205506/supplement/mmc3.xlsx	28AA8BC71620AE3B667D0243891B631DA3B8EB1576108C88463B2F66979EAC80
Endothelial cell markers	SYNE2+EC	8	MALAT1	"MALAT1"	0.822266673921707	0	0	0.991	0.997	Supplementary Table 2. Marker genes for endothelial cell clusters, related to Figure S2 and Figures 6.	F:/pan-gi-ici-ccc-20260709/GSE205506/supplement/mmc3.xlsx	28AA8BC71620AE3B667D0243891B631DA3B8EB1576108C88463B2F66979EAC80
Endothelial cell markers	SYNE2+EC	9	MT-ATP6	"MT-ATP6"	0.802622956351106	0	0	1	1	Supplementary Table 2. Marker genes for endothelial cell clusters, related to Figure S2 and Figures 6.	F:/pan-gi-ici-ccc-20260709/GSE205506/supplement/mmc3.xlsx	28AA8BC71620AE3B667D0243891B631DA3B8EB1576108C88463B2F66979EAC80
Endothelial cell markers	SYNE2+EC	10	NKTR	"NKTR"	0.773673724689823	2.61634321661101e-112	6.55027687710732e-108	0.744	0.74	Supplementary Table 2. Marker genes for endothelial cell clusters, related to Figure S2 and Figures 6.	F:/pan-gi-ici-ccc-20260709/GSE205506/supplement/mmc3.xlsx	28AA8BC71620AE3B667D0243891B631DA3B8EB1576108C88463B2F66979EAC80
Fibroblast markers	CCL2+Fibro	1	CXCL14	"CXCL14"	3.58251510960292	5.64592486560713e-294	1.4135137493534e-289	0.328	0.029	Supplementary Table 2. Marker genes for fibroblast clusters,related to Figure S2 and Figures 6.	F:/pan-gi-ici-ccc-20260709/GSE205506/supplement/mmc3.xlsx	28AA8BC71620AE3B667D0243891B631DA3B8EB1576108C88463B2F66979EAC80
Fibroblast markers	CCL2+Fibro	2	ADAMDEC1	"ADAMDEC1"	2.9699316559191	1.69309010426627e-242	4.23882038504104e-238	0.257	0.016	Supplementary Table 2. Marker genes for fibroblast clusters,related to Figure S2 and Figures 6.	F:/pan-gi-ici-ccc-20260709/GSE205506/supplement/mmc3.xlsx	28AA8BC71620AE3B667D0243891B631DA3B8EB1576108C88463B2F66979EAC80
Fibroblast markers	CCL2+Fibro	3	POSTN	"POSTN"	2.87772493691402	0	0	0.578	0.113	Supplementary Table 2. Marker genes for fibroblast clusters,related to Figure S2 and Figures 6.	F:/pan-gi-ici-ccc-20260709/GSE205506/supplement/mmc3.xlsx	28AA8BC71620AE3B667D0243891B631DA3B8EB1576108C88463B2F66979EAC80
Fibroblast markers	CCL2+Fibro	4	CCL11	"CCL11"	2.62986842777479	1.09015082065521e-235	2.72930159459238e-231	0.25	0.015	Supplementary Table 2. Marker genes for fibroblast clusters,related to Figure S2 and Figures 6.	F:/pan-gi-ici-ccc-20260709/GSE205506/supplement/mmc3.xlsx	28AA8BC71620AE3B667D0243891B631DA3B8EB1576108C88463B2F66979EAC80
Fibroblast markers	CCL2+Fibro	5	SOD2	"SOD2"	2.30021830650062	3.53871742717297e-269	8.85953295067026e-265	0.64	0.289	Supplementary Table 2. Marker genes for fibroblast clusters,related to Figure S2 and Figures 6.	F:/pan-gi-ici-ccc-20260709/GSE205506/supplement/mmc3.xlsx	28AA8BC71620AE3B667D0243891B631DA3B8EB1576108C88463B2F66979EAC80
Fibroblast markers	CCL2+Fibro	6	COL3A1	"COL3A1"	2.0238736010035	0	0	0.945	0.654	Supplementary Table 2. Marker genes for fibroblast clusters,related to Figure S2 and Figures 6.	F:/pan-gi-ici-ccc-20260709/GSE205506/supplement/mmc3.xlsx	28AA8BC71620AE3B667D0243891B631DA3B8EB1576108C88463B2F66979EAC80
Fibroblast markers	CCL2+Fibro	7	CTHRC1	"CTHRC1"	1.99315411654805	0	0	0.515	0.136	Supplementary Table 2. Marker genes for fibroblast clusters,related to Figure S2 and Figures 6.	F:/pan-gi-ici-ccc-20260709/GSE205506/supplement/mmc3.xlsx	28AA8BC71620AE3B667D0243891B631DA3B8EB1576108C88463B2F66979EAC80
Fibroblast markers	CCL2+Fibro	8	F3	"F3"	1.88522483551321	2.52215648796009e-172	6.31447098325689e-168	0.359	0.102	Supplementary Table 2. Marker genes for fibroblast clusters,related to Figure S2 and Figures 6.	F:/pan-gi-ici-ccc-20260709/GSE205506/supplement/mmc3.xlsx	28AA8BC71620AE3B667D0243891B631DA3B8EB1576108C88463B2F66979EAC80
Fibroblast markers	CCL2+Fibro	9	COL1A1	"COL1A1"	1.87124987445495	1.16258407893921e-273	2.9106455000322e-269	0.917	0.73	Supplementary Table 2. Marker genes for fibroblast clusters,related to Figure S2 and Figures 6.	F:/pan-gi-ici-ccc-20260709/GSE205506/supplement/mmc3.xlsx	28AA8BC71620AE3B667D0243891B631DA3B8EB1576108C88463B2F66979EAC80
Fibroblast markers	CCL2+Fibro	10	TMEM158	"TMEM158"	1.78809941774291	0	0	0.415	0.043	Supplementary Table 2. Marker genes for fibroblast clusters,related to Figure S2 and Figures 6.	F:/pan-gi-ici-ccc-20260709/GSE205506/supplement/mmc3.xlsx	28AA8BC71620AE3B667D0243891B631DA3B8EB1576108C88463B2F66979EAC80
Fibroblast markers	CXCL12+Fibro	1	CFD	"CFD"	5.89746684739649	0	0	0.864	0.101	Supplementary Table 2. Marker genes for fibroblast clusters,related to Figure S2 and Figures 6.	F:/pan-gi-ici-ccc-20260709/GSE205506/supplement/mmc3.xlsx	28AA8BC71620AE3B667D0243891B631DA3B8EB1576108C88463B2F66979EAC80
Fibroblast markers	CXCL12+Fibro	2	MFAP5	"MFAP5"	4.46429093605895	0	0	0.79	0.057	Supplementary Table 2. Marker genes for fibroblast clusters,related to Figure S2 and Figures 6.	F:/pan-gi-ici-ccc-20260709/GSE205506/supplement/mmc3.xlsx	28AA8BC71620AE3B667D0243891B631DA3B8EB1576108C88463B2F66979EAC80
Fibroblast markers	CXCL12+Fibro	3	SFRP2	"SFRP2"	4.10466557515019	0	0	0.847	0.134	Supplementary Table 2. Marker genes for fibroblast clusters,related to Figure S2 and Figures 6.	F:/pan-gi-ici-ccc-20260709/GSE205506/supplement/mmc3.xlsx	28AA8BC71620AE3B667D0243891B631DA3B8EB1576108C88463B2F66979EAC80
Fibroblast markers	CXCL12+Fibro	4	SLPI	"SLPI"	4.03185293523322	0	0	0.533	0.013	Supplementary Table 2. Marker genes for fibroblast clusters,related to Figure S2 and Figures 6.	F:/pan-gi-ici-ccc-20260709/GSE205506/supplement/mmc3.xlsx	28AA8BC71620AE3B667D0243891B631DA3B8EB1576108C88463B2F66979EAC80
Fibroblast markers	CXCL12+Fibro	5	TNXB	"TNXB"	3.95853614018911	0	0	0.864	0.046	Supplementary Table 2. Marker genes for fibroblast clusters,related to Figure S2 and Figures 6.	F:/pan-gi-ici-ccc-20260709/GSE205506/supplement/mmc3.xlsx	28AA8BC71620AE3B667D0243891B631DA3B8EB1576108C88463B2F66979EAC80
Fibroblast markers	CXCL12+Fibro	6	IGFBP6	"IGFBP6"	3.7406465305704	0	0	0.825	0.265	Supplementary Table 2. Marker genes for fibroblast clusters,related to Figure S2 and Figures 6.	F:/pan-gi-ici-ccc-20260709/GSE205506/supplement/mmc3.xlsx	28AA8BC71620AE3B667D0243891B631DA3B8EB1576108C88463B2F66979EAC80
Fibroblast markers	CXCL12+Fibro	7	DCN	"DCN"	3.43589046217399	0	0	0.981	0.422	Supplementary Table 2. Marker genes for fibroblast clusters,related to Figure S2 and Figures 6.	F:/pan-gi-ici-ccc-20260709/GSE205506/supplement/mmc3.xlsx	28AA8BC71620AE3B667D0243891B631DA3B8EB1576108C88463B2F66979EAC80
Fibroblast markers	CXCL12+Fibro	8	MGP	"MGP"	3.30979995099425	0	0	0.982	0.653	Supplementary Table 2. Marker genes for fibroblast clusters,related to Figure S2 and Figures 6.	F:/pan-gi-ici-ccc-20260709/GSE205506/supplement/mmc3.xlsx	28AA8BC71620AE3B667D0243891B631DA3B8EB1576108C88463B2F66979EAC80
Fibroblast markers	CXCL12+Fibro	9	SFRP1	"SFRP1"	3.16165418253275	0	0	0.713	0.019	Supplementary Table 2. Marker genes for fibroblast clusters,related to Figure S2 and Figures 6.	F:/pan-gi-ici-ccc-20260709/GSE205506/supplement/mmc3.xlsx	28AA8BC71620AE3B667D0243891B631DA3B8EB1576108C88463B2F66979EAC80
Fibroblast markers	CXCL12+Fibro	10	FBLN1	"FBLN1"	3.15744970283003	0	0	0.96	0.323	Supplementary Table 2. Marker genes for fibroblast clusters,related to Figure S2 and Figures 6.	F:/pan-gi-ici-ccc-20260709/GSE205506/supplement/mmc3.xlsx	28AA8BC71620AE3B667D0243891B631DA3B8EB1576108C88463B2F66979EAC80
Fibroblast markers	Myofibroblast	1	MYH11	"MYH11"	3.90981449384541	0	0	0.869	0.07	Supplementary Table 2. Marker genes for fibroblast clusters,related to Figure S2 and Figures 6.	F:/pan-gi-ici-ccc-20260709/GSE205506/supplement/mmc3.xlsx	28AA8BC71620AE3B667D0243891B631DA3B8EB1576108C88463B2F66979EAC80
Fibroblast markers	Myofibroblast	2	ACTA2	"ACTA2"	3.79020071539692	0	0	0.976	0.364	Supplementary Table 2. Marker genes for fibroblast clusters,related to Figure S2 and Figures 6.	F:/pan-gi-ici-ccc-20260709/GSE205506/supplement/mmc3.xlsx	28AA8BC71620AE3B667D0243891B631DA3B8EB1576108C88463B2F66979EAC80
Fibroblast markers	Myofibroblast	3	ADIRF	"ADIRF"	3.58187651923908	0	0	0.89	0.242	Supplementary Table 2. Marker genes for fibroblast clusters,related to Figure S2 and Figures 6.	F:/pan-gi-ici-ccc-20260709/GSE205506/supplement/mmc3.xlsx	28AA8BC71620AE3B667D0243891B631DA3B8EB1576108C88463B2F66979EAC80
Fibroblast markers	Myofibroblast	4	RERGL	"RERGL"	3.57898558501241	0	0	0.615	0.01	Supplementary Table 2. Marker genes for fibroblast clusters,related to Figure S2 and Figures 6.	F:/pan-gi-ici-ccc-20260709/GSE205506/supplement/mmc3.xlsx	28AA8BC71620AE3B667D0243891B631DA3B8EB1576108C88463B2F66979EAC80
Fibroblast markers	Myofibroblast	5	MCAM	"MCAM"	3.51296667912468	0	0	0.927	0.065	Supplementary Table 2. Marker genes for fibroblast clusters,related to Figure S2 and Figures 6.	F:/pan-gi-ici-ccc-20260709/GSE205506/supplement/mmc3.xlsx	28AA8BC71620AE3B667D0243891B631DA3B8EB1576108C88463B2F66979EAC80
Fibroblast markers	Myofibroblast	6	TAGLN	"TAGLN"	3.16048619266527	0	0	0.961	0.413	Supplementary Table 2. Marker genes for fibroblast clusters,related to Figure S2 and Figures 6.	F:/pan-gi-ici-ccc-20260709/GSE205506/supplement/mmc3.xlsx	28AA8BC71620AE3B667D0243891B631DA3B8EB1576108C88463B2F66979EAC80
Fibroblast markers	Myofibroblast	7	PLN	"PLN"	3.00513126683177	0	0	0.721	0.071	Supplementary Table 2. Marker genes for fibroblast clusters,related to Figure S2 and Figures 6.	F:/pan-gi-ici-ccc-20260709/GSE205506/supplement/mmc3.xlsx	28AA8BC71620AE3B667D0243891B631DA3B8EB1576108C88463B2F66979EAC80
Fibroblast markers	Myofibroblast	8	MYL9	"MYL9"	2.71431595511598	0	0	0.972	0.615	Supplementary Table 2. Marker genes for fibroblast clusters,related to Figure S2 and Figures 6.	F:/pan-gi-ici-ccc-20260709/GSE205506/supplement/mmc3.xlsx	28AA8BC71620AE3B667D0243891B631DA3B8EB1576108C88463B2F66979EAC80
Fibroblast markers	Myofibroblast	9	TINAGL1	"TINAGL1"	2.57917971915717	0	0	0.769	0.031	Supplementary Table 2. Marker genes for fibroblast clusters,related to Figure S2 and Figures 6.	F:/pan-gi-ici-ccc-20260709/GSE205506/supplement/mmc3.xlsx	28AA8BC71620AE3B667D0243891B631DA3B8EB1576108C88463B2F66979EAC80
Fibroblast markers	Myofibroblast	10	TPM2	"TPM2"	2.55175172794431	0	0	0.962	0.562	Supplementary Table 2. Marker genes for fibroblast clusters,related to Figure S2 and Figures 6.	F:/pan-gi-ici-ccc-20260709/GSE205506/supplement/mmc3.xlsx	28AA8BC71620AE3B667D0243891B631DA3B8EB1576108C88463B2F66979EAC80
Myeloid cell markers	CALHM6+Mac	1	CXCL10	"CXCL10"	1.9210695588512	9.25301171422108e-29	2.31658401277239e-24	0.258	0.141	Supplementary Table 2. Marker genes for myeloid cell clusters, related to Figure S2 and Figures 5.	F:/pan-gi-ici-ccc-20260709/GSE205506/supplement/mmc3.xlsx	28AA8BC71620AE3B667D0243891B631DA3B8EB1576108C88463B2F66979EAC80
Myeloid cell markers	CALHM6+Mac	2	CCL2	"CCL2"	1.10931988101008	6.72493653815618e-13	1.68365511169278e-08	0.281	0.193	Supplementary Table 2. Marker genes for myeloid cell clusters, related to Figure S2 and Figures 5.	F:/pan-gi-ici-ccc-20260709/GSE205506/supplement/mmc3.xlsx	28AA8BC71620AE3B667D0243891B631DA3B8EB1576108C88463B2F66979EAC80
Myeloid cell markers	CALHM6+Mac	3	GBP1	"GBP1"	0.807889702136821	2.25606806270712e-33	5.64829200179355e-29	0.601	0.435	Supplementary Table 2. Marker genes for myeloid cell clusters, related to Figure S2 and Figures 5.	F:/pan-gi-ici-ccc-20260709/GSE205506/supplement/mmc3.xlsx	28AA8BC71620AE3B667D0243891B631DA3B8EB1576108C88463B2F66979EAC80
Myeloid cell markers	CALHM6+Mac	4	GPR183	"GPR183"	0.777843146601887	4.07047882185761e-73	1.01908507784027e-68	0.672	0.42	Supplementary Table 2. Marker genes for myeloid cell clusters, related to Figure S2 and Figures 5.	F:/pan-gi-ici-ccc-20260709/GSE205506/supplement/mmc3.xlsx	28AA8BC71620AE3B667D0243891B631DA3B8EB1576108C88463B2F66979EAC80
Myeloid cell markers	CALHM6+Mac	5	CALHM6	"CALHM6"	0.766140460423232	1.77841151807967e-83	4.45243107666427e-79	0.691	0.4	Supplementary Table 2. Marker genes for myeloid cell clusters, related to Figure S2 and Figures 5.	F:/pan-gi-ici-ccc-20260709/GSE205506/supplement/mmc3.xlsx	28AA8BC71620AE3B667D0243891B631DA3B8EB1576108C88463B2F66979EAC80
Myeloid cell markers	CALHM6+Mac	6	DUSP1	"DUSP1"	0.674337324897226	7.11870741073345e-67	1.78223958735123e-62	0.946	0.818	Supplementary Table 2. Marker genes for myeloid cell clusters, related to Figure S2 and Figures 5.	F:/pan-gi-ici-ccc-20260709/GSE205506/supplement/mmc3.xlsx	28AA8BC71620AE3B667D0243891B631DA3B8EB1576108C88463B2F66979EAC80
Myeloid cell markers	CALHM6+Mac	7	CLEC5A	"CLEC5A"	0.645592261028974	1.06845119286218e-72	2.67497440644975e-68	0.374	0.152	Supplementary Table 2. Marker genes for myeloid cell clusters, related to Figure S2 and Figures 5.	F:/pan-gi-ici-ccc-20260709/GSE205506/supplement/mmc3.xlsx	28AA8BC71620AE3B667D0243891B631DA3B8EB1576108C88463B2F66979EAC80
Myeloid cell markers	CALHM6+Mac	8	ALOX5AP	"ALOX5AP"	0.611460807770862	2.66928929278611e-44	6.68283267341931e-40	0.664	0.468	Supplementary Table 2. Marker genes for myeloid cell clusters, related to Figure S2 and Figures 5.	F:/pan-gi-ici-ccc-20260709/GSE205506/supplement/mmc3.xlsx	28AA8BC71620AE3B667D0243891B631DA3B8EB1576108C88463B2F66979EAC80
Myeloid cell markers	CALHM6+Mac	9	ATF3	"ATF3"	0.607438198555773	1.74317101941171e-45	4.36420296419915e-41	0.558	0.352	Supplementary Table 2. Marker genes for myeloid cell clusters, related to Figure S2 and Figures 5.	F:/pan-gi-ici-ccc-20260709/GSE205506/supplement/mmc3.xlsx	28AA8BC71620AE3B667D0243891B631DA3B8EB1576108C88463B2F66979EAC80
Myeloid cell markers	CALHM6+Mac	10	GBP5	"GBP5"	0.597978356190827	1.26117238671264e-24	3.15747118737378e-20	0.402	0.267	Supplementary Table 2. Marker genes for myeloid cell clusters, related to Figure S2 and Figures 5.	F:/pan-gi-ici-ccc-20260709/GSE205506/supplement/mmc3.xlsx	28AA8BC71620AE3B667D0243891B631DA3B8EB1576108C88463B2F66979EAC80
Myeloid cell markers	CCL19+mDC	1	CCL19	"CCL19"	4.22015862989477	0	0	0.686	0.038	Supplementary Table 2. Marker genes for myeloid cell clusters, related to Figure S2 and Figures 5.	F:/pan-gi-ici-ccc-20260709/GSE205506/supplement/mmc3.xlsx	28AA8BC71620AE3B667D0243891B631DA3B8EB1576108C88463B2F66979EAC80
Myeloid cell markers	CCL19+mDC	2	BIRC3	"BIRC3"	4.03390437346797	8.22453012319481e-182	2.05909336164305e-177	0.957	0.251	Supplementary Table 2. Marker genes for myeloid cell clusters, related to Figure S2 and Figures 5.	F:/pan-gi-ici-ccc-20260709/GSE205506/supplement/mmc3.xlsx	28AA8BC71620AE3B667D0243891B631DA3B8EB1576108C88463B2F66979EAC80
Myeloid cell markers	CCL19+mDC	3	FSCN1	"FSCN1"	3.67205360265763	5.40824710408402e-282	1.35400874497847e-277	0.816	0.089	Supplementary Table 2. Marker genes for myeloid cell clusters, related to Figure S2 and Figures 5.	F:/pan-gi-ici-ccc-20260709/GSE205506/supplement/mmc3.xlsx	28AA8BC71620AE3B667D0243891B631DA3B8EB1576108C88463B2F66979EAC80
Myeloid cell markers	CCL19+mDC	4	TXN	"TXN"	3.56139514956854	1.4768317778211e-83	3.69739603895289e-79	0.937	0.723	Supplementary Table 2. Marker genes for myeloid cell clusters, related to Figure S2 and Figures 5.	F:/pan-gi-ici-ccc-20260709/GSE205506/supplement/mmc3.xlsx	28AA8BC71620AE3B667D0243891B631DA3B8EB1576108C88463B2F66979EAC80
Myeloid cell markers	CCL19+mDC	5	CCL17	"CCL17"	3.41580899480708	1.04012815539882e-256	2.60406484985649e-252	0.348	0.01	Supplementary Table 2. Marker genes for myeloid cell clusters, related to Figure S2 and Figures 5.	F:/pan-gi-ici-ccc-20260709/GSE205506/supplement/mmc3.xlsx	28AA8BC71620AE3B667D0243891B631DA3B8EB1576108C88463B2F66979EAC80
Myeloid cell markers	CCL19+mDC	6	CCL22	"CCL22"	3.24287760077537	0	0	0.556	0.007	Supplementary Table 2. Marker genes for myeloid cell clusters, related to Figure S2 and Figures 5.	F:/pan-gi-ici-ccc-20260709/GSE205506/supplement/mmc3.xlsx	28AA8BC71620AE3B667D0243891B631DA3B8EB1576108C88463B2F66979EAC80
Myeloid cell markers	CCL19+mDC	7	CCR7	"CCR7"	3.17520300921671	0	0	0.807	0.008	Supplementary Table 2. Marker genes for myeloid cell clusters, related to Figure S2 and Figures 5.	F:/pan-gi-ici-ccc-20260709/GSE205506/supplement/mmc3.xlsx	28AA8BC71620AE3B667D0243891B631DA3B8EB1576108C88463B2F66979EAC80
Myeloid cell markers	CCL19+mDC	8	LAMP3	"LAMP3"	3.16233087641322	0	0	0.821	0.036	Supplementary Table 2. Marker genes for myeloid cell clusters, related to Figure S2 and Figures 5.	F:/pan-gi-ici-ccc-20260709/GSE205506/supplement/mmc3.xlsx	28AA8BC71620AE3B667D0243891B631DA3B8EB1576108C88463B2F66979EAC80
Myeloid cell markers	CCL19+mDC	9	MARCKSL1	"MARCKSL1"	3.04259932237143	2.17924370106427e-104	5.45595452998451e-100	0.807	0.281	Supplementary Table 2. Marker genes for myeloid cell clusters, related to Figure S2 and Figures 5.	F:/pan-gi-ici-ccc-20260709/GSE205506/supplement/mmc3.xlsx	28AA8BC71620AE3B667D0243891B631DA3B8EB1576108C88463B2F66979EAC80
Myeloid cell markers	CCL19+mDC	10	EBI3	"EBI3"	2.69793490603933	7.82470959195008e-146	1.95899429344062e-141	0.594	0.088	Supplementary Table 2. Marker genes for myeloid cell clusters, related to Figure S2 and Figures 5.	F:/pan-gi-ici-ccc-20260709/GSE205506/supplement/mmc3.xlsx	28AA8BC71620AE3B667D0243891B631DA3B8EB1576108C88463B2F66979EAC80
Myeloid cell markers	CD1C+cDC	1	DNASE1L3	"DNASE1L3"	1.86550080377008	5.01254799826014e-161	1.25494151684441e-156	0.317	0.04	Supplementary Table 2. Marker genes for myeloid cell clusters, related to Figure S2 and Figures 5.	F:/pan-gi-ici-ccc-20260709/GSE205506/supplement/mmc3.xlsx	28AA8BC71620AE3B667D0243891B631DA3B8EB1576108C88463B2F66979EAC80
Myeloid cell markers	CD1C+cDC	2	FCER1A	"FCER1A"	1.79094735059636	0	0	0.329	0.013	Supplementary Table 2. Marker genes for myeloid cell clusters, related to Figure S2 and Figures 5.	F:/pan-gi-ici-ccc-20260709/GSE205506/supplement/mmc3.xlsx	28AA8BC71620AE3B667D0243891B631DA3B8EB1576108C88463B2F66979EAC80
Myeloid cell markers	CD1C+cDC	3	CLEC10A	"CLEC10A"	1.76377236451085	4.41139132584752e-106	1.10443593233919e-101	0.66	0.341	Supplementary Table 2. Marker genes for myeloid cell clusters, related to Figure S2 and Figures 5.	F:/pan-gi-ici-ccc-20260709/GSE205506/supplement/mmc3.xlsx	28AA8BC71620AE3B667D0243891B631DA3B8EB1576108C88463B2F66979EAC80
Myeloid cell markers	CD1C+cDC	4	CD1C	"CD1C"	1.71246507495622	4.22690117358052e-247	1.05824697781762e-242	0.443	0.056	Supplementary Table 2. Marker genes for myeloid cell clusters, related to Figure S2 and Figures 5.	F:/pan-gi-ici-ccc-20260709/GSE205506/supplement/mmc3.xlsx	28AA8BC71620AE3B667D0243891B631DA3B8EB1576108C88463B2F66979EAC80
Myeloid cell markers	CD1C+cDC	5	LTB	"LTB"	1.60785242639674	7.75013521179216e-113	1.94032385162429e-108	0.398	0.099	Supplementary Table 2. Marker genes for myeloid cell clusters, related to Figure S2 and Figures 5.	F:/pan-gi-ici-ccc-20260709/GSE205506/supplement/mmc3.xlsx	28AA8BC71620AE3B667D0243891B631DA3B8EB1576108C88463B2F66979EAC80
Myeloid cell markers	CD1C+cDC	6	CD1E	"CD1E"	1.59635153376468	8.83935227793283e-198	2.21302023630326e-193	0.42	0.064	Supplementary Table 2. Marker genes for myeloid cell clusters, related to Figure S2 and Figures 5.	F:/pan-gi-ici-ccc-20260709/GSE205506/supplement/mmc3.xlsx	28AA8BC71620AE3B667D0243891B631DA3B8EB1576108C88463B2F66979EAC80
Myeloid cell markers	CD1C+cDC	7	PPA1	"PPA1"	1.42488738386106	6.96494774146421e-121	1.74374431655298e-116	0.807	0.482	Supplementary Table 2. Marker genes for myeloid cell clusters, related to Figure S2 and Figures 5.	F:/pan-gi-ici-ccc-20260709/GSE205506/supplement/mmc3.xlsx	28AA8BC71620AE3B667D0243891B631DA3B8EB1576108C88463B2F66979EAC80
Myeloid cell markers	CD1C+cDC	8	LGALS2	"LGALS2"	1.32153160731828	7.47482212792273e-106	1.87139646794674e-101	0.723	0.376	Supplementary Table 2. Marker genes for myeloid cell clusters, related to Figure S2 and Figures 5.	F:/pan-gi-ici-ccc-20260709/GSE205506/supplement/mmc3.xlsx	28AA8BC71620AE3B667D0243891B631DA3B8EB1576108C88463B2F66979EAC80
Myeloid cell markers	CD1C+cDC	9	JAML	"JAML"	1.3167665315662	1.67993242029078e-121	4.20587880744e-117	0.773	0.423	Supplementary Table 2. Marker genes for myeloid cell clusters, related to Figure S2 and Figures 5.	F:/pan-gi-ici-ccc-20260709/GSE205506/supplement/mmc3.xlsx	28AA8BC71620AE3B667D0243891B631DA3B8EB1576108C88463B2F66979EAC80
Myeloid cell markers	CD1C+cDC	10	RUNX3	"RUNX3"	1.28036107875053	5.317357485913e-94	1.33125362017318e-89	0.438	0.141	Supplementary Table 2. Marker genes for myeloid cell clusters, related to Figure S2 and Figures 5.	F:/pan-gi-ici-ccc-20260709/GSE205506/supplement/mmc3.xlsx	28AA8BC71620AE3B667D0243891B631DA3B8EB1576108C88463B2F66979EAC80
Myeloid cell markers	FCN1+Mono	1	S100A8	"S100A8"	3.03925243640935	0	0	0.933	0.385	Supplementary Table 2. Marker genes for myeloid cell clusters, related to Figure S2 and Figures 5.	F:/pan-gi-ici-ccc-20260709/GSE205506/supplement/mmc3.xlsx	28AA8BC71620AE3B667D0243891B631DA3B8EB1576108C88463B2F66979EAC80
Myeloid cell markers	FCN1+Mono	2	S100A9	"S100A9"	2.62145396609036	3.72272471129447e-307	9.32021358719685e-303	0.975	0.646	Supplementary Table 2. Marker genes for myeloid cell clusters, related to Figure S2 and Figures 5.	F:/pan-gi-ici-ccc-20260709/GSE205506/supplement/mmc3.xlsx	28AA8BC71620AE3B667D0243891B631DA3B8EB1576108C88463B2F66979EAC80
Myeloid cell markers	FCN1+Mono	3	S100A12	"S100A12"	2.55312764671565	0	0	0.703	0.131	Supplementary Table 2. Marker genes for myeloid cell clusters, related to Figure S2 and Figures 5.	F:/pan-gi-ici-ccc-20260709/GSE205506/supplement/mmc3.xlsx	28AA8BC71620AE3B667D0243891B631DA3B8EB1576108C88463B2F66979EAC80
Myeloid cell markers	FCN1+Mono	4	VCAN	"VCAN"	2.53315932116084	0	0	0.886	0.251	Supplementary Table 2. Marker genes for myeloid cell clusters, related to Figure S2 and Figures 5.	F:/pan-gi-ici-ccc-20260709/GSE205506/supplement/mmc3.xlsx	28AA8BC71620AE3B667D0243891B631DA3B8EB1576108C88463B2F66979EAC80
Myeloid cell markers	FCN1+Mono	5	FCN1	"FCN1"	2.27439858782589	0	0	0.965	0.371	Supplementary Table 2. Marker genes for myeloid cell clusters, related to Figure S2 and Figures 5.	F:/pan-gi-ici-ccc-20260709/GSE205506/supplement/mmc3.xlsx	28AA8BC71620AE3B667D0243891B631DA3B8EB1576108C88463B2F66979EAC80
Myeloid cell markers	FCN1+Mono	6	MNDA	"MNDA"	1.77851858009539	1.74958560683724e-255	4.38026252527771e-251	0.931	0.659	Supplementary Table 2. Marker genes for myeloid cell clusters, related to Figure S2 and Figures 5.	F:/pan-gi-ici-ccc-20260709/GSE205506/supplement/mmc3.xlsx	28AA8BC71620AE3B667D0243891B631DA3B8EB1576108C88463B2F66979EAC80
Myeloid cell markers	FCN1+Mono	7	CD55	"CD55"	1.58034773159138	6.69738128387829e-168	1.67675637823177e-163	0.708	0.349	Supplementary Table 2. Marker genes for myeloid cell clusters, related to Figure S2 and Figures 5.	F:/pan-gi-ici-ccc-20260709/GSE205506/supplement/mmc3.xlsx	28AA8BC71620AE3B667D0243891B631DA3B8EB1576108C88463B2F66979EAC80
Myeloid cell markers	FCN1+Mono	8	CLEC12A	"CLEC12A"	1.37888762219419	1.78026551049053e-139	4.45707273206409e-135	0.693	0.374	Supplementary Table 2. Marker genes for myeloid cell clusters, related to Figure S2 and Figures 5.	F:/pan-gi-ici-ccc-20260709/GSE205506/supplement/mmc3.xlsx	28AA8BC71620AE3B667D0243891B631DA3B8EB1576108C88463B2F66979EAC80
Myeloid cell markers	FCN1+Mono	9	CFP	"CFP"	1.36503531531237	5.77294236492133e-221	1.4453138504817e-216	0.67	0.214	Supplementary Table 2. Marker genes for myeloid cell clusters, related to Figure S2 and Figures 5.	F:/pan-gi-ici-ccc-20260709/GSE205506/supplement/mmc3.xlsx	28AA8BC71620AE3B667D0243891B631DA3B8EB1576108C88463B2F66979EAC80
Myeloid cell markers	FCN1+Mono	10	CSF3R	"CSF3R"	1.34460771618711	3.97859138686289e-155	9.96080139614993e-151	0.601	0.249	Supplementary Table 2. Marker genes for myeloid cell clusters, related to Figure S2 and Figures 5.	F:/pan-gi-ici-ccc-20260709/GSE205506/supplement/mmc3.xlsx	28AA8BC71620AE3B667D0243891B631DA3B8EB1576108C88463B2F66979EAC80
Myeloid cell markers	FOLR2+Mac	1	SELENOP	"SELENOP"	2.76553775854635	0	0	0.832	0.168	Supplementary Table 2. Marker genes for myeloid cell clusters, related to Figure S2 and Figures 5.	F:/pan-gi-ici-ccc-20260709/GSE205506/supplement/mmc3.xlsx	28AA8BC71620AE3B667D0243891B631DA3B8EB1576108C88463B2F66979EAC80
Myeloid cell markers	FOLR2+Mac	2	RNASE1	"RNASE1"	2.22948476854106	0	0	0.742	0.241	Supplementary Table 2. Marker genes for myeloid cell clusters, related to Figure S2 and Figures 5.	F:/pan-gi-ici-ccc-20260709/GSE205506/supplement/mmc3.xlsx	28AA8BC71620AE3B667D0243891B631DA3B8EB1576108C88463B2F66979EAC80
Myeloid cell markers	FOLR2+Mac	3	FOLR2	"FOLR2"	2.05896045889465	0	0	0.77	0.208	Supplementary Table 2. Marker genes for myeloid cell clusters, related to Figure S2 and Figures 5.	F:/pan-gi-ici-ccc-20260709/GSE205506/supplement/mmc3.xlsx	28AA8BC71620AE3B667D0243891B631DA3B8EB1576108C88463B2F66979EAC80
Myeloid cell markers	FOLR2+Mac	4	C1QA	"C1QA"	1.89592890437637	0	0	0.994	0.441	Supplementary Table 2. Marker genes for myeloid cell clusters, related to Figure S2 and Figures 5.	F:/pan-gi-ici-ccc-20260709/GSE205506/supplement/mmc3.xlsx	28AA8BC71620AE3B667D0243891B631DA3B8EB1576108C88463B2F66979EAC80
Myeloid cell markers	FOLR2+Mac	5	C1QC	"C1QC"	1.85777306494439	0	0	0.984	0.396	Supplementary Table 2. Marker genes for myeloid cell clusters, related to Figure S2 and Figures 5.	F:/pan-gi-ici-ccc-20260709/GSE205506/supplement/mmc3.xlsx	28AA8BC71620AE3B667D0243891B631DA3B8EB1576108C88463B2F66979EAC80
Myeloid cell markers	FOLR2+Mac	6	C1QB	"C1QB"	1.8424747581949	0	0	0.985	0.415	Supplementary Table 2. Marker genes for myeloid cell clusters, related to Figure S2 and Figures 5.	F:/pan-gi-ici-ccc-20260709/GSE205506/supplement/mmc3.xlsx	28AA8BC71620AE3B667D0243891B631DA3B8EB1576108C88463B2F66979EAC80
Myeloid cell markers	FOLR2+Mac	7	SLC40A1	"SLC40A1"	1.83997167528461	0	0	0.65	0.126	Supplementary Table 2. Marker genes for myeloid cell clusters, related to Figure S2 and Figures 5.	F:/pan-gi-ici-ccc-20260709/GSE205506/supplement/mmc3.xlsx	28AA8BC71620AE3B667D0243891B631DA3B8EB1576108C88463B2F66979EAC80
Myeloid cell markers	FOLR2+Mac	8	MS4A4A	"MS4A4A"	1.58941001455381	0	0	0.809	0.351	Supplementary Table 2. Marker genes for myeloid cell clusters, related to Figure S2 and Figures 5.	F:/pan-gi-ici-ccc-20260709/GSE205506/supplement/mmc3.xlsx	28AA8BC71620AE3B667D0243891B631DA3B8EB1576108C88463B2F66979EAC80
Myeloid cell markers	FOLR2+Mac	9	SLCO2B1	"SLCO2B1"	1.58886713805783	0	0	0.811	0.26	Supplementary Table 2. Marker genes for myeloid cell clusters, related to Figure S2 and Figures 5.	F:/pan-gi-ici-ccc-20260709/GSE205506/supplement/mmc3.xlsx	28AA8BC71620AE3B667D0243891B631DA3B8EB1576108C88463B2F66979EAC80
Myeloid cell markers	FOLR2+Mac	10	A2M	"A2M"	1.56237379752561	0	0	0.845	0.298	Supplementary Table 2. Marker genes for myeloid cell clusters, related to Figure S2 and Figures 5.	F:/pan-gi-ici-ccc-20260709/GSE205506/supplement/mmc3.xlsx	28AA8BC71620AE3B667D0243891B631DA3B8EB1576108C88463B2F66979EAC80
Myeloid cell markers	IL1B+Mono	1	CCL20	"CCL20"	4.84051883422234	4.06526226631804e-277	1.01777906099539e-272	0.359	0.038	Supplementary Table 2. Marker genes for myeloid cell clusters, related to Figure S2 and Figures 5.	F:/pan-gi-ici-ccc-20260709/GSE205506/supplement/mmc3.xlsx	28AA8BC71620AE3B667D0243891B631DA3B8EB1576108C88463B2F66979EAC80
Myeloid cell markers	IL1B+Mono	2	CXCL8	"CXCL8"	4.46571132814873	7.68399593480517e-272	1.92376522223782e-267	0.66	0.216	Supplementary Table 2. Marker genes for myeloid cell clusters, related to Figure S2 and Figures 5.	F:/pan-gi-ici-ccc-20260709/GSE205506/supplement/mmc3.xlsx	28AA8BC71620AE3B667D0243891B631DA3B8EB1576108C88463B2F66979EAC80
Myeloid cell markers	IL1B+Mono	3	IL1B	"IL1B"	4.06443774509025	0	0	0.878	0.233	Supplementary Table 2. Marker genes for myeloid cell clusters, related to Figure S2 and Figures 5.	F:/pan-gi-ici-ccc-20260709/GSE205506/supplement/mmc3.xlsx	28AA8BC71620AE3B667D0243891B631DA3B8EB1576108C88463B2F66979EAC80
Myeloid cell markers	IL1B+Mono	4	PTGS2	"PTGS2"	3.82297737607019	0	0	0.613	0.109	Supplementary Table 2. Marker genes for myeloid cell clusters, related to Figure S2 and Figures 5.	F:/pan-gi-ici-ccc-20260709/GSE205506/supplement/mmc3.xlsx	28AA8BC71620AE3B667D0243891B631DA3B8EB1576108C88463B2F66979EAC80
Myeloid cell markers	IL1B+Mono	5	TIMP1	"TIMP1"	3.61012117414771	0	0	0.975	0.73	Supplementary Table 2. Marker genes for myeloid cell clusters, related to Figure S2 and Figures 5.	F:/pan-gi-ici-ccc-20260709/GSE205506/supplement/mmc3.xlsx	28AA8BC71620AE3B667D0243891B631DA3B8EB1576108C88463B2F66979EAC80
Myeloid cell markers	IL1B+Mono	6	CCL3L1	"CCL3L1"	3.42434390583593	6.23250003239053e-93	1.56036870810929e-88	0.521	0.289	Supplementary Table 2. Marker genes for myeloid cell clusters, related to Figure S2 and Figures 5.	F:/pan-gi-ici-ccc-20260709/GSE205506/supplement/mmc3.xlsx	28AA8BC71620AE3B667D0243891B631DA3B8EB1576108C88463B2F66979EAC80
Myeloid cell markers	IL1B+Mono	7	CXCL3	"CXCL3"	3.41873315498528	1.99572258292582e-101	4.9964910586131e-97	0.355	0.122	Supplementary Table 2. Marker genes for myeloid cell clusters, related to Figure S2 and Figures 5.	F:/pan-gi-ici-ccc-20260709/GSE205506/supplement/mmc3.xlsx	28AA8BC71620AE3B667D0243891B631DA3B8EB1576108C88463B2F66979EAC80
Myeloid cell markers	IL1B+Mono	8	G0S2	"G0S2"	3.12047112594491	2.16359026663812e-274	5.4167645915552e-270	0.553	0.129	Supplementary Table 2. Marker genes for myeloid cell clusters, related to Figure S2 and Figures 5.	F:/pan-gi-ici-ccc-20260709/GSE205506/supplement/mmc3.xlsx	28AA8BC71620AE3B667D0243891B631DA3B8EB1576108C88463B2F66979EAC80
Myeloid cell markers	IL1B+Mono	9	CCL4	"CCL4"	2.97821330092113	2.99178356012064e-30	7.49022932111804e-26	0.375	0.26	Supplementary Table 2. Marker genes for myeloid cell clusters, related to Figure S2 and Figures 5.	F:/pan-gi-ici-ccc-20260709/GSE205506/supplement/mmc3.xlsx	28AA8BC71620AE3B667D0243891B631DA3B8EB1576108C88463B2F66979EAC80
Myeloid cell markers	IL1B+Mono	10	CCL4L2	"CCL4L2"	2.93760136570012	9.03126922282697e-18	2.26106856262696e-13	0.317	0.237	Supplementary Table 2. Marker genes for myeloid cell clusters, related to Figure S2 and Figures 5.	F:/pan-gi-ici-ccc-20260709/GSE205506/supplement/mmc3.xlsx	28AA8BC71620AE3B667D0243891B631DA3B8EB1576108C88463B2F66979EAC80
Myeloid cell markers	LILR4A+pDC	1	GZMB	"GZMB"	5.78206897288703	0	0	0.984	0.011	Supplementary Table 2. Marker genes for myeloid cell clusters, related to Figure S2 and Figures 5.	F:/pan-gi-ici-ccc-20260709/GSE205506/supplement/mmc3.xlsx	28AA8BC71620AE3B667D0243891B631DA3B8EB1576108C88463B2F66979EAC80
Myeloid cell markers	LILR4A+pDC	2	PTGDS	"PTGDS"	4.39559579341112	7.44829144701723e-57	1.86475424667523e-52	0.492	0.051	Supplementary Table 2. Marker genes for myeloid cell clusters, related to Figure S2 and Figures 5.	F:/pan-gi-ici-ccc-20260709/GSE205506/supplement/mmc3.xlsx	28AA8BC71620AE3B667D0243891B631DA3B8EB1576108C88463B2F66979EAC80
Myeloid cell markers	LILR4A+pDC	3	JCHAIN	"JCHAIN"	3.61701626205769	1.0475369319675e-55	2.62261346287384e-51	0.937	0.267	Supplementary Table 2. Marker genes for myeloid cell clusters, related to Figure S2 and Figures 5.	F:/pan-gi-ici-ccc-20260709/GSE205506/supplement/mmc3.xlsx	28AA8BC71620AE3B667D0243891B631DA3B8EB1576108C88463B2F66979EAC80
Myeloid cell markers	LILR4A+pDC	4	IRF7	"IRF7"	3.3138613198432	1.06254863253586e-63	2.66019675641677e-59	0.952	0.234	Supplementary Table 2. Marker genes for myeloid cell clusters, related to Figure S2 and Figures 5.	F:/pan-gi-ici-ccc-20260709/GSE205506/supplement/mmc3.xlsx	28AA8BC71620AE3B667D0243891B631DA3B8EB1576108C88463B2F66979EAC80
Myeloid cell markers	LILR4A+pDC	5	CLIC3	"CLIC3"	3.25500151132875	0	0	0.841	0.009	Supplementary Table 2. Marker genes for myeloid cell clusters, related to Figure S2 and Figures 5.	F:/pan-gi-ici-ccc-20260709/GSE205506/supplement/mmc3.xlsx	28AA8BC71620AE3B667D0243891B631DA3B8EB1576108C88463B2F66979EAC80
Myeloid cell markers	LILR4A+pDC	6	BCL11A	"BCL11A"	3.22542525746934	1.24776459859717e-94	3.12390344904788e-90	0.937	0.13	Supplementary Table 2. Marker genes for myeloid cell clusters, related to Figure S2 and Figures 5.	F:/pan-gi-ici-ccc-20260709/GSE205506/supplement/mmc3.xlsx	28AA8BC71620AE3B667D0243891B631DA3B8EB1576108C88463B2F66979EAC80
Myeloid cell markers	LILR4A+pDC	7	TSPAN13	"TSPAN13"	3.18171826578128	0	0	0.873	0.025	Supplementary Table 2. Marker genes for myeloid cell clusters, related to Figure S2 and Figures 5.	F:/pan-gi-ici-ccc-20260709/GSE205506/supplement/mmc3.xlsx	28AA8BC71620AE3B667D0243891B631DA3B8EB1576108C88463B2F66979EAC80
Myeloid cell markers	LILR4A+pDC	8	TCF4	"TCF4"	3.06274483135534	2.88882495034444e-45	7.23246214568234e-41	0.952	0.377	Supplementary Table 2. Marker genes for myeloid cell clusters, related to Figure S2 and Figures 5.	F:/pan-gi-ici-ccc-20260709/GSE205506/supplement/mmc3.xlsx	28AA8BC71620AE3B667D0243891B631DA3B8EB1576108C88463B2F66979EAC80
Myeloid cell markers	LILR4A+pDC	9	ITM2C	"ITM2C"	2.99585471229533	1.56298970947886e-120	3.91310103665128e-116	0.841	0.077	Supplementary Table 2. Marker genes for myeloid cell clusters, related to Figure S2 and Figures 5.	F:/pan-gi-ici-ccc-20260709/GSE205506/supplement/mmc3.xlsx	28AA8BC71620AE3B667D0243891B631DA3B8EB1576108C88463B2F66979EAC80
Myeloid cell markers	LILR4A+pDC	10	PLAC8	"PLAC8"	2.98176571957565	5.01912415194147e-71	1.25658792268007e-66	0.968	0.19	Supplementary Table 2. Marker genes for myeloid cell clusters, related to Figure S2 and Figures 5.	F:/pan-gi-ici-ccc-20260709/GSE205506/supplement/mmc3.xlsx	28AA8BC71620AE3B667D0243891B631DA3B8EB1576108C88463B2F66979EAC80
Myeloid cell markers	MKI67+Mac	1	STMN1	"STMN1"	2.77563435312714	1.81091755105222e-169	4.53381318081434e-165	0.875	0.156	Supplementary Table 2. Marker genes for myeloid cell clusters, related to Figure S2 and Figures 5.	F:/pan-gi-ici-ccc-20260709/GSE205506/supplement/mmc3.xlsx	28AA8BC71620AE3B667D0243891B631DA3B8EB1576108C88463B2F66979EAC80
Myeloid cell markers	MKI67+Mac	2	H2AFZ	"H2AFZ"	2.24697621898681	6.43919666136377e-93	1.61211727613903e-88	0.977	0.674	Supplementary Table 2. Marker genes for myeloid cell clusters, related to Figure S2 and Figures 5.	F:/pan-gi-ici-ccc-20260709/GSE205506/supplement/mmc3.xlsx	28AA8BC71620AE3B667D0243891B631DA3B8EB1576108C88463B2F66979EAC80
Myeloid cell markers	MKI67+Mac	3	PCLAF	"PCLAF"	2.10802036106109	0	0	0.756	0.024	Supplementary Table 2. Marker genes for myeloid cell clusters, related to Figure S2 and Figures 5.	F:/pan-gi-ici-ccc-20260709/GSE205506/supplement/mmc3.xlsx	28AA8BC71620AE3B667D0243891B631DA3B8EB1576108C88463B2F66979EAC80
Myeloid cell markers	MKI67+Mac	4	TUBB	"TUBB"	1.966776191104	4.87942161448821e-68	1.22161199540327e-63	0.96	0.618	Supplementary Table 2. Marker genes for myeloid cell clusters, related to Figure S2 and Figures 5.	F:/pan-gi-ici-ccc-20260709/GSE205506/supplement/mmc3.xlsx	28AA8BC71620AE3B667D0243891B631DA3B8EB1576108C88463B2F66979EAC80
Myeloid cell markers	MKI67+Mac	5	TUBA1B	"TUBA1B"	1.95640293276646	1.96378401429515e-72	4.91652965818933e-68	0.994	0.711	Supplementary Table 2. Marker genes for myeloid cell clusters, related to Figure S2 and Figures 5.	F:/pan-gi-ici-ccc-20260709/GSE205506/supplement/mmc3.xlsx	28AA8BC71620AE3B667D0243891B631DA3B8EB1576108C88463B2F66979EAC80
Myeloid cell markers	MKI67+Mac	6	HMGB2	"HMGB2"	1.91294600387898	1.6399903813458e-62	4.10587991873734e-58	0.886	0.396	Supplementary Table 2. Marker genes for myeloid cell clusters, related to Figure S2 and Figures 5.	F:/pan-gi-ici-ccc-20260709/GSE205506/supplement/mmc3.xlsx	28AA8BC71620AE3B667D0243891B631DA3B8EB1576108C88463B2F66979EAC80
Myeloid cell markers	MKI67+Mac	7	TYMS	"TYMS"	1.86022365514656	0	0	0.642	0.014	Supplementary Table 2. Marker genes for myeloid cell clusters, related to Figure S2 and Figures 5.	F:/pan-gi-ici-ccc-20260709/GSE205506/supplement/mmc3.xlsx	28AA8BC71620AE3B667D0243891B631DA3B8EB1576108C88463B2F66979EAC80
Myeloid cell markers	MKI67+Mac	8	PCNA	"PCNA"	1.84336739307034	2.05199818886926e-94	5.13738266565309e-90	0.773	0.213	Supplementary Table 2. Marker genes for myeloid cell clusters, related to Figure S2 and Figures 5.	F:/pan-gi-ici-ccc-20260709/GSE205506/supplement/mmc3.xlsx	28AA8BC71620AE3B667D0243891B631DA3B8EB1576108C88463B2F66979EAC80
Myeloid cell markers	MKI67+Mac	9	HIST1H4C	"HIST1H4C"	1.70950716201918	1.60485355715177e-35	4.01791136568517e-31	0.483	0.152	Supplementary Table 2. Marker genes for myeloid cell clusters, related to Figure S2 and Figures 5.	F:/pan-gi-ici-ccc-20260709/GSE205506/supplement/mmc3.xlsx	28AA8BC71620AE3B667D0243891B631DA3B8EB1576108C88463B2F66979EAC80
Myeloid cell markers	MKI67+Mac	10	DUT	"DUT"	1.70410645690236	3.47352548728223e-69	8.69631840995979e-65	0.847	0.345	Supplementary Table 2. Marker genes for myeloid cell clusters, related to Figure S2 and Figures 5.	F:/pan-gi-ici-ccc-20260709/GSE205506/supplement/mmc3.xlsx	28AA8BC71620AE3B667D0243891B631DA3B8EB1576108C88463B2F66979EAC80
Myeloid cell markers	SPP1+Mac	1	CHI3L1	"CHI3L1"	2.87429059359746	0	0	0.514	0.051	Supplementary Table 2. Marker genes for myeloid cell clusters, related to Figure S2 and Figures 5.	F:/pan-gi-ici-ccc-20260709/GSE205506/supplement/mmc3.xlsx	28AA8BC71620AE3B667D0243891B631DA3B8EB1576108C88463B2F66979EAC80
Myeloid cell markers	SPP1+Mac	2	SPP1	"SPP1"	2.53186697969156	0	0	0.828	0.29	Supplementary Table 2. Marker genes for myeloid cell clusters, related to Figure S2 and Figures 5.	F:/pan-gi-ici-ccc-20260709/GSE205506/supplement/mmc3.xlsx	28AA8BC71620AE3B667D0243891B631DA3B8EB1576108C88463B2F66979EAC80
Myeloid cell markers	SPP1+Mac	3	FN1	"FN1"	2.12836038770745	5.2443346038957e-270	1.31297161143133e-265	0.736	0.248	Supplementary Table 2. Marker genes for myeloid cell clusters, related to Figure S2 and Figures 5.	F:/pan-gi-ici-ccc-20260709/GSE205506/supplement/mmc3.xlsx	28AA8BC71620AE3B667D0243891B631DA3B8EB1576108C88463B2F66979EAC80
Myeloid cell markers	SPP1+Mac	4	APOE	"APOE"	2.11618896594994	0	0	0.962	0.373	Supplementary Table 2. Marker genes for myeloid cell clusters, related to Figure S2 and Figures 5.	F:/pan-gi-ici-ccc-20260709/GSE205506/supplement/mmc3.xlsx	28AA8BC71620AE3B667D0243891B631DA3B8EB1576108C88463B2F66979EAC80
Myeloid cell markers	SPP1+Mac	5	MMP9	"MMP9"	2.06122716566454	1.46433719611302e-236	3.66611460418857e-232	0.649	0.194	Supplementary Table 2. Marker genes for myeloid cell clusters, related to Figure S2 and Figures 5.	F:/pan-gi-ici-ccc-20260709/GSE205506/supplement/mmc3.xlsx	28AA8BC71620AE3B667D0243891B631DA3B8EB1576108C88463B2F66979EAC80
Myeloid cell markers	SPP1+Mac	6	FBP1	"FBP1"	2.05421436161777	0	0	0.88	0.354	Supplementary Table 2. Marker genes for myeloid cell clusters, related to Figure S2 and Figures 5.	F:/pan-gi-ici-ccc-20260709/GSE205506/supplement/mmc3.xlsx	28AA8BC71620AE3B667D0243891B631DA3B8EB1576108C88463B2F66979EAC80
Myeloid cell markers	SPP1+Mac	7	CD9	"CD9"	1.94313222795386	0	0	0.949	0.397	Supplementary Table 2. Marker genes for myeloid cell clusters, related to Figure S2 and Figures 5.	F:/pan-gi-ici-ccc-20260709/GSE205506/supplement/mmc3.xlsx	28AA8BC71620AE3B667D0243891B631DA3B8EB1576108C88463B2F66979EAC80
Myeloid cell markers	SPP1+Mac	8	GPNMB	"GPNMB"	1.88162645380504	0	0	0.966	0.347	Supplementary Table 2. Marker genes for myeloid cell clusters, related to Figure S2 and Figures 5.	F:/pan-gi-ici-ccc-20260709/GSE205506/supplement/mmc3.xlsx	28AA8BC71620AE3B667D0243891B631DA3B8EB1576108C88463B2F66979EAC80
Myeloid cell markers	SPP1+Mac	9	NUPR1	"NUPR1"	1.8383195280697	6.07360972445651e-290	1.52058893061493e-285	0.667	0.172	Supplementary Table 2. Marker genes for myeloid cell clusters, related to Figure S2 and Figures 5.	F:/pan-gi-ici-ccc-20260709/GSE205506/supplement/mmc3.xlsx	28AA8BC71620AE3B667D0243891B631DA3B8EB1576108C88463B2F66979EAC80
Myeloid cell markers	SPP1+Mac	10	APOC1	"APOC1"	1.83641873269323	0	0	0.901	0.324	Supplementary Table 2. Marker genes for myeloid cell clusters, related to Figure S2 and Figures 5.	F:/pan-gi-ici-ccc-20260709/GSE205506/supplement/mmc3.xlsx	28AA8BC71620AE3B667D0243891B631DA3B8EB1576108C88463B2F66979EAC80
Myeloid cell markers	TMSB4X+Mac	1	DNASE1L3	"DNASE1L3"	1.99088226067261	2.92055177889718e-58	7.31189343364698e-54	0.279	0.055	Supplementary Table 2. Marker genes for myeloid cell clusters, related to Figure S2 and Figures 5.	F:/pan-gi-ici-ccc-20260709/GSE205506/supplement/mmc3.xlsx	28AA8BC71620AE3B667D0243891B631DA3B8EB1576108C88463B2F66979EAC80
Myeloid cell markers	TMSB4X+Mac	2	LGALS2	"LGALS2"	1.27006383491728	1.14263287873443e-07	0.00286069567519953	0.439	0.404	Supplementary Table 2. Marker genes for myeloid cell clusters, related to Figure S2 and Figures 5.	F:/pan-gi-ici-ccc-20260709/GSE205506/supplement/mmc3.xlsx	28AA8BC71620AE3B667D0243891B631DA3B8EB1576108C88463B2F66979EAC80
Myeloid cell markers	TMSB4X+Mac	3	SLC40A1	"SLC40A1"	1.23644293817639	6.30017946189605e-05	1	0.292	0.238	Supplementary Table 2. Marker genes for myeloid cell clusters, related to Figure S2 and Figures 5.	F:/pan-gi-ici-ccc-20260709/GSE205506/supplement/mmc3.xlsx	28AA8BC71620AE3B667D0243891B631DA3B8EB1576108C88463B2F66979EAC80
Myeloid cell markers	TMSB4X+Mac	4	SELENOP	"SELENOP"	1.23578007776666	8.81703457336681e-06	0.220743277578811	0.38	0.31	Supplementary Table 2. Marker genes for myeloid cell clusters, related to Figure S2 and Figures 5.	F:/pan-gi-ici-ccc-20260709/GSE205506/supplement/mmc3.xlsx	28AA8BC71620AE3B667D0243891B631DA3B8EB1576108C88463B2F66979EAC80
Myeloid cell markers	TMSB4X+Mac	5	SLC25A5	"SLC25A5"	0.985198306055115	9.499672505285e-13	2.37833800842315e-08	0.626	0.687	Supplementary Table 2. Marker genes for myeloid cell clusters, related to Figure S2 and Figures 5.	F:/pan-gi-ici-ccc-20260709/GSE205506/supplement/mmc3.xlsx	28AA8BC71620AE3B667D0243891B631DA3B8EB1576108C88463B2F66979EAC80
Myeloid cell markers	TMSB4X+Mac	6	ATOX1	"ATOX1"	0.95495252315253	1.38894804669649e-05	0.347737032970934	0.521	0.592	Supplementary Table 2. Marker genes for myeloid cell clusters, related to Figure S2 and Figures 5.	F:/pan-gi-ici-ccc-20260709/GSE205506/supplement/mmc3.xlsx	28AA8BC71620AE3B667D0243891B631DA3B8EB1576108C88463B2F66979EAC80
Myeloid cell markers	TMSB4X+Mac	7	PRDX1	"PRDX1"	0.953095192685375	1.64286978039306e-22	4.11308878219207e-18	0.813	0.791	Supplementary Table 2. Marker genes for myeloid cell clusters, related to Figure S2 and Figures 5.	F:/pan-gi-ici-ccc-20260709/GSE205506/supplement/mmc3.xlsx	28AA8BC71620AE3B667D0243891B631DA3B8EB1576108C88463B2F66979EAC80
Myeloid cell markers	TMSB4X+Mac	8	EEF1B2	"EEF1B2"	0.937800797774298	1.5052137286302e-22	3.76845309099856e-18	0.748	0.76	Supplementary Table 2. Marker genes for myeloid cell clusters, related to Figure S2 and Figures 5.	F:/pan-gi-ici-ccc-20260709/GSE205506/supplement/mmc3.xlsx	28AA8BC71620AE3B667D0243891B631DA3B8EB1576108C88463B2F66979EAC80
Myeloid cell markers	TMSB4X+Mac	9	SNX3	"SNX3"	0.934325365559743	9.70315782801654e-05	1	0.531	0.687	Supplementary Table 2. Marker genes for myeloid cell clusters, related to Figure S2 and Figures 5.	F:/pan-gi-ici-ccc-20260709/GSE205506/supplement/mmc3.xlsx	28AA8BC71620AE3B667D0243891B631DA3B8EB1576108C88463B2F66979EAC80
Myeloid cell markers	TMSB4X+Mac	10	FTL	"FTL"	0.927413536889204	1.07149610478449e-31	2.68259764793844e-27	1	0.995	Supplementary Table 2. Marker genes for myeloid cell clusters, related to Figure S2 and Figures 5.	F:/pan-gi-ici-ccc-20260709/GSE205506/supplement/mmc3.xlsx	28AA8BC71620AE3B667D0243891B631DA3B8EB1576108C88463B2F66979EAC80
T_I_NK cell markers	CD4 Tfh	1	BRK1	"BRK1"	0.253753060301558	3.74074889644381e-09	9.36533893713673e-05	0.546	0.387	Supplementary Table 2. Marker genes for T/I/NK cell clusters, related to Figure S2, Figures 2-4.	F:/pan-gi-ici-ccc-20260709/GSE205506/supplement/mmc3.xlsx	28AA8BC71620AE3B667D0243891B631DA3B8EB1576108C88463B2F66979EAC80
T_I_NK cell markers	CD4 Treg	1	EIF4G2	"EIF4G2"	0.286354456172574	1.64279268638102e-27	4.11289576962352e-23	0.46	0.324	Supplementary Table 2. Marker genes for T/I/NK cell clusters, related to Figure S2, Figures 2-4.	F:/pan-gi-ici-ccc-20260709/GSE205506/supplement/mmc3.xlsx	28AA8BC71620AE3B667D0243891B631DA3B8EB1576108C88463B2F66979EAC80
T_I_NK cell markers	CD4+Prolif.	1	STMN1	"STMN1"	2.92812250970697	1.0583017359221e-257	2.64956422605458e-253	0.927	0.126	Supplementary Table 2. Marker genes for T/I/NK cell clusters, related to Figure S2, Figures 2-4.	F:/pan-gi-ici-ccc-20260709/GSE205506/supplement/mmc3.xlsx	28AA8BC71620AE3B667D0243891B631DA3B8EB1576108C88463B2F66979EAC80
T_I_NK cell markers	CD4+Prolif.	2	TUBA1B	"TUBA1B"	2.41277855604892	1.45302085738566e-91	3.63778301855074e-87	0.942	0.415	Supplementary Table 2. Marker genes for T/I/NK cell clusters, related to Figure S2, Figures 2-4.	F:/pan-gi-ici-ccc-20260709/GSE205506/supplement/mmc3.xlsx	28AA8BC71620AE3B667D0243891B631DA3B8EB1576108C88463B2F66979EAC80
T_I_NK cell markers	CD4+Prolif.	3	TUBB	"TUBB"	2.40412664693515	2.75571396544804e-110	6.89920548389572e-106	0.927	0.317	Supplementary Table 2. Marker genes for T/I/NK cell clusters, related to Figure S2, Figures 2-4.	F:/pan-gi-ici-ccc-20260709/GSE205506/supplement/mmc3.xlsx	28AA8BC71620AE3B667D0243891B631DA3B8EB1576108C88463B2F66979EAC80
T_I_NK cell markers	CD4+Prolif.	4	HMGB2	"HMGB2"	2.36945738348574	1.74960386367911e-92	4.38030823310701e-88	0.916	0.356	Supplementary Table 2. Marker genes for T/I/NK cell clusters, related to Figure S2, Figures 2-4.	F:/pan-gi-ici-ccc-20260709/GSE205506/supplement/mmc3.xlsx	28AA8BC71620AE3B667D0243891B631DA3B8EB1576108C88463B2F66979EAC80
T_I_NK cell markers	CD4+Prolif.	5	CXCL13	"CXCL13"	2.19525818934271	1.92078590783243e-14	4.80887959884928e-10	0.293	0.121	Supplementary Table 2. Marker genes for T/I/NK cell clusters, related to Figure S2, Figures 2-4.	F:/pan-gi-ici-ccc-20260709/GSE205506/supplement/mmc3.xlsx	28AA8BC71620AE3B667D0243891B631DA3B8EB1576108C88463B2F66979EAC80
T_I_NK cell markers	CD4+Prolif.	6	TOP2A	"TOP2A"	2.11289546484398	0	0	0.592	0.031	Supplementary Table 2. Marker genes for T/I/NK cell clusters, related to Figure S2, Figures 2-4.	F:/pan-gi-ici-ccc-20260709/GSE205506/supplement/mmc3.xlsx	28AA8BC71620AE3B667D0243891B631DA3B8EB1576108C88463B2F66979EAC80
T_I_NK cell markers	CD4+Prolif.	7	UBE2C	"UBE2C"	2.10408144930028	0	0	0.565	0.029	Supplementary Table 2. Marker genes for T/I/NK cell clusters, related to Figure S2, Figures 2-4.	F:/pan-gi-ici-ccc-20260709/GSE205506/supplement/mmc3.xlsx	28AA8BC71620AE3B667D0243891B631DA3B8EB1576108C88463B2F66979EAC80
T_I_NK cell markers	CD4+Prolif.	8	PCNA	"PCNA"	2.06223630293034	1.15888043802456e-143	2.9013730646383e-139	0.759	0.137	Supplementary Table 2. Marker genes for T/I/NK cell clusters, related to Figure S2, Figures 2-4.	F:/pan-gi-ici-ccc-20260709/GSE205506/supplement/mmc3.xlsx	28AA8BC71620AE3B667D0243891B631DA3B8EB1576108C88463B2F66979EAC80
T_I_NK cell markers	CD4+Prolif.	9	PCLAF	"PCLAF"	2.04170841375533	0	0	0.717	0.044	Supplementary Table 2. Marker genes for T/I/NK cell clusters, related to Figure S2, Figures 2-4.	F:/pan-gi-ici-ccc-20260709/GSE205506/supplement/mmc3.xlsx	28AA8BC71620AE3B667D0243891B631DA3B8EB1576108C88463B2F66979EAC80
T_I_NK cell markers	CD4+Prolif.	10	TYMS	"TYMS"	1.95672994764202	0	0	0.639	0.035	Supplementary Table 2. Marker genes for T/I/NK cell clusters, related to Figure S2, Figures 2-4.	F:/pan-gi-ici-ccc-20260709/GSE205506/supplement/mmc3.xlsx	28AA8BC71620AE3B667D0243891B631DA3B8EB1576108C88463B2F66979EAC80
T_I_NK cell markers	CD4+Texh	1	JUNB	"JUNB"	1.2398614368475	5.86851353326608e-163	1.4692410481885e-158	0.808	0.624	Supplementary Table 2. Marker genes for T/I/NK cell clusters, related to Figure S2, Figures 2-4.	F:/pan-gi-ici-ccc-20260709/GSE205506/supplement/mmc3.xlsx	28AA8BC71620AE3B667D0243891B631DA3B8EB1576108C88463B2F66979EAC80
T_I_NK cell markers	CD4+Texh	2	RGS1	"RGS1"	1.12249877941449	1.27275018876925e-149	3.18645737260269e-145	0.624	0.343	Supplementary Table 2. Marker genes for T/I/NK cell clusters, related to Figure S2, Figures 2-4.	F:/pan-gi-ici-ccc-20260709/GSE205506/supplement/mmc3.xlsx	28AA8BC71620AE3B667D0243891B631DA3B8EB1576108C88463B2F66979EAC80
T_I_NK cell markers	CD4+Texh	3	CTLA4	"CTLA4"	1.10232811406581	1.0286594503587e-183	2.57535179991804e-179	0.406	0.14	Supplementary Table 2. Marker genes for T/I/NK cell clusters, related to Figure S2, Figures 2-4.	F:/pan-gi-ici-ccc-20260709/GSE205506/supplement/mmc3.xlsx	28AA8BC71620AE3B667D0243891B631DA3B8EB1576108C88463B2F66979EAC80
T_I_NK cell markers	CD4+Texh	4	TSC22D3	"TSC22D3"	1.10167711299121	5.9991360261889e-149	1.50194369551665e-144	0.788	0.579	Supplementary Table 2. Marker genes for T/I/NK cell clusters, related to Figure S2, Figures 2-4.	F:/pan-gi-ici-ccc-20260709/GSE205506/supplement/mmc3.xlsx	28AA8BC71620AE3B667D0243891B631DA3B8EB1576108C88463B2F66979EAC80
T_I_NK cell markers	CD4+Texh	5	DUSP1	"DUSP1"	1.04081888884658	2.38585286195286e-153	5.97322122518518e-149	0.766	0.514	Supplementary Table 2. Marker genes for T/I/NK cell clusters, related to Figure S2, Figures 2-4.	F:/pan-gi-ici-ccc-20260709/GSE205506/supplement/mmc3.xlsx	28AA8BC71620AE3B667D0243891B631DA3B8EB1576108C88463B2F66979EAC80
T_I_NK cell markers	CD4+Texh	6	LTB	"LTB"	0.996541508104112	2.22945019809689e-125	5.58165151595538e-121	0.65	0.386	Supplementary Table 2. Marker genes for T/I/NK cell clusters, related to Figure S2, Figures 2-4.	F:/pan-gi-ici-ccc-20260709/GSE205506/supplement/mmc3.xlsx	28AA8BC71620AE3B667D0243891B631DA3B8EB1576108C88463B2F66979EAC80
T_I_NK cell markers	CD4+Texh	7	NFKBIA	"NFKBIA"	0.896798073172594	8.09377691491437e-82	2.02635798841796e-77	0.563	0.367	Supplementary Table 2. Marker genes for T/I/NK cell clusters, related to Figure S2, Figures 2-4.	F:/pan-gi-ici-ccc-20260709/GSE205506/supplement/mmc3.xlsx	28AA8BC71620AE3B667D0243891B631DA3B8EB1576108C88463B2F66979EAC80
T_I_NK cell markers	CD4+Texh	8	TIGIT	"TIGIT"	0.877196120556335	5.56750291038056e-91	1.39388002864288e-86	0.49	0.279	Supplementary Table 2. Marker genes for T/I/NK cell clusters, related to Figure S2, Figures 2-4.	F:/pan-gi-ici-ccc-20260709/GSE205506/supplement/mmc3.xlsx	28AA8BC71620AE3B667D0243891B631DA3B8EB1576108C88463B2F66979EAC80
T_I_NK cell markers	CD4+Texh	9	MAF	"MAF"	0.844466688835049	3.69538087559575e-93	9.25175556014151e-89	0.376	0.179	Supplementary Table 2. Marker genes for T/I/NK cell clusters, related to Figure S2, Figures 2-4.	F:/pan-gi-ici-ccc-20260709/GSE205506/supplement/mmc3.xlsx	28AA8BC71620AE3B667D0243891B631DA3B8EB1576108C88463B2F66979EAC80
T_I_NK cell markers	CD4+Texh	10	ARID5B	"ARID5B"	0.842779752496779	1.7086484857444e-92	4.27777234890968e-88	0.355	0.166	Supplementary Table 2. Marker genes for T/I/NK cell clusters, related to Figure S2, Figures 2-4.	F:/pan-gi-ici-ccc-20260709/GSE205506/supplement/mmc3.xlsx	28AA8BC71620AE3B667D0243891B631DA3B8EB1576108C88463B2F66979EAC80
T_I_NK cell markers	CD4+Tfh	1	CXCL13	"CXCL13"	2.97251898766988	3.63721319772078e-158	9.10612696181374e-154	0.479	0.115	Supplementary Table 2. Marker genes for T/I/NK cell clusters, related to Figure S2, Figures 2-4.	F:/pan-gi-ici-ccc-20260709/GSE205506/supplement/mmc3.xlsx	28AA8BC71620AE3B667D0243891B631DA3B8EB1576108C88463B2F66979EAC80
T_I_NK cell markers	CD4+Tfh	2	ICA1	"ICA1"	1.74795828620155	0	0	0.556	0.071	Supplementary Table 2. Marker genes for T/I/NK cell clusters, related to Figure S2, Figures 2-4.	F:/pan-gi-ici-ccc-20260709/GSE205506/supplement/mmc3.xlsx	28AA8BC71620AE3B667D0243891B631DA3B8EB1576108C88463B2F66979EAC80
T_I_NK cell markers	CD4+Tfh	3	AC004585.1	"AC004585.1"	1.56272700111004	0	0	0.474	0.043	Supplementary Table 2. Marker genes for T/I/NK cell clusters, related to Figure S2, Figures 2-4.	F:/pan-gi-ici-ccc-20260709/GSE205506/supplement/mmc3.xlsx	28AA8BC71620AE3B667D0243891B631DA3B8EB1576108C88463B2F66979EAC80
T_I_NK cell markers	CD4+Tfh	4	PDCD1	"PDCD1"	1.55884294718946	3.89691880338071e-243	9.75632591614394e-239	0.579	0.112	Supplementary Table 2. Marker genes for T/I/NK cell clusters, related to Figure S2, Figures 2-4.	F:/pan-gi-ici-ccc-20260709/GSE205506/supplement/mmc3.xlsx	28AA8BC71620AE3B667D0243891B631DA3B8EB1576108C88463B2F66979EAC80
T_I_NK cell markers	CD4+Tfh	5	TOX2	"TOX2"	1.534281365185	1.08052707962974e-294	2.70520759656101e-290	0.495	0.071	Supplementary Table 2. Marker genes for T/I/NK cell clusters, related to Figure S2, Figures 2-4.	F:/pan-gi-ici-ccc-20260709/GSE205506/supplement/mmc3.xlsx	28AA8BC71620AE3B667D0243891B631DA3B8EB1576108C88463B2F66979EAC80
T_I_NK cell markers	CD4+Tfh	6	FKBP5	"FKBP5"	1.45520247653517	1.34155016239287e-173	3.35870498656678e-169	0.628	0.174	Supplementary Table 2. Marker genes for T/I/NK cell clusters, related to Figure S2, Figures 2-4.	F:/pan-gi-ici-ccc-20260709/GSE205506/supplement/mmc3.xlsx	28AA8BC71620AE3B667D0243891B631DA3B8EB1576108C88463B2F66979EAC80
T_I_NK cell markers	CD4+Tfh	7	GNG4	"GNG4"	1.44305363631371	0	0	0.308	0.011	Supplementary Table 2. Marker genes for T/I/NK cell clusters, related to Figure S2, Figures 2-4.	F:/pan-gi-ici-ccc-20260709/GSE205506/supplement/mmc3.xlsx	28AA8BC71620AE3B667D0243891B631DA3B8EB1576108C88463B2F66979EAC80
T_I_NK cell markers	CD4+Tfh	8	ITM2A	"ITM2A"	1.34169457533905	9.95171856111741e-112	2.49151225896135e-107	0.858	0.456	Supplementary Table 2. Marker genes for T/I/NK cell clusters, related to Figure S2, Figures 2-4.	F:/pan-gi-ici-ccc-20260709/GSE205506/supplement/mmc3.xlsx	28AA8BC71620AE3B667D0243891B631DA3B8EB1576108C88463B2F66979EAC80
T_I_NK cell markers	CD4+Tfh	9	IL6ST	"IL6ST"	1.31972948473708	6.5192494369373e-180	1.63215928903162e-175	0.486	0.101	Supplementary Table 2. Marker genes for T/I/NK cell clusters, related to Figure S2, Figures 2-4.	F:/pan-gi-ici-ccc-20260709/GSE205506/supplement/mmc3.xlsx	28AA8BC71620AE3B667D0243891B631DA3B8EB1576108C88463B2F66979EAC80
T_I_NK cell markers	CD4+Tfh	10	CD200	"CD200"	1.30908680442506	0	0	0.253	0.015	Supplementary Table 2. Marker genes for T/I/NK cell clusters, related to Figure S2, Figures 2-4.	F:/pan-gi-ici-ccc-20260709/GSE205506/supplement/mmc3.xlsx	28AA8BC71620AE3B667D0243891B631DA3B8EB1576108C88463B2F66979EAC80
T_I_NK cell markers	CD4+Th	1	IL7R	"IL7R"	1.46433179515442	0	0	0.766	0.372	Supplementary Table 2. Marker genes for T/I/NK cell clusters, related to Figure S2, Figures 2-4.	F:/pan-gi-ici-ccc-20260709/GSE205506/supplement/mmc3.xlsx	28AA8BC71620AE3B667D0243891B631DA3B8EB1576108C88463B2F66979EAC80
T_I_NK cell markers	CD4+Th	2	CD40LG	"CD40LG"	1.03640220263811	0	0	0.294	0.064	Supplementary Table 2. Marker genes for T/I/NK cell clusters, related to Figure S2, Figures 2-4.	F:/pan-gi-ici-ccc-20260709/GSE205506/supplement/mmc3.xlsx	28AA8BC71620AE3B667D0243891B631DA3B8EB1576108C88463B2F66979EAC80
T_I_NK cell markers	CD4+Th	3	GPR183	"GPR183"	0.798701390114097	3.78985092472109e-175	9.48827077513172e-171	0.303	0.123	Supplementary Table 2. Marker genes for T/I/NK cell clusters, related to Figure S2, Figures 2-4.	F:/pan-gi-ici-ccc-20260709/GSE205506/supplement/mmc3.xlsx	28AA8BC71620AE3B667D0243891B631DA3B8EB1576108C88463B2F66979EAC80
T_I_NK cell markers	CD4+Th	4	KLRB1	"KLRB1"	0.721921290616552	1.01180070152469e-143	2.53314423633721e-139	0.58	0.361	Supplementary Table 2. Marker genes for T/I/NK cell clusters, related to Figure S2, Figures 2-4.	F:/pan-gi-ici-ccc-20260709/GSE205506/supplement/mmc3.xlsx	28AA8BC71620AE3B667D0243891B631DA3B8EB1576108C88463B2F66979EAC80
T_I_NK cell markers	CD4+Th	5	TCF7	"TCF7"	0.699160689226957	5.00327684213594e-135	1.25262039019715e-130	0.347	0.173	Supplementary Table 2. Marker genes for T/I/NK cell clusters, related to Figure S2, Figures 2-4.	F:/pan-gi-ici-ccc-20260709/GSE205506/supplement/mmc3.xlsx	28AA8BC71620AE3B667D0243891B631DA3B8EB1576108C88463B2F66979EAC80
T_I_NK cell markers	CD4+Th	6	FXYD5	"FXYD5"	0.658953795162871	6.79325089163835e-145	1.70075829323058e-140	0.616	0.43	Supplementary Table 2. Marker genes for T/I/NK cell clusters, related to Figure S2, Figures 2-4.	F:/pan-gi-ici-ccc-20260709/GSE205506/supplement/mmc3.xlsx	28AA8BC71620AE3B667D0243891B631DA3B8EB1576108C88463B2F66979EAC80
T_I_NK cell markers	CD4+Th	7	LTB	"LTB"	0.649529217161267	5.33043174892211e-204	1.33452689266014e-199	0.64	0.367	Supplementary Table 2. Marker genes for T/I/NK cell clusters, related to Figure S2, Figures 2-4.	F:/pan-gi-ici-ccc-20260709/GSE205506/supplement/mmc3.xlsx	28AA8BC71620AE3B667D0243891B631DA3B8EB1576108C88463B2F66979EAC80
T_I_NK cell markers	CD4+Th	8	TXNIP	"TXNIP"	0.627552569183952	1.93374590424526e-104	4.84132624586843e-100	0.776	0.641	Supplementary Table 2. Marker genes for T/I/NK cell clusters, related to Figure S2, Figures 2-4.	F:/pan-gi-ici-ccc-20260709/GSE205506/supplement/mmc3.xlsx	28AA8BC71620AE3B667D0243891B631DA3B8EB1576108C88463B2F66979EAC80
T_I_NK cell markers	CD4+Th	9	RPL9	"RPL9"	0.624561127784381	0	0	0.993	0.952	Supplementary Table 2. Marker genes for T/I/NK cell clusters, related to Figure S2, Figures 2-4.	F:/pan-gi-ici-ccc-20260709/GSE205506/supplement/mmc3.xlsx	28AA8BC71620AE3B667D0243891B631DA3B8EB1576108C88463B2F66979EAC80
T_I_NK cell markers	CD4+Th	10	RPS3A	"RPS3A"	0.623564423331526	0	0	0.997	0.969	Supplementary Table 2. Marker genes for T/I/NK cell clusters, related to Figure S2, Figures 2-4.	F:/pan-gi-ici-ccc-20260709/GSE205506/supplement/mmc3.xlsx	28AA8BC71620AE3B667D0243891B631DA3B8EB1576108C88463B2F66979EAC80
T_I_NK cell markers	CD4+Th1-like	1	CXCL13	"CXCL13"	1.95777396458641	1.63834836482989e-71	4.1017689661881e-67	0.274	0.115	Supplementary Table 2. Marker genes for T/I/NK cell clusters, related to Figure S2, Figures 2-4.	F:/pan-gi-ici-ccc-20260709/GSE205506/supplement/mmc3.xlsx	28AA8BC71620AE3B667D0243891B631DA3B8EB1576108C88463B2F66979EAC80
T_I_NK cell markers	CD4+Th1-like	2	KLRB1	"KLRB1"	1.13124072008845	2.3184230374937e-152	5.80440391666923e-148	0.709	0.373	Supplementary Table 2. Marker genes for T/I/NK cell clusters, related to Figure S2, Figures 2-4.	F:/pan-gi-ici-ccc-20260709/GSE205506/supplement/mmc3.xlsx	28AA8BC71620AE3B667D0243891B631DA3B8EB1576108C88463B2F66979EAC80
T_I_NK cell markers	CD4+Th1-like	3	CD40LG	"CD40LG"	1.10862353201652	2.19158054192193e-264	5.48684104475576e-260	0.367	0.079	Supplementary Table 2. Marker genes for T/I/NK cell clusters, related to Figure S2, Figures 2-4.	F:/pan-gi-ici-ccc-20260709/GSE205506/supplement/mmc3.xlsx	28AA8BC71620AE3B667D0243891B631DA3B8EB1576108C88463B2F66979EAC80
T_I_NK cell markers	CD4+Th1-like	4	MAF	"MAF"	0.953441088849299	5.82695911142099e-138	1.45883748313536e-133	0.457	0.177	Supplementary Table 2. Marker genes for T/I/NK cell clusters, related to Figure S2, Figures 2-4.	F:/pan-gi-ici-ccc-20260709/GSE205506/supplement/mmc3.xlsx	28AA8BC71620AE3B667D0243891B631DA3B8EB1576108C88463B2F66979EAC80
T_I_NK cell markers	CD4+Th1-like	5	PDCD1	"PDCD1"	0.874703511121909	3.28472709950664e-100	8.22364276632482e-96	0.308	0.112	Supplementary Table 2. Marker genes for T/I/NK cell clusters, related to Figure S2, Figures 2-4.	F:/pan-gi-ici-ccc-20260709/GSE205506/supplement/mmc3.xlsx	28AA8BC71620AE3B667D0243891B631DA3B8EB1576108C88463B2F66979EAC80
T_I_NK cell markers	CD4+Th1-like	6	ADAM19	"ADAM19"	0.843803648916765	2.5820485349654e-152	6.46441671213939e-148	0.278	0.072	Supplementary Table 2. Marker genes for T/I/NK cell clusters, related to Figure S2, Figures 2-4.	F:/pan-gi-ici-ccc-20260709/GSE205506/supplement/mmc3.xlsx	28AA8BC71620AE3B667D0243891B631DA3B8EB1576108C88463B2F66979EAC80
T_I_NK cell markers	CD4+Th1-like	7	CD2	"CD2"	0.821988174478876	4.46229070870913e-143	1.11717910183242e-138	0.914	0.68	Supplementary Table 2. Marker genes for T/I/NK cell clusters, related to Figure S2, Figures 2-4.	F:/pan-gi-ici-ccc-20260709/GSE205506/supplement/mmc3.xlsx	28AA8BC71620AE3B667D0243891B631DA3B8EB1576108C88463B2F66979EAC80
T_I_NK cell markers	CD4+Th1-like	8	CXCR6	"CXCR6"	0.79579466711001	9.77160323568361e-76	2.44641858608575e-71	0.345	0.154	Supplementary Table 2. Marker genes for T/I/NK cell clusters, related to Figure S2, Figures 2-4.	F:/pan-gi-ici-ccc-20260709/GSE205506/supplement/mmc3.xlsx	28AA8BC71620AE3B667D0243891B631DA3B8EB1576108C88463B2F66979EAC80
T_I_NK cell markers	CD4+Th1-like	9	RGS1	"RGS1"	0.771567819043298	7.01231582351461e-55	1.75560338957512e-50	0.558	0.35	Supplementary Table 2. Marker genes for T/I/NK cell clusters, related to Figure S2, Figures 2-4.	F:/pan-gi-ici-ccc-20260709/GSE205506/supplement/mmc3.xlsx	28AA8BC71620AE3B667D0243891B631DA3B8EB1576108C88463B2F66979EAC80
T_I_NK cell markers	CD4+Th1-like	10	RORA	"RORA"	0.756677350854146	3.92006135366199e-81	9.81426560502817e-77	0.558	0.312	Supplementary Table 2. Marker genes for T/I/NK cell clusters, related to Figure S2, Figures 2-4.	F:/pan-gi-ici-ccc-20260709/GSE205506/supplement/mmc3.xlsx	28AA8BC71620AE3B667D0243891B631DA3B8EB1576108C88463B2F66979EAC80
T_I_NK cell markers	CD4+Tn	1	CCR7	"CCR7"	1.62935634210265	0	0	0.439	0.056	Supplementary Table 2. Marker genes for T/I/NK cell clusters, related to Figure S2, Figures 2-4.	F:/pan-gi-ici-ccc-20260709/GSE205506/supplement/mmc3.xlsx	28AA8BC71620AE3B667D0243891B631DA3B8EB1576108C88463B2F66979EAC80
T_I_NK cell markers	CD4+Tn	2	SELL	"SELL"	1.33840184744666	0	0	0.397	0.077	Supplementary Table 2. Marker genes for T/I/NK cell clusters, related to Figure S2, Figures 2-4.	F:/pan-gi-ici-ccc-20260709/GSE205506/supplement/mmc3.xlsx	28AA8BC71620AE3B667D0243891B631DA3B8EB1576108C88463B2F66979EAC80
T_I_NK cell markers	CD4+Tn	3	LEF1	"LEF1"	1.20386872592002	0	0	0.332	0.053	Supplementary Table 2. Marker genes for T/I/NK cell clusters, related to Figure S2, Figures 2-4.	F:/pan-gi-ici-ccc-20260709/GSE205506/supplement/mmc3.xlsx	28AA8BC71620AE3B667D0243891B631DA3B8EB1576108C88463B2F66979EAC80
T_I_NK cell markers	CD4+Tn	4	RPS3A	"RPS3A"	1.1231774813958	0	0	0.999	0.971	Supplementary Table 2. Marker genes for T/I/NK cell clusters, related to Figure S2, Figures 2-4.	F:/pan-gi-ici-ccc-20260709/GSE205506/supplement/mmc3.xlsx	28AA8BC71620AE3B667D0243891B631DA3B8EB1576108C88463B2F66979EAC80
T_I_NK cell markers	CD4+Tn	5	RPL32	"RPL32"	1.09321683765246	0	0	1	0.985	Supplementary Table 2. Marker genes for T/I/NK cell clusters, related to Figure S2, Figures 2-4.	F:/pan-gi-ici-ccc-20260709/GSE205506/supplement/mmc3.xlsx	28AA8BC71620AE3B667D0243891B631DA3B8EB1576108C88463B2F66979EAC80
T_I_NK cell markers	CD4+Tn	6	RPS13	"RPS13"	1.08652276734929	0	0	0.995	0.95	Supplementary Table 2. Marker genes for T/I/NK cell clusters, related to Figure S2, Figures 2-4.	F:/pan-gi-ici-ccc-20260709/GSE205506/supplement/mmc3.xlsx	28AA8BC71620AE3B667D0243891B631DA3B8EB1576108C88463B2F66979EAC80
T_I_NK cell markers	CD4+Tn	7	RPS12	"RPS12"	1.07201333522368	0	0	1	0.984	Supplementary Table 2. Marker genes for T/I/NK cell clusters, related to Figure S2, Figures 2-4.	F:/pan-gi-ici-ccc-20260709/GSE205506/supplement/mmc3.xlsx	28AA8BC71620AE3B667D0243891B631DA3B8EB1576108C88463B2F66979EAC80
T_I_NK cell markers	CD4+Tn	8	KLF2	"KLF2"	1.0588062528803	1.07526882582255e-270	2.69204303232933e-266	0.447	0.142	Supplementary Table 2. Marker genes for T/I/NK cell clusters, related to Figure S2, Figures 2-4.	F:/pan-gi-ici-ccc-20260709/GSE205506/supplement/mmc3.xlsx	28AA8BC71620AE3B667D0243891B631DA3B8EB1576108C88463B2F66979EAC80
T_I_NK cell markers	CD4+Tn	9	RPL34	"RPL34"	1.05374257320545	0	0	0.999	0.965	Supplementary Table 2. Marker genes for T/I/NK cell clusters, related to Figure S2, Figures 2-4.	F:/pan-gi-ici-ccc-20260709/GSE205506/supplement/mmc3.xlsx	28AA8BC71620AE3B667D0243891B631DA3B8EB1576108C88463B2F66979EAC80
T_I_NK cell markers	CD4+Tn	10	RPL22	"RPL22"	1.02759112478967	0	0	0.975	0.848	Supplementary Table 2. Marker genes for T/I/NK cell clusters, related to Figure S2, Figures 2-4.	F:/pan-gi-ici-ccc-20260709/GSE205506/supplement/mmc3.xlsx	28AA8BC71620AE3B667D0243891B631DA3B8EB1576108C88463B2F66979EAC80
T_I_NK cell markers	CD4+Treg	1	TNFRSF4	"TNFRSF4"	3.22694180424871	0	0	0.765	0.114	Supplementary Table 2. Marker genes for T/I/NK cell clusters, related to Figure S2, Figures 2-4.	F:/pan-gi-ici-ccc-20260709/GSE205506/supplement/mmc3.xlsx	28AA8BC71620AE3B667D0243891B631DA3B8EB1576108C88463B2F66979EAC80
T_I_NK cell markers	CD4+Treg	2	TNFRSF18	"TNFRSF18"	2.36094927592253	0	0	0.744	0.139	Supplementary Table 2. Marker genes for T/I/NK cell clusters, related to Figure S2, Figures 2-4.	F:/pan-gi-ici-ccc-20260709/GSE205506/supplement/mmc3.xlsx	28AA8BC71620AE3B667D0243891B631DA3B8EB1576108C88463B2F66979EAC80
T_I_NK cell markers	CD4+Treg	3	CTLA4	"CTLA4"	2.28207640238427	0	0	0.715	0.113	Supplementary Table 2. Marker genes for T/I/NK cell clusters, related to Figure S2, Figures 2-4.	F:/pan-gi-ici-ccc-20260709/GSE205506/supplement/mmc3.xlsx	28AA8BC71620AE3B667D0243891B631DA3B8EB1576108C88463B2F66979EAC80
T_I_NK cell markers	CD4+Treg	4	IL2RA	"IL2RA"	2.10156740453188	0	0	0.449	0.028	Supplementary Table 2. Marker genes for T/I/NK cell clusters, related to Figure S2, Figures 2-4.	F:/pan-gi-ici-ccc-20260709/GSE205506/supplement/mmc3.xlsx	28AA8BC71620AE3B667D0243891B631DA3B8EB1576108C88463B2F66979EAC80
T_I_NK cell markers	CD4+Treg	5	BATF	"BATF"	2.01124998771428	0	0	0.727	0.192	Supplementary Table 2. Marker genes for T/I/NK cell clusters, related to Figure S2, Figures 2-4.	F:/pan-gi-ici-ccc-20260709/GSE205506/supplement/mmc3.xlsx	28AA8BC71620AE3B667D0243891B631DA3B8EB1576108C88463B2F66979EAC80
T_I_NK cell markers	CD4+Treg	6	LINC01943	"LINC01943"	1.81862675128438	0	0	0.505	0.067	Supplementary Table 2. Marker genes for T/I/NK cell clusters, related to Figure S2, Figures 2-4.	F:/pan-gi-ici-ccc-20260709/GSE205506/supplement/mmc3.xlsx	28AA8BC71620AE3B667D0243891B631DA3B8EB1576108C88463B2F66979EAC80
T_I_NK cell markers	CD4+Treg	7	TNFRSF1B	"TNFRSF1B"	1.77155934525369	0	0	0.655	0.182	Supplementary Table 2. Marker genes for T/I/NK cell clusters, related to Figure S2, Figures 2-4.	F:/pan-gi-ici-ccc-20260709/GSE205506/supplement/mmc3.xlsx	28AA8BC71620AE3B667D0243891B631DA3B8EB1576108C88463B2F66979EAC80
T_I_NK cell markers	CD4+Treg	8	FOXP3	"FOXP3"	1.69203366822214	0	0	0.434	0.023	Supplementary Table 2. Marker genes for T/I/NK cell clusters, related to Figure S2, Figures 2-4.	F:/pan-gi-ici-ccc-20260709/GSE205506/supplement/mmc3.xlsx	28AA8BC71620AE3B667D0243891B631DA3B8EB1576108C88463B2F66979EAC80
T_I_NK cell markers	CD4+Treg	9	ICOS	"ICOS"	1.53464595498125	0	0	0.441	0.088	Supplementary Table 2. Marker genes for T/I/NK cell clusters, related to Figure S2, Figures 2-4.	F:/pan-gi-ici-ccc-20260709/GSE205506/supplement/mmc3.xlsx	28AA8BC71620AE3B667D0243891B631DA3B8EB1576108C88463B2F66979EAC80
T_I_NK cell markers	CD4+Treg	10	LTB	"LTB"	1.47493198271129	4.20208502601546e-242	1.05203400711323e-237	0.716	0.378	Supplementary Table 2. Marker genes for T/I/NK cell clusters, related to Figure S2, Figures 2-4.	F:/pan-gi-ici-ccc-20260709/GSE205506/supplement/mmc3.xlsx	28AA8BC71620AE3B667D0243891B631DA3B8EB1576108C88463B2F66979EAC80
T_I_NK cell markers	CD8 Trm-mitotic	1	PPIG	"PPIG"	0.255137814264266	5.38421340135293e-26	1.34799166716272e-21	0.466	0.274	Supplementary Table 2. Marker genes for T/I/NK cell clusters, related to Figure S2, Figures 2-4.	F:/pan-gi-ici-ccc-20260709/GSE205506/supplement/mmc3.xlsx	28AA8BC71620AE3B667D0243891B631DA3B8EB1576108C88463B2F66979EAC80
T_I_NK cell markers	CD8+IEL	1	FOS	"FOS"	2.04826248917944	0	0	0.891	0.456	Supplementary Table 2. Marker genes for T/I/NK cell clusters, related to Figure S2, Figures 2-4.	F:/pan-gi-ici-ccc-20260709/GSE205506/supplement/mmc3.xlsx	28AA8BC71620AE3B667D0243891B631DA3B8EB1576108C88463B2F66979EAC80
T_I_NK cell markers	CD8+IEL	2	NR4A2	"NR4A2"	1.90762990756574	0	0	0.597	0.168	Supplementary Table 2. Marker genes for T/I/NK cell clusters, related to Figure S2, Figures 2-4.	F:/pan-gi-ici-ccc-20260709/GSE205506/supplement/mmc3.xlsx	28AA8BC71620AE3B667D0243891B631DA3B8EB1576108C88463B2F66979EAC80
T_I_NK cell markers	CD8+IEL	3	AC020916.1	"AC020916.1"	1.81907515364655	0	0	0.496	0.134	Supplementary Table 2. Marker genes for T/I/NK cell clusters, related to Figure S2, Figures 2-4.	F:/pan-gi-ici-ccc-20260709/GSE205506/supplement/mmc3.xlsx	28AA8BC71620AE3B667D0243891B631DA3B8EB1576108C88463B2F66979EAC80
T_I_NK cell markers	CD8+IEL	4	CD69	"CD69"	1.79954645985944	0	0	0.822	0.451	Supplementary Table 2. Marker genes for T/I/NK cell clusters, related to Figure S2, Figures 2-4.	F:/pan-gi-ici-ccc-20260709/GSE205506/supplement/mmc3.xlsx	28AA8BC71620AE3B667D0243891B631DA3B8EB1576108C88463B2F66979EAC80
T_I_NK cell markers	CD8+IEL	5	FOSB	"FOSB"	1.71133827230463	0	0	0.81	0.342	Supplementary Table 2. Marker genes for T/I/NK cell clusters, related to Figure S2, Figures 2-4.	F:/pan-gi-ici-ccc-20260709/GSE205506/supplement/mmc3.xlsx	28AA8BC71620AE3B667D0243891B631DA3B8EB1576108C88463B2F66979EAC80
T_I_NK cell markers	CD8+IEL	6	DNAJB1	"DNAJB1"	1.67973358661385	3.47386068478521e-300	8.69715761042825e-296	0.691	0.319	Supplementary Table 2. Marker genes for T/I/NK cell clusters, related to Figure S2, Figures 2-4.	F:/pan-gi-ici-ccc-20260709/GSE205506/supplement/mmc3.xlsx	28AA8BC71620AE3B667D0243891B631DA3B8EB1576108C88463B2F66979EAC80
T_I_NK cell markers	CD8+IEL	7	HSPA1A	"HSPA1A"	1.66058037776895	3.55512247480344e-125	8.90060462791788e-121	0.531	0.293	Supplementary Table 2. Marker genes for T/I/NK cell clusters, related to Figure S2, Figures 2-4.	F:/pan-gi-ici-ccc-20260709/GSE205506/supplement/mmc3.xlsx	28AA8BC71620AE3B667D0243891B631DA3B8EB1576108C88463B2F66979EAC80
T_I_NK cell markers	CD8+IEL	8	NR4A1	"NR4A1"	1.65671598862288	0	0	0.38	0.068	Supplementary Table 2. Marker genes for T/I/NK cell clusters, related to Figure S2, Figures 2-4.	F:/pan-gi-ici-ccc-20260709/GSE205506/supplement/mmc3.xlsx	28AA8BC71620AE3B667D0243891B631DA3B8EB1576108C88463B2F66979EAC80
T_I_NK cell markers	CD8+IEL	9	HSPA1B	"HSPA1B"	1.64673484856567	1.53128656028682e-226	3.83372903233407e-222	0.672	0.343	Supplementary Table 2. Marker genes for T/I/NK cell clusters, related to Figure S2, Figures 2-4.	F:/pan-gi-ici-ccc-20260709/GSE205506/supplement/mmc3.xlsx	28AA8BC71620AE3B667D0243891B631DA3B8EB1576108C88463B2F66979EAC80
T_I_NK cell markers	CD8+IEL	10	JUN	"JUN"	1.64319771088469	0	0	0.94	0.669	Supplementary Table 2. Marker genes for T/I/NK cell clusters, related to Figure S2, Figures 2-4.	F:/pan-gi-ici-ccc-20260709/GSE205506/supplement/mmc3.xlsx	28AA8BC71620AE3B667D0243891B631DA3B8EB1576108C88463B2F66979EAC80
T_I_NK cell markers	CD8+MAIT	1	CD8A	"CD8A"	1.27659408818323	0	0	0.743	0.282	Supplementary Table 2. Marker genes for T/I/NK cell clusters, related to Figure S2, Figures 2-4.	F:/pan-gi-ici-ccc-20260709/GSE205506/supplement/mmc3.xlsx	28AA8BC71620AE3B667D0243891B631DA3B8EB1576108C88463B2F66979EAC80
T_I_NK cell markers	CD8+MAIT	2	KLRB1	"KLRB1"	1.14306590771587	4.2807056946639e-172	1.07171747771605e-167	0.628	0.368	Supplementary Table 2. Marker genes for T/I/NK cell clusters, related to Figure S2, Figures 2-4.	F:/pan-gi-ici-ccc-20260709/GSE205506/supplement/mmc3.xlsx	28AA8BC71620AE3B667D0243891B631DA3B8EB1576108C88463B2F66979EAC80
T_I_NK cell markers	CD8+MAIT	3	LINC01871	"LINC01871"	0.978083566943473	2.66564537672146e-229	6.67370976515985e-225	0.51	0.206	Supplementary Table 2. Marker genes for T/I/NK cell clusters, related to Figure S2, Figures 2-4.	F:/pan-gi-ici-ccc-20260709/GSE205506/supplement/mmc3.xlsx	28AA8BC71620AE3B667D0243891B631DA3B8EB1576108C88463B2F66979EAC80
T_I_NK cell markers	CD8+MAIT	4	CD8B	"CD8B"	0.939332790080987	8.22051510276449e-257	2.05808816112812e-252	0.551	0.212	Supplementary Table 2. Marker genes for T/I/NK cell clusters, related to Figure S2, Figures 2-4.	F:/pan-gi-ici-ccc-20260709/GSE205506/supplement/mmc3.xlsx	28AA8BC71620AE3B667D0243891B631DA3B8EB1576108C88463B2F66979EAC80
T_I_NK cell markers	CD8+MAIT	5	OSTF1	"OSTF1"	0.794010751895228	1.64360866708507e-134	4.11493865891419e-130	0.494	0.263	Supplementary Table 2. Marker genes for T/I/NK cell clusters, related to Figure S2, Figures 2-4.	F:/pan-gi-ici-ccc-20260709/GSE205506/supplement/mmc3.xlsx	28AA8BC71620AE3B667D0243891B631DA3B8EB1576108C88463B2F66979EAC80
T_I_NK cell markers	CD8+MAIT	6	JAML	"JAML"	0.792197472360831	5.18507802220277e-158	1.29813613363869e-153	0.373	0.149	Supplementary Table 2. Marker genes for T/I/NK cell clusters, related to Figure S2, Figures 2-4.	F:/pan-gi-ici-ccc-20260709/GSE205506/supplement/mmc3.xlsx	28AA8BC71620AE3B667D0243891B631DA3B8EB1576108C88463B2F66979EAC80
T_I_NK cell markers	CD8+MAIT	7	TMIGD2	"TMIGD2"	0.786654471497024	3.62452690336016e-163	9.0743655552525e-159	0.302	0.103	Supplementary Table 2. Marker genes for T/I/NK cell clusters, related to Figure S2, Figures 2-4.	F:/pan-gi-ici-ccc-20260709/GSE205506/supplement/mmc3.xlsx	28AA8BC71620AE3B667D0243891B631DA3B8EB1576108C88463B2F66979EAC80
T_I_NK cell markers	CD8+MAIT	8	CAPG	"CAPG"	0.768205426213734	7.80926328550222e-152	1.95512715615834e-147	0.39	0.163	Supplementary Table 2. Marker genes for T/I/NK cell clusters, related to Figure S2, Figures 2-4.	F:/pan-gi-ici-ccc-20260709/GSE205506/supplement/mmc3.xlsx	28AA8BC71620AE3B667D0243891B631DA3B8EB1576108C88463B2F66979EAC80
T_I_NK cell markers	CD8+MAIT	9	TRGC2	"TRGC2"	0.73095101205606	5.32356033551226e-144	1.33280656559885e-139	0.489	0.229	Supplementary Table 2. Marker genes for T/I/NK cell clusters, related to Figure S2, Figures 2-4.	F:/pan-gi-ici-ccc-20260709/GSE205506/supplement/mmc3.xlsx	28AA8BC71620AE3B667D0243891B631DA3B8EB1576108C88463B2F66979EAC80
T_I_NK cell markers	CD8+MAIT	10	ITGA1	"ITGA1"	0.718081454871579	4.69702617005944e-153	1.17594747193608e-148	0.434	0.187	Supplementary Table 2. Marker genes for T/I/NK cell clusters, related to Figure S2, Figures 2-4.	F:/pan-gi-ici-ccc-20260709/GSE205506/supplement/mmc3.xlsx	28AA8BC71620AE3B667D0243891B631DA3B8EB1576108C88463B2F66979EAC80
T_I_NK cell markers	CD8+Tem	1	GZMK	"GZMK"	2.83377804289198	0	0	0.955	0.191	Supplementary Table 2. Marker genes for T/I/NK cell clusters, related to Figure S2, Figures 2-4.	F:/pan-gi-ici-ccc-20260709/GSE205506/supplement/mmc3.xlsx	28AA8BC71620AE3B667D0243891B631DA3B8EB1576108C88463B2F66979EAC80
T_I_NK cell markers	CD8+Tem	2	CMC1	"CMC1"	1.68336115197619	0	0	0.447	0.122	Supplementary Table 2. Marker genes for T/I/NK cell clusters, related to Figure S2, Figures 2-4.	F:/pan-gi-ici-ccc-20260709/GSE205506/supplement/mmc3.xlsx	28AA8BC71620AE3B667D0243891B631DA3B8EB1576108C88463B2F66979EAC80
T_I_NK cell markers	CD8+Tem	3	CST7	"CST7"	1.55385313328307	0	0	0.848	0.439	Supplementary Table 2. Marker genes for T/I/NK cell clusters, related to Figure S2, Figures 2-4.	F:/pan-gi-ici-ccc-20260709/GSE205506/supplement/mmc3.xlsx	28AA8BC71620AE3B667D0243891B631DA3B8EB1576108C88463B2F66979EAC80
T_I_NK cell markers	CD8+Tem	4	KLRG1	"KLRG1"	1.51609141682444	0	0	0.35	0.06	Supplementary Table 2. Marker genes for T/I/NK cell clusters, related to Figure S2, Figures 2-4.	F:/pan-gi-ici-ccc-20260709/GSE205506/supplement/mmc3.xlsx	28AA8BC71620AE3B667D0243891B631DA3B8EB1576108C88463B2F66979EAC80
T_I_NK cell markers	CD8+Tem	5	DUSP2	"DUSP2"	1.08791034539737	2.46189953992925e-182	6.16361168816686e-178	0.485	0.273	Supplementary Table 2. Marker genes for T/I/NK cell clusters, related to Figure S2, Figures 2-4.	F:/pan-gi-ici-ccc-20260709/GSE205506/supplement/mmc3.xlsx	28AA8BC71620AE3B667D0243891B631DA3B8EB1576108C88463B2F66979EAC80
T_I_NK cell markers	CD8+Tem	6	LYAR	"LYAR"	1.06957031887468	2.11660162436679e-232	5.29912382676469e-228	0.387	0.166	Supplementary Table 2. Marker genes for T/I/NK cell clusters, related to Figure S2, Figures 2-4.	F:/pan-gi-ici-ccc-20260709/GSE205506/supplement/mmc3.xlsx	28AA8BC71620AE3B667D0243891B631DA3B8EB1576108C88463B2F66979EAC80
T_I_NK cell markers	CD8+Tem	7	IGKC	"IGKC"	1.06281235818771	4.13003990462402e-291	1.03399679052167e-286	0.777	0.558	Supplementary Table 2. Marker genes for T/I/NK cell clusters, related to Figure S2, Figures 2-4.	F:/pan-gi-ici-ccc-20260709/GSE205506/supplement/mmc3.xlsx	28AA8BC71620AE3B667D0243891B631DA3B8EB1576108C88463B2F66979EAC80
T_I_NK cell markers	CD8+Tem	8	LYZ	"LYZ"	1.00211220115416	3.09106463423337e-158	7.73878941826667e-154	0.316	0.142	Supplementary Table 2. Marker genes for T/I/NK cell clusters, related to Figure S2, Figures 2-4.	F:/pan-gi-ici-ccc-20260709/GSE205506/supplement/mmc3.xlsx	28AA8BC71620AE3B667D0243891B631DA3B8EB1576108C88463B2F66979EAC80
T_I_NK cell markers	CD8+Tem	9	GZMM	"GZMM"	0.993148516950235	1.83363061097041e-204	4.59067759762551e-200	0.477	0.263	Supplementary Table 2. Marker genes for T/I/NK cell clusters, related to Figure S2, Figures 2-4.	F:/pan-gi-ici-ccc-20260709/GSE205506/supplement/mmc3.xlsx	28AA8BC71620AE3B667D0243891B631DA3B8EB1576108C88463B2F66979EAC80
T_I_NK cell markers	CD8+Tem	10	CLDND1	"CLDND1"	0.973600551153458	1.03989290667207e-101	2.60347588114419e-97	0.341	0.208	Supplementary Table 2. Marker genes for T/I/NK cell clusters, related to Figure S2, Figures 2-4.	F:/pan-gi-ici-ccc-20260709/GSE205506/supplement/mmc3.xlsx	28AA8BC71620AE3B667D0243891B631DA3B8EB1576108C88463B2F66979EAC80
T_I_NK cell markers	CD8+Trm	1	CCL4L2	"CCL4L2"	2.48214006261246	0	0	0.519	0.165	Supplementary Table 2. Marker genes for T/I/NK cell clusters, related to Figure S2, Figures 2-4.	F:/pan-gi-ici-ccc-20260709/GSE205506/supplement/mmc3.xlsx	28AA8BC71620AE3B667D0243891B631DA3B8EB1576108C88463B2F66979EAC80
T_I_NK cell markers	CD8+Trm	2	CCL4	"CCL4"	2.22186010721427	0	0	0.843	0.312	Supplementary Table 2. Marker genes for T/I/NK cell clusters, related to Figure S2, Figures 2-4.	F:/pan-gi-ici-ccc-20260709/GSE205506/supplement/mmc3.xlsx	28AA8BC71620AE3B667D0243891B631DA3B8EB1576108C88463B2F66979EAC80
T_I_NK cell markers	CD8+Trm	3	GZMH	"GZMH"	2.06419653036105	0	0	0.698	0.157	Supplementary Table 2. Marker genes for T/I/NK cell clusters, related to Figure S2, Figures 2-4.	F:/pan-gi-ici-ccc-20260709/GSE205506/supplement/mmc3.xlsx	28AA8BC71620AE3B667D0243891B631DA3B8EB1576108C88463B2F66979EAC80
T_I_NK cell markers	CD8+Trm	4	CCL3	"CCL3"	1.97260905870059	0	0	0.402	0.102	Supplementary Table 2. Marker genes for T/I/NK cell clusters, related to Figure S2, Figures 2-4.	F:/pan-gi-ici-ccc-20260709/GSE205506/supplement/mmc3.xlsx	28AA8BC71620AE3B667D0243891B631DA3B8EB1576108C88463B2F66979EAC80
T_I_NK cell markers	CD8+Trm	5	GZMB	"GZMB"	1.61771084316136	0	0	0.58	0.18	Supplementary Table 2. Marker genes for T/I/NK cell clusters, related to Figure S2, Figures 2-4.	F:/pan-gi-ici-ccc-20260709/GSE205506/supplement/mmc3.xlsx	28AA8BC71620AE3B667D0243891B631DA3B8EB1576108C88463B2F66979EAC80
T_I_NK cell markers	CD8+Trm	6	IFNG	"IFNG"	1.61752028311412	0	0	0.46	0.13	Supplementary Table 2. Marker genes for T/I/NK cell clusters, related to Figure S2, Figures 2-4.	F:/pan-gi-ici-ccc-20260709/GSE205506/supplement/mmc3.xlsx	28AA8BC71620AE3B667D0243891B631DA3B8EB1576108C88463B2F66979EAC80
T_I_NK cell markers	CD8+Trm	7	NKG7	"NKG7"	1.54817633277978	0	0	0.924	0.445	Supplementary Table 2. Marker genes for T/I/NK cell clusters, related to Figure S2, Figures 2-4.	F:/pan-gi-ici-ccc-20260709/GSE205506/supplement/mmc3.xlsx	28AA8BC71620AE3B667D0243891B631DA3B8EB1576108C88463B2F66979EAC80
T_I_NK cell markers	CD8+Trm	8	HLA-DRB1	"HLA-DRB1"	1.39176890069216	0	0	0.746	0.368	Supplementary Table 2. Marker genes for T/I/NK cell clusters, related to Figure S2, Figures 2-4.	F:/pan-gi-ici-ccc-20260709/GSE205506/supplement/mmc3.xlsx	28AA8BC71620AE3B667D0243891B631DA3B8EB1576108C88463B2F66979EAC80
T_I_NK cell markers	CD8+Trm	9	CD8A	"CD8A"	1.28729848042209	0	0	0.696	0.275	Supplementary Table 2. Marker genes for T/I/NK cell clusters, related to Figure S2, Figures 2-4.	F:/pan-gi-ici-ccc-20260709/GSE205506/supplement/mmc3.xlsx	28AA8BC71620AE3B667D0243891B631DA3B8EB1576108C88463B2F66979EAC80
T_I_NK cell markers	CD8+Trm	10	CCL3L1	"CCL3L1"	1.27189495977497	4.0480069627408e-161	1.01345902319179e-156	0.262	0.097	Supplementary Table 2. Marker genes for T/I/NK cell clusters, related to Figure S2, Figures 2-4.	F:/pan-gi-ici-ccc-20260709/GSE205506/supplement/mmc3.xlsx	28AA8BC71620AE3B667D0243891B631DA3B8EB1576108C88463B2F66979EAC80
T_I_NK cell markers	CD8+Trm-mitotic	1	STMN1	"STMN1"	3.75305535312793	0	0	0.929	0.097	Supplementary Table 2. Marker genes for T/I/NK cell clusters, related to Figure S2, Figures 2-4.	F:/pan-gi-ici-ccc-20260709/GSE205506/supplement/mmc3.xlsx	28AA8BC71620AE3B667D0243891B631DA3B8EB1576108C88463B2F66979EAC80
T_I_NK cell markers	CD8+Trm-mitotic	2	HMGB2	"HMGB2"	2.79333661822622	0	0	0.901	0.336	Supplementary Table 2. Marker genes for T/I/NK cell clusters, related to Figure S2, Figures 2-4.	F:/pan-gi-ici-ccc-20260709/GSE205506/supplement/mmc3.xlsx	28AA8BC71620AE3B667D0243891B631DA3B8EB1576108C88463B2F66979EAC80
T_I_NK cell markers	CD8+Trm-mitotic	3	UBE2C	"UBE2C"	2.65848166280672	0	0	0.542	0.01	Supplementary Table 2. Marker genes for T/I/NK cell clusters, related to Figure S2, Figures 2-4.	F:/pan-gi-ici-ccc-20260709/GSE205506/supplement/mmc3.xlsx	28AA8BC71620AE3B667D0243891B631DA3B8EB1576108C88463B2F66979EAC80
T_I_NK cell markers	CD8+Trm-mitotic	4	TUBA1B	"TUBA1B"	2.54587521439599	0	0	0.911	0.397	Supplementary Table 2. Marker genes for T/I/NK cell clusters, related to Figure S2, Figures 2-4.	F:/pan-gi-ici-ccc-20260709/GSE205506/supplement/mmc3.xlsx	28AA8BC71620AE3B667D0243891B631DA3B8EB1576108C88463B2F66979EAC80
T_I_NK cell markers	CD8+Trm-mitotic	5	ASPM	"ASPM"	2.52794054344169	0	0	0.486	0.009	Supplementary Table 2. Marker genes for T/I/NK cell clusters, related to Figure S2, Figures 2-4.	F:/pan-gi-ici-ccc-20260709/GSE205506/supplement/mmc3.xlsx	28AA8BC71620AE3B667D0243891B631DA3B8EB1576108C88463B2F66979EAC80
T_I_NK cell markers	CD8+Trm-mitotic	6	PCLAF	"PCLAF"	2.5037454498872	0	0	0.674	0.021	Supplementary Table 2. Marker genes for T/I/NK cell clusters, related to Figure S2, Figures 2-4.	F:/pan-gi-ici-ccc-20260709/GSE205506/supplement/mmc3.xlsx	28AA8BC71620AE3B667D0243891B631DA3B8EB1576108C88463B2F66979EAC80
T_I_NK cell markers	CD8+Trm-mitotic	7	TUBB	"TUBB"	2.47638878890463	0	0	0.861	0.297	Supplementary Table 2. Marker genes for T/I/NK cell clusters, related to Figure S2, Figures 2-4.	F:/pan-gi-ici-ccc-20260709/GSE205506/supplement/mmc3.xlsx	28AA8BC71620AE3B667D0243891B631DA3B8EB1576108C88463B2F66979EAC80
T_I_NK cell markers	CD8+Trm-mitotic	8	TYMS	"TYMS"	2.37733870401532	0	0	0.598	0.014	Supplementary Table 2. Marker genes for T/I/NK cell clusters, related to Figure S2, Figures 2-4.	F:/pan-gi-ici-ccc-20260709/GSE205506/supplement/mmc3.xlsx	28AA8BC71620AE3B667D0243891B631DA3B8EB1576108C88463B2F66979EAC80
T_I_NK cell markers	CD8+Trm-mitotic	9	MKI67	"MKI67"	2.30994397239458	0	0	0.56	0.015	Supplementary Table 2. Marker genes for T/I/NK cell clusters, related to Figure S2, Figures 2-4.	F:/pan-gi-ici-ccc-20260709/GSE205506/supplement/mmc3.xlsx	28AA8BC71620AE3B667D0243891B631DA3B8EB1576108C88463B2F66979EAC80
T_I_NK cell markers	CD8+Trm-mitotic	10	TOP2A	"TOP2A"	2.26513110321425	0	0	0.528	0.013	Supplementary Table 2. Marker genes for T/I/NK cell clusters, related to Figure S2, Figures 2-4.	F:/pan-gi-ici-ccc-20260709/GSE205506/supplement/mmc3.xlsx	28AA8BC71620AE3B667D0243891B631DA3B8EB1576108C88463B2F66979EAC80
T_I_NK cell markers	ILC3	1	LST1	"LST1"	2.91775447004451	0	0	0.672	0.041	Supplementary Table 2. Marker genes for T/I/NK cell clusters, related to Figure S2, Figures 2-4.	F:/pan-gi-ici-ccc-20260709/GSE205506/supplement/mmc3.xlsx	28AA8BC71620AE3B667D0243891B631DA3B8EB1576108C88463B2F66979EAC80
T_I_NK cell markers	ILC3	2	AREG	"AREG"	2.53357964715048	2.83758929810129e-86	7.10418856672639e-82	0.344	0.045	Supplementary Table 2. Marker genes for T/I/NK cell clusters, related to Figure S2, Figures 2-4.	F:/pan-gi-ici-ccc-20260709/GSE205506/supplement/mmc3.xlsx	28AA8BC71620AE3B667D0243891B631DA3B8EB1576108C88463B2F66979EAC80
T_I_NK cell markers	ILC3	3	IL7R	"IL7R"	2.22126371186493	1.22220113459269e-80	3.05990276056626e-76	0.935	0.419	Supplementary Table 2. Marker genes for T/I/NK cell clusters, related to Figure S2, Figures 2-4.	F:/pan-gi-ici-ccc-20260709/GSE205506/supplement/mmc3.xlsx	28AA8BC71620AE3B667D0243891B631DA3B8EB1576108C88463B2F66979EAC80
T_I_NK cell markers	ILC3	4	PCDH9	"PCDH9"	2.12541357627934	0	0	0.435	0.001	Supplementary Table 2. Marker genes for T/I/NK cell clusters, related to Figure S2, Figures 2-4.	F:/pan-gi-ici-ccc-20260709/GSE205506/supplement/mmc3.xlsx	28AA8BC71620AE3B667D0243891B631DA3B8EB1576108C88463B2F66979EAC80
T_I_NK cell markers	ILC3	5	LTB	"LTB"	2.05008641065765	1.57933348169615e-63	3.95401930477449e-59	0.855	0.399	Supplementary Table 2. Marker genes for T/I/NK cell clusters, related to Figure S2, Figures 2-4.	F:/pan-gi-ici-ccc-20260709/GSE205506/supplement/mmc3.xlsx	28AA8BC71620AE3B667D0243891B631DA3B8EB1576108C88463B2F66979EAC80
T_I_NK cell markers	ILC3	6	KRT86	"KRT86"	1.99657034274851	0	0	0.462	0.023	Supplementary Table 2. Marker genes for T/I/NK cell clusters, related to Figure S2, Figures 2-4.	F:/pan-gi-ici-ccc-20260709/GSE205506/supplement/mmc3.xlsx	28AA8BC71620AE3B667D0243891B631DA3B8EB1576108C88463B2F66979EAC80
T_I_NK cell markers	ILC3	7	IL4I1	"IL4I1"	1.96716941169386	1.00427962318072e-240	2.51431446459525e-236	0.419	0.025	Supplementary Table 2. Marker genes for T/I/NK cell clusters, related to Figure S2, Figures 2-4.	F:/pan-gi-ici-ccc-20260709/GSE205506/supplement/mmc3.xlsx	28AA8BC71620AE3B667D0243891B631DA3B8EB1576108C88463B2F66979EAC80
T_I_NK cell markers	ILC3	8	KRT81	"KRT81"	1.82772852042598	1.66249388384558e-242	4.16221968759579e-238	0.382	0.02	Supplementary Table 2. Marker genes for T/I/NK cell clusters, related to Figure S2, Figures 2-4.	F:/pan-gi-ici-ccc-20260709/GSE205506/supplement/mmc3.xlsx	28AA8BC71620AE3B667D0243891B631DA3B8EB1576108C88463B2F66979EAC80
T_I_NK cell markers	ILC3	9	KIT	"KIT"	1.82139490268004	0	0	0.392	0.004	Supplementary Table 2. Marker genes for T/I/NK cell clusters, related to Figure S2, Figures 2-4.	F:/pan-gi-ici-ccc-20260709/GSE205506/supplement/mmc3.xlsx	28AA8BC71620AE3B667D0243891B631DA3B8EB1576108C88463B2F66979EAC80
T_I_NK cell markers	ILC3	10	TNFSF13B	"TNFSF13B"	1.80339783862035	1.26571635360661e-161	3.16884746288951e-157	0.505	0.053	Supplementary Table 2. Marker genes for T/I/NK cell clusters, related to Figure S2, Figures 2-4.	F:/pan-gi-ici-ccc-20260709/GSE205506/supplement/mmc3.xlsx	28AA8BC71620AE3B667D0243891B631DA3B8EB1576108C88463B2F66979EAC80
T_I_NK cell markers	NK-FGFBP2	1	FGFBP2	"FGFBP2"	3.53440985755545	0	0	0.735	0.01	Supplementary Table 2. Marker genes for T/I/NK cell clusters, related to Figure S2, Figures 2-4.	F:/pan-gi-ici-ccc-20260709/GSE205506/supplement/mmc3.xlsx	28AA8BC71620AE3B667D0243891B631DA3B8EB1576108C88463B2F66979EAC80
T_I_NK cell markers	NK-FGFBP2	2	FCGR3A	"FCGR3A"	3.24614281763299	0	0	0.817	0.028	Supplementary Table 2. Marker genes for T/I/NK cell clusters, related to Figure S2, Figures 2-4.	F:/pan-gi-ici-ccc-20260709/GSE205506/supplement/mmc3.xlsx	28AA8BC71620AE3B667D0243891B631DA3B8EB1576108C88463B2F66979EAC80
T_I_NK cell markers	NK-FGFBP2	3	PRF1	"PRF1"	2.947000721855	8.34877673240263e-179	2.09019974272432e-174	0.891	0.238	Supplementary Table 2. Marker genes for T/I/NK cell clusters, related to Figure S2, Figures 2-4.	F:/pan-gi-ici-ccc-20260709/GSE205506/supplement/mmc3.xlsx	28AA8BC71620AE3B667D0243891B631DA3B8EB1576108C88463B2F66979EAC80
T_I_NK cell markers	NK-FGFBP2	4	KLRF1	"KLRF1"	2.8592452711888	0	0	0.726	0.013	Supplementary Table 2. Marker genes for T/I/NK cell clusters, related to Figure S2, Figures 2-4.	F:/pan-gi-ici-ccc-20260709/GSE205506/supplement/mmc3.xlsx	28AA8BC71620AE3B667D0243891B631DA3B8EB1576108C88463B2F66979EAC80
T_I_NK cell markers	NK-FGFBP2	5	GNLY	"GNLY"	2.79695830676559	3.86106686000825e-224	9.66656699071664e-220	0.957	0.186	Supplementary Table 2. Marker genes for T/I/NK cell clusters, related to Figure S2, Figures 2-4.	F:/pan-gi-ici-ccc-20260709/GSE205506/supplement/mmc3.xlsx	28AA8BC71620AE3B667D0243891B631DA3B8EB1576108C88463B2F66979EAC80
T_I_NK cell markers	NK-FGFBP2	6	NKG7	"NKG7"	2.4870501568669	1.40634404901388e-133	3.52092296111114e-129	0.987	0.493	Supplementary Table 2. Marker genes for T/I/NK cell clusters, related to Figure S2, Figures 2-4.	F:/pan-gi-ici-ccc-20260709/GSE205506/supplement/mmc3.xlsx	28AA8BC71620AE3B667D0243891B631DA3B8EB1576108C88463B2F66979EAC80
T_I_NK cell markers	NK-FGFBP2	7	SPON2	"SPON2"	2.38365864740625	1.72594315869101e-200	4.32107129209881e-196	0.552	0.065	Supplementary Table 2. Marker genes for T/I/NK cell clusters, related to Figure S2, Figures 2-4.	F:/pan-gi-ici-ccc-20260709/GSE205506/supplement/mmc3.xlsx	28AA8BC71620AE3B667D0243891B631DA3B8EB1576108C88463B2F66979EAC80
T_I_NK cell markers	NK-FGFBP2	8	KLF2	"KLF2"	2.35438143371362	2.01750608472328e-170	5.05102823371319e-166	0.804	0.16	Supplementary Table 2. Marker genes for T/I/NK cell clusters, related to Figure S2, Figures 2-4.	F:/pan-gi-ici-ccc-20260709/GSE205506/supplement/mmc3.xlsx	28AA8BC71620AE3B667D0243891B631DA3B8EB1576108C88463B2F66979EAC80
T_I_NK cell markers	NK-FGFBP2	9	GZMB	"GZMB"	2.31034339818424	8.11126030951131e-174	2.03073513108925e-169	0.922	0.218	Supplementary Table 2. Marker genes for T/I/NK cell clusters, related to Figure S2, Figures 2-4.	F:/pan-gi-ici-ccc-20260709/GSE205506/supplement/mmc3.xlsx	28AA8BC71620AE3B667D0243891B631DA3B8EB1576108C88463B2F66979EAC80
T_I_NK cell markers	NK-FGFBP2	10	TYROBP	"TYROBP"	2.30313401312908	2.05808489742824e-247	5.15262134920135e-243	0.765	0.1	Supplementary Table 2. Marker genes for T/I/NK cell clusters, related to Figure S2, Figures 2-4.	F:/pan-gi-ici-ccc-20260709/GSE205506/supplement/mmc3.xlsx	28AA8BC71620AE3B667D0243891B631DA3B8EB1576108C88463B2F66979EAC80
T_I_NK cell markers	NK-GNLY	1	GNLY	"GNLY"	3.37950128158869	0	0	0.798	0.141	Supplementary Table 2. Marker genes for T/I/NK cell clusters, related to Figure S2, Figures 2-4.	F:/pan-gi-ici-ccc-20260709/GSE205506/supplement/mmc3.xlsx	28AA8BC71620AE3B667D0243891B631DA3B8EB1576108C88463B2F66979EAC80
T_I_NK cell markers	NK-GNLY	2	TRDC	"TRDC"	2.3397826487423	0	0	0.66	0.093	Supplementary Table 2. Marker genes for T/I/NK cell clusters, related to Figure S2, Figures 2-4.	F:/pan-gi-ici-ccc-20260709/GSE205506/supplement/mmc3.xlsx	28AA8BC71620AE3B667D0243891B631DA3B8EB1576108C88463B2F66979EAC80
T_I_NK cell markers	NK-GNLY	3	TYROBP	"TYROBP"	2.21925675318989	0	0	0.477	0.074	Supplementary Table 2. Marker genes for T/I/NK cell clusters, related to Figure S2, Figures 2-4.	F:/pan-gi-ici-ccc-20260709/GSE205506/supplement/mmc3.xlsx	28AA8BC71620AE3B667D0243891B631DA3B8EB1576108C88463B2F66979EAC80
T_I_NK cell markers	NK-GNLY	4	CTSW	"CTSW"	2.04244333574735	0	0	0.784	0.258	Supplementary Table 2. Marker genes for T/I/NK cell clusters, related to Figure S2, Figures 2-4.	F:/pan-gi-ici-ccc-20260709/GSE205506/supplement/mmc3.xlsx	28AA8BC71620AE3B667D0243891B631DA3B8EB1576108C88463B2F66979EAC80
T_I_NK cell markers	NK-GNLY	5	KLRC1	"KLRC1"	2.0413579945222	0	0	0.435	0.073	Supplementary Table 2. Marker genes for T/I/NK cell clusters, related to Figure S2, Figures 2-4.	F:/pan-gi-ici-ccc-20260709/GSE205506/supplement/mmc3.xlsx	28AA8BC71620AE3B667D0243891B631DA3B8EB1576108C88463B2F66979EAC80
T_I_NK cell markers	NK-GNLY	6	KLRD1	"KLRD1"	1.82581381928954	0	0	0.796	0.234	Supplementary Table 2. Marker genes for T/I/NK cell clusters, related to Figure S2, Figures 2-4.	F:/pan-gi-ici-ccc-20260709/GSE205506/supplement/mmc3.xlsx	28AA8BC71620AE3B667D0243891B631DA3B8EB1576108C88463B2F66979EAC80
T_I_NK cell markers	NK-GNLY	7	GZMB	"GZMB"	1.60519331996862	0	0	0.559	0.195	Supplementary Table 2. Marker genes for T/I/NK cell clusters, related to Figure S2, Figures 2-4.	F:/pan-gi-ici-ccc-20260709/GSE205506/supplement/mmc3.xlsx	28AA8BC71620AE3B667D0243891B631DA3B8EB1576108C88463B2F66979EAC80
T_I_NK cell markers	NK-GNLY	8	FCER1G	"FCER1G"	1.59865271182418	0	0	0.348	0.069	Supplementary Table 2. Marker genes for T/I/NK cell clusters, related to Figure S2, Figures 2-4.	F:/pan-gi-ici-ccc-20260709/GSE205506/supplement/mmc3.xlsx	28AA8BC71620AE3B667D0243891B631DA3B8EB1576108C88463B2F66979EAC80
T_I_NK cell markers	NK-GNLY	9	HOPX	"HOPX"	1.50074406399397	0	0	0.637	0.223	Supplementary Table 2. Marker genes for T/I/NK cell clusters, related to Figure S2, Figures 2-4.	F:/pan-gi-ici-ccc-20260709/GSE205506/supplement/mmc3.xlsx	28AA8BC71620AE3B667D0243891B631DA3B8EB1576108C88463B2F66979EAC80
T_I_NK cell markers	NK-GNLY	10	NKG7	"NKG7"	1.42259912479671	0	0	0.909	0.461	Supplementary Table 2. Marker genes for T/I/NK cell clusters, related to Figure S2, Figures 2-4.	F:/pan-gi-ici-ccc-20260709/GSE205506/supplement/mmc3.xlsx	28AA8BC71620AE3B667D0243891B631DA3B8EB1576108C88463B2F66979EAC80
T_I_NK cell markers	γδ T	1	KLRC2	"KLRC2"	2.1606397197555	0	0	0.65	0.099	Supplementary Table 2. Marker genes for T/I/NK cell clusters, related to Figure S2, Figures 2-4.	F:/pan-gi-ici-ccc-20260709/GSE205506/supplement/mmc3.xlsx	28AA8BC71620AE3B667D0243891B631DA3B8EB1576108C88463B2F66979EAC80
T_I_NK cell markers	γδ T	2	TRDC	"TRDC"	2.10584680099649	0	0	0.584	0.109	Supplementary Table 2. Marker genes for T/I/NK cell clusters, related to Figure S2, Figures 2-4.	F:/pan-gi-ici-ccc-20260709/GSE205506/supplement/mmc3.xlsx	28AA8BC71620AE3B667D0243891B631DA3B8EB1576108C88463B2F66979EAC80
T_I_NK cell markers	γδ T	3	CD160	"CD160"	1.93229703729261	0	0	0.58	0.065	Supplementary Table 2. Marker genes for T/I/NK cell clusters, related to Figure S2, Figures 2-4.	F:/pan-gi-ici-ccc-20260709/GSE205506/supplement/mmc3.xlsx	28AA8BC71620AE3B667D0243891B631DA3B8EB1576108C88463B2F66979EAC80
T_I_NK cell markers	γδ T	4	TRGC2	"TRGC2"	1.75689102024574	0	0	0.718	0.22	Supplementary Table 2. Marker genes for T/I/NK cell clusters, related to Figure S2, Figures 2-4.	F:/pan-gi-ici-ccc-20260709/GSE205506/supplement/mmc3.xlsx	28AA8BC71620AE3B667D0243891B631DA3B8EB1576108C88463B2F66979EAC80
T_I_NK cell markers	γδ T	5	TRGC1	"TRGC1"	1.6032750597022	0	0	0.372	0.071	Supplementary Table 2. Marker genes for T/I/NK cell clusters, related to Figure S2, Figures 2-4.	F:/pan-gi-ici-ccc-20260709/GSE205506/supplement/mmc3.xlsx	28AA8BC71620AE3B667D0243891B631DA3B8EB1576108C88463B2F66979EAC80
T_I_NK cell markers	γδ T	6	KIR2DL4	"KIR2DL4"	1.48780347532987	0	0	0.43	0.046	Supplementary Table 2. Marker genes for T/I/NK cell clusters, related to Figure S2, Figures 2-4.	F:/pan-gi-ici-ccc-20260709/GSE205506/supplement/mmc3.xlsx	28AA8BC71620AE3B667D0243891B631DA3B8EB1576108C88463B2F66979EAC80
T_I_NK cell markers	γδ T	7	ITGA1	"ITGA1"	1.46701445498445	0	0	0.635	0.18	Supplementary Table 2. Marker genes for T/I/NK cell clusters, related to Figure S2, Figures 2-4.	F:/pan-gi-ici-ccc-20260709/GSE205506/supplement/mmc3.xlsx	28AA8BC71620AE3B667D0243891B631DA3B8EB1576108C88463B2F66979EAC80
T_I_NK cell markers	γδ T	8	HOPX	"HOPX"	1.45950827930364	0	0	0.726	0.225	Supplementary Table 2. Marker genes for T/I/NK cell clusters, related to Figure S2, Figures 2-4.	F:/pan-gi-ici-ccc-20260709/GSE205506/supplement/mmc3.xlsx	28AA8BC71620AE3B667D0243891B631DA3B8EB1576108C88463B2F66979EAC80
T_I_NK cell markers	γδ T	9	TMIGD2	"TMIGD2"	1.43621668813613	0	0	0.502	0.095	Supplementary Table 2. Marker genes for T/I/NK cell clusters, related to Figure S2, Figures 2-4.	F:/pan-gi-ici-ccc-20260709/GSE205506/supplement/mmc3.xlsx	28AA8BC71620AE3B667D0243891B631DA3B8EB1576108C88463B2F66979EAC80
T_I_NK cell markers	γδ T	10	KLRD1	"KLRD1"	1.30692892499733	0	0	0.79	0.245	Supplementary Table 2. Marker genes for T/I/NK cell clusters, related to Figure S2, Figures 2-4.	F:/pan-gi-ici-ccc-20260709/GSE205506/supplement/mmc3.xlsx	28AA8BC71620AE3B667D0243891B631DA3B8EB1576108C88463B2F66979EAC80
