expression_cell_id	cluster	cleanup_label	review_label	current_action	postclean_source_set	postclean_removed_clean_cluster	postclean_refinement_action
AGGGAGTGTAGATTAG.6	5	core_retained_singlet	mac_mono_supported	retain_for_current_mac_mono_analysis	core_clean_singlets	11	retain_after_residual_T_NK_removal
CAGAGAGAGTACGATA.6	1	core_retained_singlet	mac_mono_supported	retain_for_current_mac_mono_analysis	core_clean_singlets	11	retain_after_residual_T_NK_removal
CGACTTCCACATTTCT.6	1	core_retained_singlet	mac_mono_supported	retain_for_current_mac_mono_analysis	core_clean_singlets	11	retain_after_residual_T_NK_removal
CGGACACTCCTATTCA.6	1	core_retained_singlet	mac_mono_supported	retain_for_current_mac_mono_analysis	core_clean_singlets	11	retain_after_residual_T_NK_removal
CGTTGGGGTCTGGTCG.6	1	core_retained_singlet	mac_mono_supported	retain_for_current_mac_mono_analysis	core_clean_singlets	11	retain_after_residual_T_NK_removal
CTTGGCTTCAGGCCCA.6	8	core_retained_singlet	mac_mono_supported	retain_for_current_mac_mono_analysis	core_clean_singlets	11	retain_after_residual_T_NK_removal
GACGGCTGTGCACTTA.6	1	core_retained_singlet	mac_mono_supported	retain_for_current_mac_mono_analysis	core_clean_singlets	11	retain_after_residual_T_NK_removal
GCAATCAGTACGAAAT.6	1	core_retained_singlet	mac_mono_supported	retain_for_current_mac_mono_analysis	core_clean_singlets	11	retain_after_residual_T_NK_removal
GTCGTAAAGTCGTACT.6	5	core_retained_singlet	mac_mono_supported	retain_for_current_mac_mono_analysis	core_clean_singlets	11	retain_after_residual_T_NK_removal
GTTCTCGCAAGCTGGA.6	1	core_retained_singlet	mac_mono_supported	retain_for_current_mac_mono_analysis	core_clean_singlets	11	retain_after_residual_T_NK_removal
TTATGCTGTACAAGTA.6	5	core_retained_singlet	mac_mono_supported	retain_for_current_mac_mono_analysis	core_clean_singlets	11	retain_after_residual_T_NK_removal
TTCGGTCGTGAGGGAG.6	1	core_retained_singlet	mac_mono_supported	retain_for_current_mac_mono_analysis	core_clean_singlets	11	retain_after_residual_T_NK_removal
CTTAACTGTAGGGACT.14	5	core_retained_singlet	mac_mono_supported	retain_for_current_mac_mono_analysis	core_clean_singlets	11	retain_after_residual_T_NK_removal
GCATGCGAGTGGACGT.14	8	core_retained_singlet	mac_mono_supported	retain_for_current_mac_mono_analysis	core_clean_singlets	11	retain_after_residual_T_NK_removal
GCGCAGTAGTACGCGA.14	8	core_retained_singlet	mac_mono_supported	retain_for_current_mac_mono_analysis	core_clean_singlets	11	retain_after_residual_T_NK_removal
GTACTTTGTCTAGTCA.14	8	core_retained_singlet	mac_mono_supported	retain_for_current_mac_mono_analysis	core_clean_singlets	11	retain_after_residual_T_NK_removal
TGACAACCATTTCAGG.14	8	core_retained_singlet	mac_mono_supported	retain_for_current_mac_mono_analysis	core_clean_singlets	11	retain_after_residual_T_NK_removal
TGCGGGTGTCGAGTTT.14	1	core_retained_singlet	mac_mono_supported	retain_for_current_mac_mono_analysis	core_clean_singlets	11	retain_after_residual_T_NK_removal
AACCGCGAGCGCCTCA.20	5	core_retained_singlet	mac_mono_supported	retain_for_current_mac_mono_analysis	core_clean_singlets	11	retain_after_residual_T_NK_removal
ACTTTCAAGTGTCTCA.20	5	core_retained_singlet	mac_mono_supported	retain_for_current_mac_mono_analysis	core_clean_singlets	11	retain_after_residual_T_NK_removal
AGAGTGGGTCAATACC.20	1	core_retained_singlet	mac_mono_supported	retain_for_current_mac_mono_analysis	core_clean_singlets	11	retain_after_residual_T_NK_removal
AGATCTGGTTGCCTCT.20	8	core_retained_singlet	mac_mono_supported	retain_for_current_mac_mono_analysis	core_clean_singlets	11	retain_after_residual_T_NK_removal
ATCACGAGTACCCAAT.20	5	core_retained_singlet	mac_mono_supported	retain_for_current_mac_mono_analysis	core_clean_singlets	11	retain_after_residual_T_NK_removal
ATCTACTAGAGTAATC.20	8	core_retained_singlet	mac_mono_supported	retain_for_current_mac_mono_analysis	core_clean_singlets	11	retain_after_residual_T_NK_removal
ATTATCCGTTGTGGCC.20	5	core_retained_singlet	mac_mono_supported	retain_for_current_mac_mono_analysis	core_clean_singlets	11	retain_after_residual_T_NK_removal
ATTTCTGGTAAATACG.20	5	core_retained_singlet	mac_mono_supported	retain_for_current_mac_mono_analysis	core_clean_singlets	11	retain_after_residual_T_NK_removal
CAACCAAGTCCGAACC.20	8	core_retained_singlet	mac_mono_supported	retain_for_current_mac_mono_analysis	core_clean_singlets	11	retain_after_residual_T_NK_removal
CACACAAGTGATGTGG.20	5	core_retained_singlet	mac_mono_supported	retain_for_current_mac_mono_analysis	core_clean_singlets	11	retain_after_residual_T_NK_removal
CACACTCAGACCGGAT.20	5	core_retained_singlet	mac_mono_supported	retain_for_current_mac_mono_analysis	core_clean_singlets	11	retain_after_residual_T_NK_removal
CACTCCACACGAGAGT.20	5	core_retained_singlet	mac_mono_supported	retain_for_current_mac_mono_analysis	core_clean_singlets	11	retain_after_residual_T_NK_removal
CAGCCGAGTGCGAAAC.20	5	core_retained_singlet	mac_mono_supported	retain_for_current_mac_mono_analysis	core_clean_singlets	11	retain_after_residual_T_NK_removal
CAGTCCTAGTACCGGA.20	5	core_retained_singlet	mac_mono_supported	retain_for_current_mac_mono_analysis	core_clean_singlets	11	retain_after_residual_T_NK_removal
CATATTCAGGCTCTTA.20	8	core_retained_singlet	mac_mono_supported	retain_for_current_mac_mono_analysis	core_clean_singlets	11	retain_after_residual_T_NK_removal
CATTATCGTTTGTTTC.20	8	core_retained_singlet	mac_mono_supported	retain_for_current_mac_mono_analysis	core_clean_singlets	11	retain_after_residual_T_NK_removal
CCCATACTCCATGAAC.20	8	core_retained_singlet	mac_mono_supported	retain_for_current_mac_mono_analysis	core_clean_singlets	11	retain_after_residual_T_NK_removal
CCTTACGCAGCGTTCG.20	1	core_retained_singlet	mac_mono_supported	retain_for_current_mac_mono_analysis	core_clean_singlets	11	retain_after_residual_T_NK_removal
CGACCTTTCGAGGTAG.20	1	core_retained_singlet	mac_mono_supported	retain_for_current_mac_mono_analysis	core_clean_singlets	11	retain_after_residual_T_NK_removal
CGAGAAGCAAGCTGTT.20	10	core_retained_singlet	mac_mono_supported	retain_for_current_mac_mono_analysis	core_clean_singlets	11	retain_after_residual_T_NK_removal
CGCGTTTAGTCATGCT.20	5	core_retained_singlet	mac_mono_supported	retain_for_current_mac_mono_analysis	core_clean_singlets	11	retain_after_residual_T_NK_removal
CGCTATCCACCACGTG.20	1	core_retained_singlet	mac_mono_supported	retain_for_current_mac_mono_analysis	core_clean_singlets	11	retain_after_residual_T_NK_removal
CGGAGCTGTTGGGACA.20	5	core_retained_singlet	mac_mono_supported	retain_for_current_mac_mono_analysis	core_clean_singlets	11	retain_after_residual_T_NK_removal
CGGTTAAAGGGTATCG.20	5	core_retained_singlet	mac_mono_supported	retain_for_current_mac_mono_analysis	core_clean_singlets	11	retain_after_residual_T_NK_removal
CGTAGGCAGTACGATA.20	5	core_retained_singlet	mac_mono_supported	retain_for_current_mac_mono_analysis	core_clean_singlets	11	retain_after_residual_T_NK_removal
CTCACACCACTGTCGG.20	5	core_retained_singlet	mac_mono_supported	retain_for_current_mac_mono_analysis	core_clean_singlets	11	retain_after_residual_T_NK_removal
CTCCTAGAGGTCATCT.20	1	core_retained_singlet	mac_mono_supported	retain_for_current_mac_mono_analysis	core_clean_singlets	11	retain_after_residual_T_NK_removal
CTCGTACAGAAACGCC.20	5	core_retained_singlet	mac_mono_supported	retain_for_current_mac_mono_analysis	core_clean_singlets	11	retain_after_residual_T_NK_removal
CTGCCTAGTCTGCGGT.20	1	core_retained_singlet	mac_mono_supported	retain_for_current_mac_mono_analysis	core_clean_singlets	11	retain_after_residual_T_NK_removal
GATCGTACACCTCGGA.20	5	core_retained_singlet	mac_mono_supported	retain_for_current_mac_mono_analysis	core_clean_singlets	11	retain_after_residual_T_NK_removal
GATTCAGAGCCGCCTA.20	5	core_retained_singlet	mac_mono_supported	retain_for_current_mac_mono_analysis	core_clean_singlets	11	retain_after_residual_T_NK_removal
GGATTACGTGCATCTA.20	5	core_retained_singlet	mac_mono_supported	retain_for_current_mac_mono_analysis	core_clean_singlets	11	retain_after_residual_T_NK_removal
GGGAATGGTTCACCTC.20	5	core_retained_singlet	mac_mono_supported	retain_for_current_mac_mono_analysis	core_clean_singlets	11	retain_after_residual_T_NK_removal
GGGTTGCAGATGCCAG.20	10	core_retained_singlet	mac_mono_supported	retain_for_current_mac_mono_analysis	core_clean_singlets	11	retain_after_residual_T_NK_removal
GTAACTGAGCTAGCCC.20	5	core_retained_singlet	mac_mono_supported	retain_for_current_mac_mono_analysis	core_clean_singlets	11	retain_after_residual_T_NK_removal
GTCGTAAAGGCATGGT.20	5	core_retained_singlet	mac_mono_supported	retain_for_current_mac_mono_analysis	core_clean_singlets	11	retain_after_residual_T_NK_removal
GTCTCGTGTGCAACGA.20	5	core_retained_singlet	mac_mono_supported	retain_for_current_mac_mono_analysis	core_clean_singlets	11	retain_after_residual_T_NK_removal
GTGCATATCAGCTGGC.20	5	core_retained_singlet	mac_mono_supported	retain_for_current_mac_mono_analysis	core_clean_singlets	11	retain_after_residual_T_NK_removal
TCCACACAGGAATTAC.20	5	core_retained_singlet	mac_mono_supported	retain_for_current_mac_mono_analysis	core_clean_singlets	11	retain_after_residual_T_NK_removal
TCTATTGCACGAAGCA.20	5	core_retained_singlet	mac_mono_supported	retain_for_current_mac_mono_analysis	core_clean_singlets	11	retain_after_residual_T_NK_removal
TCTCTAACAGTGACAG.20	10	core_retained_singlet	mac_mono_supported	retain_for_current_mac_mono_analysis	core_clean_singlets	11	retain_after_residual_T_NK_removal
TGACAACGTACATCCA.20	5	core_retained_singlet	mac_mono_supported	retain_for_current_mac_mono_analysis	core_clean_singlets	11	retain_after_residual_T_NK_removal
TGCGCAGGTATTCTCT.20	5	core_retained_singlet	mac_mono_supported	retain_for_current_mac_mono_analysis	core_clean_singlets	11	retain_after_residual_T_NK_removal
TGCTACCGTTACGACT.20	5	core_retained_singlet	mac_mono_supported	retain_for_current_mac_mono_analysis	core_clean_singlets	11	retain_after_residual_T_NK_removal
TTAACTCTCAGCGATT.20	5	core_retained_singlet	mac_mono_supported	retain_for_current_mac_mono_analysis	core_clean_singlets	11	retain_after_residual_T_NK_removal
TTAGTTCAGATTACCC.20	5	core_retained_singlet	mac_mono_supported	retain_for_current_mac_mono_analysis	core_clean_singlets	11	retain_after_residual_T_NK_removal
TTGACTTTCGGACAAG.20	5	core_retained_singlet	mac_mono_supported	retain_for_current_mac_mono_analysis	core_clean_singlets	11	retain_after_residual_T_NK_removal
AACCGCGGTTCCCGAG.30	5	core_retained_singlet	mac_mono_supported	retain_for_current_mac_mono_analysis	core_clean_singlets	11	retain_after_residual_T_NK_removal
ACCGTAATCACCATAG.30	5	core_retained_singlet	mac_mono_supported	retain_for_current_mac_mono_analysis	core_clean_singlets	11	retain_after_residual_T_NK_removal
AGATCTGCATGCGCAC.30	5	core_retained_singlet	mac_mono_supported	retain_for_current_mac_mono_analysis	core_clean_singlets	11	retain_after_residual_T_NK_removal
AGCTCTCCATAGACTC.30	8	core_retained_singlet	mac_mono_supported	retain_for_current_mac_mono_analysis	core_clean_singlets	11	retain_after_residual_T_NK_removal
CAAGATCTCAGAGCTT.30	5	core_retained_singlet	mac_mono_supported	retain_for_current_mac_mono_analysis	core_clean_singlets	11	retain_after_residual_T_NK_removal
CATCAAGAGAAGATTC.30	5	core_retained_singlet	mac_mono_supported	retain_for_current_mac_mono_analysis	core_clean_singlets	11	retain_after_residual_T_NK_removal
CGCGTTTGTTCGGCAC.30	5	core_retained_singlet	mac_mono_supported	retain_for_current_mac_mono_analysis	core_clean_singlets	11	retain_after_residual_T_NK_removal
CGGCTAGCACACCGCA.30	5	core_retained_singlet	mac_mono_supported	retain_for_current_mac_mono_analysis	core_clean_singlets	11	retain_after_residual_T_NK_removal
CGTTAGATCAATCTCT.30	5	core_retained_singlet	mac_mono_supported	retain_for_current_mac_mono_analysis	core_clean_singlets	11	retain_after_residual_T_NK_removal
CTCATTATCAACGGCC.30	5	core_retained_singlet	mac_mono_supported	retain_for_current_mac_mono_analysis	core_clean_singlets	11	retain_after_residual_T_NK_removal
GAAATGATCGCGCCAA.30	5	core_retained_singlet	mac_mono_supported	retain_for_current_mac_mono_analysis	core_clean_singlets	11	retain_after_residual_T_NK_removal
GAGTCCGAGTCCGTAT.30	5	core_retained_singlet	mac_mono_supported	retain_for_current_mac_mono_analysis	core_clean_singlets	11	retain_after_residual_T_NK_removal
GCAAACTGTTACGTCA.30	5	core_retained_singlet	mac_mono_supported	retain_for_current_mac_mono_analysis	core_clean_singlets	11	retain_after_residual_T_NK_removal
GCGCAGTTCGCATGGC.30	5	core_retained_singlet	mac_mono_supported	retain_for_current_mac_mono_analysis	core_clean_singlets	11	retain_after_residual_T_NK_removal
GGGAATGTCCTACAGA.30	5	core_retained_singlet	mac_mono_supported	retain_for_current_mac_mono_analysis	core_clean_singlets	11	retain_after_residual_T_NK_removal
GTACGTAAGCCACTAT.30	5	core_retained_singlet	mac_mono_supported	retain_for_current_mac_mono_analysis	core_clean_singlets	11	retain_after_residual_T_NK_removal
GTACTCCAGCTAGGCA.30	5	core_retained_singlet	mac_mono_supported	retain_for_current_mac_mono_analysis	core_clean_singlets	11	retain_after_residual_T_NK_removal
GTGCAGCGTAATAGCA.30	5	core_retained_singlet	mac_mono_supported	retain_for_current_mac_mono_analysis	core_clean_singlets	11	retain_after_residual_T_NK_removal
TACGGTATCCAAACAC.30	5	core_retained_singlet	mac_mono_supported	retain_for_current_mac_mono_analysis	core_clean_singlets	11	retain_after_residual_T_NK_removal
TATTACCGTTTCCACC.30	5	core_retained_singlet	mac_mono_supported	retain_for_current_mac_mono_analysis	core_clean_singlets	11	retain_after_residual_T_NK_removal
TGGGAAGTCATGCTCC.30	5	core_retained_singlet	mac_mono_supported	retain_for_current_mac_mono_analysis	core_clean_singlets	11	retain_after_residual_T_NK_removal
TTCCCAGCAGGCGATA.30	1	core_retained_singlet	mac_mono_supported	retain_for_current_mac_mono_analysis	core_clean_singlets	11	retain_after_residual_T_NK_removal
ACCGTAACACTTACGA.36	5	core_retained_singlet	mac_mono_supported	retain_for_current_mac_mono_analysis	core_clean_singlets	11	retain_after_residual_T_NK_removal
ACGATGTAGCGTGAAC.36	8	core_retained_singlet	mac_mono_supported	retain_for_current_mac_mono_analysis	core_clean_singlets	11	retain_after_residual_T_NK_removal
AGCGGTCTCCAGAAGG.36	8	core_retained_singlet	mac_mono_supported	retain_for_current_mac_mono_analysis	core_clean_singlets	11	retain_after_residual_T_NK_removal
CACACCTCAAACCTAC.36	8	core_retained_singlet	mac_mono_supported	retain_for_current_mac_mono_analysis	core_clean_singlets	11	retain_after_residual_T_NK_removal
CACAGTATCGTCACGG.36	5	core_retained_singlet	mac_mono_supported	retain_for_current_mac_mono_analysis	core_clean_singlets	11	retain_after_residual_T_NK_removal
CACTCCAGTCTCATCC.36	8	core_retained_singlet	mac_mono_supported	retain_for_current_mac_mono_analysis	core_clean_singlets	11	retain_after_residual_T_NK_removal
CCACTACGTAACGTTC.36	5	core_retained_singlet	mac_mono_supported	retain_for_current_mac_mono_analysis	core_clean_singlets	11	retain_after_residual_T_NK_removal
CGAGAAGCATCTCCCA.36	5	core_retained_singlet	mac_mono_supported	retain_for_current_mac_mono_analysis	core_clean_singlets	11	retain_after_residual_T_NK_removal
CGCCAAGTCGTTGCCT.36	8	core_retained_singlet	mac_mono_supported	retain_for_current_mac_mono_analysis	core_clean_singlets	11	retain_after_residual_T_NK_removal
CGGAGCTAGAGTAAGG.36	8	core_retained_singlet	mac_mono_supported	retain_for_current_mac_mono_analysis	core_clean_singlets	11	retain_after_residual_T_NK_removal
CTGATAGCAGTCGATT.36	8	core_retained_singlet	mac_mono_supported	retain_for_current_mac_mono_analysis	core_clean_singlets	11	retain_after_residual_T_NK_removal
CTTGGCTCAAGGACTG.36	8	core_retained_singlet	mac_mono_supported	retain_for_current_mac_mono_analysis	core_clean_singlets	11	retain_after_residual_T_NK_removal
GACACGCGTCTCTTTA.36	8	core_retained_singlet	mac_mono_supported	retain_for_current_mac_mono_analysis	core_clean_singlets	11	retain_after_residual_T_NK_removal
GCCAAATTCGTTTGCC.36	8	core_retained_singlet	mac_mono_supported	retain_for_current_mac_mono_analysis	core_clean_singlets	11	retain_after_residual_T_NK_removal
GTACTCCCATCGGGTC.36	5	core_retained_singlet	mac_mono_supported	retain_for_current_mac_mono_analysis	core_clean_singlets	11	retain_after_residual_T_NK_removal
GTGTTAGTCATTTGGG.36	8	core_retained_singlet	mac_mono_supported	retain_for_current_mac_mono_analysis	core_clean_singlets	11	retain_after_residual_T_NK_removal
TAGTTGGTCCACGCAG.36	1	core_retained_singlet	mac_mono_supported	retain_for_current_mac_mono_analysis	core_clean_singlets	11	retain_after_residual_T_NK_removal
TTAGTTCGTCGGATCC.36	8	core_retained_singlet	mac_mono_supported	retain_for_current_mac_mono_analysis	core_clean_singlets	11	retain_after_residual_T_NK_removal
AAACGGGAGCAATCTC.42	5	core_retained_singlet	mac_mono_supported	retain_for_current_mac_mono_analysis	core_clean_singlets	11	retain_after_residual_T_NK_removal
ACAGCTAGTGACCAAG.42	5	core_retained_singlet	mac_mono_supported	retain_for_current_mac_mono_analysis	core_clean_singlets	11	retain_after_residual_T_NK_removal
AGGCCACAGGACGAAA.42	5	core_retained_singlet	mac_mono_supported	retain_for_current_mac_mono_analysis	core_clean_singlets	11	retain_after_residual_T_NK_removal
CATCGGGAGCTCTCGG.42	8	core_retained_singlet	mac_mono_supported	retain_for_current_mac_mono_analysis	core_clean_singlets	11	retain_after_residual_T_NK_removal
CCGGGATCAACACCCG.42	8	core_retained_singlet	mac_mono_supported	retain_for_current_mac_mono_analysis	core_clean_singlets	11	retain_after_residual_T_NK_removal
CTACATTAGCTACCTA.42	8	core_retained_singlet	mac_mono_supported	retain_for_current_mac_mono_analysis	core_clean_singlets	11	retain_after_residual_T_NK_removal
CTGATAGAGACCCACC.42	8	core_retained_singlet	mac_mono_supported	retain_for_current_mac_mono_analysis	core_clean_singlets	11	retain_after_residual_T_NK_removal
GTACGTACAAGTAGTA.42	8	core_retained_singlet	mac_mono_supported	retain_for_current_mac_mono_analysis	core_clean_singlets	11	retain_after_residual_T_NK_removal
TACGGGCAGCGCCTCA.42	8	core_retained_singlet	mac_mono_supported	retain_for_current_mac_mono_analysis	core_clean_singlets	11	retain_after_residual_T_NK_removal
TCGCGTTGTCCAAGTT.42	8	core_retained_singlet	mac_mono_supported	retain_for_current_mac_mono_analysis	core_clean_singlets	11	retain_after_residual_T_NK_removal
TGCTGCTTCACCGTAA.42	8	core_retained_singlet	mac_mono_supported	retain_for_current_mac_mono_analysis	core_clean_singlets	11	retain_after_residual_T_NK_removal
TGGACGCAGTACGACG.42	8	core_retained_singlet	mac_mono_supported	retain_for_current_mac_mono_analysis	core_clean_singlets	11	retain_after_residual_T_NK_removal
TTCGGTCAGGCTATCT.42	8	core_retained_singlet	mac_mono_supported	retain_for_current_mac_mono_analysis	core_clean_singlets	11	retain_after_residual_T_NK_removal
TTGCGTCAGTACCGGA.42	5	core_retained_singlet	mac_mono_supported	retain_for_current_mac_mono_analysis	core_clean_singlets	11	retain_after_residual_T_NK_removal
CAGCGACTCAAGATCC.44	1	core_retained_singlet	mac_mono_supported	retain_for_current_mac_mono_analysis	core_clean_singlets	11	retain_after_residual_T_NK_removal
TAGCCGGAGGAGTAGA.44	8	core_retained_singlet	mac_mono_supported	retain_for_current_mac_mono_analysis	core_clean_singlets	11	retain_after_residual_T_NK_removal
AACCATGAGAAGAAGC.50	5	core_retained_singlet	mac_mono_supported	retain_for_current_mac_mono_analysis	core_clean_singlets	11	retain_after_residual_T_NK_removal
ACTGATGCAGCTTAAC.50	5	core_retained_singlet	mac_mono_supported	retain_for_current_mac_mono_analysis	core_clean_singlets	11	retain_after_residual_T_NK_removal
AGGGTGATCATAAAGG.50	5	core_retained_singlet	mac_mono_supported	retain_for_current_mac_mono_analysis	core_clean_singlets	11	retain_after_residual_T_NK_removal
ATCCGAACACCGAATT.50	5	core_retained_singlet	mac_mono_supported	retain_for_current_mac_mono_analysis	core_clean_singlets	11	retain_after_residual_T_NK_removal
CCGTACTTCGTCTGCT.50	5	core_retained_singlet	mac_mono_supported	retain_for_current_mac_mono_analysis	core_clean_singlets	11	retain_after_residual_T_NK_removal
CCTACCAAGTGTCCCG.50	5	core_retained_singlet	mac_mono_supported	retain_for_current_mac_mono_analysis	core_clean_singlets	11	retain_after_residual_T_NK_removal
GACGCGTAGATCCCAT.50	1	core_retained_singlet	mac_mono_supported	retain_for_current_mac_mono_analysis	core_clean_singlets	11	retain_after_residual_T_NK_removal
GATCAGTCATCTACGA.50	5	core_retained_singlet	mac_mono_supported	retain_for_current_mac_mono_analysis	core_clean_singlets	11	retain_after_residual_T_NK_removal
GGAATAAAGACTAAGT.50	5	core_retained_singlet	mac_mono_supported	retain_for_current_mac_mono_analysis	core_clean_singlets	11	retain_after_residual_T_NK_removal
TACCTATTCCGCAGTG.50	5	core_retained_singlet	mac_mono_supported	retain_for_current_mac_mono_analysis	core_clean_singlets	11	retain_after_residual_T_NK_removal
TGCCCTAAGGGTCGAT.50	5	core_retained_singlet	mac_mono_supported	retain_for_current_mac_mono_analysis	core_clean_singlets	11	retain_after_residual_T_NK_removal
TGCCCTAGTAGCTCCG.50	5	core_retained_singlet	mac_mono_supported	retain_for_current_mac_mono_analysis	core_clean_singlets	11	retain_after_residual_T_NK_removal
TGCGTGGAGTTAACGA.50	1	core_retained_singlet	mac_mono_supported	retain_for_current_mac_mono_analysis	core_clean_singlets	11	retain_after_residual_T_NK_removal
AACGTTGCAATCACAC.56	5	core_retained_singlet	mac_mono_supported	retain_for_current_mac_mono_analysis	core_clean_singlets	11	retain_after_residual_T_NK_removal
AAGTCTGGTCTGATCA.56	1	core_retained_singlet	mac_mono_supported	retain_for_current_mac_mono_analysis	core_clean_singlets	11	retain_after_residual_T_NK_removal
ACCAGTAGTTAAGAAC.56	5	core_retained_singlet	mac_mono_supported	retain_for_current_mac_mono_analysis	core_clean_singlets	11	retain_after_residual_T_NK_removal
ACTGAGTTCTCTGAGA.56	1	core_retained_singlet	mac_mono_supported	retain_for_current_mac_mono_analysis	core_clean_singlets	11	retain_after_residual_T_NK_removal
ACTGATGGTACTTCTT.56	1	core_retained_singlet	mac_mono_supported	retain_for_current_mac_mono_analysis	core_clean_singlets	11	retain_after_residual_T_NK_removal
AGAGCGAAGATGTAAC.56	1	core_retained_singlet	mac_mono_supported	retain_for_current_mac_mono_analysis	core_clean_singlets	11	retain_after_residual_T_NK_removal
AGGCCACAGTTTAGGA.56	1	core_retained_singlet	mac_mono_supported	retain_for_current_mac_mono_analysis	core_clean_singlets	11	retain_after_residual_T_NK_removal
AGGCCACTCTTTACGT.56	8	core_retained_singlet	mac_mono_supported	retain_for_current_mac_mono_analysis	core_clean_singlets	11	retain_after_residual_T_NK_removal
AGGTCCGAGATGTGGC.56	8	core_retained_singlet	mac_mono_supported	retain_for_current_mac_mono_analysis	core_clean_singlets	11	retain_after_residual_T_NK_removal
AGTGAGGTCCCAGGTG.56	1	core_retained_singlet	mac_mono_supported	retain_for_current_mac_mono_analysis	core_clean_singlets	11	retain_after_residual_T_NK_removal
AGTGGGAGTCTCATCC.56	8	core_retained_singlet	mac_mono_supported	retain_for_current_mac_mono_analysis	core_clean_singlets	11	retain_after_residual_T_NK_removal
ATGAGGGGTTGAGTTC.56	8	core_retained_singlet	mac_mono_supported	retain_for_current_mac_mono_analysis	core_clean_singlets	11	retain_after_residual_T_NK_removal
CATCCACTCAGTGCAT.56	8	core_retained_singlet	mac_mono_supported	retain_for_current_mac_mono_analysis	core_clean_singlets	11	retain_after_residual_T_NK_removal
CTACACCGTGCTGTAT.56	1	core_retained_singlet	mac_mono_supported	retain_for_current_mac_mono_analysis	core_clean_singlets	11	retain_after_residual_T_NK_removal
CTAGAGTAGGTGCAAC.56	8	core_retained_singlet	mac_mono_supported	retain_for_current_mac_mono_analysis	core_clean_singlets	11	retain_after_residual_T_NK_removal
CTCGAGGAGAATTGTG.56	8	core_retained_singlet	mac_mono_supported	retain_for_current_mac_mono_analysis	core_clean_singlets	11	retain_after_residual_T_NK_removal
GAAACTCCAGGGAGAG.56	8	core_retained_singlet	mac_mono_supported	retain_for_current_mac_mono_analysis	core_clean_singlets	11	retain_after_residual_T_NK_removal
GAACATCGTTGTCTTT.56	1	core_retained_singlet	mac_mono_supported	retain_for_current_mac_mono_analysis	core_clean_singlets	11	retain_after_residual_T_NK_removal
GACGTGCTCTCTAAGG.56	1	core_retained_singlet	mac_mono_supported	retain_for_current_mac_mono_analysis	core_clean_singlets	11	retain_after_residual_T_NK_removal
GACGTTAGTCTGGAGA.56	5	core_retained_singlet	mac_mono_supported	retain_for_current_mac_mono_analysis	core_clean_singlets	11	retain_after_residual_T_NK_removal
GCAGCCATCCTTCAAT.56	5	core_retained_singlet	mac_mono_supported	retain_for_current_mac_mono_analysis	core_clean_singlets	11	retain_after_residual_T_NK_removal
GGAAAGCAGACCACGA.56	8	core_retained_singlet	mac_mono_supported	retain_for_current_mac_mono_analysis	core_clean_singlets	11	retain_after_residual_T_NK_removal
GGCTGGTCAGCGAACA.56	1	core_retained_singlet	mac_mono_supported	retain_for_current_mac_mono_analysis	core_clean_singlets	11	retain_after_residual_T_NK_removal
GGTGCGTAGTACACCT.56	5	core_retained_singlet	mac_mono_supported	retain_for_current_mac_mono_analysis	core_clean_singlets	11	retain_after_residual_T_NK_removal
GTGCGGTCACGGCGTT.56	1	core_retained_singlet	mac_mono_supported	retain_for_current_mac_mono_analysis	core_clean_singlets	11	retain_after_residual_T_NK_removal
GTTACAGCAAGCTGTT.56	1	core_retained_singlet	mac_mono_supported	retain_for_current_mac_mono_analysis	core_clean_singlets	11	retain_after_residual_T_NK_removal
TACGGGCTCTCTGTCG.56	8	core_retained_singlet	mac_mono_supported	retain_for_current_mac_mono_analysis	core_clean_singlets	11	retain_after_residual_T_NK_removal
TTATGCTCATCCAACA.56	5	core_retained_singlet	mac_mono_supported	retain_for_current_mac_mono_analysis	core_clean_singlets	11	retain_after_residual_T_NK_removal
TTGGCAAGTGACAAAT.56	8	core_retained_singlet	mac_mono_supported	retain_for_current_mac_mono_analysis	core_clean_singlets	11	retain_after_residual_T_NK_removal
ACTTTCAAGACGCAAC.4	5	core_retained_singlet	mac_mono_supported	retain_for_current_mac_mono_analysis	core_clean_singlets	11	retain_after_residual_T_NK_removal
AACACGTTCTACCTGC.7	10	core_retained_singlet	mac_mono_supported	retain_for_current_mac_mono_analysis	core_clean_singlets	11	retain_after_residual_T_NK_removal
AACGTTGCACTTACGA.7	1	core_retained_singlet	mac_mono_supported	retain_for_current_mac_mono_analysis	core_clean_singlets	11	retain_after_residual_T_NK_removal
AACTCAGAGCTGGAAC.7	10	core_retained_singlet	mac_mono_supported	retain_for_current_mac_mono_analysis	core_clean_singlets	11	retain_after_residual_T_NK_removal
AAGACCTGTACCATCA.7	10	core_retained_singlet	mac_mono_supported	retain_for_current_mac_mono_analysis	core_clean_singlets	11	retain_after_residual_T_NK_removal
AAGGAGCTCTGCTGTC.7	10	core_retained_singlet	mac_mono_supported	retain_for_current_mac_mono_analysis	core_clean_singlets	11	retain_after_residual_T_NK_removal
AATCCAGCAGTAAGAT.7	10	core_retained_singlet	mac_mono_supported	retain_for_current_mac_mono_analysis	core_clean_singlets	11	retain_after_residual_T_NK_removal
ACACCAAGTCACTTCC.7	10	core_retained_singlet	mac_mono_supported	retain_for_current_mac_mono_analysis	core_clean_singlets	11	retain_after_residual_T_NK_removal
ACACCCTAGTCCAGGA.7	10	core_retained_singlet	mac_mono_supported	retain_for_current_mac_mono_analysis	core_clean_singlets	11	retain_after_residual_T_NK_removal
ACATCAGCATCGGAAG.7	10	core_retained_singlet	mac_mono_supported	retain_for_current_mac_mono_analysis	core_clean_singlets	11	retain_after_residual_T_NK_removal
ACATCAGTCCGGCACA.7	10	core_retained_singlet	mac_mono_supported	retain_for_current_mac_mono_analysis	core_clean_singlets	11	retain_after_residual_T_NK_removal
ACCAGTACACCGTTGG.7	8	core_retained_singlet	mac_mono_supported	retain_for_current_mac_mono_analysis	core_clean_singlets	11	retain_after_residual_T_NK_removal
ACGAGGATCTGGTATG.7	10	core_retained_singlet	mac_mono_supported	retain_for_current_mac_mono_analysis	core_clean_singlets	11	retain_after_residual_T_NK_removal
ACGATACAGTACGTAA.7	10	core_retained_singlet	mac_mono_supported	retain_for_current_mac_mono_analysis	core_clean_singlets	11	retain_after_residual_T_NK_removal
ACGATGTGTGGCGAAT.7	10	core_retained_singlet	mac_mono_supported	retain_for_current_mac_mono_analysis	core_clean_singlets	11	retain_after_residual_T_NK_removal
ACGGGTCCAATTGCTG.7	10	core_retained_singlet	mac_mono_supported	retain_for_current_mac_mono_analysis	core_clean_singlets	11	retain_after_residual_T_NK_removal
ACTGCTCAGCCCGAAA.7	10	core_retained_singlet	mac_mono_supported	retain_for_current_mac_mono_analysis	core_clean_singlets	11	retain_after_residual_T_NK_removal
ACTGCTCGTGTGGCTC.7	10	core_retained_singlet	mac_mono_supported	retain_for_current_mac_mono_analysis	core_clean_singlets	11	retain_after_residual_T_NK_removal
AGAATAGGTCGAGTTT.7	10	core_retained_singlet	mac_mono_supported	retain_for_current_mac_mono_analysis	core_clean_singlets	11	retain_after_residual_T_NK_removal
AGAGTGGAGTAAGTAC.7	10	core_retained_singlet	mac_mono_supported	retain_for_current_mac_mono_analysis	core_clean_singlets	11	retain_after_residual_T_NK_removal
AGCAGCCGTTCGGCAC.7	10	core_retained_singlet	mac_mono_supported	retain_for_current_mac_mono_analysis	core_clean_singlets	11	retain_after_residual_T_NK_removal
AGCGGTCCAAGAAGAG.7	10	core_retained_singlet	mac_mono_supported	retain_for_current_mac_mono_analysis	core_clean_singlets	11	retain_after_residual_T_NK_removal
AGCTCCTAGAAGGTTT.7	10	core_retained_singlet	mac_mono_supported	retain_for_current_mac_mono_analysis	core_clean_singlets	11	retain_after_residual_T_NK_removal
AGCTCCTAGCAGACTG.7	10	core_retained_singlet	mac_mono_supported	retain_for_current_mac_mono_analysis	core_clean_singlets	11	retain_after_residual_T_NK_removal
AGGCCGTGTAGCTTGT.7	10	core_retained_singlet	mac_mono_supported	retain_for_current_mac_mono_analysis	core_clean_singlets	11	retain_after_residual_T_NK_removal
AGGGAGTTCGGAGGTA.7	10	core_retained_singlet	mac_mono_supported	retain_for_current_mac_mono_analysis	core_clean_singlets	11	retain_after_residual_T_NK_removal
AGTGAGGGTGTTGGGA.7	10	core_retained_singlet	mac_mono_supported	retain_for_current_mac_mono_analysis	core_clean_singlets	11	retain_after_residual_T_NK_removal
ATCATCTGTTAAGAAC.7	10	core_retained_singlet	mac_mono_supported	retain_for_current_mac_mono_analysis	core_clean_singlets	11	retain_after_residual_T_NK_removal
ATCCACCCAAGTTAAG.7	10	core_retained_singlet	mac_mono_supported	retain_for_current_mac_mono_analysis	core_clean_singlets	11	retain_after_residual_T_NK_removal
ATCCACCTCTTGCATT.7	10	core_retained_singlet	mac_mono_supported	retain_for_current_mac_mono_analysis	core_clean_singlets	11	retain_after_residual_T_NK_removal
ATCGAGTCAGCCTGTG.7	10	core_retained_singlet	mac_mono_supported	retain_for_current_mac_mono_analysis	core_clean_singlets	11	retain_after_residual_T_NK_removal
ATGAGGGAGGGATACC.7	10	core_retained_singlet	mac_mono_supported	retain_for_current_mac_mono_analysis	core_clean_singlets	11	retain_after_residual_T_NK_removal
ATGAGGGGTGTTGGGA.7	10	core_retained_singlet	mac_mono_supported	retain_for_current_mac_mono_analysis	core_clean_singlets	11	retain_after_residual_T_NK_removal
ATGCGATAGTGGTAGC.7	10	core_retained_singlet	mac_mono_supported	retain_for_current_mac_mono_analysis	core_clean_singlets	11	retain_after_residual_T_NK_removal
ATTTCTGCAAGTCTGT.7	10	core_retained_singlet	mac_mono_supported	retain_for_current_mac_mono_analysis	core_clean_singlets	11	retain_after_residual_T_NK_removal
CACAAACGTGTTGGGA.7	1	core_retained_singlet	mac_mono_supported	retain_for_current_mac_mono_analysis	core_clean_singlets	11	retain_after_residual_T_NK_removal
CACACAAAGCTGCAAG.7	10	core_retained_singlet	mac_mono_supported	retain_for_current_mac_mono_analysis	core_clean_singlets	11	retain_after_residual_T_NK_removal
CACAGTACATTAGGCT.7	10	core_retained_singlet	mac_mono_supported	retain_for_current_mac_mono_analysis	core_clean_singlets	11	retain_after_residual_T_NK_removal
CACATAGGTAGAGGAA.7	10	core_retained_singlet	mac_mono_supported	retain_for_current_mac_mono_analysis	core_clean_singlets	11	retain_after_residual_T_NK_removal
CACATTTCACGGTTTA.7	10	core_retained_singlet	mac_mono_supported	retain_for_current_mac_mono_analysis	core_clean_singlets	11	retain_after_residual_T_NK_removal
CAGCGACCAGATTGCT.7	10	core_retained_singlet	mac_mono_supported	retain_for_current_mac_mono_analysis	core_clean_singlets	11	retain_after_residual_T_NK_removal
CAGCTAACACAAGACG.7	10	core_retained_singlet	mac_mono_supported	retain_for_current_mac_mono_analysis	core_clean_singlets	11	retain_after_residual_T_NK_removal
CATCAAGGTGCAACTT.7	10	core_retained_singlet	mac_mono_supported	retain_for_current_mac_mono_analysis	core_clean_singlets	11	retain_after_residual_T_NK_removal
CATCAAGTCAGATAAG.7	10	core_retained_singlet	mac_mono_supported	retain_for_current_mac_mono_analysis	core_clean_singlets	11	retain_after_residual_T_NK_removal
CATCAGACAGCTCCGA.7	10	core_retained_singlet	mac_mono_supported	retain_for_current_mac_mono_analysis	core_clean_singlets	11	retain_after_residual_T_NK_removal
CATCGGGGTAATAGCA.7	10	core_retained_singlet	mac_mono_supported	retain_for_current_mac_mono_analysis	core_clean_singlets	11	retain_after_residual_T_NK_removal
CATTCGCGTGTTAAGA.7	10	core_retained_singlet	mac_mono_supported	retain_for_current_mac_mono_analysis	core_clean_singlets	11	retain_after_residual_T_NK_removal
CCAATCCCACTACAGT.7	10	core_retained_singlet	mac_mono_supported	retain_for_current_mac_mono_analysis	core_clean_singlets	11	retain_after_residual_T_NK_removal
CCACGGACACACATGT.7	10	core_retained_singlet	mac_mono_supported	retain_for_current_mac_mono_analysis	core_clean_singlets	11	retain_after_residual_T_NK_removal
CCAGCGAAGCTAGTCT.7	10	core_retained_singlet	mac_mono_supported	retain_for_current_mac_mono_analysis	core_clean_singlets	11	retain_after_residual_T_NK_removal
CCCAGTTGTATAATGG.7	10	core_retained_singlet	mac_mono_supported	retain_for_current_mac_mono_analysis	core_clean_singlets	11	retain_after_residual_T_NK_removal
CCCTCCTTCAACGCTA.7	1	core_retained_singlet	mac_mono_supported	retain_for_current_mac_mono_analysis	core_clean_singlets	11	retain_after_residual_T_NK_removal
CCGGGATGTTCGGCAC.7	10	core_retained_singlet	mac_mono_supported	retain_for_current_mac_mono_analysis	core_clean_singlets	11	retain_after_residual_T_NK_removal
CCGTACTGTAGGGTAC.7	10	core_retained_singlet	mac_mono_supported	retain_for_current_mac_mono_analysis	core_clean_singlets	11	retain_after_residual_T_NK_removal
CCGTGGAAGAAGGTTT.7	10	core_retained_singlet	mac_mono_supported	retain_for_current_mac_mono_analysis	core_clean_singlets	11	retain_after_residual_T_NK_removal
CCGTTCACATCAGTAC.7	8	core_retained_singlet	mac_mono_supported	retain_for_current_mac_mono_analysis	core_clean_singlets	11	retain_after_residual_T_NK_removal
CCGTTCATCTGTCAAG.7	10	core_retained_singlet	mac_mono_supported	retain_for_current_mac_mono_analysis	core_clean_singlets	11	retain_after_residual_T_NK_removal
CCTCAGTAGGCTAGCA.7	10	core_retained_singlet	mac_mono_supported	retain_for_current_mac_mono_analysis	core_clean_singlets	11	retain_after_residual_T_NK_removal
CCTTACGGTGAGTATA.7	10	core_retained_singlet	mac_mono_supported	retain_for_current_mac_mono_analysis	core_clean_singlets	11	retain_after_residual_T_NK_removal
CCTTCCCGTGTTCTTT.7	10	core_retained_singlet	mac_mono_supported	retain_for_current_mac_mono_analysis	core_clean_singlets	11	retain_after_residual_T_NK_removal
CCTTCGACACCATCCT.7	10	core_retained_singlet	mac_mono_supported	retain_for_current_mac_mono_analysis	core_clean_singlets	11	retain_after_residual_T_NK_removal
CGAATGTCAAGAAAGG.7	10	core_retained_singlet	mac_mono_supported	retain_for_current_mac_mono_analysis	core_clean_singlets	11	retain_after_residual_T_NK_removal
CGACCTTTCTGCAGTA.7	10	core_retained_singlet	mac_mono_supported	retain_for_current_mac_mono_analysis	core_clean_singlets	11	retain_after_residual_T_NK_removal
CGACTTCAGTCTCCTC.7	10	core_retained_singlet	mac_mono_supported	retain_for_current_mac_mono_analysis	core_clean_singlets	11	retain_after_residual_T_NK_removal
CGCTATCAGTGTACGG.7	10	core_retained_singlet	mac_mono_supported	retain_for_current_mac_mono_analysis	core_clean_singlets	11	retain_after_residual_T_NK_removal
CGCTATCTCCAGAAGG.7	10	core_retained_singlet	mac_mono_supported	retain_for_current_mac_mono_analysis	core_clean_singlets	11	retain_after_residual_T_NK_removal
CGGACGTGTATAGGGC.7	10	core_retained_singlet	mac_mono_supported	retain_for_current_mac_mono_analysis	core_clean_singlets	11	retain_after_residual_T_NK_removal
CGGAGCTGTAACGCGA.7	10	core_retained_singlet	mac_mono_supported	retain_for_current_mac_mono_analysis	core_clean_singlets	11	retain_after_residual_T_NK_removal
CGGAGCTTCACATAGC.7	10	core_retained_singlet	mac_mono_supported	retain_for_current_mac_mono_analysis	core_clean_singlets	11	retain_after_residual_T_NK_removal
CGGGTCACATGTTCCC.7	10	core_retained_singlet	mac_mono_supported	retain_for_current_mac_mono_analysis	core_clean_singlets	11	retain_after_residual_T_NK_removal
CGTAGCGAGTGGCACA.7	10	core_retained_singlet	mac_mono_supported	retain_for_current_mac_mono_analysis	core_clean_singlets	11	retain_after_residual_T_NK_removal
CGTAGGCAGTGTTGAA.7	10	core_retained_singlet	mac_mono_supported	retain_for_current_mac_mono_analysis	core_clean_singlets	11	retain_after_residual_T_NK_removal
CGTAGGCTCCGGCACA.7	1	core_retained_singlet	mac_mono_supported	retain_for_current_mac_mono_analysis	core_clean_singlets	11	retain_after_residual_T_NK_removal
CGTCTACCATTGAGCT.7	10	core_retained_singlet	mac_mono_supported	retain_for_current_mac_mono_analysis	core_clean_singlets	11	retain_after_residual_T_NK_removal
CTAATGGAGCGGATCA.7	10	core_retained_singlet	mac_mono_supported	retain_for_current_mac_mono_analysis	core_clean_singlets	11	retain_after_residual_T_NK_removal
CTAATGGTCGTATCAG.7	10	core_retained_singlet	mac_mono_supported	retain_for_current_mac_mono_analysis	core_clean_singlets	11	retain_after_residual_T_NK_removal
CTACACCTCATTGCGA.7	10	core_retained_singlet	mac_mono_supported	retain_for_current_mac_mono_analysis	core_clean_singlets	11	retain_after_residual_T_NK_removal
CTACCCATCAGCGATT.7	10	core_retained_singlet	mac_mono_supported	retain_for_current_mac_mono_analysis	core_clean_singlets	11	retain_after_residual_T_NK_removal
CTACGTCTCAGCTTAG.7	1	core_retained_singlet	mac_mono_supported	retain_for_current_mac_mono_analysis	core_clean_singlets	11	retain_after_residual_T_NK_removal
CTCATTATCTCGCATC.7	10	core_retained_singlet	mac_mono_supported	retain_for_current_mac_mono_analysis	core_clean_singlets	11	retain_after_residual_T_NK_removal
CTCGGGATCCACGAAT.7	10	core_retained_singlet	mac_mono_supported	retain_for_current_mac_mono_analysis	core_clean_singlets	11	retain_after_residual_T_NK_removal
CTCGGGATCGGTTCGG.7	10	core_retained_singlet	mac_mono_supported	retain_for_current_mac_mono_analysis	core_clean_singlets	11	retain_after_residual_T_NK_removal
CTCGTACAGCAGACTG.7	1	core_retained_singlet	mac_mono_supported	retain_for_current_mac_mono_analysis	core_clean_singlets	11	retain_after_residual_T_NK_removal
CTGAAGTTCGTAGGAG.7	10	core_retained_singlet	mac_mono_supported	retain_for_current_mac_mono_analysis	core_clean_singlets	11	retain_after_residual_T_NK_removal
CTGATAGAGGGTCGAT.7	10	core_retained_singlet	mac_mono_supported	retain_for_current_mac_mono_analysis	core_clean_singlets	11	retain_after_residual_T_NK_removal
CTGATAGGTCCATCCT.7	10	core_retained_singlet	mac_mono_supported	retain_for_current_mac_mono_analysis	core_clean_singlets	11	retain_after_residual_T_NK_removal
CTGATCCCAATGGAAT.7	10	core_retained_singlet	mac_mono_supported	retain_for_current_mac_mono_analysis	core_clean_singlets	11	retain_after_residual_T_NK_removal
CTGCGGAAGGCTAGGT.7	10	core_retained_singlet	mac_mono_supported	retain_for_current_mac_mono_analysis	core_clean_singlets	11	retain_after_residual_T_NK_removal
CTTAACTGTAGGGACT.7	1	core_retained_singlet	mac_mono_supported	retain_for_current_mac_mono_analysis	core_clean_singlets	11	retain_after_residual_T_NK_removal
CTTACCGTCCCAGGTG.7	10	core_retained_singlet	mac_mono_supported	retain_for_current_mac_mono_analysis	core_clean_singlets	11	retain_after_residual_T_NK_removal
CTTGGCTAGTGTTGAA.7	10	core_retained_singlet	mac_mono_supported	retain_for_current_mac_mono_analysis	core_clean_singlets	11	retain_after_residual_T_NK_removal
GACGTGCCAAAGTGCG.7	10	core_retained_singlet	mac_mono_supported	retain_for_current_mac_mono_analysis	core_clean_singlets	11	retain_after_residual_T_NK_removal
GACTAACAGACACTAA.7	10	core_retained_singlet	mac_mono_supported	retain_for_current_mac_mono_analysis	core_clean_singlets	11	retain_after_residual_T_NK_removal
GACTAACGTTCAGGCC.7	10	core_retained_singlet	mac_mono_supported	retain_for_current_mac_mono_analysis	core_clean_singlets	11	retain_after_residual_T_NK_removal
GACTACATCACGACTA.7	10	core_retained_singlet	mac_mono_supported	retain_for_current_mac_mono_analysis	core_clean_singlets	11	retain_after_residual_T_NK_removal
GAGGTGATCATCGATG.7	10	core_retained_singlet	mac_mono_supported	retain_for_current_mac_mono_analysis	core_clean_singlets	11	retain_after_residual_T_NK_removal
GATCAGTAGGAGTCTG.7	10	core_retained_singlet	mac_mono_supported	retain_for_current_mac_mono_analysis	core_clean_singlets	11	retain_after_residual_T_NK_removal
GCAATCAAGCGATAGC.7	10	core_retained_singlet	mac_mono_supported	retain_for_current_mac_mono_analysis	core_clean_singlets	11	retain_after_residual_T_NK_removal
GCACATACATTAGCCA.7	10	core_retained_singlet	mac_mono_supported	retain_for_current_mac_mono_analysis	core_clean_singlets	11	retain_after_residual_T_NK_removal
GCACATAGTCCGACGT.7	10	core_retained_singlet	mac_mono_supported	retain_for_current_mac_mono_analysis	core_clean_singlets	11	retain_after_residual_T_NK_removal
GCACATAGTTATCCGA.7	10	core_retained_singlet	mac_mono_supported	retain_for_current_mac_mono_analysis	core_clean_singlets	11	retain_after_residual_T_NK_removal
GCAGCCAAGCCTTGAT.7	10	core_retained_singlet	mac_mono_supported	retain_for_current_mac_mono_analysis	core_clean_singlets	11	retain_after_residual_T_NK_removal
GCATACAAGGCGACAT.7	10	core_retained_singlet	mac_mono_supported	retain_for_current_mac_mono_analysis	core_clean_singlets	11	retain_after_residual_T_NK_removal
GCATGCGCAAAGAATC.7	10	core_retained_singlet	mac_mono_supported	retain_for_current_mac_mono_analysis	core_clean_singlets	11	retain_after_residual_T_NK_removal
GCGCAACGTGGGTCAA.7	10	core_retained_singlet	mac_mono_supported	retain_for_current_mac_mono_analysis	core_clean_singlets	11	retain_after_residual_T_NK_removal
GCGCGATCAGTCGTGC.7	10	core_retained_singlet	mac_mono_supported	retain_for_current_mac_mono_analysis	core_clean_singlets	11	retain_after_residual_T_NK_removal
GCTCCTAGTACTCTCC.7	10	core_retained_singlet	mac_mono_supported	retain_for_current_mac_mono_analysis	core_clean_singlets	11	retain_after_residual_T_NK_removal
GCTCTGTTCTCTTATG.7	10	core_retained_singlet	mac_mono_supported	retain_for_current_mac_mono_analysis	core_clean_singlets	11	retain_after_residual_T_NK_removal
GCTTGAAAGAGCTATA.7	10	core_retained_singlet	mac_mono_supported	retain_for_current_mac_mono_analysis	core_clean_singlets	11	retain_after_residual_T_NK_removal
GGACAGATCCCTTGTG.7	10	core_retained_singlet	mac_mono_supported	retain_for_current_mac_mono_analysis	core_clean_singlets	11	retain_after_residual_T_NK_removal
GGACATTAGGAGTAGA.7	10	core_retained_singlet	mac_mono_supported	retain_for_current_mac_mono_analysis	core_clean_singlets	11	retain_after_residual_T_NK_removal
GGAGCAAAGGCGTACA.7	5	core_retained_singlet	mac_mono_supported	retain_for_current_mac_mono_analysis	core_clean_singlets	11	retain_after_residual_T_NK_removal
GGCCGATAGGCTCTTA.7	10	core_retained_singlet	mac_mono_supported	retain_for_current_mac_mono_analysis	core_clean_singlets	11	retain_after_residual_T_NK_removal
GGCCGATAGTATTGGA.7	10	core_retained_singlet	mac_mono_supported	retain_for_current_mac_mono_analysis	core_clean_singlets	11	retain_after_residual_T_NK_removal
GGCGACTAGTGCAAGC.7	10	core_retained_singlet	mac_mono_supported	retain_for_current_mac_mono_analysis	core_clean_singlets	11	retain_after_residual_T_NK_removal
GGCGTGTAGTTGTAGA.7	10	core_retained_singlet	mac_mono_supported	retain_for_current_mac_mono_analysis	core_clean_singlets	11	retain_after_residual_T_NK_removal
GGCTCGAGTGTGCCTG.7	10	core_retained_singlet	mac_mono_supported	retain_for_current_mac_mono_analysis	core_clean_singlets	11	retain_after_residual_T_NK_removal
GGCTGGTCAATGAAAC.7	10	core_retained_singlet	mac_mono_supported	retain_for_current_mac_mono_analysis	core_clean_singlets	11	retain_after_residual_T_NK_removal
GGGAATGGTACTCGCG.7	10	core_retained_singlet	mac_mono_supported	retain_for_current_mac_mono_analysis	core_clean_singlets	11	retain_after_residual_T_NK_removal
GGGAGATAGGCCATAG.7	10	core_retained_singlet	mac_mono_supported	retain_for_current_mac_mono_analysis	core_clean_singlets	11	retain_after_residual_T_NK_removal
GGGATGAGTCCGTTAA.7	10	core_retained_singlet	mac_mono_supported	retain_for_current_mac_mono_analysis	core_clean_singlets	11	retain_after_residual_T_NK_removal
GGGATGATCTCTGCTG.7	10	core_retained_singlet	mac_mono_supported	retain_for_current_mac_mono_analysis	core_clean_singlets	11	retain_after_residual_T_NK_removal
GGGCATCGTCTCACCT.7	10	core_retained_singlet	mac_mono_supported	retain_for_current_mac_mono_analysis	core_clean_singlets	11	retain_after_residual_T_NK_removal
GGGCATCGTGTGCGTC.7	10	core_retained_singlet	mac_mono_supported	retain_for_current_mac_mono_analysis	core_clean_singlets	11	retain_after_residual_T_NK_removal
GGGTCTGAGAAAGTGG.7	10	core_retained_singlet	mac_mono_supported	retain_for_current_mac_mono_analysis	core_clean_singlets	11	retain_after_residual_T_NK_removal
GGTGAAGCAGATGGCA.7	10	core_retained_singlet	mac_mono_supported	retain_for_current_mac_mono_analysis	core_clean_singlets	11	retain_after_residual_T_NK_removal
GGTGAAGCATCCTAGA.7	10	core_retained_singlet	mac_mono_supported	retain_for_current_mac_mono_analysis	core_clean_singlets	11	retain_after_residual_T_NK_removal
GGTGAAGTCCAAACAC.7	10	core_retained_singlet	mac_mono_supported	retain_for_current_mac_mono_analysis	core_clean_singlets	11	retain_after_residual_T_NK_removal
GTACGTACACAGGTTT.7	10	core_retained_singlet	mac_mono_supported	retain_for_current_mac_mono_analysis	core_clean_singlets	11	retain_after_residual_T_NK_removal
GTACTCCTCCAGAAGG.7	10	core_retained_singlet	mac_mono_supported	retain_for_current_mac_mono_analysis	core_clean_singlets	11	retain_after_residual_T_NK_removal
GTACTTTAGGTGCACA.7	10	core_retained_singlet	mac_mono_supported	retain_for_current_mac_mono_analysis	core_clean_singlets	11	retain_after_residual_T_NK_removal
GTATTCTGTACCGGCT.7	10	core_retained_singlet	mac_mono_supported	retain_for_current_mac_mono_analysis	core_clean_singlets	11	retain_after_residual_T_NK_removal
GTCACAATCACTTACT.7	10	core_retained_singlet	mac_mono_supported	retain_for_current_mac_mono_analysis	core_clean_singlets	11	retain_after_residual_T_NK_removal
GTCGTAATCTGCAGTA.7	10	core_retained_singlet	mac_mono_supported	retain_for_current_mac_mono_analysis	core_clean_singlets	11	retain_after_residual_T_NK_removal
GTGCATATCCTCCTAG.7	10	core_retained_singlet	mac_mono_supported	retain_for_current_mac_mono_analysis	core_clean_singlets	11	retain_after_residual_T_NK_removal
GTGGGTCCAAGTTCTG.7	10	core_retained_singlet	mac_mono_supported	retain_for_current_mac_mono_analysis	core_clean_singlets	11	retain_after_residual_T_NK_removal
GTGGGTCTCACAAACC.7	10	core_retained_singlet	mac_mono_supported	retain_for_current_mac_mono_analysis	core_clean_singlets	11	retain_after_residual_T_NK_removal
GTTCGGGTCTCTGAGA.7	10	core_retained_singlet	mac_mono_supported	retain_for_current_mac_mono_analysis	core_clean_singlets	11	retain_after_residual_T_NK_removal
GTTTCTACACGTTGGC.7	10	core_retained_singlet	mac_mono_supported	retain_for_current_mac_mono_analysis	core_clean_singlets	11	retain_after_residual_T_NK_removal
TAAACCGCACAGACTT.7	10	core_retained_singlet	mac_mono_supported	retain_for_current_mac_mono_analysis	core_clean_singlets	11	retain_after_residual_T_NK_removal
TACACGAAGGTGATTA.7	10	core_retained_singlet	mac_mono_supported	retain_for_current_mac_mono_analysis	core_clean_singlets	11	retain_after_residual_T_NK_removal
TACAGTGCAATCCAAC.7	10	core_retained_singlet	mac_mono_supported	retain_for_current_mac_mono_analysis	core_clean_singlets	11	retain_after_residual_T_NK_removal
TACAGTGCATCCGGGT.7	10	core_retained_singlet	mac_mono_supported	retain_for_current_mac_mono_analysis	core_clean_singlets	11	retain_after_residual_T_NK_removal
TACCTATGTTTACTCT.7	1	core_retained_singlet	mac_mono_supported	retain_for_current_mac_mono_analysis	core_clean_singlets	11	retain_after_residual_T_NK_removal
TACTCATAGCTGCCCA.7	10	core_retained_singlet	mac_mono_supported	retain_for_current_mac_mono_analysis	core_clean_singlets	11	retain_after_residual_T_NK_removal
TACTTGTGTTTGGCGC.7	10	core_retained_singlet	mac_mono_supported	retain_for_current_mac_mono_analysis	core_clean_singlets	11	retain_after_residual_T_NK_removal
TAGAGCTGTGTAAGTA.7	10	core_retained_singlet	mac_mono_supported	retain_for_current_mac_mono_analysis	core_clean_singlets	11	retain_after_residual_T_NK_removal
TAGTGGTAGACTTGAA.7	10	core_retained_singlet	mac_mono_supported	retain_for_current_mac_mono_analysis	core_clean_singlets	11	retain_after_residual_T_NK_removal
TATCTCACACTTGGAT.7	10	core_retained_singlet	mac_mono_supported	retain_for_current_mac_mono_analysis	core_clean_singlets	11	retain_after_residual_T_NK_removal
TCACGAATCCCAAGAT.7	10	core_retained_singlet	mac_mono_supported	retain_for_current_mac_mono_analysis	core_clean_singlets	11	retain_after_residual_T_NK_removal
TCAGCTCGTCTCTTTA.7	10	core_retained_singlet	mac_mono_supported	retain_for_current_mac_mono_analysis	core_clean_singlets	11	retain_after_residual_T_NK_removal
TCATTACCACGGTTTA.7	10	core_retained_singlet	mac_mono_supported	retain_for_current_mac_mono_analysis	core_clean_singlets	11	retain_after_residual_T_NK_removal
TCATTACGTTTGTGTG.7	10	core_retained_singlet	mac_mono_supported	retain_for_current_mac_mono_analysis	core_clean_singlets	11	retain_after_residual_T_NK_removal
TCGCGAGCACGCATCG.7	10	core_retained_singlet	mac_mono_supported	retain_for_current_mac_mono_analysis	core_clean_singlets	11	retain_after_residual_T_NK_removal
TCGGGACAGGCGATAC.7	10	core_retained_singlet	mac_mono_supported	retain_for_current_mac_mono_analysis	core_clean_singlets	11	retain_after_residual_T_NK_removal
TCGTAGACAGGGTACA.7	10	core_retained_singlet	mac_mono_supported	retain_for_current_mac_mono_analysis	core_clean_singlets	11	retain_after_residual_T_NK_removal
TCTATTGGTGCACCAC.7	10	core_retained_singlet	mac_mono_supported	retain_for_current_mac_mono_analysis	core_clean_singlets	11	retain_after_residual_T_NK_removal
TGACTTTCAATGGATA.7	10	core_retained_singlet	mac_mono_supported	retain_for_current_mac_mono_analysis	core_clean_singlets	11	retain_after_residual_T_NK_removal
TGAGAGGTCTGCTGTC.7	10	core_retained_singlet	mac_mono_supported	retain_for_current_mac_mono_analysis	core_clean_singlets	11	retain_after_residual_T_NK_removal
TGAGCATCACCCTATC.7	10	core_retained_singlet	mac_mono_supported	retain_for_current_mac_mono_analysis	core_clean_singlets	11	retain_after_residual_T_NK_removal
TGAGGGACAGCCTTTC.7	10	core_retained_singlet	mac_mono_supported	retain_for_current_mac_mono_analysis	core_clean_singlets	11	retain_after_residual_T_NK_removal
TGCCAAAAGAGGGCTT.7	10	core_retained_singlet	mac_mono_supported	retain_for_current_mac_mono_analysis	core_clean_singlets	11	retain_after_residual_T_NK_removal
TGCCCATTCACCACCT.7	10	core_retained_singlet	mac_mono_supported	retain_for_current_mac_mono_analysis	core_clean_singlets	11	retain_after_residual_T_NK_removal
TGCCCATTCCCTTGCA.7	10	core_retained_singlet	mac_mono_supported	retain_for_current_mac_mono_analysis	core_clean_singlets	11	retain_after_residual_T_NK_removal
TGCGCAGCAGTAACGG.7	10	core_retained_singlet	mac_mono_supported	retain_for_current_mac_mono_analysis	core_clean_singlets	11	retain_after_residual_T_NK_removal
TGGCCAGCACGGCGTT.7	10	core_retained_singlet	mac_mono_supported	retain_for_current_mac_mono_analysis	core_clean_singlets	11	retain_after_residual_T_NK_removal
TGGCTGGCACATGTGT.7	10	core_retained_singlet	mac_mono_supported	retain_for_current_mac_mono_analysis	core_clean_singlets	11	retain_after_residual_T_NK_removal
TGGTTAGGTAGTAGTA.7	1	core_retained_singlet	mac_mono_supported	retain_for_current_mac_mono_analysis	core_clean_singlets	11	retain_after_residual_T_NK_removal
TGGTTCCAGCACGCCT.7	10	core_retained_singlet	mac_mono_supported	retain_for_current_mac_mono_analysis	core_clean_singlets	11	retain_after_residual_T_NK_removal
TGTATTCGTCTACCTC.7	10	core_retained_singlet	mac_mono_supported	retain_for_current_mac_mono_analysis	core_clean_singlets	11	retain_after_residual_T_NK_removal
TGTATTCTCCTCAATT.7	10	core_retained_singlet	mac_mono_supported	retain_for_current_mac_mono_analysis	core_clean_singlets	11	retain_after_residual_T_NK_removal
TTATGCTAGAGTAATC.7	10	core_retained_singlet	mac_mono_supported	retain_for_current_mac_mono_analysis	core_clean_singlets	11	retain_after_residual_T_NK_removal
TTCTCAATCTGCAGTA.7	10	core_retained_singlet	mac_mono_supported	retain_for_current_mac_mono_analysis	core_clean_singlets	11	retain_after_residual_T_NK_removal
TTGCGTCTCTCGCATC.7	10	core_retained_singlet	mac_mono_supported	retain_for_current_mac_mono_analysis	core_clean_singlets	11	retain_after_residual_T_NK_removal
TTGGAACCATTGAGCT.7	10	core_retained_singlet	mac_mono_supported	retain_for_current_mac_mono_analysis	core_clean_singlets	11	retain_after_residual_T_NK_removal
TTGGAACCATTGCGGC.7	10	core_retained_singlet	mac_mono_supported	retain_for_current_mac_mono_analysis	core_clean_singlets	11	retain_after_residual_T_NK_removal
TTTCCTCTCGTTACGA.7	10	core_retained_singlet	mac_mono_supported	retain_for_current_mac_mono_analysis	core_clean_singlets	11	retain_after_residual_T_NK_removal
ATTCTACAGGTGTTAA.8	10	core_retained_singlet	mac_mono_supported	retain_for_current_mac_mono_analysis	core_clean_singlets	11	retain_after_residual_T_NK_removal
CAAGTTGAGAAGGCCT.8	10	core_retained_singlet	mac_mono_supported	retain_for_current_mac_mono_analysis	core_clean_singlets	11	retain_after_residual_T_NK_removal
CATTATCGTGAGGGTT.8	10	core_retained_singlet	mac_mono_supported	retain_for_current_mac_mono_analysis	core_clean_singlets	11	retain_after_residual_T_NK_removal
GACACGCGTTCGTGAT.8	10	core_retained_singlet	mac_mono_supported	retain_for_current_mac_mono_analysis	core_clean_singlets	11	retain_after_residual_T_NK_removal
GACTGCGGTCTTCGTC.8	10	core_retained_singlet	mac_mono_supported	retain_for_current_mac_mono_analysis	core_clean_singlets	11	retain_after_residual_T_NK_removal
GATCAGTAGTGGAGAA.8	10	core_retained_singlet	mac_mono_supported	retain_for_current_mac_mono_analysis	core_clean_singlets	11	retain_after_residual_T_NK_removal
GATCGTATCGTAGGTT.8	10	core_retained_singlet	mac_mono_supported	retain_for_current_mac_mono_analysis	core_clean_singlets	11	retain_after_residual_T_NK_removal
TCAGCTCAGTTCGCAT.8	10	core_retained_singlet	mac_mono_supported	retain_for_current_mac_mono_analysis	core_clean_singlets	11	retain_after_residual_T_NK_removal
TCTGAGAGTGAAGGCT.8	10	core_retained_singlet	mac_mono_supported	retain_for_current_mac_mono_analysis	core_clean_singlets	11	retain_after_residual_T_NK_removal
AACTTTCCACGGACAA.15	8	core_retained_singlet	mac_mono_supported	retain_for_current_mac_mono_analysis	core_clean_singlets	11	retain_after_residual_T_NK_removal
ATTGGACGTGCATCTA.15	10	core_retained_singlet	mac_mono_supported	retain_for_current_mac_mono_analysis	core_clean_singlets	11	retain_after_residual_T_NK_removal
AGCGTATCATAAAGGT.21	1	core_retained_singlet	mac_mono_supported	retain_for_current_mac_mono_analysis	core_clean_singlets	11	retain_after_residual_T_NK_removal
AGGTCCGAGGTGTTAA.21	8	core_retained_singlet	mac_mono_supported	retain_for_current_mac_mono_analysis	core_clean_singlets	11	retain_after_residual_T_NK_removal
ATCCACCCAGTATCTG.21	8	core_retained_singlet	mac_mono_supported	retain_for_current_mac_mono_analysis	core_clean_singlets	11	retain_after_residual_T_NK_removal
ATGGGAGCACATGTGT.21	8	core_retained_singlet	mac_mono_supported	retain_for_current_mac_mono_analysis	core_clean_singlets	11	retain_after_residual_T_NK_removal
CAACCAATCGAGCCCA.21	8	core_retained_singlet	mac_mono_supported	retain_for_current_mac_mono_analysis	core_clean_singlets	11	retain_after_residual_T_NK_removal
CACACCTAGGAGTTTA.21	8	core_retained_singlet	mac_mono_supported	retain_for_current_mac_mono_analysis	core_clean_singlets	11	retain_after_residual_T_NK_removal
CCTTACGTCCAGATCA.21	8	core_retained_singlet	mac_mono_supported	retain_for_current_mac_mono_analysis	core_clean_singlets	11	retain_after_residual_T_NK_removal
CCTTCGAGTACATCCA.21	8	core_retained_singlet	mac_mono_supported	retain_for_current_mac_mono_analysis	core_clean_singlets	11	retain_after_residual_T_NK_removal
CTAGTGACACCGTTGG.21	8	core_retained_singlet	mac_mono_supported	retain_for_current_mac_mono_analysis	core_clean_singlets	11	retain_after_residual_T_NK_removal
CTCACACAGTGATCGG.21	8	core_retained_singlet	mac_mono_supported	retain_for_current_mac_mono_analysis	core_clean_singlets	11	retain_after_residual_T_NK_removal
CTGCGGATCCTATGTT.21	1	core_retained_singlet	mac_mono_supported	retain_for_current_mac_mono_analysis	core_clean_singlets	11	retain_after_residual_T_NK_removal
CTGGTCTCAATAGCGG.21	8	core_retained_singlet	mac_mono_supported	retain_for_current_mac_mono_analysis	core_clean_singlets	11	retain_after_residual_T_NK_removal
GACTGCGGTTTGGCGC.21	8	core_retained_singlet	mac_mono_supported	retain_for_current_mac_mono_analysis	core_clean_singlets	11	retain_after_residual_T_NK_removal
GAGCAGAAGCCCAGCT.21	8	core_retained_singlet	mac_mono_supported	retain_for_current_mac_mono_analysis	core_clean_singlets	11	retain_after_residual_T_NK_removal
GGACGTCAGTGGTAGC.21	8	core_retained_singlet	mac_mono_supported	retain_for_current_mac_mono_analysis	core_clean_singlets	11	retain_after_residual_T_NK_removal
GGTATTGGTTATGCGT.21	8	core_retained_singlet	mac_mono_supported	retain_for_current_mac_mono_analysis	core_clean_singlets	11	retain_after_residual_T_NK_removal
GTATTCTAGCAATATG.21	8	core_retained_singlet	mac_mono_supported	retain_for_current_mac_mono_analysis	core_clean_singlets	11	retain_after_residual_T_NK_removal
GTGCAGCTCGTCCAGG.21	8	core_retained_singlet	mac_mono_supported	retain_for_current_mac_mono_analysis	core_clean_singlets	11	retain_after_residual_T_NK_removal
TAGACCAGTCTTGCGG.21	5	core_retained_singlet	mac_mono_supported	retain_for_current_mac_mono_analysis	core_clean_singlets	11	retain_after_residual_T_NK_removal
TAGTTGGCACGAGAGT.21	1	core_retained_singlet	mac_mono_supported	retain_for_current_mac_mono_analysis	core_clean_singlets	11	retain_after_residual_T_NK_removal
TATTACCGTAGCTTGT.21	1	core_retained_singlet	mac_mono_supported	retain_for_current_mac_mono_analysis	core_clean_singlets	11	retain_after_residual_T_NK_removal
TGAAAGACAAGTCTAC.21	5	core_retained_singlet	mac_mono_supported	retain_for_current_mac_mono_analysis	core_clean_singlets	11	retain_after_residual_T_NK_removal
TTAGGACCAGTCGATT.21	8	core_retained_singlet	mac_mono_supported	retain_for_current_mac_mono_analysis	core_clean_singlets	11	retain_after_residual_T_NK_removal
TTAGTTCTCTACTATC.21	8	core_retained_singlet	mac_mono_supported	retain_for_current_mac_mono_analysis	core_clean_singlets	11	retain_after_residual_T_NK_removal
TTGTAGGTCGTTTAGG.21	8	core_retained_singlet	mac_mono_supported	retain_for_current_mac_mono_analysis	core_clean_singlets	11	retain_after_residual_T_NK_removal
AAACGGGGTCTAAAGA.28	5	core_retained_singlet	mac_mono_supported	retain_for_current_mac_mono_analysis	core_clean_singlets	11	retain_after_residual_T_NK_removal
AAACGGGGTTCCACGG.28	5	core_retained_singlet	mac_mono_supported	retain_for_current_mac_mono_analysis	core_clean_singlets	11	retain_after_residual_T_NK_removal
AAACGGGGTTCGTTGA.28	5	core_retained_singlet	mac_mono_supported	retain_for_current_mac_mono_analysis	core_clean_singlets	11	retain_after_residual_T_NK_removal
AAAGCAAGTATTCTCT.28	5	core_retained_singlet	mac_mono_supported	retain_for_current_mac_mono_analysis	core_clean_singlets	11	retain_after_residual_T_NK_removal
AAATGCCCATCGGACC.28	5	core_retained_singlet	mac_mono_supported	retain_for_current_mac_mono_analysis	core_clean_singlets	11	retain_after_residual_T_NK_removal
AACACGTCATCTGGTA.28	5	core_retained_singlet	mac_mono_supported	retain_for_current_mac_mono_analysis	core_clean_singlets	11	retain_after_residual_T_NK_removal
AACTTTCGTCCAGTGC.28	5	core_retained_singlet	mac_mono_supported	retain_for_current_mac_mono_analysis	core_clean_singlets	11	retain_after_residual_T_NK_removal
AAGCCGCAGATGTCGG.28	5	core_retained_singlet	mac_mono_supported	retain_for_current_mac_mono_analysis	core_clean_singlets	11	retain_after_residual_T_NK_removal
AAGGAGCTCTTCATGT.28	5	core_retained_singlet	mac_mono_supported	retain_for_current_mac_mono_analysis	core_clean_singlets	11	retain_after_residual_T_NK_removal
AAGGCAGCAAAGCGGT.28	5	core_retained_singlet	mac_mono_supported	retain_for_current_mac_mono_analysis	core_clean_singlets	11	retain_after_residual_T_NK_removal
AAGGCAGTCCTAGTGA.28	5	core_retained_singlet	mac_mono_supported	retain_for_current_mac_mono_analysis	core_clean_singlets	11	retain_after_residual_T_NK_removal
AAGGTTCGTCTTGCGG.28	5	core_retained_singlet	mac_mono_supported	retain_for_current_mac_mono_analysis	core_clean_singlets	11	retain_after_residual_T_NK_removal
ACCAGTAGTCATATGC.28	5	core_retained_singlet	mac_mono_supported	retain_for_current_mac_mono_analysis	core_clean_singlets	11	retain_after_residual_T_NK_removal
ACTGAACGTTAAAGAC.28	1	core_retained_singlet	mac_mono_supported	retain_for_current_mac_mono_analysis	core_clean_singlets	11	retain_after_residual_T_NK_removal
ACTGAGTCAGGTCCAC.28	5	core_retained_singlet	mac_mono_supported	retain_for_current_mac_mono_analysis	core_clean_singlets	11	retain_after_residual_T_NK_removal
ACTGATGCAAATTGCC.28	5	core_retained_singlet	mac_mono_supported	retain_for_current_mac_mono_analysis	core_clean_singlets	11	retain_after_residual_T_NK_removal
ACTGCTCAGAAGGGTA.28	5	core_retained_singlet	mac_mono_supported	retain_for_current_mac_mono_analysis	core_clean_singlets	11	retain_after_residual_T_NK_removal
ACTGCTCGTTCGCTAA.28	5	core_retained_singlet	mac_mono_supported	retain_for_current_mac_mono_analysis	core_clean_singlets	11	retain_after_residual_T_NK_removal
ACTTGTTAGACATAAC.28	5	core_retained_singlet	mac_mono_supported	retain_for_current_mac_mono_analysis	core_clean_singlets	11	retain_after_residual_T_NK_removal
AGAGCTTTCTGCAGTA.28	5	core_retained_singlet	mac_mono_supported	retain_for_current_mac_mono_analysis	core_clean_singlets	11	retain_after_residual_T_NK_removal
AGCAGCCAGATCTGCT.28	5	core_retained_singlet	mac_mono_supported	retain_for_current_mac_mono_analysis	core_clean_singlets	11	retain_after_residual_T_NK_removal
AGCTCCTGTAGCACGA.28	5	core_retained_singlet	mac_mono_supported	retain_for_current_mac_mono_analysis	core_clean_singlets	11	retain_after_residual_T_NK_removal
AGCTCTCAGGCAGGTT.28	5	core_retained_singlet	mac_mono_supported	retain_for_current_mac_mono_analysis	core_clean_singlets	11	retain_after_residual_T_NK_removal
AGGTCATTCCACTGGG.28	5	core_retained_singlet	mac_mono_supported	retain_for_current_mac_mono_analysis	core_clean_singlets	11	retain_after_residual_T_NK_removal
AGGTCCGCACGAAAGC.28	5	core_retained_singlet	mac_mono_supported	retain_for_current_mac_mono_analysis	core_clean_singlets	11	retain_after_residual_T_NK_removal
AGTAGTCCACTGTGTA.28	5	core_retained_singlet	mac_mono_supported	retain_for_current_mac_mono_analysis	core_clean_singlets	11	retain_after_residual_T_NK_removal
AGTTGGTAGATGTCGG.28	5	core_retained_singlet	mac_mono_supported	retain_for_current_mac_mono_analysis	core_clean_singlets	11	retain_after_residual_T_NK_removal
AGTTGGTCAGGTCCAC.28	5	core_retained_singlet	mac_mono_supported	retain_for_current_mac_mono_analysis	core_clean_singlets	11	retain_after_residual_T_NK_removal
ATCATGGGTAAGTAGT.28	5	core_retained_singlet	mac_mono_supported	retain_for_current_mac_mono_analysis	core_clean_singlets	11	retain_after_residual_T_NK_removal
ATCCACCCACTCTGTC.28	5	core_retained_singlet	mac_mono_supported	retain_for_current_mac_mono_analysis	core_clean_singlets	11	retain_after_residual_T_NK_removal
ATCTACTCAAAGGAAG.28	5	core_retained_singlet	mac_mono_supported	retain_for_current_mac_mono_analysis	core_clean_singlets	11	retain_after_residual_T_NK_removal
ATGAGGGCACCGGAAA.28	5	core_retained_singlet	mac_mono_supported	retain_for_current_mac_mono_analysis	core_clean_singlets	11	retain_after_residual_T_NK_removal
ATTGGACAGATATGGT.28	5	core_retained_singlet	mac_mono_supported	retain_for_current_mac_mono_analysis	core_clean_singlets	11	retain_after_residual_T_NK_removal
ATTGGTGAGTCGATAA.28	5	core_retained_singlet	mac_mono_supported	retain_for_current_mac_mono_analysis	core_clean_singlets	11	retain_after_residual_T_NK_removal
ATTTCTGCACAAGACG.28	5	core_retained_singlet	mac_mono_supported	retain_for_current_mac_mono_analysis	core_clean_singlets	11	retain_after_residual_T_NK_removal
ATTTCTGGTACATCCA.28	5	core_retained_singlet	mac_mono_supported	retain_for_current_mac_mono_analysis	core_clean_singlets	11	retain_after_residual_T_NK_removal
CACATAGTCAACTCTT.28	5	core_retained_singlet	mac_mono_supported	retain_for_current_mac_mono_analysis	core_clean_singlets	11	retain_after_residual_T_NK_removal
CAGAATCGTCCTAGCG.28	5	core_retained_singlet	mac_mono_supported	retain_for_current_mac_mono_analysis	core_clean_singlets	11	retain_after_residual_T_NK_removal
CAGCAGCTCTGCTTGC.28	5	core_retained_singlet	mac_mono_supported	retain_for_current_mac_mono_analysis	core_clean_singlets	11	retain_after_residual_T_NK_removal
CAGCGACTCGATCCCT.28	5	core_retained_singlet	mac_mono_supported	retain_for_current_mac_mono_analysis	core_clean_singlets	11	retain_after_residual_T_NK_removal
CAGGTGCCACAGATTC.28	5	core_retained_singlet	mac_mono_supported	retain_for_current_mac_mono_analysis	core_clean_singlets	11	retain_after_residual_T_NK_removal
CATATGGTCTCTAGGA.28	5	core_retained_singlet	mac_mono_supported	retain_for_current_mac_mono_analysis	core_clean_singlets	11	retain_after_residual_T_NK_removal
CATCAAGGTTACGACT.28	5	core_retained_singlet	mac_mono_supported	retain_for_current_mac_mono_analysis	core_clean_singlets	11	retain_after_residual_T_NK_removal
CATCCACGTATAATGG.28	5	core_retained_singlet	mac_mono_supported	retain_for_current_mac_mono_analysis	core_clean_singlets	11	retain_after_residual_T_NK_removal
CATTCGCTCCTAGAAC.28	5	core_retained_singlet	mac_mono_supported	retain_for_current_mac_mono_analysis	core_clean_singlets	11	retain_after_residual_T_NK_removal
CCCAGTTTCTAACTCT.28	5	core_retained_singlet	mac_mono_supported	retain_for_current_mac_mono_analysis	core_clean_singlets	11	retain_after_residual_T_NK_removal
CCCATACCAAGCTGTT.28	5	core_retained_singlet	mac_mono_supported	retain_for_current_mac_mono_analysis	core_clean_singlets	11	retain_after_residual_T_NK_removal
CCCTCCTTCTATCCCG.28	5	core_retained_singlet	mac_mono_supported	retain_for_current_mac_mono_analysis	core_clean_singlets	11	retain_after_residual_T_NK_removal
CCGGTAGGTCTGCGGT.28	5	core_retained_singlet	mac_mono_supported	retain_for_current_mac_mono_analysis	core_clean_singlets	11	retain_after_residual_T_NK_removal
CCGTACTTCTGTGCAA.28	5	core_retained_singlet	mac_mono_supported	retain_for_current_mac_mono_analysis	core_clean_singlets	11	retain_after_residual_T_NK_removal
CCTAAAGCACCACGTG.28	5	core_retained_singlet	mac_mono_supported	retain_for_current_mac_mono_analysis	core_clean_singlets	11	retain_after_residual_T_NK_removal
CCTAAAGGTAGAGTGC.28	5	core_retained_singlet	mac_mono_supported	retain_for_current_mac_mono_analysis	core_clean_singlets	11	retain_after_residual_T_NK_removal
CCTAGCTGTTACCAGT.28	5	core_retained_singlet	mac_mono_supported	retain_for_current_mac_mono_analysis	core_clean_singlets	11	retain_after_residual_T_NK_removal
CCTCTGAGTTTGTGTG.28	5	core_retained_singlet	mac_mono_supported	retain_for_current_mac_mono_analysis	core_clean_singlets	11	retain_after_residual_T_NK_removal
CGACCTTTCTATGTGG.28	5	core_retained_singlet	mac_mono_supported	retain_for_current_mac_mono_analysis	core_clean_singlets	11	retain_after_residual_T_NK_removal
CGAGCCAAGTGTACTC.28	5	core_retained_singlet	mac_mono_supported	retain_for_current_mac_mono_analysis	core_clean_singlets	11	retain_after_residual_T_NK_removal
CGATTGATCGGGAGTA.28	5	core_retained_singlet	mac_mono_supported	retain_for_current_mac_mono_analysis	core_clean_singlets	11	retain_after_residual_T_NK_removal
CGCCAAGTCTGGTGTA.28	5	core_retained_singlet	mac_mono_supported	retain_for_current_mac_mono_analysis	core_clean_singlets	11	retain_after_residual_T_NK_removal
CGGGTCATCAGCTCTC.28	5	core_retained_singlet	mac_mono_supported	retain_for_current_mac_mono_analysis	core_clean_singlets	11	retain_after_residual_T_NK_removal
CGTCCATAGTGTGAAT.28	5	core_retained_singlet	mac_mono_supported	retain_for_current_mac_mono_analysis	core_clean_singlets	11	retain_after_residual_T_NK_removal
CGTCCATCATGCAATC.28	5	core_retained_singlet	mac_mono_supported	retain_for_current_mac_mono_analysis	core_clean_singlets	11	retain_after_residual_T_NK_removal
CGTGAGCAGACCGGAT.28	5	core_retained_singlet	mac_mono_supported	retain_for_current_mac_mono_analysis	core_clean_singlets	11	retain_after_residual_T_NK_removal
CTACACCCACGTAAGG.28	5	core_retained_singlet	mac_mono_supported	retain_for_current_mac_mono_analysis	core_clean_singlets	11	retain_after_residual_T_NK_removal
CTACCCATCAGATAAG.28	5	core_retained_singlet	mac_mono_supported	retain_for_current_mac_mono_analysis	core_clean_singlets	11	retain_after_residual_T_NK_removal
CTAGAGTAGACGACGT.28	5	core_retained_singlet	mac_mono_supported	retain_for_current_mac_mono_analysis	core_clean_singlets	11	retain_after_residual_T_NK_removal
CTAGAGTTCCTGCCAT.28	5	core_retained_singlet	mac_mono_supported	retain_for_current_mac_mono_analysis	core_clean_singlets	11	retain_after_residual_T_NK_removal
CTCAGAATCACCGTAA.28	5	core_retained_singlet	mac_mono_supported	retain_for_current_mac_mono_analysis	core_clean_singlets	11	retain_after_residual_T_NK_removal
CTCATTACATCGACGC.28	5	core_retained_singlet	mac_mono_supported	retain_for_current_mac_mono_analysis	core_clean_singlets	11	retain_after_residual_T_NK_removal
CTCGTACGTTGACGTT.28	5	core_retained_singlet	mac_mono_supported	retain_for_current_mac_mono_analysis	core_clean_singlets	11	retain_after_residual_T_NK_removal
CTCGTCACATGTCTCC.28	5	core_retained_singlet	mac_mono_supported	retain_for_current_mac_mono_analysis	core_clean_singlets	11	retain_after_residual_T_NK_removal
CTGCTGTAGAGAGCTC.28	5	core_retained_singlet	mac_mono_supported	retain_for_current_mac_mono_analysis	core_clean_singlets	11	retain_after_residual_T_NK_removal
CTGGTCTGTCCTCTTG.28	5	core_retained_singlet	mac_mono_supported	retain_for_current_mac_mono_analysis	core_clean_singlets	11	retain_after_residual_T_NK_removal
CTTAGGAAGACACGAC.28	5	core_retained_singlet	mac_mono_supported	retain_for_current_mac_mono_analysis	core_clean_singlets	11	retain_after_residual_T_NK_removal
GAAATGATCTACGAGT.28	5	core_retained_singlet	mac_mono_supported	retain_for_current_mac_mono_analysis	core_clean_singlets	11	retain_after_residual_T_NK_removal
GAACATCCATGGTCAT.28	5	core_retained_singlet	mac_mono_supported	retain_for_current_mac_mono_analysis	core_clean_singlets	11	retain_after_residual_T_NK_removal
GAATAAGAGCAGGCTA.28	5	core_retained_singlet	mac_mono_supported	retain_for_current_mac_mono_analysis	core_clean_singlets	11	retain_after_residual_T_NK_removal
GACACGCTCCGCATAA.28	5	core_retained_singlet	mac_mono_supported	retain_for_current_mac_mono_analysis	core_clean_singlets	11	retain_after_residual_T_NK_removal
GAGGTGACATCGGGTC.28	5	core_retained_singlet	mac_mono_supported	retain_for_current_mac_mono_analysis	core_clean_singlets	11	retain_after_residual_T_NK_removal
GATCGATGTAGCTTGT.28	5	core_retained_singlet	mac_mono_supported	retain_for_current_mac_mono_analysis	core_clean_singlets	11	retain_after_residual_T_NK_removal
GATCGCGAGGTGATTA.28	5	core_retained_singlet	mac_mono_supported	retain_for_current_mac_mono_analysis	core_clean_singlets	11	retain_after_residual_T_NK_removal
GATCGTAAGATCCTGT.28	5	core_retained_singlet	mac_mono_supported	retain_for_current_mac_mono_analysis	core_clean_singlets	11	retain_after_residual_T_NK_removal
GCACTCTTCGGCGGTT.28	5	core_retained_singlet	mac_mono_supported	retain_for_current_mac_mono_analysis	core_clean_singlets	11	retain_after_residual_T_NK_removal
GCATGATAGGGTCGAT.28	5	core_retained_singlet	mac_mono_supported	retain_for_current_mac_mono_analysis	core_clean_singlets	11	retain_after_residual_T_NK_removal
GCATGATCACCAGCAC.28	5	core_retained_singlet	mac_mono_supported	retain_for_current_mac_mono_analysis	core_clean_singlets	11	retain_after_residual_T_NK_removal
GCATGCGAGTCACGCC.28	5	core_retained_singlet	mac_mono_supported	retain_for_current_mac_mono_analysis	core_clean_singlets	11	retain_after_residual_T_NK_removal
GCCAAATAGTTTAGGA.28	5	core_retained_singlet	mac_mono_supported	retain_for_current_mac_mono_analysis	core_clean_singlets	11	retain_after_residual_T_NK_removal
GCCAAATCAGCTGCTG.28	5	core_retained_singlet	mac_mono_supported	retain_for_current_mac_mono_analysis	core_clean_singlets	11	retain_after_residual_T_NK_removal
GCGACCAGTCATACTG.28	5	core_retained_singlet	mac_mono_supported	retain_for_current_mac_mono_analysis	core_clean_singlets	11	retain_after_residual_T_NK_removal
GCGCAGTCACTAAGTC.28	5	core_retained_singlet	mac_mono_supported	retain_for_current_mac_mono_analysis	core_clean_singlets	11	retain_after_residual_T_NK_removal
GCGCCAACACCATGTA.28	5	core_retained_singlet	mac_mono_supported	retain_for_current_mac_mono_analysis	core_clean_singlets	11	retain_after_residual_T_NK_removal
GCTGCGAGTTACGCGC.28	5	core_retained_singlet	mac_mono_supported	retain_for_current_mac_mono_analysis	core_clean_singlets	11	retain_after_residual_T_NK_removal
GCTTCCACATCCCACT.28	5	core_retained_singlet	mac_mono_supported	retain_for_current_mac_mono_analysis	core_clean_singlets	11	retain_after_residual_T_NK_removal
GCTTGAATCCTCCTAG.28	5	core_retained_singlet	mac_mono_supported	retain_for_current_mac_mono_analysis	core_clean_singlets	11	retain_after_residual_T_NK_removal
GGAACTTGTTACGACT.28	5	core_retained_singlet	mac_mono_supported	retain_for_current_mac_mono_analysis	core_clean_singlets	11	retain_after_residual_T_NK_removal
GGACAAGAGCTCTCGG.28	5	core_retained_singlet	mac_mono_supported	retain_for_current_mac_mono_analysis	core_clean_singlets	11	retain_after_residual_T_NK_removal
GGACAGACACAGACAG.28	5	core_retained_singlet	mac_mono_supported	retain_for_current_mac_mono_analysis	core_clean_singlets	11	retain_after_residual_T_NK_removal
GGATGTTGTAGCTGCC.28	5	core_retained_singlet	mac_mono_supported	retain_for_current_mac_mono_analysis	core_clean_singlets	11	retain_after_residual_T_NK_removal
GGATTACCATGTCTCC.28	5	core_retained_singlet	mac_mono_supported	retain_for_current_mac_mono_analysis	core_clean_singlets	11	retain_after_residual_T_NK_removal
GGGAGATAGGCCCTTG.28	5	core_retained_singlet	mac_mono_supported	retain_for_current_mac_mono_analysis	core_clean_singlets	11	retain_after_residual_T_NK_removal
GGTATTGCATCTACGA.28	5	core_retained_singlet	mac_mono_supported	retain_for_current_mac_mono_analysis	core_clean_singlets	11	retain_after_residual_T_NK_removal
GGTATTGGTAATCACC.28	5	core_retained_singlet	mac_mono_supported	retain_for_current_mac_mono_analysis	core_clean_singlets	11	retain_after_residual_T_NK_removal
GTAGTCACAGGGTTAG.28	5	core_retained_singlet	mac_mono_supported	retain_for_current_mac_mono_analysis	core_clean_singlets	11	retain_after_residual_T_NK_removal
GTATTCTTCTGATACG.28	5	core_retained_singlet	mac_mono_supported	retain_for_current_mac_mono_analysis	core_clean_singlets	11	retain_after_residual_T_NK_removal
GTCGGGTTCCATGCTC.28	5	core_retained_singlet	mac_mono_supported	retain_for_current_mac_mono_analysis	core_clean_singlets	11	retain_after_residual_T_NK_removal
GTCGTAACAAAGCAAT.28	5	core_retained_singlet	mac_mono_supported	retain_for_current_mac_mono_analysis	core_clean_singlets	11	retain_after_residual_T_NK_removal
GTCGTAAGTTCTGGTA.28	5	core_retained_singlet	mac_mono_supported	retain_for_current_mac_mono_analysis	core_clean_singlets	11	retain_after_residual_T_NK_removal
GTGCAGCCACATTAGC.28	5	core_retained_singlet	mac_mono_supported	retain_for_current_mac_mono_analysis	core_clean_singlets	11	retain_after_residual_T_NK_removal
GTGGGTCGTCTTCGTC.28	5	core_retained_singlet	mac_mono_supported	retain_for_current_mac_mono_analysis	core_clean_singlets	11	retain_after_residual_T_NK_removal
GTGTTAGGTCTCTTAT.28	5	core_retained_singlet	mac_mono_supported	retain_for_current_mac_mono_analysis	core_clean_singlets	11	retain_after_residual_T_NK_removal
GTTAAGCAGGTGTGGT.28	5	core_retained_singlet	mac_mono_supported	retain_for_current_mac_mono_analysis	core_clean_singlets	11	retain_after_residual_T_NK_removal
GTTTCTAGTTTAGGAA.28	8	core_retained_singlet	mac_mono_supported	retain_for_current_mac_mono_analysis	core_clean_singlets	11	retain_after_residual_T_NK_removal
TAAACCGAGGGCTTGA.28	5	core_retained_singlet	mac_mono_supported	retain_for_current_mac_mono_analysis	core_clean_singlets	11	retain_after_residual_T_NK_removal
TAAGAGAGTAAATGAC.28	5	core_retained_singlet	mac_mono_supported	retain_for_current_mac_mono_analysis	core_clean_singlets	11	retain_after_residual_T_NK_removal
TACTTACAGAGGGATA.28	5	core_retained_singlet	mac_mono_supported	retain_for_current_mac_mono_analysis	core_clean_singlets	11	retain_after_residual_T_NK_removal
TACTTGTGTACTTAGC.28	5	core_retained_singlet	mac_mono_supported	retain_for_current_mac_mono_analysis	core_clean_singlets	11	retain_after_residual_T_NK_removal
TAGACCATCTGGCGTG.28	5	core_retained_singlet	mac_mono_supported	retain_for_current_mac_mono_analysis	core_clean_singlets	11	retain_after_residual_T_NK_removal
TAGAGCTGTGCTTCTC.28	5	core_retained_singlet	mac_mono_supported	retain_for_current_mac_mono_analysis	core_clean_singlets	11	retain_after_residual_T_NK_removal
TAGAGCTTCATGCTCC.28	8	core_retained_singlet	mac_mono_supported	retain_for_current_mac_mono_analysis	core_clean_singlets	11	retain_after_residual_T_NK_removal
TAGGCATGTAATTGGA.28	5	core_retained_singlet	mac_mono_supported	retain_for_current_mac_mono_analysis	core_clean_singlets	11	retain_after_residual_T_NK_removal
TAGTGGTGTGTGGTTT.28	5	core_retained_singlet	mac_mono_supported	retain_for_current_mac_mono_analysis	core_clean_singlets	11	retain_after_residual_T_NK_removal
TATGCCCCAGTCGTGC.28	5	core_retained_singlet	mac_mono_supported	retain_for_current_mac_mono_analysis	core_clean_singlets	11	retain_after_residual_T_NK_removal
TATTACCTCCGTAGTA.28	5	core_retained_singlet	mac_mono_supported	retain_for_current_mac_mono_analysis	core_clean_singlets	11	retain_after_residual_T_NK_removal
TCAGGATAGCTTTGGT.28	5	core_retained_singlet	mac_mono_supported	retain_for_current_mac_mono_analysis	core_clean_singlets	11	retain_after_residual_T_NK_removal
TCAGGATTCGTGGGAA.28	5	core_retained_singlet	mac_mono_supported	retain_for_current_mac_mono_analysis	core_clean_singlets	11	retain_after_residual_T_NK_removal
TCTCATAAGAGGACGG.28	5	core_retained_singlet	mac_mono_supported	retain_for_current_mac_mono_analysis	core_clean_singlets	11	retain_after_residual_T_NK_removal
TCTCATACACATCCGG.28	5	core_retained_singlet	mac_mono_supported	retain_for_current_mac_mono_analysis	core_clean_singlets	11	retain_after_residual_T_NK_removal
TCTGAGAGTTCACGGC.28	5	core_retained_singlet	mac_mono_supported	retain_for_current_mac_mono_analysis	core_clean_singlets	11	retain_after_residual_T_NK_removal
TGAAAGATCACTTATC.28	5	core_retained_singlet	mac_mono_supported	retain_for_current_mac_mono_analysis	core_clean_singlets	11	retain_after_residual_T_NK_removal
TGACAACAGCTCCTTC.28	5	core_retained_singlet	mac_mono_supported	retain_for_current_mac_mono_analysis	core_clean_singlets	11	retain_after_residual_T_NK_removal
TGACGGCCACTCAGGC.28	5	core_retained_singlet	mac_mono_supported	retain_for_current_mac_mono_analysis	core_clean_singlets	11	retain_after_residual_T_NK_removal
TGACTAGTCTATCGCC.28	5	core_retained_singlet	mac_mono_supported	retain_for_current_mac_mono_analysis	core_clean_singlets	11	retain_after_residual_T_NK_removal
TGAGAGGAGCGTAATA.28	5	core_retained_singlet	mac_mono_supported	retain_for_current_mac_mono_analysis	core_clean_singlets	11	retain_after_residual_T_NK_removal
TGAGCCGCACCAGCAC.28	5	core_retained_singlet	mac_mono_supported	retain_for_current_mac_mono_analysis	core_clean_singlets	11	retain_after_residual_T_NK_removal
TGAGCCGCAGGGAGAG.28	5	core_retained_singlet	mac_mono_supported	retain_for_current_mac_mono_analysis	core_clean_singlets	11	retain_after_residual_T_NK_removal
TGAGGGACAAGCGATG.28	5	core_retained_singlet	mac_mono_supported	retain_for_current_mac_mono_analysis	core_clean_singlets	11	retain_after_residual_T_NK_removal
TGAGGGATCTTCCTTC.28	5	core_retained_singlet	mac_mono_supported	retain_for_current_mac_mono_analysis	core_clean_singlets	11	retain_after_residual_T_NK_removal
TGATTTCGTTCGTCTC.28	5	core_retained_singlet	mac_mono_supported	retain_for_current_mac_mono_analysis	core_clean_singlets	11	retain_after_residual_T_NK_removal
TGGACGCAGACTAGAT.28	5	core_retained_singlet	mac_mono_supported	retain_for_current_mac_mono_analysis	core_clean_singlets	11	retain_after_residual_T_NK_removal
TGGACGCCAAGTTAAG.28	5	core_retained_singlet	mac_mono_supported	retain_for_current_mac_mono_analysis	core_clean_singlets	11	retain_after_residual_T_NK_removal
TGGCGCAGTCCGACGT.28	5	core_retained_singlet	mac_mono_supported	retain_for_current_mac_mono_analysis	core_clean_singlets	11	retain_after_residual_T_NK_removal
TGTGTTTTCCGCAGTG.28	5	core_retained_singlet	mac_mono_supported	retain_for_current_mac_mono_analysis	core_clean_singlets	11	retain_after_residual_T_NK_removal
TTAGGACCATGCCCGA.28	5	core_retained_singlet	mac_mono_supported	retain_for_current_mac_mono_analysis	core_clean_singlets	11	retain_after_residual_T_NK_removal
TTCGGTCCACGTCAGC.28	8	core_retained_singlet	mac_mono_supported	retain_for_current_mac_mono_analysis	core_clean_singlets	11	retain_after_residual_T_NK_removal
TTCTCCTCACATGACT.28	5	core_retained_singlet	mac_mono_supported	retain_for_current_mac_mono_analysis	core_clean_singlets	11	retain_after_residual_T_NK_removal
TTGAACGAGCCCGAAA.28	5	core_retained_singlet	mac_mono_supported	retain_for_current_mac_mono_analysis	core_clean_singlets	11	retain_after_residual_T_NK_removal
TTGACTTGTAATTGGA.28	5	core_retained_singlet	mac_mono_supported	retain_for_current_mac_mono_analysis	core_clean_singlets	11	retain_after_residual_T_NK_removal
TTTGTCACATAGACTC.28	5	core_retained_singlet	mac_mono_supported	retain_for_current_mac_mono_analysis	core_clean_singlets	11	retain_after_residual_T_NK_removal
AAACCTGCAGCTGGCT.35	10	core_retained_singlet	mac_mono_supported	retain_for_current_mac_mono_analysis	core_clean_singlets	11	retain_after_residual_T_NK_removal
AAACGGGCATTGAGCT.35	10	core_retained_singlet	mac_mono_supported	retain_for_current_mac_mono_analysis	core_clean_singlets	11	retain_after_residual_T_NK_removal
AAAGATGTCTCGTATT.35	1	core_retained_singlet	mac_mono_supported	retain_for_current_mac_mono_analysis	core_clean_singlets	11	retain_after_residual_T_NK_removal
AACGTTGGTCATGCCG.35	10	core_retained_singlet	mac_mono_supported	retain_for_current_mac_mono_analysis	core_clean_singlets	11	retain_after_residual_T_NK_removal
AACTCTTAGAAGGTGA.35	10	core_retained_singlet	mac_mono_supported	retain_for_current_mac_mono_analysis	core_clean_singlets	11	retain_after_residual_T_NK_removal
AACTCTTAGACTACAA.35	10	core_retained_singlet	mac_mono_supported	retain_for_current_mac_mono_analysis	core_clean_singlets	11	retain_after_residual_T_NK_removal
AACTCTTGTCTTCTCG.35	1	core_retained_singlet	mac_mono_supported	retain_for_current_mac_mono_analysis	core_clean_singlets	11	retain_after_residual_T_NK_removal
AAGCCGCGTGAAATCA.35	1	core_retained_singlet	mac_mono_supported	retain_for_current_mac_mono_analysis	core_clean_singlets	11	retain_after_residual_T_NK_removal
AAGCCGCTCGTGACAT.35	10	core_retained_singlet	mac_mono_supported	retain_for_current_mac_mono_analysis	core_clean_singlets	11	retain_after_residual_T_NK_removal
AAGGAGCTCTTGGGTA.35	10	core_retained_singlet	mac_mono_supported	retain_for_current_mac_mono_analysis	core_clean_singlets	11	retain_after_residual_T_NK_removal
AAGGCAGTCCGCTGTT.35	1	core_retained_singlet	mac_mono_supported	retain_for_current_mac_mono_analysis	core_clean_singlets	11	retain_after_residual_T_NK_removal
AATCGGTCATGTTGAC.35	10	core_retained_singlet	mac_mono_supported	retain_for_current_mac_mono_analysis	core_clean_singlets	11	retain_after_residual_T_NK_removal
AATCGGTTCAAGAAGT.35	10	core_retained_singlet	mac_mono_supported	retain_for_current_mac_mono_analysis	core_clean_singlets	11	retain_after_residual_T_NK_removal
ACACCGGTCTGAAAGA.35	10	core_retained_singlet	mac_mono_supported	retain_for_current_mac_mono_analysis	core_clean_singlets	11	retain_after_residual_T_NK_removal
ACACTGAGTGTGGCTC.35	10	core_retained_singlet	mac_mono_supported	retain_for_current_mac_mono_analysis	core_clean_singlets	11	retain_after_residual_T_NK_removal
ACAGCTAAGGAGTTTA.35	10	core_retained_singlet	mac_mono_supported	retain_for_current_mac_mono_analysis	core_clean_singlets	11	retain_after_residual_T_NK_removal
ACCGTAAGTCAGGACA.35	1	core_retained_singlet	mac_mono_supported	retain_for_current_mac_mono_analysis	core_clean_singlets	11	retain_after_residual_T_NK_removal
ACCTTTAGTTCTCATT.35	1	core_retained_singlet	mac_mono_supported	retain_for_current_mac_mono_analysis	core_clean_singlets	11	retain_after_residual_T_NK_removal
ACGAGCCAGCGAGAAA.35	10	core_retained_singlet	mac_mono_supported	retain_for_current_mac_mono_analysis	core_clean_singlets	11	retain_after_residual_T_NK_removal
ACGAGGAAGCAACGGT.35	10	core_retained_singlet	mac_mono_supported	retain_for_current_mac_mono_analysis	core_clean_singlets	11	retain_after_residual_T_NK_removal
ACGCAGCAGCCGGTAA.35	10	core_retained_singlet	mac_mono_supported	retain_for_current_mac_mono_analysis	core_clean_singlets	11	retain_after_residual_T_NK_removal
ACGCAGCGTGTGCGTC.35	10	core_retained_singlet	mac_mono_supported	retain_for_current_mac_mono_analysis	core_clean_singlets	11	retain_after_residual_T_NK_removal
ACGGAGAAGGGATACC.35	5	core_retained_singlet	mac_mono_supported	retain_for_current_mac_mono_analysis	core_clean_singlets	11	retain_after_residual_T_NK_removal
ACGGAGATCACCTTAT.35	10	core_retained_singlet	mac_mono_supported	retain_for_current_mac_mono_analysis	core_clean_singlets	11	retain_after_residual_T_NK_removal
ACGGCCAAGCGATTCT.35	10	core_retained_singlet	mac_mono_supported	retain_for_current_mac_mono_analysis	core_clean_singlets	11	retain_after_residual_T_NK_removal
ACGGGCTCAAGAAGAG.35	8	core_retained_singlet	mac_mono_supported	retain_for_current_mac_mono_analysis	core_clean_singlets	11	retain_after_residual_T_NK_removal
ACGGGTCCAGCGATCC.35	10	core_retained_singlet	mac_mono_supported	retain_for_current_mac_mono_analysis	core_clean_singlets	11	retain_after_residual_T_NK_removal
ACTTGTTGTGTGCGTC.35	10	core_retained_singlet	mac_mono_supported	retain_for_current_mac_mono_analysis	core_clean_singlets	11	retain_after_residual_T_NK_removal
ACTTGTTTCAGCGACC.35	10	core_retained_singlet	mac_mono_supported	retain_for_current_mac_mono_analysis	core_clean_singlets	11	retain_after_residual_T_NK_removal
AGACGTTCATTGAGCT.35	10	core_retained_singlet	mac_mono_supported	retain_for_current_mac_mono_analysis	core_clean_singlets	11	retain_after_residual_T_NK_removal
AGAGCTTTCCATGAAC.35	10	core_retained_singlet	mac_mono_supported	retain_for_current_mac_mono_analysis	core_clean_singlets	11	retain_after_residual_T_NK_removal
AGAGTGGGTAGGACAC.35	10	core_retained_singlet	mac_mono_supported	retain_for_current_mac_mono_analysis	core_clean_singlets	11	retain_after_residual_T_NK_removal
AGCATACCAACTGGCC.35	10	core_retained_singlet	mac_mono_supported	retain_for_current_mac_mono_analysis	core_clean_singlets	11	retain_after_residual_T_NK_removal
AGCCTAAAGAGTGAGA.35	10	core_retained_singlet	mac_mono_supported	retain_for_current_mac_mono_analysis	core_clean_singlets	11	retain_after_residual_T_NK_removal
AGCGGTCGTGGCCCTA.35	1	core_retained_singlet	mac_mono_supported	retain_for_current_mac_mono_analysis	core_clean_singlets	11	retain_after_residual_T_NK_removal
AGGCCGTTCAACACTG.35	10	core_retained_singlet	mac_mono_supported	retain_for_current_mac_mono_analysis	core_clean_singlets	11	retain_after_residual_T_NK_removal
AGGGATGTCTTCGGTC.35	10	core_retained_singlet	mac_mono_supported	retain_for_current_mac_mono_analysis	core_clean_singlets	11	retain_after_residual_T_NK_removal
AGGGTGAAGTTCGATC.35	10	core_retained_singlet	mac_mono_supported	retain_for_current_mac_mono_analysis	core_clean_singlets	11	retain_after_residual_T_NK_removal
AGGGTGAAGTTGTCGT.35	10	core_retained_singlet	mac_mono_supported	retain_for_current_mac_mono_analysis	core_clean_singlets	11	retain_after_residual_T_NK_removal
AGGGTGATCTGCCCTA.35	10	core_retained_singlet	mac_mono_supported	retain_for_current_mac_mono_analysis	core_clean_singlets	11	retain_after_residual_T_NK_removal
AGGTCATCATTGGTAC.35	10	core_retained_singlet	mac_mono_supported	retain_for_current_mac_mono_analysis	core_clean_singlets	11	retain_after_residual_T_NK_removal
AGTGGGACAAGCGAGT.35	10	core_retained_singlet	mac_mono_supported	retain_for_current_mac_mono_analysis	core_clean_singlets	11	retain_after_residual_T_NK_removal
AGTGTCACACTCAGGC.35	10	core_retained_singlet	mac_mono_supported	retain_for_current_mac_mono_analysis	core_clean_singlets	11	retain_after_residual_T_NK_removal
ATCACGAGTCGGCATC.35	1	core_retained_singlet	mac_mono_supported	retain_for_current_mac_mono_analysis	core_clean_singlets	11	retain_after_residual_T_NK_removal
ATCTGCCCACCAGATT.35	10	core_retained_singlet	mac_mono_supported	retain_for_current_mac_mono_analysis	core_clean_singlets	11	retain_after_residual_T_NK_removal
ATCTGCCTCGGATGTT.35	10	core_retained_singlet	mac_mono_supported	retain_for_current_mac_mono_analysis	core_clean_singlets	11	retain_after_residual_T_NK_removal
ATGAGGGCACTTCGAA.35	10	core_retained_singlet	mac_mono_supported	retain_for_current_mac_mono_analysis	core_clean_singlets	11	retain_after_residual_T_NK_removal
ATGAGGGTCGTCGTTC.35	10	core_retained_singlet	mac_mono_supported	retain_for_current_mac_mono_analysis	core_clean_singlets	11	retain_after_residual_T_NK_removal
ATTGGACCATCCGGGT.35	10	core_retained_singlet	mac_mono_supported	retain_for_current_mac_mono_analysis	core_clean_singlets	11	retain_after_residual_T_NK_removal
ATTGGTGAGACGCTTT.35	10	core_retained_singlet	mac_mono_supported	retain_for_current_mac_mono_analysis	core_clean_singlets	11	retain_after_residual_T_NK_removal
ATTTCTGAGGACTGGT.35	10	core_retained_singlet	mac_mono_supported	retain_for_current_mac_mono_analysis	core_clean_singlets	11	retain_after_residual_T_NK_removal
CAACCAATCCCTCAGT.35	10	core_retained_singlet	mac_mono_supported	retain_for_current_mac_mono_analysis	core_clean_singlets	11	retain_after_residual_T_NK_removal
CAACTAGAGCTATGCT.35	10	core_retained_singlet	mac_mono_supported	retain_for_current_mac_mono_analysis	core_clean_singlets	11	retain_after_residual_T_NK_removal
CAACTAGGTCGGCACT.35	10	core_retained_singlet	mac_mono_supported	retain_for_current_mac_mono_analysis	core_clean_singlets	11	retain_after_residual_T_NK_removal
CAAGAAATCTTCGAGA.35	10	core_retained_singlet	mac_mono_supported	retain_for_current_mac_mono_analysis	core_clean_singlets	11	retain_after_residual_T_NK_removal
CAAGATCGTAAACCTC.35	10	core_retained_singlet	mac_mono_supported	retain_for_current_mac_mono_analysis	core_clean_singlets	11	retain_after_residual_T_NK_removal
CACAGGCAGGATGTAT.35	10	core_retained_singlet	mac_mono_supported	retain_for_current_mac_mono_analysis	core_clean_singlets	11	retain_after_residual_T_NK_removal
CACAGGCTCGTGGTCG.35	10	core_retained_singlet	mac_mono_supported	retain_for_current_mac_mono_analysis	core_clean_singlets	11	retain_after_residual_T_NK_removal
CACAGTACAGCCAATT.35	10	core_retained_singlet	mac_mono_supported	retain_for_current_mac_mono_analysis	core_clean_singlets	11	retain_after_residual_T_NK_removal
CACATAGCACCTATCC.35	10	core_retained_singlet	mac_mono_supported	retain_for_current_mac_mono_analysis	core_clean_singlets	11	retain_after_residual_T_NK_removal
CACCTTGTCGTAGATC.35	10	core_retained_singlet	mac_mono_supported	retain_for_current_mac_mono_analysis	core_clean_singlets	11	retain_after_residual_T_NK_removal
CAGAATCAGAACAATC.35	10	core_retained_singlet	mac_mono_supported	retain_for_current_mac_mono_analysis	core_clean_singlets	11	retain_after_residual_T_NK_removal
CAGATCATCCCACTTG.35	1	core_retained_singlet	mac_mono_supported	retain_for_current_mac_mono_analysis	core_clean_singlets	11	retain_after_residual_T_NK_removal
CAGCAGCGTACCGGCT.35	10	core_retained_singlet	mac_mono_supported	retain_for_current_mac_mono_analysis	core_clean_singlets	11	retain_after_residual_T_NK_removal
CAGCTGGAGAGTACCG.35	10	core_retained_singlet	mac_mono_supported	retain_for_current_mac_mono_analysis	core_clean_singlets	11	retain_after_residual_T_NK_removal
CAGGTGCTCCAAGTAC.35	10	core_retained_singlet	mac_mono_supported	retain_for_current_mac_mono_analysis	core_clean_singlets	11	retain_after_residual_T_NK_removal
CAGTCCTCATCATCCC.35	1	core_retained_singlet	mac_mono_supported	retain_for_current_mac_mono_analysis	core_clean_singlets	11	retain_after_residual_T_NK_removal
CAGTCCTTCCTACAGA.35	10	core_retained_singlet	mac_mono_supported	retain_for_current_mac_mono_analysis	core_clean_singlets	11	retain_after_residual_T_NK_removal
CATATTCTCACTCTTA.35	10	core_retained_singlet	mac_mono_supported	retain_for_current_mac_mono_analysis	core_clean_singlets	11	retain_after_residual_T_NK_removal
CATCAAGGTATTACCG.35	1	core_retained_singlet	mac_mono_supported	retain_for_current_mac_mono_analysis	core_clean_singlets	11	retain_after_residual_T_NK_removal
CATCAGAAGGCACATG.35	1	core_retained_singlet	mac_mono_supported	retain_for_current_mac_mono_analysis	core_clean_singlets	11	retain_after_residual_T_NK_removal
CATGACAAGTCGATAA.35	10	core_retained_singlet	mac_mono_supported	retain_for_current_mac_mono_analysis	core_clean_singlets	11	retain_after_residual_T_NK_removal
CATGCCTGTCATGCCG.35	10	core_retained_singlet	mac_mono_supported	retain_for_current_mac_mono_analysis	core_clean_singlets	11	retain_after_residual_T_NK_removal
CATTCGCAGCGTGAAC.35	10	core_retained_singlet	mac_mono_supported	retain_for_current_mac_mono_analysis	core_clean_singlets	11	retain_after_residual_T_NK_removal
CCACCTAGTTAAGAAC.35	10	core_retained_singlet	mac_mono_supported	retain_for_current_mac_mono_analysis	core_clean_singlets	11	retain_after_residual_T_NK_removal
CCACCTATCTGAAAGA.35	10	core_retained_singlet	mac_mono_supported	retain_for_current_mac_mono_analysis	core_clean_singlets	11	retain_after_residual_T_NK_removal
CCACGGAAGTGGACGT.35	10	core_retained_singlet	mac_mono_supported	retain_for_current_mac_mono_analysis	core_clean_singlets	11	retain_after_residual_T_NK_removal
CCACGGAGTAGGAGTC.35	10	core_retained_singlet	mac_mono_supported	retain_for_current_mac_mono_analysis	core_clean_singlets	11	retain_after_residual_T_NK_removal
CCAGCGACACTTAACG.35	1	core_retained_singlet	mac_mono_supported	retain_for_current_mac_mono_analysis	core_clean_singlets	11	retain_after_residual_T_NK_removal
CCAGCGAGTAATCGTC.35	10	core_retained_singlet	mac_mono_supported	retain_for_current_mac_mono_analysis	core_clean_singlets	11	retain_after_residual_T_NK_removal
CCAGCGATCCTGCTTG.35	5	core_retained_singlet	mac_mono_supported	retain_for_current_mac_mono_analysis	core_clean_singlets	11	retain_after_residual_T_NK_removal
CCCAGTTGTCTGGTCG.35	10	core_retained_singlet	mac_mono_supported	retain_for_current_mac_mono_analysis	core_clean_singlets	11	retain_after_residual_T_NK_removal
CCCTCCTGTAAGAGAG.35	10	core_retained_singlet	mac_mono_supported	retain_for_current_mac_mono_analysis	core_clean_singlets	11	retain_after_residual_T_NK_removal
CCCTCCTTCGCCTGAG.35	10	core_retained_singlet	mac_mono_supported	retain_for_current_mac_mono_analysis	core_clean_singlets	11	retain_after_residual_T_NK_removal
CCGGGATTCTCACATT.35	10	core_retained_singlet	mac_mono_supported	retain_for_current_mac_mono_analysis	core_clean_singlets	11	retain_after_residual_T_NK_removal
CCTACCAGTCCAGTGC.35	10	core_retained_singlet	mac_mono_supported	retain_for_current_mac_mono_analysis	core_clean_singlets	11	retain_after_residual_T_NK_removal
CCTCAGTAGGTAAACT.35	10	core_retained_singlet	mac_mono_supported	retain_for_current_mac_mono_analysis	core_clean_singlets	11	retain_after_residual_T_NK_removal
CGAACATAGGAGTACC.35	1	core_retained_singlet	mac_mono_supported	retain_for_current_mac_mono_analysis	core_clean_singlets	11	retain_after_residual_T_NK_removal
CGACCTTGTTACTGAC.35	10	core_retained_singlet	mac_mono_supported	retain_for_current_mac_mono_analysis	core_clean_singlets	11	retain_after_residual_T_NK_removal
CGATGTAGTGAAATCA.35	1	core_retained_singlet	mac_mono_supported	retain_for_current_mac_mono_analysis	core_clean_singlets	11	retain_after_residual_T_NK_removal
CGCGTTTAGCGTTCCG.35	10	core_retained_singlet	mac_mono_supported	retain_for_current_mac_mono_analysis	core_clean_singlets	11	retain_after_residual_T_NK_removal
CGCGTTTAGGGAAACA.35	10	core_retained_singlet	mac_mono_supported	retain_for_current_mac_mono_analysis	core_clean_singlets	11	retain_after_residual_T_NK_removal
CGCGTTTCAATTCCTT.35	10	core_retained_singlet	mac_mono_supported	retain_for_current_mac_mono_analysis	core_clean_singlets	11	retain_after_residual_T_NK_removal
CGGACACGTGTGAATA.35	1	core_retained_singlet	mac_mono_supported	retain_for_current_mac_mono_analysis	core_clean_singlets	11	retain_after_residual_T_NK_removal
CGGCTAGCAAACGCGA.35	10	core_retained_singlet	mac_mono_supported	retain_for_current_mac_mono_analysis	core_clean_singlets	11	retain_after_residual_T_NK_removal
CGGGTCAGTCTGGTCG.35	10	core_retained_singlet	mac_mono_supported	retain_for_current_mac_mono_analysis	core_clean_singlets	11	retain_after_residual_T_NK_removal
CGGTTAACAGCGTCCA.35	10	core_retained_singlet	mac_mono_supported	retain_for_current_mac_mono_analysis	core_clean_singlets	11	retain_after_residual_T_NK_removal
CGGTTAATCACATGCA.35	1	core_retained_singlet	mac_mono_supported	retain_for_current_mac_mono_analysis	core_clean_singlets	11	retain_after_residual_T_NK_removal
CGTAGCGGTTAGAACA.35	10	core_retained_singlet	mac_mono_supported	retain_for_current_mac_mono_analysis	core_clean_singlets	11	retain_after_residual_T_NK_removal
CGTCAGGTCCACTGGG.35	10	core_retained_singlet	mac_mono_supported	retain_for_current_mac_mono_analysis	core_clean_singlets	11	retain_after_residual_T_NK_removal
CGTCCATAGATCACGG.35	1	core_retained_singlet	mac_mono_supported	retain_for_current_mac_mono_analysis	core_clean_singlets	11	retain_after_residual_T_NK_removal
CGTCTACAGAGTGACC.35	10	core_retained_singlet	mac_mono_supported	retain_for_current_mac_mono_analysis	core_clean_singlets	11	retain_after_residual_T_NK_removal
CGTGTAACACAGACAG.35	10	core_retained_singlet	mac_mono_supported	retain_for_current_mac_mono_analysis	core_clean_singlets	11	retain_after_residual_T_NK_removal
CGTTAGATCTGATACG.35	10	core_retained_singlet	mac_mono_supported	retain_for_current_mac_mono_analysis	core_clean_singlets	11	retain_after_residual_T_NK_removal
CTAACTTAGACTTGAA.35	10	core_retained_singlet	mac_mono_supported	retain_for_current_mac_mono_analysis	core_clean_singlets	11	retain_after_residual_T_NK_removal
CTAACTTCAGGACCCT.35	10	core_retained_singlet	mac_mono_supported	retain_for_current_mac_mono_analysis	core_clean_singlets	11	retain_after_residual_T_NK_removal
CTAACTTGTCAAAGAT.35	10	core_retained_singlet	mac_mono_supported	retain_for_current_mac_mono_analysis	core_clean_singlets	11	retain_after_residual_T_NK_removal
CTAAGACGTCACCTAA.35	1	core_retained_singlet	mac_mono_supported	retain_for_current_mac_mono_analysis	core_clean_singlets	11	retain_after_residual_T_NK_removal
CTAATGGTCACAACGT.35	10	core_retained_singlet	mac_mono_supported	retain_for_current_mac_mono_analysis	core_clean_singlets	11	retain_after_residual_T_NK_removal
CTACACCAGTCATCCA.35	10	core_retained_singlet	mac_mono_supported	retain_for_current_mac_mono_analysis	core_clean_singlets	11	retain_after_residual_T_NK_removal
CTACACCCAGTCAGAG.35	10	core_retained_singlet	mac_mono_supported	retain_for_current_mac_mono_analysis	core_clean_singlets	11	retain_after_residual_T_NK_removal
CTAGAGTAGTGGAGAA.35	10	core_retained_singlet	mac_mono_supported	retain_for_current_mac_mono_analysis	core_clean_singlets	11	retain_after_residual_T_NK_removal
CTAGCCTGTACTTAGC.35	10	core_retained_singlet	mac_mono_supported	retain_for_current_mac_mono_analysis	core_clean_singlets	11	retain_after_residual_T_NK_removal
CTCACACGTTAAGATG.35	10	core_retained_singlet	mac_mono_supported	retain_for_current_mac_mono_analysis	core_clean_singlets	11	retain_after_residual_T_NK_removal
CTCATTATCCGCTGTT.35	1	core_retained_singlet	mac_mono_supported	retain_for_current_mac_mono_analysis	core_clean_singlets	11	retain_after_residual_T_NK_removal
CTCCTAGTCAGGCAAG.35	10	core_retained_singlet	mac_mono_supported	retain_for_current_mac_mono_analysis	core_clean_singlets	11	retain_after_residual_T_NK_removal
CTCGGGAGTTCAGGCC.35	10	core_retained_singlet	mac_mono_supported	retain_for_current_mac_mono_analysis	core_clean_singlets	11	retain_after_residual_T_NK_removal
CTCGTACAGCCACGTC.35	10	core_retained_singlet	mac_mono_supported	retain_for_current_mac_mono_analysis	core_clean_singlets	11	retain_after_residual_T_NK_removal
CTCGTACAGTGTTAGA.35	10	core_retained_singlet	mac_mono_supported	retain_for_current_mac_mono_analysis	core_clean_singlets	11	retain_after_residual_T_NK_removal
CTCGTACGTACCTACA.35	10	core_retained_singlet	mac_mono_supported	retain_for_current_mac_mono_analysis	core_clean_singlets	11	retain_after_residual_T_NK_removal
CTCGTCAAGTACGTAA.35	10	core_retained_singlet	mac_mono_supported	retain_for_current_mac_mono_analysis	core_clean_singlets	11	retain_after_residual_T_NK_removal
CTCTAATGTCCGTCAG.35	10	core_retained_singlet	mac_mono_supported	retain_for_current_mac_mono_analysis	core_clean_singlets	11	retain_after_residual_T_NK_removal
CTCTGGTTCAGGCCCA.35	10	core_retained_singlet	mac_mono_supported	retain_for_current_mac_mono_analysis	core_clean_singlets	11	retain_after_residual_T_NK_removal
CTGAAGTCAATCCGAT.35	10	core_retained_singlet	mac_mono_supported	retain_for_current_mac_mono_analysis	core_clean_singlets	11	retain_after_residual_T_NK_removal
CTGAAGTGTTCAGGCC.35	10	core_retained_singlet	mac_mono_supported	retain_for_current_mac_mono_analysis	core_clean_singlets	11	retain_after_residual_T_NK_removal
CTGATAGAGCGATGAC.35	10	core_retained_singlet	mac_mono_supported	retain_for_current_mac_mono_analysis	core_clean_singlets	11	retain_after_residual_T_NK_removal
CTGATAGAGGCCCGTT.35	10	core_retained_singlet	mac_mono_supported	retain_for_current_mac_mono_analysis	core_clean_singlets	11	retain_after_residual_T_NK_removal
CTGATAGGTCAGTGGA.35	10	core_retained_singlet	mac_mono_supported	retain_for_current_mac_mono_analysis	core_clean_singlets	11	retain_after_residual_T_NK_removal
CTGCCTACACGCCAGT.35	10	core_retained_singlet	mac_mono_supported	retain_for_current_mac_mono_analysis	core_clean_singlets	11	retain_after_residual_T_NK_removal
CTGCTGTAGTTCGCAT.35	10	core_retained_singlet	mac_mono_supported	retain_for_current_mac_mono_analysis	core_clean_singlets	11	retain_after_residual_T_NK_removal
CTGTGCTCAAAGGCGT.35	10	core_retained_singlet	mac_mono_supported	retain_for_current_mac_mono_analysis	core_clean_singlets	11	retain_after_residual_T_NK_removal
GAACATCGTGCAACTT.35	10	core_retained_singlet	mac_mono_supported	retain_for_current_mac_mono_analysis	core_clean_singlets	11	retain_after_residual_T_NK_removal
GAACATCTCCTTTCGG.35	10	core_retained_singlet	mac_mono_supported	retain_for_current_mac_mono_analysis	core_clean_singlets	11	retain_after_residual_T_NK_removal
GAACCTAGTGGAAAGA.35	10	core_retained_singlet	mac_mono_supported	retain_for_current_mac_mono_analysis	core_clean_singlets	11	retain_after_residual_T_NK_removal
GAATGAATCTTGCATT.35	10	core_retained_singlet	mac_mono_supported	retain_for_current_mac_mono_analysis	core_clean_singlets	11	retain_after_residual_T_NK_removal
GACACGCCAATTCCTT.35	10	core_retained_singlet	mac_mono_supported	retain_for_current_mac_mono_analysis	core_clean_singlets	11	retain_after_residual_T_NK_removal
GACCAATTCAAAGACA.35	1	core_retained_singlet	mac_mono_supported	retain_for_current_mac_mono_analysis	core_clean_singlets	11	retain_after_residual_T_NK_removal
GACCTGGCAACCGCCA.35	10	core_retained_singlet	mac_mono_supported	retain_for_current_mac_mono_analysis	core_clean_singlets	11	retain_after_residual_T_NK_removal
GACGTGCCACACCGAC.35	10	core_retained_singlet	mac_mono_supported	retain_for_current_mac_mono_analysis	core_clean_singlets	11	retain_after_residual_T_NK_removal
GACTAACCACCAGGCT.35	10	core_retained_singlet	mac_mono_supported	retain_for_current_mac_mono_analysis	core_clean_singlets	11	retain_after_residual_T_NK_removal
GACTACACAAGGACAC.35	10	core_retained_singlet	mac_mono_supported	retain_for_current_mac_mono_analysis	core_clean_singlets	11	retain_after_residual_T_NK_removal
GACTGCGCACGCCAGT.35	10	core_retained_singlet	mac_mono_supported	retain_for_current_mac_mono_analysis	core_clean_singlets	11	retain_after_residual_T_NK_removal
GAGGTGACAAGCCGTC.35	10	core_retained_singlet	mac_mono_supported	retain_for_current_mac_mono_analysis	core_clean_singlets	11	retain_after_residual_T_NK_removal
GATGAAAAGTTAACGA.35	10	core_retained_singlet	mac_mono_supported	retain_for_current_mac_mono_analysis	core_clean_singlets	11	retain_after_residual_T_NK_removal
GATGAGGTCACCTTAT.35	1	core_retained_singlet	mac_mono_supported	retain_for_current_mac_mono_analysis	core_clean_singlets	11	retain_after_residual_T_NK_removal
GATGCTACACGTAAGG.35	10	core_retained_singlet	mac_mono_supported	retain_for_current_mac_mono_analysis	core_clean_singlets	11	retain_after_residual_T_NK_removal
GATGCTATCTTCGAGA.35	10	core_retained_singlet	mac_mono_supported	retain_for_current_mac_mono_analysis	core_clean_singlets	11	retain_after_residual_T_NK_removal
GATTCAGAGGTGATAT.35	1	core_retained_singlet	mac_mono_supported	retain_for_current_mac_mono_analysis	core_clean_singlets	11	retain_after_residual_T_NK_removal
GCAAACTCACGACTCG.35	10	core_retained_singlet	mac_mono_supported	retain_for_current_mac_mono_analysis	core_clean_singlets	11	retain_after_residual_T_NK_removal
GCATACACATCACCCT.35	5	core_retained_singlet	mac_mono_supported	retain_for_current_mac_mono_analysis	core_clean_singlets	11	retain_after_residual_T_NK_removal
GCATACAGTCATGCAT.35	1	core_retained_singlet	mac_mono_supported	retain_for_current_mac_mono_analysis	core_clean_singlets	11	retain_after_residual_T_NK_removal
GCATGATTCCACGTTC.35	10	core_retained_singlet	mac_mono_supported	retain_for_current_mac_mono_analysis	core_clean_singlets	11	retain_after_residual_T_NK_removal
GCATGATTCCTCTAGC.35	10	core_retained_singlet	mac_mono_supported	retain_for_current_mac_mono_analysis	core_clean_singlets	11	retain_after_residual_T_NK_removal
GCATGTACATCCCATC.35	10	core_retained_singlet	mac_mono_supported	retain_for_current_mac_mono_analysis	core_clean_singlets	11	retain_after_residual_T_NK_removal
GCATGTATCAAGATCC.35	10	core_retained_singlet	mac_mono_supported	retain_for_current_mac_mono_analysis	core_clean_singlets	11	retain_after_residual_T_NK_removal
GCCTCTACATGTCTCC.35	10	core_retained_singlet	mac_mono_supported	retain_for_current_mac_mono_analysis	core_clean_singlets	11	retain_after_residual_T_NK_removal
GCGACCAGTATATGAG.35	1	core_retained_singlet	mac_mono_supported	retain_for_current_mac_mono_analysis	core_clean_singlets	11	retain_after_residual_T_NK_removal
GCGACCATCGGTGTCG.35	10	core_retained_singlet	mac_mono_supported	retain_for_current_mac_mono_analysis	core_clean_singlets	11	retain_after_residual_T_NK_removal
GCGGGTTCAATGGACG.35	10	core_retained_singlet	mac_mono_supported	retain_for_current_mac_mono_analysis	core_clean_singlets	11	retain_after_residual_T_NK_removal
GCGGGTTCACGACTCG.35	10	core_retained_singlet	mac_mono_supported	retain_for_current_mac_mono_analysis	core_clean_singlets	11	retain_after_residual_T_NK_removal
GCTCCTAGTTTGGCGC.35	10	core_retained_singlet	mac_mono_supported	retain_for_current_mac_mono_analysis	core_clean_singlets	11	retain_after_residual_T_NK_removal
GCTGCGATCCGCGCAA.35	10	core_retained_singlet	mac_mono_supported	retain_for_current_mac_mono_analysis	core_clean_singlets	11	retain_after_residual_T_NK_removal
GCTGCTTGTTTGCATG.35	10	core_retained_singlet	mac_mono_supported	retain_for_current_mac_mono_analysis	core_clean_singlets	11	retain_after_residual_T_NK_removal
GCTGGGTAGGACCACA.35	10	core_retained_singlet	mac_mono_supported	retain_for_current_mac_mono_analysis	core_clean_singlets	11	retain_after_residual_T_NK_removal
GGAACTTAGAACAACT.35	10	core_retained_singlet	mac_mono_supported	retain_for_current_mac_mono_analysis	core_clean_singlets	11	retain_after_residual_T_NK_removal
GGAACTTAGGGCACTA.35	10	core_retained_singlet	mac_mono_supported	retain_for_current_mac_mono_analysis	core_clean_singlets	11	retain_after_residual_T_NK_removal
GGAACTTAGTCCATAC.35	10	core_retained_singlet	mac_mono_supported	retain_for_current_mac_mono_analysis	core_clean_singlets	11	retain_after_residual_T_NK_removal
GGAATAACACCTCGGA.35	10	core_retained_singlet	mac_mono_supported	retain_for_current_mac_mono_analysis	core_clean_singlets	11	retain_after_residual_T_NK_removal
GGAATAAGTGCAGACA.35	1	core_retained_singlet	mac_mono_supported	retain_for_current_mac_mono_analysis	core_clean_singlets	11	retain_after_residual_T_NK_removal
GGACAAGGTCCGTCAG.35	1	core_retained_singlet	mac_mono_supported	retain_for_current_mac_mono_analysis	core_clean_singlets	11	retain_after_residual_T_NK_removal
GGACAGACAGTCGTGC.35	10	core_retained_singlet	mac_mono_supported	retain_for_current_mac_mono_analysis	core_clean_singlets	11	retain_after_residual_T_NK_removal
GGACAGATCTGCGGCA.35	10	core_retained_singlet	mac_mono_supported	retain_for_current_mac_mono_analysis	core_clean_singlets	11	retain_after_residual_T_NK_removal
GGACGTCTCTACCTGC.35	10	core_retained_singlet	mac_mono_supported	retain_for_current_mac_mono_analysis	core_clean_singlets	11	retain_after_residual_T_NK_removal
GGAGCAACAGTTTACG.35	10	core_retained_singlet	mac_mono_supported	retain_for_current_mac_mono_analysis	core_clean_singlets	11	retain_after_residual_T_NK_removal
GGAGCAAGTTAGGGTG.35	10	core_retained_singlet	mac_mono_supported	retain_for_current_mac_mono_analysis	core_clean_singlets	11	retain_after_residual_T_NK_removal
GGCAATTAGGGTGTTG.35	10	core_retained_singlet	mac_mono_supported	retain_for_current_mac_mono_analysis	core_clean_singlets	11	retain_after_residual_T_NK_removal
GGCCGATAGCTGTTCA.35	10	core_retained_singlet	mac_mono_supported	retain_for_current_mac_mono_analysis	core_clean_singlets	11	retain_after_residual_T_NK_removal
GGGAATGAGATCACGG.35	10	core_retained_singlet	mac_mono_supported	retain_for_current_mac_mono_analysis	core_clean_singlets	11	retain_after_residual_T_NK_removal
GGGAATGAGTACATGA.35	10	core_retained_singlet	mac_mono_supported	retain_for_current_mac_mono_analysis	core_clean_singlets	11	retain_after_residual_T_NK_removal
GGGAATGCATCCCATC.35	10	core_retained_singlet	mac_mono_supported	retain_for_current_mac_mono_analysis	core_clean_singlets	11	retain_after_residual_T_NK_removal
GGGACCTTCGGTTAAC.35	10	core_retained_singlet	mac_mono_supported	retain_for_current_mac_mono_analysis	core_clean_singlets	11	retain_after_residual_T_NK_removal
GGGAGATAGGTGCACA.35	1	core_retained_singlet	mac_mono_supported	retain_for_current_mac_mono_analysis	core_clean_singlets	11	retain_after_residual_T_NK_removal
GGGCATCCACAGGTTT.35	10	core_retained_singlet	mac_mono_supported	retain_for_current_mac_mono_analysis	core_clean_singlets	11	retain_after_residual_T_NK_removal
GGGTCTGAGGTAAACT.35	10	core_retained_singlet	mac_mono_supported	retain_for_current_mac_mono_analysis	core_clean_singlets	11	retain_after_residual_T_NK_removal
GGTGAAGAGCACCGTC.35	10	core_retained_singlet	mac_mono_supported	retain_for_current_mac_mono_analysis	core_clean_singlets	11	retain_after_residual_T_NK_removal
GGTGAAGGTAGTACCT.35	10	core_retained_singlet	mac_mono_supported	retain_for_current_mac_mono_analysis	core_clean_singlets	11	retain_after_residual_T_NK_removal
GGTGCGTAGTATGACA.35	10	core_retained_singlet	mac_mono_supported	retain_for_current_mac_mono_analysis	core_clean_singlets	11	retain_after_residual_T_NK_removal
GTAACGTGTAAGTAGT.35	10	core_retained_singlet	mac_mono_supported	retain_for_current_mac_mono_analysis	core_clean_singlets	11	retain_after_residual_T_NK_removal
GTACTCCTCAACGGGA.35	10	core_retained_singlet	mac_mono_supported	retain_for_current_mac_mono_analysis	core_clean_singlets	11	retain_after_residual_T_NK_removal
GTACTTTAGCGTCTAT.35	10	core_retained_singlet	mac_mono_supported	retain_for_current_mac_mono_analysis	core_clean_singlets	11	retain_after_residual_T_NK_removal
GTAGTCATCTTTCCTC.35	1	core_retained_singlet	mac_mono_supported	retain_for_current_mac_mono_analysis	core_clean_singlets	11	retain_after_residual_T_NK_removal
GTATCTTTCTTGAGGT.35	10	core_retained_singlet	mac_mono_supported	retain_for_current_mac_mono_analysis	core_clean_singlets	11	retain_after_residual_T_NK_removal
GTCACAAGTTAGAACA.35	10	core_retained_singlet	mac_mono_supported	retain_for_current_mac_mono_analysis	core_clean_singlets	11	retain_after_residual_T_NK_removal
GTCACGGTCAACGCTA.35	10	core_retained_singlet	mac_mono_supported	retain_for_current_mac_mono_analysis	core_clean_singlets	11	retain_after_residual_T_NK_removal
GTCGGGTAGACTTGAA.35	10	core_retained_singlet	mac_mono_supported	retain_for_current_mac_mono_analysis	core_clean_singlets	11	retain_after_residual_T_NK_removal
GTCGGGTCAATCGAAA.35	10	core_retained_singlet	mac_mono_supported	retain_for_current_mac_mono_analysis	core_clean_singlets	11	retain_after_residual_T_NK_removal
GTCGGGTGTTGCTCCT.35	10	core_retained_singlet	mac_mono_supported	retain_for_current_mac_mono_analysis	core_clean_singlets	11	retain_after_residual_T_NK_removal
GTCGGGTTCTCCAGGG.35	10	core_retained_singlet	mac_mono_supported	retain_for_current_mac_mono_analysis	core_clean_singlets	11	retain_after_residual_T_NK_removal
GTCGTAACAGGTCGTC.35	10	core_retained_singlet	mac_mono_supported	retain_for_current_mac_mono_analysis	core_clean_singlets	11	retain_after_residual_T_NK_removal
GTCGTAATCACCTCGT.35	10	core_retained_singlet	mac_mono_supported	retain_for_current_mac_mono_analysis	core_clean_singlets	11	retain_after_residual_T_NK_removal
GTCTTCGCAAGCCGCT.35	10	core_retained_singlet	mac_mono_supported	retain_for_current_mac_mono_analysis	core_clean_singlets	11	retain_after_residual_T_NK_removal
GTGCAGCTCTGGTTCC.35	10	core_retained_singlet	mac_mono_supported	retain_for_current_mac_mono_analysis	core_clean_singlets	11	retain_after_residual_T_NK_removal
GTGTGCGAGCTCCTTC.35	10	core_retained_singlet	mac_mono_supported	retain_for_current_mac_mono_analysis	core_clean_singlets	11	retain_after_residual_T_NK_removal
GTTAAGCTCGCACTCT.35	10	core_retained_singlet	mac_mono_supported	retain_for_current_mac_mono_analysis	core_clean_singlets	11	retain_after_residual_T_NK_removal
GTTACAGGTTTAGCTG.35	10	core_retained_singlet	mac_mono_supported	retain_for_current_mac_mono_analysis	core_clean_singlets	11	retain_after_residual_T_NK_removal
GTTTCTAGTAGGAGTC.35	10	core_retained_singlet	mac_mono_supported	retain_for_current_mac_mono_analysis	core_clean_singlets	11	retain_after_residual_T_NK_removal
GTTTCTATCCATGAGT.35	1	core_retained_singlet	mac_mono_supported	retain_for_current_mac_mono_analysis	core_clean_singlets	11	retain_after_residual_T_NK_removal
TAAACCGCAGACAAGC.35	10	core_retained_singlet	mac_mono_supported	retain_for_current_mac_mono_analysis	core_clean_singlets	11	retain_after_residual_T_NK_removal
TAAACCGGTTTAGGAA.35	10	core_retained_singlet	mac_mono_supported	retain_for_current_mac_mono_analysis	core_clean_singlets	11	retain_after_residual_T_NK_removal
TAAACCGTCCAGGGCT.35	10	core_retained_singlet	mac_mono_supported	retain_for_current_mac_mono_analysis	core_clean_singlets	11	retain_after_residual_T_NK_removal
TAAACCGTCTGTTTGT.35	10	core_retained_singlet	mac_mono_supported	retain_for_current_mac_mono_analysis	core_clean_singlets	11	retain_after_residual_T_NK_removal
TAAGAGAAGAGAACAG.35	10	core_retained_singlet	mac_mono_supported	retain_for_current_mac_mono_analysis	core_clean_singlets	11	retain_after_residual_T_NK_removal
TAAGTGCTCATCGCTC.35	10	core_retained_singlet	mac_mono_supported	retain_for_current_mac_mono_analysis	core_clean_singlets	11	retain_after_residual_T_NK_removal
TACACGAGTCTAGGTT.35	1	core_retained_singlet	mac_mono_supported	retain_for_current_mac_mono_analysis	core_clean_singlets	11	retain_after_residual_T_NK_removal
TACCTTAAGTGTCCAT.35	10	core_retained_singlet	mac_mono_supported	retain_for_current_mac_mono_analysis	core_clean_singlets	11	retain_after_residual_T_NK_removal
TACGGGCCAAGTACCT.35	10	core_retained_singlet	mac_mono_supported	retain_for_current_mac_mono_analysis	core_clean_singlets	11	retain_after_residual_T_NK_removal
TACGGTATCATCACCC.35	1	core_retained_singlet	mac_mono_supported	retain_for_current_mac_mono_analysis	core_clean_singlets	11	retain_after_residual_T_NK_removal
TACTTACAGTTCGATC.35	10	core_retained_singlet	mac_mono_supported	retain_for_current_mac_mono_analysis	core_clean_singlets	11	retain_after_residual_T_NK_removal
TACTTGTAGTATCGAA.35	1	core_retained_singlet	mac_mono_supported	retain_for_current_mac_mono_analysis	core_clean_singlets	11	retain_after_residual_T_NK_removal
TAGAGCTGTCCGTCAG.35	10	core_retained_singlet	mac_mono_supported	retain_for_current_mac_mono_analysis	core_clean_singlets	11	retain_after_residual_T_NK_removal
TAGTTGGCACAAGTAA.35	10	core_retained_singlet	mac_mono_supported	retain_for_current_mac_mono_analysis	core_clean_singlets	11	retain_after_residual_T_NK_removal
TCAACGACACTGAAGG.35	10	core_retained_singlet	mac_mono_supported	retain_for_current_mac_mono_analysis	core_clean_singlets	11	retain_after_residual_T_NK_removal
TCAACGATCGCTGATA.35	10	core_retained_singlet	mac_mono_supported	retain_for_current_mac_mono_analysis	core_clean_singlets	11	retain_after_residual_T_NK_removal
TCACGAACAATGGATA.35	10	core_retained_singlet	mac_mono_supported	retain_for_current_mac_mono_analysis	core_clean_singlets	11	retain_after_residual_T_NK_removal
TCAGATGAGAGCTTCT.35	10	core_retained_singlet	mac_mono_supported	retain_for_current_mac_mono_analysis	core_clean_singlets	11	retain_after_residual_T_NK_removal
TCAGATGCAAATCCGT.35	1	core_retained_singlet	mac_mono_supported	retain_for_current_mac_mono_analysis	core_clean_singlets	11	retain_after_residual_T_NK_removal
TCAGCTCGTCAAACTC.35	10	core_retained_singlet	mac_mono_supported	retain_for_current_mac_mono_analysis	core_clean_singlets	11	retain_after_residual_T_NK_removal
TCAGGTACATATGCTG.35	10	core_retained_singlet	mac_mono_supported	retain_for_current_mac_mono_analysis	core_clean_singlets	11	retain_after_residual_T_NK_removal
TCGAGGCAGTCGATAA.35	10	core_retained_singlet	mac_mono_supported	retain_for_current_mac_mono_analysis	core_clean_singlets	11	retain_after_residual_T_NK_removal
TCGCGAGGTATATCCG.35	10	core_retained_singlet	mac_mono_supported	retain_for_current_mac_mono_analysis	core_clean_singlets	11	retain_after_residual_T_NK_removal
TCGGGACTCGGCGCTA.35	10	core_retained_singlet	mac_mono_supported	retain_for_current_mac_mono_analysis	core_clean_singlets	11	retain_after_residual_T_NK_removal
TCGGTAAGTGTGTGCC.35	10	core_retained_singlet	mac_mono_supported	retain_for_current_mac_mono_analysis	core_clean_singlets	11	retain_after_residual_T_NK_removal
TCTCATACATGATCCA.35	10	core_retained_singlet	mac_mono_supported	retain_for_current_mac_mono_analysis	core_clean_singlets	11	retain_after_residual_T_NK_removal
TCTCTAATCGTGTAGT.35	1	core_retained_singlet	mac_mono_supported	retain_for_current_mac_mono_analysis	core_clean_singlets	11	retain_after_residual_T_NK_removal
TCTGAGACAGCTTAAC.35	10	core_retained_singlet	mac_mono_supported	retain_for_current_mac_mono_analysis	core_clean_singlets	11	retain_after_residual_T_NK_removal
TCTGGAACAGGGTACA.35	10	core_retained_singlet	mac_mono_supported	retain_for_current_mac_mono_analysis	core_clean_singlets	11	retain_after_residual_T_NK_removal
TCTTCGGGTCAGAAGC.35	10	core_retained_singlet	mac_mono_supported	retain_for_current_mac_mono_analysis	core_clean_singlets	11	retain_after_residual_T_NK_removal
TCTTTCCCAGACAGGT.35	10	core_retained_singlet	mac_mono_supported	retain_for_current_mac_mono_analysis	core_clean_singlets	11	retain_after_residual_T_NK_removal
TGACAACCAGACAAGC.35	1	core_retained_singlet	mac_mono_supported	retain_for_current_mac_mono_analysis	core_clean_singlets	11	retain_after_residual_T_NK_removal
TGAGCATAGAAGGGTA.35	10	core_retained_singlet	mac_mono_supported	retain_for_current_mac_mono_analysis	core_clean_singlets	11	retain_after_residual_T_NK_removal
TGAGCATTCCGTCAAA.35	10	core_retained_singlet	mac_mono_supported	retain_for_current_mac_mono_analysis	core_clean_singlets	11	retain_after_residual_T_NK_removal
TGAGCCGCAAGCTGTT.35	1	core_retained_singlet	mac_mono_supported	retain_for_current_mac_mono_analysis	core_clean_singlets	11	retain_after_residual_T_NK_removal
TGATTTCGTATGAATG.35	10	core_retained_singlet	mac_mono_supported	retain_for_current_mac_mono_analysis	core_clean_singlets	11	retain_after_residual_T_NK_removal
TGATTTCTCTGTCTAT.35	10	core_retained_singlet	mac_mono_supported	retain_for_current_mac_mono_analysis	core_clean_singlets	11	retain_after_residual_T_NK_removal
TGCCAAATCGCGTTTC.35	1	core_retained_singlet	mac_mono_supported	retain_for_current_mac_mono_analysis	core_clean_singlets	11	retain_after_residual_T_NK_removal
TGCCCATAGGGTATCG.35	10	core_retained_singlet	mac_mono_supported	retain_for_current_mac_mono_analysis	core_clean_singlets	11	retain_after_residual_T_NK_removal
TGCCCATGTACAGTGG.35	10	core_retained_singlet	mac_mono_supported	retain_for_current_mac_mono_analysis	core_clean_singlets	11	retain_after_residual_T_NK_removal
TGCCCTACATGGGAAC.35	1	core_retained_singlet	mac_mono_supported	retain_for_current_mac_mono_analysis	core_clean_singlets	11	retain_after_residual_T_NK_removal
TGCGCAGGTACGACCC.35	10	core_retained_singlet	mac_mono_supported	retain_for_current_mac_mono_analysis	core_clean_singlets	11	retain_after_residual_T_NK_removal
TGCTACCGTAGCACGA.35	10	core_retained_singlet	mac_mono_supported	retain_for_current_mac_mono_analysis	core_clean_singlets	11	retain_after_residual_T_NK_removal
TGGACGCAGGAATGGA.35	1	core_retained_singlet	mac_mono_supported	retain_for_current_mac_mono_analysis	core_clean_singlets	11	retain_after_residual_T_NK_removal
TGGACGCAGTGGTAGC.35	1	core_retained_singlet	mac_mono_supported	retain_for_current_mac_mono_analysis	core_clean_singlets	11	retain_after_residual_T_NK_removal
TGGCGCAGTCATACTG.35	10	core_retained_singlet	mac_mono_supported	retain_for_current_mac_mono_analysis	core_clean_singlets	11	retain_after_residual_T_NK_removal
TGGGAAGCACCCATGG.35	10	core_retained_singlet	mac_mono_supported	retain_for_current_mac_mono_analysis	core_clean_singlets	11	retain_after_residual_T_NK_removal
TGGGAAGGTGATGCCC.35	10	core_retained_singlet	mac_mono_supported	retain_for_current_mac_mono_analysis	core_clean_singlets	11	retain_after_residual_T_NK_removal
TGGTTAGTCAACACGT.35	10	core_retained_singlet	mac_mono_supported	retain_for_current_mac_mono_analysis	core_clean_singlets	11	retain_after_residual_T_NK_removal
TGGTTCCCATATACGC.35	10	core_retained_singlet	mac_mono_supported	retain_for_current_mac_mono_analysis	core_clean_singlets	11	retain_after_residual_T_NK_removal
TGTGTTTAGCCAACAG.35	10	core_retained_singlet	mac_mono_supported	retain_for_current_mac_mono_analysis	core_clean_singlets	11	retain_after_residual_T_NK_removal
TGTGTTTGTGGCAAAC.35	10	core_retained_singlet	mac_mono_supported	retain_for_current_mac_mono_analysis	core_clean_singlets	11	retain_after_residual_T_NK_removal
TTAGGACGTCGCGTGT.35	10	core_retained_singlet	mac_mono_supported	retain_for_current_mac_mono_analysis	core_clean_singlets	11	retain_after_residual_T_NK_removal
TTCTACAGTCCAGTGC.35	10	core_retained_singlet	mac_mono_supported	retain_for_current_mac_mono_analysis	core_clean_singlets	11	retain_after_residual_T_NK_removal
TTCTACAGTCTGATCA.35	10	core_retained_singlet	mac_mono_supported	retain_for_current_mac_mono_analysis	core_clean_singlets	11	retain_after_residual_T_NK_removal
TTGCGTCAGCGCTTAT.35	10	core_retained_singlet	mac_mono_supported	retain_for_current_mac_mono_analysis	core_clean_singlets	11	retain_after_residual_T_NK_removal
TTGGAACAGTCAAGGC.35	10	core_retained_singlet	mac_mono_supported	retain_for_current_mac_mono_analysis	core_clean_singlets	11	retain_after_residual_T_NK_removal
TTTACTGAGTACGATA.35	10	core_retained_singlet	mac_mono_supported	retain_for_current_mac_mono_analysis	core_clean_singlets	11	retain_after_residual_T_NK_removal
TTTACTGGTCACACGC.35	10	core_retained_singlet	mac_mono_supported	retain_for_current_mac_mono_analysis	core_clean_singlets	11	retain_after_residual_T_NK_removal
TTTGCGCTCGAATGCT.35	1	core_retained_singlet	mac_mono_supported	retain_for_current_mac_mono_analysis	core_clean_singlets	11	retain_after_residual_T_NK_removal
TTTGGTTGTATGGTTC.35	10	core_retained_singlet	mac_mono_supported	retain_for_current_mac_mono_analysis	core_clean_singlets	11	retain_after_residual_T_NK_removal
TTTGTCAGTAAATGTG.35	10	core_retained_singlet	mac_mono_supported	retain_for_current_mac_mono_analysis	core_clean_singlets	11	retain_after_residual_T_NK_removal
TTTGTCAGTGGCAAAC.35	10	core_retained_singlet	mac_mono_supported	retain_for_current_mac_mono_analysis	core_clean_singlets	11	retain_after_residual_T_NK_removal
AAATGCCGTCCGTCAG.40	1	core_retained_singlet	mac_mono_supported	retain_for_current_mac_mono_analysis	core_clean_singlets	11	retain_after_residual_T_NK_removal
ACACCGGGTTACGCGC.40	5	core_retained_singlet	mac_mono_supported	retain_for_current_mac_mono_analysis	core_clean_singlets	11	retain_after_residual_T_NK_removal
ACCGTAATCTAGAGTC.40	1	core_retained_singlet	mac_mono_supported	retain_for_current_mac_mono_analysis	core_clean_singlets	11	retain_after_residual_T_NK_removal
ACTGTCCAGGAATTAC.40	5	core_retained_singlet	mac_mono_supported	retain_for_current_mac_mono_analysis	core_clean_singlets	11	retain_after_residual_T_NK_removal
ATAGACCTCCGCATAA.40	1	core_retained_singlet	mac_mono_supported	retain_for_current_mac_mono_analysis	core_clean_singlets	11	retain_after_residual_T_NK_removal
CCGGGATCAGCTCCGA.40	5	core_retained_singlet	mac_mono_supported	retain_for_current_mac_mono_analysis	core_clean_singlets	11	retain_after_residual_T_NK_removal
CCTTACGAGTGCGATG.40	1	core_retained_singlet	mac_mono_supported	retain_for_current_mac_mono_analysis	core_clean_singlets	11	retain_after_residual_T_NK_removal
CGTCCATAGAGCCCAA.40	1	core_retained_singlet	mac_mono_supported	retain_for_current_mac_mono_analysis	core_clean_singlets	11	retain_after_residual_T_NK_removal
CTCATTATCCTCAACC.40	1	core_retained_singlet	mac_mono_supported	retain_for_current_mac_mono_analysis	core_clean_singlets	11	retain_after_residual_T_NK_removal
CTCGAAAAGGTTACCT.40	10	core_retained_singlet	mac_mono_supported	retain_for_current_mac_mono_analysis	core_clean_singlets	11	retain_after_residual_T_NK_removal
CTCGTCATCCTCAACC.40	1	core_retained_singlet	mac_mono_supported	retain_for_current_mac_mono_analysis	core_clean_singlets	11	retain_after_residual_T_NK_removal
CTGGTCTCAATGAATG.40	1	core_retained_singlet	mac_mono_supported	retain_for_current_mac_mono_analysis	core_clean_singlets	11	retain_after_residual_T_NK_removal
GAAATGAGTCCTAGCG.40	1	core_retained_singlet	mac_mono_supported	retain_for_current_mac_mono_analysis	core_clean_singlets	11	retain_after_residual_T_NK_removal
GGAGCAAAGTCTCCTC.40	1	core_retained_singlet	mac_mono_supported	retain_for_current_mac_mono_analysis	core_clean_singlets	11	retain_after_residual_T_NK_removal
GGAGCAACACAGACTT.40	10	core_retained_singlet	mac_mono_supported	retain_for_current_mac_mono_analysis	core_clean_singlets	11	retain_after_residual_T_NK_removal
TATCTCATCACTCTTA.40	1	core_retained_singlet	mac_mono_supported	retain_for_current_mac_mono_analysis	core_clean_singlets	11	retain_after_residual_T_NK_removal
TCACAAGGTACCGAGA.40	1	core_retained_singlet	mac_mono_supported	retain_for_current_mac_mono_analysis	core_clean_singlets	11	retain_after_residual_T_NK_removal
TCTCTAACAAGCGATG.40	1	core_retained_singlet	mac_mono_supported	retain_for_current_mac_mono_analysis	core_clean_singlets	11	retain_after_residual_T_NK_removal
TGGCTGGCACTAAGTC.40	5	core_retained_singlet	mac_mono_supported	retain_for_current_mac_mono_analysis	core_clean_singlets	11	retain_after_residual_T_NK_removal
AAGGCAGCAGCCTATA.45	1	core_retained_singlet	mac_mono_supported	retain_for_current_mac_mono_analysis	core_clean_singlets	11	retain_after_residual_T_NK_removal
AGATCTGAGGCATTGG.45	1	core_retained_singlet	mac_mono_supported	retain_for_current_mac_mono_analysis	core_clean_singlets	11	retain_after_residual_T_NK_removal
CAACCTCAGGCCCGTT.45	1	core_retained_singlet	mac_mono_supported	retain_for_current_mac_mono_analysis	core_clean_singlets	11	retain_after_residual_T_NK_removal
CACATTTTCGCAGGCT.45	1	core_retained_singlet	mac_mono_supported	retain_for_current_mac_mono_analysis	core_clean_singlets	11	retain_after_residual_T_NK_removal
CAGCTAATCACGCGGT.45	1	core_retained_singlet	mac_mono_supported	retain_for_current_mac_mono_analysis	core_clean_singlets	11	retain_after_residual_T_NK_removal
CCACTACAGGTAGCTG.45	1	core_retained_singlet	mac_mono_supported	retain_for_current_mac_mono_analysis	core_clean_singlets	11	retain_after_residual_T_NK_removal
CGCTATCTCTGAAAGA.45	1	core_retained_singlet	mac_mono_supported	retain_for_current_mac_mono_analysis	core_clean_singlets	11	retain_after_residual_T_NK_removal
CTCTGGTAGACTGTAA.45	1	core_retained_singlet	mac_mono_supported	retain_for_current_mac_mono_analysis	core_clean_singlets	11	retain_after_residual_T_NK_removal
GCATACAGTTGAACTC.45	1	core_retained_singlet	mac_mono_supported	retain_for_current_mac_mono_analysis	core_clean_singlets	11	retain_after_residual_T_NK_removal
TTAACTCTCACTTCAT.45	8	core_retained_singlet	mac_mono_supported	retain_for_current_mac_mono_analysis	core_clean_singlets	11	retain_after_residual_T_NK_removal
AACCGCGCACCGCTAG.51	1	core_retained_singlet	mac_mono_supported	retain_for_current_mac_mono_analysis	core_clean_singlets	11	retain_after_residual_T_NK_removal
ACACCAACAATGACCT.51	1	core_retained_singlet	mac_mono_supported	retain_for_current_mac_mono_analysis	core_clean_singlets	11	retain_after_residual_T_NK_removal
AGACGTTAGGATTCGG.51	5	core_retained_singlet	mac_mono_supported	retain_for_current_mac_mono_analysis	core_clean_singlets	11	retain_after_residual_T_NK_removal
AGATCTGCAGCCAGAA.51	1	core_retained_singlet	mac_mono_supported	retain_for_current_mac_mono_analysis	core_clean_singlets	11	retain_after_residual_T_NK_removal
AGCTCCTCACATTCGA.51	1	core_retained_singlet	mac_mono_supported	retain_for_current_mac_mono_analysis	core_clean_singlets	11	retain_after_residual_T_NK_removal
AGCTTGACACTACAGT.51	1	core_retained_singlet	mac_mono_supported	retain_for_current_mac_mono_analysis	core_clean_singlets	11	retain_after_residual_T_NK_removal
AGTGTCAAGGTTACCT.51	1	core_retained_singlet	mac_mono_supported	retain_for_current_mac_mono_analysis	core_clean_singlets	11	retain_after_residual_T_NK_removal
AGTTGGTGTGATGTGG.51	1	core_retained_singlet	mac_mono_supported	retain_for_current_mac_mono_analysis	core_clean_singlets	11	retain_after_residual_T_NK_removal
ATGGGAGAGTTCCACA.51	1	core_retained_singlet	mac_mono_supported	retain_for_current_mac_mono_analysis	core_clean_singlets	11	retain_after_residual_T_NK_removal
ATTATCCTCTTGTATC.51	1	core_retained_singlet	mac_mono_supported	retain_for_current_mac_mono_analysis	core_clean_singlets	11	retain_after_residual_T_NK_removal
CAACCTCGTCGAGATG.51	1	core_retained_singlet	mac_mono_supported	retain_for_current_mac_mono_analysis	core_clean_singlets	11	retain_after_residual_T_NK_removal
CAAGGCCTCGTTTAGG.51	1	core_retained_singlet	mac_mono_supported	retain_for_current_mac_mono_analysis	core_clean_singlets	11	retain_after_residual_T_NK_removal
CAGCTAATCCAAGCCG.51	1	core_retained_singlet	mac_mono_supported	retain_for_current_mac_mono_analysis	core_clean_singlets	11	retain_after_residual_T_NK_removal
CCACCTACATTCTTAC.51	1	core_retained_singlet	mac_mono_supported	retain_for_current_mac_mono_analysis	core_clean_singlets	11	retain_after_residual_T_NK_removal
CCGTACTCACTACAGT.51	1	core_retained_singlet	mac_mono_supported	retain_for_current_mac_mono_analysis	core_clean_singlets	11	retain_after_residual_T_NK_removal
CCGTGGAAGAATTGTG.51	1	core_retained_singlet	mac_mono_supported	retain_for_current_mac_mono_analysis	core_clean_singlets	11	retain_after_residual_T_NK_removal
CCTTTCTTCTCTTGAT.51	1	core_retained_singlet	mac_mono_supported	retain_for_current_mac_mono_analysis	core_clean_singlets	11	retain_after_residual_T_NK_removal
CGATCGGGTCAGCTAT.51	1	core_retained_singlet	mac_mono_supported	retain_for_current_mac_mono_analysis	core_clean_singlets	11	retain_after_residual_T_NK_removal
CGGACACCAGTTCCCT.51	1	core_retained_singlet	mac_mono_supported	retain_for_current_mac_mono_analysis	core_clean_singlets	11	retain_after_residual_T_NK_removal
CGTCACTGTCTTCGTC.51	5	core_retained_singlet	mac_mono_supported	retain_for_current_mac_mono_analysis	core_clean_singlets	11	retain_after_residual_T_NK_removal
CTCGAGGGTGCTCTTC.51	8	core_retained_singlet	mac_mono_supported	retain_for_current_mac_mono_analysis	core_clean_singlets	11	retain_after_residual_T_NK_removal
CTCGGGAAGGCTCTTA.51	1	core_retained_singlet	mac_mono_supported	retain_for_current_mac_mono_analysis	core_clean_singlets	11	retain_after_residual_T_NK_removal
CTTACCGCACCACGTG.51	5	core_retained_singlet	mac_mono_supported	retain_for_current_mac_mono_analysis	core_clean_singlets	11	retain_after_residual_T_NK_removal
CTTAGGAAGACAATAC.51	1	core_retained_singlet	mac_mono_supported	retain_for_current_mac_mono_analysis	core_clean_singlets	11	retain_after_residual_T_NK_removal
GAACCTACAGAGTGTG.51	1	core_retained_singlet	mac_mono_supported	retain_for_current_mac_mono_analysis	core_clean_singlets	11	retain_after_residual_T_NK_removal
GATGCTATCTGCGTAA.51	1	core_retained_singlet	mac_mono_supported	retain_for_current_mac_mono_analysis	core_clean_singlets	11	retain_after_residual_T_NK_removal
GATTCAGCAGGGTACA.51	1	core_retained_singlet	mac_mono_supported	retain_for_current_mac_mono_analysis	core_clean_singlets	11	retain_after_residual_T_NK_removal
GGCAATTTCTTGAGGT.51	1	core_retained_singlet	mac_mono_supported	retain_for_current_mac_mono_analysis	core_clean_singlets	11	retain_after_residual_T_NK_removal
GTAGTCATCGAGAACG.51	1	core_retained_singlet	mac_mono_supported	retain_for_current_mac_mono_analysis	core_clean_singlets	11	retain_after_residual_T_NK_removal
GTATCTTTCTTTACAC.51	1	core_retained_singlet	mac_mono_supported	retain_for_current_mac_mono_analysis	core_clean_singlets	11	retain_after_residual_T_NK_removal
GTGTGCGTCCGTAGGC.51	1	core_retained_singlet	mac_mono_supported	retain_for_current_mac_mono_analysis	core_clean_singlets	11	retain_after_residual_T_NK_removal
TAAACCGTCGGACAAG.51	8	core_retained_singlet	mac_mono_supported	retain_for_current_mac_mono_analysis	core_clean_singlets	11	retain_after_residual_T_NK_removal
TACCTTATCAGGTTCA.51	1	core_retained_singlet	mac_mono_supported	retain_for_current_mac_mono_analysis	core_clean_singlets	11	retain_after_residual_T_NK_removal
TACGGATTCACCAGGC.51	1	core_retained_singlet	mac_mono_supported	retain_for_current_mac_mono_analysis	core_clean_singlets	11	retain_after_residual_T_NK_removal
TAGCCGGTCGAGAGCA.51	1	core_retained_singlet	mac_mono_supported	retain_for_current_mac_mono_analysis	core_clean_singlets	11	retain_after_residual_T_NK_removal
TATCTCACACTTCTGC.51	1	core_retained_singlet	mac_mono_supported	retain_for_current_mac_mono_analysis	core_clean_singlets	11	retain_after_residual_T_NK_removal
TCGCGAGCACCTATCC.51	1	core_retained_singlet	mac_mono_supported	retain_for_current_mac_mono_analysis	core_clean_singlets	11	retain_after_residual_T_NK_removal
TCGGTAATCCTAGTGA.51	5	core_retained_singlet	mac_mono_supported	retain_for_current_mac_mono_analysis	core_clean_singlets	11	retain_after_residual_T_NK_removal
TGAAAGATCAACACGT.51	8	core_retained_singlet	mac_mono_supported	retain_for_current_mac_mono_analysis	core_clean_singlets	11	retain_after_residual_T_NK_removal
TGACGGCAGACCACGA.51	1	core_retained_singlet	mac_mono_supported	retain_for_current_mac_mono_analysis	core_clean_singlets	11	retain_after_residual_T_NK_removal
TTAGTTCTCGTTTGCC.51	5	core_retained_singlet	mac_mono_supported	retain_for_current_mac_mono_analysis	core_clean_singlets	11	retain_after_residual_T_NK_removal
TTATGCTAGACTCGGA.51	1	core_retained_singlet	mac_mono_supported	retain_for_current_mac_mono_analysis	core_clean_singlets	11	retain_after_residual_T_NK_removal
TTGTAGGAGTGTACTC.51	5	core_retained_singlet	mac_mono_supported	retain_for_current_mac_mono_analysis	core_clean_singlets	11	retain_after_residual_T_NK_removal
TTTATGCTCTGATTCT.51	1	core_retained_singlet	mac_mono_supported	retain_for_current_mac_mono_analysis	core_clean_singlets	11	retain_after_residual_T_NK_removal
AAACGGGTCGATCCCT.57	1	core_retained_singlet	mac_mono_supported	retain_for_current_mac_mono_analysis	core_clean_singlets	11	retain_after_residual_T_NK_removal
AACTCTTTCACAAACC.57	1	core_retained_singlet	mac_mono_supported	retain_for_current_mac_mono_analysis	core_clean_singlets	11	retain_after_residual_T_NK_removal
ACACCAAGTGAGCGAT.57	1	core_retained_singlet	mac_mono_supported	retain_for_current_mac_mono_analysis	core_clean_singlets	11	retain_after_residual_T_NK_removal
ACGAGCCGTTAGATGA.57	1	core_retained_singlet	mac_mono_supported	retain_for_current_mac_mono_analysis	core_clean_singlets	11	retain_after_residual_T_NK_removal
ACGAGGATCAGGTTCA.57	1	core_retained_singlet	mac_mono_supported	retain_for_current_mac_mono_analysis	core_clean_singlets	11	retain_after_residual_T_NK_removal
ACGATGTCACCAGATT.57	1	core_retained_singlet	mac_mono_supported	retain_for_current_mac_mono_analysis	core_clean_singlets	11	retain_after_residual_T_NK_removal
ACGATGTTCATGTCCC.57	1	core_retained_singlet	mac_mono_supported	retain_for_current_mac_mono_analysis	core_clean_singlets	11	retain_after_residual_T_NK_removal
ACGGGTCTCGGATGTT.57	1	core_retained_singlet	mac_mono_supported	retain_for_current_mac_mono_analysis	core_clean_singlets	11	retain_after_residual_T_NK_removal
ACTGCTCAGTTGTAGA.57	1	core_retained_singlet	mac_mono_supported	retain_for_current_mac_mono_analysis	core_clean_singlets	11	retain_after_residual_T_NK_removal
AGAGCTTTCATCTGCC.57	1	core_retained_singlet	mac_mono_supported	retain_for_current_mac_mono_analysis	core_clean_singlets	11	retain_after_residual_T_NK_removal
AGAGTGGAGGGTGTTG.57	8	core_retained_singlet	mac_mono_supported	retain_for_current_mac_mono_analysis	core_clean_singlets	11	retain_after_residual_T_NK_removal
AGGGTGATCACAACGT.57	1	core_retained_singlet	mac_mono_supported	retain_for_current_mac_mono_analysis	core_clean_singlets	11	retain_after_residual_T_NK_removal
AGGTCATTCAGGATCT.57	1	core_retained_singlet	mac_mono_supported	retain_for_current_mac_mono_analysis	core_clean_singlets	11	retain_after_residual_T_NK_removal
AGTGAGGTCGCCCTTA.57	1	core_retained_singlet	mac_mono_supported	retain_for_current_mac_mono_analysis	core_clean_singlets	11	retain_after_residual_T_NK_removal
AGTGGGACAGCCTTGG.57	1	core_retained_singlet	mac_mono_supported	retain_for_current_mac_mono_analysis	core_clean_singlets	11	retain_after_residual_T_NK_removal
ATAACGCGTGTTTGGT.57	1	core_retained_singlet	mac_mono_supported	retain_for_current_mac_mono_analysis	core_clean_singlets	11	retain_after_residual_T_NK_removal
ATCACGAAGACCGGAT.57	1	core_retained_singlet	mac_mono_supported	retain_for_current_mac_mono_analysis	core_clean_singlets	11	retain_after_residual_T_NK_removal
ATCATCTTCAATACCG.57	1	core_retained_singlet	mac_mono_supported	retain_for_current_mac_mono_analysis	core_clean_singlets	11	retain_after_residual_T_NK_removal
ATCCGAACAGTCGTGC.57	1	core_retained_singlet	mac_mono_supported	retain_for_current_mac_mono_analysis	core_clean_singlets	11	retain_after_residual_T_NK_removal
ATGTGTGGTACCAGTT.57	1	core_retained_singlet	mac_mono_supported	retain_for_current_mac_mono_analysis	core_clean_singlets	11	retain_after_residual_T_NK_removal
CAACTAGCATTGAGCT.57	1	core_retained_singlet	mac_mono_supported	retain_for_current_mac_mono_analysis	core_clean_singlets	11	retain_after_residual_T_NK_removal
CACAAACGTACTCAAC.57	1	core_retained_singlet	mac_mono_supported	retain_for_current_mac_mono_analysis	core_clean_singlets	11	retain_after_residual_T_NK_removal
CACATAGGTTACAGAA.57	1	core_retained_singlet	mac_mono_supported	retain_for_current_mac_mono_analysis	core_clean_singlets	11	retain_after_residual_T_NK_removal
CAGATCAAGATATGGT.57	1	core_retained_singlet	mac_mono_supported	retain_for_current_mac_mono_analysis	core_clean_singlets	11	retain_after_residual_T_NK_removal
CAGCGACAGTCTCGGC.57	1	core_retained_singlet	mac_mono_supported	retain_for_current_mac_mono_analysis	core_clean_singlets	11	retain_after_residual_T_NK_removal
CAGCTAAAGGCCCTCA.57	1	core_retained_singlet	mac_mono_supported	retain_for_current_mac_mono_analysis	core_clean_singlets	11	retain_after_residual_T_NK_removal
CATCAAGCAATTCCTT.57	5	core_retained_singlet	mac_mono_supported	retain_for_current_mac_mono_analysis	core_clean_singlets	11	retain_after_residual_T_NK_removal
CATCGAAAGATACACA.57	1	core_retained_singlet	mac_mono_supported	retain_for_current_mac_mono_analysis	core_clean_singlets	11	retain_after_residual_T_NK_removal
CATCGGGAGGAACTGC.57	1	core_retained_singlet	mac_mono_supported	retain_for_current_mac_mono_analysis	core_clean_singlets	11	retain_after_residual_T_NK_removal
CATTATCCAAGGACTG.57	1	core_retained_singlet	mac_mono_supported	retain_for_current_mac_mono_analysis	core_clean_singlets	11	retain_after_residual_T_NK_removal
CCACGGAAGGCATTGG.57	1	core_retained_singlet	mac_mono_supported	retain_for_current_mac_mono_analysis	core_clean_singlets	11	retain_after_residual_T_NK_removal
CCATGTCCACGAGGTA.57	1	core_retained_singlet	mac_mono_supported	retain_for_current_mac_mono_analysis	core_clean_singlets	11	retain_after_residual_T_NK_removal
CCTACACGTCCATGAT.57	1	core_retained_singlet	mac_mono_supported	retain_for_current_mac_mono_analysis	core_clean_singlets	11	retain_after_residual_T_NK_removal
CCTCAGTAGGGTTCCC.57	1	core_retained_singlet	mac_mono_supported	retain_for_current_mac_mono_analysis	core_clean_singlets	11	retain_after_residual_T_NK_removal
CCTTACGAGTGTCCAT.57	1	core_retained_singlet	mac_mono_supported	retain_for_current_mac_mono_analysis	core_clean_singlets	11	retain_after_residual_T_NK_removal
CCTTACGCAATGTAAG.57	1	core_retained_singlet	mac_mono_supported	retain_for_current_mac_mono_analysis	core_clean_singlets	11	retain_after_residual_T_NK_removal
CCTTCGAAGACGCACA.57	1	core_retained_singlet	mac_mono_supported	retain_for_current_mac_mono_analysis	core_clean_singlets	11	retain_after_residual_T_NK_removal
CCTTCGACACCGTTGG.57	1	core_retained_singlet	mac_mono_supported	retain_for_current_mac_mono_analysis	core_clean_singlets	11	retain_after_residual_T_NK_removal
CGAGCCATCACCGTAA.57	1	core_retained_singlet	mac_mono_supported	retain_for_current_mac_mono_analysis	core_clean_singlets	11	retain_after_residual_T_NK_removal
CGATGGCCAGTCAGAG.57	1	core_retained_singlet	mac_mono_supported	retain_for_current_mac_mono_analysis	core_clean_singlets	11	retain_after_residual_T_NK_removal
CGATGGCGTGCTAGCC.57	8	core_retained_singlet	mac_mono_supported	retain_for_current_mac_mono_analysis	core_clean_singlets	11	retain_after_residual_T_NK_removal
CGCTTCATCAACACTG.57	1	core_retained_singlet	mac_mono_supported	retain_for_current_mac_mono_analysis	core_clean_singlets	11	retain_after_residual_T_NK_removal
CGCTTCATCGCCTGTT.57	8	core_retained_singlet	mac_mono_supported	retain_for_current_mac_mono_analysis	core_clean_singlets	11	retain_after_residual_T_NK_removal
CGCTTCATCGGTCTAA.57	1	core_retained_singlet	mac_mono_supported	retain_for_current_mac_mono_analysis	core_clean_singlets	11	retain_after_residual_T_NK_removal
CGTCCATAGTATGACA.57	8	core_retained_singlet	mac_mono_supported	retain_for_current_mac_mono_analysis	core_clean_singlets	11	retain_after_residual_T_NK_removal
CGTGTCTAGAATGTGT.57	1	core_retained_singlet	mac_mono_supported	retain_for_current_mac_mono_analysis	core_clean_singlets	11	retain_after_residual_T_NK_removal
CGTTGGGAGGACGAAA.57	1	core_retained_singlet	mac_mono_supported	retain_for_current_mac_mono_analysis	core_clean_singlets	11	retain_after_residual_T_NK_removal
CTACATTGTACTCGCG.57	1	core_retained_singlet	mac_mono_supported	retain_for_current_mac_mono_analysis	core_clean_singlets	11	retain_after_residual_T_NK_removal
CTCACACAGCGATGAC.57	1	core_retained_singlet	mac_mono_supported	retain_for_current_mac_mono_analysis	core_clean_singlets	11	retain_after_residual_T_NK_removal
CTCATTATCCTAGGGC.57	1	core_retained_singlet	mac_mono_supported	retain_for_current_mac_mono_analysis	core_clean_singlets	11	retain_after_residual_T_NK_removal
CTCGTCAGTATAGGGC.57	1	core_retained_singlet	mac_mono_supported	retain_for_current_mac_mono_analysis	core_clean_singlets	11	retain_after_residual_T_NK_removal
CTCTAATAGCAGGCTA.57	1	core_retained_singlet	mac_mono_supported	retain_for_current_mac_mono_analysis	core_clean_singlets	11	retain_after_residual_T_NK_removal
CTCTGGTCAGTTCCCT.57	1	core_retained_singlet	mac_mono_supported	retain_for_current_mac_mono_analysis	core_clean_singlets	11	retain_after_residual_T_NK_removal
CTCTGGTCATGACATC.57	1	core_retained_singlet	mac_mono_supported	retain_for_current_mac_mono_analysis	core_clean_singlets	11	retain_after_residual_T_NK_removal
CTGAAACAGGATATAC.57	1	core_retained_singlet	mac_mono_supported	retain_for_current_mac_mono_analysis	core_clean_singlets	11	retain_after_residual_T_NK_removal
CTGAAGTCAAAGGCGT.57	10	core_retained_singlet	mac_mono_supported	retain_for_current_mac_mono_analysis	core_clean_singlets	11	retain_after_residual_T_NK_removal
CTGAAGTTCGAACTGT.57	8	core_retained_singlet	mac_mono_supported	retain_for_current_mac_mono_analysis	core_clean_singlets	11	retain_after_residual_T_NK_removal
CTTAGGAGTCCAAGTT.57	1	core_retained_singlet	mac_mono_supported	retain_for_current_mac_mono_analysis	core_clean_singlets	11	retain_after_residual_T_NK_removal
GAAATGATCGTGGGAA.57	8	core_retained_singlet	mac_mono_supported	retain_for_current_mac_mono_analysis	core_clean_singlets	11	retain_after_residual_T_NK_removal
GACGCGTTCTGGTATG.57	1	core_retained_singlet	mac_mono_supported	retain_for_current_mac_mono_analysis	core_clean_singlets	11	retain_after_residual_T_NK_removal
GATCAGTCATGCAATC.57	5	core_retained_singlet	mac_mono_supported	retain_for_current_mac_mono_analysis	core_clean_singlets	11	retain_after_residual_T_NK_removal
GATGAAATCTTGCCGT.57	1	core_retained_singlet	mac_mono_supported	retain_for_current_mac_mono_analysis	core_clean_singlets	11	retain_after_residual_T_NK_removal
GCGAGAAGTTCTGGTA.57	8	core_retained_singlet	mac_mono_supported	retain_for_current_mac_mono_analysis	core_clean_singlets	11	retain_after_residual_T_NK_removal
GCTGGGTCATGCCCGA.57	1	core_retained_singlet	mac_mono_supported	retain_for_current_mac_mono_analysis	core_clean_singlets	11	retain_after_residual_T_NK_removal
GGACAAGGTCTCACCT.57	1	core_retained_singlet	mac_mono_supported	retain_for_current_mac_mono_analysis	core_clean_singlets	11	retain_after_residual_T_NK_removal
GGGATGAAGACAAGCC.57	8	core_retained_singlet	mac_mono_supported	retain_for_current_mac_mono_analysis	core_clean_singlets	11	retain_after_residual_T_NK_removal
GGGATGACATACGCCG.57	1	core_retained_singlet	mac_mono_supported	retain_for_current_mac_mono_analysis	core_clean_singlets	11	retain_after_residual_T_NK_removal
GGGCACTTCATAACCG.57	1	core_retained_singlet	mac_mono_supported	retain_for_current_mac_mono_analysis	core_clean_singlets	11	retain_after_residual_T_NK_removal
GGTGCGTAGTTATCGC.57	1	core_retained_singlet	mac_mono_supported	retain_for_current_mac_mono_analysis	core_clean_singlets	11	retain_after_residual_T_NK_removal
GTATTCTCACTCAGGC.57	1	core_retained_singlet	mac_mono_supported	retain_for_current_mac_mono_analysis	core_clean_singlets	11	retain_after_residual_T_NK_removal
GTCAAGTGTCTTCTCG.57	1	core_retained_singlet	mac_mono_supported	retain_for_current_mac_mono_analysis	core_clean_singlets	11	retain_after_residual_T_NK_removal
GTCACGGGTCCCTTGT.57	5	core_retained_singlet	mac_mono_supported	retain_for_current_mac_mono_analysis	core_clean_singlets	11	retain_after_residual_T_NK_removal
GTCCTCAGTCTTGTCC.57	1	core_retained_singlet	mac_mono_supported	retain_for_current_mac_mono_analysis	core_clean_singlets	11	retain_after_residual_T_NK_removal
GTCGGGTTCAGCACAT.57	1	core_retained_singlet	mac_mono_supported	retain_for_current_mac_mono_analysis	core_clean_singlets	11	retain_after_residual_T_NK_removal
GTGCATAGTGTGTGCC.57	8	core_retained_singlet	mac_mono_supported	retain_for_current_mac_mono_analysis	core_clean_singlets	11	retain_after_residual_T_NK_removal
GTGTGCGAGTATCTCG.57	1	core_retained_singlet	mac_mono_supported	retain_for_current_mac_mono_analysis	core_clean_singlets	11	retain_after_residual_T_NK_removal
GTTCGGGCAGCGATCC.57	1	core_retained_singlet	mac_mono_supported	retain_for_current_mac_mono_analysis	core_clean_singlets	11	retain_after_residual_T_NK_removal
TAAACCGGTCTAGTCA.57	1	core_retained_singlet	mac_mono_supported	retain_for_current_mac_mono_analysis	core_clean_singlets	11	retain_after_residual_T_NK_removal
TACACGACACAGCGTC.57	5	core_retained_singlet	mac_mono_supported	retain_for_current_mac_mono_analysis	core_clean_singlets	11	retain_after_residual_T_NK_removal
TACCTATGTTGTCGCG.57	1	core_retained_singlet	mac_mono_supported	retain_for_current_mac_mono_analysis	core_clean_singlets	11	retain_after_residual_T_NK_removal
TACGGATCAGCCTTGG.57	1	core_retained_singlet	mac_mono_supported	retain_for_current_mac_mono_analysis	core_clean_singlets	11	retain_after_residual_T_NK_removal
TATCTCAAGCACACAG.57	1	core_retained_singlet	mac_mono_supported	retain_for_current_mac_mono_analysis	core_clean_singlets	11	retain_after_residual_T_NK_removal
TATTACCAGCCCAGCT.57	1	core_retained_singlet	mac_mono_supported	retain_for_current_mac_mono_analysis	core_clean_singlets	11	retain_after_residual_T_NK_removal
TCAGATGTCGCATGGC.57	1	core_retained_singlet	mac_mono_supported	retain_for_current_mac_mono_analysis	core_clean_singlets	11	retain_after_residual_T_NK_removal
TCCCGATGTAGAAAGG.57	1	core_retained_singlet	mac_mono_supported	retain_for_current_mac_mono_analysis	core_clean_singlets	11	retain_after_residual_T_NK_removal
TCGAGGCAGTACATGA.57	1	core_retained_singlet	mac_mono_supported	retain_for_current_mac_mono_analysis	core_clean_singlets	11	retain_after_residual_T_NK_removal
TGAAAGAAGTCGTACT.57	1	core_retained_singlet	mac_mono_supported	retain_for_current_mac_mono_analysis	core_clean_singlets	11	retain_after_residual_T_NK_removal
TGAGAGGCATGCTGGC.57	1	core_retained_singlet	mac_mono_supported	retain_for_current_mac_mono_analysis	core_clean_singlets	11	retain_after_residual_T_NK_removal
TGAGCCGAGTGCAAGC.57	1	core_retained_singlet	mac_mono_supported	retain_for_current_mac_mono_analysis	core_clean_singlets	11	retain_after_residual_T_NK_removal
TGCTGCTTCCTTCAAT.57	1	core_retained_singlet	mac_mono_supported	retain_for_current_mac_mono_analysis	core_clean_singlets	11	retain_after_residual_T_NK_removal
TGGGAAGTCCAGGGCT.57	1	core_retained_singlet	mac_mono_supported	retain_for_current_mac_mono_analysis	core_clean_singlets	11	retain_after_residual_T_NK_removal
TTAGGACTCTCTAGGA.57	1	core_retained_singlet	mac_mono_supported	retain_for_current_mac_mono_analysis	core_clean_singlets	11	retain_after_residual_T_NK_removal
TTCTCCTGTTCAGGCC.57	1	core_retained_singlet	mac_mono_supported	retain_for_current_mac_mono_analysis	core_clean_singlets	11	retain_after_residual_T_NK_removal
TTCTTAGCAGACAAGC.57	1	core_retained_singlet	mac_mono_supported	retain_for_current_mac_mono_analysis	core_clean_singlets	11	retain_after_residual_T_NK_removal
TTCTTAGGTGACCAAG.57	1	core_retained_singlet	mac_mono_supported	retain_for_current_mac_mono_analysis	core_clean_singlets	11	retain_after_residual_T_NK_removal
TTGGAACAGGGTTTCT.57	1	core_retained_singlet	mac_mono_supported	retain_for_current_mac_mono_analysis	core_clean_singlets	11	retain_after_residual_T_NK_removal
TTTACTGAGACTAGAT.57	1	core_retained_singlet	mac_mono_supported	retain_for_current_mac_mono_analysis	core_clean_singlets	11	retain_after_residual_T_NK_removal
TTTACTGTCTAACTTC.57	1	core_retained_singlet	mac_mono_supported	retain_for_current_mac_mono_analysis	core_clean_singlets	11	retain_after_residual_T_NK_removal
TTTCCTCAGGCATTGG.57	1	core_retained_singlet	mac_mono_supported	retain_for_current_mac_mono_analysis	core_clean_singlets	11	retain_after_residual_T_NK_removal
TTTGCGCAGAGTTGGC.57	1	core_retained_singlet	mac_mono_supported	retain_for_current_mac_mono_analysis	core_clean_singlets	11	retain_after_residual_T_NK_removal
TACCTATAGTACGCGA.5	8	core_retained_singlet	mac_mono_supported	retain_for_current_mac_mono_analysis	core_clean_singlets	11	retain_after_residual_T_NK_removal
TGGCTGGAGCTCCTTC.5	1	core_retained_singlet	mac_mono_supported	retain_for_current_mac_mono_analysis	core_clean_singlets	11	retain_after_residual_T_NK_removal
ACGGGCTAGTTGAGTA.9	8	core_retained_singlet	mac_mono_supported	retain_for_current_mac_mono_analysis	core_clean_singlets	11	retain_after_residual_T_NK_removal
CAAGGCCGTAGTGAAT.9	8	core_retained_singlet	mac_mono_supported	retain_for_current_mac_mono_analysis	core_clean_singlets	11	retain_after_residual_T_NK_removal
CCTTCCCTCGTAGGAG.9	8	core_retained_singlet	mac_mono_supported	retain_for_current_mac_mono_analysis	core_clean_singlets	11	retain_after_residual_T_NK_removal
CTCGTCAGTTACCGAT.9	1	core_retained_singlet	mac_mono_supported	retain_for_current_mac_mono_analysis	core_clean_singlets	11	retain_after_residual_T_NK_removal
GATCAGTAGCTGAACG.9	1	core_retained_singlet	mac_mono_supported	retain_for_current_mac_mono_analysis	core_clean_singlets	11	retain_after_residual_T_NK_removal
TCTGGAATCACCCGAG.9	1	core_retained_singlet	mac_mono_supported	retain_for_current_mac_mono_analysis	core_clean_singlets	11	retain_after_residual_T_NK_removal
TGAGCCGGTAGTACCT.9	1	core_retained_singlet	mac_mono_supported	retain_for_current_mac_mono_analysis	core_clean_singlets	11	retain_after_residual_T_NK_removal
CATCCACTCCACTCCA.10	1	core_retained_singlet	mac_mono_supported	retain_for_current_mac_mono_analysis	core_clean_singlets	11	retain_after_residual_T_NK_removal
CCCTCCTTCAACGCTA.10	1	core_retained_singlet	mac_mono_supported	retain_for_current_mac_mono_analysis	core_clean_singlets	11	retain_after_residual_T_NK_removal
CCGTTCACATCAGTAC.10	8	core_retained_singlet	mac_mono_supported	retain_for_current_mac_mono_analysis	core_clean_singlets	11	retain_after_residual_T_NK_removal
TACCTATGTTTACTCT.10	1	core_retained_singlet	mac_mono_supported	retain_for_current_mac_mono_analysis	core_clean_singlets	11	retain_after_residual_T_NK_removal
TCGGGACGTATTAGCC.10	1	core_retained_singlet	mac_mono_supported	retain_for_current_mac_mono_analysis	core_clean_singlets	11	retain_after_residual_T_NK_removal
AAAGATGTCGTCTGCT.16	1	core_retained_singlet	mac_mono_supported	retain_for_current_mac_mono_analysis	core_clean_singlets	11	retain_after_residual_T_NK_removal
ACACCAAGTTAGGGTG.16	5	core_retained_singlet	mac_mono_supported	retain_for_current_mac_mono_analysis	core_clean_singlets	11	retain_after_residual_T_NK_removal
ACTGAACGTTCGGGCT.16	1	core_retained_singlet	mac_mono_supported	retain_for_current_mac_mono_analysis	core_clean_singlets	11	retain_after_residual_T_NK_removal
AGAGTGGTCCAAATGC.16	1	core_retained_singlet	mac_mono_supported	retain_for_current_mac_mono_analysis	core_clean_singlets	11	retain_after_residual_T_NK_removal
AGCCTAATCCAATGGT.16	1	core_retained_singlet	mac_mono_supported	retain_for_current_mac_mono_analysis	core_clean_singlets	11	retain_after_residual_T_NK_removal
ATGCGATTCCACGTGG.16	10	core_retained_singlet	mac_mono_supported	retain_for_current_mac_mono_analysis	core_clean_singlets	11	retain_after_residual_T_NK_removal
CAAGAAATCAATCACG.16	1	core_retained_singlet	mac_mono_supported	retain_for_current_mac_mono_analysis	core_clean_singlets	11	retain_after_residual_T_NK_removal
CACATAGCACCCATGG.16	5	core_retained_singlet	mac_mono_supported	retain_for_current_mac_mono_analysis	core_clean_singlets	11	retain_after_residual_T_NK_removal
CAGAGAGAGTGAATTG.16	1	core_retained_singlet	mac_mono_supported	retain_for_current_mac_mono_analysis	core_clean_singlets	11	retain_after_residual_T_NK_removal
CAGCAGCGTACTCTCC.16	5	core_retained_singlet	mac_mono_supported	retain_for_current_mac_mono_analysis	core_clean_singlets	11	retain_after_residual_T_NK_removal
CTCGTCAGTTGAACTC.16	10	core_retained_singlet	mac_mono_supported	retain_for_current_mac_mono_analysis	core_clean_singlets	11	retain_after_residual_T_NK_removal
CTGAAGTCAGTCTTCC.16	1	core_retained_singlet	mac_mono_supported	retain_for_current_mac_mono_analysis	core_clean_singlets	11	retain_after_residual_T_NK_removal
CTGCGGAGTCTCCACT.16	10	core_retained_singlet	mac_mono_supported	retain_for_current_mac_mono_analysis	core_clean_singlets	11	retain_after_residual_T_NK_removal
CTTACCGAGTGCCAGA.16	8	core_retained_singlet	mac_mono_supported	retain_for_current_mac_mono_analysis	core_clean_singlets	11	retain_after_residual_T_NK_removal
GACACGCCATCTACGA.16	1	core_retained_singlet	mac_mono_supported	retain_for_current_mac_mono_analysis	core_clean_singlets	11	retain_after_residual_T_NK_removal
GACAGAGGTAGTAGTA.16	8	core_retained_singlet	mac_mono_supported	retain_for_current_mac_mono_analysis	core_clean_singlets	11	retain_after_residual_T_NK_removal
GATTCAGAGCATGGCA.16	5	core_retained_singlet	mac_mono_supported	retain_for_current_mac_mono_analysis	core_clean_singlets	11	retain_after_residual_T_NK_removal
GCTGGGTGTGACAAAT.16	1	core_retained_singlet	mac_mono_supported	retain_for_current_mac_mono_analysis	core_clean_singlets	11	retain_after_residual_T_NK_removal
GGGACCTCAATAGCAA.16	1	core_retained_singlet	mac_mono_supported	retain_for_current_mac_mono_analysis	core_clean_singlets	11	retain_after_residual_T_NK_removal
GTATTCTCATCCCACT.16	1	core_retained_singlet	mac_mono_supported	retain_for_current_mac_mono_analysis	core_clean_singlets	11	retain_after_residual_T_NK_removal
GTCAAGTTCAAAGTAG.16	1	core_retained_singlet	mac_mono_supported	retain_for_current_mac_mono_analysis	core_clean_singlets	11	retain_after_residual_T_NK_removal
TACACGAAGCTCTCGG.16	10	core_retained_singlet	mac_mono_supported	retain_for_current_mac_mono_analysis	core_clean_singlets	11	retain_after_residual_T_NK_removal
TACACGAGTGGGTATG.16	1	core_retained_singlet	mac_mono_supported	retain_for_current_mac_mono_analysis	core_clean_singlets	11	retain_after_residual_T_NK_removal
TCGGGACAGAAGATTC.16	8	core_retained_singlet	mac_mono_supported	retain_for_current_mac_mono_analysis	core_clean_singlets	11	retain_after_residual_T_NK_removal
TGCCCTATCACGCGGT.16	1	core_retained_singlet	mac_mono_supported	retain_for_current_mac_mono_analysis	core_clean_singlets	11	retain_after_residual_T_NK_removal
TTCTCAACATCGATTG.16	1	core_retained_singlet	mac_mono_supported	retain_for_current_mac_mono_analysis	core_clean_singlets	11	retain_after_residual_T_NK_removal
AAAGATGGTAACGACG.22	1	core_retained_singlet	mac_mono_supported	retain_for_current_mac_mono_analysis	core_clean_singlets	11	retain_after_residual_T_NK_removal
AAAGCAACAAGTACCT.22	1	core_retained_singlet	mac_mono_supported	retain_for_current_mac_mono_analysis	core_clean_singlets	11	retain_after_residual_T_NK_removal
AAAGTAGCAAGACGTG.22	1	core_retained_singlet	mac_mono_supported	retain_for_current_mac_mono_analysis	core_clean_singlets	11	retain_after_residual_T_NK_removal
AAATGCCTCCGCAAGC.22	1	core_retained_singlet	mac_mono_supported	retain_for_current_mac_mono_analysis	core_clean_singlets	11	retain_after_residual_T_NK_removal
AACCATGAGTGCGATG.22	1	core_retained_singlet	mac_mono_supported	retain_for_current_mac_mono_analysis	core_clean_singlets	11	retain_after_residual_T_NK_removal
AACCATGGTCTCAACA.22	1	core_retained_singlet	mac_mono_supported	retain_for_current_mac_mono_analysis	core_clean_singlets	11	retain_after_residual_T_NK_removal
AACCATGTCAACGGGA.22	1	core_retained_singlet	mac_mono_supported	retain_for_current_mac_mono_analysis	core_clean_singlets	11	retain_after_residual_T_NK_removal
AACGTTGCAATAACGA.22	1	core_retained_singlet	mac_mono_supported	retain_for_current_mac_mono_analysis	core_clean_singlets	11	retain_after_residual_T_NK_removal
AACTCCCAGTGGAGTC.22	1	core_retained_singlet	mac_mono_supported	retain_for_current_mac_mono_analysis	core_clean_singlets	11	retain_after_residual_T_NK_removal
AACTCTTGTCGAAAGC.22	1	core_retained_singlet	mac_mono_supported	retain_for_current_mac_mono_analysis	core_clean_singlets	11	retain_after_residual_T_NK_removal
AACTGGTAGCCTCGTG.22	1	core_retained_singlet	mac_mono_supported	retain_for_current_mac_mono_analysis	core_clean_singlets	11	retain_after_residual_T_NK_removal
AACTGGTAGCGTCAAG.22	1	core_retained_singlet	mac_mono_supported	retain_for_current_mac_mono_analysis	core_clean_singlets	11	retain_after_residual_T_NK_removal
AACTGGTGTACTTCTT.22	8	core_retained_singlet	mac_mono_supported	retain_for_current_mac_mono_analysis	core_clean_singlets	11	retain_after_residual_T_NK_removal
AACTTTCTCAGGCCCA.22	5	core_retained_singlet	mac_mono_supported	retain_for_current_mac_mono_analysis	core_clean_singlets	11	retain_after_residual_T_NK_removal
AAGACCTAGAACAATC.22	1	core_retained_singlet	mac_mono_supported	retain_for_current_mac_mono_analysis	core_clean_singlets	11	retain_after_residual_T_NK_removal
AAGACCTCACAGATTC.22	1	core_retained_singlet	mac_mono_supported	retain_for_current_mac_mono_analysis	core_clean_singlets	11	retain_after_residual_T_NK_removal
AAGGAGCTCAAGAAGT.22	1	core_retained_singlet	mac_mono_supported	retain_for_current_mac_mono_analysis	core_clean_singlets	11	retain_after_residual_T_NK_removal
AAGGAGCTCTTCAACT.22	1	core_retained_singlet	mac_mono_supported	retain_for_current_mac_mono_analysis	core_clean_singlets	11	retain_after_residual_T_NK_removal
AAGTCTGAGCTGCGAA.22	1	core_retained_singlet	mac_mono_supported	retain_for_current_mac_mono_analysis	core_clean_singlets	11	retain_after_residual_T_NK_removal
ACACCAACACGCCAGT.22	1	core_retained_singlet	mac_mono_supported	retain_for_current_mac_mono_analysis	core_clean_singlets	11	retain_after_residual_T_NK_removal
ACACCGGCAGTTTACG.22	1	core_retained_singlet	mac_mono_supported	retain_for_current_mac_mono_analysis	core_clean_singlets	11	retain_after_residual_T_NK_removal
ACACTGATCACTCCTG.22	1	core_retained_singlet	mac_mono_supported	retain_for_current_mac_mono_analysis	core_clean_singlets	11	retain_after_residual_T_NK_removal
ACATCAGAGGAGTAGA.22	1	core_retained_singlet	mac_mono_supported	retain_for_current_mac_mono_analysis	core_clean_singlets	11	retain_after_residual_T_NK_removal
ACATCAGCACTCTGTC.22	1	core_retained_singlet	mac_mono_supported	retain_for_current_mac_mono_analysis	core_clean_singlets	11	retain_after_residual_T_NK_removal
ACATGGTGTTCACCTC.22	1	core_retained_singlet	mac_mono_supported	retain_for_current_mac_mono_analysis	core_clean_singlets	11	retain_after_residual_T_NK_removal
ACCTTTAAGAATGTGT.22	1	core_retained_singlet	mac_mono_supported	retain_for_current_mac_mono_analysis	core_clean_singlets	11	retain_after_residual_T_NK_removal
ACGAGCCGTTCCACTC.22	8	core_retained_singlet	mac_mono_supported	retain_for_current_mac_mono_analysis	core_clean_singlets	11	retain_after_residual_T_NK_removal
ACGATACAGTTACGGG.22	1	core_retained_singlet	mac_mono_supported	retain_for_current_mac_mono_analysis	core_clean_singlets	11	retain_after_residual_T_NK_removal
ACGATACGTCGGCATC.22	1	core_retained_singlet	mac_mono_supported	retain_for_current_mac_mono_analysis	core_clean_singlets	11	retain_after_residual_T_NK_removal
ACGCCGACACGCATCG.22	1	core_retained_singlet	mac_mono_supported	retain_for_current_mac_mono_analysis	core_clean_singlets	11	retain_after_residual_T_NK_removal
ACGCCGACAGGTCGTC.22	1	core_retained_singlet	mac_mono_supported	retain_for_current_mac_mono_analysis	core_clean_singlets	11	retain_after_residual_T_NK_removal
ACGCCGATCGGTCTAA.22	1	core_retained_singlet	mac_mono_supported	retain_for_current_mac_mono_analysis	core_clean_singlets	11	retain_after_residual_T_NK_removal
ACGGGCTGTCTGCCAG.22	1	core_retained_singlet	mac_mono_supported	retain_for_current_mac_mono_analysis	core_clean_singlets	11	retain_after_residual_T_NK_removal
ACGTCAATCCGTAGGC.22	1	core_retained_singlet	mac_mono_supported	retain_for_current_mac_mono_analysis	core_clean_singlets	11	retain_after_residual_T_NK_removal
ACTATCTAGGAGTAGA.22	1	core_retained_singlet	mac_mono_supported	retain_for_current_mac_mono_analysis	core_clean_singlets	11	retain_after_residual_T_NK_removal
ACTATCTTCCGAATGT.22	1	core_retained_singlet	mac_mono_supported	retain_for_current_mac_mono_analysis	core_clean_singlets	11	retain_after_residual_T_NK_removal
ACTTTCAAGTCGTACT.22	1	core_retained_singlet	mac_mono_supported	retain_for_current_mac_mono_analysis	core_clean_singlets	11	retain_after_residual_T_NK_removal
AGAATAGTCCGTCATC.22	1	core_retained_singlet	mac_mono_supported	retain_for_current_mac_mono_analysis	core_clean_singlets	11	retain_after_residual_T_NK_removal
AGAATAGTCTTGTCAT.22	1	core_retained_singlet	mac_mono_supported	retain_for_current_mac_mono_analysis	core_clean_singlets	11	retain_after_residual_T_NK_removal
AGACGTTTCCGAACGC.22	1	core_retained_singlet	mac_mono_supported	retain_for_current_mac_mono_analysis	core_clean_singlets	11	retain_after_residual_T_NK_removal
AGATCTGAGTACGTAA.22	1	core_retained_singlet	mac_mono_supported	retain_for_current_mac_mono_analysis	core_clean_singlets	11	retain_after_residual_T_NK_removal
AGCAGCCAGTGGTAAT.22	1	core_retained_singlet	mac_mono_supported	retain_for_current_mac_mono_analysis	core_clean_singlets	11	retain_after_residual_T_NK_removal
AGCATACAGAGAGCTC.22	5	core_retained_singlet	mac_mono_supported	retain_for_current_mac_mono_analysis	core_clean_singlets	11	retain_after_residual_T_NK_removal
AGCATACTCAACCATG.22	1	core_retained_singlet	mac_mono_supported	retain_for_current_mac_mono_analysis	core_clean_singlets	11	retain_after_residual_T_NK_removal
AGCGGTCGTGGCAAAC.22	1	core_retained_singlet	mac_mono_supported	retain_for_current_mac_mono_analysis	core_clean_singlets	11	retain_after_residual_T_NK_removal
AGCGTATGTTTGTTGG.22	1	core_retained_singlet	mac_mono_supported	retain_for_current_mac_mono_analysis	core_clean_singlets	11	retain_after_residual_T_NK_removal
AGCTCTCCACTGCCAG.22	1	core_retained_singlet	mac_mono_supported	retain_for_current_mac_mono_analysis	core_clean_singlets	11	retain_after_residual_T_NK_removal
AGCTTGAGTACTCGCG.22	1	core_retained_singlet	mac_mono_supported	retain_for_current_mac_mono_analysis	core_clean_singlets	11	retain_after_residual_T_NK_removal
AGGCCACAGCTGTCTA.22	1	core_retained_singlet	mac_mono_supported	retain_for_current_mac_mono_analysis	core_clean_singlets	11	retain_after_residual_T_NK_removal
AGGCCACCACCATCCT.22	1	core_retained_singlet	mac_mono_supported	retain_for_current_mac_mono_analysis	core_clean_singlets	11	retain_after_residual_T_NK_removal
AGGCCGTTCCGTCAAA.22	1	core_retained_singlet	mac_mono_supported	retain_for_current_mac_mono_analysis	core_clean_singlets	11	retain_after_residual_T_NK_removal
AGGGAGTGTAGCGCTC.22	8	core_retained_singlet	mac_mono_supported	retain_for_current_mac_mono_analysis	core_clean_singlets	11	retain_after_residual_T_NK_removal
AGGGTGAGTGCCTGGT.22	1	core_retained_singlet	mac_mono_supported	retain_for_current_mac_mono_analysis	core_clean_singlets	11	retain_after_residual_T_NK_removal
AGGTCATCAGACTCGC.22	1	core_retained_singlet	mac_mono_supported	retain_for_current_mac_mono_analysis	core_clean_singlets	11	retain_after_residual_T_NK_removal
AGGTCCGAGCTCAACT.22	1	core_retained_singlet	mac_mono_supported	retain_for_current_mac_mono_analysis	core_clean_singlets	11	retain_after_residual_T_NK_removal
AGGTCCGTCAACGCTA.22	1	core_retained_singlet	mac_mono_supported	retain_for_current_mac_mono_analysis	core_clean_singlets	11	retain_after_residual_T_NK_removal
AGTGGGAGTCAAAGAT.22	8	core_retained_singlet	mac_mono_supported	retain_for_current_mac_mono_analysis	core_clean_singlets	11	retain_after_residual_T_NK_removal
AGTGGGATCCGCGGTA.22	1	core_retained_singlet	mac_mono_supported	retain_for_current_mac_mono_analysis	core_clean_singlets	11	retain_after_residual_T_NK_removal
AGTGTCACATCGACGC.22	8	core_retained_singlet	mac_mono_supported	retain_for_current_mac_mono_analysis	core_clean_singlets	11	retain_after_residual_T_NK_removal
AGTTGGTAGCGTCAAG.22	1	core_retained_singlet	mac_mono_supported	retain_for_current_mac_mono_analysis	core_clean_singlets	11	retain_after_residual_T_NK_removal
ATAACGCCAGCCTATA.22	1	core_retained_singlet	mac_mono_supported	retain_for_current_mac_mono_analysis	core_clean_singlets	11	retain_after_residual_T_NK_removal
ATAACGCCAGGGTTAG.22	1	core_retained_singlet	mac_mono_supported	retain_for_current_mac_mono_analysis	core_clean_singlets	11	retain_after_residual_T_NK_removal
ATAAGAGTCGTAGATC.22	1	core_retained_singlet	mac_mono_supported	retain_for_current_mac_mono_analysis	core_clean_singlets	11	retain_after_residual_T_NK_removal
ATAGACCAGAGATGAG.22	1	core_retained_singlet	mac_mono_supported	retain_for_current_mac_mono_analysis	core_clean_singlets	11	retain_after_residual_T_NK_removal
ATCCACCTCCGAACGC.22	1	core_retained_singlet	mac_mono_supported	retain_for_current_mac_mono_analysis	core_clean_singlets	11	retain_after_residual_T_NK_removal
ATCCACCTCTGCTTGC.22	1	core_retained_singlet	mac_mono_supported	retain_for_current_mac_mono_analysis	core_clean_singlets	11	retain_after_residual_T_NK_removal
ATGAGGGAGACTGTAA.22	1	core_retained_singlet	mac_mono_supported	retain_for_current_mac_mono_analysis	core_clean_singlets	11	retain_after_residual_T_NK_removal
ATGAGGGCATGCCTTC.22	1	core_retained_singlet	mac_mono_supported	retain_for_current_mac_mono_analysis	core_clean_singlets	11	retain_after_residual_T_NK_removal
ATGCGATCATTTGCCC.22	1	core_retained_singlet	mac_mono_supported	retain_for_current_mac_mono_analysis	core_clean_singlets	11	retain_after_residual_T_NK_removal
ATGGGAGCAGATCCAT.22	1	core_retained_singlet	mac_mono_supported	retain_for_current_mac_mono_analysis	core_clean_singlets	11	retain_after_residual_T_NK_removal
ATTATCCAGCTGCGAA.22	1	core_retained_singlet	mac_mono_supported	retain_for_current_mac_mono_analysis	core_clean_singlets	11	retain_after_residual_T_NK_removal
ATTGGTGTCTCGGACG.22	1	core_retained_singlet	mac_mono_supported	retain_for_current_mac_mono_analysis	core_clean_singlets	11	retain_after_residual_T_NK_removal
ATTTCTGCAGGTTTCA.22	1	core_retained_singlet	mac_mono_supported	retain_for_current_mac_mono_analysis	core_clean_singlets	11	retain_after_residual_T_NK_removal
CAAGAAACAATGACCT.22	1	core_retained_singlet	mac_mono_supported	retain_for_current_mac_mono_analysis	core_clean_singlets	11	retain_after_residual_T_NK_removal
CACAAACAGCGATGAC.22	1	core_retained_singlet	mac_mono_supported	retain_for_current_mac_mono_analysis	core_clean_singlets	11	retain_after_residual_T_NK_removal
CACAAACGTTTGACAC.22	1	core_retained_singlet	mac_mono_supported	retain_for_current_mac_mono_analysis	core_clean_singlets	11	retain_after_residual_T_NK_removal
CACACAACACACAGAG.22	1	core_retained_singlet	mac_mono_supported	retain_for_current_mac_mono_analysis	core_clean_singlets	11	retain_after_residual_T_NK_removal
CACAGGCAGAGACTAT.22	8	core_retained_singlet	mac_mono_supported	retain_for_current_mac_mono_analysis	core_clean_singlets	11	retain_after_residual_T_NK_removal
CACAGGCCACGGATAG.22	1	core_retained_singlet	mac_mono_supported	retain_for_current_mac_mono_analysis	core_clean_singlets	11	retain_after_residual_T_NK_removal
CACAGGCTCTAGCACA.22	1	core_retained_singlet	mac_mono_supported	retain_for_current_mac_mono_analysis	core_clean_singlets	11	retain_after_residual_T_NK_removal
CACATAGCAGCCACCA.22	1	core_retained_singlet	mac_mono_supported	retain_for_current_mac_mono_analysis	core_clean_singlets	11	retain_after_residual_T_NK_removal
CACTCCACACTAGTAC.22	1	core_retained_singlet	mac_mono_supported	retain_for_current_mac_mono_analysis	core_clean_singlets	11	retain_after_residual_T_NK_removal
CAGAGAGCAGGTGGAT.22	1	core_retained_singlet	mac_mono_supported	retain_for_current_mac_mono_analysis	core_clean_singlets	11	retain_after_residual_T_NK_removal
CAGATCACATCCGGGT.22	1	core_retained_singlet	mac_mono_supported	retain_for_current_mac_mono_analysis	core_clean_singlets	11	retain_after_residual_T_NK_removal
CAGATCAGTGATGCCC.22	1	core_retained_singlet	mac_mono_supported	retain_for_current_mac_mono_analysis	core_clean_singlets	11	retain_after_residual_T_NK_removal
CAGCTGGAGTACGACG.22	1	core_retained_singlet	mac_mono_supported	retain_for_current_mac_mono_analysis	core_clean_singlets	11	retain_after_residual_T_NK_removal
CAGTAACCACGTCAGC.22	1	core_retained_singlet	mac_mono_supported	retain_for_current_mac_mono_analysis	core_clean_singlets	11	retain_after_residual_T_NK_removal
CAGTAACTCCATGCTC.22	1	core_retained_singlet	mac_mono_supported	retain_for_current_mac_mono_analysis	core_clean_singlets	11	retain_after_residual_T_NK_removal
CATCAGAGTACTTAGC.22	1	core_retained_singlet	mac_mono_supported	retain_for_current_mac_mono_analysis	core_clean_singlets	11	retain_after_residual_T_NK_removal
CATCCACCAAACCCAT.22	1	core_retained_singlet	mac_mono_supported	retain_for_current_mac_mono_analysis	core_clean_singlets	11	retain_after_residual_T_NK_removal
CATCCACGTTCCACTC.22	1	core_retained_singlet	mac_mono_supported	retain_for_current_mac_mono_analysis	core_clean_singlets	11	retain_after_residual_T_NK_removal
CATCGAACAGCTGTGC.22	1	core_retained_singlet	mac_mono_supported	retain_for_current_mac_mono_analysis	core_clean_singlets	11	retain_after_residual_T_NK_removal
CATCGAATCAGTTGAC.22	1	core_retained_singlet	mac_mono_supported	retain_for_current_mac_mono_analysis	core_clean_singlets	11	retain_after_residual_T_NK_removal
CATTCGCGTCGGCATC.22	1	core_retained_singlet	mac_mono_supported	retain_for_current_mac_mono_analysis	core_clean_singlets	11	retain_after_residual_T_NK_removal
CATTCGCGTGTCGCTG.22	5	core_retained_singlet	mac_mono_supported	retain_for_current_mac_mono_analysis	core_clean_singlets	11	retain_after_residual_T_NK_removal
CCAATCCGTCGTGGCT.22	1	core_retained_singlet	mac_mono_supported	retain_for_current_mac_mono_analysis	core_clean_singlets	11	retain_after_residual_T_NK_removal
CCAATCCTCGTAGATC.22	8	core_retained_singlet	mac_mono_supported	retain_for_current_mac_mono_analysis	core_clean_singlets	11	retain_after_residual_T_NK_removal
CCACGGACACCACCAG.22	1	core_retained_singlet	mac_mono_supported	retain_for_current_mac_mono_analysis	core_clean_singlets	11	retain_after_residual_T_NK_removal
CCACTACGTAGTACCT.22	5	core_retained_singlet	mac_mono_supported	retain_for_current_mac_mono_analysis	core_clean_singlets	11	retain_after_residual_T_NK_removal
CCCAGTTGTTTGTTGG.22	1	core_retained_singlet	mac_mono_supported	retain_for_current_mac_mono_analysis	core_clean_singlets	11	retain_after_residual_T_NK_removal
CCCTCCTGTCTCTTAT.22	1	core_retained_singlet	mac_mono_supported	retain_for_current_mac_mono_analysis	core_clean_singlets	11	retain_after_residual_T_NK_removal
CCCTCCTGTTCGGCAC.22	1	core_retained_singlet	mac_mono_supported	retain_for_current_mac_mono_analysis	core_clean_singlets	11	retain_after_residual_T_NK_removal
CCCTCCTTCTTACCGC.22	1	core_retained_singlet	mac_mono_supported	retain_for_current_mac_mono_analysis	core_clean_singlets	11	retain_after_residual_T_NK_removal
CCGGGATTCACTTATC.22	1	core_retained_singlet	mac_mono_supported	retain_for_current_mac_mono_analysis	core_clean_singlets	11	retain_after_residual_T_NK_removal
CCGGTAGGTTCCATGA.22	1	core_retained_singlet	mac_mono_supported	retain_for_current_mac_mono_analysis	core_clean_singlets	11	retain_after_residual_T_NK_removal
CCGTGGAGTACCGTTA.22	1	core_retained_singlet	mac_mono_supported	retain_for_current_mac_mono_analysis	core_clean_singlets	11	retain_after_residual_T_NK_removal
CCGTTCAGTATCTGCA.22	1	core_retained_singlet	mac_mono_supported	retain_for_current_mac_mono_analysis	core_clean_singlets	11	retain_after_residual_T_NK_removal
CCGTTCAGTCAGCTAT.22	5	core_retained_singlet	mac_mono_supported	retain_for_current_mac_mono_analysis	core_clean_singlets	11	retain_after_residual_T_NK_removal
CCTAAAGTCTCTGTCG.22	1	core_retained_singlet	mac_mono_supported	retain_for_current_mac_mono_analysis	core_clean_singlets	11	retain_after_residual_T_NK_removal
CCTACACCAATAAGCA.22	1	core_retained_singlet	mac_mono_supported	retain_for_current_mac_mono_analysis	core_clean_singlets	11	retain_after_residual_T_NK_removal
CCTCAGTAGATGAGAG.22	1	core_retained_singlet	mac_mono_supported	retain_for_current_mac_mono_analysis	core_clean_singlets	11	retain_after_residual_T_NK_removal
CCTCTGATCACCACCT.22	1	core_retained_singlet	mac_mono_supported	retain_for_current_mac_mono_analysis	core_clean_singlets	11	retain_after_residual_T_NK_removal
CCTTACGGTAAGAGGA.22	8	core_retained_singlet	mac_mono_supported	retain_for_current_mac_mono_analysis	core_clean_singlets	11	retain_after_residual_T_NK_removal
CCTTCCCCAGGCAGTA.22	1	core_retained_singlet	mac_mono_supported	retain_for_current_mac_mono_analysis	core_clean_singlets	11	retain_after_residual_T_NK_removal
CCTTCGAAGCAGGTCA.22	1	core_retained_singlet	mac_mono_supported	retain_for_current_mac_mono_analysis	core_clean_singlets	11	retain_after_residual_T_NK_removal
CCTTTCTTCTCTAGGA.22	1	core_retained_singlet	mac_mono_supported	retain_for_current_mac_mono_analysis	core_clean_singlets	11	retain_after_residual_T_NK_removal
CGAACATAGCGTAATA.22	1	core_retained_singlet	mac_mono_supported	retain_for_current_mac_mono_analysis	core_clean_singlets	11	retain_after_residual_T_NK_removal
CGAGCACGTCGACTAT.22	8	core_retained_singlet	mac_mono_supported	retain_for_current_mac_mono_analysis	core_clean_singlets	11	retain_after_residual_T_NK_removal
CGAGCCAAGGAATGGA.22	1	core_retained_singlet	mac_mono_supported	retain_for_current_mac_mono_analysis	core_clean_singlets	11	retain_after_residual_T_NK_removal
CGATCGGCATGGTAGG.22	1	core_retained_singlet	mac_mono_supported	retain_for_current_mac_mono_analysis	core_clean_singlets	11	retain_after_residual_T_NK_removal
CGATCGGCATTCCTGC.22	1	core_retained_singlet	mac_mono_supported	retain_for_current_mac_mono_analysis	core_clean_singlets	11	retain_after_residual_T_NK_removal
CGATGGCCAGTCGTGC.22	1	core_retained_singlet	mac_mono_supported	retain_for_current_mac_mono_analysis	core_clean_singlets	11	retain_after_residual_T_NK_removal
CGATTGAAGTGAACAT.22	1	core_retained_singlet	mac_mono_supported	retain_for_current_mac_mono_analysis	core_clean_singlets	11	retain_after_residual_T_NK_removal
CGATTGAAGTTGTCGT.22	1	core_retained_singlet	mac_mono_supported	retain_for_current_mac_mono_analysis	core_clean_singlets	11	retain_after_residual_T_NK_removal
CGATTGAGTAGCGTGA.22	1	core_retained_singlet	mac_mono_supported	retain_for_current_mac_mono_analysis	core_clean_singlets	11	retain_after_residual_T_NK_removal
CGATTGAGTTGAGTTC.22	1	core_retained_singlet	mac_mono_supported	retain_for_current_mac_mono_analysis	core_clean_singlets	11	retain_after_residual_T_NK_removal
CGCGGTACACAGCGTC.22	1	core_retained_singlet	mac_mono_supported	retain_for_current_mac_mono_analysis	core_clean_singlets	11	retain_after_residual_T_NK_removal
CGCGTTTAGTGAACGC.22	1	core_retained_singlet	mac_mono_supported	retain_for_current_mac_mono_analysis	core_clean_singlets	11	retain_after_residual_T_NK_removal
CGCTTCACATTGGTAC.22	1	core_retained_singlet	mac_mono_supported	retain_for_current_mac_mono_analysis	core_clean_singlets	11	retain_after_residual_T_NK_removal
CGGACGTGTCCGTTAA.22	1	core_retained_singlet	mac_mono_supported	retain_for_current_mac_mono_analysis	core_clean_singlets	11	retain_after_residual_T_NK_removal
CGGACTGCAGGGATTG.22	1	core_retained_singlet	mac_mono_supported	retain_for_current_mac_mono_analysis	core_clean_singlets	11	retain_after_residual_T_NK_removal
CGGACTGCATGCCTAA.22	1	core_retained_singlet	mac_mono_supported	retain_for_current_mac_mono_analysis	core_clean_singlets	11	retain_after_residual_T_NK_removal
CGGACTGTCTGCCAGG.22	1	core_retained_singlet	mac_mono_supported	retain_for_current_mac_mono_analysis	core_clean_singlets	11	retain_after_residual_T_NK_removal
CGGAGCTAGGCATTGG.22	1	core_retained_singlet	mac_mono_supported	retain_for_current_mac_mono_analysis	core_clean_singlets	11	retain_after_residual_T_NK_removal
CGGAGCTCAGCGTCCA.22	1	core_retained_singlet	mac_mono_supported	retain_for_current_mac_mono_analysis	core_clean_singlets	11	retain_after_residual_T_NK_removal
CGGAGTCCAATAAGCA.22	1	core_retained_singlet	mac_mono_supported	retain_for_current_mac_mono_analysis	core_clean_singlets	11	retain_after_residual_T_NK_removal
CGGAGTCCACATTCGA.22	1	core_retained_singlet	mac_mono_supported	retain_for_current_mac_mono_analysis	core_clean_singlets	11	retain_after_residual_T_NK_removal
CGGAGTCGTTGTGGCC.22	1	core_retained_singlet	mac_mono_supported	retain_for_current_mac_mono_analysis	core_clean_singlets	11	retain_after_residual_T_NK_removal
CGGAGTCTCAACACAC.22	8	core_retained_singlet	mac_mono_supported	retain_for_current_mac_mono_analysis	core_clean_singlets	11	retain_after_residual_T_NK_removal
CGGCTAGAGCTAGTCT.22	1	core_retained_singlet	mac_mono_supported	retain_for_current_mac_mono_analysis	core_clean_singlets	11	retain_after_residual_T_NK_removal
CGTCCATTCGAACTGT.22	1	core_retained_singlet	mac_mono_supported	retain_for_current_mac_mono_analysis	core_clean_singlets	11	retain_after_residual_T_NK_removal
CGTGTAATCATAACCG.22	1	core_retained_singlet	mac_mono_supported	retain_for_current_mac_mono_analysis	core_clean_singlets	11	retain_after_residual_T_NK_removal
CTAAGACGTTCGGCAC.22	1	core_retained_singlet	mac_mono_supported	retain_for_current_mac_mono_analysis	core_clean_singlets	11	retain_after_residual_T_NK_removal
CTAATGGGTAGGCATG.22	1	core_retained_singlet	mac_mono_supported	retain_for_current_mac_mono_analysis	core_clean_singlets	11	retain_after_residual_T_NK_removal
CTACATTGTAGGGTAC.22	1	core_retained_singlet	mac_mono_supported	retain_for_current_mac_mono_analysis	core_clean_singlets	11	retain_after_residual_T_NK_removal
CTACCCAAGAACTCGG.22	1	core_retained_singlet	mac_mono_supported	retain_for_current_mac_mono_analysis	core_clean_singlets	11	retain_after_residual_T_NK_removal
CTAGTGAGTCTAGGTT.22	1	core_retained_singlet	mac_mono_supported	retain_for_current_mac_mono_analysis	core_clean_singlets	11	retain_after_residual_T_NK_removal
CTCACACAGCCTTGAT.22	1	core_retained_singlet	mac_mono_supported	retain_for_current_mac_mono_analysis	core_clean_singlets	11	retain_after_residual_T_NK_removal
CTCAGAATCACGGTTA.22	1	core_retained_singlet	mac_mono_supported	retain_for_current_mac_mono_analysis	core_clean_singlets	11	retain_after_residual_T_NK_removal
CTCAGAATCTCCGGTT.22	1	core_retained_singlet	mac_mono_supported	retain_for_current_mac_mono_analysis	core_clean_singlets	11	retain_after_residual_T_NK_removal
CTCCTAGCAGCGTTCG.22	1	core_retained_singlet	mac_mono_supported	retain_for_current_mac_mono_analysis	core_clean_singlets	11	retain_after_residual_T_NK_removal
CTCGGAGGTAAGTTCC.22	1	core_retained_singlet	mac_mono_supported	retain_for_current_mac_mono_analysis	core_clean_singlets	11	retain_after_residual_T_NK_removal
CTCGGAGTCAGCGATT.22	1	core_retained_singlet	mac_mono_supported	retain_for_current_mac_mono_analysis	core_clean_singlets	11	retain_after_residual_T_NK_removal
CTCGTACCACAGAGGT.22	1	core_retained_singlet	mac_mono_supported	retain_for_current_mac_mono_analysis	core_clean_singlets	11	retain_after_residual_T_NK_removal
CTCGTACTCCGTCATC.22	1	core_retained_singlet	mac_mono_supported	retain_for_current_mac_mono_analysis	core_clean_singlets	11	retain_after_residual_T_NK_removal
CTCTAATTCACTTATC.22	8	core_retained_singlet	mac_mono_supported	retain_for_current_mac_mono_analysis	core_clean_singlets	11	retain_after_residual_T_NK_removal
CTGATAGTCTGCCCTA.22	1	core_retained_singlet	mac_mono_supported	retain_for_current_mac_mono_analysis	core_clean_singlets	11	retain_after_residual_T_NK_removal
CTGATCCAGTAGCCGA.22	1	core_retained_singlet	mac_mono_supported	retain_for_current_mac_mono_analysis	core_clean_singlets	11	retain_after_residual_T_NK_removal
CTGATCCGTTCGGCAC.22	1	core_retained_singlet	mac_mono_supported	retain_for_current_mac_mono_analysis	core_clean_singlets	11	retain_after_residual_T_NK_removal
CTGGTCTTCTGATTCT.22	1	core_retained_singlet	mac_mono_supported	retain_for_current_mac_mono_analysis	core_clean_singlets	11	retain_after_residual_T_NK_removal
CTGTGCTCATGTCTCC.22	1	core_retained_singlet	mac_mono_supported	retain_for_current_mac_mono_analysis	core_clean_singlets	11	retain_after_residual_T_NK_removal
CTTAACTCATCCCATC.22	1	core_retained_singlet	mac_mono_supported	retain_for_current_mac_mono_analysis	core_clean_singlets	11	retain_after_residual_T_NK_removal
GAACATCGTCGAATCT.22	1	core_retained_singlet	mac_mono_supported	retain_for_current_mac_mono_analysis	core_clean_singlets	11	retain_after_residual_T_NK_removal
GAAGCAGCACAGCGTC.22	1	core_retained_singlet	mac_mono_supported	retain_for_current_mac_mono_analysis	core_clean_singlets	11	retain_after_residual_T_NK_removal
GAAGCAGGTCGCGAAA.22	1	core_retained_singlet	mac_mono_supported	retain_for_current_mac_mono_analysis	core_clean_singlets	11	retain_after_residual_T_NK_removal
GACCAATAGATATGCA.22	1	core_retained_singlet	mac_mono_supported	retain_for_current_mac_mono_analysis	core_clean_singlets	11	retain_after_residual_T_NK_removal
GACCAATAGGGTTTCT.22	1	core_retained_singlet	mac_mono_supported	retain_for_current_mac_mono_analysis	core_clean_singlets	11	retain_after_residual_T_NK_removal
GACGGCTGTCTCAACA.22	1	core_retained_singlet	mac_mono_supported	retain_for_current_mac_mono_analysis	core_clean_singlets	11	retain_after_residual_T_NK_removal
GACGTGCAGCAATCTC.22	1	core_retained_singlet	mac_mono_supported	retain_for_current_mac_mono_analysis	core_clean_singlets	11	retain_after_residual_T_NK_removal
GACGTGCCAAGTTCTG.22	1	core_retained_singlet	mac_mono_supported	retain_for_current_mac_mono_analysis	core_clean_singlets	11	retain_after_residual_T_NK_removal
GACGTTACACCGTTGG.22	1	core_retained_singlet	mac_mono_supported	retain_for_current_mac_mono_analysis	core_clean_singlets	11	retain_after_residual_T_NK_removal
GACTAACCAGCCTATA.22	1	core_retained_singlet	mac_mono_supported	retain_for_current_mac_mono_analysis	core_clean_singlets	11	retain_after_residual_T_NK_removal
GACTGCGAGCTGTTCA.22	1	core_retained_singlet	mac_mono_supported	retain_for_current_mac_mono_analysis	core_clean_singlets	11	retain_after_residual_T_NK_removal
GAGCAGACAGTTAACC.22	1	core_retained_singlet	mac_mono_supported	retain_for_current_mac_mono_analysis	core_clean_singlets	11	retain_after_residual_T_NK_removal
GAGCAGATCAAAGTAG.22	1	core_retained_singlet	mac_mono_supported	retain_for_current_mac_mono_analysis	core_clean_singlets	11	retain_after_residual_T_NK_removal
GAGTCCGGTTATCACG.22	10	core_retained_singlet	mac_mono_supported	retain_for_current_mac_mono_analysis	core_clean_singlets	11	retain_after_residual_T_NK_removal
GAGTCCGTCAGCACAT.22	10	core_retained_singlet	mac_mono_supported	retain_for_current_mac_mono_analysis	core_clean_singlets	11	retain_after_residual_T_NK_removal
GATCAGTCAATAAGCA.22	1	core_retained_singlet	mac_mono_supported	retain_for_current_mac_mono_analysis	core_clean_singlets	11	retain_after_residual_T_NK_removal
GATCGATGTTACGACT.22	1	core_retained_singlet	mac_mono_supported	retain_for_current_mac_mono_analysis	core_clean_singlets	11	retain_after_residual_T_NK_removal
GATCGATTCACCTCGT.22	1	core_retained_singlet	mac_mono_supported	retain_for_current_mac_mono_analysis	core_clean_singlets	11	retain_after_residual_T_NK_removal
GATCGCGTCACTCCTG.22	5	core_retained_singlet	mac_mono_supported	retain_for_current_mac_mono_analysis	core_clean_singlets	11	retain_after_residual_T_NK_removal
GATTCAGTCCACTCCA.22	8	core_retained_singlet	mac_mono_supported	retain_for_current_mac_mono_analysis	core_clean_singlets	11	retain_after_residual_T_NK_removal
GCAAACTTCGGTCCGA.22	1	core_retained_singlet	mac_mono_supported	retain_for_current_mac_mono_analysis	core_clean_singlets	11	retain_after_residual_T_NK_removal
GCAATCAAGCGCTCCA.22	1	core_retained_singlet	mac_mono_supported	retain_for_current_mac_mono_analysis	core_clean_singlets	11	retain_after_residual_T_NK_removal
GCATACACAGATTGCT.22	1	core_retained_singlet	mac_mono_supported	retain_for_current_mac_mono_analysis	core_clean_singlets	11	retain_after_residual_T_NK_removal
GCCAAATTCCGAAGAG.22	1	core_retained_singlet	mac_mono_supported	retain_for_current_mac_mono_analysis	core_clean_singlets	11	retain_after_residual_T_NK_removal
GCGACCACAGGCTCAC.22	1	core_retained_singlet	mac_mono_supported	retain_for_current_mac_mono_analysis	core_clean_singlets	11	retain_after_residual_T_NK_removal
GCGCAGTTCACATACG.22	8	core_retained_singlet	mac_mono_supported	retain_for_current_mac_mono_analysis	core_clean_singlets	11	retain_after_residual_T_NK_removal
GCGCAGTTCTGGAGCC.22	1	core_retained_singlet	mac_mono_supported	retain_for_current_mac_mono_analysis	core_clean_singlets	11	retain_after_residual_T_NK_removal
GCGCAGTTCTTCTGGC.22	1	core_retained_singlet	mac_mono_supported	retain_for_current_mac_mono_analysis	core_clean_singlets	11	retain_after_residual_T_NK_removal
GCGCCAACATTCCTGC.22	5	core_retained_singlet	mac_mono_supported	retain_for_current_mac_mono_analysis	core_clean_singlets	11	retain_after_residual_T_NK_removal
GCGGGTTAGTTCGCGC.22	1	core_retained_singlet	mac_mono_supported	retain_for_current_mac_mono_analysis	core_clean_singlets	11	retain_after_residual_T_NK_removal
GCGGGTTCAAGTCTAC.22	1	core_retained_singlet	mac_mono_supported	retain_for_current_mac_mono_analysis	core_clean_singlets	11	retain_after_residual_T_NK_removal
GCGGGTTGTGTCGCTG.22	1	core_retained_singlet	mac_mono_supported	retain_for_current_mac_mono_analysis	core_clean_singlets	11	retain_after_residual_T_NK_removal
GCTCCTATCGTAGGTT.22	1	core_retained_singlet	mac_mono_supported	retain_for_current_mac_mono_analysis	core_clean_singlets	11	retain_after_residual_T_NK_removal
GCTGCAGAGAATAGGG.22	8	core_retained_singlet	mac_mono_supported	retain_for_current_mac_mono_analysis	core_clean_singlets	11	retain_after_residual_T_NK_removal
GCTGGGTGTCTCCATC.22	8	core_retained_singlet	mac_mono_supported	retain_for_current_mac_mono_analysis	core_clean_singlets	11	retain_after_residual_T_NK_removal
GGACAAGAGATCCCAT.22	1	core_retained_singlet	mac_mono_supported	retain_for_current_mac_mono_analysis	core_clean_singlets	11	retain_after_residual_T_NK_removal
GGATGTTCAAGGCTCC.22	5	core_retained_singlet	mac_mono_supported	retain_for_current_mac_mono_analysis	core_clean_singlets	11	retain_after_residual_T_NK_removal
GGATTACAGTGAACAT.22	1	core_retained_singlet	mac_mono_supported	retain_for_current_mac_mono_analysis	core_clean_singlets	11	retain_after_residual_T_NK_removal
GGATTACTCCAGAAGG.22	1	core_retained_singlet	mac_mono_supported	retain_for_current_mac_mono_analysis	core_clean_singlets	11	retain_after_residual_T_NK_removal
GGATTACTCCTGTACC.22	8	core_retained_singlet	mac_mono_supported	retain_for_current_mac_mono_analysis	core_clean_singlets	11	retain_after_residual_T_NK_removal
GGCAATTGTTCAGGCC.22	1	core_retained_singlet	mac_mono_supported	retain_for_current_mac_mono_analysis	core_clean_singlets	11	retain_after_residual_T_NK_removal
GGCGACTAGATATACG.22	1	core_retained_singlet	mac_mono_supported	retain_for_current_mac_mono_analysis	core_clean_singlets	11	retain_after_residual_T_NK_removal
GGCGACTTCCTCAACC.22	5	core_retained_singlet	mac_mono_supported	retain_for_current_mac_mono_analysis	core_clean_singlets	11	retain_after_residual_T_NK_removal
GGCGTGTAGCGTAATA.22	1	core_retained_singlet	mac_mono_supported	retain_for_current_mac_mono_analysis	core_clean_singlets	11	retain_after_residual_T_NK_removal
GGGAGATTCAACGGGA.22	1	core_retained_singlet	mac_mono_supported	retain_for_current_mac_mono_analysis	core_clean_singlets	11	retain_after_residual_T_NK_removal
GGGATGATCGGAAATA.22	8	core_retained_singlet	mac_mono_supported	retain_for_current_mac_mono_analysis	core_clean_singlets	11	retain_after_residual_T_NK_removal
GGTGAAGGTATATGAG.22	5	core_retained_singlet	mac_mono_supported	retain_for_current_mac_mono_analysis	core_clean_singlets	11	retain_after_residual_T_NK_removal
GGTGCGTAGATACACA.22	1	core_retained_singlet	mac_mono_supported	retain_for_current_mac_mono_analysis	core_clean_singlets	11	retain_after_residual_T_NK_removal
GGTGCGTTCAAGAAGT.22	1	core_retained_singlet	mac_mono_supported	retain_for_current_mac_mono_analysis	core_clean_singlets	11	retain_after_residual_T_NK_removal
GGTGCGTTCTGGAGCC.22	1	core_retained_singlet	mac_mono_supported	retain_for_current_mac_mono_analysis	core_clean_singlets	11	retain_after_residual_T_NK_removal
GGTGCGTTCTTTACAC.22	1	core_retained_singlet	mac_mono_supported	retain_for_current_mac_mono_analysis	core_clean_singlets	11	retain_after_residual_T_NK_removal
GTAACTGGTCCGTTAA.22	8	core_retained_singlet	mac_mono_supported	retain_for_current_mac_mono_analysis	core_clean_singlets	11	retain_after_residual_T_NK_removal
GTACTTTAGGCATGTG.22	1	core_retained_singlet	mac_mono_supported	retain_for_current_mac_mono_analysis	core_clean_singlets	11	retain_after_residual_T_NK_removal
GTACTTTAGGGTCGAT.22	1	core_retained_singlet	mac_mono_supported	retain_for_current_mac_mono_analysis	core_clean_singlets	11	retain_after_residual_T_NK_removal
GTAGGCCCATCCAACA.22	1	core_retained_singlet	mac_mono_supported	retain_for_current_mac_mono_analysis	core_clean_singlets	11	retain_after_residual_T_NK_removal
GTAGTCATCTCGCATC.22	1	core_retained_singlet	mac_mono_supported	retain_for_current_mac_mono_analysis	core_clean_singlets	11	retain_after_residual_T_NK_removal
GTCAAGTCATTCACTT.22	1	core_retained_singlet	mac_mono_supported	retain_for_current_mac_mono_analysis	core_clean_singlets	11	retain_after_residual_T_NK_removal
GTCACAAAGGCCCTCA.22	8	core_retained_singlet	mac_mono_supported	retain_for_current_mac_mono_analysis	core_clean_singlets	11	retain_after_residual_T_NK_removal
GTCACAACAGGGATTG.22	1	core_retained_singlet	mac_mono_supported	retain_for_current_mac_mono_analysis	core_clean_singlets	11	retain_after_residual_T_NK_removal
GTCACAATCTCGTATT.22	1	core_retained_singlet	mac_mono_supported	retain_for_current_mac_mono_analysis	core_clean_singlets	11	retain_after_residual_T_NK_removal
GTCACGGGTCTGGAGA.22	1	core_retained_singlet	mac_mono_supported	retain_for_current_mac_mono_analysis	core_clean_singlets	11	retain_after_residual_T_NK_removal
GTCCTCAAGCAGCCTC.22	1	core_retained_singlet	mac_mono_supported	retain_for_current_mac_mono_analysis	core_clean_singlets	11	retain_after_residual_T_NK_removal
GTCGGGTAGTTTCCTT.22	5	core_retained_singlet	mac_mono_supported	retain_for_current_mac_mono_analysis	core_clean_singlets	11	retain_after_residual_T_NK_removal
GTCGGGTTCCAAAGTC.22	1	core_retained_singlet	mac_mono_supported	retain_for_current_mac_mono_analysis	core_clean_singlets	11	retain_after_residual_T_NK_removal
GTCTCGTAGAAGGTTT.22	5	core_retained_singlet	mac_mono_supported	retain_for_current_mac_mono_analysis	core_clean_singlets	11	retain_after_residual_T_NK_removal
GTCTCGTAGTCTCAAC.22	1	core_retained_singlet	mac_mono_supported	retain_for_current_mac_mono_analysis	core_clean_singlets	11	retain_after_residual_T_NK_removal
GTCTCGTGTGACGGTA.22	1	core_retained_singlet	mac_mono_supported	retain_for_current_mac_mono_analysis	core_clean_singlets	11	retain_after_residual_T_NK_removal
GTCTTCGAGACTTGAA.22	1	core_retained_singlet	mac_mono_supported	retain_for_current_mac_mono_analysis	core_clean_singlets	11	retain_after_residual_T_NK_removal
GTGCATAGTTAAAGAC.22	1	core_retained_singlet	mac_mono_supported	retain_for_current_mac_mono_analysis	core_clean_singlets	11	retain_after_residual_T_NK_removal
GTGCTTCTCTTGAGAC.22	1	core_retained_singlet	mac_mono_supported	retain_for_current_mac_mono_analysis	core_clean_singlets	11	retain_after_residual_T_NK_removal
GTGGGTCGTGACGGTA.22	1	core_retained_singlet	mac_mono_supported	retain_for_current_mac_mono_analysis	core_clean_singlets	11	retain_after_residual_T_NK_removal
GTGTGCGCAAGGCTCC.22	1	core_retained_singlet	mac_mono_supported	retain_for_current_mac_mono_analysis	core_clean_singlets	11	retain_after_residual_T_NK_removal
GTTAAGCGTAGAGTGC.22	8	core_retained_singlet	mac_mono_supported	retain_for_current_mac_mono_analysis	core_clean_singlets	11	retain_after_residual_T_NK_removal
GTTAAGCGTATTACCG.22	1	core_retained_singlet	mac_mono_supported	retain_for_current_mac_mono_analysis	core_clean_singlets	11	retain_after_residual_T_NK_removal
GTTACAGTCAAGATCC.22	1	core_retained_singlet	mac_mono_supported	retain_for_current_mac_mono_analysis	core_clean_singlets	11	retain_after_residual_T_NK_removal
GTTTCTATCGTACGGC.22	1	core_retained_singlet	mac_mono_supported	retain_for_current_mac_mono_analysis	core_clean_singlets	11	retain_after_residual_T_NK_removal
TAAGAGAAGGGATGGG.22	8	core_retained_singlet	mac_mono_supported	retain_for_current_mac_mono_analysis	core_clean_singlets	11	retain_after_residual_T_NK_removal
TAAGCGTAGTTAACGA.22	1	core_retained_singlet	mac_mono_supported	retain_for_current_mac_mono_analysis	core_clean_singlets	11	retain_after_residual_T_NK_removal
TACACGATCGGAAACG.22	1	core_retained_singlet	mac_mono_supported	retain_for_current_mac_mono_analysis	core_clean_singlets	11	retain_after_residual_T_NK_removal
TACCTATAGCCAGGAT.22	1	core_retained_singlet	mac_mono_supported	retain_for_current_mac_mono_analysis	core_clean_singlets	11	retain_after_residual_T_NK_removal
TACGGGCTCTCTTATG.22	1	core_retained_singlet	mac_mono_supported	retain_for_current_mac_mono_analysis	core_clean_singlets	11	retain_after_residual_T_NK_removal
TACTCGCTCCTCAACC.22	1	core_retained_singlet	mac_mono_supported	retain_for_current_mac_mono_analysis	core_clean_singlets	11	retain_after_residual_T_NK_removal
TAGAGCTAGCCTTGAT.22	8	core_retained_singlet	mac_mono_supported	retain_for_current_mac_mono_analysis	core_clean_singlets	11	retain_after_residual_T_NK_removal
TAGCCGGCATGGTAGG.22	1	core_retained_singlet	mac_mono_supported	retain_for_current_mac_mono_analysis	core_clean_singlets	11	retain_after_residual_T_NK_removal
TAGTGGTAGAGTCTGG.22	1	core_retained_singlet	mac_mono_supported	retain_for_current_mac_mono_analysis	core_clean_singlets	11	retain_after_residual_T_NK_removal
TAGTGGTTCTGAGTGT.22	1	core_retained_singlet	mac_mono_supported	retain_for_current_mac_mono_analysis	core_clean_singlets	11	retain_after_residual_T_NK_removal
TAGTTGGGTTAAGGGC.22	1	core_retained_singlet	mac_mono_supported	retain_for_current_mac_mono_analysis	core_clean_singlets	11	retain_after_residual_T_NK_removal
TAGTTGGGTTACCGAT.22	1	core_retained_singlet	mac_mono_supported	retain_for_current_mac_mono_analysis	core_clean_singlets	11	retain_after_residual_T_NK_removal
TCAATCTCATTTCAGG.22	1	core_retained_singlet	mac_mono_supported	retain_for_current_mac_mono_analysis	core_clean_singlets	11	retain_after_residual_T_NK_removal
TCAGATGAGTAGGTGC.22	1	core_retained_singlet	mac_mono_supported	retain_for_current_mac_mono_analysis	core_clean_singlets	11	retain_after_residual_T_NK_removal
TCAGCAATCGGAAACG.22	1	core_retained_singlet	mac_mono_supported	retain_for_current_mac_mono_analysis	core_clean_singlets	11	retain_after_residual_T_NK_removal
TCCCGATTCCAAACTG.22	1	core_retained_singlet	mac_mono_supported	retain_for_current_mac_mono_analysis	core_clean_singlets	11	retain_after_residual_T_NK_removal
TCGCGTTAGTTTAGGA.22	1	core_retained_singlet	mac_mono_supported	retain_for_current_mac_mono_analysis	core_clean_singlets	11	retain_after_residual_T_NK_removal
TCGCGTTGTTTGACTG.22	1	core_retained_singlet	mac_mono_supported	retain_for_current_mac_mono_analysis	core_clean_singlets	11	retain_after_residual_T_NK_removal
TCGGTAATCTCTGAGA.22	1	core_retained_singlet	mac_mono_supported	retain_for_current_mac_mono_analysis	core_clean_singlets	11	retain_after_residual_T_NK_removal
TCGTACCCACATTTCT.22	8	core_retained_singlet	mac_mono_supported	retain_for_current_mac_mono_analysis	core_clean_singlets	11	retain_after_residual_T_NK_removal
TCTATTGCAATTCCTT.22	1	core_retained_singlet	mac_mono_supported	retain_for_current_mac_mono_analysis	core_clean_singlets	11	retain_after_residual_T_NK_removal
TCTCATACAAACCCAT.22	1	core_retained_singlet	mac_mono_supported	retain_for_current_mac_mono_analysis	core_clean_singlets	11	retain_after_residual_T_NK_removal
TCTCTAAAGGGATCTG.22	1	core_retained_singlet	mac_mono_supported	retain_for_current_mac_mono_analysis	core_clean_singlets	11	retain_after_residual_T_NK_removal
TCTCTAAGTGAGCGAT.22	8	core_retained_singlet	mac_mono_supported	retain_for_current_mac_mono_analysis	core_clean_singlets	11	retain_after_residual_T_NK_removal
TCTGAGAGTCATCCCT.22	1	core_retained_singlet	mac_mono_supported	retain_for_current_mac_mono_analysis	core_clean_singlets	11	retain_after_residual_T_NK_removal
TCTTCGGGTGATGTCT.22	1	core_retained_singlet	mac_mono_supported	retain_for_current_mac_mono_analysis	core_clean_singlets	11	retain_after_residual_T_NK_removal
TCTTTCCCATTTGCCC.22	1	core_retained_singlet	mac_mono_supported	retain_for_current_mac_mono_analysis	core_clean_singlets	11	retain_after_residual_T_NK_removal
TGAAAGATCGTCGTTC.22	8	core_retained_singlet	mac_mono_supported	retain_for_current_mac_mono_analysis	core_clean_singlets	11	retain_after_residual_T_NK_removal
TGAAAGATCTGTACGA.22	1	core_retained_singlet	mac_mono_supported	retain_for_current_mac_mono_analysis	core_clean_singlets	11	retain_after_residual_T_NK_removal
TGACAACCAAGCCCAC.22	8	core_retained_singlet	mac_mono_supported	retain_for_current_mac_mono_analysis	core_clean_singlets	11	retain_after_residual_T_NK_removal
TGACAACCACCGGAAA.22	1	core_retained_singlet	mac_mono_supported	retain_for_current_mac_mono_analysis	core_clean_singlets	11	retain_after_residual_T_NK_removal
TGACGGCGTCCTAGCG.22	5	core_retained_singlet	mac_mono_supported	retain_for_current_mac_mono_analysis	core_clean_singlets	11	retain_after_residual_T_NK_removal
TGACTAGTCGTATCAG.22	1	core_retained_singlet	mac_mono_supported	retain_for_current_mac_mono_analysis	core_clean_singlets	11	retain_after_residual_T_NK_removal
TGAGCATAGCTCAACT.22	1	core_retained_singlet	mac_mono_supported	retain_for_current_mac_mono_analysis	core_clean_singlets	11	retain_after_residual_T_NK_removal
TGAGCATAGGCTAGCA.22	1	core_retained_singlet	mac_mono_supported	retain_for_current_mac_mono_analysis	core_clean_singlets	11	retain_after_residual_T_NK_removal
TGAGCCGAGGTGACCA.22	1	core_retained_singlet	mac_mono_supported	retain_for_current_mac_mono_analysis	core_clean_singlets	11	retain_after_residual_T_NK_removal
TGAGGGACACGGTGTC.22	1	core_retained_singlet	mac_mono_supported	retain_for_current_mac_mono_analysis	core_clean_singlets	11	retain_after_residual_T_NK_removal
TGCACCTCACGCCAGT.22	1	core_retained_singlet	mac_mono_supported	retain_for_current_mac_mono_analysis	core_clean_singlets	11	retain_after_residual_T_NK_removal
TGCGGGTCAGGCGATA.22	1	core_retained_singlet	mac_mono_supported	retain_for_current_mac_mono_analysis	core_clean_singlets	11	retain_after_residual_T_NK_removal
TGCGGGTGTTCCATGA.22	1	core_retained_singlet	mac_mono_supported	retain_for_current_mac_mono_analysis	core_clean_singlets	11	retain_after_residual_T_NK_removal
TGCGGGTTCGAGAACG.22	1	core_retained_singlet	mac_mono_supported	retain_for_current_mac_mono_analysis	core_clean_singlets	11	retain_after_residual_T_NK_removal
TGCTACCGTGGGTATG.22	1	core_retained_singlet	mac_mono_supported	retain_for_current_mac_mono_analysis	core_clean_singlets	11	retain_after_residual_T_NK_removal
TGCTACCGTTCATGGT.22	1	core_retained_singlet	mac_mono_supported	retain_for_current_mac_mono_analysis	core_clean_singlets	11	retain_after_residual_T_NK_removal
TGCTGCTAGGCGCTCT.22	1	core_retained_singlet	mac_mono_supported	retain_for_current_mac_mono_analysis	core_clean_singlets	11	retain_after_residual_T_NK_removal
TGGACGCAGGTAGCCA.22	5	core_retained_singlet	mac_mono_supported	retain_for_current_mac_mono_analysis	core_clean_singlets	11	retain_after_residual_T_NK_removal
TGGCCAGCATCACCCT.22	1	core_retained_singlet	mac_mono_supported	retain_for_current_mac_mono_analysis	core_clean_singlets	11	retain_after_residual_T_NK_removal
TGGCCAGTCCCTCTTT.22	1	core_retained_singlet	mac_mono_supported	retain_for_current_mac_mono_analysis	core_clean_singlets	11	retain_after_residual_T_NK_removal
TGGGAAGCAAGGTGTG.22	1	core_retained_singlet	mac_mono_supported	retain_for_current_mac_mono_analysis	core_clean_singlets	11	retain_after_residual_T_NK_removal
TGGGCGTAGCCTCGTG.22	1	core_retained_singlet	mac_mono_supported	retain_for_current_mac_mono_analysis	core_clean_singlets	11	retain_after_residual_T_NK_removal
TGGTTAGTCATGCAAC.22	1	core_retained_singlet	mac_mono_supported	retain_for_current_mac_mono_analysis	core_clean_singlets	11	retain_after_residual_T_NK_removal
TGTATTCCAGACAAGC.22	1	core_retained_singlet	mac_mono_supported	retain_for_current_mac_mono_analysis	core_clean_singlets	11	retain_after_residual_T_NK_removal
TGTCCCACAAGTAGTA.22	1	core_retained_singlet	mac_mono_supported	retain_for_current_mac_mono_analysis	core_clean_singlets	11	retain_after_residual_T_NK_removal
TTAACTCGTATTACCG.22	1	core_retained_singlet	mac_mono_supported	retain_for_current_mac_mono_analysis	core_clean_singlets	11	retain_after_residual_T_NK_removal
TTATGCTTCCCAGGTG.22	1	core_retained_singlet	mac_mono_supported	retain_for_current_mac_mono_analysis	core_clean_singlets	11	retain_after_residual_T_NK_removal
TTCGGTCTCTGGGCCA.22	1	core_retained_singlet	mac_mono_supported	retain_for_current_mac_mono_analysis	core_clean_singlets	11	retain_after_residual_T_NK_removal
TTCTCAACAGGTGGAT.22	1	core_retained_singlet	mac_mono_supported	retain_for_current_mac_mono_analysis	core_clean_singlets	11	retain_after_residual_T_NK_removal
TTCTCAAGTATAATGG.22	1	core_retained_singlet	mac_mono_supported	retain_for_current_mac_mono_analysis	core_clean_singlets	11	retain_after_residual_T_NK_removal
TTCTCCTAGATCTGAA.22	8	core_retained_singlet	mac_mono_supported	retain_for_current_mac_mono_analysis	core_clean_singlets	11	retain_after_residual_T_NK_removal
TTCTTAGCAATGACCT.22	1	core_retained_singlet	mac_mono_supported	retain_for_current_mac_mono_analysis	core_clean_singlets	11	retain_after_residual_T_NK_removal
TTGAACGAGGCTATCT.22	1	core_retained_singlet	mac_mono_supported	retain_for_current_mac_mono_analysis	core_clean_singlets	11	retain_after_residual_T_NK_removal
TTGACTTCATGGTCTA.22	1	core_retained_singlet	mac_mono_supported	retain_for_current_mac_mono_analysis	core_clean_singlets	11	retain_after_residual_T_NK_removal
TTGCCGTTCGCTTAGA.22	1	core_retained_singlet	mac_mono_supported	retain_for_current_mac_mono_analysis	core_clean_singlets	11	retain_after_residual_T_NK_removal
TTGCGTCGTAGAAGGA.22	10	core_retained_singlet	mac_mono_supported	retain_for_current_mac_mono_analysis	core_clean_singlets	11	retain_after_residual_T_NK_removal
TTTACTGTCCCAGGTG.22	1	core_retained_singlet	mac_mono_supported	retain_for_current_mac_mono_analysis	core_clean_singlets	11	retain_after_residual_T_NK_removal
TTTATGCGTAGCGATG.22	5	core_retained_singlet	mac_mono_supported	retain_for_current_mac_mono_analysis	core_clean_singlets	11	retain_after_residual_T_NK_removal
TTTGGTTTCCTACAGA.22	1	core_retained_singlet	mac_mono_supported	retain_for_current_mac_mono_analysis	core_clean_singlets	11	retain_after_residual_T_NK_removal
TTTGTCATCTGCTGTC.22	1	core_retained_singlet	mac_mono_supported	retain_for_current_mac_mono_analysis	core_clean_singlets	11	retain_after_residual_T_NK_removal
AAAGATGAGTGTCCCG.29	5	core_retained_singlet	mac_mono_supported	retain_for_current_mac_mono_analysis	core_clean_singlets	11	retain_after_residual_T_NK_removal
AAAGTAGCAAGTAATG.29	5	core_retained_singlet	mac_mono_supported	retain_for_current_mac_mono_analysis	core_clean_singlets	11	retain_after_residual_T_NK_removal
AACCGCGCATCGACGC.29	5	core_retained_singlet	mac_mono_supported	retain_for_current_mac_mono_analysis	core_clean_singlets	11	retain_after_residual_T_NK_removal
AACTCAGCATTCGACA.29	5	core_retained_singlet	mac_mono_supported	retain_for_current_mac_mono_analysis	core_clean_singlets	11	retain_after_residual_T_NK_removal
AACTCAGGTGAGGGAG.29	5	core_retained_singlet	mac_mono_supported	retain_for_current_mac_mono_analysis	core_clean_singlets	11	retain_after_residual_T_NK_removal
AACTTTCTCTAACGGT.29	5	core_retained_singlet	mac_mono_supported	retain_for_current_mac_mono_analysis	core_clean_singlets	11	retain_after_residual_T_NK_removal
AAGCCGCGTTCACCTC.29	1	core_retained_singlet	mac_mono_supported	retain_for_current_mac_mono_analysis	core_clean_singlets	11	retain_after_residual_T_NK_removal
AAGGAGCAGATCGGGT.29	5	core_retained_singlet	mac_mono_supported	retain_for_current_mac_mono_analysis	core_clean_singlets	11	retain_after_residual_T_NK_removal
ACACCGGTCCTTCAAT.29	5	core_retained_singlet	mac_mono_supported	retain_for_current_mac_mono_analysis	core_clean_singlets	11	retain_after_residual_T_NK_removal
ACACTGATCATAACCG.29	5	core_retained_singlet	mac_mono_supported	retain_for_current_mac_mono_analysis	core_clean_singlets	11	retain_after_residual_T_NK_removal
ACGAGGATCTGCGGCA.29	5	core_retained_singlet	mac_mono_supported	retain_for_current_mac_mono_analysis	core_clean_singlets	11	retain_after_residual_T_NK_removal
ACGGGCTAGATCTGAA.29	5	core_retained_singlet	mac_mono_supported	retain_for_current_mac_mono_analysis	core_clean_singlets	11	retain_after_residual_T_NK_removal
ACGTCAAGTTCATGGT.29	5	core_retained_singlet	mac_mono_supported	retain_for_current_mac_mono_analysis	core_clean_singlets	11	retain_after_residual_T_NK_removal
ACTGAGTGTCGTGGCT.29	5	core_retained_singlet	mac_mono_supported	retain_for_current_mac_mono_analysis	core_clean_singlets	11	retain_after_residual_T_NK_removal
ACTGATGAGACTTTCG.29	8	core_retained_singlet	mac_mono_supported	retain_for_current_mac_mono_analysis	core_clean_singlets	11	retain_after_residual_T_NK_removal
ACTTACTTCCTTCAAT.29	5	core_retained_singlet	mac_mono_supported	retain_for_current_mac_mono_analysis	core_clean_singlets	11	retain_after_residual_T_NK_removal
AGACGTTGTCATATGC.29	1	core_retained_singlet	mac_mono_supported	retain_for_current_mac_mono_analysis	core_clean_singlets	11	retain_after_residual_T_NK_removal
AGATTGCTCCTGCTTG.29	8	core_retained_singlet	mac_mono_supported	retain_for_current_mac_mono_analysis	core_clean_singlets	11	retain_after_residual_T_NK_removal
AGCAGCCAGATCTGCT.29	5	core_retained_singlet	mac_mono_supported	retain_for_current_mac_mono_analysis	core_clean_singlets	11	retain_after_residual_T_NK_removal
AGCAGCCCATCACAAC.29	5	core_retained_singlet	mac_mono_supported	retain_for_current_mac_mono_analysis	core_clean_singlets	11	retain_after_residual_T_NK_removal
AGCAGCCCATGCCTAA.29	5	core_retained_singlet	mac_mono_supported	retain_for_current_mac_mono_analysis	core_clean_singlets	11	retain_after_residual_T_NK_removal
AGGGTGAAGTCAAGCG.29	5	core_retained_singlet	mac_mono_supported	retain_for_current_mac_mono_analysis	core_clean_singlets	11	retain_after_residual_T_NK_removal
AGTCTTTAGAAACGCC.29	1	core_retained_singlet	mac_mono_supported	retain_for_current_mac_mono_analysis	core_clean_singlets	11	retain_after_residual_T_NK_removal
ATAACGCCAAGGACAC.29	5	core_retained_singlet	mac_mono_supported	retain_for_current_mac_mono_analysis	core_clean_singlets	11	retain_after_residual_T_NK_removal
ATAACGCGTACCATCA.29	5	core_retained_singlet	mac_mono_supported	retain_for_current_mac_mono_analysis	core_clean_singlets	11	retain_after_residual_T_NK_removal
ATCATGGGTGTGAAAT.29	5	core_retained_singlet	mac_mono_supported	retain_for_current_mac_mono_analysis	core_clean_singlets	11	retain_after_residual_T_NK_removal
ATCCACCCACTGAAGG.29	1	core_retained_singlet	mac_mono_supported	retain_for_current_mac_mono_analysis	core_clean_singlets	11	retain_after_residual_T_NK_removal
ATCCGAATCGGAGCAA.29	5	core_retained_singlet	mac_mono_supported	retain_for_current_mac_mono_analysis	core_clean_singlets	11	retain_after_residual_T_NK_removal
ATGTGTGAGTGCGATG.29	5	core_retained_singlet	mac_mono_supported	retain_for_current_mac_mono_analysis	core_clean_singlets	11	retain_after_residual_T_NK_removal
ATTACTCGTTCAGCGC.29	5	core_retained_singlet	mac_mono_supported	retain_for_current_mac_mono_analysis	core_clean_singlets	11	retain_after_residual_T_NK_removal
CAACCAAAGATGGCGT.29	5	core_retained_singlet	mac_mono_supported	retain_for_current_mac_mono_analysis	core_clean_singlets	11	retain_after_residual_T_NK_removal
CAACTAGTCATAACCG.29	5	core_retained_singlet	mac_mono_supported	retain_for_current_mac_mono_analysis	core_clean_singlets	11	retain_after_residual_T_NK_removal
CAAGTTGAGGCATTGG.29	5	core_retained_singlet	mac_mono_supported	retain_for_current_mac_mono_analysis	core_clean_singlets	11	retain_after_residual_T_NK_removal
CACCAGGAGTCTTGCA.29	5	core_retained_singlet	mac_mono_supported	retain_for_current_mac_mono_analysis	core_clean_singlets	11	retain_after_residual_T_NK_removal
CAGAGAGCACAGTCGC.29	8	core_retained_singlet	mac_mono_supported	retain_for_current_mac_mono_analysis	core_clean_singlets	11	retain_after_residual_T_NK_removal
CAGCATACAGGGCATA.29	5	core_retained_singlet	mac_mono_supported	retain_for_current_mac_mono_analysis	core_clean_singlets	11	retain_after_residual_T_NK_removal
CAGCATACATTGGGCC.29	1	core_retained_singlet	mac_mono_supported	retain_for_current_mac_mono_analysis	core_clean_singlets	11	retain_after_residual_T_NK_removal
CAGCGACAGTTAGCGG.29	5	core_retained_singlet	mac_mono_supported	retain_for_current_mac_mono_analysis	core_clean_singlets	11	retain_after_residual_T_NK_removal
CAGCGACGTACCGGCT.29	8	core_retained_singlet	mac_mono_supported	retain_for_current_mac_mono_analysis	core_clean_singlets	11	retain_after_residual_T_NK_removal
CAGGTGCAGGGAGTAA.29	1	core_retained_singlet	mac_mono_supported	retain_for_current_mac_mono_analysis	core_clean_singlets	11	retain_after_residual_T_NK_removal
CAGTAACAGATAGGAG.29	5	core_retained_singlet	mac_mono_supported	retain_for_current_mac_mono_analysis	core_clean_singlets	11	retain_after_residual_T_NK_removal
CATCAAGTCTTGACGA.29	5	core_retained_singlet	mac_mono_supported	retain_for_current_mac_mono_analysis	core_clean_singlets	11	retain_after_residual_T_NK_removal
CATCGGGGTCCGAAGA.29	8	core_retained_singlet	mac_mono_supported	retain_for_current_mac_mono_analysis	core_clean_singlets	11	retain_after_residual_T_NK_removal
CATCGGGTCACGAAGG.29	1	core_retained_singlet	mac_mono_supported	retain_for_current_mac_mono_analysis	core_clean_singlets	11	retain_after_residual_T_NK_removal
CATGGCGCATCACGAT.29	5	core_retained_singlet	mac_mono_supported	retain_for_current_mac_mono_analysis	core_clean_singlets	11	retain_after_residual_T_NK_removal
CATGGCGGTCGCTTCT.29	1	core_retained_singlet	mac_mono_supported	retain_for_current_mac_mono_analysis	core_clean_singlets	11	retain_after_residual_T_NK_removal
CCAATCCGTCAGCTAT.29	5	core_retained_singlet	mac_mono_supported	retain_for_current_mac_mono_analysis	core_clean_singlets	11	retain_after_residual_T_NK_removal
CCACTACCACTATCTT.29	8	core_retained_singlet	mac_mono_supported	retain_for_current_mac_mono_analysis	core_clean_singlets	11	retain_after_residual_T_NK_removal
CCACTACGTTTGTTTC.29	5	core_retained_singlet	mac_mono_supported	retain_for_current_mac_mono_analysis	core_clean_singlets	11	retain_after_residual_T_NK_removal
CCCAGTTGTCCTGCTT.29	1	core_retained_singlet	mac_mono_supported	retain_for_current_mac_mono_analysis	core_clean_singlets	11	retain_after_residual_T_NK_removal
CCGGGATCATGTCTCC.29	5	core_retained_singlet	mac_mono_supported	retain_for_current_mac_mono_analysis	core_clean_singlets	11	retain_after_residual_T_NK_removal
CCGGTAGGTCCGACGT.29	5	core_retained_singlet	mac_mono_supported	retain_for_current_mac_mono_analysis	core_clean_singlets	11	retain_after_residual_T_NK_removal
CCTAAAGCAGCTGCAC.29	8	core_retained_singlet	mac_mono_supported	retain_for_current_mac_mono_analysis	core_clean_singlets	11	retain_after_residual_T_NK_removal
CCTACACAGGCTCAGA.29	8	core_retained_singlet	mac_mono_supported	retain_for_current_mac_mono_analysis	core_clean_singlets	11	retain_after_residual_T_NK_removal
CCTACACTCTTGAGGT.29	5	core_retained_singlet	mac_mono_supported	retain_for_current_mac_mono_analysis	core_clean_singlets	11	retain_after_residual_T_NK_removal
CCTCAGTTCGAGAGCA.29	5	core_retained_singlet	mac_mono_supported	retain_for_current_mac_mono_analysis	core_clean_singlets	11	retain_after_residual_T_NK_removal
CCTTCCCGTGTATGGG.29	5	core_retained_singlet	mac_mono_supported	retain_for_current_mac_mono_analysis	core_clean_singlets	11	retain_after_residual_T_NK_removal
CGAACATCAGTAAGCG.29	1	core_retained_singlet	mac_mono_supported	retain_for_current_mac_mono_analysis	core_clean_singlets	11	retain_after_residual_T_NK_removal
CGAGCACCACTTGGAT.29	5	core_retained_singlet	mac_mono_supported	retain_for_current_mac_mono_analysis	core_clean_singlets	11	retain_after_residual_T_NK_removal
CGATGGCAGGGATCTG.29	8	core_retained_singlet	mac_mono_supported	retain_for_current_mac_mono_analysis	core_clean_singlets	11	retain_after_residual_T_NK_removal
CGATGTATCACCACCT.29	5	core_retained_singlet	mac_mono_supported	retain_for_current_mac_mono_analysis	core_clean_singlets	11	retain_after_residual_T_NK_removal
CGCCAAGGTCAGCTAT.29	5	core_retained_singlet	mac_mono_supported	retain_for_current_mac_mono_analysis	core_clean_singlets	11	retain_after_residual_T_NK_removal
CGCGGTAGTTCCGTCT.29	5	core_retained_singlet	mac_mono_supported	retain_for_current_mac_mono_analysis	core_clean_singlets	11	retain_after_residual_T_NK_removal
CGCTATCAGCTAGGCA.29	5	core_retained_singlet	mac_mono_supported	retain_for_current_mac_mono_analysis	core_clean_singlets	11	retain_after_residual_T_NK_removal
CGGACACCAGGGTATG.29	5	core_retained_singlet	mac_mono_supported	retain_for_current_mac_mono_analysis	core_clean_singlets	11	retain_after_residual_T_NK_removal
CGGACGTAGACTAAGT.29	5	core_retained_singlet	mac_mono_supported	retain_for_current_mac_mono_analysis	core_clean_singlets	11	retain_after_residual_T_NK_removal
CGGAGTCCAAGGTTTC.29	5	core_retained_singlet	mac_mono_supported	retain_for_current_mac_mono_analysis	core_clean_singlets	11	retain_after_residual_T_NK_removal
CGGAGTCGTCCGAGTC.29	5	core_retained_singlet	mac_mono_supported	retain_for_current_mac_mono_analysis	core_clean_singlets	11	retain_after_residual_T_NK_removal
CGGCTAGAGCTAAGAT.29	8	core_retained_singlet	mac_mono_supported	retain_for_current_mac_mono_analysis	core_clean_singlets	11	retain_after_residual_T_NK_removal
CGGTTAACATACCATG.29	5	core_retained_singlet	mac_mono_supported	retain_for_current_mac_mono_analysis	core_clean_singlets	11	retain_after_residual_T_NK_removal
CGTCCATGTTCACCTC.29	5	core_retained_singlet	mac_mono_supported	retain_for_current_mac_mono_analysis	core_clean_singlets	11	retain_after_residual_T_NK_removal
CGTCCATTCATTGCCC.29	5	core_retained_singlet	mac_mono_supported	retain_for_current_mac_mono_analysis	core_clean_singlets	11	retain_after_residual_T_NK_removal
CTACCCATCTGAGGGA.29	5	core_retained_singlet	mac_mono_supported	retain_for_current_mac_mono_analysis	core_clean_singlets	11	retain_after_residual_T_NK_removal
CTAGTGATCCGCGTTT.29	5	core_retained_singlet	mac_mono_supported	retain_for_current_mac_mono_analysis	core_clean_singlets	11	retain_after_residual_T_NK_removal
CTCGGGATCTACCAGA.29	1	core_retained_singlet	mac_mono_supported	retain_for_current_mac_mono_analysis	core_clean_singlets	11	retain_after_residual_T_NK_removal
CTCGTCACACCAGGTC.29	5	core_retained_singlet	mac_mono_supported	retain_for_current_mac_mono_analysis	core_clean_singlets	11	retain_after_residual_T_NK_removal
CTGAAGTGTGCGATAG.29	5	core_retained_singlet	mac_mono_supported	retain_for_current_mac_mono_analysis	core_clean_singlets	11	retain_after_residual_T_NK_removal
CTGCTGTCAGAAGCAC.29	5	core_retained_singlet	mac_mono_supported	retain_for_current_mac_mono_analysis	core_clean_singlets	11	retain_after_residual_T_NK_removal
CTTACCGGTATCACCA.29	5	core_retained_singlet	mac_mono_supported	retain_for_current_mac_mono_analysis	core_clean_singlets	11	retain_after_residual_T_NK_removal
CTTACCGTCGACGGAA.29	5	core_retained_singlet	mac_mono_supported	retain_for_current_mac_mono_analysis	core_clean_singlets	11	retain_after_residual_T_NK_removal
GAAATGATCGCCTGAG.29	5	core_retained_singlet	mac_mono_supported	retain_for_current_mac_mono_analysis	core_clean_singlets	11	retain_after_residual_T_NK_removal
GAACATCGTCGAGTTT.29	5	core_retained_singlet	mac_mono_supported	retain_for_current_mac_mono_analysis	core_clean_singlets	11	retain_after_residual_T_NK_removal
GAACCTATCCACGCAG.29	5	core_retained_singlet	mac_mono_supported	retain_for_current_mac_mono_analysis	core_clean_singlets	11	retain_after_residual_T_NK_removal
GAACGGAAGACATAAC.29	5	core_retained_singlet	mac_mono_supported	retain_for_current_mac_mono_analysis	core_clean_singlets	11	retain_after_residual_T_NK_removal
GAACGGATCGTGTAGT.29	5	core_retained_singlet	mac_mono_supported	retain_for_current_mac_mono_analysis	core_clean_singlets	11	retain_after_residual_T_NK_removal
GAAGCAGGTTATCGGT.29	5	core_retained_singlet	mac_mono_supported	retain_for_current_mac_mono_analysis	core_clean_singlets	11	retain_after_residual_T_NK_removal
GAATAAGAGCGGATCA.29	8	core_retained_singlet	mac_mono_supported	retain_for_current_mac_mono_analysis	core_clean_singlets	11	retain_after_residual_T_NK_removal
GACACGCAGATCGATA.29	5	core_retained_singlet	mac_mono_supported	retain_for_current_mac_mono_analysis	core_clean_singlets	11	retain_after_residual_T_NK_removal
GACACGCAGATGGGTC.29	5	core_retained_singlet	mac_mono_supported	retain_for_current_mac_mono_analysis	core_clean_singlets	11	retain_after_residual_T_NK_removal
GACACGCTCTCCAACC.29	5	core_retained_singlet	mac_mono_supported	retain_for_current_mac_mono_analysis	core_clean_singlets	11	retain_after_residual_T_NK_removal
GACCAATCATCCCACT.29	5	core_retained_singlet	mac_mono_supported	retain_for_current_mac_mono_analysis	core_clean_singlets	11	retain_after_residual_T_NK_removal
GACCTGGGTTCCGTCT.29	5	core_retained_singlet	mac_mono_supported	retain_for_current_mac_mono_analysis	core_clean_singlets	11	retain_after_residual_T_NK_removal
GACTAACGTAATAGCA.29	1	core_retained_singlet	mac_mono_supported	retain_for_current_mac_mono_analysis	core_clean_singlets	11	retain_after_residual_T_NK_removal
GAGTCCGTCCTGCTTG.29	5	core_retained_singlet	mac_mono_supported	retain_for_current_mac_mono_analysis	core_clean_singlets	11	retain_after_residual_T_NK_removal
GATGAAACACGACGAA.29	1	core_retained_singlet	mac_mono_supported	retain_for_current_mac_mono_analysis	core_clean_singlets	11	retain_after_residual_T_NK_removal
GATGAGGTCACAACGT.29	1	core_retained_singlet	mac_mono_supported	retain_for_current_mac_mono_analysis	core_clean_singlets	11	retain_after_residual_T_NK_removal
GCAAACTAGGCATTGG.29	5	core_retained_singlet	mac_mono_supported	retain_for_current_mac_mono_analysis	core_clean_singlets	11	retain_after_residual_T_NK_removal
GCAAACTGTCTTCAAG.29	1	core_retained_singlet	mac_mono_supported	retain_for_current_mac_mono_analysis	core_clean_singlets	11	retain_after_residual_T_NK_removal
GCACTCTGTCGGCATC.29	8	core_retained_singlet	mac_mono_supported	retain_for_current_mac_mono_analysis	core_clean_singlets	11	retain_after_residual_T_NK_removal
GCATGCGAGCGATTCT.29	5	core_retained_singlet	mac_mono_supported	retain_for_current_mac_mono_analysis	core_clean_singlets	11	retain_after_residual_T_NK_removal
GCATGTACATCCCACT.29	8	core_retained_singlet	mac_mono_supported	retain_for_current_mac_mono_analysis	core_clean_singlets	11	retain_after_residual_T_NK_removal
GCGAGAAAGCTAACTC.29	5	core_retained_singlet	mac_mono_supported	retain_for_current_mac_mono_analysis	core_clean_singlets	11	retain_after_residual_T_NK_removal
GCGAGAATCAGGCAAG.29	8	core_retained_singlet	mac_mono_supported	retain_for_current_mac_mono_analysis	core_clean_singlets	11	retain_after_residual_T_NK_removal
GCGCAACAGTATCTCG.29	1	core_retained_singlet	mac_mono_supported	retain_for_current_mac_mono_analysis	core_clean_singlets	11	retain_after_residual_T_NK_removal
GCGCCAAGTCATCGGC.29	5	core_retained_singlet	mac_mono_supported	retain_for_current_mac_mono_analysis	core_clean_singlets	11	retain_after_residual_T_NK_removal
GCGCGATAGGTGGGTT.29	5	core_retained_singlet	mac_mono_supported	retain_for_current_mac_mono_analysis	core_clean_singlets	11	retain_after_residual_T_NK_removal
GCGCGATTCCTAGGGC.29	5	core_retained_singlet	mac_mono_supported	retain_for_current_mac_mono_analysis	core_clean_singlets	11	retain_after_residual_T_NK_removal
GCTGGGTCATAAGACA.29	8	core_retained_singlet	mac_mono_supported	retain_for_current_mac_mono_analysis	core_clean_singlets	11	retain_after_residual_T_NK_removal
GCTTCCATCTGTCAAG.29	5	core_retained_singlet	mac_mono_supported	retain_for_current_mac_mono_analysis	core_clean_singlets	11	retain_after_residual_T_NK_removal
GGAATAATCAAACAAG.29	8	core_retained_singlet	mac_mono_supported	retain_for_current_mac_mono_analysis	core_clean_singlets	11	retain_after_residual_T_NK_removal
GGCGACTAGTGCAAGC.29	5	core_retained_singlet	mac_mono_supported	retain_for_current_mac_mono_analysis	core_clean_singlets	11	retain_after_residual_T_NK_removal
GGCGACTTCCCGACTT.29	5	core_retained_singlet	mac_mono_supported	retain_for_current_mac_mono_analysis	core_clean_singlets	11	retain_after_residual_T_NK_removal
GGCTGGTCAAACGTGG.29	5	core_retained_singlet	mac_mono_supported	retain_for_current_mac_mono_analysis	core_clean_singlets	11	retain_after_residual_T_NK_removal
GGGACCTCAGCATGAG.29	5	core_retained_singlet	mac_mono_supported	retain_for_current_mac_mono_analysis	core_clean_singlets	11	retain_after_residual_T_NK_removal
GGGTCTGGTTCGGGCT.29	8	core_retained_singlet	mac_mono_supported	retain_for_current_mac_mono_analysis	core_clean_singlets	11	retain_after_residual_T_NK_removal
GGGTTGCCAAGCTGGA.29	8	core_retained_singlet	mac_mono_supported	retain_for_current_mac_mono_analysis	core_clean_singlets	11	retain_after_residual_T_NK_removal
GGTGCGTAGATGTTAG.29	8	core_retained_singlet	mac_mono_supported	retain_for_current_mac_mono_analysis	core_clean_singlets	11	retain_after_residual_T_NK_removal
GTAACGTAGCGTTGCC.29	5	core_retained_singlet	mac_mono_supported	retain_for_current_mac_mono_analysis	core_clean_singlets	11	retain_after_residual_T_NK_removal
GTAACGTCAAGCTGGA.29	5	core_retained_singlet	mac_mono_supported	retain_for_current_mac_mono_analysis	core_clean_singlets	11	retain_after_residual_T_NK_removal
GTACTTTGTCACCCAG.29	8	core_retained_singlet	mac_mono_supported	retain_for_current_mac_mono_analysis	core_clean_singlets	11	retain_after_residual_T_NK_removal
GTCAAGTAGGGAAACA.29	5	core_retained_singlet	mac_mono_supported	retain_for_current_mac_mono_analysis	core_clean_singlets	11	retain_after_residual_T_NK_removal
GTCGGGTCATGATCCA.29	5	core_retained_singlet	mac_mono_supported	retain_for_current_mac_mono_analysis	core_clean_singlets	11	retain_after_residual_T_NK_removal
GTCGTAACACACCGAC.29	1	core_retained_singlet	mac_mono_supported	retain_for_current_mac_mono_analysis	core_clean_singlets	11	retain_after_residual_T_NK_removal
GTCGTAAGTCATGCCG.29	5	core_retained_singlet	mac_mono_supported	retain_for_current_mac_mono_analysis	core_clean_singlets	11	retain_after_residual_T_NK_removal
GTCTCGTAGACGACGT.29	5	core_retained_singlet	mac_mono_supported	retain_for_current_mac_mono_analysis	core_clean_singlets	11	retain_after_residual_T_NK_removal
GTGCGGTTCAGAAATG.29	8	core_retained_singlet	mac_mono_supported	retain_for_current_mac_mono_analysis	core_clean_singlets	11	retain_after_residual_T_NK_removal
GTGGGTCGTGACGCCT.29	8	core_retained_singlet	mac_mono_supported	retain_for_current_mac_mono_analysis	core_clean_singlets	11	retain_after_residual_T_NK_removal
GTGTGCGTCTCATTCA.29	5	core_retained_singlet	mac_mono_supported	retain_for_current_mac_mono_analysis	core_clean_singlets	11	retain_after_residual_T_NK_removal
GTGTTAGAGCGTAATA.29	5	core_retained_singlet	mac_mono_supported	retain_for_current_mac_mono_analysis	core_clean_singlets	11	retain_after_residual_T_NK_removal
GTTCGGGAGTACGATA.29	5	core_retained_singlet	mac_mono_supported	retain_for_current_mac_mono_analysis	core_clean_singlets	11	retain_after_residual_T_NK_removal
GTTTCTAAGTGTCTCA.29	5	core_retained_singlet	mac_mono_supported	retain_for_current_mac_mono_analysis	core_clean_singlets	11	retain_after_residual_T_NK_removal
GTTTCTACACTGAAGG.29	5	core_retained_singlet	mac_mono_supported	retain_for_current_mac_mono_analysis	core_clean_singlets	11	retain_after_residual_T_NK_removal
TAAACCGTCCGTACAA.29	5	core_retained_singlet	mac_mono_supported	retain_for_current_mac_mono_analysis	core_clean_singlets	11	retain_after_residual_T_NK_removal
TAAGAGAAGAGCCTAG.29	5	core_retained_singlet	mac_mono_supported	retain_for_current_mac_mono_analysis	core_clean_singlets	11	retain_after_residual_T_NK_removal
TAAGTGCGTTCGTTGA.29	1	core_retained_singlet	mac_mono_supported	retain_for_current_mac_mono_analysis	core_clean_singlets	11	retain_after_residual_T_NK_removal
TACACGAAGCGATGAC.29	1	core_retained_singlet	mac_mono_supported	retain_for_current_mac_mono_analysis	core_clean_singlets	11	retain_after_residual_T_NK_removal
TACCTTACAAGTTAAG.29	5	core_retained_singlet	mac_mono_supported	retain_for_current_mac_mono_analysis	core_clean_singlets	11	retain_after_residual_T_NK_removal
TACTCGCCAAATTGCC.29	5	core_retained_singlet	mac_mono_supported	retain_for_current_mac_mono_analysis	core_clean_singlets	11	retain_after_residual_T_NK_removal
TACTTGTAGGTGCAAC.29	5	core_retained_singlet	mac_mono_supported	retain_for_current_mac_mono_analysis	core_clean_singlets	11	retain_after_residual_T_NK_removal
TACTTGTGTAAGTGGC.29	5	core_retained_singlet	mac_mono_supported	retain_for_current_mac_mono_analysis	core_clean_singlets	11	retain_after_residual_T_NK_removal
TAGAGCTAGATGAGAG.29	5	core_retained_singlet	mac_mono_supported	retain_for_current_mac_mono_analysis	core_clean_singlets	11	retain_after_residual_T_NK_removal
TAGAGCTAGGAATTAC.29	1	core_retained_singlet	mac_mono_supported	retain_for_current_mac_mono_analysis	core_clean_singlets	11	retain_after_residual_T_NK_removal
TAGAGCTAGTAATCCC.29	5	core_retained_singlet	mac_mono_supported	retain_for_current_mac_mono_analysis	core_clean_singlets	11	retain_after_residual_T_NK_removal
TAGCCGGCACACCGCA.29	5	core_retained_singlet	mac_mono_supported	retain_for_current_mac_mono_analysis	core_clean_singlets	11	retain_after_residual_T_NK_removal
TAGTGGTAGTGGACGT.29	5	core_retained_singlet	mac_mono_supported	retain_for_current_mac_mono_analysis	core_clean_singlets	11	retain_after_residual_T_NK_removal
TAGTGGTTCAGTCAGT.29	1	core_retained_singlet	mac_mono_supported	retain_for_current_mac_mono_analysis	core_clean_singlets	11	retain_after_residual_T_NK_removal
TAGTTGGCAGATGAGC.29	5	core_retained_singlet	mac_mono_supported	retain_for_current_mac_mono_analysis	core_clean_singlets	11	retain_after_residual_T_NK_removal
TAGTTGGTCCCTAACC.29	5	core_retained_singlet	mac_mono_supported	retain_for_current_mac_mono_analysis	core_clean_singlets	11	retain_after_residual_T_NK_removal
TATCTCAGTCGGCTCA.29	5	core_retained_singlet	mac_mono_supported	retain_for_current_mac_mono_analysis	core_clean_singlets	11	retain_after_residual_T_NK_removal
TATTACCGTCCATCCT.29	8	core_retained_singlet	mac_mono_supported	retain_for_current_mac_mono_analysis	core_clean_singlets	11	retain_after_residual_T_NK_removal
TCAACGAGTTGACGTT.29	1	core_retained_singlet	mac_mono_supported	retain_for_current_mac_mono_analysis	core_clean_singlets	11	retain_after_residual_T_NK_removal
TCAACGATCAGCCTAA.29	5	core_retained_singlet	mac_mono_supported	retain_for_current_mac_mono_analysis	core_clean_singlets	11	retain_after_residual_T_NK_removal
TCAACGATCCACGTTC.29	5	core_retained_singlet	mac_mono_supported	retain_for_current_mac_mono_analysis	core_clean_singlets	11	retain_after_residual_T_NK_removal
TCAATCTTCTGTTTGT.29	1	core_retained_singlet	mac_mono_supported	retain_for_current_mac_mono_analysis	core_clean_singlets	11	retain_after_residual_T_NK_removal
TCAGATGTCACCAGGC.29	1	core_retained_singlet	mac_mono_supported	retain_for_current_mac_mono_analysis	core_clean_singlets	11	retain_after_residual_T_NK_removal
TCCACACCACACCGAC.29	5	core_retained_singlet	mac_mono_supported	retain_for_current_mac_mono_analysis	core_clean_singlets	11	retain_after_residual_T_NK_removal
TCGTAGACACTTAAGC.29	1	core_retained_singlet	mac_mono_supported	retain_for_current_mac_mono_analysis	core_clean_singlets	11	retain_after_residual_T_NK_removal
TCTGAGATCGGAGGTA.29	5	core_retained_singlet	mac_mono_supported	retain_for_current_mac_mono_analysis	core_clean_singlets	11	retain_after_residual_T_NK_removal
TCTTCGGCACCGAATT.29	5	core_retained_singlet	mac_mono_supported	retain_for_current_mac_mono_analysis	core_clean_singlets	11	retain_after_residual_T_NK_removal
TGACGGCTCTGGAGCC.29	5	core_retained_singlet	mac_mono_supported	retain_for_current_mac_mono_analysis	core_clean_singlets	11	retain_after_residual_T_NK_removal
TGAGAGGTCGAATGCT.29	8	core_retained_singlet	mac_mono_supported	retain_for_current_mac_mono_analysis	core_clean_singlets	11	retain_after_residual_T_NK_removal
TGAGCATGTAACGTTC.29	5	core_retained_singlet	mac_mono_supported	retain_for_current_mac_mono_analysis	core_clean_singlets	11	retain_after_residual_T_NK_removal
TGAGCCGGTGTAAGTA.29	5	core_retained_singlet	mac_mono_supported	retain_for_current_mac_mono_analysis	core_clean_singlets	11	retain_after_residual_T_NK_removal
TGCCAAAAGAGTCGGT.29	5	core_retained_singlet	mac_mono_supported	retain_for_current_mac_mono_analysis	core_clean_singlets	11	retain_after_residual_T_NK_removal
TGCCCATAGGAATCGC.29	5	core_retained_singlet	mac_mono_supported	retain_for_current_mac_mono_analysis	core_clean_singlets	11	retain_after_residual_T_NK_removal
TGCCCATTCTCCAACC.29	5	core_retained_singlet	mac_mono_supported	retain_for_current_mac_mono_analysis	core_clean_singlets	11	retain_after_residual_T_NK_removal
TGCCCTACATTACCTT.29	5	core_retained_singlet	mac_mono_supported	retain_for_current_mac_mono_analysis	core_clean_singlets	11	retain_after_residual_T_NK_removal
TGCTACCCATGAACCT.29	5	core_retained_singlet	mac_mono_supported	retain_for_current_mac_mono_analysis	core_clean_singlets	11	retain_after_residual_T_NK_removal
TGGACGCTCGCATGAT.29	5	core_retained_singlet	mac_mono_supported	retain_for_current_mac_mono_analysis	core_clean_singlets	11	retain_after_residual_T_NK_removal
TGGCGCACACCCTATC.29	5	core_retained_singlet	mac_mono_supported	retain_for_current_mac_mono_analysis	core_clean_singlets	11	retain_after_residual_T_NK_removal
TGGCTGGAGCTCCTTC.29	10	core_retained_singlet	mac_mono_supported	retain_for_current_mac_mono_analysis	core_clean_singlets	11	retain_after_residual_T_NK_removal
TGGCTGGCACGTCAGC.29	5	core_retained_singlet	mac_mono_supported	retain_for_current_mac_mono_analysis	core_clean_singlets	11	retain_after_residual_T_NK_removal
TGGGAAGAGACCACGA.29	5	core_retained_singlet	mac_mono_supported	retain_for_current_mac_mono_analysis	core_clean_singlets	11	retain_after_residual_T_NK_removal
TGGGCGTAGGATGGAA.29	5	core_retained_singlet	mac_mono_supported	retain_for_current_mac_mono_analysis	core_clean_singlets	11	retain_after_residual_T_NK_removal
TGTCCCACAAGCCGCT.29	1	core_retained_singlet	mac_mono_supported	retain_for_current_mac_mono_analysis	core_clean_singlets	11	retain_after_residual_T_NK_removal
TTAGTTCCATGTAGTC.29	5	core_retained_singlet	mac_mono_supported	retain_for_current_mac_mono_analysis	core_clean_singlets	11	retain_after_residual_T_NK_removal
TTCCCAGCAAGCCCAC.29	5	core_retained_singlet	mac_mono_supported	retain_for_current_mac_mono_analysis	core_clean_singlets	11	retain_after_residual_T_NK_removal
TTCGAAGCATCTGGTA.29	5	core_retained_singlet	mac_mono_supported	retain_for_current_mac_mono_analysis	core_clean_singlets	11	retain_after_residual_T_NK_removal
TTCTCCTCACCCATTC.29	5	core_retained_singlet	mac_mono_supported	retain_for_current_mac_mono_analysis	core_clean_singlets	11	retain_after_residual_T_NK_removal
TTCTCCTTCCCTCAGT.29	5	core_retained_singlet	mac_mono_supported	retain_for_current_mac_mono_analysis	core_clean_singlets	11	retain_after_residual_T_NK_removal
TTGAACGGTCTTCGTC.29	5	core_retained_singlet	mac_mono_supported	retain_for_current_mac_mono_analysis	core_clean_singlets	11	retain_after_residual_T_NK_removal
TTGGAACTCGCGTTTC.29	5	core_retained_singlet	mac_mono_supported	retain_for_current_mac_mono_analysis	core_clean_singlets	11	retain_after_residual_T_NK_removal
TTGGCAAAGGACACCA.29	5	core_retained_singlet	mac_mono_supported	retain_for_current_mac_mono_analysis	core_clean_singlets	11	retain_after_residual_T_NK_removal
TTGGCAAGTCACACGC.29	5	core_retained_singlet	mac_mono_supported	retain_for_current_mac_mono_analysis	core_clean_singlets	11	retain_after_residual_T_NK_removal
TTGTAGGCAAAGGAAG.29	1	core_retained_singlet	mac_mono_supported	retain_for_current_mac_mono_analysis	core_clean_singlets	11	retain_after_residual_T_NK_removal
TTTCCTCGTAGCGCTC.29	5	core_retained_singlet	mac_mono_supported	retain_for_current_mac_mono_analysis	core_clean_singlets	11	retain_after_residual_T_NK_removal
TTTGGTTTCAGCGATT.29	5	core_retained_singlet	mac_mono_supported	retain_for_current_mac_mono_analysis	core_clean_singlets	11	retain_after_residual_T_NK_removal
AAACCTGGTACCGTAT.34	10	core_retained_singlet	mac_mono_supported	retain_for_current_mac_mono_analysis	core_clean_singlets	11	retain_after_residual_T_NK_removal
AAACCTGTCCCTAACC.34	1	core_retained_singlet	mac_mono_supported	retain_for_current_mac_mono_analysis	core_clean_singlets	11	retain_after_residual_T_NK_removal
AAACGGGTCTGCGTAA.34	10	core_retained_singlet	mac_mono_supported	retain_for_current_mac_mono_analysis	core_clean_singlets	11	retain_after_residual_T_NK_removal
AAAGCAAAGATGCCTT.34	1	core_retained_singlet	mac_mono_supported	retain_for_current_mac_mono_analysis	core_clean_singlets	11	retain_after_residual_T_NK_removal
AACCGCGAGCAGATCG.34	1	core_retained_singlet	mac_mono_supported	retain_for_current_mac_mono_analysis	core_clean_singlets	11	retain_after_residual_T_NK_removal
AACCGCGGTGCACGAA.34	1	core_retained_singlet	mac_mono_supported	retain_for_current_mac_mono_analysis	core_clean_singlets	11	retain_after_residual_T_NK_removal
AACCGCGTCGGATGTT.34	5	core_retained_singlet	mac_mono_supported	retain_for_current_mac_mono_analysis	core_clean_singlets	11	retain_after_residual_T_NK_removal
AACTCAGAGCCACGCT.34	10	core_retained_singlet	mac_mono_supported	retain_for_current_mac_mono_analysis	core_clean_singlets	11	retain_after_residual_T_NK_removal
AACTCCCCAAATACAG.34	1	core_retained_singlet	mac_mono_supported	retain_for_current_mac_mono_analysis	core_clean_singlets	11	retain_after_residual_T_NK_removal
AACTGGTAGAAGGGTA.34	1	core_retained_singlet	mac_mono_supported	retain_for_current_mac_mono_analysis	core_clean_singlets	11	retain_after_residual_T_NK_removal
AAGCCGCCATTCACTT.34	1	core_retained_singlet	mac_mono_supported	retain_for_current_mac_mono_analysis	core_clean_singlets	11	retain_after_residual_T_NK_removal
AAGTCTGCACGGACAA.34	1	core_retained_singlet	mac_mono_supported	retain_for_current_mac_mono_analysis	core_clean_singlets	11	retain_after_residual_T_NK_removal
ACACCAAAGTACGTTC.34	1	core_retained_singlet	mac_mono_supported	retain_for_current_mac_mono_analysis	core_clean_singlets	11	retain_after_residual_T_NK_removal
ACACCAAGTACAAGTA.34	10	core_retained_singlet	mac_mono_supported	retain_for_current_mac_mono_analysis	core_clean_singlets	11	retain_after_residual_T_NK_removal
ACACTGAAGGCATGGT.34	1	core_retained_singlet	mac_mono_supported	retain_for_current_mac_mono_analysis	core_clean_singlets	11	retain_after_residual_T_NK_removal
ACATCAGGTTGGTGGA.34	1	core_retained_singlet	mac_mono_supported	retain_for_current_mac_mono_analysis	core_clean_singlets	11	retain_after_residual_T_NK_removal
ACATGGTAGAGGTTAT.34	1	core_retained_singlet	mac_mono_supported	retain_for_current_mac_mono_analysis	core_clean_singlets	11	retain_after_residual_T_NK_removal
ACCAGTAAGAAACCAT.34	1	core_retained_singlet	mac_mono_supported	retain_for_current_mac_mono_analysis	core_clean_singlets	11	retain_after_residual_T_NK_removal
ACCCACTAGGCAGGTT.34	10	core_retained_singlet	mac_mono_supported	retain_for_current_mac_mono_analysis	core_clean_singlets	11	retain_after_residual_T_NK_removal
ACCGTAAAGGCCCTTG.34	10	core_retained_singlet	mac_mono_supported	retain_for_current_mac_mono_analysis	core_clean_singlets	11	retain_after_residual_T_NK_removal
ACGATGTAGCTAAACA.34	1	core_retained_singlet	mac_mono_supported	retain_for_current_mac_mono_analysis	core_clean_singlets	11	retain_after_residual_T_NK_removal
ACGGAGAAGAGGTACC.34	10	core_retained_singlet	mac_mono_supported	retain_for_current_mac_mono_analysis	core_clean_singlets	11	retain_after_residual_T_NK_removal
ACGGCCAAGAGCTTCT.34	10	core_retained_singlet	mac_mono_supported	retain_for_current_mac_mono_analysis	core_clean_singlets	11	retain_after_residual_T_NK_removal
ACTGCTCTCGGGAGTA.34	10	core_retained_singlet	mac_mono_supported	retain_for_current_mac_mono_analysis	core_clean_singlets	11	retain_after_residual_T_NK_removal
ACTTGTTTCTACCAGA.34	1	core_retained_singlet	mac_mono_supported	retain_for_current_mac_mono_analysis	core_clean_singlets	11	retain_after_residual_T_NK_removal
ACTTTCAAGATCCGAG.34	10	core_retained_singlet	mac_mono_supported	retain_for_current_mac_mono_analysis	core_clean_singlets	11	retain_after_residual_T_NK_removal
ACTTTCAAGCACACAG.34	10	core_retained_singlet	mac_mono_supported	retain_for_current_mac_mono_analysis	core_clean_singlets	11	retain_after_residual_T_NK_removal
ACTTTCACATTGGTAC.34	8	core_retained_singlet	mac_mono_supported	retain_for_current_mac_mono_analysis	core_clean_singlets	11	retain_after_residual_T_NK_removal
ACTTTCATCACCAGGC.34	10	core_retained_singlet	mac_mono_supported	retain_for_current_mac_mono_analysis	core_clean_singlets	11	retain_after_residual_T_NK_removal
AGAGCTTCATTAGCCA.34	10	core_retained_singlet	mac_mono_supported	retain_for_current_mac_mono_analysis	core_clean_singlets	11	retain_after_residual_T_NK_removal
AGATTGCGTGTGAAAT.34	1	core_retained_singlet	mac_mono_supported	retain_for_current_mac_mono_analysis	core_clean_singlets	11	retain_after_residual_T_NK_removal
AGATTGCTCCTTGACC.34	1	core_retained_singlet	mac_mono_supported	retain_for_current_mac_mono_analysis	core_clean_singlets	11	retain_after_residual_T_NK_removal
AGCAGCCCACGAGAGT.34	1	core_retained_singlet	mac_mono_supported	retain_for_current_mac_mono_analysis	core_clean_singlets	11	retain_after_residual_T_NK_removal
AGCAGCCTCTCTAAGG.34	10	core_retained_singlet	mac_mono_supported	retain_for_current_mac_mono_analysis	core_clean_singlets	11	retain_after_residual_T_NK_removal
AGCATACAGACCCACC.34	1	core_retained_singlet	mac_mono_supported	retain_for_current_mac_mono_analysis	core_clean_singlets	11	retain_after_residual_T_NK_removal
AGCATACCACATCTTT.34	10	core_retained_singlet	mac_mono_supported	retain_for_current_mac_mono_analysis	core_clean_singlets	11	retain_after_residual_T_NK_removal
AGCCTAAGTTGTCTTT.34	10	core_retained_singlet	mac_mono_supported	retain_for_current_mac_mono_analysis	core_clean_singlets	11	retain_after_residual_T_NK_removal
AGCTTGACACGTCAGC.34	1	core_retained_singlet	mac_mono_supported	retain_for_current_mac_mono_analysis	core_clean_singlets	11	retain_after_residual_T_NK_removal
AGGCCGTCAAGAGTCG.34	1	core_retained_singlet	mac_mono_supported	retain_for_current_mac_mono_analysis	core_clean_singlets	11	retain_after_residual_T_NK_removal
AGGGTGATCGATAGAA.34	8	core_retained_singlet	mac_mono_supported	retain_for_current_mac_mono_analysis	core_clean_singlets	11	retain_after_residual_T_NK_removal
ATAAGAGAGAATGTTG.34	10	core_retained_singlet	mac_mono_supported	retain_for_current_mac_mono_analysis	core_clean_singlets	11	retain_after_residual_T_NK_removal
ATAGACCAGGTGATAT.34	1	core_retained_singlet	mac_mono_supported	retain_for_current_mac_mono_analysis	core_clean_singlets	11	retain_after_residual_T_NK_removal
ATAGACCGTCGCTTTC.34	10	core_retained_singlet	mac_mono_supported	retain_for_current_mac_mono_analysis	core_clean_singlets	11	retain_after_residual_T_NK_removal
ATCATCTAGTAGGCCA.34	10	core_retained_singlet	mac_mono_supported	retain_for_current_mac_mono_analysis	core_clean_singlets	11	retain_after_residual_T_NK_removal
ATCATCTCAAAGTCAA.34	8	core_retained_singlet	mac_mono_supported	retain_for_current_mac_mono_analysis	core_clean_singlets	11	retain_after_residual_T_NK_removal
ATCATGGAGGATTCGG.34	1	core_retained_singlet	mac_mono_supported	retain_for_current_mac_mono_analysis	core_clean_singlets	11	retain_after_residual_T_NK_removal
ATCGAGTAGTTTAGGA.34	1	core_retained_singlet	mac_mono_supported	retain_for_current_mac_mono_analysis	core_clean_singlets	11	retain_after_residual_T_NK_removal
ATCTACTGTTGTGGCC.34	1	core_retained_singlet	mac_mono_supported	retain_for_current_mac_mono_analysis	core_clean_singlets	11	retain_after_residual_T_NK_removal
ATCTGCCTCAGAGGTG.34	10	core_retained_singlet	mac_mono_supported	retain_for_current_mac_mono_analysis	core_clean_singlets	11	retain_after_residual_T_NK_removal
ATGCGATTCCAGGGCT.34	1	core_retained_singlet	mac_mono_supported	retain_for_current_mac_mono_analysis	core_clean_singlets	11	retain_after_residual_T_NK_removal
ATTCTACTCTGGTTCC.34	10	core_retained_singlet	mac_mono_supported	retain_for_current_mac_mono_analysis	core_clean_singlets	11	retain_after_residual_T_NK_removal
ATTGGACGTCCGAAGA.34	1	core_retained_singlet	mac_mono_supported	retain_for_current_mac_mono_analysis	core_clean_singlets	11	retain_after_residual_T_NK_removal
ATTGGTGAGTTAAGTG.34	10	core_retained_singlet	mac_mono_supported	retain_for_current_mac_mono_analysis	core_clean_singlets	11	retain_after_residual_T_NK_removal
ATTTCTGTCCGAAGAG.34	1	core_retained_singlet	mac_mono_supported	retain_for_current_mac_mono_analysis	core_clean_singlets	11	retain_after_residual_T_NK_removal
CAACTAGTCATGTGGT.34	10	core_retained_singlet	mac_mono_supported	retain_for_current_mac_mono_analysis	core_clean_singlets	11	retain_after_residual_T_NK_removal
CAAGAAAAGCTAAACA.34	10	core_retained_singlet	mac_mono_supported	retain_for_current_mac_mono_analysis	core_clean_singlets	11	retain_after_residual_T_NK_removal
CAAGTTGGTCGAACAG.34	5	core_retained_singlet	mac_mono_supported	retain_for_current_mac_mono_analysis	core_clean_singlets	11	retain_after_residual_T_NK_removal
CACAAACCACATAACC.34	1	core_retained_singlet	mac_mono_supported	retain_for_current_mac_mono_analysis	core_clean_singlets	11	retain_after_residual_T_NK_removal
CACAAACGTGTGACGA.34	8	core_retained_singlet	mac_mono_supported	retain_for_current_mac_mono_analysis	core_clean_singlets	11	retain_after_residual_T_NK_removal
CACACAATCTTACCGC.34	1	core_retained_singlet	mac_mono_supported	retain_for_current_mac_mono_analysis	core_clean_singlets	11	retain_after_residual_T_NK_removal
CACACTCGTTAAGTAG.34	1	core_retained_singlet	mac_mono_supported	retain_for_current_mac_mono_analysis	core_clean_singlets	11	retain_after_residual_T_NK_removal
CAGATCAGTACCAGTT.34	1	core_retained_singlet	mac_mono_supported	retain_for_current_mac_mono_analysis	core_clean_singlets	11	retain_after_residual_T_NK_removal
CAGATCAGTGATGTCT.34	1	core_retained_singlet	mac_mono_supported	retain_for_current_mac_mono_analysis	core_clean_singlets	11	retain_after_residual_T_NK_removal
CAGCAGCAGGATATAC.34	10	core_retained_singlet	mac_mono_supported	retain_for_current_mac_mono_analysis	core_clean_singlets	11	retain_after_residual_T_NK_removal
CAGCATACATGGTAGG.34	1	core_retained_singlet	mac_mono_supported	retain_for_current_mac_mono_analysis	core_clean_singlets	11	retain_after_residual_T_NK_removal
CAGCCGAAGACCACGA.34	1	core_retained_singlet	mac_mono_supported	retain_for_current_mac_mono_analysis	core_clean_singlets	11	retain_after_residual_T_NK_removal
CAGCCGACACTGCCAG.34	1	core_retained_singlet	mac_mono_supported	retain_for_current_mac_mono_analysis	core_clean_singlets	11	retain_after_residual_T_NK_removal
CAGCTGGGTTAGATGA.34	1	core_retained_singlet	mac_mono_supported	retain_for_current_mac_mono_analysis	core_clean_singlets	11	retain_after_residual_T_NK_removal
CAGTAACCACAAGACG.34	1	core_retained_singlet	mac_mono_supported	retain_for_current_mac_mono_analysis	core_clean_singlets	11	retain_after_residual_T_NK_removal
CATATTCCACCGATAT.34	1	core_retained_singlet	mac_mono_supported	retain_for_current_mac_mono_analysis	core_clean_singlets	11	retain_after_residual_T_NK_removal
CATCCACTCCCTGACT.34	5	core_retained_singlet	mac_mono_supported	retain_for_current_mac_mono_analysis	core_clean_singlets	11	retain_after_residual_T_NK_removal
CATGACATCACTTACT.34	1	core_retained_singlet	mac_mono_supported	retain_for_current_mac_mono_analysis	core_clean_singlets	11	retain_after_residual_T_NK_removal
CATTCGCAGGCGTACA.34	1	core_retained_singlet	mac_mono_supported	retain_for_current_mac_mono_analysis	core_clean_singlets	11	retain_after_residual_T_NK_removal
CATTCGCTCAGTCAGT.34	1	core_retained_singlet	mac_mono_supported	retain_for_current_mac_mono_analysis	core_clean_singlets	11	retain_after_residual_T_NK_removal
CCACTACTCATTGCGA.34	10	core_retained_singlet	mac_mono_supported	retain_for_current_mac_mono_analysis	core_clean_singlets	11	retain_after_residual_T_NK_removal
CCATGTCTCTCGCTTG.34	1	core_retained_singlet	mac_mono_supported	retain_for_current_mac_mono_analysis	core_clean_singlets	11	retain_after_residual_T_NK_removal
CCCAGTTAGGAGTAGA.34	10	core_retained_singlet	mac_mono_supported	retain_for_current_mac_mono_analysis	core_clean_singlets	11	retain_after_residual_T_NK_removal
CCCTCCTGTCCAGTGC.34	10	core_retained_singlet	mac_mono_supported	retain_for_current_mac_mono_analysis	core_clean_singlets	11	retain_after_residual_T_NK_removal
CCGTACTGTACTTCTT.34	1	core_retained_singlet	mac_mono_supported	retain_for_current_mac_mono_analysis	core_clean_singlets	11	retain_after_residual_T_NK_removal
CCTACACCAAGGACTG.34	1	core_retained_singlet	mac_mono_supported	retain_for_current_mac_mono_analysis	core_clean_singlets	11	retain_after_residual_T_NK_removal
CCTTCCCGTAATAGCA.34	10	core_retained_singlet	mac_mono_supported	retain_for_current_mac_mono_analysis	core_clean_singlets	11	retain_after_residual_T_NK_removal
CCTTCGAGTTCACCTC.34	10	core_retained_singlet	mac_mono_supported	retain_for_current_mac_mono_analysis	core_clean_singlets	11	retain_after_residual_T_NK_removal
CGAATGTTCCATGCTC.34	10	core_retained_singlet	mac_mono_supported	retain_for_current_mac_mono_analysis	core_clean_singlets	11	retain_after_residual_T_NK_removal
CGACCTTTCACTGGGC.34	1	core_retained_singlet	mac_mono_supported	retain_for_current_mac_mono_analysis	core_clean_singlets	11	retain_after_residual_T_NK_removal
CGAGAAGAGCTAGGCA.34	1	core_retained_singlet	mac_mono_supported	retain_for_current_mac_mono_analysis	core_clean_singlets	11	retain_after_residual_T_NK_removal
CGATCGGAGTCCATAC.34	1	core_retained_singlet	mac_mono_supported	retain_for_current_mac_mono_analysis	core_clean_singlets	11	retain_after_residual_T_NK_removal
CGATGTAAGAGAGCTC.34	1	core_retained_singlet	mac_mono_supported	retain_for_current_mac_mono_analysis	core_clean_singlets	11	retain_after_residual_T_NK_removal
CGATGTAAGCCGTCGT.34	1	core_retained_singlet	mac_mono_supported	retain_for_current_mac_mono_analysis	core_clean_singlets	11	retain_after_residual_T_NK_removal
CGATTGACAGTGAGTG.34	10	core_retained_singlet	mac_mono_supported	retain_for_current_mac_mono_analysis	core_clean_singlets	11	retain_after_residual_T_NK_removal
CGATTGAGTGTTAAGA.34	1	core_retained_singlet	mac_mono_supported	retain_for_current_mac_mono_analysis	core_clean_singlets	11	retain_after_residual_T_NK_removal
CGCTGGAAGCCAGTTT.34	1	core_retained_singlet	mac_mono_supported	retain_for_current_mac_mono_analysis	core_clean_singlets	11	retain_after_residual_T_NK_removal
CGGACGTAGGGTGTGT.34	1	core_retained_singlet	mac_mono_supported	retain_for_current_mac_mono_analysis	core_clean_singlets	11	retain_after_residual_T_NK_removal
CGGACTGGTAAACCTC.34	10	core_retained_singlet	mac_mono_supported	retain_for_current_mac_mono_analysis	core_clean_singlets	11	retain_after_residual_T_NK_removal
CGGAGCTAGTGGGCTA.34	1	core_retained_singlet	mac_mono_supported	retain_for_current_mac_mono_analysis	core_clean_singlets	11	retain_after_residual_T_NK_removal
CGGCTAGGTTGTGGCC.34	5	core_retained_singlet	mac_mono_supported	retain_for_current_mac_mono_analysis	core_clean_singlets	11	retain_after_residual_T_NK_removal
CGGGTCAGTCGTTGTA.34	1	core_retained_singlet	mac_mono_supported	retain_for_current_mac_mono_analysis	core_clean_singlets	11	retain_after_residual_T_NK_removal
CGGGTCAGTTTGTTGG.34	10	core_retained_singlet	mac_mono_supported	retain_for_current_mac_mono_analysis	core_clean_singlets	11	retain_after_residual_T_NK_removal
CGTCACTAGTCCGTAT.34	1	core_retained_singlet	mac_mono_supported	retain_for_current_mac_mono_analysis	core_clean_singlets	11	retain_after_residual_T_NK_removal
CGTCCATCAACGATCT.34	1	core_retained_singlet	mac_mono_supported	retain_for_current_mac_mono_analysis	core_clean_singlets	11	retain_after_residual_T_NK_removal
CGTGAGCCATTAGCCA.34	10	core_retained_singlet	mac_mono_supported	retain_for_current_mac_mono_analysis	core_clean_singlets	11	retain_after_residual_T_NK_removal
CGTGAGCGTCTCTCTG.34	10	core_retained_singlet	mac_mono_supported	retain_for_current_mac_mono_analysis	core_clean_singlets	11	retain_after_residual_T_NK_removal
CGTGAGCTCTCGATGA.34	1	core_retained_singlet	mac_mono_supported	retain_for_current_mac_mono_analysis	core_clean_singlets	11	retain_after_residual_T_NK_removal
CGTTGGGCATTAACCG.34	10	core_retained_singlet	mac_mono_supported	retain_for_current_mac_mono_analysis	core_clean_singlets	11	retain_after_residual_T_NK_removal
CGTTGGGGTTAAAGAC.34	1	core_retained_singlet	mac_mono_supported	retain_for_current_mac_mono_analysis	core_clean_singlets	11	retain_after_residual_T_NK_removal
CTAAGACGTGGGTCAA.34	1	core_retained_singlet	mac_mono_supported	retain_for_current_mac_mono_analysis	core_clean_singlets	11	retain_after_residual_T_NK_removal
CTACCCAAGAACAACT.34	10	core_retained_singlet	mac_mono_supported	retain_for_current_mac_mono_analysis	core_clean_singlets	11	retain_after_residual_T_NK_removal
CTACCCATCACCTTAT.34	1	core_retained_singlet	mac_mono_supported	retain_for_current_mac_mono_analysis	core_clean_singlets	11	retain_after_residual_T_NK_removal
CTACGTCCATAACCTG.34	1	core_retained_singlet	mac_mono_supported	retain_for_current_mac_mono_analysis	core_clean_singlets	11	retain_after_residual_T_NK_removal
CTACGTCTCGTTTATC.34	1	core_retained_singlet	mac_mono_supported	retain_for_current_mac_mono_analysis	core_clean_singlets	11	retain_after_residual_T_NK_removal
CTAGAGTTCTAACTCT.34	1	core_retained_singlet	mac_mono_supported	retain_for_current_mac_mono_analysis	core_clean_singlets	11	retain_after_residual_T_NK_removal
CTAGCCTTCCATTCTA.34	10	core_retained_singlet	mac_mono_supported	retain_for_current_mac_mono_analysis	core_clean_singlets	11	retain_after_residual_T_NK_removal
CTCACACGTGTTTGGT.34	1	core_retained_singlet	mac_mono_supported	retain_for_current_mac_mono_analysis	core_clean_singlets	11	retain_after_residual_T_NK_removal
CTCCTAGAGCCGCCTA.34	10	core_retained_singlet	mac_mono_supported	retain_for_current_mac_mono_analysis	core_clean_singlets	11	retain_after_residual_T_NK_removal
CTCGGAGAGGCTATCT.34	10	core_retained_singlet	mac_mono_supported	retain_for_current_mac_mono_analysis	core_clean_singlets	11	retain_after_residual_T_NK_removal
CTCGGAGCATCATCCC.34	1	core_retained_singlet	mac_mono_supported	retain_for_current_mac_mono_analysis	core_clean_singlets	11	retain_after_residual_T_NK_removal
CTCTACGTCGAACGGA.34	8	core_retained_singlet	mac_mono_supported	retain_for_current_mac_mono_analysis	core_clean_singlets	11	retain_after_residual_T_NK_removal
CTGAAGTGTCCTAGCG.34	1	core_retained_singlet	mac_mono_supported	retain_for_current_mac_mono_analysis	core_clean_singlets	11	retain_after_residual_T_NK_removal
CTGATCCAGGGCTCTC.34	1	core_retained_singlet	mac_mono_supported	retain_for_current_mac_mono_analysis	core_clean_singlets	11	retain_after_residual_T_NK_removal
CTGATCCCAGGTTTCA.34	8	core_retained_singlet	mac_mono_supported	retain_for_current_mac_mono_analysis	core_clean_singlets	11	retain_after_residual_T_NK_removal
CTGCGGACACAAGCCC.34	1	core_retained_singlet	mac_mono_supported	retain_for_current_mac_mono_analysis	core_clean_singlets	11	retain_after_residual_T_NK_removal
CTGCGGATCCTGTACC.34	10	core_retained_singlet	mac_mono_supported	retain_for_current_mac_mono_analysis	core_clean_singlets	11	retain_after_residual_T_NK_removal
CTGTGCTTCATAACCG.34	10	core_retained_singlet	mac_mono_supported	retain_for_current_mac_mono_analysis	core_clean_singlets	11	retain_after_residual_T_NK_removal
CTTACCGAGATATGCA.34	1	core_retained_singlet	mac_mono_supported	retain_for_current_mac_mono_analysis	core_clean_singlets	11	retain_after_residual_T_NK_removal
CTTACCGGTAGGGTAC.34	1	core_retained_singlet	mac_mono_supported	retain_for_current_mac_mono_analysis	core_clean_singlets	11	retain_after_residual_T_NK_removal
CTTAGGAGTAACGACG.34	10	core_retained_singlet	mac_mono_supported	retain_for_current_mac_mono_analysis	core_clean_singlets	11	retain_after_residual_T_NK_removal
CTTTGCGCATTGAGCT.34	1	core_retained_singlet	mac_mono_supported	retain_for_current_mac_mono_analysis	core_clean_singlets	11	retain_after_residual_T_NK_removal
GAAATGACATTACGAC.34	1	core_retained_singlet	mac_mono_supported	retain_for_current_mac_mono_analysis	core_clean_singlets	11	retain_after_residual_T_NK_removal
GACACGCCAAAGTGCG.34	10	core_retained_singlet	mac_mono_supported	retain_for_current_mac_mono_analysis	core_clean_singlets	11	retain_after_residual_T_NK_removal
GACACGCTCGAGGTAG.34	1	core_retained_singlet	mac_mono_supported	retain_for_current_mac_mono_analysis	core_clean_singlets	11	retain_after_residual_T_NK_removal
GACAGAGCAGGACGTA.34	1	core_retained_singlet	mac_mono_supported	retain_for_current_mac_mono_analysis	core_clean_singlets	11	retain_after_residual_T_NK_removal
GACAGAGTCAATCACG.34	10	core_retained_singlet	mac_mono_supported	retain_for_current_mac_mono_analysis	core_clean_singlets	11	retain_after_residual_T_NK_removal
GACCTGGTCAGTGCAT.34	1	core_retained_singlet	mac_mono_supported	retain_for_current_mac_mono_analysis	core_clean_singlets	11	retain_after_residual_T_NK_removal
GACGTGCAGAGGACGG.34	10	core_retained_singlet	mac_mono_supported	retain_for_current_mac_mono_analysis	core_clean_singlets	11	retain_after_residual_T_NK_removal
GACGTTACAGCTCGCA.34	1	core_retained_singlet	mac_mono_supported	retain_for_current_mac_mono_analysis	core_clean_singlets	11	retain_after_residual_T_NK_removal
GATCGCGGTTACTGAC.34	10	core_retained_singlet	mac_mono_supported	retain_for_current_mac_mono_analysis	core_clean_singlets	11	retain_after_residual_T_NK_removal
GATCTAGAGGACTGGT.34	10	core_retained_singlet	mac_mono_supported	retain_for_current_mac_mono_analysis	core_clean_singlets	11	retain_after_residual_T_NK_removal
GATGAAATCCAGTATG.34	10	core_retained_singlet	mac_mono_supported	retain_for_current_mac_mono_analysis	core_clean_singlets	11	retain_after_residual_T_NK_removal
GATTCAGGTCTAGCGC.34	10	core_retained_singlet	mac_mono_supported	retain_for_current_mac_mono_analysis	core_clean_singlets	11	retain_after_residual_T_NK_removal
GCACATAGTACAGTTC.34	1	core_retained_singlet	mac_mono_supported	retain_for_current_mac_mono_analysis	core_clean_singlets	11	retain_after_residual_T_NK_removal
GCAGCCAGTATGAAAC.34	1	core_retained_singlet	mac_mono_supported	retain_for_current_mac_mono_analysis	core_clean_singlets	11	retain_after_residual_T_NK_removal
GCATGCGTCCGCGGTA.34	1	core_retained_singlet	mac_mono_supported	retain_for_current_mac_mono_analysis	core_clean_singlets	11	retain_after_residual_T_NK_removal
GCGAGAACAGACACTT.34	8	core_retained_singlet	mac_mono_supported	retain_for_current_mac_mono_analysis	core_clean_singlets	11	retain_after_residual_T_NK_removal
GCGCGATCAGACTCGC.34	10	core_retained_singlet	mac_mono_supported	retain_for_current_mac_mono_analysis	core_clean_singlets	11	retain_after_residual_T_NK_removal
GCGGGTTCATTGTGCA.34	10	core_retained_singlet	mac_mono_supported	retain_for_current_mac_mono_analysis	core_clean_singlets	11	retain_after_residual_T_NK_removal
GCTCCTAAGAGGTACC.34	1	core_retained_singlet	mac_mono_supported	retain_for_current_mac_mono_analysis	core_clean_singlets	11	retain_after_residual_T_NK_removal
GCTCTGTGTGATGTCT.34	10	core_retained_singlet	mac_mono_supported	retain_for_current_mac_mono_analysis	core_clean_singlets	11	retain_after_residual_T_NK_removal
GCTGCGAGTTGCGTTA.34	1	core_retained_singlet	mac_mono_supported	retain_for_current_mac_mono_analysis	core_clean_singlets	11	retain_after_residual_T_NK_removal
GCTTCCATCGTACCGG.34	10	core_retained_singlet	mac_mono_supported	retain_for_current_mac_mono_analysis	core_clean_singlets	11	retain_after_residual_T_NK_removal
GCTTGAATCACAATGC.34	10	core_retained_singlet	mac_mono_supported	retain_for_current_mac_mono_analysis	core_clean_singlets	11	retain_after_residual_T_NK_removal
GGAAAGCGTCCGTCAG.34	1	core_retained_singlet	mac_mono_supported	retain_for_current_mac_mono_analysis	core_clean_singlets	11	retain_after_residual_T_NK_removal
GGAATAACAGCTGCTG.34	1	core_retained_singlet	mac_mono_supported	retain_for_current_mac_mono_analysis	core_clean_singlets	11	retain_after_residual_T_NK_removal
GGAATAATCTGGTATG.34	1	core_retained_singlet	mac_mono_supported	retain_for_current_mac_mono_analysis	core_clean_singlets	11	retain_after_residual_T_NK_removal
GGACGTCCATCGGTTA.34	1	core_retained_singlet	mac_mono_supported	retain_for_current_mac_mono_analysis	core_clean_singlets	11	retain_after_residual_T_NK_removal
GGAGCAACATGAAGTA.34	1	core_retained_singlet	mac_mono_supported	retain_for_current_mac_mono_analysis	core_clean_singlets	11	retain_after_residual_T_NK_removal
GGAGCAATCATAAAGG.34	1	core_retained_singlet	mac_mono_supported	retain_for_current_mac_mono_analysis	core_clean_singlets	11	retain_after_residual_T_NK_removal
GGAGCAATCTTCGAGA.34	1	core_retained_singlet	mac_mono_supported	retain_for_current_mac_mono_analysis	core_clean_singlets	11	retain_after_residual_T_NK_removal
GGATGTTAGAAGGCCT.34	1	core_retained_singlet	mac_mono_supported	retain_for_current_mac_mono_analysis	core_clean_singlets	11	retain_after_residual_T_NK_removal
GGCAATTTCGTGGGAA.34	10	core_retained_singlet	mac_mono_supported	retain_for_current_mac_mono_analysis	core_clean_singlets	11	retain_after_residual_T_NK_removal
GGCCGATGTGATGATA.34	1	core_retained_singlet	mac_mono_supported	retain_for_current_mac_mono_analysis	core_clean_singlets	11	retain_after_residual_T_NK_removal
GGCGTGTCAGGGTTAG.34	1	core_retained_singlet	mac_mono_supported	retain_for_current_mac_mono_analysis	core_clean_singlets	11	retain_after_residual_T_NK_removal
GGGACCTGTTCAGTAC.34	10	core_retained_singlet	mac_mono_supported	retain_for_current_mac_mono_analysis	core_clean_singlets	11	retain_after_residual_T_NK_removal
GGGTCTGAGTCAAGGC.34	1	core_retained_singlet	mac_mono_supported	retain_for_current_mac_mono_analysis	core_clean_singlets	11	retain_after_residual_T_NK_removal
GGTATTGTCATCACCC.34	1	core_retained_singlet	mac_mono_supported	retain_for_current_mac_mono_analysis	core_clean_singlets	11	retain_after_residual_T_NK_removal
GTAACGTTCGTTACAG.34	1	core_retained_singlet	mac_mono_supported	retain_for_current_mac_mono_analysis	core_clean_singlets	11	retain_after_residual_T_NK_removal
GTACGTAGTCGAACAG.34	10	core_retained_singlet	mac_mono_supported	retain_for_current_mac_mono_analysis	core_clean_singlets	11	retain_after_residual_T_NK_removal
GTACGTATCTGGTATG.34	10	core_retained_singlet	mac_mono_supported	retain_for_current_mac_mono_analysis	core_clean_singlets	11	retain_after_residual_T_NK_removal
GTACTTTCACCGAATT.34	10	core_retained_singlet	mac_mono_supported	retain_for_current_mac_mono_analysis	core_clean_singlets	11	retain_after_residual_T_NK_removal
GTAGTCATCATGTCCC.34	1	core_retained_singlet	mac_mono_supported	retain_for_current_mac_mono_analysis	core_clean_singlets	11	retain_after_residual_T_NK_removal
GTATTCTTCAAAGACA.34	1	core_retained_singlet	mac_mono_supported	retain_for_current_mac_mono_analysis	core_clean_singlets	11	retain_after_residual_T_NK_removal
GTCACAACACATTTCT.34	10	core_retained_singlet	mac_mono_supported	retain_for_current_mac_mono_analysis	core_clean_singlets	11	retain_after_residual_T_NK_removal
GTCCTCAAGCGATTCT.34	10	core_retained_singlet	mac_mono_supported	retain_for_current_mac_mono_analysis	core_clean_singlets	11	retain_after_residual_T_NK_removal
GTCCTCACATATGCTG.34	1	core_retained_singlet	mac_mono_supported	retain_for_current_mac_mono_analysis	core_clean_singlets	11	retain_after_residual_T_NK_removal
GTCGTAAGTGCACCAC.34	1	core_retained_singlet	mac_mono_supported	retain_for_current_mac_mono_analysis	core_clean_singlets	11	retain_after_residual_T_NK_removal
GTCTTCGCATTGGGCC.34	1	core_retained_singlet	mac_mono_supported	retain_for_current_mac_mono_analysis	core_clean_singlets	11	retain_after_residual_T_NK_removal
GTGCAGCTCCACGTTC.34	1	core_retained_singlet	mac_mono_supported	retain_for_current_mac_mono_analysis	core_clean_singlets	11	retain_after_residual_T_NK_removal
GTGCATATCAGAAATG.34	10	core_retained_singlet	mac_mono_supported	retain_for_current_mac_mono_analysis	core_clean_singlets	11	retain_after_residual_T_NK_removal
GTGGGTCAGACAGACC.34	8	core_retained_singlet	mac_mono_supported	retain_for_current_mac_mono_analysis	core_clean_singlets	11	retain_after_residual_T_NK_removal
GTGTGCGGTTGCTCCT.34	1	core_retained_singlet	mac_mono_supported	retain_for_current_mac_mono_analysis	core_clean_singlets	11	retain_after_residual_T_NK_removal
GTTAAGCTCGCGATCG.34	1	core_retained_singlet	mac_mono_supported	retain_for_current_mac_mono_analysis	core_clean_singlets	11	retain_after_residual_T_NK_removal
GTTACAGCACCACCAG.34	1	core_retained_singlet	mac_mono_supported	retain_for_current_mac_mono_analysis	core_clean_singlets	11	retain_after_residual_T_NK_removal
GTTACAGTCTTTCCTC.34	1	core_retained_singlet	mac_mono_supported	retain_for_current_mac_mono_analysis	core_clean_singlets	11	retain_after_residual_T_NK_removal
GTTCTCGTCTCTTGAT.34	10	core_retained_singlet	mac_mono_supported	retain_for_current_mac_mono_analysis	core_clean_singlets	11	retain_after_residual_T_NK_removal
TAAGCGTAGCCAGAAC.34	1	core_retained_singlet	mac_mono_supported	retain_for_current_mac_mono_analysis	core_clean_singlets	11	retain_after_residual_T_NK_removal
TAAGTGCCAGTTTACG.34	5	core_retained_singlet	mac_mono_supported	retain_for_current_mac_mono_analysis	core_clean_singlets	11	retain_after_residual_T_NK_removal
TACACGACATGCTGGC.34	1	core_retained_singlet	mac_mono_supported	retain_for_current_mac_mono_analysis	core_clean_singlets	11	retain_after_residual_T_NK_removal
TACCTATAGGTGTGGT.34	1	core_retained_singlet	mac_mono_supported	retain_for_current_mac_mono_analysis	core_clean_singlets	11	retain_after_residual_T_NK_removal
TACGGGCCAACCGCCA.34	1	core_retained_singlet	mac_mono_supported	retain_for_current_mac_mono_analysis	core_clean_singlets	11	retain_after_residual_T_NK_removal
TACGGGCTCATCGGAT.34	1	core_retained_singlet	mac_mono_supported	retain_for_current_mac_mono_analysis	core_clean_singlets	11	retain_after_residual_T_NK_removal
TACGGTACATGTTGAC.34	1	core_retained_singlet	mac_mono_supported	retain_for_current_mac_mono_analysis	core_clean_singlets	11	retain_after_residual_T_NK_removal
TACTCATCAGCATGAG.34	1	core_retained_singlet	mac_mono_supported	retain_for_current_mac_mono_analysis	core_clean_singlets	11	retain_after_residual_T_NK_removal
TACTCGCGTCGGCTCA.34	1	core_retained_singlet	mac_mono_supported	retain_for_current_mac_mono_analysis	core_clean_singlets	11	retain_after_residual_T_NK_removal
TACTTACAGCTGATAA.34	10	core_retained_singlet	mac_mono_supported	retain_for_current_mac_mono_analysis	core_clean_singlets	11	retain_after_residual_T_NK_removal
TACTTGTAGGAACTGC.34	10	core_retained_singlet	mac_mono_supported	retain_for_current_mac_mono_analysis	core_clean_singlets	11	retain_after_residual_T_NK_removal
TAGGCATCAAGCCGTC.34	10	core_retained_singlet	mac_mono_supported	retain_for_current_mac_mono_analysis	core_clean_singlets	11	retain_after_residual_T_NK_removal
TATCAGGTCTAGCACA.34	1	core_retained_singlet	mac_mono_supported	retain_for_current_mac_mono_analysis	core_clean_singlets	11	retain_after_residual_T_NK_removal
TATCTCAGTTAAAGTG.34	10	core_retained_singlet	mac_mono_supported	retain_for_current_mac_mono_analysis	core_clean_singlets	11	retain_after_residual_T_NK_removal
TATTACCGTTCCACAA.34	10	core_retained_singlet	mac_mono_supported	retain_for_current_mac_mono_analysis	core_clean_singlets	11	retain_after_residual_T_NK_removal
TCAGATGAGCCAACAG.34	1	core_retained_singlet	mac_mono_supported	retain_for_current_mac_mono_analysis	core_clean_singlets	11	retain_after_residual_T_NK_removal
TCAGATGAGCTAACAA.34	10	core_retained_singlet	mac_mono_supported	retain_for_current_mac_mono_analysis	core_clean_singlets	11	retain_after_residual_T_NK_removal
TCAGATGAGGTGGGTT.34	10	core_retained_singlet	mac_mono_supported	retain_for_current_mac_mono_analysis	core_clean_singlets	11	retain_after_residual_T_NK_removal
TCAGGATCATGTTGAC.34	1	core_retained_singlet	mac_mono_supported	retain_for_current_mac_mono_analysis	core_clean_singlets	11	retain_after_residual_T_NK_removal
TCCCGATAGTACGCGA.34	10	core_retained_singlet	mac_mono_supported	retain_for_current_mac_mono_analysis	core_clean_singlets	11	retain_after_residual_T_NK_removal
TCCCGATGTCTCCATC.34	1	core_retained_singlet	mac_mono_supported	retain_for_current_mac_mono_analysis	core_clean_singlets	11	retain_after_residual_T_NK_removal
TCCCGATTCTACTATC.34	10	core_retained_singlet	mac_mono_supported	retain_for_current_mac_mono_analysis	core_clean_singlets	11	retain_after_residual_T_NK_removal
TCGCGAGGTTGTACAC.34	10	core_retained_singlet	mac_mono_supported	retain_for_current_mac_mono_analysis	core_clean_singlets	11	retain_after_residual_T_NK_removal
TCGGGACCAATCCGAT.34	8	core_retained_singlet	mac_mono_supported	retain_for_current_mac_mono_analysis	core_clean_singlets	11	retain_after_residual_T_NK_removal
TCTCATAGTCGAGTTT.34	10	core_retained_singlet	mac_mono_supported	retain_for_current_mac_mono_analysis	core_clean_singlets	11	retain_after_residual_T_NK_removal
TCTTTCCTCATCATTC.34	1	core_retained_singlet	mac_mono_supported	retain_for_current_mac_mono_analysis	core_clean_singlets	11	retain_after_residual_T_NK_removal
TGACTAGTCTCCTATA.34	1	core_retained_singlet	mac_mono_supported	retain_for_current_mac_mono_analysis	core_clean_singlets	11	retain_after_residual_T_NK_removal
TGAGCCGAGCCCAGCT.34	1	core_retained_singlet	mac_mono_supported	retain_for_current_mac_mono_analysis	core_clean_singlets	11	retain_after_residual_T_NK_removal
TGAGGGAGTTATCCGA.34	1	core_retained_singlet	mac_mono_supported	retain_for_current_mac_mono_analysis	core_clean_singlets	11	retain_after_residual_T_NK_removal
TGCGGGTTCATCATTC.34	10	core_retained_singlet	mac_mono_supported	retain_for_current_mac_mono_analysis	core_clean_singlets	11	retain_after_residual_T_NK_removal
TGCGTGGCAATCGGTT.34	1	core_retained_singlet	mac_mono_supported	retain_for_current_mac_mono_analysis	core_clean_singlets	11	retain_after_residual_T_NK_removal
TGCTGCTAGGATATAC.34	1	core_retained_singlet	mac_mono_supported	retain_for_current_mac_mono_analysis	core_clean_singlets	11	retain_after_residual_T_NK_removal
TGCTGCTAGGCATTGG.34	1	core_retained_singlet	mac_mono_supported	retain_for_current_mac_mono_analysis	core_clean_singlets	11	retain_after_residual_T_NK_removal
TGGGAAGGTCTTGCGG.34	1	core_retained_singlet	mac_mono_supported	retain_for_current_mac_mono_analysis	core_clean_singlets	11	retain_after_residual_T_NK_removal
TGGGCGTCACAGACAG.34	5	core_retained_singlet	mac_mono_supported	retain_for_current_mac_mono_analysis	core_clean_singlets	11	retain_after_residual_T_NK_removal
TGGTTAGAGACTACAA.34	10	core_retained_singlet	mac_mono_supported	retain_for_current_mac_mono_analysis	core_clean_singlets	11	retain_after_residual_T_NK_removal
TGGTTCCTCCAGATCA.34	1	core_retained_singlet	mac_mono_supported	retain_for_current_mac_mono_analysis	core_clean_singlets	11	retain_after_residual_T_NK_removal
TGTCCCAGTTATCCGA.34	10	core_retained_singlet	mac_mono_supported	retain_for_current_mac_mono_analysis	core_clean_singlets	11	retain_after_residual_T_NK_removal
TGTGGTACATCTATGG.34	1	core_retained_singlet	mac_mono_supported	retain_for_current_mac_mono_analysis	core_clean_singlets	11	retain_after_residual_T_NK_removal
TGTGGTAGTCGAAAGC.34	1	core_retained_singlet	mac_mono_supported	retain_for_current_mac_mono_analysis	core_clean_singlets	11	retain_after_residual_T_NK_removal
TGTGGTAGTGTGGCTC.34	1	core_retained_singlet	mac_mono_supported	retain_for_current_mac_mono_analysis	core_clean_singlets	11	retain_after_residual_T_NK_removal
TGTTCCGAGAAGGCCT.34	5	core_retained_singlet	mac_mono_supported	retain_for_current_mac_mono_analysis	core_clean_singlets	11	retain_after_residual_T_NK_removal
TTAGGACTCTGCTTGC.34	1	core_retained_singlet	mac_mono_supported	retain_for_current_mac_mono_analysis	core_clean_singlets	11	retain_after_residual_T_NK_removal
TTCCCAGTCAACCAAC.34	1	core_retained_singlet	mac_mono_supported	retain_for_current_mac_mono_analysis	core_clean_singlets	11	retain_after_residual_T_NK_removal
TTCTCAAGTAAATGTG.34	1	core_retained_singlet	mac_mono_supported	retain_for_current_mac_mono_analysis	core_clean_singlets	11	retain_after_residual_T_NK_removal
TTGAACGGTGGGTATG.34	8	core_retained_singlet	mac_mono_supported	retain_for_current_mac_mono_analysis	core_clean_singlets	11	retain_after_residual_T_NK_removal
TTGTAGGAGAGAGCTC.34	8	core_retained_singlet	mac_mono_supported	retain_for_current_mac_mono_analysis	core_clean_singlets	11	retain_after_residual_T_NK_removal
TTTACTGGTCTCGTTC.34	8	core_retained_singlet	mac_mono_supported	retain_for_current_mac_mono_analysis	core_clean_singlets	11	retain_after_residual_T_NK_removal
AAACCTGAGAGGGATA.41	1	core_retained_singlet	mac_mono_supported	retain_for_current_mac_mono_analysis	core_clean_singlets	11	retain_after_residual_T_NK_removal
AACGTTGAGGCATGTG.41	1	core_retained_singlet	mac_mono_supported	retain_for_current_mac_mono_analysis	core_clean_singlets	11	retain_after_residual_T_NK_removal
AAGACCTTCTTTAGGG.41	1	core_retained_singlet	mac_mono_supported	retain_for_current_mac_mono_analysis	core_clean_singlets	11	retain_after_residual_T_NK_removal
AAGGAGCGTCAAAGCG.41	1	core_retained_singlet	mac_mono_supported	retain_for_current_mac_mono_analysis	core_clean_singlets	11	retain_after_residual_T_NK_removal
AAGGCAGGTTACCGAT.41	1	core_retained_singlet	mac_mono_supported	retain_for_current_mac_mono_analysis	core_clean_singlets	11	retain_after_residual_T_NK_removal
ACACCGGGTAATTGGA.41	8	core_retained_singlet	mac_mono_supported	retain_for_current_mac_mono_analysis	core_clean_singlets	11	retain_after_residual_T_NK_removal
ACACTGAGTACAGCAG.41	1	core_retained_singlet	mac_mono_supported	retain_for_current_mac_mono_analysis	core_clean_singlets	11	retain_after_residual_T_NK_removal
ACCCACTGTTCGTCTC.41	1	core_retained_singlet	mac_mono_supported	retain_for_current_mac_mono_analysis	core_clean_singlets	11	retain_after_residual_T_NK_removal
ACCGTAAGTTATTCTC.41	5	core_retained_singlet	mac_mono_supported	retain_for_current_mac_mono_analysis	core_clean_singlets	11	retain_after_residual_T_NK_removal
ACGCCGACACCGGAAA.41	5	core_retained_singlet	mac_mono_supported	retain_for_current_mac_mono_analysis	core_clean_singlets	11	retain_after_residual_T_NK_removal
ACGCCGAGTAAGTTCC.41	1	core_retained_singlet	mac_mono_supported	retain_for_current_mac_mono_analysis	core_clean_singlets	11	retain_after_residual_T_NK_removal
ACTGCTCCACACCGAC.41	1	core_retained_singlet	mac_mono_supported	retain_for_current_mac_mono_analysis	core_clean_singlets	11	retain_after_residual_T_NK_removal
AGCGTATAGTCCGGTC.41	1	core_retained_singlet	mac_mono_supported	retain_for_current_mac_mono_analysis	core_clean_singlets	11	retain_after_residual_T_NK_removal
AGCTCTCTCGAATCCA.41	1	core_retained_singlet	mac_mono_supported	retain_for_current_mac_mono_analysis	core_clean_singlets	11	retain_after_residual_T_NK_removal
AGGGATGGTTCGAATC.41	1	core_retained_singlet	mac_mono_supported	retain_for_current_mac_mono_analysis	core_clean_singlets	11	retain_after_residual_T_NK_removal
AGTAGTCCATGGGACA.41	1	core_retained_singlet	mac_mono_supported	retain_for_current_mac_mono_analysis	core_clean_singlets	11	retain_after_residual_T_NK_removal
ATCATGGAGTAGGTGC.41	1	core_retained_singlet	mac_mono_supported	retain_for_current_mac_mono_analysis	core_clean_singlets	11	retain_after_residual_T_NK_removal
ATCTGCCCAAAGGCGT.41	1	core_retained_singlet	mac_mono_supported	retain_for_current_mac_mono_analysis	core_clean_singlets	11	retain_after_residual_T_NK_removal
ATCTGCCTCTCCCTGA.41	8	core_retained_singlet	mac_mono_supported	retain_for_current_mac_mono_analysis	core_clean_singlets	11	retain_after_residual_T_NK_removal
ATGTGTGCAAGGACTG.41	1	core_retained_singlet	mac_mono_supported	retain_for_current_mac_mono_analysis	core_clean_singlets	11	retain_after_residual_T_NK_removal
ATGTGTGTCTGAGTGT.41	8	core_retained_singlet	mac_mono_supported	retain_for_current_mac_mono_analysis	core_clean_singlets	11	retain_after_residual_T_NK_removal
CAAGATCCAGGTCTCG.41	1	core_retained_singlet	mac_mono_supported	retain_for_current_mac_mono_analysis	core_clean_singlets	11	retain_after_residual_T_NK_removal
CAGAATCGTAAATGTG.41	1	core_retained_singlet	mac_mono_supported	retain_for_current_mac_mono_analysis	core_clean_singlets	11	retain_after_residual_T_NK_removal
CAGCAGCCAGCTGTAT.41	1	core_retained_singlet	mac_mono_supported	retain_for_current_mac_mono_analysis	core_clean_singlets	11	retain_after_residual_T_NK_removal
CAGTAACCAGTAACGG.41	1	core_retained_singlet	mac_mono_supported	retain_for_current_mac_mono_analysis	core_clean_singlets	11	retain_after_residual_T_NK_removal
CATCCACCATGGTTGT.41	1	core_retained_singlet	mac_mono_supported	retain_for_current_mac_mono_analysis	core_clean_singlets	11	retain_after_residual_T_NK_removal
CCAATCCGTGAGCGAT.41	8	core_retained_singlet	mac_mono_supported	retain_for_current_mac_mono_analysis	core_clean_singlets	11	retain_after_residual_T_NK_removal
CCACGGACAGGAACGT.41	8	core_retained_singlet	mac_mono_supported	retain_for_current_mac_mono_analysis	core_clean_singlets	11	retain_after_residual_T_NK_removal
CCAGCGAGTCAAACTC.41	1	core_retained_singlet	mac_mono_supported	retain_for_current_mac_mono_analysis	core_clean_singlets	11	retain_after_residual_T_NK_removal
CCTAAAGGTGAGTATA.41	1	core_retained_singlet	mac_mono_supported	retain_for_current_mac_mono_analysis	core_clean_singlets	11	retain_after_residual_T_NK_removal
CCTACACGTTCTCATT.41	1	core_retained_singlet	mac_mono_supported	retain_for_current_mac_mono_analysis	core_clean_singlets	11	retain_after_residual_T_NK_removal
CCTCTGAGTCAATACC.41	1	core_retained_singlet	mac_mono_supported	retain_for_current_mac_mono_analysis	core_clean_singlets	11	retain_after_residual_T_NK_removal
CCTCTGATCTGGTGTA.41	8	core_retained_singlet	mac_mono_supported	retain_for_current_mac_mono_analysis	core_clean_singlets	11	retain_after_residual_T_NK_removal
CGAGCACCACTGTCGG.41	1	core_retained_singlet	mac_mono_supported	retain_for_current_mac_mono_analysis	core_clean_singlets	11	retain_after_residual_T_NK_removal
CGGACGTAGCCTATGT.41	8	core_retained_singlet	mac_mono_supported	retain_for_current_mac_mono_analysis	core_clean_singlets	11	retain_after_residual_T_NK_removal
CGGCTAGCAATTCCTT.41	1	core_retained_singlet	mac_mono_supported	retain_for_current_mac_mono_analysis	core_clean_singlets	11	retain_after_residual_T_NK_removal
CGTCACTGTTGGGACA.41	1	core_retained_singlet	mac_mono_supported	retain_for_current_mac_mono_analysis	core_clean_singlets	11	retain_after_residual_T_NK_removal
CGTCTACGTACCGTAT.41	1	core_retained_singlet	mac_mono_supported	retain_for_current_mac_mono_analysis	core_clean_singlets	11	retain_after_residual_T_NK_removal
CGTGAGCTCTAACTTC.41	1	core_retained_singlet	mac_mono_supported	retain_for_current_mac_mono_analysis	core_clean_singlets	11	retain_after_residual_T_NK_removal
CGTGTCTCAGTCACTA.41	1	core_retained_singlet	mac_mono_supported	retain_for_current_mac_mono_analysis	core_clean_singlets	11	retain_after_residual_T_NK_removal
CGTTCTGCAAGGTGTG.41	10	core_retained_singlet	mac_mono_supported	retain_for_current_mac_mono_analysis	core_clean_singlets	11	retain_after_residual_T_NK_removal
CTACGTCGTCAGAGGT.41	1	core_retained_singlet	mac_mono_supported	retain_for_current_mac_mono_analysis	core_clean_singlets	11	retain_after_residual_T_NK_removal
CTCTACGCACACCGCA.41	8	core_retained_singlet	mac_mono_supported	retain_for_current_mac_mono_analysis	core_clean_singlets	11	retain_after_residual_T_NK_removal
CTGAAACAGGGCTCTC.41	8	core_retained_singlet	mac_mono_supported	retain_for_current_mac_mono_analysis	core_clean_singlets	11	retain_after_residual_T_NK_removal
CTGCCTACAGTAAGCG.41	1	core_retained_singlet	mac_mono_supported	retain_for_current_mac_mono_analysis	core_clean_singlets	11	retain_after_residual_T_NK_removal
CTGCGGAAGAGAGCTC.41	1	core_retained_singlet	mac_mono_supported	retain_for_current_mac_mono_analysis	core_clean_singlets	11	retain_after_residual_T_NK_removal
CTGCGGACACCCAGTG.41	1	core_retained_singlet	mac_mono_supported	retain_for_current_mac_mono_analysis	core_clean_singlets	11	retain_after_residual_T_NK_removal
CTGCTGTGTAGCAAAT.41	1	core_retained_singlet	mac_mono_supported	retain_for_current_mac_mono_analysis	core_clean_singlets	11	retain_after_residual_T_NK_removal
CTGCTGTGTGTATGGG.41	8	core_retained_singlet	mac_mono_supported	retain_for_current_mac_mono_analysis	core_clean_singlets	11	retain_after_residual_T_NK_removal
CTTAACTGTCTCCATC.41	10	core_retained_singlet	mac_mono_supported	retain_for_current_mac_mono_analysis	core_clean_singlets	11	retain_after_residual_T_NK_removal
GAAACTCGTCCATGAT.41	1	core_retained_singlet	mac_mono_supported	retain_for_current_mac_mono_analysis	core_clean_singlets	11	retain_after_residual_T_NK_removal
GAAATGACACGGCTAC.41	1	core_retained_singlet	mac_mono_supported	retain_for_current_mac_mono_analysis	core_clean_singlets	11	retain_after_residual_T_NK_removal
GAATGAATCGTCCGTT.41	8	core_retained_singlet	mac_mono_supported	retain_for_current_mac_mono_analysis	core_clean_singlets	11	retain_after_residual_T_NK_removal
GAATGAATCTGCAGTA.41	1	core_retained_singlet	mac_mono_supported	retain_for_current_mac_mono_analysis	core_clean_singlets	11	retain_after_residual_T_NK_removal
GACACGCTCTCATTCA.41	8	core_retained_singlet	mac_mono_supported	retain_for_current_mac_mono_analysis	core_clean_singlets	11	retain_after_residual_T_NK_removal
GACCAATAGCTACCGC.41	1	core_retained_singlet	mac_mono_supported	retain_for_current_mac_mono_analysis	core_clean_singlets	11	retain_after_residual_T_NK_removal
GATCAGTTCACGCGGT.41	1	core_retained_singlet	mac_mono_supported	retain_for_current_mac_mono_analysis	core_clean_singlets	11	retain_after_residual_T_NK_removal
GATTCAGGTTCTGTTT.41	8	core_retained_singlet	mac_mono_supported	retain_for_current_mac_mono_analysis	core_clean_singlets	11	retain_after_residual_T_NK_removal
GCAAACTGTCCGAGTC.41	8	core_retained_singlet	mac_mono_supported	retain_for_current_mac_mono_analysis	core_clean_singlets	11	retain_after_residual_T_NK_removal
GCATACACATGCTAGT.41	5	core_retained_singlet	mac_mono_supported	retain_for_current_mac_mono_analysis	core_clean_singlets	11	retain_after_residual_T_NK_removal
GCATACATCATACGGT.41	1	core_retained_singlet	mac_mono_supported	retain_for_current_mac_mono_analysis	core_clean_singlets	11	retain_after_residual_T_NK_removal
GCGCAACAGGTAGCTG.41	1	core_retained_singlet	mac_mono_supported	retain_for_current_mac_mono_analysis	core_clean_singlets	11	retain_after_residual_T_NK_removal
GCGCCAATCAGGCAAG.41	1	core_retained_singlet	mac_mono_supported	retain_for_current_mac_mono_analysis	core_clean_singlets	11	retain_after_residual_T_NK_removal
GGTGAAGAGCCATCGC.41	8	core_retained_singlet	mac_mono_supported	retain_for_current_mac_mono_analysis	core_clean_singlets	11	retain_after_residual_T_NK_removal
GGTGTTATCTTTCCTC.41	1	core_retained_singlet	mac_mono_supported	retain_for_current_mac_mono_analysis	core_clean_singlets	11	retain_after_residual_T_NK_removal
GTCACAATCAAGAAGT.41	1	core_retained_singlet	mac_mono_supported	retain_for_current_mac_mono_analysis	core_clean_singlets	11	retain_after_residual_T_NK_removal
GTCGGGTCAATTGCTG.41	8	core_retained_singlet	mac_mono_supported	retain_for_current_mac_mono_analysis	core_clean_singlets	11	retain_after_residual_T_NK_removal
GTCTCGTTCCTGTACC.41	8	core_retained_singlet	mac_mono_supported	retain_for_current_mac_mono_analysis	core_clean_singlets	11	retain_after_residual_T_NK_removal
GTCTTCGCACGGCGTT.41	1	core_retained_singlet	mac_mono_supported	retain_for_current_mac_mono_analysis	core_clean_singlets	11	retain_after_residual_T_NK_removal
GTGCAGCGTACTCTCC.41	1	core_retained_singlet	mac_mono_supported	retain_for_current_mac_mono_analysis	core_clean_singlets	11	retain_after_residual_T_NK_removal
GTGCTTCAGCAGGCTA.41	1	core_retained_singlet	mac_mono_supported	retain_for_current_mac_mono_analysis	core_clean_singlets	11	retain_after_residual_T_NK_removal
GTTCTCGAGCTGTCTA.41	1	core_retained_singlet	mac_mono_supported	retain_for_current_mac_mono_analysis	core_clean_singlets	11	retain_after_residual_T_NK_removal
TAAGAGAAGTGGTCCC.41	1	core_retained_singlet	mac_mono_supported	retain_for_current_mac_mono_analysis	core_clean_singlets	11	retain_after_residual_T_NK_removal
TACACGAAGACAGAGA.41	1	core_retained_singlet	mac_mono_supported	retain_for_current_mac_mono_analysis	core_clean_singlets	11	retain_after_residual_T_NK_removal
TACGGGCTCATCTGTT.41	1	core_retained_singlet	mac_mono_supported	retain_for_current_mac_mono_analysis	core_clean_singlets	11	retain_after_residual_T_NK_removal
TACTTACCAGTCAGAG.41	8	core_retained_singlet	mac_mono_supported	retain_for_current_mac_mono_analysis	core_clean_singlets	11	retain_after_residual_T_NK_removal
TAGACCAAGCGTTTAC.41	1	core_retained_singlet	mac_mono_supported	retain_for_current_mac_mono_analysis	core_clean_singlets	11	retain_after_residual_T_NK_removal
TCACGAACACGGTGTC.41	5	core_retained_singlet	mac_mono_supported	retain_for_current_mac_mono_analysis	core_clean_singlets	11	retain_after_residual_T_NK_removal
TCAGATGAGTGACATA.41	1	core_retained_singlet	mac_mono_supported	retain_for_current_mac_mono_analysis	core_clean_singlets	11	retain_after_residual_T_NK_removal
TCAGCTCGTCAAGCGA.41	1	core_retained_singlet	mac_mono_supported	retain_for_current_mac_mono_analysis	core_clean_singlets	11	retain_after_residual_T_NK_removal
TCAGGTAGTACTTAGC.41	1	core_retained_singlet	mac_mono_supported	retain_for_current_mac_mono_analysis	core_clean_singlets	11	retain_after_residual_T_NK_removal
TCGAGGCCAATCCAAC.41	1	core_retained_singlet	mac_mono_supported	retain_for_current_mac_mono_analysis	core_clean_singlets	11	retain_after_residual_T_NK_removal
TCTCTAATCGACCAGC.41	1	core_retained_singlet	mac_mono_supported	retain_for_current_mac_mono_analysis	core_clean_singlets	11	retain_after_residual_T_NK_removal
TGACGGCAGCCTTGAT.41	1	core_retained_singlet	mac_mono_supported	retain_for_current_mac_mono_analysis	core_clean_singlets	11	retain_after_residual_T_NK_removal
TGAGGGATCACTTACT.41	1	core_retained_singlet	mac_mono_supported	retain_for_current_mac_mono_analysis	core_clean_singlets	11	retain_after_residual_T_NK_removal
TGATTTCTCAACTCTT.41	1	core_retained_singlet	mac_mono_supported	retain_for_current_mac_mono_analysis	core_clean_singlets	11	retain_after_residual_T_NK_removal
TGCACCTCACAAGTAA.41	8	core_retained_singlet	mac_mono_supported	retain_for_current_mac_mono_analysis	core_clean_singlets	11	retain_after_residual_T_NK_removal
TGCCAAACAACGCACC.41	8	core_retained_singlet	mac_mono_supported	retain_for_current_mac_mono_analysis	core_clean_singlets	11	retain_after_residual_T_NK_removal
TGCTGCTCATGGTCAT.41	8	core_retained_singlet	mac_mono_supported	retain_for_current_mac_mono_analysis	core_clean_singlets	11	retain_after_residual_T_NK_removal
TGTGGTATCCTATTCA.41	8	core_retained_singlet	mac_mono_supported	retain_for_current_mac_mono_analysis	core_clean_singlets	11	retain_after_residual_T_NK_removal
TTAGTTCAGACAGGCT.41	5	core_retained_singlet	mac_mono_supported	retain_for_current_mac_mono_analysis	core_clean_singlets	11	retain_after_residual_T_NK_removal
TTCTACAAGCCGATTT.41	1	core_retained_singlet	mac_mono_supported	retain_for_current_mac_mono_analysis	core_clean_singlets	11	retain_after_residual_T_NK_removal
TTGAACGTCACAACGT.41	1	core_retained_singlet	mac_mono_supported	retain_for_current_mac_mono_analysis	core_clean_singlets	11	retain_after_residual_T_NK_removal
TTGCCGTAGATCTGCT.41	1	core_retained_singlet	mac_mono_supported	retain_for_current_mac_mono_analysis	core_clean_singlets	11	retain_after_residual_T_NK_removal
AAACCTGAGGCTCTTA.46	1	core_retained_singlet	mac_mono_supported	retain_for_current_mac_mono_analysis	core_clean_singlets	11	retain_after_residual_T_NK_removal
AAATGCCAGGACAGAA.46	1	core_retained_singlet	mac_mono_supported	retain_for_current_mac_mono_analysis	core_clean_singlets	11	retain_after_residual_T_NK_removal
AAATGCCGTCTCTCGT.46	1	core_retained_singlet	mac_mono_supported	retain_for_current_mac_mono_analysis	core_clean_singlets	11	retain_after_residual_T_NK_removal
AACTCCCGTGTTGGGA.46	1	core_retained_singlet	mac_mono_supported	retain_for_current_mac_mono_analysis	core_clean_singlets	11	retain_after_residual_T_NK_removal
AAGTCTGTCGTCCGTT.46	1	core_retained_singlet	mac_mono_supported	retain_for_current_mac_mono_analysis	core_clean_singlets	11	retain_after_residual_T_NK_removal
ACACCGGCACGGTAGA.46	10	core_retained_singlet	mac_mono_supported	retain_for_current_mac_mono_analysis	core_clean_singlets	11	retain_after_residual_T_NK_removal
AGAGTGGTCGATCCCT.46	1	core_retained_singlet	mac_mono_supported	retain_for_current_mac_mono_analysis	core_clean_singlets	11	retain_after_residual_T_NK_removal
AGCAGCCCAGCTTCGG.46	1	core_retained_singlet	mac_mono_supported	retain_for_current_mac_mono_analysis	core_clean_singlets	11	retain_after_residual_T_NK_removal
AGCTTGAGTATGCTTG.46	1	core_retained_singlet	mac_mono_supported	retain_for_current_mac_mono_analysis	core_clean_singlets	11	retain_after_residual_T_NK_removal
ATAGACCCATGTCCTC.46	1	core_retained_singlet	mac_mono_supported	retain_for_current_mac_mono_analysis	core_clean_singlets	11	retain_after_residual_T_NK_removal
ATCACGAAGTACACCT.46	1	core_retained_singlet	mac_mono_supported	retain_for_current_mac_mono_analysis	core_clean_singlets	11	retain_after_residual_T_NK_removal
ATCATGGCAGCGAACA.46	1	core_retained_singlet	mac_mono_supported	retain_for_current_mac_mono_analysis	core_clean_singlets	11	retain_after_residual_T_NK_removal
ATGAGGGAGAGCCTAG.46	1	core_retained_singlet	mac_mono_supported	retain_for_current_mac_mono_analysis	core_clean_singlets	11	retain_after_residual_T_NK_removal
CACAAACTCGAGGTAG.46	1	core_retained_singlet	mac_mono_supported	retain_for_current_mac_mono_analysis	core_clean_singlets	11	retain_after_residual_T_NK_removal
CACACCTCAATGGAGC.46	8	core_retained_singlet	mac_mono_supported	retain_for_current_mac_mono_analysis	core_clean_singlets	11	retain_after_residual_T_NK_removal
CACATAGGTTGGAGGT.46	8	core_retained_singlet	mac_mono_supported	retain_for_current_mac_mono_analysis	core_clean_singlets	11	retain_after_residual_T_NK_removal
CACCAGGAGGCAATTA.46	1	core_retained_singlet	mac_mono_supported	retain_for_current_mac_mono_analysis	core_clean_singlets	11	retain_after_residual_T_NK_removal
CACCAGGCAAGCTGAG.46	1	core_retained_singlet	mac_mono_supported	retain_for_current_mac_mono_analysis	core_clean_singlets	11	retain_after_residual_T_NK_removal
CACCAGGGTGTAAGTA.46	1	core_retained_singlet	mac_mono_supported	retain_for_current_mac_mono_analysis	core_clean_singlets	11	retain_after_residual_T_NK_removal
CAGTCCTAGGTGCTAG.46	1	core_retained_singlet	mac_mono_supported	retain_for_current_mac_mono_analysis	core_clean_singlets	11	retain_after_residual_T_NK_removal
CCAATCCAGACGCTTT.46	1	core_retained_singlet	mac_mono_supported	retain_for_current_mac_mono_analysis	core_clean_singlets	11	retain_after_residual_T_NK_removal
CCACTACCAGCCTATA.46	1	core_retained_singlet	mac_mono_supported	retain_for_current_mac_mono_analysis	core_clean_singlets	11	retain_after_residual_T_NK_removal
CCGTGGAGTCTAGCGC.46	5	core_retained_singlet	mac_mono_supported	retain_for_current_mac_mono_analysis	core_clean_singlets	11	retain_after_residual_T_NK_removal
CCTATTACATCGGTTA.46	1	core_retained_singlet	mac_mono_supported	retain_for_current_mac_mono_analysis	core_clean_singlets	11	retain_after_residual_T_NK_removal
CCTTCCCCATCGGTTA.46	5	core_retained_singlet	mac_mono_supported	retain_for_current_mac_mono_analysis	core_clean_singlets	11	retain_after_residual_T_NK_removal
CCTTCGAGTGTGACGA.46	1	core_retained_singlet	mac_mono_supported	retain_for_current_mac_mono_analysis	core_clean_singlets	11	retain_after_residual_T_NK_removal
CGAGCACGTACTTGAC.46	1	core_retained_singlet	mac_mono_supported	retain_for_current_mac_mono_analysis	core_clean_singlets	11	retain_after_residual_T_NK_removal
CGATGTACAAACCCAT.46	8	core_retained_singlet	mac_mono_supported	retain_for_current_mac_mono_analysis	core_clean_singlets	11	retain_after_residual_T_NK_removal
CGGACGTCAAGTCTAC.46	1	core_retained_singlet	mac_mono_supported	retain_for_current_mac_mono_analysis	core_clean_singlets	11	retain_after_residual_T_NK_removal
CGTTAGAGTTTGGGCC.46	1	core_retained_singlet	mac_mono_supported	retain_for_current_mac_mono_analysis	core_clean_singlets	11	retain_after_residual_T_NK_removal
CGTTCTGCAACGCACC.46	8	core_retained_singlet	mac_mono_supported	retain_for_current_mac_mono_analysis	core_clean_singlets	11	retain_after_residual_T_NK_removal
CGTTCTGTCCGCGTTT.46	1	core_retained_singlet	mac_mono_supported	retain_for_current_mac_mono_analysis	core_clean_singlets	11	retain_after_residual_T_NK_removal
CTAGCCTGTGGACGAT.46	8	core_retained_singlet	mac_mono_supported	retain_for_current_mac_mono_analysis	core_clean_singlets	11	retain_after_residual_T_NK_removal
CTCATTAAGGCATGGT.46	1	core_retained_singlet	mac_mono_supported	retain_for_current_mac_mono_analysis	core_clean_singlets	11	retain_after_residual_T_NK_removal
CTCGAAATCTTATCTG.46	1	core_retained_singlet	mac_mono_supported	retain_for_current_mac_mono_analysis	core_clean_singlets	11	retain_after_residual_T_NK_removal
CTCGTACTCACGATGT.46	1	core_retained_singlet	mac_mono_supported	retain_for_current_mac_mono_analysis	core_clean_singlets	11	retain_after_residual_T_NK_removal
CTCTACGCAAGTTCTG.46	1	core_retained_singlet	mac_mono_supported	retain_for_current_mac_mono_analysis	core_clean_singlets	11	retain_after_residual_T_NK_removal
CTGTGCTGTTTGGGCC.46	1	core_retained_singlet	mac_mono_supported	retain_for_current_mac_mono_analysis	core_clean_singlets	11	retain_after_residual_T_NK_removal
GAAACTCAGTTGTAGA.46	5	core_retained_singlet	mac_mono_supported	retain_for_current_mac_mono_analysis	core_clean_singlets	11	retain_after_residual_T_NK_removal
GACCAATGTACAGCAG.46	8	core_retained_singlet	mac_mono_supported	retain_for_current_mac_mono_analysis	core_clean_singlets	11	retain_after_residual_T_NK_removal
GACGGCTAGCTAAACA.46	5	core_retained_singlet	mac_mono_supported	retain_for_current_mac_mono_analysis	core_clean_singlets	11	retain_after_residual_T_NK_removal
GATCGATTCTCCAACC.46	1	core_retained_singlet	mac_mono_supported	retain_for_current_mac_mono_analysis	core_clean_singlets	11	retain_after_residual_T_NK_removal
GATGAGGGTACAGACG.46	1	core_retained_singlet	mac_mono_supported	retain_for_current_mac_mono_analysis	core_clean_singlets	11	retain_after_residual_T_NK_removal
GCACTCTGTTGATTGC.46	1	core_retained_singlet	mac_mono_supported	retain_for_current_mac_mono_analysis	core_clean_singlets	11	retain_after_residual_T_NK_removal
GCATACAGTCATATCG.46	8	core_retained_singlet	mac_mono_supported	retain_for_current_mac_mono_analysis	core_clean_singlets	11	retain_after_residual_T_NK_removal
GCATGCGCACAGACTT.46	8	core_retained_singlet	mac_mono_supported	retain_for_current_mac_mono_analysis	core_clean_singlets	11	retain_after_residual_T_NK_removal
GCGCAGTAGTTGTCGT.46	1	core_retained_singlet	mac_mono_supported	retain_for_current_mac_mono_analysis	core_clean_singlets	11	retain_after_residual_T_NK_removal
GCTCTGTCAGTTCCCT.46	1	core_retained_singlet	mac_mono_supported	retain_for_current_mac_mono_analysis	core_clean_singlets	11	retain_after_residual_T_NK_removal
GCTGCAGCACGTCAGC.46	1	core_retained_singlet	mac_mono_supported	retain_for_current_mac_mono_analysis	core_clean_singlets	11	retain_after_residual_T_NK_removal
GCTGCTTCACTGCCAG.46	1	core_retained_singlet	mac_mono_supported	retain_for_current_mac_mono_analysis	core_clean_singlets	11	retain_after_residual_T_NK_removal
GGAATAAAGATGGCGT.46	8	core_retained_singlet	mac_mono_supported	retain_for_current_mac_mono_analysis	core_clean_singlets	11	retain_after_residual_T_NK_removal
GGAATAAAGTACACCT.46	1	core_retained_singlet	mac_mono_supported	retain_for_current_mac_mono_analysis	core_clean_singlets	11	retain_after_residual_T_NK_removal
GGAATAAGTTGGACCC.46	1	core_retained_singlet	mac_mono_supported	retain_for_current_mac_mono_analysis	core_clean_singlets	11	retain_after_residual_T_NK_removal
GGACGTCAGTCCAGGA.46	5	core_retained_singlet	mac_mono_supported	retain_for_current_mac_mono_analysis	core_clean_singlets	11	retain_after_residual_T_NK_removal
GGCCGATAGTAGTGCG.46	1	core_retained_singlet	mac_mono_supported	retain_for_current_mac_mono_analysis	core_clean_singlets	11	retain_after_residual_T_NK_removal
GGCGACTGTAGCACGA.46	5	core_retained_singlet	mac_mono_supported	retain_for_current_mac_mono_analysis	core_clean_singlets	11	retain_after_residual_T_NK_removal
GGGACCTTCAGCGACC.46	1	core_retained_singlet	mac_mono_supported	retain_for_current_mac_mono_analysis	core_clean_singlets	11	retain_after_residual_T_NK_removal
GGGAGATTCAGTTCGA.46	1	core_retained_singlet	mac_mono_supported	retain_for_current_mac_mono_analysis	core_clean_singlets	11	retain_after_residual_T_NK_removal
GGGCACTGTAAGTGGC.46	1	core_retained_singlet	mac_mono_supported	retain_for_current_mac_mono_analysis	core_clean_singlets	11	retain_after_residual_T_NK_removal
GGGTTGCTCAAGAAGT.46	1	core_retained_singlet	mac_mono_supported	retain_for_current_mac_mono_analysis	core_clean_singlets	11	retain_after_residual_T_NK_removal
GGTGTTACACGAAATA.46	1	core_retained_singlet	mac_mono_supported	retain_for_current_mac_mono_analysis	core_clean_singlets	11	retain_after_residual_T_NK_removal
GTACGTACACGCATCG.46	1	core_retained_singlet	mac_mono_supported	retain_for_current_mac_mono_analysis	core_clean_singlets	11	retain_after_residual_T_NK_removal
GTCTTCGCAGTAAGCG.46	1	core_retained_singlet	mac_mono_supported	retain_for_current_mac_mono_analysis	core_clean_singlets	11	retain_after_residual_T_NK_removal
GTGAAGGGTCTAAAGA.46	1	core_retained_singlet	mac_mono_supported	retain_for_current_mac_mono_analysis	core_clean_singlets	11	retain_after_residual_T_NK_removal
GTGGGTCCACACCGCA.46	1	core_retained_singlet	mac_mono_supported	retain_for_current_mac_mono_analysis	core_clean_singlets	11	retain_after_residual_T_NK_removal
GTTTCTAGTGGTGTAG.46	1	core_retained_singlet	mac_mono_supported	retain_for_current_mac_mono_analysis	core_clean_singlets	11	retain_after_residual_T_NK_removal
TAAGTGCAGCTGAACG.46	5	core_retained_singlet	mac_mono_supported	retain_for_current_mac_mono_analysis	core_clean_singlets	11	retain_after_residual_T_NK_removal
TACTCATTCAGGCAAG.46	8	core_retained_singlet	mac_mono_supported	retain_for_current_mac_mono_analysis	core_clean_singlets	11	retain_after_residual_T_NK_removal
TCATTACAGAGACTTA.46	1	core_retained_singlet	mac_mono_supported	retain_for_current_mac_mono_analysis	core_clean_singlets	11	retain_after_residual_T_NK_removal
TGAGCCGAGTAAGTAC.46	1	core_retained_singlet	mac_mono_supported	retain_for_current_mac_mono_analysis	core_clean_singlets	11	retain_after_residual_T_NK_removal
TGAGCCGGTGAGTGAC.46	1	core_retained_singlet	mac_mono_supported	retain_for_current_mac_mono_analysis	core_clean_singlets	11	retain_after_residual_T_NK_removal
TGCTACCCAAGGTGTG.46	1	core_retained_singlet	mac_mono_supported	retain_for_current_mac_mono_analysis	core_clean_singlets	11	retain_after_residual_T_NK_removal
TGGCTGGCACAACGCC.46	8	core_retained_singlet	mac_mono_supported	retain_for_current_mac_mono_analysis	core_clean_singlets	11	retain_after_residual_T_NK_removal
TGGGAAGAGAGGTACC.46	1	core_retained_singlet	mac_mono_supported	retain_for_current_mac_mono_analysis	core_clean_singlets	11	retain_after_residual_T_NK_removal
TGGGCGTGTTACGTCA.46	1	core_retained_singlet	mac_mono_supported	retain_for_current_mac_mono_analysis	core_clean_singlets	11	retain_after_residual_T_NK_removal
TGGGCGTTCCTGCCAT.46	1	core_retained_singlet	mac_mono_supported	retain_for_current_mac_mono_analysis	core_clean_singlets	11	retain_after_residual_T_NK_removal
TTCGGTCAGCCGGTAA.46	1	core_retained_singlet	mac_mono_supported	retain_for_current_mac_mono_analysis	core_clean_singlets	11	retain_after_residual_T_NK_removal
TTCTCCTCAATGGTCT.46	8	core_retained_singlet	mac_mono_supported	retain_for_current_mac_mono_analysis	core_clean_singlets	11	retain_after_residual_T_NK_removal
TTGAACGCACAGACTT.46	5	core_retained_singlet	mac_mono_supported	retain_for_current_mac_mono_analysis	core_clean_singlets	11	retain_after_residual_T_NK_removal
TTGACTTTCAGGATCT.46	1	core_retained_singlet	mac_mono_supported	retain_for_current_mac_mono_analysis	core_clean_singlets	11	retain_after_residual_T_NK_removal
AAAGTAGCAATGGAGC.52	1	core_retained_singlet	mac_mono_supported	retain_for_current_mac_mono_analysis	core_clean_singlets	11	retain_after_residual_T_NK_removal
AAAGTAGGTGCAACGA.52	1	core_retained_singlet	mac_mono_supported	retain_for_current_mac_mono_analysis	core_clean_singlets	11	retain_after_residual_T_NK_removal
AAATGCCAGGCTCATT.52	8	core_retained_singlet	mac_mono_supported	retain_for_current_mac_mono_analysis	core_clean_singlets	11	retain_after_residual_T_NK_removal
AACTCCCAGGTTACCT.52	1	core_retained_singlet	mac_mono_supported	retain_for_current_mac_mono_analysis	core_clean_singlets	11	retain_after_residual_T_NK_removal
AACTCCCCAGCAGTTT.52	1	core_retained_singlet	mac_mono_supported	retain_for_current_mac_mono_analysis	core_clean_singlets	11	retain_after_residual_T_NK_removal
AACTCCCTCCTCCTAG.52	8	core_retained_singlet	mac_mono_supported	retain_for_current_mac_mono_analysis	core_clean_singlets	11	retain_after_residual_T_NK_removal
AACTGGTTCGGCCGAT.52	1	core_retained_singlet	mac_mono_supported	retain_for_current_mac_mono_analysis	core_clean_singlets	11	retain_after_residual_T_NK_removal
AAGCCGCCATTGCGGC.52	1	core_retained_singlet	mac_mono_supported	retain_for_current_mac_mono_analysis	core_clean_singlets	11	retain_after_residual_T_NK_removal
AAGCCGCGTGAGGGTT.52	1	core_retained_singlet	mac_mono_supported	retain_for_current_mac_mono_analysis	core_clean_singlets	11	retain_after_residual_T_NK_removal
AAGCCGCTCGCCATAA.52	1	core_retained_singlet	mac_mono_supported	retain_for_current_mac_mono_analysis	core_clean_singlets	11	retain_after_residual_T_NK_removal
AAGGCAGTCCGTAGGC.52	1	core_retained_singlet	mac_mono_supported	retain_for_current_mac_mono_analysis	core_clean_singlets	11	retain_after_residual_T_NK_removal
AAGGTTCCAAGGACTG.52	1	core_retained_singlet	mac_mono_supported	retain_for_current_mac_mono_analysis	core_clean_singlets	11	retain_after_residual_T_NK_removal
AATCCAGGTACCCAAT.52	1	core_retained_singlet	mac_mono_supported	retain_for_current_mac_mono_analysis	core_clean_singlets	11	retain_after_residual_T_NK_removal
AATCCAGTCCGTTGCT.52	1	core_retained_singlet	mac_mono_supported	retain_for_current_mac_mono_analysis	core_clean_singlets	11	retain_after_residual_T_NK_removal
ACACCGGGTATAGGTA.52	1	core_retained_singlet	mac_mono_supported	retain_for_current_mac_mono_analysis	core_clean_singlets	11	retain_after_residual_T_NK_removal
ACACCGGGTTCACGGC.52	8	core_retained_singlet	mac_mono_supported	retain_for_current_mac_mono_analysis	core_clean_singlets	11	retain_after_residual_T_NK_removal
ACACCGGTCATGTAGC.52	8	core_retained_singlet	mac_mono_supported	retain_for_current_mac_mono_analysis	core_clean_singlets	11	retain_after_residual_T_NK_removal
ACCCACTCATGTCGAT.52	1	core_retained_singlet	mac_mono_supported	retain_for_current_mac_mono_analysis	core_clean_singlets	11	retain_after_residual_T_NK_removal
ACCGTAACACAGGTTT.52	1	core_retained_singlet	mac_mono_supported	retain_for_current_mac_mono_analysis	core_clean_singlets	11	retain_after_residual_T_NK_removal
ACGAGCCCATTCCTCG.52	8	core_retained_singlet	mac_mono_supported	retain_for_current_mac_mono_analysis	core_clean_singlets	11	retain_after_residual_T_NK_removal
ACGAGCCTCTACTATC.52	1	core_retained_singlet	mac_mono_supported	retain_for_current_mac_mono_analysis	core_clean_singlets	11	retain_after_residual_T_NK_removal
ACGATACCAGGGTATG.52	1	core_retained_singlet	mac_mono_supported	retain_for_current_mac_mono_analysis	core_clean_singlets	11	retain_after_residual_T_NK_removal
ACGATACGTCTGCGGT.52	1	core_retained_singlet	mac_mono_supported	retain_for_current_mac_mono_analysis	core_clean_singlets	11	retain_after_residual_T_NK_removal
ACGCAGCCACTTAAGC.52	1	core_retained_singlet	mac_mono_supported	retain_for_current_mac_mono_analysis	core_clean_singlets	11	retain_after_residual_T_NK_removal
ACGCCAGAGGTGCAAC.52	1	core_retained_singlet	mac_mono_supported	retain_for_current_mac_mono_analysis	core_clean_singlets	11	retain_after_residual_T_NK_removal
ACGGCCAGTTAGGGTG.52	1	core_retained_singlet	mac_mono_supported	retain_for_current_mac_mono_analysis	core_clean_singlets	11	retain_after_residual_T_NK_removal
ACGGGTCAGGGATCTG.52	1	core_retained_singlet	mac_mono_supported	retain_for_current_mac_mono_analysis	core_clean_singlets	11	retain_after_residual_T_NK_removal
ACGGGTCCAAGGTTCT.52	1	core_retained_singlet	mac_mono_supported	retain_for_current_mac_mono_analysis	core_clean_singlets	11	retain_after_residual_T_NK_removal
ACTGAGTGTAGCTCCG.52	1	core_retained_singlet	mac_mono_supported	retain_for_current_mac_mono_analysis	core_clean_singlets	11	retain_after_residual_T_NK_removal
ACTGCTCCAAAGCGGT.52	1	core_retained_singlet	mac_mono_supported	retain_for_current_mac_mono_analysis	core_clean_singlets	11	retain_after_residual_T_NK_removal
ACTGCTCGTGTAAGTA.52	1	core_retained_singlet	mac_mono_supported	retain_for_current_mac_mono_analysis	core_clean_singlets	11	retain_after_residual_T_NK_removal
ACTGCTCTCGGAGGTA.52	1	core_retained_singlet	mac_mono_supported	retain_for_current_mac_mono_analysis	core_clean_singlets	11	retain_after_residual_T_NK_removal
ACTTGTTGTAGAGCTG.52	1	core_retained_singlet	mac_mono_supported	retain_for_current_mac_mono_analysis	core_clean_singlets	11	retain_after_residual_T_NK_removal
AGACGTTTCTTACCGC.52	1	core_retained_singlet	mac_mono_supported	retain_for_current_mac_mono_analysis	core_clean_singlets	11	retain_after_residual_T_NK_removal
AGAGCTTGTGCTGTAT.52	1	core_retained_singlet	mac_mono_supported	retain_for_current_mac_mono_analysis	core_clean_singlets	11	retain_after_residual_T_NK_removal
AGATCTGTCATAAAGG.52	1	core_retained_singlet	mac_mono_supported	retain_for_current_mac_mono_analysis	core_clean_singlets	11	retain_after_residual_T_NK_removal
AGCAGCCCACCCAGTG.52	8	core_retained_singlet	mac_mono_supported	retain_for_current_mac_mono_analysis	core_clean_singlets	11	retain_after_residual_T_NK_removal
AGCATACAGTGGTAAT.52	1	core_retained_singlet	mac_mono_supported	retain_for_current_mac_mono_analysis	core_clean_singlets	11	retain_after_residual_T_NK_removal
AGCATACGTACTTAGC.52	1	core_retained_singlet	mac_mono_supported	retain_for_current_mac_mono_analysis	core_clean_singlets	11	retain_after_residual_T_NK_removal
AGCCTAACAACTGGCC.52	8	core_retained_singlet	mac_mono_supported	retain_for_current_mac_mono_analysis	core_clean_singlets	11	retain_after_residual_T_NK_removal
AGCGGTCGTTACGGAG.52	8	core_retained_singlet	mac_mono_supported	retain_for_current_mac_mono_analysis	core_clean_singlets	11	retain_after_residual_T_NK_removal
AGCGTATAGCACAGGT.52	1	core_retained_singlet	mac_mono_supported	retain_for_current_mac_mono_analysis	core_clean_singlets	11	retain_after_residual_T_NK_removal
AGCGTCGCAACACCTA.52	1	core_retained_singlet	mac_mono_supported	retain_for_current_mac_mono_analysis	core_clean_singlets	11	retain_after_residual_T_NK_removal
AGCGTCGGTAAATGAC.52	1	core_retained_singlet	mac_mono_supported	retain_for_current_mac_mono_analysis	core_clean_singlets	11	retain_after_residual_T_NK_removal
AGGGAGTCACGAGGTA.52	1	core_retained_singlet	mac_mono_supported	retain_for_current_mac_mono_analysis	core_clean_singlets	11	retain_after_residual_T_NK_removal
AGGGATGTCAGTTGAC.52	8	core_retained_singlet	mac_mono_supported	retain_for_current_mac_mono_analysis	core_clean_singlets	11	retain_after_residual_T_NK_removal
AGTAGTCCAATCAGAA.52	8	core_retained_singlet	mac_mono_supported	retain_for_current_mac_mono_analysis	core_clean_singlets	11	retain_after_residual_T_NK_removal
AGTCTTTAGCGTGAAC.52	1	core_retained_singlet	mac_mono_supported	retain_for_current_mac_mono_analysis	core_clean_singlets	11	retain_after_residual_T_NK_removal
AGTGTCACACAGTCGC.52	1	core_retained_singlet	mac_mono_supported	retain_for_current_mac_mono_analysis	core_clean_singlets	11	retain_after_residual_T_NK_removal
ATAGACCCACTATCTT.52	8	core_retained_singlet	mac_mono_supported	retain_for_current_mac_mono_analysis	core_clean_singlets	11	retain_after_residual_T_NK_removal
ATCCGAATCAGCAACT.52	1	core_retained_singlet	mac_mono_supported	retain_for_current_mac_mono_analysis	core_clean_singlets	11	retain_after_residual_T_NK_removal
ATGTGTGGTACTCTCC.52	1	core_retained_singlet	mac_mono_supported	retain_for_current_mac_mono_analysis	core_clean_singlets	11	retain_after_residual_T_NK_removal
ATTACTCGTCTCTCTG.52	1	core_retained_singlet	mac_mono_supported	retain_for_current_mac_mono_analysis	core_clean_singlets	11	retain_after_residual_T_NK_removal
ATTACTCGTGGTCCGT.52	1	core_retained_singlet	mac_mono_supported	retain_for_current_mac_mono_analysis	core_clean_singlets	11	retain_after_residual_T_NK_removal
ATTGGACGTCTTGATG.52	1	core_retained_singlet	mac_mono_supported	retain_for_current_mac_mono_analysis	core_clean_singlets	11	retain_after_residual_T_NK_removal
ATTGGACGTTGATTCG.52	1	core_retained_singlet	mac_mono_supported	retain_for_current_mac_mono_analysis	core_clean_singlets	11	retain_after_residual_T_NK_removal
ATTGGACTCGGCCGAT.52	1	core_retained_singlet	mac_mono_supported	retain_for_current_mac_mono_analysis	core_clean_singlets	11	retain_after_residual_T_NK_removal
ATTGGTGAGCTGGAAC.52	1	core_retained_singlet	mac_mono_supported	retain_for_current_mac_mono_analysis	core_clean_singlets	11	retain_after_residual_T_NK_removal
ATTTCTGGTAAGTAGT.52	5	core_retained_singlet	mac_mono_supported	retain_for_current_mac_mono_analysis	core_clean_singlets	11	retain_after_residual_T_NK_removal
CAACCAACACGTCAGC.52	5	core_retained_singlet	mac_mono_supported	retain_for_current_mac_mono_analysis	core_clean_singlets	11	retain_after_residual_T_NK_removal
CAAGAAACACGGTAAG.52	8	core_retained_singlet	mac_mono_supported	retain_for_current_mac_mono_analysis	core_clean_singlets	11	retain_after_residual_T_NK_removal
CAAGATCTCCTTGCCA.52	8	core_retained_singlet	mac_mono_supported	retain_for_current_mac_mono_analysis	core_clean_singlets	11	retain_after_residual_T_NK_removal
CACAAACCACCCTATC.52	5	core_retained_singlet	mac_mono_supported	retain_for_current_mac_mono_analysis	core_clean_singlets	11	retain_after_residual_T_NK_removal
CACACAAAGTGTGGCA.52	5	core_retained_singlet	mac_mono_supported	retain_for_current_mac_mono_analysis	core_clean_singlets	11	retain_after_residual_T_NK_removal
CACACTCCAATCGAAA.52	1	core_retained_singlet	mac_mono_supported	retain_for_current_mac_mono_analysis	core_clean_singlets	11	retain_after_residual_T_NK_removal
CACAGTACATGGAATA.52	8	core_retained_singlet	mac_mono_supported	retain_for_current_mac_mono_analysis	core_clean_singlets	11	retain_after_residual_T_NK_removal
CACATAGGTACCATCA.52	1	core_retained_singlet	mac_mono_supported	retain_for_current_mac_mono_analysis	core_clean_singlets	11	retain_after_residual_T_NK_removal
CACCAGGTCACATGCA.52	1	core_retained_singlet	mac_mono_supported	retain_for_current_mac_mono_analysis	core_clean_singlets	11	retain_after_residual_T_NK_removal
CACCTTGAGAAGGACA.52	1	core_retained_singlet	mac_mono_supported	retain_for_current_mac_mono_analysis	core_clean_singlets	11	retain_after_residual_T_NK_removal
CACCTTGCAATCGGTT.52	1	core_retained_singlet	mac_mono_supported	retain_for_current_mac_mono_analysis	core_clean_singlets	11	retain_after_residual_T_NK_removal
CAGAATCAGCGGATCA.52	1	core_retained_singlet	mac_mono_supported	retain_for_current_mac_mono_analysis	core_clean_singlets	11	retain_after_residual_T_NK_removal
CAGAGAGCACCAGGTC.52	1	core_retained_singlet	mac_mono_supported	retain_for_current_mac_mono_analysis	core_clean_singlets	11	retain_after_residual_T_NK_removal
CAGAGAGGTATAATGG.52	1	core_retained_singlet	mac_mono_supported	retain_for_current_mac_mono_analysis	core_clean_singlets	11	retain_after_residual_T_NK_removal
CAGCAGCCAGGGTTAG.52	1	core_retained_singlet	mac_mono_supported	retain_for_current_mac_mono_analysis	core_clean_singlets	11	retain_after_residual_T_NK_removal
CAGCAGCCATTGAGCT.52	1	core_retained_singlet	mac_mono_supported	retain_for_current_mac_mono_analysis	core_clean_singlets	11	retain_after_residual_T_NK_removal
CAGCATAGTTCTGGTA.52	1	core_retained_singlet	mac_mono_supported	retain_for_current_mac_mono_analysis	core_clean_singlets	11	retain_after_residual_T_NK_removal
CAGCTAAAGGCCATAG.52	1	core_retained_singlet	mac_mono_supported	retain_for_current_mac_mono_analysis	core_clean_singlets	11	retain_after_residual_T_NK_removal
CAGGTGCTCGAGAGCA.52	1	core_retained_singlet	mac_mono_supported	retain_for_current_mac_mono_analysis	core_clean_singlets	11	retain_after_residual_T_NK_removal
CATATGGAGGCTCAGA.52	1	core_retained_singlet	mac_mono_supported	retain_for_current_mac_mono_analysis	core_clean_singlets	11	retain_after_residual_T_NK_removal
CATATGGCAAGCTGGA.52	8	core_retained_singlet	mac_mono_supported	retain_for_current_mac_mono_analysis	core_clean_singlets	11	retain_after_residual_T_NK_removal
CATATTCGTATGCTTG.52	1	core_retained_singlet	mac_mono_supported	retain_for_current_mac_mono_analysis	core_clean_singlets	11	retain_after_residual_T_NK_removal
CATCAGACACCCTATC.52	1	core_retained_singlet	mac_mono_supported	retain_for_current_mac_mono_analysis	core_clean_singlets	11	retain_after_residual_T_NK_removal
CATGGCGTCTCGTTTA.52	8	core_retained_singlet	mac_mono_supported	retain_for_current_mac_mono_analysis	core_clean_singlets	11	retain_after_residual_T_NK_removal
CCACCTATCGACCAGC.52	1	core_retained_singlet	mac_mono_supported	retain_for_current_mac_mono_analysis	core_clean_singlets	11	retain_after_residual_T_NK_removal
CCACGGAAGGCTAGCA.52	1	core_retained_singlet	mac_mono_supported	retain_for_current_mac_mono_analysis	core_clean_singlets	11	retain_after_residual_T_NK_removal
CCACGGACAGGGTACA.52	1	core_retained_singlet	mac_mono_supported	retain_for_current_mac_mono_analysis	core_clean_singlets	11	retain_after_residual_T_NK_removal
CCACGGAGTACCATCA.52	8	core_retained_singlet	mac_mono_supported	retain_for_current_mac_mono_analysis	core_clean_singlets	11	retain_after_residual_T_NK_removal
CCACTACAGTTCGCAT.52	1	core_retained_singlet	mac_mono_supported	retain_for_current_mac_mono_analysis	core_clean_singlets	11	retain_after_residual_T_NK_removal
CCATGTCGTTACCGAT.52	1	core_retained_singlet	mac_mono_supported	retain_for_current_mac_mono_analysis	core_clean_singlets	11	retain_after_residual_T_NK_removal
CCCTCCTAGATGTTAG.52	1	core_retained_singlet	mac_mono_supported	retain_for_current_mac_mono_analysis	core_clean_singlets	11	retain_after_residual_T_NK_removal
CCCTCCTGTGTCAATC.52	8	core_retained_singlet	mac_mono_supported	retain_for_current_mac_mono_analysis	core_clean_singlets	11	retain_after_residual_T_NK_removal
CCGTGGAGTATAATGG.52	1	core_retained_singlet	mac_mono_supported	retain_for_current_mac_mono_analysis	core_clean_singlets	11	retain_after_residual_T_NK_removal
CCGTTCATCGTGGACC.52	8	core_retained_singlet	mac_mono_supported	retain_for_current_mac_mono_analysis	core_clean_singlets	11	retain_after_residual_T_NK_removal
CCTACCATCTATCGCC.52	1	core_retained_singlet	mac_mono_supported	retain_for_current_mac_mono_analysis	core_clean_singlets	11	retain_after_residual_T_NK_removal
CCTCTGAGTAAGTTCC.52	8	core_retained_singlet	mac_mono_supported	retain_for_current_mac_mono_analysis	core_clean_singlets	11	retain_after_residual_T_NK_removal
CCTTCCCTCACGATGT.52	1	core_retained_singlet	mac_mono_supported	retain_for_current_mac_mono_analysis	core_clean_singlets	11	retain_after_residual_T_NK_removal
CCTTCGACAGATAATG.52	1	core_retained_singlet	mac_mono_supported	retain_for_current_mac_mono_analysis	core_clean_singlets	11	retain_after_residual_T_NK_removal
CCTTTCTTCTAACTCT.52	1	core_retained_singlet	mac_mono_supported	retain_for_current_mac_mono_analysis	core_clean_singlets	11	retain_after_residual_T_NK_removal
CGAACATCATGACATC.52	1	core_retained_singlet	mac_mono_supported	retain_for_current_mac_mono_analysis	core_clean_singlets	11	retain_after_residual_T_NK_removal
CGACCTTAGAGCTGGT.52	1	core_retained_singlet	mac_mono_supported	retain_for_current_mac_mono_analysis	core_clean_singlets	11	retain_after_residual_T_NK_removal
CGAGAAGGTCCGCTGA.52	8	core_retained_singlet	mac_mono_supported	retain_for_current_mac_mono_analysis	core_clean_singlets	11	retain_after_residual_T_NK_removal
CGAGCACCACCGATAT.52	1	core_retained_singlet	mac_mono_supported	retain_for_current_mac_mono_analysis	core_clean_singlets	11	retain_after_residual_T_NK_removal
CGAGCACTCACCCGAG.52	8	core_retained_singlet	mac_mono_supported	retain_for_current_mac_mono_analysis	core_clean_singlets	11	retain_after_residual_T_NK_removal
CGAGCACTCATTTGGG.52	1	core_retained_singlet	mac_mono_supported	retain_for_current_mac_mono_analysis	core_clean_singlets	11	retain_after_residual_T_NK_removal
CGATCGGCATGCTAGT.52	8	core_retained_singlet	mac_mono_supported	retain_for_current_mac_mono_analysis	core_clean_singlets	11	retain_after_residual_T_NK_removal
CGATGGCGTCAGATAA.52	1	core_retained_singlet	mac_mono_supported	retain_for_current_mac_mono_analysis	core_clean_singlets	11	retain_after_residual_T_NK_removal
CGATTGAAGTTCGATC.52	1	core_retained_singlet	mac_mono_supported	retain_for_current_mac_mono_analysis	core_clean_singlets	11	retain_after_residual_T_NK_removal
CGATTGAAGTTTAGGA.52	1	core_retained_singlet	mac_mono_supported	retain_for_current_mac_mono_analysis	core_clean_singlets	11	retain_after_residual_T_NK_removal
CGCTATCTCGCTTGTC.52	1	core_retained_singlet	mac_mono_supported	retain_for_current_mac_mono_analysis	core_clean_singlets	11	retain_after_residual_T_NK_removal
CGCTATCTCTACTATC.52	1	core_retained_singlet	mac_mono_supported	retain_for_current_mac_mono_analysis	core_clean_singlets	11	retain_after_residual_T_NK_removal
CGGACGTCACTGCCAG.52	1	core_retained_singlet	mac_mono_supported	retain_for_current_mac_mono_analysis	core_clean_singlets	11	retain_after_residual_T_NK_removal
CGGAGCTCACCTCGTT.52	1	core_retained_singlet	mac_mono_supported	retain_for_current_mac_mono_analysis	core_clean_singlets	11	retain_after_residual_T_NK_removal
CGGAGTCAGGCACATG.52	1	core_retained_singlet	mac_mono_supported	retain_for_current_mac_mono_analysis	core_clean_singlets	11	retain_after_residual_T_NK_removal
CGGAGTCCATCGACGC.52	8	core_retained_singlet	mac_mono_supported	retain_for_current_mac_mono_analysis	core_clean_singlets	11	retain_after_residual_T_NK_removal
CGGCTAGAGCTGCAAG.52	1	core_retained_singlet	mac_mono_supported	retain_for_current_mac_mono_analysis	core_clean_singlets	11	retain_after_residual_T_NK_removal
CGTAGCGAGCTATGCT.52	8	core_retained_singlet	mac_mono_supported	retain_for_current_mac_mono_analysis	core_clean_singlets	11	retain_after_residual_T_NK_removal
CGTAGCGGTGGCCCTA.52	1	core_retained_singlet	mac_mono_supported	retain_for_current_mac_mono_analysis	core_clean_singlets	11	retain_after_residual_T_NK_removal
CGTAGGCCACGCATCG.52	8	core_retained_singlet	mac_mono_supported	retain_for_current_mac_mono_analysis	core_clean_singlets	11	retain_after_residual_T_NK_removal
CGTCTACAGCGGCTTC.52	1	core_retained_singlet	mac_mono_supported	retain_for_current_mac_mono_analysis	core_clean_singlets	11	retain_after_residual_T_NK_removal
CGTTAGACAGGTCGTC.52	1	core_retained_singlet	mac_mono_supported	retain_for_current_mac_mono_analysis	core_clean_singlets	11	retain_after_residual_T_NK_removal
CGTTGGGCAGTCGTGC.52	8	core_retained_singlet	mac_mono_supported	retain_for_current_mac_mono_analysis	core_clean_singlets	11	retain_after_residual_T_NK_removal
CTAAGACCAATCTGCA.52	1	core_retained_singlet	mac_mono_supported	retain_for_current_mac_mono_analysis	core_clean_singlets	11	retain_after_residual_T_NK_removal
CTAAGACGTCATACTG.52	8	core_retained_singlet	mac_mono_supported	retain_for_current_mac_mono_analysis	core_clean_singlets	11	retain_after_residual_T_NK_removal
CTAGTGACACACATGT.52	8	core_retained_singlet	mac_mono_supported	retain_for_current_mac_mono_analysis	core_clean_singlets	11	retain_after_residual_T_NK_removal
CTCATTACAAGCGATG.52	8	core_retained_singlet	mac_mono_supported	retain_for_current_mac_mono_analysis	core_clean_singlets	11	retain_after_residual_T_NK_removal
CTCATTAGTAAACACA.52	8	core_retained_singlet	mac_mono_supported	retain_for_current_mac_mono_analysis	core_clean_singlets	11	retain_after_residual_T_NK_removal
CTCGGGAGTTTGGCGC.52	1	core_retained_singlet	mac_mono_supported	retain_for_current_mac_mono_analysis	core_clean_singlets	11	retain_after_residual_T_NK_removal
CTCTGGTAGCGTGAGT.52	8	core_retained_singlet	mac_mono_supported	retain_for_current_mac_mono_analysis	core_clean_singlets	11	retain_after_residual_T_NK_removal
CTCTGGTAGTTGCAGG.52	1	core_retained_singlet	mac_mono_supported	retain_for_current_mac_mono_analysis	core_clean_singlets	11	retain_after_residual_T_NK_removal
CTGATCCTCGCACTCT.52	5	core_retained_singlet	mac_mono_supported	retain_for_current_mac_mono_analysis	core_clean_singlets	11	retain_after_residual_T_NK_removal
CTGCCTAAGTGTACCT.52	1	core_retained_singlet	mac_mono_supported	retain_for_current_mac_mono_analysis	core_clean_singlets	11	retain_after_residual_T_NK_removal
CTGCCTACATTCGACA.52	1	core_retained_singlet	mac_mono_supported	retain_for_current_mac_mono_analysis	core_clean_singlets	11	retain_after_residual_T_NK_removal
CTGGTCTAGGATGGAA.52	1	core_retained_singlet	mac_mono_supported	retain_for_current_mac_mono_analysis	core_clean_singlets	11	retain_after_residual_T_NK_removal
CTTACCGCAGACGCCT.52	1	core_retained_singlet	mac_mono_supported	retain_for_current_mac_mono_analysis	core_clean_singlets	11	retain_after_residual_T_NK_removal
CTTGGCTTCTGGTTCC.52	1	core_retained_singlet	mac_mono_supported	retain_for_current_mac_mono_analysis	core_clean_singlets	11	retain_after_residual_T_NK_removal
CTTTGCGCAGACGCAA.52	8	core_retained_singlet	mac_mono_supported	retain_for_current_mac_mono_analysis	core_clean_singlets	11	retain_after_residual_T_NK_removal
CTTTGCGCATGGGAAC.52	5	core_retained_singlet	mac_mono_supported	retain_for_current_mac_mono_analysis	core_clean_singlets	11	retain_after_residual_T_NK_removal
CTTTGCGTCTATCGCC.52	1	core_retained_singlet	mac_mono_supported	retain_for_current_mac_mono_analysis	core_clean_singlets	11	retain_after_residual_T_NK_removal
GAAATGAAGCCGTCGT.52	1	core_retained_singlet	mac_mono_supported	retain_for_current_mac_mono_analysis	core_clean_singlets	11	retain_after_residual_T_NK_removal
GAAGCAGAGCGAAGGG.52	1	core_retained_singlet	mac_mono_supported	retain_for_current_mac_mono_analysis	core_clean_singlets	11	retain_after_residual_T_NK_removal
GAATAAGGTAGCTGCC.52	8	core_retained_singlet	mac_mono_supported	retain_for_current_mac_mono_analysis	core_clean_singlets	11	retain_after_residual_T_NK_removal
GACACGCGTCTTCTCG.52	1	core_retained_singlet	mac_mono_supported	retain_for_current_mac_mono_analysis	core_clean_singlets	11	retain_after_residual_T_NK_removal
GACAGAGGTTCCATGA.52	1	core_retained_singlet	mac_mono_supported	retain_for_current_mac_mono_analysis	core_clean_singlets	11	retain_after_residual_T_NK_removal
GACGCGTGTACGACCC.52	8	core_retained_singlet	mac_mono_supported	retain_for_current_mac_mono_analysis	core_clean_singlets	11	retain_after_residual_T_NK_removal
GACGCGTGTTCGAATC.52	1	core_retained_singlet	mac_mono_supported	retain_for_current_mac_mono_analysis	core_clean_singlets	11	retain_after_residual_T_NK_removal
GACGTGCGTTTGTTTC.52	1	core_retained_singlet	mac_mono_supported	retain_for_current_mac_mono_analysis	core_clean_singlets	11	retain_after_residual_T_NK_removal
GACGTTATCTTGAGGT.52	1	core_retained_singlet	mac_mono_supported	retain_for_current_mac_mono_analysis	core_clean_singlets	11	retain_after_residual_T_NK_removal
GACTAACCAATGTTGC.52	5	core_retained_singlet	mac_mono_supported	retain_for_current_mac_mono_analysis	core_clean_singlets	11	retain_after_residual_T_NK_removal
GACTGCGGTCCTCCAT.52	8	core_retained_singlet	mac_mono_supported	retain_for_current_mac_mono_analysis	core_clean_singlets	11	retain_after_residual_T_NK_removal
GAGGTGACATGTCGAT.52	8	core_retained_singlet	mac_mono_supported	retain_for_current_mac_mono_analysis	core_clean_singlets	11	retain_after_residual_T_NK_removal
GATGAAATCTCCAGGG.52	1	core_retained_singlet	mac_mono_supported	retain_for_current_mac_mono_analysis	core_clean_singlets	11	retain_after_residual_T_NK_removal
GATGAGGCAGATGAGC.52	1	core_retained_singlet	mac_mono_supported	retain_for_current_mac_mono_analysis	core_clean_singlets	11	retain_after_residual_T_NK_removal
GATGCTACATCCGGGT.52	8	core_retained_singlet	mac_mono_supported	retain_for_current_mac_mono_analysis	core_clean_singlets	11	retain_after_residual_T_NK_removal
GCATGATGTCAATGTC.52	1	core_retained_singlet	mac_mono_supported	retain_for_current_mac_mono_analysis	core_clean_singlets	11	retain_after_residual_T_NK_removal
GCGAGAAAGATCTGAA.52	1	core_retained_singlet	mac_mono_supported	retain_for_current_mac_mono_analysis	core_clean_singlets	11	retain_after_residual_T_NK_removal
GCGCAGTGTGGTCCGT.52	1	core_retained_singlet	mac_mono_supported	retain_for_current_mac_mono_analysis	core_clean_singlets	11	retain_after_residual_T_NK_removal
GCGGGTTAGTGGGCTA.52	1	core_retained_singlet	mac_mono_supported	retain_for_current_mac_mono_analysis	core_clean_singlets	11	retain_after_residual_T_NK_removal
GCTCCTAGTTTGTGTG.52	1	core_retained_singlet	mac_mono_supported	retain_for_current_mac_mono_analysis	core_clean_singlets	11	retain_after_residual_T_NK_removal
GCTGGGTTCCCTCAGT.52	8	core_retained_singlet	mac_mono_supported	retain_for_current_mac_mono_analysis	core_clean_singlets	11	retain_after_residual_T_NK_removal
GGAAAGCTCTGCTGCT.52	8	core_retained_singlet	mac_mono_supported	retain_for_current_mac_mono_analysis	core_clean_singlets	11	retain_after_residual_T_NK_removal
GGCAATTGTCAACATC.52	1	core_retained_singlet	mac_mono_supported	retain_for_current_mac_mono_analysis	core_clean_singlets	11	retain_after_residual_T_NK_removal
GGCAATTTCTCGGACG.52	1	core_retained_singlet	mac_mono_supported	retain_for_current_mac_mono_analysis	core_clean_singlets	11	retain_after_residual_T_NK_removal
GGGATGATCCAAAGTC.52	1	core_retained_singlet	mac_mono_supported	retain_for_current_mac_mono_analysis	core_clean_singlets	11	retain_after_residual_T_NK_removal
GGGCACTCAGCTGCTG.52	1	core_retained_singlet	mac_mono_supported	retain_for_current_mac_mono_analysis	core_clean_singlets	11	retain_after_residual_T_NK_removal
GGGTCTGGTATGAAAC.52	1	core_retained_singlet	mac_mono_supported	retain_for_current_mac_mono_analysis	core_clean_singlets	11	retain_after_residual_T_NK_removal
GGGTCTGTCCATGAGT.52	8	core_retained_singlet	mac_mono_supported	retain_for_current_mac_mono_analysis	core_clean_singlets	11	retain_after_residual_T_NK_removal
GGTGAAGGTTACCGAT.52	1	core_retained_singlet	mac_mono_supported	retain_for_current_mac_mono_analysis	core_clean_singlets	11	retain_after_residual_T_NK_removal
GTAACGTGTATTCGTG.52	8	core_retained_singlet	mac_mono_supported	retain_for_current_mac_mono_analysis	core_clean_singlets	11	retain_after_residual_T_NK_removal
GTAACGTGTGTTCTTT.52	1	core_retained_singlet	mac_mono_supported	retain_for_current_mac_mono_analysis	core_clean_singlets	11	retain_after_residual_T_NK_removal
GTACTCCCACTGAAGG.52	1	core_retained_singlet	mac_mono_supported	retain_for_current_mac_mono_analysis	core_clean_singlets	11	retain_after_residual_T_NK_removal
GTAGGCCGTAAAGTCA.52	1	core_retained_singlet	mac_mono_supported	retain_for_current_mac_mono_analysis	core_clean_singlets	11	retain_after_residual_T_NK_removal
GTAGTCAGTAATCGTC.52	8	core_retained_singlet	mac_mono_supported	retain_for_current_mac_mono_analysis	core_clean_singlets	11	retain_after_residual_T_NK_removal
GTCGGGTGTAGCGTAG.52	8	core_retained_singlet	mac_mono_supported	retain_for_current_mac_mono_analysis	core_clean_singlets	11	retain_after_residual_T_NK_removal
GTGAAGGCAATAAGCA.52	8	core_retained_singlet	mac_mono_supported	retain_for_current_mac_mono_analysis	core_clean_singlets	11	retain_after_residual_T_NK_removal
GTGCGGTAGCATCATC.52	1	core_retained_singlet	mac_mono_supported	retain_for_current_mac_mono_analysis	core_clean_singlets	11	retain_after_residual_T_NK_removal
GTGGGTCGTTCCAACA.52	8	core_retained_singlet	mac_mono_supported	retain_for_current_mac_mono_analysis	core_clean_singlets	11	retain_after_residual_T_NK_removal
GTGTTAGGTTAAGGGC.52	8	core_retained_singlet	mac_mono_supported	retain_for_current_mac_mono_analysis	core_clean_singlets	11	retain_after_residual_T_NK_removal
GTGTTAGTCAAACGGG.52	10	core_retained_singlet	mac_mono_supported	retain_for_current_mac_mono_analysis	core_clean_singlets	11	retain_after_residual_T_NK_removal
GTTAAGCCATGGTCAT.52	1	core_retained_singlet	mac_mono_supported	retain_for_current_mac_mono_analysis	core_clean_singlets	11	retain_after_residual_T_NK_removal
GTTACAGGTCACAAGG.52	1	core_retained_singlet	mac_mono_supported	retain_for_current_mac_mono_analysis	core_clean_singlets	11	retain_after_residual_T_NK_removal
GTTCGGGAGCCAACAG.52	1	core_retained_singlet	mac_mono_supported	retain_for_current_mac_mono_analysis	core_clean_singlets	11	retain_after_residual_T_NK_removal
GTTCGGGAGTGAAGTT.52	1	core_retained_singlet	mac_mono_supported	retain_for_current_mac_mono_analysis	core_clean_singlets	11	retain_after_residual_T_NK_removal
GTTCGGGTCTAGCACA.52	1	core_retained_singlet	mac_mono_supported	retain_for_current_mac_mono_analysis	core_clean_singlets	11	retain_after_residual_T_NK_removal
TAAGAGAAGTGCGTGA.52	1	core_retained_singlet	mac_mono_supported	retain_for_current_mac_mono_analysis	core_clean_singlets	11	retain_after_residual_T_NK_removal
TAAGCGTAGGGTATCG.52	1	core_retained_singlet	mac_mono_supported	retain_for_current_mac_mono_analysis	core_clean_singlets	11	retain_after_residual_T_NK_removal
TACCTATAGTGGAGAA.52	1	core_retained_singlet	mac_mono_supported	retain_for_current_mac_mono_analysis	core_clean_singlets	11	retain_after_residual_T_NK_removal
TACCTATCATGTCGAT.52	1	core_retained_singlet	mac_mono_supported	retain_for_current_mac_mono_analysis	core_clean_singlets	11	retain_after_residual_T_NK_removal
TACGGATCATCTCGCT.52	8	core_retained_singlet	mac_mono_supported	retain_for_current_mac_mono_analysis	core_clean_singlets	11	retain_after_residual_T_NK_removal
TACTCATCATCGGAAG.52	8	core_retained_singlet	mac_mono_supported	retain_for_current_mac_mono_analysis	core_clean_singlets	11	retain_after_residual_T_NK_removal
TACTTGTGTTGACGTT.52	8	core_retained_singlet	mac_mono_supported	retain_for_current_mac_mono_analysis	core_clean_singlets	11	retain_after_residual_T_NK_removal
TAGAGCTGTGCAACTT.52	8	core_retained_singlet	mac_mono_supported	retain_for_current_mac_mono_analysis	core_clean_singlets	11	retain_after_residual_T_NK_removal
TAGGCATGTTGATTGC.52	1	core_retained_singlet	mac_mono_supported	retain_for_current_mac_mono_analysis	core_clean_singlets	11	retain_after_residual_T_NK_removal
TAGTGGTGTTTAGCTG.52	8	core_retained_singlet	mac_mono_supported	retain_for_current_mac_mono_analysis	core_clean_singlets	11	retain_after_residual_T_NK_removal
TAGTTGGCACTTCTGC.52	1	core_retained_singlet	mac_mono_supported	retain_for_current_mac_mono_analysis	core_clean_singlets	11	retain_after_residual_T_NK_removal
TATCAGGCATGTAGTC.52	1	core_retained_singlet	mac_mono_supported	retain_for_current_mac_mono_analysis	core_clean_singlets	11	retain_after_residual_T_NK_removal
TATTACCTCAGGCCCA.52	1	core_retained_singlet	mac_mono_supported	retain_for_current_mac_mono_analysis	core_clean_singlets	11	retain_after_residual_T_NK_removal
TCAACGAGTGTTGGGA.52	8	core_retained_singlet	mac_mono_supported	retain_for_current_mac_mono_analysis	core_clean_singlets	11	retain_after_residual_T_NK_removal
TCACGAATCGTCTGCT.52	1	core_retained_singlet	mac_mono_supported	retain_for_current_mac_mono_analysis	core_clean_singlets	11	retain_after_residual_T_NK_removal
TCAGGATTCGAGCCCA.52	8	core_retained_singlet	mac_mono_supported	retain_for_current_mac_mono_analysis	core_clean_singlets	11	retain_after_residual_T_NK_removal
TCCACACGTGCGATAG.52	1	core_retained_singlet	mac_mono_supported	retain_for_current_mac_mono_analysis	core_clean_singlets	11	retain_after_residual_T_NK_removal
TCGAGGCAGTGCGTGA.52	1	core_retained_singlet	mac_mono_supported	retain_for_current_mac_mono_analysis	core_clean_singlets	11	retain_after_residual_T_NK_removal
TCGAGGCCAGATGAGC.52	8	core_retained_singlet	mac_mono_supported	retain_for_current_mac_mono_analysis	core_clean_singlets	11	retain_after_residual_T_NK_removal
TCTCTAAGTCTAAACC.52	1	core_retained_singlet	mac_mono_supported	retain_for_current_mac_mono_analysis	core_clean_singlets	11	retain_after_residual_T_NK_removal
TCTGAGAAGTTTGCGT.52	1	core_retained_singlet	mac_mono_supported	retain_for_current_mac_mono_analysis	core_clean_singlets	11	retain_after_residual_T_NK_removal
TCTGAGAGTAGCTTGT.52	1	core_retained_singlet	mac_mono_supported	retain_for_current_mac_mono_analysis	core_clean_singlets	11	retain_after_residual_T_NK_removal
TCTTCGGTCGTGGTCG.52	5	core_retained_singlet	mac_mono_supported	retain_for_current_mac_mono_analysis	core_clean_singlets	11	retain_after_residual_T_NK_removal
TGAAAGAAGACCGGAT.52	1	core_retained_singlet	mac_mono_supported	retain_for_current_mac_mono_analysis	core_clean_singlets	11	retain_after_residual_T_NK_removal
TGACAACAGTTTCCTT.52	8	core_retained_singlet	mac_mono_supported	retain_for_current_mac_mono_analysis	core_clean_singlets	11	retain_after_residual_T_NK_removal
TGACAACCACGTGAGA.52	1	core_retained_singlet	mac_mono_supported	retain_for_current_mac_mono_analysis	core_clean_singlets	11	retain_after_residual_T_NK_removal
TGACGGCCAATGGAAT.52	1	core_retained_singlet	mac_mono_supported	retain_for_current_mac_mono_analysis	core_clean_singlets	11	retain_after_residual_T_NK_removal
TGACGGCCACATCCGG.52	1	core_retained_singlet	mac_mono_supported	retain_for_current_mac_mono_analysis	core_clean_singlets	11	retain_after_residual_T_NK_removal
TGACTAGGTTCCCGAG.52	1	core_retained_singlet	mac_mono_supported	retain_for_current_mac_mono_analysis	core_clean_singlets	11	retain_after_residual_T_NK_removal
TGACTTTAGACAGAGA.52	8	core_retained_singlet	mac_mono_supported	retain_for_current_mac_mono_analysis	core_clean_singlets	11	retain_after_residual_T_NK_removal
TGAGCCGGTATATGAG.52	1	core_retained_singlet	mac_mono_supported	retain_for_current_mac_mono_analysis	core_clean_singlets	11	retain_after_residual_T_NK_removal
TGAGCCGTCAATCTCT.52	1	core_retained_singlet	mac_mono_supported	retain_for_current_mac_mono_analysis	core_clean_singlets	11	retain_after_residual_T_NK_removal
TGAGGGATCAGAGGTG.52	1	core_retained_singlet	mac_mono_supported	retain_for_current_mac_mono_analysis	core_clean_singlets	11	retain_after_residual_T_NK_removal
TGATTTCGTTCGTTGA.52	1	core_retained_singlet	mac_mono_supported	retain_for_current_mac_mono_analysis	core_clean_singlets	11	retain_after_residual_T_NK_removal
TGCCAAAGTGCCTGCA.52	1	core_retained_singlet	mac_mono_supported	retain_for_current_mac_mono_analysis	core_clean_singlets	11	retain_after_residual_T_NK_removal
TGCCCATAGGACAGCT.52	1	core_retained_singlet	mac_mono_supported	retain_for_current_mac_mono_analysis	core_clean_singlets	11	retain_after_residual_T_NK_removal
TGCGGGTTCACCATAG.52	5	core_retained_singlet	mac_mono_supported	retain_for_current_mac_mono_analysis	core_clean_singlets	11	retain_after_residual_T_NK_removal
TGGGCGTTCTTGAGAC.52	1	core_retained_singlet	mac_mono_supported	retain_for_current_mac_mono_analysis	core_clean_singlets	11	retain_after_residual_T_NK_removal
TGGTTAGAGCGTCTAT.52	8	core_retained_singlet	mac_mono_supported	retain_for_current_mac_mono_analysis	core_clean_singlets	11	retain_after_residual_T_NK_removal
TGTATTCTCTATCCTA.52	8	core_retained_singlet	mac_mono_supported	retain_for_current_mac_mono_analysis	core_clean_singlets	11	retain_after_residual_T_NK_removal
TGTGGTAAGCCTCGTG.52	8	core_retained_singlet	mac_mono_supported	retain_for_current_mac_mono_analysis	core_clean_singlets	11	retain_after_residual_T_NK_removal
TGTGGTAGTGCAACGA.52	5	core_retained_singlet	mac_mono_supported	retain_for_current_mac_mono_analysis	core_clean_singlets	11	retain_after_residual_T_NK_removal
TGTGTTTGTAAGTGTA.52	1	core_retained_singlet	mac_mono_supported	retain_for_current_mac_mono_analysis	core_clean_singlets	11	retain_after_residual_T_NK_removal
TGTTCCGAGAAACGAG.52	8	core_retained_singlet	mac_mono_supported	retain_for_current_mac_mono_analysis	core_clean_singlets	11	retain_after_residual_T_NK_removal
TTAGGACGTTTGACTG.52	1	core_retained_singlet	mac_mono_supported	retain_for_current_mac_mono_analysis	core_clean_singlets	11	retain_after_residual_T_NK_removal
TTAGGACTCGTGACAT.52	1	core_retained_singlet	mac_mono_supported	retain_for_current_mac_mono_analysis	core_clean_singlets	11	retain_after_residual_T_NK_removal
TTAGTTCAGCTGCAAG.52	1	core_retained_singlet	mac_mono_supported	retain_for_current_mac_mono_analysis	core_clean_singlets	11	retain_after_residual_T_NK_removal
TTATGCTAGATGTAAC.52	1	core_retained_singlet	mac_mono_supported	retain_for_current_mac_mono_analysis	core_clean_singlets	11	retain_after_residual_T_NK_removal
TTCGAAGTCTGTCAAG.52	1	core_retained_singlet	mac_mono_supported	retain_for_current_mac_mono_analysis	core_clean_singlets	11	retain_after_residual_T_NK_removal
TTCGGTCCAGCGTCCA.52	8	core_retained_singlet	mac_mono_supported	retain_for_current_mac_mono_analysis	core_clean_singlets	11	retain_after_residual_T_NK_removal
TTCTACATCATGTGGT.52	8	core_retained_singlet	mac_mono_supported	retain_for_current_mac_mono_analysis	core_clean_singlets	11	retain_after_residual_T_NK_removal
TTCTCCTTCATAAAGG.52	1	core_retained_singlet	mac_mono_supported	retain_for_current_mac_mono_analysis	core_clean_singlets	11	retain_after_residual_T_NK_removal
TTGACTTGTACCGCTG.52	1	core_retained_singlet	mac_mono_supported	retain_for_current_mac_mono_analysis	core_clean_singlets	11	retain_after_residual_T_NK_removal
TTGTAGGCACACGCTG.52	5	core_retained_singlet	mac_mono_supported	retain_for_current_mac_mono_analysis	core_clean_singlets	11	retain_after_residual_T_NK_removal
TTTACTGTCCACTGGG.52	1	core_retained_singlet	mac_mono_supported	retain_for_current_mac_mono_analysis	core_clean_singlets	11	retain_after_residual_T_NK_removal
TTTGCGCAGGGATACC.52	1	core_retained_singlet	mac_mono_supported	retain_for_current_mac_mono_analysis	core_clean_singlets	11	retain_after_residual_T_NK_removal
TTTGCGCGTACTTCTT.52	1	core_retained_singlet	mac_mono_supported	retain_for_current_mac_mono_analysis	core_clean_singlets	11	retain_after_residual_T_NK_removal
TTTGTCACACATGACT.52	1	core_retained_singlet	mac_mono_supported	retain_for_current_mac_mono_analysis	core_clean_singlets	11	retain_after_residual_T_NK_removal
AAACCTGAGTCCTCCT.58	1	core_retained_singlet	mac_mono_supported	retain_for_current_mac_mono_analysis	core_clean_singlets	11	retain_after_residual_T_NK_removal
AAACCTGGTCTCTTTA.58	1	core_retained_singlet	mac_mono_supported	retain_for_current_mac_mono_analysis	core_clean_singlets	11	retain_after_residual_T_NK_removal
AAACGGGGTCACACGC.58	1	core_retained_singlet	mac_mono_supported	retain_for_current_mac_mono_analysis	core_clean_singlets	11	retain_after_residual_T_NK_removal
AACACGTGTCACAAGG.58	1	core_retained_singlet	mac_mono_supported	retain_for_current_mac_mono_analysis	core_clean_singlets	11	retain_after_residual_T_NK_removal
AACCGCGAGACATAAC.58	1	core_retained_singlet	mac_mono_supported	retain_for_current_mac_mono_analysis	core_clean_singlets	11	retain_after_residual_T_NK_removal
AACCGCGGTCTTCAAG.58	1	core_retained_singlet	mac_mono_supported	retain_for_current_mac_mono_analysis	core_clean_singlets	11	retain_after_residual_T_NK_removal
AACTTTCTCTAACTTC.58	1	core_retained_singlet	mac_mono_supported	retain_for_current_mac_mono_analysis	core_clean_singlets	11	retain_after_residual_T_NK_removal
AAGACCTAGACTTGAA.58	1	core_retained_singlet	mac_mono_supported	retain_for_current_mac_mono_analysis	core_clean_singlets	11	retain_after_residual_T_NK_removal
AAGACCTTCCGCATCT.58	1	core_retained_singlet	mac_mono_supported	retain_for_current_mac_mono_analysis	core_clean_singlets	11	retain_after_residual_T_NK_removal
AAGCCGCCAAAGGTGC.58	1	core_retained_singlet	mac_mono_supported	retain_for_current_mac_mono_analysis	core_clean_singlets	11	retain_after_residual_T_NK_removal
AAGGAGCAGATGCCAG.58	1	core_retained_singlet	mac_mono_supported	retain_for_current_mac_mono_analysis	core_clean_singlets	11	retain_after_residual_T_NK_removal
AAGGTTCGTGCACGAA.58	1	core_retained_singlet	mac_mono_supported	retain_for_current_mac_mono_analysis	core_clean_singlets	11	retain_after_residual_T_NK_removal
ACACTGAGTTGGTAAA.58	1	core_retained_singlet	mac_mono_supported	retain_for_current_mac_mono_analysis	core_clean_singlets	11	retain_after_residual_T_NK_removal
ACAGCCGAGATGTGGC.58	5	core_retained_singlet	mac_mono_supported	retain_for_current_mac_mono_analysis	core_clean_singlets	11	retain_after_residual_T_NK_removal
ACAGCTATCAGTGCAT.58	1	core_retained_singlet	mac_mono_supported	retain_for_current_mac_mono_analysis	core_clean_singlets	11	retain_after_residual_T_NK_removal
ACATACGGTTTGACTG.58	5	core_retained_singlet	mac_mono_supported	retain_for_current_mac_mono_analysis	core_clean_singlets	11	retain_after_residual_T_NK_removal
ACCCACTTCACGACTA.58	1	core_retained_singlet	mac_mono_supported	retain_for_current_mac_mono_analysis	core_clean_singlets	11	retain_after_residual_T_NK_removal
ACCGTAACATCCCACT.58	1	core_retained_singlet	mac_mono_supported	retain_for_current_mac_mono_analysis	core_clean_singlets	11	retain_after_residual_T_NK_removal
ACGAGCCAGACTGTAA.58	1	core_retained_singlet	mac_mono_supported	retain_for_current_mac_mono_analysis	core_clean_singlets	11	retain_after_residual_T_NK_removal
ACGAGCCGTATCTGCA.58	1	core_retained_singlet	mac_mono_supported	retain_for_current_mac_mono_analysis	core_clean_singlets	11	retain_after_residual_T_NK_removal
ACGAGGAGTATAAACG.58	8	core_retained_singlet	mac_mono_supported	retain_for_current_mac_mono_analysis	core_clean_singlets	11	retain_after_residual_T_NK_removal
ACGATGTAGTGTCTCA.58	1	core_retained_singlet	mac_mono_supported	retain_for_current_mac_mono_analysis	core_clean_singlets	11	retain_after_residual_T_NK_removal
ACGATGTCACTTCGAA.58	1	core_retained_singlet	mac_mono_supported	retain_for_current_mac_mono_analysis	core_clean_singlets	11	retain_after_residual_T_NK_removal
ACGCAGCGTAGCGCTC.58	1	core_retained_singlet	mac_mono_supported	retain_for_current_mac_mono_analysis	core_clean_singlets	11	retain_after_residual_T_NK_removal
ACGCAGCTCTGAAAGA.58	1	core_retained_singlet	mac_mono_supported	retain_for_current_mac_mono_analysis	core_clean_singlets	11	retain_after_residual_T_NK_removal
ACGCCAGCACATGTGT.58	1	core_retained_singlet	mac_mono_supported	retain_for_current_mac_mono_analysis	core_clean_singlets	11	retain_after_residual_T_NK_removal
ACGCCGAAGTACCGGA.58	1	core_retained_singlet	mac_mono_supported	retain_for_current_mac_mono_analysis	core_clean_singlets	11	retain_after_residual_T_NK_removal
ACTATCTAGACTGGGT.58	5	core_retained_singlet	mac_mono_supported	retain_for_current_mac_mono_analysis	core_clean_singlets	11	retain_after_residual_T_NK_removal
ACTATCTTCCAAGTAC.58	1	core_retained_singlet	mac_mono_supported	retain_for_current_mac_mono_analysis	core_clean_singlets	11	retain_after_residual_T_NK_removal
ACTGAACAGACGCAAC.58	1	core_retained_singlet	mac_mono_supported	retain_for_current_mac_mono_analysis	core_clean_singlets	11	retain_after_residual_T_NK_removal
ACTGAACAGCCTATGT.58	1	core_retained_singlet	mac_mono_supported	retain_for_current_mac_mono_analysis	core_clean_singlets	11	retain_after_residual_T_NK_removal
ACTTGTTTCGTTGCCT.58	8	core_retained_singlet	mac_mono_supported	retain_for_current_mac_mono_analysis	core_clean_singlets	11	retain_after_residual_T_NK_removal
ACTTGTTTCTGGCGTG.58	1	core_retained_singlet	mac_mono_supported	retain_for_current_mac_mono_analysis	core_clean_singlets	11	retain_after_residual_T_NK_removal
ACTTTCAAGTGGGCTA.58	1	core_retained_singlet	mac_mono_supported	retain_for_current_mac_mono_analysis	core_clean_singlets	11	retain_after_residual_T_NK_removal
AGAGCGAGTCTAAACC.58	1	core_retained_singlet	mac_mono_supported	retain_for_current_mac_mono_analysis	core_clean_singlets	11	retain_after_residual_T_NK_removal
AGAGCTTGTGTTTGGT.58	8	core_retained_singlet	mac_mono_supported	retain_for_current_mac_mono_analysis	core_clean_singlets	11	retain_after_residual_T_NK_removal
AGAGTGGAGAGGTACC.58	8	core_retained_singlet	mac_mono_supported	retain_for_current_mac_mono_analysis	core_clean_singlets	11	retain_after_residual_T_NK_removal
AGAGTGGCAAGGACTG.58	1	core_retained_singlet	mac_mono_supported	retain_for_current_mac_mono_analysis	core_clean_singlets	11	retain_after_residual_T_NK_removal
AGATCTGGTAAACACA.58	1	core_retained_singlet	mac_mono_supported	retain_for_current_mac_mono_analysis	core_clean_singlets	11	retain_after_residual_T_NK_removal
AGCATACGTCCAAGTT.58	1	core_retained_singlet	mac_mono_supported	retain_for_current_mac_mono_analysis	core_clean_singlets	11	retain_after_residual_T_NK_removal
AGTGTCAAGAAGGTGA.58	5	core_retained_singlet	mac_mono_supported	retain_for_current_mac_mono_analysis	core_clean_singlets	11	retain_after_residual_T_NK_removal
AGTGTCACATAGTAAG.58	5	core_retained_singlet	mac_mono_supported	retain_for_current_mac_mono_analysis	core_clean_singlets	11	retain_after_residual_T_NK_removal
ATCATGGAGCTGATAA.58	1	core_retained_singlet	mac_mono_supported	retain_for_current_mac_mono_analysis	core_clean_singlets	11	retain_after_residual_T_NK_removal
ATCTACTTCTTACCTA.58	1	core_retained_singlet	mac_mono_supported	retain_for_current_mac_mono_analysis	core_clean_singlets	11	retain_after_residual_T_NK_removal
ATGCGATCACGAAGCA.58	1	core_retained_singlet	mac_mono_supported	retain_for_current_mac_mono_analysis	core_clean_singlets	11	retain_after_residual_T_NK_removal
ATGTGTGAGGCATTGG.58	1	core_retained_singlet	mac_mono_supported	retain_for_current_mac_mono_analysis	core_clean_singlets	11	retain_after_residual_T_NK_removal
ATTACTCAGCTACCTA.58	1	core_retained_singlet	mac_mono_supported	retain_for_current_mac_mono_analysis	core_clean_singlets	11	retain_after_residual_T_NK_removal
ATTGGTGAGTACGATA.58	1	core_retained_singlet	mac_mono_supported	retain_for_current_mac_mono_analysis	core_clean_singlets	11	retain_after_residual_T_NK_removal
ATTTCTGCACCAACCG.58	1	core_retained_singlet	mac_mono_supported	retain_for_current_mac_mono_analysis	core_clean_singlets	11	retain_after_residual_T_NK_removal
CAACCTCGTGTCGCTG.58	1	core_retained_singlet	mac_mono_supported	retain_for_current_mac_mono_analysis	core_clean_singlets	11	retain_after_residual_T_NK_removal
CAACTAGAGATCGGGT.58	1	core_retained_singlet	mac_mono_supported	retain_for_current_mac_mono_analysis	core_clean_singlets	11	retain_after_residual_T_NK_removal
CAAGGCCCATTCTTAC.58	1	core_retained_singlet	mac_mono_supported	retain_for_current_mac_mono_analysis	core_clean_singlets	11	retain_after_residual_T_NK_removal
CAAGTTGGTGCGGTAA.58	8	core_retained_singlet	mac_mono_supported	retain_for_current_mac_mono_analysis	core_clean_singlets	11	retain_after_residual_T_NK_removal
CACACAAAGATGGCGT.58	1	core_retained_singlet	mac_mono_supported	retain_for_current_mac_mono_analysis	core_clean_singlets	11	retain_after_residual_T_NK_removal
CACACTCGTGGCAAAC.58	8	core_retained_singlet	mac_mono_supported	retain_for_current_mac_mono_analysis	core_clean_singlets	11	retain_after_residual_T_NK_removal
CACAGGCCAGCGTAAG.58	1	core_retained_singlet	mac_mono_supported	retain_for_current_mac_mono_analysis	core_clean_singlets	11	retain_after_residual_T_NK_removal
CACAGTAAGAGGTTGC.58	5	core_retained_singlet	mac_mono_supported	retain_for_current_mac_mono_analysis	core_clean_singlets	11	retain_after_residual_T_NK_removal
CACATTTAGGGTTCCC.58	1	core_retained_singlet	mac_mono_supported	retain_for_current_mac_mono_analysis	core_clean_singlets	11	retain_after_residual_T_NK_removal
CACCAGGAGGTAAACT.58	1	core_retained_singlet	mac_mono_supported	retain_for_current_mac_mono_analysis	core_clean_singlets	11	retain_after_residual_T_NK_removal
CACCTTGAGCACCGTC.58	1	core_retained_singlet	mac_mono_supported	retain_for_current_mac_mono_analysis	core_clean_singlets	11	retain_after_residual_T_NK_removal
CACCTTGAGCCACTAT.58	1	core_retained_singlet	mac_mono_supported	retain_for_current_mac_mono_analysis	core_clean_singlets	11	retain_after_residual_T_NK_removal
CACCTTGGTAAATGTG.58	1	core_retained_singlet	mac_mono_supported	retain_for_current_mac_mono_analysis	core_clean_singlets	11	retain_after_residual_T_NK_removal
CACTCCAAGCTCTCGG.58	1	core_retained_singlet	mac_mono_supported	retain_for_current_mac_mono_analysis	core_clean_singlets	11	retain_after_residual_T_NK_removal
CACTCCACAATGAAAC.58	1	core_retained_singlet	mac_mono_supported	retain_for_current_mac_mono_analysis	core_clean_singlets	11	retain_after_residual_T_NK_removal
CAGCAGCAGCGATCCC.58	1	core_retained_singlet	mac_mono_supported	retain_for_current_mac_mono_analysis	core_clean_singlets	11	retain_after_residual_T_NK_removal
CAGCAGCGTCCAAGTT.58	1	core_retained_singlet	mac_mono_supported	retain_for_current_mac_mono_analysis	core_clean_singlets	11	retain_after_residual_T_NK_removal
CAGCCGACACGGCCAT.58	1	core_retained_singlet	mac_mono_supported	retain_for_current_mac_mono_analysis	core_clean_singlets	11	retain_after_residual_T_NK_removal
CAGCCGAGTCGTCTTC.58	1	core_retained_singlet	mac_mono_supported	retain_for_current_mac_mono_analysis	core_clean_singlets	11	retain_after_residual_T_NK_removal
CAGCGACGTATATGGA.58	1	core_retained_singlet	mac_mono_supported	retain_for_current_mac_mono_analysis	core_clean_singlets	11	retain_after_residual_T_NK_removal
CAGCTGGGTCCTAGCG.58	1	core_retained_singlet	mac_mono_supported	retain_for_current_mac_mono_analysis	core_clean_singlets	11	retain_after_residual_T_NK_removal
CAGCTGGTCCACGTGG.58	1	core_retained_singlet	mac_mono_supported	retain_for_current_mac_mono_analysis	core_clean_singlets	11	retain_after_residual_T_NK_removal
CATATGGAGAAACGCC.58	1	core_retained_singlet	mac_mono_supported	retain_for_current_mac_mono_analysis	core_clean_singlets	11	retain_after_residual_T_NK_removal
CATATGGCAGGTCTCG.58	1	core_retained_singlet	mac_mono_supported	retain_for_current_mac_mono_analysis	core_clean_singlets	11	retain_after_residual_T_NK_removal
CATATGGGTCTCATCC.58	5	core_retained_singlet	mac_mono_supported	retain_for_current_mac_mono_analysis	core_clean_singlets	11	retain_after_residual_T_NK_removal
CATATGGTCTTGGGTA.58	1	core_retained_singlet	mac_mono_supported	retain_for_current_mac_mono_analysis	core_clean_singlets	11	retain_after_residual_T_NK_removal
CATATTCAGAGTGAGA.58	1	core_retained_singlet	mac_mono_supported	retain_for_current_mac_mono_analysis	core_clean_singlets	11	retain_after_residual_T_NK_removal
CATCAAGTCGGTCCGA.58	5	core_retained_singlet	mac_mono_supported	retain_for_current_mac_mono_analysis	core_clean_singlets	11	retain_after_residual_T_NK_removal
CATCAAGTCGGTGTTA.58	5	core_retained_singlet	mac_mono_supported	retain_for_current_mac_mono_analysis	core_clean_singlets	11	retain_after_residual_T_NK_removal
CATCAGACATGGGACA.58	1	core_retained_singlet	mac_mono_supported	retain_for_current_mac_mono_analysis	core_clean_singlets	11	retain_after_residual_T_NK_removal
CATCGGGAGGGTATCG.58	8	core_retained_singlet	mac_mono_supported	retain_for_current_mac_mono_analysis	core_clean_singlets	11	retain_after_residual_T_NK_removal
CATCGGGGTAAGTTCC.58	1	core_retained_singlet	mac_mono_supported	retain_for_current_mac_mono_analysis	core_clean_singlets	11	retain_after_residual_T_NK_removal
CATCGGGTCATGTCCC.58	1	core_retained_singlet	mac_mono_supported	retain_for_current_mac_mono_analysis	core_clean_singlets	11	retain_after_residual_T_NK_removal
CATGACACACATCCAA.58	5	core_retained_singlet	mac_mono_supported	retain_for_current_mac_mono_analysis	core_clean_singlets	11	retain_after_residual_T_NK_removal
CATGACATCACCAGGC.58	1	core_retained_singlet	mac_mono_supported	retain_for_current_mac_mono_analysis	core_clean_singlets	11	retain_after_residual_T_NK_removal
CATTCGCTCTGGTATG.58	1	core_retained_singlet	mac_mono_supported	retain_for_current_mac_mono_analysis	core_clean_singlets	11	retain_after_residual_T_NK_removal
CCAGCGAGTTAGAACA.58	1	core_retained_singlet	mac_mono_supported	retain_for_current_mac_mono_analysis	core_clean_singlets	11	retain_after_residual_T_NK_removal
CCCATACGTTCTGTTT.58	8	core_retained_singlet	mac_mono_supported	retain_for_current_mac_mono_analysis	core_clean_singlets	11	retain_after_residual_T_NK_removal
CCCTCCTGTGACTCAT.58	8	core_retained_singlet	mac_mono_supported	retain_for_current_mac_mono_analysis	core_clean_singlets	11	retain_after_residual_T_NK_removal
CCGGGATGTGGCAAAC.58	1	core_retained_singlet	mac_mono_supported	retain_for_current_mac_mono_analysis	core_clean_singlets	11	retain_after_residual_T_NK_removal
CCGTGGAGTCAAAGCG.58	1	core_retained_singlet	mac_mono_supported	retain_for_current_mac_mono_analysis	core_clean_singlets	11	retain_after_residual_T_NK_removal
CCTACACGTACCTACA.58	1	core_retained_singlet	mac_mono_supported	retain_for_current_mac_mono_analysis	core_clean_singlets	11	retain_after_residual_T_NK_removal
CGAATGTCACAAGACG.58	1	core_retained_singlet	mac_mono_supported	retain_for_current_mac_mono_analysis	core_clean_singlets	11	retain_after_residual_T_NK_removal
CGACCTTAGTCCAGGA.58	1	core_retained_singlet	mac_mono_supported	retain_for_current_mac_mono_analysis	core_clean_singlets	11	retain_after_residual_T_NK_removal
CGACTTCCAAACCCAT.58	5	core_retained_singlet	mac_mono_supported	retain_for_current_mac_mono_analysis	core_clean_singlets	11	retain_after_residual_T_NK_removal
CGACTTCCAGATGAGC.58	1	core_retained_singlet	mac_mono_supported	retain_for_current_mac_mono_analysis	core_clean_singlets	11	retain_after_residual_T_NK_removal
CGAGAAGTCCAGAGGA.58	1	core_retained_singlet	mac_mono_supported	retain_for_current_mac_mono_analysis	core_clean_singlets	11	retain_after_residual_T_NK_removal
CGAGCCAAGACCCACC.58	1	core_retained_singlet	mac_mono_supported	retain_for_current_mac_mono_analysis	core_clean_singlets	11	retain_after_residual_T_NK_removal
CGATGTACAAGCGCTC.58	1	core_retained_singlet	mac_mono_supported	retain_for_current_mac_mono_analysis	core_clean_singlets	11	retain_after_residual_T_NK_removal
CGATTGAGTTCCACGG.58	1	core_retained_singlet	mac_mono_supported	retain_for_current_mac_mono_analysis	core_clean_singlets	11	retain_after_residual_T_NK_removal
CGCGGTAGTGGCTCCA.58	8	core_retained_singlet	mac_mono_supported	retain_for_current_mac_mono_analysis	core_clean_singlets	11	retain_after_residual_T_NK_removal
CGCGTTTAGCTCTCGG.58	1	core_retained_singlet	mac_mono_supported	retain_for_current_mac_mono_analysis	core_clean_singlets	11	retain_after_residual_T_NK_removal
CGCTTCACAGTCCTTC.58	1	core_retained_singlet	mac_mono_supported	retain_for_current_mac_mono_analysis	core_clean_singlets	11	retain_after_residual_T_NK_removal
CGGGTCACAGTTTACG.58	8	core_retained_singlet	mac_mono_supported	retain_for_current_mac_mono_analysis	core_clean_singlets	11	retain_after_residual_T_NK_removal
CGTAGCGCATTCTCAT.58	1	core_retained_singlet	mac_mono_supported	retain_for_current_mac_mono_analysis	core_clean_singlets	11	retain_after_residual_T_NK_removal
CGTGAGCCAGTGGAGT.58	1	core_retained_singlet	mac_mono_supported	retain_for_current_mac_mono_analysis	core_clean_singlets	11	retain_after_residual_T_NK_removal
CGTGTAATCACGCGGT.58	5	core_retained_singlet	mac_mono_supported	retain_for_current_mac_mono_analysis	core_clean_singlets	11	retain_after_residual_T_NK_removal
CGTTGGGCAGGAATCG.58	1	core_retained_singlet	mac_mono_supported	retain_for_current_mac_mono_analysis	core_clean_singlets	11	retain_after_residual_T_NK_removal
CTAATGGCACGGTGTC.58	1	core_retained_singlet	mac_mono_supported	retain_for_current_mac_mono_analysis	core_clean_singlets	11	retain_after_residual_T_NK_removal
CTAATGGCATTCCTCG.58	5	core_retained_singlet	mac_mono_supported	retain_for_current_mac_mono_analysis	core_clean_singlets	11	retain_after_residual_T_NK_removal
CTAATGGTCCGCATCT.58	1	core_retained_singlet	mac_mono_supported	retain_for_current_mac_mono_analysis	core_clean_singlets	11	retain_after_residual_T_NK_removal
CTACATTAGAGTCGGT.58	8	core_retained_singlet	mac_mono_supported	retain_for_current_mac_mono_analysis	core_clean_singlets	11	retain_after_residual_T_NK_removal
CTAGCCTAGAGACTAT.58	1	core_retained_singlet	mac_mono_supported	retain_for_current_mac_mono_analysis	core_clean_singlets	11	retain_after_residual_T_NK_removal
CTAGTGAAGTGGGCTA.58	8	core_retained_singlet	mac_mono_supported	retain_for_current_mac_mono_analysis	core_clean_singlets	11	retain_after_residual_T_NK_removal
CTCACACAGTACCGGA.58	5	core_retained_singlet	mac_mono_supported	retain_for_current_mac_mono_analysis	core_clean_singlets	11	retain_after_residual_T_NK_removal
CTCATTACACTGAAGG.58	1	core_retained_singlet	mac_mono_supported	retain_for_current_mac_mono_analysis	core_clean_singlets	11	retain_after_residual_T_NK_removal
CTCCTAGGTCGCTTCT.58	1	core_retained_singlet	mac_mono_supported	retain_for_current_mac_mono_analysis	core_clean_singlets	11	retain_after_residual_T_NK_removal
CTCGGAGAGTCGCCGT.58	8	core_retained_singlet	mac_mono_supported	retain_for_current_mac_mono_analysis	core_clean_singlets	11	retain_after_residual_T_NK_removal
CTCGGGATCAGGTAAA.58	1	core_retained_singlet	mac_mono_supported	retain_for_current_mac_mono_analysis	core_clean_singlets	11	retain_after_residual_T_NK_removal
CTCGTCACACAGACAG.58	8	core_retained_singlet	mac_mono_supported	retain_for_current_mac_mono_analysis	core_clean_singlets	11	retain_after_residual_T_NK_removal
CTGAAGTAGAGCAATT.58	1	core_retained_singlet	mac_mono_supported	retain_for_current_mac_mono_analysis	core_clean_singlets	11	retain_after_residual_T_NK_removal
CTGATAGAGTACCGGA.58	1	core_retained_singlet	mac_mono_supported	retain_for_current_mac_mono_analysis	core_clean_singlets	11	retain_after_residual_T_NK_removal
CTGCTGTAGCCACTAT.58	1	core_retained_singlet	mac_mono_supported	retain_for_current_mac_mono_analysis	core_clean_singlets	11	retain_after_residual_T_NK_removal
CTGTGCTCAGATCTGT.58	1	core_retained_singlet	mac_mono_supported	retain_for_current_mac_mono_analysis	core_clean_singlets	11	retain_after_residual_T_NK_removal
CTTAACTCAGCGTAAG.58	1	core_retained_singlet	mac_mono_supported	retain_for_current_mac_mono_analysis	core_clean_singlets	11	retain_after_residual_T_NK_removal
CTTACCGGTGATGCCC.58	1	core_retained_singlet	mac_mono_supported	retain_for_current_mac_mono_analysis	core_clean_singlets	11	retain_after_residual_T_NK_removal
CTTAGGATCCGCATAA.58	1	core_retained_singlet	mac_mono_supported	retain_for_current_mac_mono_analysis	core_clean_singlets	11	retain_after_residual_T_NK_removal
CTTCTCTTCCCAAGAT.58	1	core_retained_singlet	mac_mono_supported	retain_for_current_mac_mono_analysis	core_clean_singlets	11	retain_after_residual_T_NK_removal
CTTTGCGCAGGTCGTC.58	1	core_retained_singlet	mac_mono_supported	retain_for_current_mac_mono_analysis	core_clean_singlets	11	retain_after_residual_T_NK_removal
GAACATCAGTCATCCA.58	1	core_retained_singlet	mac_mono_supported	retain_for_current_mac_mono_analysis	core_clean_singlets	11	retain_after_residual_T_NK_removal
GAACCTACACCAGGTC.58	1	core_retained_singlet	mac_mono_supported	retain_for_current_mac_mono_analysis	core_clean_singlets	11	retain_after_residual_T_NK_removal
GAAGCAGCAATGGTCT.58	1	core_retained_singlet	mac_mono_supported	retain_for_current_mac_mono_analysis	core_clean_singlets	11	retain_after_residual_T_NK_removal
GAATAAGCAGATAATG.58	1	core_retained_singlet	mac_mono_supported	retain_for_current_mac_mono_analysis	core_clean_singlets	11	retain_after_residual_T_NK_removal
GACACGCTCGAATGGG.58	1	core_retained_singlet	mac_mono_supported	retain_for_current_mac_mono_analysis	core_clean_singlets	11	retain_after_residual_T_NK_removal
GACCTGGCACCGATAT.58	1	core_retained_singlet	mac_mono_supported	retain_for_current_mac_mono_analysis	core_clean_singlets	11	retain_after_residual_T_NK_removal
GACGCGTTCCTTTCTC.58	1	core_retained_singlet	mac_mono_supported	retain_for_current_mac_mono_analysis	core_clean_singlets	11	retain_after_residual_T_NK_removal
GACGGCTGTGGCTCCA.58	1	core_retained_singlet	mac_mono_supported	retain_for_current_mac_mono_analysis	core_clean_singlets	11	retain_after_residual_T_NK_removal
GACGTGCAGAGCCCAA.58	1	core_retained_singlet	mac_mono_supported	retain_for_current_mac_mono_analysis	core_clean_singlets	11	retain_after_residual_T_NK_removal
GACGTTACACAACGCC.58	1	core_retained_singlet	mac_mono_supported	retain_for_current_mac_mono_analysis	core_clean_singlets	11	retain_after_residual_T_NK_removal
GAGGTGAAGCGATGAC.58	1	core_retained_singlet	mac_mono_supported	retain_for_current_mac_mono_analysis	core_clean_singlets	11	retain_after_residual_T_NK_removal
GAGGTGAAGTAGCGGT.58	1	core_retained_singlet	mac_mono_supported	retain_for_current_mac_mono_analysis	core_clean_singlets	11	retain_after_residual_T_NK_removal
GATCGCGAGCTTATCG.58	1	core_retained_singlet	mac_mono_supported	retain_for_current_mac_mono_analysis	core_clean_singlets	11	retain_after_residual_T_NK_removal
GATGAAAGTTCCACTC.58	1	core_retained_singlet	mac_mono_supported	retain_for_current_mac_mono_analysis	core_clean_singlets	11	retain_after_residual_T_NK_removal
GATGCTAGTTGCTCCT.58	1	core_retained_singlet	mac_mono_supported	retain_for_current_mac_mono_analysis	core_clean_singlets	11	retain_after_residual_T_NK_removal
GATTCAGAGGCTACGA.58	1	core_retained_singlet	mac_mono_supported	retain_for_current_mac_mono_analysis	core_clean_singlets	11	retain_after_residual_T_NK_removal
GCAAACTAGTTACCCA.58	1	core_retained_singlet	mac_mono_supported	retain_for_current_mac_mono_analysis	core_clean_singlets	11	retain_after_residual_T_NK_removal
GCAATCATCGCGTAGC.58	1	core_retained_singlet	mac_mono_supported	retain_for_current_mac_mono_analysis	core_clean_singlets	11	retain_after_residual_T_NK_removal
GCAGCCAAGAGCTTCT.58	1	core_retained_singlet	mac_mono_supported	retain_for_current_mac_mono_analysis	core_clean_singlets	11	retain_after_residual_T_NK_removal
GCCTCTAGTGGGTATG.58	1	core_retained_singlet	mac_mono_supported	retain_for_current_mac_mono_analysis	core_clean_singlets	11	retain_after_residual_T_NK_removal
GCGCAACTCGCACTCT.58	1	core_retained_singlet	mac_mono_supported	retain_for_current_mac_mono_analysis	core_clean_singlets	11	retain_after_residual_T_NK_removal
GCTCTGTAGGGAGTAA.58	1	core_retained_singlet	mac_mono_supported	retain_for_current_mac_mono_analysis	core_clean_singlets	11	retain_after_residual_T_NK_removal
GGAACTTGTGTTCTTT.58	1	core_retained_singlet	mac_mono_supported	retain_for_current_mac_mono_analysis	core_clean_singlets	11	retain_after_residual_T_NK_removal
GGAACTTGTTATGTGC.58	1	core_retained_singlet	mac_mono_supported	retain_for_current_mac_mono_analysis	core_clean_singlets	11	retain_after_residual_T_NK_removal
GGACGTCCAGCTGTGC.58	1	core_retained_singlet	mac_mono_supported	retain_for_current_mac_mono_analysis	core_clean_singlets	11	retain_after_residual_T_NK_removal
GGAGCAACAAGCCGTC.58	1	core_retained_singlet	mac_mono_supported	retain_for_current_mac_mono_analysis	core_clean_singlets	11	retain_after_residual_T_NK_removal
GGATTACTCAAGAAGT.58	1	core_retained_singlet	mac_mono_supported	retain_for_current_mac_mono_analysis	core_clean_singlets	11	retain_after_residual_T_NK_removal
GGCGACTTCCAGAAGG.58	1	core_retained_singlet	mac_mono_supported	retain_for_current_mac_mono_analysis	core_clean_singlets	11	retain_after_residual_T_NK_removal
GGCTCGATCATCTGCC.58	1	core_retained_singlet	mac_mono_supported	retain_for_current_mac_mono_analysis	core_clean_singlets	11	retain_after_residual_T_NK_removal
GGGACCTAGGCTATCT.58	5	core_retained_singlet	mac_mono_supported	retain_for_current_mac_mono_analysis	core_clean_singlets	11	retain_after_residual_T_NK_removal
GGGATGATCGGATGTT.58	1	core_retained_singlet	mac_mono_supported	retain_for_current_mac_mono_analysis	core_clean_singlets	11	retain_after_residual_T_NK_removal
GGGCACTAGAACAATC.58	5	core_retained_singlet	mac_mono_supported	retain_for_current_mac_mono_analysis	core_clean_singlets	11	retain_after_residual_T_NK_removal
GTACTCCTCGATAGAA.58	1	core_retained_singlet	mac_mono_supported	retain_for_current_mac_mono_analysis	core_clean_singlets	11	retain_after_residual_T_NK_removal
GTAGGCCGTGCCTGTG.58	1	core_retained_singlet	mac_mono_supported	retain_for_current_mac_mono_analysis	core_clean_singlets	11	retain_after_residual_T_NK_removal
GTAGTCAAGGTGACCA.58	1	core_retained_singlet	mac_mono_supported	retain_for_current_mac_mono_analysis	core_clean_singlets	11	retain_after_residual_T_NK_removal
GTCATTTTCCTGCAGG.58	5	core_retained_singlet	mac_mono_supported	retain_for_current_mac_mono_analysis	core_clean_singlets	11	retain_after_residual_T_NK_removal
GTCTTCGGTGTAATGA.58	1	core_retained_singlet	mac_mono_supported	retain_for_current_mac_mono_analysis	core_clean_singlets	11	retain_after_residual_T_NK_removal
GTCTTCGTCAACGAAA.58	1	core_retained_singlet	mac_mono_supported	retain_for_current_mac_mono_analysis	core_clean_singlets	11	retain_after_residual_T_NK_removal
GTGCAGCGTATTCGTG.58	5	core_retained_singlet	mac_mono_supported	retain_for_current_mac_mono_analysis	core_clean_singlets	11	retain_after_residual_T_NK_removal
TACGGGCGTACCGTAT.58	1	core_retained_singlet	mac_mono_supported	retain_for_current_mac_mono_analysis	core_clean_singlets	11	retain_after_residual_T_NK_removal
TACTCATTCCCACTTG.58	8	core_retained_singlet	mac_mono_supported	retain_for_current_mac_mono_analysis	core_clean_singlets	11	retain_after_residual_T_NK_removal
TAGCCGGTCGATAGAA.58	1	core_retained_singlet	mac_mono_supported	retain_for_current_mac_mono_analysis	core_clean_singlets	11	retain_after_residual_T_NK_removal
TATCAGGTCCCAGGTG.58	1	core_retained_singlet	mac_mono_supported	retain_for_current_mac_mono_analysis	core_clean_singlets	11	retain_after_residual_T_NK_removal
TATCTCATCACTGGGC.58	8	core_retained_singlet	mac_mono_supported	retain_for_current_mac_mono_analysis	core_clean_singlets	11	retain_after_residual_T_NK_removal
TATGCCCCACTGCCAG.58	1	core_retained_singlet	mac_mono_supported	retain_for_current_mac_mono_analysis	core_clean_singlets	11	retain_after_residual_T_NK_removal
TATGCCCGTCAAACTC.58	1	core_retained_singlet	mac_mono_supported	retain_for_current_mac_mono_analysis	core_clean_singlets	11	retain_after_residual_T_NK_removal
TCAACGACAAACCTAC.58	1	core_retained_singlet	mac_mono_supported	retain_for_current_mac_mono_analysis	core_clean_singlets	11	retain_after_residual_T_NK_removal
TCAATCTAGGCTATCT.58	1	core_retained_singlet	mac_mono_supported	retain_for_current_mac_mono_analysis	core_clean_singlets	11	retain_after_residual_T_NK_removal
TCACAAGGTCTCCATC.58	1	core_retained_singlet	mac_mono_supported	retain_for_current_mac_mono_analysis	core_clean_singlets	11	retain_after_residual_T_NK_removal
TCACGAAGTCTAGCCG.58	1	core_retained_singlet	mac_mono_supported	retain_for_current_mac_mono_analysis	core_clean_singlets	11	retain_after_residual_T_NK_removal
TCACGAATCTCCAACC.58	1	core_retained_singlet	mac_mono_supported	retain_for_current_mac_mono_analysis	core_clean_singlets	11	retain_after_residual_T_NK_removal
TCATTACAGGCTCTTA.58	1	core_retained_singlet	mac_mono_supported	retain_for_current_mac_mono_analysis	core_clean_singlets	11	retain_after_residual_T_NK_removal
TCGAGGCAGCGATTCT.58	1	core_retained_singlet	mac_mono_supported	retain_for_current_mac_mono_analysis	core_clean_singlets	11	retain_after_residual_T_NK_removal
TCGGGACCAGGTCCAC.58	1	core_retained_singlet	mac_mono_supported	retain_for_current_mac_mono_analysis	core_clean_singlets	11	retain_after_residual_T_NK_removal
TCGGTAATCTCGCATC.58	1	core_retained_singlet	mac_mono_supported	retain_for_current_mac_mono_analysis	core_clean_singlets	11	retain_after_residual_T_NK_removal
TCTATTGCAAGTAGTA.58	1	core_retained_singlet	mac_mono_supported	retain_for_current_mac_mono_analysis	core_clean_singlets	11	retain_after_residual_T_NK_removal
TCTCTAAGTAATTGGA.58	1	core_retained_singlet	mac_mono_supported	retain_for_current_mac_mono_analysis	core_clean_singlets	11	retain_after_residual_T_NK_removal
TCTGGAACAGCCTATA.58	1	core_retained_singlet	mac_mono_supported	retain_for_current_mac_mono_analysis	core_clean_singlets	11	retain_after_residual_T_NK_removal
TCTTCGGAGTGCAAGC.58	1	core_retained_singlet	mac_mono_supported	retain_for_current_mac_mono_analysis	core_clean_singlets	11	retain_after_residual_T_NK_removal
TCTTTCCAGCAGATCG.58	1	core_retained_singlet	mac_mono_supported	retain_for_current_mac_mono_analysis	core_clean_singlets	11	retain_after_residual_T_NK_removal
TGACAACGTGTTGAGG.58	1	core_retained_singlet	mac_mono_supported	retain_for_current_mac_mono_analysis	core_clean_singlets	11	retain_after_residual_T_NK_removal
TGAGCATCACACAGAG.58	1	core_retained_singlet	mac_mono_supported	retain_for_current_mac_mono_analysis	core_clean_singlets	11	retain_after_residual_T_NK_removal
TGAGCATGTGGGTCAA.58	1	core_retained_singlet	mac_mono_supported	retain_for_current_mac_mono_analysis	core_clean_singlets	11	retain_after_residual_T_NK_removal
TGAGCATTCATGCTCC.58	1	core_retained_singlet	mac_mono_supported	retain_for_current_mac_mono_analysis	core_clean_singlets	11	retain_after_residual_T_NK_removal
TGAGGGATCCCGGATG.58	1	core_retained_singlet	mac_mono_supported	retain_for_current_mac_mono_analysis	core_clean_singlets	11	retain_after_residual_T_NK_removal
TGCACCTTCAACGGCC.58	1	core_retained_singlet	mac_mono_supported	retain_for_current_mac_mono_analysis	core_clean_singlets	11	retain_after_residual_T_NK_removal
TGCCAAATCGTCCAGG.58	1	core_retained_singlet	mac_mono_supported	retain_for_current_mac_mono_analysis	core_clean_singlets	11	retain_after_residual_T_NK_removal
TGCGCAGGTGAAATCA.58	8	core_retained_singlet	mac_mono_supported	retain_for_current_mac_mono_analysis	core_clean_singlets	11	retain_after_residual_T_NK_removal
TGGACGCAGGCTCTTA.58	1	core_retained_singlet	mac_mono_supported	retain_for_current_mac_mono_analysis	core_clean_singlets	11	retain_after_residual_T_NK_removal
TGGCGCAGTGATGATA.58	1	core_retained_singlet	mac_mono_supported	retain_for_current_mac_mono_analysis	core_clean_singlets	11	retain_after_residual_T_NK_removal
TGGTTCCCAGCCTATA.58	8	core_retained_singlet	mac_mono_supported	retain_for_current_mac_mono_analysis	core_clean_singlets	11	retain_after_residual_T_NK_removal
TGTCCCAAGGCTCTTA.58	1	core_retained_singlet	mac_mono_supported	retain_for_current_mac_mono_analysis	core_clean_singlets	11	retain_after_residual_T_NK_removal
TGTGGTACAGCCTTTC.58	1	core_retained_singlet	mac_mono_supported	retain_for_current_mac_mono_analysis	core_clean_singlets	11	retain_after_residual_T_NK_removal
TGTGGTAGTCTCTCTG.58	8	core_retained_singlet	mac_mono_supported	retain_for_current_mac_mono_analysis	core_clean_singlets	11	retain_after_residual_T_NK_removal
TTAACTCCACGAGGTA.58	1	core_retained_singlet	mac_mono_supported	retain_for_current_mac_mono_analysis	core_clean_singlets	11	retain_after_residual_T_NK_removal
TTAACTCCATCGATTG.58	1	core_retained_singlet	mac_mono_supported	retain_for_current_mac_mono_analysis	core_clean_singlets	11	retain_after_residual_T_NK_removal
TTAGGACAGCGTAGTG.58	1	core_retained_singlet	mac_mono_supported	retain_for_current_mac_mono_analysis	core_clean_singlets	11	retain_after_residual_T_NK_removal
TTAGGCAAGGGTGTTG.58	1	core_retained_singlet	mac_mono_supported	retain_for_current_mac_mono_analysis	core_clean_singlets	11	retain_after_residual_T_NK_removal
TTAGGCAGTGTCGCTG.58	5	core_retained_singlet	mac_mono_supported	retain_for_current_mac_mono_analysis	core_clean_singlets	11	retain_after_residual_T_NK_removal
TTATGCTGTGACCAAG.58	1	core_retained_singlet	mac_mono_supported	retain_for_current_mac_mono_analysis	core_clean_singlets	11	retain_after_residual_T_NK_removal
TTCGGTCCACCACGTG.58	1	core_retained_singlet	mac_mono_supported	retain_for_current_mac_mono_analysis	core_clean_singlets	11	retain_after_residual_T_NK_removal
TTCTCAAAGATGTGGC.58	1	core_retained_singlet	mac_mono_supported	retain_for_current_mac_mono_analysis	core_clean_singlets	11	retain_after_residual_T_NK_removal
TTCTCAACATCACGTA.58	1	core_retained_singlet	mac_mono_supported	retain_for_current_mac_mono_analysis	core_clean_singlets	11	retain_after_residual_T_NK_removal
TTGACTTCAGCTGTAT.58	5	core_retained_singlet	mac_mono_supported	retain_for_current_mac_mono_analysis	core_clean_singlets	11	retain_after_residual_T_NK_removal
TTGCCGTAGCGAGAAA.58	1	core_retained_singlet	mac_mono_supported	retain_for_current_mac_mono_analysis	core_clean_singlets	11	retain_after_residual_T_NK_removal
TTGCGTCAGAGGGCTT.58	1	core_retained_singlet	mac_mono_supported	retain_for_current_mac_mono_analysis	core_clean_singlets	11	retain_after_residual_T_NK_removal
TTGCGTCAGGCGACAT.58	1	core_retained_singlet	mac_mono_supported	retain_for_current_mac_mono_analysis	core_clean_singlets	11	retain_after_residual_T_NK_removal
TTGGAACAGGAATTAC.58	1	core_retained_singlet	mac_mono_supported	retain_for_current_mac_mono_analysis	core_clean_singlets	11	retain_after_residual_T_NK_removal
TTGGAACTCGCGTTTC.58	1	core_retained_singlet	mac_mono_supported	retain_for_current_mac_mono_analysis	core_clean_singlets	11	retain_after_residual_T_NK_removal
TTGGAACTCTTCATGT.58	1	core_retained_singlet	mac_mono_supported	retain_for_current_mac_mono_analysis	core_clean_singlets	11	retain_after_residual_T_NK_removal
TTGGCAACAGTGGGAT.58	8	core_retained_singlet	mac_mono_supported	retain_for_current_mac_mono_analysis	core_clean_singlets	11	retain_after_residual_T_NK_removal
TTTATGCTCAAACAAG.58	1	core_retained_singlet	mac_mono_supported	retain_for_current_mac_mono_analysis	core_clean_singlets	11	retain_after_residual_T_NK_removal
TTTCCTCTCCGCTGTT.58	5	core_retained_singlet	mac_mono_supported	retain_for_current_mac_mono_analysis	core_clean_singlets	11	retain_after_residual_T_NK_removal
TTTGCGCGTCGTGGCT.58	1	core_retained_singlet	mac_mono_supported	retain_for_current_mac_mono_analysis	core_clean_singlets	11	retain_after_residual_T_NK_removal
TTTGCGCTCCATGAGT.58	1	core_retained_singlet	mac_mono_supported	retain_for_current_mac_mono_analysis	core_clean_singlets	11	retain_after_residual_T_NK_removal
TTTACTGGTCCAGTAT.53	5	core_retained_singlet	mac_mono_supported	retain_for_current_mac_mono_analysis	core_clean_singlets	11	retain_after_residual_T_NK_removal
GCGAGAACACAACTGT.12	5	core_retained_singlet	mac_mono_supported	retain_for_current_mac_mono_analysis	core_clean_singlets	11	retain_after_residual_T_NK_removal
GGCCGATTCTTGACGA.12	5	core_retained_singlet	mac_mono_supported	retain_for_current_mac_mono_analysis	core_clean_singlets	11	retain_after_residual_T_NK_removal
TCTATTGGTGACAAAT.12	5	core_retained_singlet	mac_mono_supported	retain_for_current_mac_mono_analysis	core_clean_singlets	11	retain_after_residual_T_NK_removal
ATTCTACCACGAAATA.18	8	core_retained_singlet	mac_mono_supported	retain_for_current_mac_mono_analysis	core_clean_singlets	11	retain_after_residual_T_NK_removal
AACTGGTCACCACCAG.24	5	core_retained_singlet	mac_mono_supported	retain_for_current_mac_mono_analysis	core_clean_singlets	11	retain_after_residual_T_NK_removal
AAGGCAGGTGATGATA.24	5	core_retained_singlet	mac_mono_supported	retain_for_current_mac_mono_analysis	core_clean_singlets	11	retain_after_residual_T_NK_removal
AAGGTTCGTATAGGGC.24	5	core_retained_singlet	mac_mono_supported	retain_for_current_mac_mono_analysis	core_clean_singlets	11	retain_after_residual_T_NK_removal
AATCGGTCACGAAACG.24	5	core_retained_singlet	mac_mono_supported	retain_for_current_mac_mono_analysis	core_clean_singlets	11	retain_after_residual_T_NK_removal
ACACTGATCACAATGC.24	5	core_retained_singlet	mac_mono_supported	retain_for_current_mac_mono_analysis	core_clean_singlets	11	retain_after_residual_T_NK_removal
ACATACGAGGATATAC.24	5	core_retained_singlet	mac_mono_supported	retain_for_current_mac_mono_analysis	core_clean_singlets	11	retain_after_residual_T_NK_removal
ACATACGTCCTAGAAC.24	5	core_retained_singlet	mac_mono_supported	retain_for_current_mac_mono_analysis	core_clean_singlets	11	retain_after_residual_T_NK_removal
ACCCACTAGGGTCGAT.24	5	core_retained_singlet	mac_mono_supported	retain_for_current_mac_mono_analysis	core_clean_singlets	11	retain_after_residual_T_NK_removal
ACGATACAGACGCAAC.24	5	core_retained_singlet	mac_mono_supported	retain_for_current_mac_mono_analysis	core_clean_singlets	11	retain_after_residual_T_NK_removal
ACGATACTCAACGCTA.24	5	core_retained_singlet	mac_mono_supported	retain_for_current_mac_mono_analysis	core_clean_singlets	11	retain_after_residual_T_NK_removal
ACGCCAGTCATCTGCC.24	5	core_retained_singlet	mac_mono_supported	retain_for_current_mac_mono_analysis	core_clean_singlets	11	retain_after_residual_T_NK_removal
AGGGATGGTCCATGAT.24	5	core_retained_singlet	mac_mono_supported	retain_for_current_mac_mono_analysis	core_clean_singlets	11	retain_after_residual_T_NK_removal
AGTGGGAAGATAGCAT.24	1	core_retained_singlet	mac_mono_supported	retain_for_current_mac_mono_analysis	core_clean_singlets	11	retain_after_residual_T_NK_removal
AGTGGGAGTTCAGGCC.24	5	core_retained_singlet	mac_mono_supported	retain_for_current_mac_mono_analysis	core_clean_singlets	11	retain_after_residual_T_NK_removal
ATTCTACAGTGTCTCA.24	5	core_retained_singlet	mac_mono_supported	retain_for_current_mac_mono_analysis	core_clean_singlets	11	retain_after_residual_T_NK_removal
CAAGGCCGTGTGACGA.24	5	core_retained_singlet	mac_mono_supported	retain_for_current_mac_mono_analysis	core_clean_singlets	11	retain_after_residual_T_NK_removal
CCACGGAGTGGCTCCA.24	5	core_retained_singlet	mac_mono_supported	retain_for_current_mac_mono_analysis	core_clean_singlets	11	retain_after_residual_T_NK_removal
CGCTATCAGATGTCGG.24	5	core_retained_singlet	mac_mono_supported	retain_for_current_mac_mono_analysis	core_clean_singlets	11	retain_after_residual_T_NK_removal
CGGCTAGAGCGTAGTG.24	5	core_retained_singlet	mac_mono_supported	retain_for_current_mac_mono_analysis	core_clean_singlets	11	retain_after_residual_T_NK_removal
CGTGTCTGTTACCGAT.24	5	core_retained_singlet	mac_mono_supported	retain_for_current_mac_mono_analysis	core_clean_singlets	11	retain_after_residual_T_NK_removal
CTCGAAACACTACAGT.24	5	core_retained_singlet	mac_mono_supported	retain_for_current_mac_mono_analysis	core_clean_singlets	11	retain_after_residual_T_NK_removal
CTGCGGATCAGCAACT.24	5	core_retained_singlet	mac_mono_supported	retain_for_current_mac_mono_analysis	core_clean_singlets	11	retain_after_residual_T_NK_removal
GACGGCTAGGGTATCG.24	5	core_retained_singlet	mac_mono_supported	retain_for_current_mac_mono_analysis	core_clean_singlets	11	retain_after_residual_T_NK_removal
GCAAACTAGGATTCGG.24	5	core_retained_singlet	mac_mono_supported	retain_for_current_mac_mono_analysis	core_clean_singlets	11	retain_after_residual_T_NK_removal
GGCGACTCAAGACGTG.24	5	core_retained_singlet	mac_mono_supported	retain_for_current_mac_mono_analysis	core_clean_singlets	11	retain_after_residual_T_NK_removal
TAGGCATAGGCCGAAT.24	5	core_retained_singlet	mac_mono_supported	retain_for_current_mac_mono_analysis	core_clean_singlets	11	retain_after_residual_T_NK_removal
TCGCGAGAGTTTAGGA.24	5	core_retained_singlet	mac_mono_supported	retain_for_current_mac_mono_analysis	core_clean_singlets	11	retain_after_residual_T_NK_removal
GGCAATTGTTGGACCC.27	5	core_retained_singlet	mac_mono_supported	retain_for_current_mac_mono_analysis	core_clean_singlets	11	retain_after_residual_T_NK_removal
TTAGGCAGTAAGCACG.27	5	core_retained_singlet	mac_mono_supported	retain_for_current_mac_mono_analysis	core_clean_singlets	11	retain_after_residual_T_NK_removal
ACCTTTACAAAGGCGT.33	5	core_retained_singlet	mac_mono_supported	retain_for_current_mac_mono_analysis	core_clean_singlets	11	retain_after_residual_T_NK_removal
ACGAGCCAGTCGTTTG.33	10	core_retained_singlet	mac_mono_supported	retain_for_current_mac_mono_analysis	core_clean_singlets	11	retain_after_residual_T_NK_removal
ACGATGTGTGTTTGTG.33	5	core_retained_singlet	mac_mono_supported	retain_for_current_mac_mono_analysis	core_clean_singlets	11	retain_after_residual_T_NK_removal
ACTGAACCAAAGTGCG.33	10	core_retained_singlet	mac_mono_supported	retain_for_current_mac_mono_analysis	core_clean_singlets	11	retain_after_residual_T_NK_removal
CCGTTCAAGTGTTAGA.33	5	core_retained_singlet	mac_mono_supported	retain_for_current_mac_mono_analysis	core_clean_singlets	11	retain_after_residual_T_NK_removal
CCTCAGTGTCATTAGC.33	10	core_retained_singlet	mac_mono_supported	retain_for_current_mac_mono_analysis	core_clean_singlets	11	retain_after_residual_T_NK_removal
CGCTATCAGCCCGAAA.33	10	core_retained_singlet	mac_mono_supported	retain_for_current_mac_mono_analysis	core_clean_singlets	11	retain_after_residual_T_NK_removal
CGTCACTAGATCGGGT.33	5	core_retained_singlet	mac_mono_supported	retain_for_current_mac_mono_analysis	core_clean_singlets	11	retain_after_residual_T_NK_removal
CTAAGACTCTACGAGT.33	10	core_retained_singlet	mac_mono_supported	retain_for_current_mac_mono_analysis	core_clean_singlets	11	retain_after_residual_T_NK_removal
CTGCCTAGTACCCAAT.33	5	core_retained_singlet	mac_mono_supported	retain_for_current_mac_mono_analysis	core_clean_singlets	11	retain_after_residual_T_NK_removal
CTTAACTAGGCTAGGT.33	10	core_retained_singlet	mac_mono_supported	retain_for_current_mac_mono_analysis	core_clean_singlets	11	retain_after_residual_T_NK_removal
GAACGGATCATGGTCA.33	10	core_retained_singlet	mac_mono_supported	retain_for_current_mac_mono_analysis	core_clean_singlets	11	retain_after_residual_T_NK_removal
GCGGGTTAGCTAGTCT.33	10	core_retained_singlet	mac_mono_supported	retain_for_current_mac_mono_analysis	core_clean_singlets	11	retain_after_residual_T_NK_removal
GCTGCGACAAGTAATG.33	10	core_retained_singlet	mac_mono_supported	retain_for_current_mac_mono_analysis	core_clean_singlets	11	retain_after_residual_T_NK_removal
GCTTGAATCGTTACGA.33	5	core_retained_singlet	mac_mono_supported	retain_for_current_mac_mono_analysis	core_clean_singlets	11	retain_after_residual_T_NK_removal
GTCACAATCCTATTCA.33	5	core_retained_singlet	mac_mono_supported	retain_for_current_mac_mono_analysis	core_clean_singlets	11	retain_after_residual_T_NK_removal
GTGCAGCAGAAGGTGA.33	5	core_retained_singlet	mac_mono_supported	retain_for_current_mac_mono_analysis	core_clean_singlets	11	retain_after_residual_T_NK_removal
TACTCATTCGCACTCT.33	5	core_retained_singlet	mac_mono_supported	retain_for_current_mac_mono_analysis	core_clean_singlets	11	retain_after_residual_T_NK_removal
TCACAAGTCCTAAGTG.33	5	core_retained_singlet	mac_mono_supported	retain_for_current_mac_mono_analysis	core_clean_singlets	11	retain_after_residual_T_NK_removal
TCATTACAGATATACG.33	5	core_retained_singlet	mac_mono_supported	retain_for_current_mac_mono_analysis	core_clean_singlets	11	retain_after_residual_T_NK_removal
TCGTAGATCCTATGTT.33	10	core_retained_singlet	mac_mono_supported	retain_for_current_mac_mono_analysis	core_clean_singlets	11	retain_after_residual_T_NK_removal
TTCGGTCGTCCAGTGC.33	10	core_retained_singlet	mac_mono_supported	retain_for_current_mac_mono_analysis	core_clean_singlets	11	retain_after_residual_T_NK_removal
TTCTTAGGTGCCTGGT.33	5	core_retained_singlet	mac_mono_supported	retain_for_current_mac_mono_analysis	core_clean_singlets	11	retain_after_residual_T_NK_removal
TTGAACGAGCTGCCCA.33	5	core_retained_singlet	mac_mono_supported	retain_for_current_mac_mono_analysis	core_clean_singlets	11	retain_after_residual_T_NK_removal
ACAGCCGGTCAAGCGA.38	5	core_retained_singlet	mac_mono_supported	retain_for_current_mac_mono_analysis	core_clean_singlets	11	retain_after_residual_T_NK_removal
ACTGAACAGGACACCA.38	5	core_retained_singlet	mac_mono_supported	retain_for_current_mac_mono_analysis	core_clean_singlets	11	retain_after_residual_T_NK_removal
CCGGGATCATTGTGCA.38	5	core_retained_singlet	mac_mono_supported	retain_for_current_mac_mono_analysis	core_clean_singlets	11	retain_after_residual_T_NK_removal
CTACATTGTCTAAAGA.38	5	core_retained_singlet	mac_mono_supported	retain_for_current_mac_mono_analysis	core_clean_singlets	11	retain_after_residual_T_NK_removal
CTAGTGAAGACCTAGG.38	5	core_retained_singlet	mac_mono_supported	retain_for_current_mac_mono_analysis	core_clean_singlets	11	retain_after_residual_T_NK_removal
CTCAGAATCCTAGTGA.38	5	core_retained_singlet	mac_mono_supported	retain_for_current_mac_mono_analysis	core_clean_singlets	11	retain_after_residual_T_NK_removal
CTGAAGTAGGGAACGG.38	8	core_retained_singlet	mac_mono_supported	retain_for_current_mac_mono_analysis	core_clean_singlets	11	retain_after_residual_T_NK_removal
CTTAGGAAGCAGATCG.38	5	core_retained_singlet	mac_mono_supported	retain_for_current_mac_mono_analysis	core_clean_singlets	11	retain_after_residual_T_NK_removal
CTTGGCTCAGGGTACA.38	5	core_retained_singlet	mac_mono_supported	retain_for_current_mac_mono_analysis	core_clean_singlets	11	retain_after_residual_T_NK_removal
GTCAAGTTCTTACCGC.38	5	core_retained_singlet	mac_mono_supported	retain_for_current_mac_mono_analysis	core_clean_singlets	11	retain_after_residual_T_NK_removal
GTGCATAAGATACACA.38	5	core_retained_singlet	mac_mono_supported	retain_for_current_mac_mono_analysis	core_clean_singlets	11	retain_after_residual_T_NK_removal
TTAGGACCAAACAACA.38	5	core_retained_singlet	mac_mono_supported	retain_for_current_mac_mono_analysis	core_clean_singlets	11	retain_after_residual_T_NK_removal
ACGCCGACAAGCTGTT.48	5	core_retained_singlet	mac_mono_supported	retain_for_current_mac_mono_analysis	core_clean_singlets	11	retain_after_residual_T_NK_removal
ATTGGACGTGTGTGCC.48	5	core_retained_singlet	mac_mono_supported	retain_for_current_mac_mono_analysis	core_clean_singlets	11	retain_after_residual_T_NK_removal
CAAGAAAAGTGCTGCC.48	8	core_retained_singlet	mac_mono_supported	retain_for_current_mac_mono_analysis	core_clean_singlets	11	retain_after_residual_T_NK_removal
CCTAGCTTCGCATGAT.48	10	core_retained_singlet	mac_mono_supported	retain_for_current_mac_mono_analysis	core_clean_singlets	11	retain_after_residual_T_NK_removal
CGACTTCTCGGATGGA.48	1	core_retained_singlet	mac_mono_supported	retain_for_current_mac_mono_analysis	core_clean_singlets	11	retain_after_residual_T_NK_removal
CGCTGGACAGGGATTG.48	5	core_retained_singlet	mac_mono_supported	retain_for_current_mac_mono_analysis	core_clean_singlets	11	retain_after_residual_T_NK_removal
GGGATGAGTCTCTTTA.48	5	core_retained_singlet	mac_mono_supported	retain_for_current_mac_mono_analysis	core_clean_singlets	11	retain_after_residual_T_NK_removal
GTCTCGTGTGACCAAG.48	1	core_retained_singlet	mac_mono_supported	retain_for_current_mac_mono_analysis	core_clean_singlets	11	retain_after_residual_T_NK_removal
GTCTTCGTCTTGACGA.48	8	core_retained_singlet	mac_mono_supported	retain_for_current_mac_mono_analysis	core_clean_singlets	11	retain_after_residual_T_NK_removal
TACTTACGTTTAAGCC.48	5	core_retained_singlet	mac_mono_supported	retain_for_current_mac_mono_analysis	core_clean_singlets	11	retain_after_residual_T_NK_removal
TGTCCCATCCGCGCAA.48	5	core_retained_singlet	mac_mono_supported	retain_for_current_mac_mono_analysis	core_clean_singlets	11	retain_after_residual_T_NK_removal
TTAGGACAGTCCCACG.48	1	core_retained_singlet	mac_mono_supported	retain_for_current_mac_mono_analysis	core_clean_singlets	11	retain_after_residual_T_NK_removal
AATCGGTCAAGAGTCG.54	5	core_retained_singlet	mac_mono_supported	retain_for_current_mac_mono_analysis	core_clean_singlets	11	retain_after_residual_T_NK_removal
ACGATGTCAGTATAAG.54	5	core_retained_singlet	mac_mono_supported	retain_for_current_mac_mono_analysis	core_clean_singlets	11	retain_after_residual_T_NK_removal
AGTGGGATCATCTGCC.54	5	core_retained_singlet	mac_mono_supported	retain_for_current_mac_mono_analysis	core_clean_singlets	11	retain_after_residual_T_NK_removal
ATCCGAAGTATGGTTC.54	5	core_retained_singlet	mac_mono_supported	retain_for_current_mac_mono_analysis	core_clean_singlets	11	retain_after_residual_T_NK_removal
ATTATCCTCGTCGTTC.54	5	core_retained_singlet	mac_mono_supported	retain_for_current_mac_mono_analysis	core_clean_singlets	11	retain_after_residual_T_NK_removal
ATTTCTGTCCCTCAGT.54	8	core_retained_singlet	mac_mono_supported	retain_for_current_mac_mono_analysis	core_clean_singlets	11	retain_after_residual_T_NK_removal
CAGAGAGGTCTTCTCG.54	5	core_retained_singlet	mac_mono_supported	retain_for_current_mac_mono_analysis	core_clean_singlets	11	retain_after_residual_T_NK_removal
CAGTAACCACAGACTT.54	5	core_retained_singlet	mac_mono_supported	retain_for_current_mac_mono_analysis	core_clean_singlets	11	retain_after_residual_T_NK_removal
CAGTAACGTCATACTG.54	5	core_retained_singlet	mac_mono_supported	retain_for_current_mac_mono_analysis	core_clean_singlets	11	retain_after_residual_T_NK_removal
CCAGCGAGTTCCCTTG.54	5	core_retained_singlet	mac_mono_supported	retain_for_current_mac_mono_analysis	core_clean_singlets	11	retain_after_residual_T_NK_removal
CCGGTAGGTTCCACAA.54	1	core_retained_singlet	mac_mono_supported	retain_for_current_mac_mono_analysis	core_clean_singlets	11	retain_after_residual_T_NK_removal
CCTACCAGTGGCCCTA.54	5	core_retained_singlet	mac_mono_supported	retain_for_current_mac_mono_analysis	core_clean_singlets	11	retain_after_residual_T_NK_removal
CGATGGCTCCTTTACA.54	5	core_retained_singlet	mac_mono_supported	retain_for_current_mac_mono_analysis	core_clean_singlets	11	retain_after_residual_T_NK_removal
CGTCACTCAAGACGTG.54	5	core_retained_singlet	mac_mono_supported	retain_for_current_mac_mono_analysis	core_clean_singlets	11	retain_after_residual_T_NK_removal
CTCTAATTCAGCGACC.54	5	core_retained_singlet	mac_mono_supported	retain_for_current_mac_mono_analysis	core_clean_singlets	11	retain_after_residual_T_NK_removal
CTTCTCTCATGTCGAT.54	5	core_retained_singlet	mac_mono_supported	retain_for_current_mac_mono_analysis	core_clean_singlets	11	retain_after_residual_T_NK_removal
GAACCTATCTTTACGT.54	5	core_retained_singlet	mac_mono_supported	retain_for_current_mac_mono_analysis	core_clean_singlets	11	retain_after_residual_T_NK_removal
GCAAACTCATGGATGG.54	5	core_retained_singlet	mac_mono_supported	retain_for_current_mac_mono_analysis	core_clean_singlets	11	retain_after_residual_T_NK_removal
GTAACGTAGTACATGA.54	1	core_retained_singlet	mac_mono_supported	retain_for_current_mac_mono_analysis	core_clean_singlets	11	retain_after_residual_T_NK_removal
GTACGTAGTTCGTTGA.54	5	core_retained_singlet	mac_mono_supported	retain_for_current_mac_mono_analysis	core_clean_singlets	11	retain_after_residual_T_NK_removal
GTCGGGTAGATGTAAC.54	1	core_retained_singlet	mac_mono_supported	retain_for_current_mac_mono_analysis	core_clean_singlets	11	retain_after_residual_T_NK_removal
GTGCATACAGGCGATA.54	8	core_retained_singlet	mac_mono_supported	retain_for_current_mac_mono_analysis	core_clean_singlets	11	retain_after_residual_T_NK_removal
GTTACAGGTGATAAAC.54	1	core_retained_singlet	mac_mono_supported	retain_for_current_mac_mono_analysis	core_clean_singlets	11	retain_after_residual_T_NK_removal
TACGGGCTCAACGAAA.54	1	core_retained_singlet	mac_mono_supported	retain_for_current_mac_mono_analysis	core_clean_singlets	11	retain_after_residual_T_NK_removal
TACTCATAGAACAACT.54	5	core_retained_singlet	mac_mono_supported	retain_for_current_mac_mono_analysis	core_clean_singlets	11	retain_after_residual_T_NK_removal
TAGAGCTAGGAATCGC.54	5	core_retained_singlet	mac_mono_supported	retain_for_current_mac_mono_analysis	core_clean_singlets	11	retain_after_residual_T_NK_removal
TCAGGATCAAGGTTCT.54	1	core_retained_singlet	mac_mono_supported	retain_for_current_mac_mono_analysis	core_clean_singlets	11	retain_after_residual_T_NK_removal
TCGTACCAGTCTCGGC.54	1	core_retained_singlet	mac_mono_supported	retain_for_current_mac_mono_analysis	core_clean_singlets	11	retain_after_residual_T_NK_removal
TGGGAAGCACAAGCCC.54	5	core_retained_singlet	mac_mono_supported	retain_for_current_mac_mono_analysis	core_clean_singlets	11	retain_after_residual_T_NK_removal
AAACGGGGTTCAGCGC.59	5	core_retained_singlet	mac_mono_supported	retain_for_current_mac_mono_analysis	core_clean_singlets	11	retain_after_residual_T_NK_removal
AAGACCTTCAAGAAGT.59	5	core_retained_singlet	mac_mono_supported	retain_for_current_mac_mono_analysis	core_clean_singlets	11	retain_after_residual_T_NK_removal
AATCCAGTCTTTAGTC.59	8	core_retained_singlet	mac_mono_supported	retain_for_current_mac_mono_analysis	core_clean_singlets	11	retain_after_residual_T_NK_removal
ACGATACCATATACGC.59	1	core_retained_singlet	mac_mono_supported	retain_for_current_mac_mono_analysis	core_clean_singlets	11	retain_after_residual_T_NK_removal
AGGGATGAGTGGACGT.59	5	core_retained_singlet	mac_mono_supported	retain_for_current_mac_mono_analysis	core_clean_singlets	11	retain_after_residual_T_NK_removal
ATTTCTGAGCCCAATT.59	5	core_retained_singlet	mac_mono_supported	retain_for_current_mac_mono_analysis	core_clean_singlets	11	retain_after_residual_T_NK_removal
CACAAACCACAACTGT.59	5	core_retained_singlet	mac_mono_supported	retain_for_current_mac_mono_analysis	core_clean_singlets	11	retain_after_residual_T_NK_removal
CATTATCGTGAGCGAT.59	8	core_retained_singlet	mac_mono_supported	retain_for_current_mac_mono_analysis	core_clean_singlets	11	retain_after_residual_T_NK_removal
CCACTACAGCTTCGCG.59	5	core_retained_singlet	mac_mono_supported	retain_for_current_mac_mono_analysis	core_clean_singlets	11	retain_after_residual_T_NK_removal
CCGGTAGGTTCGTGAT.59	8	core_retained_singlet	mac_mono_supported	retain_for_current_mac_mono_analysis	core_clean_singlets	11	retain_after_residual_T_NK_removal
CGCCAAGTCTACCAGA.59	5	core_retained_singlet	mac_mono_supported	retain_for_current_mac_mono_analysis	core_clean_singlets	11	retain_after_residual_T_NK_removal
CGCTTCAAGTGTTGAA.59	8	core_retained_singlet	mac_mono_supported	retain_for_current_mac_mono_analysis	core_clean_singlets	11	retain_after_residual_T_NK_removal
CGGCTAGGTAAAGTCA.59	5	core_retained_singlet	mac_mono_supported	retain_for_current_mac_mono_analysis	core_clean_singlets	11	retain_after_residual_T_NK_removal
CTGCTGTCAGTACACT.59	5	core_retained_singlet	mac_mono_supported	retain_for_current_mac_mono_analysis	core_clean_singlets	11	retain_after_residual_T_NK_removal
CTGTTTAAGTATCTCG.59	5	core_retained_singlet	mac_mono_supported	retain_for_current_mac_mono_analysis	core_clean_singlets	11	retain_after_residual_T_NK_removal
GACTGCGGTCGCGGTT.59	1	core_retained_singlet	mac_mono_supported	retain_for_current_mac_mono_analysis	core_clean_singlets	11	retain_after_residual_T_NK_removal
GCCTCTATCTCTGAGA.59	5	core_retained_singlet	mac_mono_supported	retain_for_current_mac_mono_analysis	core_clean_singlets	11	retain_after_residual_T_NK_removal
GCTCTGTGTTCCAACA.59	5	core_retained_singlet	mac_mono_supported	retain_for_current_mac_mono_analysis	core_clean_singlets	11	retain_after_residual_T_NK_removal
GTCACGGGTCGTGGCT.59	5	core_retained_singlet	mac_mono_supported	retain_for_current_mac_mono_analysis	core_clean_singlets	11	retain_after_residual_T_NK_removal
TAAGAGACATTTGCTT.59	5	core_retained_singlet	mac_mono_supported	retain_for_current_mac_mono_analysis	core_clean_singlets	11	retain_after_residual_T_NK_removal
TCAGCTCTCGCCTGTT.59	5	core_retained_singlet	mac_mono_supported	retain_for_current_mac_mono_analysis	core_clean_singlets	11	retain_after_residual_T_NK_removal
TCTGGAACAGGGTTAG.59	1	core_retained_singlet	mac_mono_supported	retain_for_current_mac_mono_analysis	core_clean_singlets	11	retain_after_residual_T_NK_removal
TGGTTCCTCGGTTAAC.59	5	core_retained_singlet	mac_mono_supported	retain_for_current_mac_mono_analysis	core_clean_singlets	11	retain_after_residual_T_NK_removal
TTAGGCAAGCCGTCGT.59	8	core_retained_singlet	mac_mono_supported	retain_for_current_mac_mono_analysis	core_clean_singlets	11	retain_after_residual_T_NK_removal
TTAGTTCAGTGGAGAA.59	5	core_retained_singlet	mac_mono_supported	retain_for_current_mac_mono_analysis	core_clean_singlets	11	retain_after_residual_T_NK_removal
TTTATGCTCCCTTGTG.59	5	core_retained_singlet	mac_mono_supported	retain_for_current_mac_mono_analysis	core_clean_singlets	11	retain_after_residual_T_NK_removal
AATCCAGAGCGGATCA.3	5	core_retained_singlet	mac_mono_supported	retain_for_current_mac_mono_analysis	core_clean_singlets	11	retain_after_residual_T_NK_removal
ACGATGTAGAGGTTGC.3	1	core_retained_singlet	mac_mono_supported	retain_for_current_mac_mono_analysis	core_clean_singlets	11	retain_after_residual_T_NK_removal
ATGTGTGGTAAGTGTA.3	1	core_retained_singlet	mac_mono_supported	retain_for_current_mac_mono_analysis	core_clean_singlets	11	retain_after_residual_T_NK_removal
CACCTTGGTTTAAGCC.3	8	core_retained_singlet	mac_mono_supported	retain_for_current_mac_mono_analysis	core_clean_singlets	11	retain_after_residual_T_NK_removal
CAGGTGCCAGGTCCAC.3	1	core_retained_singlet	mac_mono_supported	retain_for_current_mac_mono_analysis	core_clean_singlets	11	retain_after_residual_T_NK_removal
CATATTCGTTATGTGC.3	8	core_retained_singlet	mac_mono_supported	retain_for_current_mac_mono_analysis	core_clean_singlets	11	retain_after_residual_T_NK_removal
CGCGGTACAGTTCCCT.3	8	core_retained_singlet	mac_mono_supported	retain_for_current_mac_mono_analysis	core_clean_singlets	11	retain_after_residual_T_NK_removal
CGTCAGGCAGCATACT.3	1	core_retained_singlet	mac_mono_supported	retain_for_current_mac_mono_analysis	core_clean_singlets	11	retain_after_residual_T_NK_removal
CTCGTCAGTAAAGGAG.3	8	core_retained_singlet	mac_mono_supported	retain_for_current_mac_mono_analysis	core_clean_singlets	11	retain_after_residual_T_NK_removal
GCTTGAATCTGTCTAT.3	1	core_retained_singlet	mac_mono_supported	retain_for_current_mac_mono_analysis	core_clean_singlets	11	retain_after_residual_T_NK_removal
GTTCATTTCACAACGT.3	8	core_retained_singlet	mac_mono_supported	retain_for_current_mac_mono_analysis	core_clean_singlets	11	retain_after_residual_T_NK_removal
TCAACGATCGGCTACG.3	8	core_retained_singlet	mac_mono_supported	retain_for_current_mac_mono_analysis	core_clean_singlets	11	retain_after_residual_T_NK_removal
TCGCGAGTCAGATAAG.3	8	core_retained_singlet	mac_mono_supported	retain_for_current_mac_mono_analysis	core_clean_singlets	11	retain_after_residual_T_NK_removal
CCCTCCTCATTAACCG.13	5	core_retained_singlet	mac_mono_supported	retain_for_current_mac_mono_analysis	core_clean_singlets	11	retain_after_residual_T_NK_removal
CTAGTGAAGAGGTACC.13	5	core_retained_singlet	mac_mono_supported	retain_for_current_mac_mono_analysis	core_clean_singlets	11	retain_after_residual_T_NK_removal
CTCACACAGTACTTGC.13	8	core_retained_singlet	mac_mono_supported	retain_for_current_mac_mono_analysis	core_clean_singlets	11	retain_after_residual_T_NK_removal
GAAATGAGTCCTCTTG.13	5	core_retained_singlet	mac_mono_supported	retain_for_current_mac_mono_analysis	core_clean_singlets	11	retain_after_residual_T_NK_removal
GAACGGAGTTCAGCGC.13	8	core_retained_singlet	mac_mono_supported	retain_for_current_mac_mono_analysis	core_clean_singlets	11	retain_after_residual_T_NK_removal
TACACGACAGGGTACA.13	8	core_retained_singlet	mac_mono_supported	retain_for_current_mac_mono_analysis	core_clean_singlets	11	retain_after_residual_T_NK_removal
TGTCCCACATGGTCAT.13	8	core_retained_singlet	mac_mono_supported	retain_for_current_mac_mono_analysis	core_clean_singlets	11	retain_after_residual_T_NK_removal
TTAGTTCTCCGTCATC.13	5	core_retained_singlet	mac_mono_supported	retain_for_current_mac_mono_analysis	core_clean_singlets	11	retain_after_residual_T_NK_removal
AACCGCGAGTCTCAAC.19	5	core_retained_singlet	mac_mono_supported	retain_for_current_mac_mono_analysis	core_clean_singlets	11	retain_after_residual_T_NK_removal
AACTCTTAGTGGACGT.19	8	core_retained_singlet	mac_mono_supported	retain_for_current_mac_mono_analysis	core_clean_singlets	11	retain_after_residual_T_NK_removal
AACTTTCTCACGGTTA.19	8	core_retained_singlet	mac_mono_supported	retain_for_current_mac_mono_analysis	core_clean_singlets	11	retain_after_residual_T_NK_removal
ACGATGTAGAAGGGTA.19	5	core_retained_singlet	mac_mono_supported	retain_for_current_mac_mono_analysis	core_clean_singlets	11	retain_after_residual_T_NK_removal
ACGGGTCCAAATCCGT.19	5	core_retained_singlet	mac_mono_supported	retain_for_current_mac_mono_analysis	core_clean_singlets	11	retain_after_residual_T_NK_removal
ACGTCAATCTTTACAC.19	10	core_retained_singlet	mac_mono_supported	retain_for_current_mac_mono_analysis	core_clean_singlets	11	retain_after_residual_T_NK_removal
ACTATCTCATAAGACA.19	8	core_retained_singlet	mac_mono_supported	retain_for_current_mac_mono_analysis	core_clean_singlets	11	retain_after_residual_T_NK_removal
AGAGTGGTCGGCGGTT.19	8	core_retained_singlet	mac_mono_supported	retain_for_current_mac_mono_analysis	core_clean_singlets	11	retain_after_residual_T_NK_removal
AGCCTAACATTCCTGC.19	5	core_retained_singlet	mac_mono_supported	retain_for_current_mac_mono_analysis	core_clean_singlets	11	retain_after_residual_T_NK_removal
AGCGTATGTTCCATGA.19	5	core_retained_singlet	mac_mono_supported	retain_for_current_mac_mono_analysis	core_clean_singlets	11	retain_after_residual_T_NK_removal
AGCTCCTAGACTACAA.19	5	core_retained_singlet	mac_mono_supported	retain_for_current_mac_mono_analysis	core_clean_singlets	11	retain_after_residual_T_NK_removal
AGCTCCTCATTCTTAC.19	5	core_retained_singlet	mac_mono_supported	retain_for_current_mac_mono_analysis	core_clean_singlets	11	retain_after_residual_T_NK_removal
AGCTCCTGTGCATCTA.19	5	core_retained_singlet	mac_mono_supported	retain_for_current_mac_mono_analysis	core_clean_singlets	11	retain_after_residual_T_NK_removal
AGCTCCTTCACCTTAT.19	5	core_retained_singlet	mac_mono_supported	retain_for_current_mac_mono_analysis	core_clean_singlets	11	retain_after_residual_T_NK_removal
AGTGAGGAGAGAACAG.19	5	core_retained_singlet	mac_mono_supported	retain_for_current_mac_mono_analysis	core_clean_singlets	11	retain_after_residual_T_NK_removal
ATCATGGTCAGGTAAA.19	1	core_retained_singlet	mac_mono_supported	retain_for_current_mac_mono_analysis	core_clean_singlets	11	retain_after_residual_T_NK_removal
CAACCTCGTAGCGCAA.19	8	core_retained_singlet	mac_mono_supported	retain_for_current_mac_mono_analysis	core_clean_singlets	11	retain_after_residual_T_NK_removal
CAAGGCCAGACGCACA.19	5	core_retained_singlet	mac_mono_supported	retain_for_current_mac_mono_analysis	core_clean_singlets	11	retain_after_residual_T_NK_removal
CACAGTAAGTTGTCGT.19	5	core_retained_singlet	mac_mono_supported	retain_for_current_mac_mono_analysis	core_clean_singlets	11	retain_after_residual_T_NK_removal
CACCACTCATCCGTGG.19	5	core_retained_singlet	mac_mono_supported	retain_for_current_mac_mono_analysis	core_clean_singlets	11	retain_after_residual_T_NK_removal
CACCAGGCAGGATCGA.19	5	core_retained_singlet	mac_mono_supported	retain_for_current_mac_mono_analysis	core_clean_singlets	11	retain_after_residual_T_NK_removal
CAGAGAGCAACTGCGC.19	5	core_retained_singlet	mac_mono_supported	retain_for_current_mac_mono_analysis	core_clean_singlets	11	retain_after_residual_T_NK_removal
CAGGTGCAGATGCGAC.19	8	core_retained_singlet	mac_mono_supported	retain_for_current_mac_mono_analysis	core_clean_singlets	11	retain_after_residual_T_NK_removal
CAGTCCTCAATGGAGC.19	5	core_retained_singlet	mac_mono_supported	retain_for_current_mac_mono_analysis	core_clean_singlets	11	retain_after_residual_T_NK_removal
CATCGGGGTTTGTTGG.19	5	core_retained_singlet	mac_mono_supported	retain_for_current_mac_mono_analysis	core_clean_singlets	11	retain_after_residual_T_NK_removal
CCACCTATCACATACG.19	5	core_retained_singlet	mac_mono_supported	retain_for_current_mac_mono_analysis	core_clean_singlets	11	retain_after_residual_T_NK_removal
CCTAAAGCAAAGGCGT.19	5	core_retained_singlet	mac_mono_supported	retain_for_current_mac_mono_analysis	core_clean_singlets	11	retain_after_residual_T_NK_removal
CCTCTGAAGTGTTAGA.19	5	core_retained_singlet	mac_mono_supported	retain_for_current_mac_mono_analysis	core_clean_singlets	11	retain_after_residual_T_NK_removal
CGAGCCAAGACCTAGG.19	5	core_retained_singlet	mac_mono_supported	retain_for_current_mac_mono_analysis	core_clean_singlets	11	retain_after_residual_T_NK_removal
CGATGGCGTTCGTGAT.19	5	core_retained_singlet	mac_mono_supported	retain_for_current_mac_mono_analysis	core_clean_singlets	11	retain_after_residual_T_NK_removal
CGCTATCGTAGAGTGC.19	8	core_retained_singlet	mac_mono_supported	retain_for_current_mac_mono_analysis	core_clean_singlets	11	retain_after_residual_T_NK_removal
CGTCAGGGTGTATGGG.19	5	core_retained_singlet	mac_mono_supported	retain_for_current_mac_mono_analysis	core_clean_singlets	11	retain_after_residual_T_NK_removal
CTAACTTGTTCTGAAC.19	8	core_retained_singlet	mac_mono_supported	retain_for_current_mac_mono_analysis	core_clean_singlets	11	retain_after_residual_T_NK_removal
CTAATGGCAGCTTAAC.19	5	core_retained_singlet	mac_mono_supported	retain_for_current_mac_mono_analysis	core_clean_singlets	11	retain_after_residual_T_NK_removal
CTAATGGGTACCAGTT.19	5	core_retained_singlet	mac_mono_supported	retain_for_current_mac_mono_analysis	core_clean_singlets	11	retain_after_residual_T_NK_removal
CTAGCCTTCCTTTCTC.19	5	core_retained_singlet	mac_mono_supported	retain_for_current_mac_mono_analysis	core_clean_singlets	11	retain_after_residual_T_NK_removal
CTCCTAGAGGCACATG.19	5	core_retained_singlet	mac_mono_supported	retain_for_current_mac_mono_analysis	core_clean_singlets	11	retain_after_residual_T_NK_removal
CTCGGAGGTTCGTCTC.19	5	core_retained_singlet	mac_mono_supported	retain_for_current_mac_mono_analysis	core_clean_singlets	11	retain_after_residual_T_NK_removal
CTCTAATAGTGTACCT.19	8	core_retained_singlet	mac_mono_supported	retain_for_current_mac_mono_analysis	core_clean_singlets	11	retain_after_residual_T_NK_removal
CTCTACGCATTAGCCA.19	5	core_retained_singlet	mac_mono_supported	retain_for_current_mac_mono_analysis	core_clean_singlets	11	retain_after_residual_T_NK_removal
CTGATCCTCTATCCTA.19	5	core_retained_singlet	mac_mono_supported	retain_for_current_mac_mono_analysis	core_clean_singlets	11	retain_after_residual_T_NK_removal
CTGCTGTGTAACGCGA.19	5	core_retained_singlet	mac_mono_supported	retain_for_current_mac_mono_analysis	core_clean_singlets	11	retain_after_residual_T_NK_removal
CTTAGGAAGATTACCC.19	5	core_retained_singlet	mac_mono_supported	retain_for_current_mac_mono_analysis	core_clean_singlets	11	retain_after_residual_T_NK_removal
CTTGGCTTCCGCTGTT.19	5	core_retained_singlet	mac_mono_supported	retain_for_current_mac_mono_analysis	core_clean_singlets	11	retain_after_residual_T_NK_removal
GAAATGAGTACCATCA.19	5	core_retained_singlet	mac_mono_supported	retain_for_current_mac_mono_analysis	core_clean_singlets	11	retain_after_residual_T_NK_removal
GAATGAAGTAAATGTG.19	8	core_retained_singlet	mac_mono_supported	retain_for_current_mac_mono_analysis	core_clean_singlets	11	retain_after_residual_T_NK_removal
GACACGCCATACGCTA.19	5	core_retained_singlet	mac_mono_supported	retain_for_current_mac_mono_analysis	core_clean_singlets	11	retain_after_residual_T_NK_removal
GATCAGTCACACCGCA.19	5	core_retained_singlet	mac_mono_supported	retain_for_current_mac_mono_analysis	core_clean_singlets	11	retain_after_residual_T_NK_removal
GATCTAGGTAGCTGCC.19	5	core_retained_singlet	mac_mono_supported	retain_for_current_mac_mono_analysis	core_clean_singlets	11	retain_after_residual_T_NK_removal
GATGAGGCATAACCTG.19	5	core_retained_singlet	mac_mono_supported	retain_for_current_mac_mono_analysis	core_clean_singlets	11	retain_after_residual_T_NK_removal
GATGCTACATCTATGG.19	5	core_retained_singlet	mac_mono_supported	retain_for_current_mac_mono_analysis	core_clean_singlets	11	retain_after_residual_T_NK_removal
GCATACATCATTGCCC.19	8	core_retained_singlet	mac_mono_supported	retain_for_current_mac_mono_analysis	core_clean_singlets	11	retain_after_residual_T_NK_removal
GCATGCGTCTTGAGAC.19	8	core_retained_singlet	mac_mono_supported	retain_for_current_mac_mono_analysis	core_clean_singlets	11	retain_after_residual_T_NK_removal
GCCTCTATCTCAAACG.19	5	core_retained_singlet	mac_mono_supported	retain_for_current_mac_mono_analysis	core_clean_singlets	11	retain_after_residual_T_NK_removal
GCGCAACAGCGCCTTG.19	1	core_retained_singlet	mac_mono_supported	retain_for_current_mac_mono_analysis	core_clean_singlets	11	retain_after_residual_T_NK_removal
GCGCAGTAGGACATTA.19	5	core_retained_singlet	mac_mono_supported	retain_for_current_mac_mono_analysis	core_clean_singlets	11	retain_after_residual_T_NK_removal
GCTTCCAAGTTGAGAT.19	5	core_retained_singlet	mac_mono_supported	retain_for_current_mac_mono_analysis	core_clean_singlets	11	retain_after_residual_T_NK_removal
GGCTGGTGTCCATCCT.19	5	core_retained_singlet	mac_mono_supported	retain_for_current_mac_mono_analysis	core_clean_singlets	11	retain_after_residual_T_NK_removal
GGCTGGTGTCTGCGGT.19	5	core_retained_singlet	mac_mono_supported	retain_for_current_mac_mono_analysis	core_clean_singlets	11	retain_after_residual_T_NK_removal
GTAACTGAGGGTGTTG.19	5	core_retained_singlet	mac_mono_supported	retain_for_current_mac_mono_analysis	core_clean_singlets	11	retain_after_residual_T_NK_removal
GTCAAGTGTACTCAAC.19	5	core_retained_singlet	mac_mono_supported	retain_for_current_mac_mono_analysis	core_clean_singlets	11	retain_after_residual_T_NK_removal
GTCAAGTGTGACTACT.19	5	core_retained_singlet	mac_mono_supported	retain_for_current_mac_mono_analysis	core_clean_singlets	11	retain_after_residual_T_NK_removal
TACTTGTAGATCCTGT.19	1	core_retained_singlet	mac_mono_supported	retain_for_current_mac_mono_analysis	core_clean_singlets	11	retain_after_residual_T_NK_removal
TACTTGTTCCAATGGT.19	5	core_retained_singlet	mac_mono_supported	retain_for_current_mac_mono_analysis	core_clean_singlets	11	retain_after_residual_T_NK_removal
TATCTCAGTCATCCCT.19	8	core_retained_singlet	mac_mono_supported	retain_for_current_mac_mono_analysis	core_clean_singlets	11	retain_after_residual_T_NK_removal
TCACGAATCGGAGCAA.19	5	core_retained_singlet	mac_mono_supported	retain_for_current_mac_mono_analysis	core_clean_singlets	11	retain_after_residual_T_NK_removal
TCAGGTAGTGTCGCTG.19	1	core_retained_singlet	mac_mono_supported	retain_for_current_mac_mono_analysis	core_clean_singlets	11	retain_after_residual_T_NK_removal
TCCACACGTCAATGTC.19	8	core_retained_singlet	mac_mono_supported	retain_for_current_mac_mono_analysis	core_clean_singlets	11	retain_after_residual_T_NK_removal
TCGCGAGAGAAAGTGG.19	5	core_retained_singlet	mac_mono_supported	retain_for_current_mac_mono_analysis	core_clean_singlets	11	retain_after_residual_T_NK_removal
TGAAAGATCGCAAGCC.19	5	core_retained_singlet	mac_mono_supported	retain_for_current_mac_mono_analysis	core_clean_singlets	11	retain_after_residual_T_NK_removal
TGACGGCAGTACGCCC.19	5	core_retained_singlet	mac_mono_supported	retain_for_current_mac_mono_analysis	core_clean_singlets	11	retain_after_residual_T_NK_removal
TGAGCCGGTCGAGTTT.19	5	core_retained_singlet	mac_mono_supported	retain_for_current_mac_mono_analysis	core_clean_singlets	11	retain_after_residual_T_NK_removal
TGGTTAGGTACCGAGA.19	5	core_retained_singlet	mac_mono_supported	retain_for_current_mac_mono_analysis	core_clean_singlets	11	retain_after_residual_T_NK_removal
TGTTCCGAGGCCGAAT.19	8	core_retained_singlet	mac_mono_supported	retain_for_current_mac_mono_analysis	core_clean_singlets	11	retain_after_residual_T_NK_removal
TGTTCCGTCCGCGTTT.19	5	core_retained_singlet	mac_mono_supported	retain_for_current_mac_mono_analysis	core_clean_singlets	11	retain_after_residual_T_NK_removal
TTAACTCGTAGCTGCC.19	10	core_retained_singlet	mac_mono_supported	retain_for_current_mac_mono_analysis	core_clean_singlets	11	retain_after_residual_T_NK_removal
TTCTACAAGGCTATCT.19	5	core_retained_singlet	mac_mono_supported	retain_for_current_mac_mono_analysis	core_clean_singlets	11	retain_after_residual_T_NK_removal
AAACCTGTCAGTGCAT.25	8	core_retained_singlet	mac_mono_supported	retain_for_current_mac_mono_analysis	core_clean_singlets	11	retain_after_residual_T_NK_removal
AACACGTCAATCTGCA.25	5	core_retained_singlet	mac_mono_supported	retain_for_current_mac_mono_analysis	core_clean_singlets	11	retain_after_residual_T_NK_removal
AAGTCTGCAGCTGCTG.25	5	core_retained_singlet	mac_mono_supported	retain_for_current_mac_mono_analysis	core_clean_singlets	11	retain_after_residual_T_NK_removal
ACACTGACATCCGTGG.25	5	core_retained_singlet	mac_mono_supported	retain_for_current_mac_mono_analysis	core_clean_singlets	11	retain_after_residual_T_NK_removal
ACCGTAATCCAAGCCG.25	5	core_retained_singlet	mac_mono_supported	retain_for_current_mac_mono_analysis	core_clean_singlets	11	retain_after_residual_T_NK_removal
ACGAGGATCTGACCTC.25	5	core_retained_singlet	mac_mono_supported	retain_for_current_mac_mono_analysis	core_clean_singlets	11	retain_after_residual_T_NK_removal
ACGAGGATCTTGTACT.25	5	core_retained_singlet	mac_mono_supported	retain_for_current_mac_mono_analysis	core_clean_singlets	11	retain_after_residual_T_NK_removal
ACGATACCAACGATGG.25	5	core_retained_singlet	mac_mono_supported	retain_for_current_mac_mono_analysis	core_clean_singlets	11	retain_after_residual_T_NK_removal
ACGGAGACAAGTCTGT.25	5	core_retained_singlet	mac_mono_supported	retain_for_current_mac_mono_analysis	core_clean_singlets	11	retain_after_residual_T_NK_removal
ACGGAGATCCTTGCCA.25	5	core_retained_singlet	mac_mono_supported	retain_for_current_mac_mono_analysis	core_clean_singlets	11	retain_after_residual_T_NK_removal
ACGGGTCAGAGGACGG.25	5	core_retained_singlet	mac_mono_supported	retain_for_current_mac_mono_analysis	core_clean_singlets	11	retain_after_residual_T_NK_removal
ACGGGTCTCCTCCTAG.25	5	core_retained_singlet	mac_mono_supported	retain_for_current_mac_mono_analysis	core_clean_singlets	11	retain_after_residual_T_NK_removal
AGAGCGAGTATTCTCT.25	8	core_retained_singlet	mac_mono_supported	retain_for_current_mac_mono_analysis	core_clean_singlets	11	retain_after_residual_T_NK_removal
AGAGCTTGTACACCGC.25	5	core_retained_singlet	mac_mono_supported	retain_for_current_mac_mono_analysis	core_clean_singlets	11	retain_after_residual_T_NK_removal
AGAGCTTTCACTGGGC.25	5	core_retained_singlet	mac_mono_supported	retain_for_current_mac_mono_analysis	core_clean_singlets	11	retain_after_residual_T_NK_removal
AGAGTGGCATGCTGGC.25	5	core_retained_singlet	mac_mono_supported	retain_for_current_mac_mono_analysis	core_clean_singlets	11	retain_after_residual_T_NK_removal
AGCCTAAAGAGTAAGG.25	1	core_retained_singlet	mac_mono_supported	retain_for_current_mac_mono_analysis	core_clean_singlets	11	retain_after_residual_T_NK_removal
AGCTCTCGTTATCGGT.25	5	core_retained_singlet	mac_mono_supported	retain_for_current_mac_mono_analysis	core_clean_singlets	11	retain_after_residual_T_NK_removal
AGCTTGAAGCGTGAGT.25	5	core_retained_singlet	mac_mono_supported	retain_for_current_mac_mono_analysis	core_clean_singlets	11	retain_after_residual_T_NK_removal
AGGTCATTCTAACTGG.25	5	core_retained_singlet	mac_mono_supported	retain_for_current_mac_mono_analysis	core_clean_singlets	11	retain_after_residual_T_NK_removal
ATAACGCCAAGTTGTC.25	5	core_retained_singlet	mac_mono_supported	retain_for_current_mac_mono_analysis	core_clean_singlets	11	retain_after_residual_T_NK_removal
ATAACGCCATTCCTCG.25	8	core_retained_singlet	mac_mono_supported	retain_for_current_mac_mono_analysis	core_clean_singlets	11	retain_after_residual_T_NK_removal
ATAAGAGAGGATGGTC.25	5	core_retained_singlet	mac_mono_supported	retain_for_current_mac_mono_analysis	core_clean_singlets	11	retain_after_residual_T_NK_removal
ATCACGACAGATCTGT.25	1	core_retained_singlet	mac_mono_supported	retain_for_current_mac_mono_analysis	core_clean_singlets	11	retain_after_residual_T_NK_removal
ATCACGATCACCTCGT.25	8	core_retained_singlet	mac_mono_supported	retain_for_current_mac_mono_analysis	core_clean_singlets	11	retain_after_residual_T_NK_removal
ATCCACCAGAATAGGG.25	5	core_retained_singlet	mac_mono_supported	retain_for_current_mac_mono_analysis	core_clean_singlets	11	retain_after_residual_T_NK_removal
ATCCGAACAACGATCT.25	5	core_retained_singlet	mac_mono_supported	retain_for_current_mac_mono_analysis	core_clean_singlets	11	retain_after_residual_T_NK_removal
ATCGAGTGTCCCTTGT.25	10	core_retained_singlet	mac_mono_supported	retain_for_current_mac_mono_analysis	core_clean_singlets	11	retain_after_residual_T_NK_removal
ATGGGAGCATCGATTG.25	5	core_retained_singlet	mac_mono_supported	retain_for_current_mac_mono_analysis	core_clean_singlets	11	retain_after_residual_T_NK_removal
ATGTGTGGTGCCTGTG.25	8	core_retained_singlet	mac_mono_supported	retain_for_current_mac_mono_analysis	core_clean_singlets	11	retain_after_residual_T_NK_removal
ATTATCCAGATGCCAG.25	5	core_retained_singlet	mac_mono_supported	retain_for_current_mac_mono_analysis	core_clean_singlets	11	retain_after_residual_T_NK_removal
CAAGGCCAGTGAAGAG.25	1	core_retained_singlet	mac_mono_supported	retain_for_current_mac_mono_analysis	core_clean_singlets	11	retain_after_residual_T_NK_removal
CACAGTAGTAGAGCTG.25	5	core_retained_singlet	mac_mono_supported	retain_for_current_mac_mono_analysis	core_clean_singlets	11	retain_after_residual_T_NK_removal
CACCAGGTCGAACGGA.25	5	core_retained_singlet	mac_mono_supported	retain_for_current_mac_mono_analysis	core_clean_singlets	11	retain_after_residual_T_NK_removal
CACCTTGTCACCTCGT.25	5	core_retained_singlet	mac_mono_supported	retain_for_current_mac_mono_analysis	core_clean_singlets	11	retain_after_residual_T_NK_removal
CAGTAACCATTGGGCC.25	1	core_retained_singlet	mac_mono_supported	retain_for_current_mac_mono_analysis	core_clean_singlets	11	retain_after_residual_T_NK_removal
CAGTCCTCATCATCCC.25	5	core_retained_singlet	mac_mono_supported	retain_for_current_mac_mono_analysis	core_clean_singlets	11	retain_after_residual_T_NK_removal
CATATTCAGGTGCACA.25	8	core_retained_singlet	mac_mono_supported	retain_for_current_mac_mono_analysis	core_clean_singlets	11	retain_after_residual_T_NK_removal
CATTATCAGGTGACCA.25	5	core_retained_singlet	mac_mono_supported	retain_for_current_mac_mono_analysis	core_clean_singlets	11	retain_after_residual_T_NK_removal
CATTATCCAAGCCGCT.25	5	core_retained_singlet	mac_mono_supported	retain_for_current_mac_mono_analysis	core_clean_singlets	11	retain_after_residual_T_NK_removal
CCACGGACATGAACCT.25	1	core_retained_singlet	mac_mono_supported	retain_for_current_mac_mono_analysis	core_clean_singlets	11	retain_after_residual_T_NK_removal
CCCAATCTCCGCGCAA.25	8	core_retained_singlet	mac_mono_supported	retain_for_current_mac_mono_analysis	core_clean_singlets	11	retain_after_residual_T_NK_removal
CCGTTCATCTGGTATG.25	1	core_retained_singlet	mac_mono_supported	retain_for_current_mac_mono_analysis	core_clean_singlets	11	retain_after_residual_T_NK_removal
CCTAAAGCACACGCTG.25	5	core_retained_singlet	mac_mono_supported	retain_for_current_mac_mono_analysis	core_clean_singlets	11	retain_after_residual_T_NK_removal
CCTACCAAGATACACA.25	5	core_retained_singlet	mac_mono_supported	retain_for_current_mac_mono_analysis	core_clean_singlets	11	retain_after_residual_T_NK_removal
CGAGCCATCCGCATCT.25	5	core_retained_singlet	mac_mono_supported	retain_for_current_mac_mono_analysis	core_clean_singlets	11	retain_after_residual_T_NK_removal
CGGGTCAGTTGATTCG.25	8	core_retained_singlet	mac_mono_supported	retain_for_current_mac_mono_analysis	core_clean_singlets	11	retain_after_residual_T_NK_removal
CGTAGCGGTCATATCG.25	5	core_retained_singlet	mac_mono_supported	retain_for_current_mac_mono_analysis	core_clean_singlets	11	retain_after_residual_T_NK_removal
CGTCTACTCAACTCTT.25	5	core_retained_singlet	mac_mono_supported	retain_for_current_mac_mono_analysis	core_clean_singlets	11	retain_after_residual_T_NK_removal
CGTGTCTTCCACTGGG.25	8	core_retained_singlet	mac_mono_supported	retain_for_current_mac_mono_analysis	core_clean_singlets	11	retain_after_residual_T_NK_removal
CTACACCAGCTGAACG.25	5	core_retained_singlet	mac_mono_supported	retain_for_current_mac_mono_analysis	core_clean_singlets	11	retain_after_residual_T_NK_removal
CTACGTCAGCACCGTC.25	8	core_retained_singlet	mac_mono_supported	retain_for_current_mac_mono_analysis	core_clean_singlets	11	retain_after_residual_T_NK_removal
CTCATTACACCATGTA.25	5	core_retained_singlet	mac_mono_supported	retain_for_current_mac_mono_analysis	core_clean_singlets	11	retain_after_residual_T_NK_removal
CTCGAGGCATAAGACA.25	5	core_retained_singlet	mac_mono_supported	retain_for_current_mac_mono_analysis	core_clean_singlets	11	retain_after_residual_T_NK_removal
CTCTGGTGTCTACCTC.25	5	core_retained_singlet	mac_mono_supported	retain_for_current_mac_mono_analysis	core_clean_singlets	11	retain_after_residual_T_NK_removal
CTGATCCTCTCACATT.25	1	core_retained_singlet	mac_mono_supported	retain_for_current_mac_mono_analysis	core_clean_singlets	11	retain_after_residual_T_NK_removal
CTGGTCTGTACTCGCG.25	8	core_retained_singlet	mac_mono_supported	retain_for_current_mac_mono_analysis	core_clean_singlets	11	retain_after_residual_T_NK_removal
CTGTGCTCACTCGACG.25	10	core_retained_singlet	mac_mono_supported	retain_for_current_mac_mono_analysis	core_clean_singlets	11	retain_after_residual_T_NK_removal
CTTACCGAGCGACGTA.25	8	core_retained_singlet	mac_mono_supported	retain_for_current_mac_mono_analysis	core_clean_singlets	11	retain_after_residual_T_NK_removal
CTTACCGCACTCTGTC.25	5	core_retained_singlet	mac_mono_supported	retain_for_current_mac_mono_analysis	core_clean_singlets	11	retain_after_residual_T_NK_removal
CTTGGCTAGACTCGGA.25	5	core_retained_singlet	mac_mono_supported	retain_for_current_mac_mono_analysis	core_clean_singlets	11	retain_after_residual_T_NK_removal
CTTGGCTCAACACCCG.25	5	core_retained_singlet	mac_mono_supported	retain_for_current_mac_mono_analysis	core_clean_singlets	11	retain_after_residual_T_NK_removal
GAATAAGTCTTTACGT.25	5	core_retained_singlet	mac_mono_supported	retain_for_current_mac_mono_analysis	core_clean_singlets	11	retain_after_residual_T_NK_removal
GACCAATCACGAGGTA.25	5	core_retained_singlet	mac_mono_supported	retain_for_current_mac_mono_analysis	core_clean_singlets	11	retain_after_residual_T_NK_removal
GATTCAGCATCACGAT.25	5	core_retained_singlet	mac_mono_supported	retain_for_current_mac_mono_analysis	core_clean_singlets	11	retain_after_residual_T_NK_removal
GCCTCTAAGCGGATCA.25	5	core_retained_singlet	mac_mono_supported	retain_for_current_mac_mono_analysis	core_clean_singlets	11	retain_after_residual_T_NK_removal
GCGAGAATCGGCTACG.25	5	core_retained_singlet	mac_mono_supported	retain_for_current_mac_mono_analysis	core_clean_singlets	11	retain_after_residual_T_NK_removal
GGAACTTTCTGGAGCC.25	5	core_retained_singlet	mac_mono_supported	retain_for_current_mac_mono_analysis	core_clean_singlets	11	retain_after_residual_T_NK_removal
GGACAAGGTCGCATCG.25	8	core_retained_singlet	mac_mono_supported	retain_for_current_mac_mono_analysis	core_clean_singlets	11	retain_after_residual_T_NK_removal
GGATGTTCATCCGGGT.25	10	core_retained_singlet	mac_mono_supported	retain_for_current_mac_mono_analysis	core_clean_singlets	11	retain_after_residual_T_NK_removal
GGGAATGTCGAATGCT.25	1	core_retained_singlet	mac_mono_supported	retain_for_current_mac_mono_analysis	core_clean_singlets	11	retain_after_residual_T_NK_removal
GGGTCTGGTAGCCTAT.25	8	core_retained_singlet	mac_mono_supported	retain_for_current_mac_mono_analysis	core_clean_singlets	11	retain_after_residual_T_NK_removal
GTAACTGGTAAGTTCC.25	1	core_retained_singlet	mac_mono_supported	retain_for_current_mac_mono_analysis	core_clean_singlets	11	retain_after_residual_T_NK_removal
GTACTTTGTGCCTGCA.25	5	core_retained_singlet	mac_mono_supported	retain_for_current_mac_mono_analysis	core_clean_singlets	11	retain_after_residual_T_NK_removal
GTCCTCATCCAAAGTC.25	8	core_retained_singlet	mac_mono_supported	retain_for_current_mac_mono_analysis	core_clean_singlets	11	retain_after_residual_T_NK_removal
GTCTCGTAGTGGGTTG.25	10	core_retained_singlet	mac_mono_supported	retain_for_current_mac_mono_analysis	core_clean_singlets	11	retain_after_residual_T_NK_removal
GTGAAGGTCCTTTCTC.25	5	core_retained_singlet	mac_mono_supported	retain_for_current_mac_mono_analysis	core_clean_singlets	11	retain_after_residual_T_NK_removal
GTGCATAAGGAACTGC.25	5	core_retained_singlet	mac_mono_supported	retain_for_current_mac_mono_analysis	core_clean_singlets	11	retain_after_residual_T_NK_removal
GTTCGGGAGTGTCCAT.25	8	core_retained_singlet	mac_mono_supported	retain_for_current_mac_mono_analysis	core_clean_singlets	11	retain_after_residual_T_NK_removal
GTTCTCGGTGCTCTTC.25	5	core_retained_singlet	mac_mono_supported	retain_for_current_mac_mono_analysis	core_clean_singlets	11	retain_after_residual_T_NK_removal
TAAGCGTCAAGGGTCA.25	5	core_retained_singlet	mac_mono_supported	retain_for_current_mac_mono_analysis	core_clean_singlets	11	retain_after_residual_T_NK_removal
TAAGCGTTCCCTAACC.25	5	core_retained_singlet	mac_mono_supported	retain_for_current_mac_mono_analysis	core_clean_singlets	11	retain_after_residual_T_NK_removal
TACGGATAGTTGAGAT.25	1	core_retained_singlet	mac_mono_supported	retain_for_current_mac_mono_analysis	core_clean_singlets	11	retain_after_residual_T_NK_removal
TACGGGCAGGGTTCCC.25	8	core_retained_singlet	mac_mono_supported	retain_for_current_mac_mono_analysis	core_clean_singlets	11	retain_after_residual_T_NK_removal
TACTTGTCACCTATCC.25	1	core_retained_singlet	mac_mono_supported	retain_for_current_mac_mono_analysis	core_clean_singlets	11	retain_after_residual_T_NK_removal
TCATTTGCACTTACGA.25	5	core_retained_singlet	mac_mono_supported	retain_for_current_mac_mono_analysis	core_clean_singlets	11	retain_after_residual_T_NK_removal
TCCACACGTTCCATGA.25	5	core_retained_singlet	mac_mono_supported	retain_for_current_mac_mono_analysis	core_clean_singlets	11	retain_after_residual_T_NK_removal
TCGAGGCTCCTAGGGC.25	5	core_retained_singlet	mac_mono_supported	retain_for_current_mac_mono_analysis	core_clean_singlets	11	retain_after_residual_T_NK_removal
TCGAGGCTCCTTGACC.25	5	core_retained_singlet	mac_mono_supported	retain_for_current_mac_mono_analysis	core_clean_singlets	11	retain_after_residual_T_NK_removal
TGCGCAGCACTCAGGC.25	8	core_retained_singlet	mac_mono_supported	retain_for_current_mac_mono_analysis	core_clean_singlets	11	retain_after_residual_T_NK_removal
TGCGGGTTCGCTGATA.25	5	core_retained_singlet	mac_mono_supported	retain_for_current_mac_mono_analysis	core_clean_singlets	11	retain_after_residual_T_NK_removal
TGGACGCCACAACGTT.25	5	core_retained_singlet	mac_mono_supported	retain_for_current_mac_mono_analysis	core_clean_singlets	11	retain_after_residual_T_NK_removal
TGGGAAGCAGGAACGT.25	5	core_retained_singlet	mac_mono_supported	retain_for_current_mac_mono_analysis	core_clean_singlets	11	retain_after_residual_T_NK_removal
TGTGTTTAGATATACG.25	5	core_retained_singlet	mac_mono_supported	retain_for_current_mac_mono_analysis	core_clean_singlets	11	retain_after_residual_T_NK_removal
TGTGTTTAGCTGCAAG.25	10	core_retained_singlet	mac_mono_supported	retain_for_current_mac_mono_analysis	core_clean_singlets	11	retain_after_residual_T_NK_removal
TGTTCCGCATGGGACA.25	5	core_retained_singlet	mac_mono_supported	retain_for_current_mac_mono_analysis	core_clean_singlets	11	retain_after_residual_T_NK_removal
TTAACTCGTAGCCTCG.25	8	core_retained_singlet	mac_mono_supported	retain_for_current_mac_mono_analysis	core_clean_singlets	11	retain_after_residual_T_NK_removal
TTCGGTCAGGCCCTTG.25	5	core_retained_singlet	mac_mono_supported	retain_for_current_mac_mono_analysis	core_clean_singlets	11	retain_after_residual_T_NK_removal
TTCTTAGTCGCTAGCG.25	8	core_retained_singlet	mac_mono_supported	retain_for_current_mac_mono_analysis	core_clean_singlets	11	retain_after_residual_T_NK_removal
TTTACTGGTGACGCCT.25	1	core_retained_singlet	mac_mono_supported	retain_for_current_mac_mono_analysis	core_clean_singlets	11	retain_after_residual_T_NK_removal
TTTATGCGTTGTCTTT.25	8	core_retained_singlet	mac_mono_supported	retain_for_current_mac_mono_analysis	core_clean_singlets	11	retain_after_residual_T_NK_removal
TTTCCTCAGCCCAACC.25	5	core_retained_singlet	mac_mono_supported	retain_for_current_mac_mono_analysis	core_clean_singlets	11	retain_after_residual_T_NK_removal
TTTGCGCAGTACGATA.25	5	core_retained_singlet	mac_mono_supported	retain_for_current_mac_mono_analysis	core_clean_singlets	11	retain_after_residual_T_NK_removal
AAACGGGGTTCCCTTG.26	5	core_retained_singlet	mac_mono_supported	retain_for_current_mac_mono_analysis	core_clean_singlets	11	retain_after_residual_T_NK_removal
AACTCTTTCGACGGAA.26	1	core_retained_singlet	mac_mono_supported	retain_for_current_mac_mono_analysis	core_clean_singlets	11	retain_after_residual_T_NK_removal
AAGGTTCCACATAACC.26	1	core_retained_singlet	mac_mono_supported	retain_for_current_mac_mono_analysis	core_clean_singlets	11	retain_after_residual_T_NK_removal
AATCCAGAGTACGACG.26	8	core_retained_singlet	mac_mono_supported	retain_for_current_mac_mono_analysis	core_clean_singlets	11	retain_after_residual_T_NK_removal
ACACCAAGTGAGGGTT.26	5	core_retained_singlet	mac_mono_supported	retain_for_current_mac_mono_analysis	core_clean_singlets	11	retain_after_residual_T_NK_removal
ACACCAAGTGGTTTCA.26	5	core_retained_singlet	mac_mono_supported	retain_for_current_mac_mono_analysis	core_clean_singlets	11	retain_after_residual_T_NK_removal
ACACCCTCATCCCACT.26	8	core_retained_singlet	mac_mono_supported	retain_for_current_mac_mono_analysis	core_clean_singlets	11	retain_after_residual_T_NK_removal
ACAGCCGGTCCGAATT.26	5	core_retained_singlet	mac_mono_supported	retain_for_current_mac_mono_analysis	core_clean_singlets	11	retain_after_residual_T_NK_removal
ACCTTTACACCTCGTT.26	5	core_retained_singlet	mac_mono_supported	retain_for_current_mac_mono_analysis	core_clean_singlets	11	retain_after_residual_T_NK_removal
ACGCAGCAGATCACGG.26	1	core_retained_singlet	mac_mono_supported	retain_for_current_mac_mono_analysis	core_clean_singlets	11	retain_after_residual_T_NK_removal
ACGGGTCAGTAACCCT.26	5	core_retained_singlet	mac_mono_supported	retain_for_current_mac_mono_analysis	core_clean_singlets	11	retain_after_residual_T_NK_removal
ACTGAGTAGCACCGTC.26	8	core_retained_singlet	mac_mono_supported	retain_for_current_mac_mono_analysis	core_clean_singlets	11	retain_after_residual_T_NK_removal
ACTGAGTCACACATGT.26	1	core_retained_singlet	mac_mono_supported	retain_for_current_mac_mono_analysis	core_clean_singlets	11	retain_after_residual_T_NK_removal
ACTGCTCAGTGCGTGA.26	8	core_retained_singlet	mac_mono_supported	retain_for_current_mac_mono_analysis	core_clean_singlets	11	retain_after_residual_T_NK_removal
AGGGTGAAGCTAAACA.26	8	core_retained_singlet	mac_mono_supported	retain_for_current_mac_mono_analysis	core_clean_singlets	11	retain_after_residual_T_NK_removal
AGTCTTTAGGATTCGG.26	5	core_retained_singlet	mac_mono_supported	retain_for_current_mac_mono_analysis	core_clean_singlets	11	retain_after_residual_T_NK_removal
AGTGGGACAGCCAGAA.26	8	core_retained_singlet	mac_mono_supported	retain_for_current_mac_mono_analysis	core_clean_singlets	11	retain_after_residual_T_NK_removal
AGTGTCAGTAAGAGAG.26	8	core_retained_singlet	mac_mono_supported	retain_for_current_mac_mono_analysis	core_clean_singlets	11	retain_after_residual_T_NK_removal
ATCTACTAGTGTGAAT.26	8	core_retained_singlet	mac_mono_supported	retain_for_current_mac_mono_analysis	core_clean_singlets	11	retain_after_residual_T_NK_removal
ATCTACTCATGCCACG.26	5	core_retained_singlet	mac_mono_supported	retain_for_current_mac_mono_analysis	core_clean_singlets	11	retain_after_residual_T_NK_removal
ATTGGTGAGAGCTGGT.26	1	core_retained_singlet	mac_mono_supported	retain_for_current_mac_mono_analysis	core_clean_singlets	11	retain_after_residual_T_NK_removal
CAAGATCGTCTTCAAG.26	5	core_retained_singlet	mac_mono_supported	retain_for_current_mac_mono_analysis	core_clean_singlets	11	retain_after_residual_T_NK_removal
CACCTTGAGCCAGAAC.26	8	core_retained_singlet	mac_mono_supported	retain_for_current_mac_mono_analysis	core_clean_singlets	11	retain_after_residual_T_NK_removal
CAGAATCTCTAAGCCA.26	8	core_retained_singlet	mac_mono_supported	retain_for_current_mac_mono_analysis	core_clean_singlets	11	retain_after_residual_T_NK_removal
CAGCAGCGTGAAATCA.26	8	core_retained_singlet	mac_mono_supported	retain_for_current_mac_mono_analysis	core_clean_singlets	11	retain_after_residual_T_NK_removal
CATGCCTTCTTGTACT.26	5	core_retained_singlet	mac_mono_supported	retain_for_current_mac_mono_analysis	core_clean_singlets	11	retain_after_residual_T_NK_removal
CATTCGCTCTGTACGA.26	1	core_retained_singlet	mac_mono_supported	retain_for_current_mac_mono_analysis	core_clean_singlets	11	retain_after_residual_T_NK_removal
CCTTCCCAGACCGGAT.26	5	core_retained_singlet	mac_mono_supported	retain_for_current_mac_mono_analysis	core_clean_singlets	11	retain_after_residual_T_NK_removal
CGATGGCCAGCGAACA.26	8	core_retained_singlet	mac_mono_supported	retain_for_current_mac_mono_analysis	core_clean_singlets	11	retain_after_residual_T_NK_removal
CGCCAAGAGTACGATA.26	5	core_retained_singlet	mac_mono_supported	retain_for_current_mac_mono_analysis	core_clean_singlets	11	retain_after_residual_T_NK_removal
CGCTTCAAGTCGCCGT.26	8	core_retained_singlet	mac_mono_supported	retain_for_current_mac_mono_analysis	core_clean_singlets	11	retain_after_residual_T_NK_removal
CGGACTGAGAATAGGG.26	5	core_retained_singlet	mac_mono_supported	retain_for_current_mac_mono_analysis	core_clean_singlets	11	retain_after_residual_T_NK_removal
CGTCTACAGCCCAGCT.26	5	core_retained_singlet	mac_mono_supported	retain_for_current_mac_mono_analysis	core_clean_singlets	11	retain_after_residual_T_NK_removal
CGTTAGACAAGGGTCA.26	5	core_retained_singlet	mac_mono_supported	retain_for_current_mac_mono_analysis	core_clean_singlets	11	retain_after_residual_T_NK_removal
CGTTGGGCACCTCGGA.26	8	core_retained_singlet	mac_mono_supported	retain_for_current_mac_mono_analysis	core_clean_singlets	11	retain_after_residual_T_NK_removal
CTACGTCAGTGCGATG.26	1	core_retained_singlet	mac_mono_supported	retain_for_current_mac_mono_analysis	core_clean_singlets	11	retain_after_residual_T_NK_removal
CTCATTAAGCAGACTG.26	8	core_retained_singlet	mac_mono_supported	retain_for_current_mac_mono_analysis	core_clean_singlets	11	retain_after_residual_T_NK_removal
CTCATTAAGTTGTCGT.26	8	core_retained_singlet	mac_mono_supported	retain_for_current_mac_mono_analysis	core_clean_singlets	11	retain_after_residual_T_NK_removal
CTTTGCGCACATTCGA.26	5	core_retained_singlet	mac_mono_supported	retain_for_current_mac_mono_analysis	core_clean_singlets	11	retain_after_residual_T_NK_removal
GCAATCATCCTGTACC.26	5	core_retained_singlet	mac_mono_supported	retain_for_current_mac_mono_analysis	core_clean_singlets	11	retain_after_residual_T_NK_removal
GCAGCCACAAATACAG.26	8	core_retained_singlet	mac_mono_supported	retain_for_current_mac_mono_analysis	core_clean_singlets	11	retain_after_residual_T_NK_removal
GCATGATAGGTGCTAG.26	1	core_retained_singlet	mac_mono_supported	retain_for_current_mac_mono_analysis	core_clean_singlets	11	retain_after_residual_T_NK_removal
GCATGTAAGGCCATAG.26	1	core_retained_singlet	mac_mono_supported	retain_for_current_mac_mono_analysis	core_clean_singlets	11	retain_after_residual_T_NK_removal
GCGGGTTCAATGGTCT.26	5	core_retained_singlet	mac_mono_supported	retain_for_current_mac_mono_analysis	core_clean_singlets	11	retain_after_residual_T_NK_removal
GCTCCTACACCAGATT.26	1	core_retained_singlet	mac_mono_supported	retain_for_current_mac_mono_analysis	core_clean_singlets	11	retain_after_residual_T_NK_removal
GGACAAGGTAAATACG.26	1	core_retained_singlet	mac_mono_supported	retain_for_current_mac_mono_analysis	core_clean_singlets	11	retain_after_residual_T_NK_removal
GGACAAGTCGGAGCAA.26	1	core_retained_singlet	mac_mono_supported	retain_for_current_mac_mono_analysis	core_clean_singlets	11	retain_after_residual_T_NK_removal
GGCAATTGTGACTACT.26	8	core_retained_singlet	mac_mono_supported	retain_for_current_mac_mono_analysis	core_clean_singlets	11	retain_after_residual_T_NK_removal
GGCAATTTCTCTGAGA.26	5	core_retained_singlet	mac_mono_supported	retain_for_current_mac_mono_analysis	core_clean_singlets	11	retain_after_residual_T_NK_removal
GGGAATGAGGTTCCTA.26	1	core_retained_singlet	mac_mono_supported	retain_for_current_mac_mono_analysis	core_clean_singlets	11	retain_after_residual_T_NK_removal
GGTATTGGTAAAGTCA.26	1	core_retained_singlet	mac_mono_supported	retain_for_current_mac_mono_analysis	core_clean_singlets	11	retain_after_residual_T_NK_removal
GTAACGTGTGTGCGTC.26	8	core_retained_singlet	mac_mono_supported	retain_for_current_mac_mono_analysis	core_clean_singlets	11	retain_after_residual_T_NK_removal
GTACGTAGTCACCCAG.26	5	core_retained_singlet	mac_mono_supported	retain_for_current_mac_mono_analysis	core_clean_singlets	11	retain_after_residual_T_NK_removal
GTCAAGTGTTATCGGT.26	8	core_retained_singlet	mac_mono_supported	retain_for_current_mac_mono_analysis	core_clean_singlets	11	retain_after_residual_T_NK_removal
GTTAAGCAGTAGATGT.26	1	core_retained_singlet	mac_mono_supported	retain_for_current_mac_mono_analysis	core_clean_singlets	11	retain_after_residual_T_NK_removal
GTTCGGGCAGGGATTG.26	5	core_retained_singlet	mac_mono_supported	retain_for_current_mac_mono_analysis	core_clean_singlets	11	retain_after_residual_T_NK_removal
TACAGTGCATGATCCA.26	8	core_retained_singlet	mac_mono_supported	retain_for_current_mac_mono_analysis	core_clean_singlets	11	retain_after_residual_T_NK_removal
TAGAGCTAGCCGTCGT.26	10	core_retained_singlet	mac_mono_supported	retain_for_current_mac_mono_analysis	core_clean_singlets	11	retain_after_residual_T_NK_removal
TATTACCCAGCGTCCA.26	5	core_retained_singlet	mac_mono_supported	retain_for_current_mac_mono_analysis	core_clean_singlets	11	retain_after_residual_T_NK_removal
TCACGAACAGGGATTG.26	5	core_retained_singlet	mac_mono_supported	retain_for_current_mac_mono_analysis	core_clean_singlets	11	retain_after_residual_T_NK_removal
TCGGGACCATTCTTAC.26	1	core_retained_singlet	mac_mono_supported	retain_for_current_mac_mono_analysis	core_clean_singlets	11	retain_after_residual_T_NK_removal
TCTCTAACACGTTGGC.26	8	core_retained_singlet	mac_mono_supported	retain_for_current_mac_mono_analysis	core_clean_singlets	11	retain_after_residual_T_NK_removal
TGACAACGTGTTCGAT.26	1	core_retained_singlet	mac_mono_supported	retain_for_current_mac_mono_analysis	core_clean_singlets	11	retain_after_residual_T_NK_removal
TGAGCATAGCAGCCTC.26	1	core_retained_singlet	mac_mono_supported	retain_for_current_mac_mono_analysis	core_clean_singlets	11	retain_after_residual_T_NK_removal
TGAGCCGCATTACGAC.26	1	core_retained_singlet	mac_mono_supported	retain_for_current_mac_mono_analysis	core_clean_singlets	11	retain_after_residual_T_NK_removal
TGAGGGACAGCCTGTG.26	8	core_retained_singlet	mac_mono_supported	retain_for_current_mac_mono_analysis	core_clean_singlets	11	retain_after_residual_T_NK_removal
TGCCAAATCAGCGATT.26	8	core_retained_singlet	mac_mono_supported	retain_for_current_mac_mono_analysis	core_clean_singlets	11	retain_after_residual_T_NK_removal
TGTGGTAGTATCGCAT.26	8	core_retained_singlet	mac_mono_supported	retain_for_current_mac_mono_analysis	core_clean_singlets	11	retain_after_residual_T_NK_removal
TGTGGTAGTGACAAAT.26	5	core_retained_singlet	mac_mono_supported	retain_for_current_mac_mono_analysis	core_clean_singlets	11	retain_after_residual_T_NK_removal
TTCTCCTCATCGTCGG.26	5	core_retained_singlet	mac_mono_supported	retain_for_current_mac_mono_analysis	core_clean_singlets	11	retain_after_residual_T_NK_removal
TTGGCAAAGGGTGTGT.26	5	core_retained_singlet	mac_mono_supported	retain_for_current_mac_mono_analysis	core_clean_singlets	11	retain_after_residual_T_NK_removal
AAGACCTTCGGTTCGG.32	8	core_retained_singlet	mac_mono_supported	retain_for_current_mac_mono_analysis	core_clean_singlets	11	retain_after_residual_T_NK_removal
AAGGTTCTCACATACG.32	8	core_retained_singlet	mac_mono_supported	retain_for_current_mac_mono_analysis	core_clean_singlets	11	retain_after_residual_T_NK_removal
ACACCAAGTCCGAGTC.32	8	core_retained_singlet	mac_mono_supported	retain_for_current_mac_mono_analysis	core_clean_singlets	11	retain_after_residual_T_NK_removal
ACAGCTAGTCTGCCAG.32	8	core_retained_singlet	mac_mono_supported	retain_for_current_mac_mono_analysis	core_clean_singlets	11	retain_after_residual_T_NK_removal
ACGAGGACAGTGAGTG.32	8	core_retained_singlet	mac_mono_supported	retain_for_current_mac_mono_analysis	core_clean_singlets	11	retain_after_residual_T_NK_removal
ACGCAGCGTGCAGTAG.32	8	core_retained_singlet	mac_mono_supported	retain_for_current_mac_mono_analysis	core_clean_singlets	11	retain_after_residual_T_NK_removal
ACGTCAAAGGGAGTAA.32	10	core_retained_singlet	mac_mono_supported	retain_for_current_mac_mono_analysis	core_clean_singlets	11	retain_after_residual_T_NK_removal
ACTATCTGTTAAAGAC.32	8	core_retained_singlet	mac_mono_supported	retain_for_current_mac_mono_analysis	core_clean_singlets	11	retain_after_residual_T_NK_removal
AGAATAGCACTAAGTC.32	10	core_retained_singlet	mac_mono_supported	retain_for_current_mac_mono_analysis	core_clean_singlets	11	retain_after_residual_T_NK_removal
AGCAGCCAGAGGGCTT.32	10	core_retained_singlet	mac_mono_supported	retain_for_current_mac_mono_analysis	core_clean_singlets	11	retain_after_residual_T_NK_removal
AGCCTAAAGCTAGTCT.32	8	core_retained_singlet	mac_mono_supported	retain_for_current_mac_mono_analysis	core_clean_singlets	11	retain_after_residual_T_NK_removal
AGCTCCTTCGTCTGAA.32	8	core_retained_singlet	mac_mono_supported	retain_for_current_mac_mono_analysis	core_clean_singlets	11	retain_after_residual_T_NK_removal
AGGCCACGTAGCCTAT.32	8	core_retained_singlet	mac_mono_supported	retain_for_current_mac_mono_analysis	core_clean_singlets	11	retain_after_residual_T_NK_removal
AGGGAGTGTTGTACAC.32	10	core_retained_singlet	mac_mono_supported	retain_for_current_mac_mono_analysis	core_clean_singlets	11	retain_after_residual_T_NK_removal
AGGTCATTCCAGAGGA.32	8	core_retained_singlet	mac_mono_supported	retain_for_current_mac_mono_analysis	core_clean_singlets	11	retain_after_residual_T_NK_removal
AGTGAGGGTGAACCTT.32	8	core_retained_singlet	mac_mono_supported	retain_for_current_mac_mono_analysis	core_clean_singlets	11	retain_after_residual_T_NK_removal
AGTGGGAAGGAATCGC.32	10	core_retained_singlet	mac_mono_supported	retain_for_current_mac_mono_analysis	core_clean_singlets	11	retain_after_residual_T_NK_removal
AGTTGGTCACTTAAGC.32	5	core_retained_singlet	mac_mono_supported	retain_for_current_mac_mono_analysis	core_clean_singlets	11	retain_after_residual_T_NK_removal
ATAACGCTCTCAAGTG.32	8	core_retained_singlet	mac_mono_supported	retain_for_current_mac_mono_analysis	core_clean_singlets	11	retain_after_residual_T_NK_removal
ATAGACCAGCGTCAAG.32	8	core_retained_singlet	mac_mono_supported	retain_for_current_mac_mono_analysis	core_clean_singlets	11	retain_after_residual_T_NK_removal
ATAGACCTCAGTTAGC.32	10	core_retained_singlet	mac_mono_supported	retain_for_current_mac_mono_analysis	core_clean_singlets	11	retain_after_residual_T_NK_removal
ATCATCTAGGATGCGT.32	8	core_retained_singlet	mac_mono_supported	retain_for_current_mac_mono_analysis	core_clean_singlets	11	retain_after_residual_T_NK_removal
ATCATGGTCCAGATCA.32	8	core_retained_singlet	mac_mono_supported	retain_for_current_mac_mono_analysis	core_clean_singlets	11	retain_after_residual_T_NK_removal
ATCTGCCAGTCGATAA.32	8	core_retained_singlet	mac_mono_supported	retain_for_current_mac_mono_analysis	core_clean_singlets	11	retain_after_residual_T_NK_removal
ATGCGATGTGCAGGTA.32	10	core_retained_singlet	mac_mono_supported	retain_for_current_mac_mono_analysis	core_clean_singlets	11	retain_after_residual_T_NK_removal
ATGGGAGTCAGATAAG.32	8	core_retained_singlet	mac_mono_supported	retain_for_current_mac_mono_analysis	core_clean_singlets	11	retain_after_residual_T_NK_removal
ATTATCCCAAGGCTCC.32	8	core_retained_singlet	mac_mono_supported	retain_for_current_mac_mono_analysis	core_clean_singlets	11	retain_after_residual_T_NK_removal
ATTGGTGGTCCATGAT.32	8	core_retained_singlet	mac_mono_supported	retain_for_current_mac_mono_analysis	core_clean_singlets	11	retain_after_residual_T_NK_removal
ATTTCTGAGAAACGAG.32	8	core_retained_singlet	mac_mono_supported	retain_for_current_mac_mono_analysis	core_clean_singlets	11	retain_after_residual_T_NK_removal
CAAGAAACAATAGAGT.32	10	core_retained_singlet	mac_mono_supported	retain_for_current_mac_mono_analysis	core_clean_singlets	11	retain_after_residual_T_NK_removal
CAAGATCAGACGCACA.32	8	core_retained_singlet	mac_mono_supported	retain_for_current_mac_mono_analysis	core_clean_singlets	11	retain_after_residual_T_NK_removal
CAAGATCTCGAGGTAG.32	10	core_retained_singlet	mac_mono_supported	retain_for_current_mac_mono_analysis	core_clean_singlets	11	retain_after_residual_T_NK_removal
CAAGGCCAGTATTGGA.32	8	core_retained_singlet	mac_mono_supported	retain_for_current_mac_mono_analysis	core_clean_singlets	11	retain_after_residual_T_NK_removal
CACAGTAAGCCAACAG.32	8	core_retained_singlet	mac_mono_supported	retain_for_current_mac_mono_analysis	core_clean_singlets	11	retain_after_residual_T_NK_removal
CACAGTAGTGATGATA.32	8	core_retained_singlet	mac_mono_supported	retain_for_current_mac_mono_analysis	core_clean_singlets	11	retain_after_residual_T_NK_removal
CACATAGAGTCGAGTG.32	10	core_retained_singlet	mac_mono_supported	retain_for_current_mac_mono_analysis	core_clean_singlets	11	retain_after_residual_T_NK_removal
CACATAGCAAGCCATT.32	8	core_retained_singlet	mac_mono_supported	retain_for_current_mac_mono_analysis	core_clean_singlets	11	retain_after_residual_T_NK_removal
CAGAGAGCACGACTCG.32	8	core_retained_singlet	mac_mono_supported	retain_for_current_mac_mono_analysis	core_clean_singlets	11	retain_after_residual_T_NK_removal
CAGATCAGTCCCGACA.32	10	core_retained_singlet	mac_mono_supported	retain_for_current_mac_mono_analysis	core_clean_singlets	11	retain_after_residual_T_NK_removal
CAGCGACTCACTGGGC.32	8	core_retained_singlet	mac_mono_supported	retain_for_current_mac_mono_analysis	core_clean_singlets	11	retain_after_residual_T_NK_removal
CAGCTAATCTCTGAGA.32	10	core_retained_singlet	mac_mono_supported	retain_for_current_mac_mono_analysis	core_clean_singlets	11	retain_after_residual_T_NK_removal
CAGCTGGTCACCTTAT.32	10	core_retained_singlet	mac_mono_supported	retain_for_current_mac_mono_analysis	core_clean_singlets	11	retain_after_residual_T_NK_removal
CAGGTGCTCGTAGATC.32	8	core_retained_singlet	mac_mono_supported	retain_for_current_mac_mono_analysis	core_clean_singlets	11	retain_after_residual_T_NK_removal
CAGTAACCAGCTGGCT.32	8	core_retained_singlet	mac_mono_supported	retain_for_current_mac_mono_analysis	core_clean_singlets	11	retain_after_residual_T_NK_removal
CATCAGAGTTCCATGA.32	10	core_retained_singlet	mac_mono_supported	retain_for_current_mac_mono_analysis	core_clean_singlets	11	retain_after_residual_T_NK_removal
CATCCACCACAGACTT.32	8	core_retained_singlet	mac_mono_supported	retain_for_current_mac_mono_analysis	core_clean_singlets	11	retain_after_residual_T_NK_removal
CATGCCTCATCTCCCA.32	8	core_retained_singlet	mac_mono_supported	retain_for_current_mac_mono_analysis	core_clean_singlets	11	retain_after_residual_T_NK_removal
CATTATCCATTGCGGC.32	8	core_retained_singlet	mac_mono_supported	retain_for_current_mac_mono_analysis	core_clean_singlets	11	retain_after_residual_T_NK_removal
CCAGCGATCAGGCGAA.32	8	core_retained_singlet	mac_mono_supported	retain_for_current_mac_mono_analysis	core_clean_singlets	11	retain_after_residual_T_NK_removal
CCATGTCCACAACGTT.32	8	core_retained_singlet	mac_mono_supported	retain_for_current_mac_mono_analysis	core_clean_singlets	11	retain_after_residual_T_NK_removal
CCATTCGCACGAAGCA.32	8	core_retained_singlet	mac_mono_supported	retain_for_current_mac_mono_analysis	core_clean_singlets	11	retain_after_residual_T_NK_removal
CCTACCATCTGAAAGA.32	8	core_retained_singlet	mac_mono_supported	retain_for_current_mac_mono_analysis	core_clean_singlets	11	retain_after_residual_T_NK_removal
CCTTACGGTCTAGCGC.32	8	core_retained_singlet	mac_mono_supported	retain_for_current_mac_mono_analysis	core_clean_singlets	11	retain_after_residual_T_NK_removal
CGAACATCAGTCGTGC.32	8	core_retained_singlet	mac_mono_supported	retain_for_current_mac_mono_analysis	core_clean_singlets	11	retain_after_residual_T_NK_removal
CGAATGTTCAACGGCC.32	8	core_retained_singlet	mac_mono_supported	retain_for_current_mac_mono_analysis	core_clean_singlets	11	retain_after_residual_T_NK_removal
CGACCTTTCTCAAACG.32	5	core_retained_singlet	mac_mono_supported	retain_for_current_mac_mono_analysis	core_clean_singlets	11	retain_after_residual_T_NK_removal
CGAGCACTCAGCACAT.32	8	core_retained_singlet	mac_mono_supported	retain_for_current_mac_mono_analysis	core_clean_singlets	11	retain_after_residual_T_NK_removal
CGCCAAGTCGTACCGG.32	10	core_retained_singlet	mac_mono_supported	retain_for_current_mac_mono_analysis	core_clean_singlets	11	retain_after_residual_T_NK_removal
CGCTGGAAGTTCGCAT.32	8	core_retained_singlet	mac_mono_supported	retain_for_current_mac_mono_analysis	core_clean_singlets	11	retain_after_residual_T_NK_removal
CGCTTCAAGGATCGCA.32	10	core_retained_singlet	mac_mono_supported	retain_for_current_mac_mono_analysis	core_clean_singlets	11	retain_after_residual_T_NK_removal
CGGACACAGTCATCCA.32	10	core_retained_singlet	mac_mono_supported	retain_for_current_mac_mono_analysis	core_clean_singlets	11	retain_after_residual_T_NK_removal
CGGACACGTCGCGAAA.32	8	core_retained_singlet	mac_mono_supported	retain_for_current_mac_mono_analysis	core_clean_singlets	11	retain_after_residual_T_NK_removal
CGGACACTCCCTCAGT.32	5	core_retained_singlet	mac_mono_supported	retain_for_current_mac_mono_analysis	core_clean_singlets	11	retain_after_residual_T_NK_removal
CGGACTGGTCCTCCAT.32	8	core_retained_singlet	mac_mono_supported	retain_for_current_mac_mono_analysis	core_clean_singlets	11	retain_after_residual_T_NK_removal
CGTCCATGTGCATCTA.32	8	core_retained_singlet	mac_mono_supported	retain_for_current_mac_mono_analysis	core_clean_singlets	11	retain_after_residual_T_NK_removal
CGTCTACTCATGGTCA.32	10	core_retained_singlet	mac_mono_supported	retain_for_current_mac_mono_analysis	core_clean_singlets	11	retain_after_residual_T_NK_removal
CTAACTTAGCAAATCA.32	8	core_retained_singlet	mac_mono_supported	retain_for_current_mac_mono_analysis	core_clean_singlets	11	retain_after_residual_T_NK_removal
CTAAGACAGAAACCGC.32	10	core_retained_singlet	mac_mono_supported	retain_for_current_mac_mono_analysis	core_clean_singlets	11	retain_after_residual_T_NK_removal
CTAAGACCAAGAGTCG.32	8	core_retained_singlet	mac_mono_supported	retain_for_current_mac_mono_analysis	core_clean_singlets	11	retain_after_residual_T_NK_removal
CTAATGGGTCGATTGT.32	8	core_retained_singlet	mac_mono_supported	retain_for_current_mac_mono_analysis	core_clean_singlets	11	retain_after_residual_T_NK_removal
CTACACCGTGATAAAC.32	10	core_retained_singlet	mac_mono_supported	retain_for_current_mac_mono_analysis	core_clean_singlets	11	retain_after_residual_T_NK_removal
CTACGTCCAGACGCAA.32	8	core_retained_singlet	mac_mono_supported	retain_for_current_mac_mono_analysis	core_clean_singlets	11	retain_after_residual_T_NK_removal
CTACGTCGTAAGGGAA.32	8	core_retained_singlet	mac_mono_supported	retain_for_current_mac_mono_analysis	core_clean_singlets	11	retain_after_residual_T_NK_removal
CTAGAGTCATGAGCGA.32	10	core_retained_singlet	mac_mono_supported	retain_for_current_mac_mono_analysis	core_clean_singlets	11	retain_after_residual_T_NK_removal
CTAGTGACAGCCAGAA.32	8	core_retained_singlet	mac_mono_supported	retain_for_current_mac_mono_analysis	core_clean_singlets	11	retain_after_residual_T_NK_removal
CTCCTAGAGGCAGTCA.32	8	core_retained_singlet	mac_mono_supported	retain_for_current_mac_mono_analysis	core_clean_singlets	11	retain_after_residual_T_NK_removal
CTCCTAGCACTGCCAG.32	5	core_retained_singlet	mac_mono_supported	retain_for_current_mac_mono_analysis	core_clean_singlets	11	retain_after_residual_T_NK_removal
CTCGTACCATGGGAAC.32	8	core_retained_singlet	mac_mono_supported	retain_for_current_mac_mono_analysis	core_clean_singlets	11	retain_after_residual_T_NK_removal
CTCGTCATCAGTTGAC.32	8	core_retained_singlet	mac_mono_supported	retain_for_current_mac_mono_analysis	core_clean_singlets	11	retain_after_residual_T_NK_removal
CTGATCCCAACGCACC.32	5	core_retained_singlet	mac_mono_supported	retain_for_current_mac_mono_analysis	core_clean_singlets	11	retain_after_residual_T_NK_removal
CTGGTCTTCCGAATGT.32	8	core_retained_singlet	mac_mono_supported	retain_for_current_mac_mono_analysis	core_clean_singlets	11	retain_after_residual_T_NK_removal
CTTAACTAGTAGCCGA.32	8	core_retained_singlet	mac_mono_supported	retain_for_current_mac_mono_analysis	core_clean_singlets	11	retain_after_residual_T_NK_removal
CTTCTCTCACTGTGTA.32	8	core_retained_singlet	mac_mono_supported	retain_for_current_mac_mono_analysis	core_clean_singlets	11	retain_after_residual_T_NK_removal
GACGGCTTCAGCGATT.32	1	core_retained_singlet	mac_mono_supported	retain_for_current_mac_mono_analysis	core_clean_singlets	11	retain_after_residual_T_NK_removal
GATCTAGAGTTGCAGG.32	5	core_retained_singlet	mac_mono_supported	retain_for_current_mac_mono_analysis	core_clean_singlets	11	retain_after_residual_T_NK_removal
GATGCTAGTAGATTAG.32	8	core_retained_singlet	mac_mono_supported	retain_for_current_mac_mono_analysis	core_clean_singlets	11	retain_after_residual_T_NK_removal
GCAATCAAGCAGGCTA.32	10	core_retained_singlet	mac_mono_supported	retain_for_current_mac_mono_analysis	core_clean_singlets	11	retain_after_residual_T_NK_removal
GCAATCACATCCAACA.32	8	core_retained_singlet	mac_mono_supported	retain_for_current_mac_mono_analysis	core_clean_singlets	11	retain_after_residual_T_NK_removal
GCACTCTTCTGTCTAT.32	10	core_retained_singlet	mac_mono_supported	retain_for_current_mac_mono_analysis	core_clean_singlets	11	retain_after_residual_T_NK_removal
GCAGCCATCGCTTAGA.32	8	core_retained_singlet	mac_mono_supported	retain_for_current_mac_mono_analysis	core_clean_singlets	11	retain_after_residual_T_NK_removal
GCATACACACCTATCC.32	8	core_retained_singlet	mac_mono_supported	retain_for_current_mac_mono_analysis	core_clean_singlets	11	retain_after_residual_T_NK_removal
GCATGCGTCTTGAGAC.32	8	core_retained_singlet	mac_mono_supported	retain_for_current_mac_mono_analysis	core_clean_singlets	11	retain_after_residual_T_NK_removal
GCTGCGATCATGTGGT.32	10	core_retained_singlet	mac_mono_supported	retain_for_current_mac_mono_analysis	core_clean_singlets	11	retain_after_residual_T_NK_removal
GCTTGAACACTCGACG.32	8	core_retained_singlet	mac_mono_supported	retain_for_current_mac_mono_analysis	core_clean_singlets	11	retain_after_residual_T_NK_removal
GGAACTTGTGTGACGA.32	8	core_retained_singlet	mac_mono_supported	retain_for_current_mac_mono_analysis	core_clean_singlets	11	retain_after_residual_T_NK_removal
GGACGTCGTACAAGTA.32	8	core_retained_singlet	mac_mono_supported	retain_for_current_mac_mono_analysis	core_clean_singlets	11	retain_after_residual_T_NK_removal
GGCAATTTCCTGCTTG.32	8	core_retained_singlet	mac_mono_supported	retain_for_current_mac_mono_analysis	core_clean_singlets	11	retain_after_residual_T_NK_removal
GGCTGGTAGTTAACGA.32	8	core_retained_singlet	mac_mono_supported	retain_for_current_mac_mono_analysis	core_clean_singlets	11	retain_after_residual_T_NK_removal
GGGAATGTCAGGCAAG.32	1	core_retained_singlet	mac_mono_supported	retain_for_current_mac_mono_analysis	core_clean_singlets	11	retain_after_residual_T_NK_removal
GTCGTAACAGCAGTTT.32	8	core_retained_singlet	mac_mono_supported	retain_for_current_mac_mono_analysis	core_clean_singlets	11	retain_after_residual_T_NK_removal
GTCTCGTTCCTCATTA.32	10	core_retained_singlet	mac_mono_supported	retain_for_current_mac_mono_analysis	core_clean_singlets	11	retain_after_residual_T_NK_removal
TAAGCGTCAATGGATA.32	8	core_retained_singlet	mac_mono_supported	retain_for_current_mac_mono_analysis	core_clean_singlets	11	retain_after_residual_T_NK_removal
TAAGCGTGTCAGGACA.32	8	core_retained_singlet	mac_mono_supported	retain_for_current_mac_mono_analysis	core_clean_singlets	11	retain_after_residual_T_NK_removal
TACCTTATCTGTCTCG.32	8	core_retained_singlet	mac_mono_supported	retain_for_current_mac_mono_analysis	core_clean_singlets	11	retain_after_residual_T_NK_removal
TACGGGCTCAGTTCGA.32	8	core_retained_singlet	mac_mono_supported	retain_for_current_mac_mono_analysis	core_clean_singlets	11	retain_after_residual_T_NK_removal
TACTCATTCAACACAC.32	8	core_retained_singlet	mac_mono_supported	retain_for_current_mac_mono_analysis	core_clean_singlets	11	retain_after_residual_T_NK_removal
TAGGCATCATGCCCGA.32	5	core_retained_singlet	mac_mono_supported	retain_for_current_mac_mono_analysis	core_clean_singlets	11	retain_after_residual_T_NK_removal
TATCAGGGTTCGCGAC.32	10	core_retained_singlet	mac_mono_supported	retain_for_current_mac_mono_analysis	core_clean_singlets	11	retain_after_residual_T_NK_removal
TCAGCAAGTCACAAGG.32	10	core_retained_singlet	mac_mono_supported	retain_for_current_mac_mono_analysis	core_clean_singlets	11	retain_after_residual_T_NK_removal
TCAGGATAGGATGGAA.32	8	core_retained_singlet	mac_mono_supported	retain_for_current_mac_mono_analysis	core_clean_singlets	11	retain_after_residual_T_NK_removal
TCAGGTATCTGTACGA.32	8	core_retained_singlet	mac_mono_supported	retain_for_current_mac_mono_analysis	core_clean_singlets	11	retain_after_residual_T_NK_removal
TCATTACTCCGAACGC.32	10	core_retained_singlet	mac_mono_supported	retain_for_current_mac_mono_analysis	core_clean_singlets	11	retain_after_residual_T_NK_removal
TCTATTGAGTGGAGTC.32	8	core_retained_singlet	mac_mono_supported	retain_for_current_mac_mono_analysis	core_clean_singlets	11	retain_after_residual_T_NK_removal
TCTATTGGTACCATCA.32	8	core_retained_singlet	mac_mono_supported	retain_for_current_mac_mono_analysis	core_clean_singlets	11	retain_after_residual_T_NK_removal
TCTCTAAAGCTGATAA.32	8	core_retained_singlet	mac_mono_supported	retain_for_current_mac_mono_analysis	core_clean_singlets	11	retain_after_residual_T_NK_removal
TCTCTAACACGAGAGT.32	8	core_retained_singlet	mac_mono_supported	retain_for_current_mac_mono_analysis	core_clean_singlets	11	retain_after_residual_T_NK_removal
TCTGAGACATGACGGA.32	8	core_retained_singlet	mac_mono_supported	retain_for_current_mac_mono_analysis	core_clean_singlets	11	retain_after_residual_T_NK_removal
TCTGGAAAGCCAACAG.32	8	core_retained_singlet	mac_mono_supported	retain_for_current_mac_mono_analysis	core_clean_singlets	11	retain_after_residual_T_NK_removal
TCTTCGGAGAAGGACA.32	8	core_retained_singlet	mac_mono_supported	retain_for_current_mac_mono_analysis	core_clean_singlets	11	retain_after_residual_T_NK_removal
TGAAAGAGTGTTGAGG.32	10	core_retained_singlet	mac_mono_supported	retain_for_current_mac_mono_analysis	core_clean_singlets	11	retain_after_residual_T_NK_removal
TGAGCATTCGGAGGTA.32	8	core_retained_singlet	mac_mono_supported	retain_for_current_mac_mono_analysis	core_clean_singlets	11	retain_after_residual_T_NK_removal
TGCACCTGTCTCCACT.32	8	core_retained_singlet	mac_mono_supported	retain_for_current_mac_mono_analysis	core_clean_singlets	11	retain_after_residual_T_NK_removal
TGCACCTGTTGATTGC.32	8	core_retained_singlet	mac_mono_supported	retain_for_current_mac_mono_analysis	core_clean_singlets	11	retain_after_residual_T_NK_removal
TGCCAAAGTTCCACGG.32	10	core_retained_singlet	mac_mono_supported	retain_for_current_mac_mono_analysis	core_clean_singlets	11	retain_after_residual_T_NK_removal
TGGACGCCATAGTAAG.32	8	core_retained_singlet	mac_mono_supported	retain_for_current_mac_mono_analysis	core_clean_singlets	11	retain_after_residual_T_NK_removal
TGGACGCGTATTCTCT.32	8	core_retained_singlet	mac_mono_supported	retain_for_current_mac_mono_analysis	core_clean_singlets	11	retain_after_residual_T_NK_removal
TGTCCCAGTTGATTCG.32	8	core_retained_singlet	mac_mono_supported	retain_for_current_mac_mono_analysis	core_clean_singlets	11	retain_after_residual_T_NK_removal
TGTTCCGTCCCTCTTT.32	8	core_retained_singlet	mac_mono_supported	retain_for_current_mac_mono_analysis	core_clean_singlets	11	retain_after_residual_T_NK_removal
TTAACTCAGGCTCATT.32	5	core_retained_singlet	mac_mono_supported	retain_for_current_mac_mono_analysis	core_clean_singlets	11	retain_after_residual_T_NK_removal
TTCGGTCGTACCATCA.32	8	core_retained_singlet	mac_mono_supported	retain_for_current_mac_mono_analysis	core_clean_singlets	11	retain_after_residual_T_NK_removal
TTCGGTCGTTCGCGAC.32	8	core_retained_singlet	mac_mono_supported	retain_for_current_mac_mono_analysis	core_clean_singlets	11	retain_after_residual_T_NK_removal
TTCTTAGCACGAAATA.32	8	core_retained_singlet	mac_mono_supported	retain_for_current_mac_mono_analysis	core_clean_singlets	11	retain_after_residual_T_NK_removal
TTGGCAAGTCTGCGGT.32	8	core_retained_singlet	mac_mono_supported	retain_for_current_mac_mono_analysis	core_clean_singlets	11	retain_after_residual_T_NK_removal
TTGTAGGGTTCCACAA.32	8	core_retained_singlet	mac_mono_supported	retain_for_current_mac_mono_analysis	core_clean_singlets	11	retain_after_residual_T_NK_removal
TTTATGCTCTACTATC.32	10	core_retained_singlet	mac_mono_supported	retain_for_current_mac_mono_analysis	core_clean_singlets	11	retain_after_residual_T_NK_removal
AAACGGGTCTCTGTCG.39	8	core_retained_singlet	mac_mono_supported	retain_for_current_mac_mono_analysis	core_clean_singlets	11	retain_after_residual_T_NK_removal
AAAGCAAAGTCCGGTC.39	8	core_retained_singlet	mac_mono_supported	retain_for_current_mac_mono_analysis	core_clean_singlets	11	retain_after_residual_T_NK_removal
AACTCCCGTTGAACTC.39	8	core_retained_singlet	mac_mono_supported	retain_for_current_mac_mono_analysis	core_clean_singlets	11	retain_after_residual_T_NK_removal
AAGACCTGTTGGAGGT.39	8	core_retained_singlet	mac_mono_supported	retain_for_current_mac_mono_analysis	core_clean_singlets	11	retain_after_residual_T_NK_removal
AAGCCGCTCCTAGAAC.39	8	core_retained_singlet	mac_mono_supported	retain_for_current_mac_mono_analysis	core_clean_singlets	11	retain_after_residual_T_NK_removal
AATCCAGTCGGCGCAT.39	8	core_retained_singlet	mac_mono_supported	retain_for_current_mac_mono_analysis	core_clean_singlets	11	retain_after_residual_T_NK_removal
ACATGGTGTTAAGAAC.39	5	core_retained_singlet	mac_mono_supported	retain_for_current_mac_mono_analysis	core_clean_singlets	11	retain_after_residual_T_NK_removal
ACGGGCTTCCCGACTT.39	5	core_retained_singlet	mac_mono_supported	retain_for_current_mac_mono_analysis	core_clean_singlets	11	retain_after_residual_T_NK_removal
ACGTCAACATCGACGC.39	1	core_retained_singlet	mac_mono_supported	retain_for_current_mac_mono_analysis	core_clean_singlets	11	retain_after_residual_T_NK_removal
ACTTGTTCATCAGTCA.39	8	core_retained_singlet	mac_mono_supported	retain_for_current_mac_mono_analysis	core_clean_singlets	11	retain_after_residual_T_NK_removal
AGTAGTCTCTAGCACA.39	8	core_retained_singlet	mac_mono_supported	retain_for_current_mac_mono_analysis	core_clean_singlets	11	retain_after_residual_T_NK_removal
AGTGAGGGTTGGTTTG.39	8	core_retained_singlet	mac_mono_supported	retain_for_current_mac_mono_analysis	core_clean_singlets	11	retain_after_residual_T_NK_removal
ATAAGAGGTTCGCTAA.39	5	core_retained_singlet	mac_mono_supported	retain_for_current_mac_mono_analysis	core_clean_singlets	11	retain_after_residual_T_NK_removal
ATCTACTCATCTCGCT.39	8	core_retained_singlet	mac_mono_supported	retain_for_current_mac_mono_analysis	core_clean_singlets	11	retain_after_residual_T_NK_removal
ATGAGGGAGGCGTACA.39	8	core_retained_singlet	mac_mono_supported	retain_for_current_mac_mono_analysis	core_clean_singlets	11	retain_after_residual_T_NK_removal
ATGTGTGGTTCGAATC.39	8	core_retained_singlet	mac_mono_supported	retain_for_current_mac_mono_analysis	core_clean_singlets	11	retain_after_residual_T_NK_removal
CAGCGACAGCTAGTTC.39	8	core_retained_singlet	mac_mono_supported	retain_for_current_mac_mono_analysis	core_clean_singlets	11	retain_after_residual_T_NK_removal
CAGTCCTGTAATAGCA.39	8	core_retained_singlet	mac_mono_supported	retain_for_current_mac_mono_analysis	core_clean_singlets	11	retain_after_residual_T_NK_removal
CAGTCCTGTCATCCCT.39	8	core_retained_singlet	mac_mono_supported	retain_for_current_mac_mono_analysis	core_clean_singlets	11	retain_after_residual_T_NK_removal
CATATTCAGCGATAGC.39	1	core_retained_singlet	mac_mono_supported	retain_for_current_mac_mono_analysis	core_clean_singlets	11	retain_after_residual_T_NK_removal
CATGCCTGTCCGTGAC.39	5	core_retained_singlet	mac_mono_supported	retain_for_current_mac_mono_analysis	core_clean_singlets	11	retain_after_residual_T_NK_removal
CCATGTCTCGAGGTAG.39	8	core_retained_singlet	mac_mono_supported	retain_for_current_mac_mono_analysis	core_clean_singlets	11	retain_after_residual_T_NK_removal
CCATTCGTCCTGTACC.39	8	core_retained_singlet	mac_mono_supported	retain_for_current_mac_mono_analysis	core_clean_singlets	11	retain_after_residual_T_NK_removal
CCGTACTCAGCGAACA.39	8	core_retained_singlet	mac_mono_supported	retain_for_current_mac_mono_analysis	core_clean_singlets	11	retain_after_residual_T_NK_removal
CGAATGTCACGTCTCT.39	8	core_retained_singlet	mac_mono_supported	retain_for_current_mac_mono_analysis	core_clean_singlets	11	retain_after_residual_T_NK_removal
CGCCAAGTCCGTAGTA.39	8	core_retained_singlet	mac_mono_supported	retain_for_current_mac_mono_analysis	core_clean_singlets	11	retain_after_residual_T_NK_removal
CGGCTAGGTCTCATCC.39	8	core_retained_singlet	mac_mono_supported	retain_for_current_mac_mono_analysis	core_clean_singlets	11	retain_after_residual_T_NK_removal
CGGGTCACAGGGTTAG.39	8	core_retained_singlet	mac_mono_supported	retain_for_current_mac_mono_analysis	core_clean_singlets	11	retain_after_residual_T_NK_removal
CGTCACTTCCACGCAG.39	8	core_retained_singlet	mac_mono_supported	retain_for_current_mac_mono_analysis	core_clean_singlets	11	retain_after_residual_T_NK_removal
CGTCCATGTACGACCC.39	8	core_retained_singlet	mac_mono_supported	retain_for_current_mac_mono_analysis	core_clean_singlets	11	retain_after_residual_T_NK_removal
CGTCCATGTCTTCAAG.39	8	core_retained_singlet	mac_mono_supported	retain_for_current_mac_mono_analysis	core_clean_singlets	11	retain_after_residual_T_NK_removal
CGTGAGCTCGCCAGCA.39	8	core_retained_singlet	mac_mono_supported	retain_for_current_mac_mono_analysis	core_clean_singlets	11	retain_after_residual_T_NK_removal
CGTTCTGGTGGTAACG.39	8	core_retained_singlet	mac_mono_supported	retain_for_current_mac_mono_analysis	core_clean_singlets	11	retain_after_residual_T_NK_removal
CTAACTTCAAAGGTGC.39	8	core_retained_singlet	mac_mono_supported	retain_for_current_mac_mono_analysis	core_clean_singlets	11	retain_after_residual_T_NK_removal
CTAATGGTCCGCGGTA.39	8	core_retained_singlet	mac_mono_supported	retain_for_current_mac_mono_analysis	core_clean_singlets	11	retain_after_residual_T_NK_removal
CTCTGGTTCTGCGGCA.39	1	core_retained_singlet	mac_mono_supported	retain_for_current_mac_mono_analysis	core_clean_singlets	11	retain_after_residual_T_NK_removal
CTGTGCTAGTCTCCTC.39	8	core_retained_singlet	mac_mono_supported	retain_for_current_mac_mono_analysis	core_clean_singlets	11	retain_after_residual_T_NK_removal
CTTCTCTAGAGACGAA.39	8	core_retained_singlet	mac_mono_supported	retain_for_current_mac_mono_analysis	core_clean_singlets	11	retain_after_residual_T_NK_removal
CTTGGCTGTAAATGAC.39	8	core_retained_singlet	mac_mono_supported	retain_for_current_mac_mono_analysis	core_clean_singlets	11	retain_after_residual_T_NK_removal
GAAGCAGTCACATAGC.39	8	core_retained_singlet	mac_mono_supported	retain_for_current_mac_mono_analysis	core_clean_singlets	11	retain_after_residual_T_NK_removal
GACACGCGTGTTGGGA.39	8	core_retained_singlet	mac_mono_supported	retain_for_current_mac_mono_analysis	core_clean_singlets	11	retain_after_residual_T_NK_removal
GACACGCGTGTTTGTG.39	5	core_retained_singlet	mac_mono_supported	retain_for_current_mac_mono_analysis	core_clean_singlets	11	retain_after_residual_T_NK_removal
GACTACAAGTGATCGG.39	8	core_retained_singlet	mac_mono_supported	retain_for_current_mac_mono_analysis	core_clean_singlets	11	retain_after_residual_T_NK_removal
GAGCAGAAGTGACTCT.39	8	core_retained_singlet	mac_mono_supported	retain_for_current_mac_mono_analysis	core_clean_singlets	11	retain_after_residual_T_NK_removal
GAGCAGAGTACAGTGG.39	8	core_retained_singlet	mac_mono_supported	retain_for_current_mac_mono_analysis	core_clean_singlets	11	retain_after_residual_T_NK_removal
GATGAAAAGGCTATCT.39	1	core_retained_singlet	mac_mono_supported	retain_for_current_mac_mono_analysis	core_clean_singlets	11	retain_after_residual_T_NK_removal
GATTCAGAGTGTACGG.39	8	core_retained_singlet	mac_mono_supported	retain_for_current_mac_mono_analysis	core_clean_singlets	11	retain_after_residual_T_NK_removal
GCTCCTAGTCCATGAT.39	8	core_retained_singlet	mac_mono_supported	retain_for_current_mac_mono_analysis	core_clean_singlets	11	retain_after_residual_T_NK_removal
GCTCCTAGTTCACGGC.39	5	core_retained_singlet	mac_mono_supported	retain_for_current_mac_mono_analysis	core_clean_singlets	11	retain_after_residual_T_NK_removal
GCTGCTTTCATGTCTT.39	5	core_retained_singlet	mac_mono_supported	retain_for_current_mac_mono_analysis	core_clean_singlets	11	retain_after_residual_T_NK_removal
GGACATTTCCAGTATG.39	8	core_retained_singlet	mac_mono_supported	retain_for_current_mac_mono_analysis	core_clean_singlets	11	retain_after_residual_T_NK_removal
GGCGACTTCTGACCTC.39	8	core_retained_singlet	mac_mono_supported	retain_for_current_mac_mono_analysis	core_clean_singlets	11	retain_after_residual_T_NK_removal
GGGATGAAGTCTTGCA.39	8	core_retained_singlet	mac_mono_supported	retain_for_current_mac_mono_analysis	core_clean_singlets	11	retain_after_residual_T_NK_removal
GGGATGACACCAGTTA.39	8	core_retained_singlet	mac_mono_supported	retain_for_current_mac_mono_analysis	core_clean_singlets	11	retain_after_residual_T_NK_removal
GGGCATCAGTGGTAAT.39	5	core_retained_singlet	mac_mono_supported	retain_for_current_mac_mono_analysis	core_clean_singlets	11	retain_after_residual_T_NK_removal
GGGTTGCAGCAAATCA.39	8	core_retained_singlet	mac_mono_supported	retain_for_current_mac_mono_analysis	core_clean_singlets	11	retain_after_residual_T_NK_removal
GGGTTGCCAAGGACTG.39	8	core_retained_singlet	mac_mono_supported	retain_for_current_mac_mono_analysis	core_clean_singlets	11	retain_after_residual_T_NK_removal
GTAACTGTCAGAAATG.39	8	core_retained_singlet	mac_mono_supported	retain_for_current_mac_mono_analysis	core_clean_singlets	11	retain_after_residual_T_NK_removal
GTCTTCGAGTCCTCCT.39	8	core_retained_singlet	mac_mono_supported	retain_for_current_mac_mono_analysis	core_clean_singlets	11	retain_after_residual_T_NK_removal
GTGCAGCAGCCATCGC.39	5	core_retained_singlet	mac_mono_supported	retain_for_current_mac_mono_analysis	core_clean_singlets	11	retain_after_residual_T_NK_removal
GTTAAGCTCTATCGCC.39	8	core_retained_singlet	mac_mono_supported	retain_for_current_mac_mono_analysis	core_clean_singlets	11	retain_after_residual_T_NK_removal
GTTTCTAAGCCTCGTG.39	8	core_retained_singlet	mac_mono_supported	retain_for_current_mac_mono_analysis	core_clean_singlets	11	retain_after_residual_T_NK_removal
TAAACCGTCCATGAGT.39	8	core_retained_singlet	mac_mono_supported	retain_for_current_mac_mono_analysis	core_clean_singlets	11	retain_after_residual_T_NK_removal
TACACGAAGTGTCTCA.39	8	core_retained_singlet	mac_mono_supported	retain_for_current_mac_mono_analysis	core_clean_singlets	11	retain_after_residual_T_NK_removal
TACTCGCCAGATGGGT.39	8	core_retained_singlet	mac_mono_supported	retain_for_current_mac_mono_analysis	core_clean_singlets	11	retain_after_residual_T_NK_removal
TAGGCATTCCTATTCA.39	8	core_retained_singlet	mac_mono_supported	retain_for_current_mac_mono_analysis	core_clean_singlets	11	retain_after_residual_T_NK_removal
TCAGCAAAGGCGCTCT.39	8	core_retained_singlet	mac_mono_supported	retain_for_current_mac_mono_analysis	core_clean_singlets	11	retain_after_residual_T_NK_removal
TCAGGATGTAACGACG.39	8	core_retained_singlet	mac_mono_supported	retain_for_current_mac_mono_analysis	core_clean_singlets	11	retain_after_residual_T_NK_removal
TCAGGTAGTTGCTCCT.39	8	core_retained_singlet	mac_mono_supported	retain_for_current_mac_mono_analysis	core_clean_singlets	11	retain_after_residual_T_NK_removal
TCGCGAGAGGTAGCCA.39	8	core_retained_singlet	mac_mono_supported	retain_for_current_mac_mono_analysis	core_clean_singlets	11	retain_after_residual_T_NK_removal
TCTGAGAGTTAAGACA.39	8	core_retained_singlet	mac_mono_supported	retain_for_current_mac_mono_analysis	core_clean_singlets	11	retain_after_residual_T_NK_removal
TGCCAAACACGAGAGT.39	8	core_retained_singlet	mac_mono_supported	retain_for_current_mac_mono_analysis	core_clean_singlets	11	retain_after_residual_T_NK_removal
TGCCCATCACAACGTT.39	8	core_retained_singlet	mac_mono_supported	retain_for_current_mac_mono_analysis	core_clean_singlets	11	retain_after_residual_T_NK_removal
TGGCTGGCAATCCAAC.39	8	core_retained_singlet	mac_mono_supported	retain_for_current_mac_mono_analysis	core_clean_singlets	11	retain_after_residual_T_NK_removal
TGTGTTTTCTCCTATA.39	8	core_retained_singlet	mac_mono_supported	retain_for_current_mac_mono_analysis	core_clean_singlets	11	retain_after_residual_T_NK_removal
TTAGTTCGTGAACCTT.39	8	core_retained_singlet	mac_mono_supported	retain_for_current_mac_mono_analysis	core_clean_singlets	11	retain_after_residual_T_NK_removal
TTCCCAGAGAATGTTG.39	8	core_retained_singlet	mac_mono_supported	retain_for_current_mac_mono_analysis	core_clean_singlets	11	retain_after_residual_T_NK_removal
TTCGAAGAGCTCCCAG.39	8	core_retained_singlet	mac_mono_supported	retain_for_current_mac_mono_analysis	core_clean_singlets	11	retain_after_residual_T_NK_removal
AAACCTGCAGACAGGT.49	5	core_retained_singlet	mac_mono_supported	retain_for_current_mac_mono_analysis	core_clean_singlets	11	retain_after_residual_T_NK_removal
AAACCTGCAGAGCCAA.49	1	core_retained_singlet	mac_mono_supported	retain_for_current_mac_mono_analysis	core_clean_singlets	11	retain_after_residual_T_NK_removal
AAAGTAGCAATGGTCT.49	5	core_retained_singlet	mac_mono_supported	retain_for_current_mac_mono_analysis	core_clean_singlets	11	retain_after_residual_T_NK_removal
AACACGTGTGAGGGTT.49	5	core_retained_singlet	mac_mono_supported	retain_for_current_mac_mono_analysis	core_clean_singlets	11	retain_after_residual_T_NK_removal
AACCATGAGGTAGCCA.49	5	core_retained_singlet	mac_mono_supported	retain_for_current_mac_mono_analysis	core_clean_singlets	11	retain_after_residual_T_NK_removal
AACCGCGAGTTAAGTG.49	8	core_retained_singlet	mac_mono_supported	retain_for_current_mac_mono_analysis	core_clean_singlets	11	retain_after_residual_T_NK_removal
AACGTTGAGTTCGATC.49	5	core_retained_singlet	mac_mono_supported	retain_for_current_mac_mono_analysis	core_clean_singlets	11	retain_after_residual_T_NK_removal
AAGACCTAGTCTCAAC.49	1	core_retained_singlet	mac_mono_supported	retain_for_current_mac_mono_analysis	core_clean_singlets	11	retain_after_residual_T_NK_removal
AAGCCGCTCTCGCATC.49	1	core_retained_singlet	mac_mono_supported	retain_for_current_mac_mono_analysis	core_clean_singlets	11	retain_after_residual_T_NK_removal
AAGGTTCGTCGAGTTT.49	10	core_retained_singlet	mac_mono_supported	retain_for_current_mac_mono_analysis	core_clean_singlets	11	retain_after_residual_T_NK_removal
ACACCGGCACGGCCAT.49	5	core_retained_singlet	mac_mono_supported	retain_for_current_mac_mono_analysis	core_clean_singlets	11	retain_after_residual_T_NK_removal
ACACTGAGTCTCTCGT.49	1	core_retained_singlet	mac_mono_supported	retain_for_current_mac_mono_analysis	core_clean_singlets	11	retain_after_residual_T_NK_removal
ACATGGTAGCTAGTTC.49	1	core_retained_singlet	mac_mono_supported	retain_for_current_mac_mono_analysis	core_clean_singlets	11	retain_after_residual_T_NK_removal
ACCCACTAGATCTGAA.49	5	core_retained_singlet	mac_mono_supported	retain_for_current_mac_mono_analysis	core_clean_singlets	11	retain_after_residual_T_NK_removal
ACGATACTCGTTTATC.49	5	core_retained_singlet	mac_mono_supported	retain_for_current_mac_mono_analysis	core_clean_singlets	11	retain_after_residual_T_NK_removal
ACGATGTAGTTTCCTT.49	5	core_retained_singlet	mac_mono_supported	retain_for_current_mac_mono_analysis	core_clean_singlets	11	retain_after_residual_T_NK_removal
ACGGAGACACATTTCT.49	5	core_retained_singlet	mac_mono_supported	retain_for_current_mac_mono_analysis	core_clean_singlets	11	retain_after_residual_T_NK_removal
ACGGAGACAGGATCGA.49	5	core_retained_singlet	mac_mono_supported	retain_for_current_mac_mono_analysis	core_clean_singlets	11	retain_after_residual_T_NK_removal
ACTATCTTCCAGAAGG.49	5	core_retained_singlet	mac_mono_supported	retain_for_current_mac_mono_analysis	core_clean_singlets	11	retain_after_residual_T_NK_removal
AGACGTTGTAGCTGCC.49	1	core_retained_singlet	mac_mono_supported	retain_for_current_mac_mono_analysis	core_clean_singlets	11	retain_after_residual_T_NK_removal
AGACGTTGTATGAATG.49	1	core_retained_singlet	mac_mono_supported	retain_for_current_mac_mono_analysis	core_clean_singlets	11	retain_after_residual_T_NK_removal
AGAGTGGCAAGTAATG.49	5	core_retained_singlet	mac_mono_supported	retain_for_current_mac_mono_analysis	core_clean_singlets	11	retain_after_residual_T_NK_removal
AGATTGCCATTAGGCT.49	1	core_retained_singlet	mac_mono_supported	retain_for_current_mac_mono_analysis	core_clean_singlets	11	retain_after_residual_T_NK_removal
AGCAGCCTCGGAATCT.49	5	core_retained_singlet	mac_mono_supported	retain_for_current_mac_mono_analysis	core_clean_singlets	11	retain_after_residual_T_NK_removal
AGCTCCTTCGGTCCGA.49	5	core_retained_singlet	mac_mono_supported	retain_for_current_mac_mono_analysis	core_clean_singlets	11	retain_after_residual_T_NK_removal
AGGGAGTGTCAGAGGT.49	5	core_retained_singlet	mac_mono_supported	retain_for_current_mac_mono_analysis	core_clean_singlets	11	retain_after_residual_T_NK_removal
AGGGATGTCCTTAATC.49	1	core_retained_singlet	mac_mono_supported	retain_for_current_mac_mono_analysis	core_clean_singlets	11	retain_after_residual_T_NK_removal
AGGGTGAAGCTATGCT.49	8	core_retained_singlet	mac_mono_supported	retain_for_current_mac_mono_analysis	core_clean_singlets	11	retain_after_residual_T_NK_removal
AGGGTGAAGTGGTAGC.49	5	core_retained_singlet	mac_mono_supported	retain_for_current_mac_mono_analysis	core_clean_singlets	11	retain_after_residual_T_NK_removal
AGGTCCGAGTCAAGGC.49	8	core_retained_singlet	mac_mono_supported	retain_for_current_mac_mono_analysis	core_clean_singlets	11	retain_after_residual_T_NK_removal
AGTGTCAAGACTGGGT.49	5	core_retained_singlet	mac_mono_supported	retain_for_current_mac_mono_analysis	core_clean_singlets	11	retain_after_residual_T_NK_removal
AGTGTCACATGGTCTA.49	5	core_retained_singlet	mac_mono_supported	retain_for_current_mac_mono_analysis	core_clean_singlets	11	retain_after_residual_T_NK_removal
ATCACGAAGTCATCCA.49	5	core_retained_singlet	mac_mono_supported	retain_for_current_mac_mono_analysis	core_clean_singlets	11	retain_after_residual_T_NK_removal
ATCGAGTGTGGTAACG.49	5	core_retained_singlet	mac_mono_supported	retain_for_current_mac_mono_analysis	core_clean_singlets	11	retain_after_residual_T_NK_removal
ATCTACTGTCAGAGGT.49	5	core_retained_singlet	mac_mono_supported	retain_for_current_mac_mono_analysis	core_clean_singlets	11	retain_after_residual_T_NK_removal
ATCTGCCAGACCACGA.49	5	core_retained_singlet	mac_mono_supported	retain_for_current_mac_mono_analysis	core_clean_singlets	11	retain_after_residual_T_NK_removal
ATCTGCCGTGACGGTA.49	5	core_retained_singlet	mac_mono_supported	retain_for_current_mac_mono_analysis	core_clean_singlets	11	retain_after_residual_T_NK_removal
ATGCGATCAAACTGCT.49	5	core_retained_singlet	mac_mono_supported	retain_for_current_mac_mono_analysis	core_clean_singlets	11	retain_after_residual_T_NK_removal
ATGCGATTCCGTAGGC.49	5	core_retained_singlet	mac_mono_supported	retain_for_current_mac_mono_analysis	core_clean_singlets	11	retain_after_residual_T_NK_removal
ATGGGAGGTGCTTCTC.49	5	core_retained_singlet	mac_mono_supported	retain_for_current_mac_mono_analysis	core_clean_singlets	11	retain_after_residual_T_NK_removal
CAAGAAAAGCCGATTT.49	5	core_retained_singlet	mac_mono_supported	retain_for_current_mac_mono_analysis	core_clean_singlets	11	retain_after_residual_T_NK_removal
CAAGAAATCGGCGCAT.49	1	core_retained_singlet	mac_mono_supported	retain_for_current_mac_mono_analysis	core_clean_singlets	11	retain_after_residual_T_NK_removal
CAAGATCCAGAGTGTG.49	8	core_retained_singlet	mac_mono_supported	retain_for_current_mac_mono_analysis	core_clean_singlets	11	retain_after_residual_T_NK_removal
CACAAACAGATGGCGT.49	1	core_retained_singlet	mac_mono_supported	retain_for_current_mac_mono_analysis	core_clean_singlets	11	retain_after_residual_T_NK_removal
CACACTCTCTCGATGA.49	1	core_retained_singlet	mac_mono_supported	retain_for_current_mac_mono_analysis	core_clean_singlets	11	retain_after_residual_T_NK_removal
CACTCCAAGAGGTACC.49	5	core_retained_singlet	mac_mono_supported	retain_for_current_mac_mono_analysis	core_clean_singlets	11	retain_after_residual_T_NK_removal
CACTCCATCATTTGGG.49	1	core_retained_singlet	mac_mono_supported	retain_for_current_mac_mono_analysis	core_clean_singlets	11	retain_after_residual_T_NK_removal
CAGCGACTCGAATGCT.49	5	core_retained_singlet	mac_mono_supported	retain_for_current_mac_mono_analysis	core_clean_singlets	11	retain_after_residual_T_NK_removal
CAGCGACTCTGAGTGT.49	5	core_retained_singlet	mac_mono_supported	retain_for_current_mac_mono_analysis	core_clean_singlets	11	retain_after_residual_T_NK_removal
CAGCTAACACCTCGTT.49	5	core_retained_singlet	mac_mono_supported	retain_for_current_mac_mono_analysis	core_clean_singlets	11	retain_after_residual_T_NK_removal
CAGCTAATCCTTAATC.49	5	core_retained_singlet	mac_mono_supported	retain_for_current_mac_mono_analysis	core_clean_singlets	11	retain_after_residual_T_NK_removal
CATATTCCATGCATGT.49	5	core_retained_singlet	mac_mono_supported	retain_for_current_mac_mono_analysis	core_clean_singlets	11	retain_after_residual_T_NK_removal
CATATTCGTGGCCCTA.49	5	core_retained_singlet	mac_mono_supported	retain_for_current_mac_mono_analysis	core_clean_singlets	11	retain_after_residual_T_NK_removal
CATCAAGGTGCGAAAC.49	5	core_retained_singlet	mac_mono_supported	retain_for_current_mac_mono_analysis	core_clean_singlets	11	retain_after_residual_T_NK_removal
CATCAGAAGCGGATCA.49	1	core_retained_singlet	mac_mono_supported	retain_for_current_mac_mono_analysis	core_clean_singlets	11	retain_after_residual_T_NK_removal
CATCCACTCTTGTTTG.49	5	core_retained_singlet	mac_mono_supported	retain_for_current_mac_mono_analysis	core_clean_singlets	11	retain_after_residual_T_NK_removal
CATTATCTCGACCAGC.49	5	core_retained_singlet	mac_mono_supported	retain_for_current_mac_mono_analysis	core_clean_singlets	11	retain_after_residual_T_NK_removal
CATTCGCTCGGCTTGG.49	5	core_retained_singlet	mac_mono_supported	retain_for_current_mac_mono_analysis	core_clean_singlets	11	retain_after_residual_T_NK_removal
CCAATCCCAGCCAATT.49	1	core_retained_singlet	mac_mono_supported	retain_for_current_mac_mono_analysis	core_clean_singlets	11	retain_after_residual_T_NK_removal
CCCTCCTCAAGCGCTC.49	5	core_retained_singlet	mac_mono_supported	retain_for_current_mac_mono_analysis	core_clean_singlets	11	retain_after_residual_T_NK_removal
CCGGGATCACAAGCCC.49	1	core_retained_singlet	mac_mono_supported	retain_for_current_mac_mono_analysis	core_clean_singlets	11	retain_after_residual_T_NK_removal
CCGGTAGTCCTCAATT.49	5	core_retained_singlet	mac_mono_supported	retain_for_current_mac_mono_analysis	core_clean_singlets	11	retain_after_residual_T_NK_removal
CCGTACTGTCGAACAG.49	5	core_retained_singlet	mac_mono_supported	retain_for_current_mac_mono_analysis	core_clean_singlets	11	retain_after_residual_T_NK_removal
CCGTACTGTTTAGGAA.49	5	core_retained_singlet	mac_mono_supported	retain_for_current_mac_mono_analysis	core_clean_singlets	11	retain_after_residual_T_NK_removal
CCGTGGATCTGAGTGT.49	5	core_retained_singlet	mac_mono_supported	retain_for_current_mac_mono_analysis	core_clean_singlets	11	retain_after_residual_T_NK_removal
CCTACCAGTGAGCGAT.49	5	core_retained_singlet	mac_mono_supported	retain_for_current_mac_mono_analysis	core_clean_singlets	11	retain_after_residual_T_NK_removal
CCTCAGTCATGTTCCC.49	5	core_retained_singlet	mac_mono_supported	retain_for_current_mac_mono_analysis	core_clean_singlets	11	retain_after_residual_T_NK_removal
CCTCAGTGTCTCACCT.49	5	core_retained_singlet	mac_mono_supported	retain_for_current_mac_mono_analysis	core_clean_singlets	11	retain_after_residual_T_NK_removal
CCTTCCCAGAGGTAGA.49	5	core_retained_singlet	mac_mono_supported	retain_for_current_mac_mono_analysis	core_clean_singlets	11	retain_after_residual_T_NK_removal
CCTTCCCTCTTCAACT.49	5	core_retained_singlet	mac_mono_supported	retain_for_current_mac_mono_analysis	core_clean_singlets	11	retain_after_residual_T_NK_removal
CCTTCGACACCTCGGA.49	5	core_retained_singlet	mac_mono_supported	retain_for_current_mac_mono_analysis	core_clean_singlets	11	retain_after_residual_T_NK_removal
CCTTTCTAGCGCTTAT.49	5	core_retained_singlet	mac_mono_supported	retain_for_current_mac_mono_analysis	core_clean_singlets	11	retain_after_residual_T_NK_removal
CCTTTCTGTACATCCA.49	5	core_retained_singlet	mac_mono_supported	retain_for_current_mac_mono_analysis	core_clean_singlets	11	retain_after_residual_T_NK_removal
CGAGAAGCATAGACTC.49	5	core_retained_singlet	mac_mono_supported	retain_for_current_mac_mono_analysis	core_clean_singlets	11	retain_after_residual_T_NK_removal
CGAGCACGTGACTCAT.49	5	core_retained_singlet	mac_mono_supported	retain_for_current_mac_mono_analysis	core_clean_singlets	11	retain_after_residual_T_NK_removal
CGATGTACAACACGCC.49	8	core_retained_singlet	mac_mono_supported	retain_for_current_mac_mono_analysis	core_clean_singlets	11	retain_after_residual_T_NK_removal
CGCTTCAGTAAATGAC.49	1	core_retained_singlet	mac_mono_supported	retain_for_current_mac_mono_analysis	core_clean_singlets	11	retain_after_residual_T_NK_removal
CGGACTGGTCAGAATA.49	5	core_retained_singlet	mac_mono_supported	retain_for_current_mac_mono_analysis	core_clean_singlets	11	retain_after_residual_T_NK_removal
CGGGTCAGTATAAACG.49	5	core_retained_singlet	mac_mono_supported	retain_for_current_mac_mono_analysis	core_clean_singlets	11	retain_after_residual_T_NK_removal
CGGTTAATCCTCATTA.49	5	core_retained_singlet	mac_mono_supported	retain_for_current_mac_mono_analysis	core_clean_singlets	11	retain_after_residual_T_NK_removal
CGTAGGCAGAGTCTGG.49	5	core_retained_singlet	mac_mono_supported	retain_for_current_mac_mono_analysis	core_clean_singlets	11	retain_after_residual_T_NK_removal
CGTCAGGTCCAGAGGA.49	5	core_retained_singlet	mac_mono_supported	retain_for_current_mac_mono_analysis	core_clean_singlets	11	retain_after_residual_T_NK_removal
CGTGTAACATCGGACC.49	1	core_retained_singlet	mac_mono_supported	retain_for_current_mac_mono_analysis	core_clean_singlets	11	retain_after_residual_T_NK_removal
CGTTCTGGTCATCCCT.49	5	core_retained_singlet	mac_mono_supported	retain_for_current_mac_mono_analysis	core_clean_singlets	11	retain_after_residual_T_NK_removal
CTAACTTGTGCACGAA.49	5	core_retained_singlet	mac_mono_supported	retain_for_current_mac_mono_analysis	core_clean_singlets	11	retain_after_residual_T_NK_removal
CTAAGACCATCCAACA.49	5	core_retained_singlet	mac_mono_supported	retain_for_current_mac_mono_analysis	core_clean_singlets	11	retain_after_residual_T_NK_removal
CTAGAGTGTAGGACAC.49	1	core_retained_singlet	mac_mono_supported	retain_for_current_mac_mono_analysis	core_clean_singlets	11	retain_after_residual_T_NK_removal
CTCAGAAGTCCGAAGA.49	5	core_retained_singlet	mac_mono_supported	retain_for_current_mac_mono_analysis	core_clean_singlets	11	retain_after_residual_T_NK_removal
CTCAGAATCCAATGGT.49	5	core_retained_singlet	mac_mono_supported	retain_for_current_mac_mono_analysis	core_clean_singlets	11	retain_after_residual_T_NK_removal
CTCGGAGCATATACGC.49	5	core_retained_singlet	mac_mono_supported	retain_for_current_mac_mono_analysis	core_clean_singlets	11	retain_after_residual_T_NK_removal
CTCTAATTCTGTCTAT.49	5	core_retained_singlet	mac_mono_supported	retain_for_current_mac_mono_analysis	core_clean_singlets	11	retain_after_residual_T_NK_removal
CTCTGGTTCGAGCCCA.49	8	core_retained_singlet	mac_mono_supported	retain_for_current_mac_mono_analysis	core_clean_singlets	11	retain_after_residual_T_NK_removal
CTGAAGTCAAACTGTC.49	1	core_retained_singlet	mac_mono_supported	retain_for_current_mac_mono_analysis	core_clean_singlets	11	retain_after_residual_T_NK_removal
CTGCGGAAGAGAGCTC.49	5	core_retained_singlet	mac_mono_supported	retain_for_current_mac_mono_analysis	core_clean_singlets	11	retain_after_residual_T_NK_removal
CTGCGGAAGGGATGGG.49	5	core_retained_singlet	mac_mono_supported	retain_for_current_mac_mono_analysis	core_clean_singlets	11	retain_after_residual_T_NK_removal
CTGCTGTAGGCCGAAT.49	1	core_retained_singlet	mac_mono_supported	retain_for_current_mac_mono_analysis	core_clean_singlets	11	retain_after_residual_T_NK_removal
CTGGTCTCATCCTTGC.49	1	core_retained_singlet	mac_mono_supported	retain_for_current_mac_mono_analysis	core_clean_singlets	11	retain_after_residual_T_NK_removal
CTTAACTTCGGTGTCG.49	5	core_retained_singlet	mac_mono_supported	retain_for_current_mac_mono_analysis	core_clean_singlets	11	retain_after_residual_T_NK_removal
CTTACCGCAGACAAAT.49	5	core_retained_singlet	mac_mono_supported	retain_for_current_mac_mono_analysis	core_clean_singlets	11	retain_after_residual_T_NK_removal
CTTGGCTAGTGTCTCA.49	5	core_retained_singlet	mac_mono_supported	retain_for_current_mac_mono_analysis	core_clean_singlets	11	retain_after_residual_T_NK_removal
GAAACTCGTCTCCACT.49	5	core_retained_singlet	mac_mono_supported	retain_for_current_mac_mono_analysis	core_clean_singlets	11	retain_after_residual_T_NK_removal
GAAACTCTCGTTTAGG.49	5	core_retained_singlet	mac_mono_supported	retain_for_current_mac_mono_analysis	core_clean_singlets	11	retain_after_residual_T_NK_removal
GAACATCTCAATCACG.49	5	core_retained_singlet	mac_mono_supported	retain_for_current_mac_mono_analysis	core_clean_singlets	11	retain_after_residual_T_NK_removal
GAATGAACATGCCCGA.49	5	core_retained_singlet	mac_mono_supported	retain_for_current_mac_mono_analysis	core_clean_singlets	11	retain_after_residual_T_NK_removal
GACACGCAGACTAAGT.49	5	core_retained_singlet	mac_mono_supported	retain_for_current_mac_mono_analysis	core_clean_singlets	11	retain_after_residual_T_NK_removal
GACGTGCCACCCATGG.49	5	core_retained_singlet	mac_mono_supported	retain_for_current_mac_mono_analysis	core_clean_singlets	11	retain_after_residual_T_NK_removal
GACTGCGTCCACGCAG.49	8	core_retained_singlet	mac_mono_supported	retain_for_current_mac_mono_analysis	core_clean_singlets	11	retain_after_residual_T_NK_removal
GAGCAGACACGACTCG.49	5	core_retained_singlet	mac_mono_supported	retain_for_current_mac_mono_analysis	core_clean_singlets	11	retain_after_residual_T_NK_removal
GATCGATTCACATAGC.49	1	core_retained_singlet	mac_mono_supported	retain_for_current_mac_mono_analysis	core_clean_singlets	11	retain_after_residual_T_NK_removal
GATCTAGAGTGTGAAT.49	5	core_retained_singlet	mac_mono_supported	retain_for_current_mac_mono_analysis	core_clean_singlets	11	retain_after_residual_T_NK_removal
GCAATCACATGTCCTC.49	5	core_retained_singlet	mac_mono_supported	retain_for_current_mac_mono_analysis	core_clean_singlets	11	retain_after_residual_T_NK_removal
GCACATAGTATCAGTC.49	5	core_retained_singlet	mac_mono_supported	retain_for_current_mac_mono_analysis	core_clean_singlets	11	retain_after_residual_T_NK_removal
GCACATATCAACACGT.49	5	core_retained_singlet	mac_mono_supported	retain_for_current_mac_mono_analysis	core_clean_singlets	11	retain_after_residual_T_NK_removal
GCATACACATACCATG.49	5	core_retained_singlet	mac_mono_supported	retain_for_current_mac_mono_analysis	core_clean_singlets	11	retain_after_residual_T_NK_removal
GCATGCGAGGGAGTAA.49	8	core_retained_singlet	mac_mono_supported	retain_for_current_mac_mono_analysis	core_clean_singlets	11	retain_after_residual_T_NK_removal
GCGACCAGTACACCGC.49	8	core_retained_singlet	mac_mono_supported	retain_for_current_mac_mono_analysis	core_clean_singlets	11	retain_after_residual_T_NK_removal
GCGCAGTTCAAGATCC.49	5	core_retained_singlet	mac_mono_supported	retain_for_current_mac_mono_analysis	core_clean_singlets	11	retain_after_residual_T_NK_removal
GCTCTGTTCAACACCA.49	5	core_retained_singlet	mac_mono_supported	retain_for_current_mac_mono_analysis	core_clean_singlets	11	retain_after_residual_T_NK_removal
GCTGCAGTCTACTCAT.49	5	core_retained_singlet	mac_mono_supported	retain_for_current_mac_mono_analysis	core_clean_singlets	11	retain_after_residual_T_NK_removal
GCTTGAAAGGTGATTA.49	10	core_retained_singlet	mac_mono_supported	retain_for_current_mac_mono_analysis	core_clean_singlets	11	retain_after_residual_T_NK_removal
GCTTGAAGTTCTGGTA.49	5	core_retained_singlet	mac_mono_supported	retain_for_current_mac_mono_analysis	core_clean_singlets	11	retain_after_residual_T_NK_removal
GGAACTTAGGCAGGTT.49	5	core_retained_singlet	mac_mono_supported	retain_for_current_mac_mono_analysis	core_clean_singlets	11	retain_after_residual_T_NK_removal
GGAACTTAGGTGTTAA.49	5	core_retained_singlet	mac_mono_supported	retain_for_current_mac_mono_analysis	core_clean_singlets	11	retain_after_residual_T_NK_removal
GGAACTTGTAGGAGTC.49	5	core_retained_singlet	mac_mono_supported	retain_for_current_mac_mono_analysis	core_clean_singlets	11	retain_after_residual_T_NK_removal
GGAATAAGTGATGATA.49	8	core_retained_singlet	mac_mono_supported	retain_for_current_mac_mono_analysis	core_clean_singlets	11	retain_after_residual_T_NK_removal
GGACATTTCCCTTGTG.49	5	core_retained_singlet	mac_mono_supported	retain_for_current_mac_mono_analysis	core_clean_singlets	11	retain_after_residual_T_NK_removal
GGCCGATAGCTAGGCA.49	5	core_retained_singlet	mac_mono_supported	retain_for_current_mac_mono_analysis	core_clean_singlets	11	retain_after_residual_T_NK_removal
GGCGACTTCACTTCAT.49	5	core_retained_singlet	mac_mono_supported	retain_for_current_mac_mono_analysis	core_clean_singlets	11	retain_after_residual_T_NK_removal
GGGACCTGTTAGAACA.49	8	core_retained_singlet	mac_mono_supported	retain_for_current_mac_mono_analysis	core_clean_singlets	11	retain_after_residual_T_NK_removal
GGGATGATCGGCATCG.49	5	core_retained_singlet	mac_mono_supported	retain_for_current_mac_mono_analysis	core_clean_singlets	11	retain_after_residual_T_NK_removal
GGGCACTAGAAGCCCA.49	8	core_retained_singlet	mac_mono_supported	retain_for_current_mac_mono_analysis	core_clean_singlets	11	retain_after_residual_T_NK_removal
GGTATTGGTAAATGTG.49	5	core_retained_singlet	mac_mono_supported	retain_for_current_mac_mono_analysis	core_clean_singlets	11	retain_after_residual_T_NK_removal
GGTGAAGAGGAGTAGA.49	8	core_retained_singlet	mac_mono_supported	retain_for_current_mac_mono_analysis	core_clean_singlets	11	retain_after_residual_T_NK_removal
GGTGAAGGTATATGAG.49	8	core_retained_singlet	mac_mono_supported	retain_for_current_mac_mono_analysis	core_clean_singlets	11	retain_after_residual_T_NK_removal
GTAGGCCCAAACTGTC.49	5	core_retained_singlet	mac_mono_supported	retain_for_current_mac_mono_analysis	core_clean_singlets	11	retain_after_residual_T_NK_removal
GTAGGCCCACCGAATT.49	1	core_retained_singlet	mac_mono_supported	retain_for_current_mac_mono_analysis	core_clean_singlets	11	retain_after_residual_T_NK_removal
GTAGTCAAGAGAACAG.49	5	core_retained_singlet	mac_mono_supported	retain_for_current_mac_mono_analysis	core_clean_singlets	11	retain_after_residual_T_NK_removal
GTAGTCACATGCCTTC.49	5	core_retained_singlet	mac_mono_supported	retain_for_current_mac_mono_analysis	core_clean_singlets	11	retain_after_residual_T_NK_removal
GTATTCTCAGAAGCAC.49	5	core_retained_singlet	mac_mono_supported	retain_for_current_mac_mono_analysis	core_clean_singlets	11	retain_after_residual_T_NK_removal
GTCACGGAGCTAAACA.49	8	core_retained_singlet	mac_mono_supported	retain_for_current_mac_mono_analysis	core_clean_singlets	11	retain_after_residual_T_NK_removal
GTCATTTCACCGGAAA.49	1	core_retained_singlet	mac_mono_supported	retain_for_current_mac_mono_analysis	core_clean_singlets	11	retain_after_residual_T_NK_removal
GTCGTAACACGAAACG.49	8	core_retained_singlet	mac_mono_supported	retain_for_current_mac_mono_analysis	core_clean_singlets	11	retain_after_residual_T_NK_removal
GTCTCGTTCATAAAGG.49	5	core_retained_singlet	mac_mono_supported	retain_for_current_mac_mono_analysis	core_clean_singlets	11	retain_after_residual_T_NK_removal
GTGCTTCGTAGCTGCC.49	8	core_retained_singlet	mac_mono_supported	retain_for_current_mac_mono_analysis	core_clean_singlets	11	retain_after_residual_T_NK_removal
GTGCTTCTCGTTTATC.49	1	core_retained_singlet	mac_mono_supported	retain_for_current_mac_mono_analysis	core_clean_singlets	11	retain_after_residual_T_NK_removal
GTGGGTCCACGGCCAT.49	5	core_retained_singlet	mac_mono_supported	retain_for_current_mac_mono_analysis	core_clean_singlets	11	retain_after_residual_T_NK_removal
TAAGAGAGTATAGTAG.49	8	core_retained_singlet	mac_mono_supported	retain_for_current_mac_mono_analysis	core_clean_singlets	11	retain_after_residual_T_NK_removal
TAAGTGCTCTGTACGA.49	1	core_retained_singlet	mac_mono_supported	retain_for_current_mac_mono_analysis	core_clean_singlets	11	retain_after_residual_T_NK_removal
TACGGATAGGGTGTGT.49	1	core_retained_singlet	mac_mono_supported	retain_for_current_mac_mono_analysis	core_clean_singlets	11	retain_after_residual_T_NK_removal
TACGGATTCCCTGACT.49	5	core_retained_singlet	mac_mono_supported	retain_for_current_mac_mono_analysis	core_clean_singlets	11	retain_after_residual_T_NK_removal
TACTCATAGATCCCGC.49	5	core_retained_singlet	mac_mono_supported	retain_for_current_mac_mono_analysis	core_clean_singlets	11	retain_after_residual_T_NK_removal
TAGCCGGAGCCCGAAA.49	5	core_retained_singlet	mac_mono_supported	retain_for_current_mac_mono_analysis	core_clean_singlets	11	retain_after_residual_T_NK_removal
TATCAGGGTGATGATA.49	5	core_retained_singlet	mac_mono_supported	retain_for_current_mac_mono_analysis	core_clean_singlets	11	retain_after_residual_T_NK_removal
TATCTCATCTGTCCGT.49	8	core_retained_singlet	mac_mono_supported	retain_for_current_mac_mono_analysis	core_clean_singlets	11	retain_after_residual_T_NK_removal
TATGCCCGTCCATCCT.49	8	core_retained_singlet	mac_mono_supported	retain_for_current_mac_mono_analysis	core_clean_singlets	11	retain_after_residual_T_NK_removal
TCAACGACAGACGCTC.49	5	core_retained_singlet	mac_mono_supported	retain_for_current_mac_mono_analysis	core_clean_singlets	11	retain_after_residual_T_NK_removal
TCAACGAGTCCGAAGA.49	5	core_retained_singlet	mac_mono_supported	retain_for_current_mac_mono_analysis	core_clean_singlets	11	retain_after_residual_T_NK_removal
TCACAAGGTAGCACGA.49	5	core_retained_singlet	mac_mono_supported	retain_for_current_mac_mono_analysis	core_clean_singlets	11	retain_after_residual_T_NK_removal
TCAGATGGTATCGCAT.49	5	core_retained_singlet	mac_mono_supported	retain_for_current_mac_mono_analysis	core_clean_singlets	11	retain_after_residual_T_NK_removal
TCATTTGGTCAAAGAT.49	5	core_retained_singlet	mac_mono_supported	retain_for_current_mac_mono_analysis	core_clean_singlets	11	retain_after_residual_T_NK_removal
TCATTTGGTTACGACT.49	8	core_retained_singlet	mac_mono_supported	retain_for_current_mac_mono_analysis	core_clean_singlets	11	retain_after_residual_T_NK_removal
TCGAGGCAGATGTCGG.49	5	core_retained_singlet	mac_mono_supported	retain_for_current_mac_mono_analysis	core_clean_singlets	11	retain_after_residual_T_NK_removal
TCGAGGCTCCAAATGC.49	1	core_retained_singlet	mac_mono_supported	retain_for_current_mac_mono_analysis	core_clean_singlets	11	retain_after_residual_T_NK_removal
TCGCGAGGTACATGTC.49	1	core_retained_singlet	mac_mono_supported	retain_for_current_mac_mono_analysis	core_clean_singlets	11	retain_after_residual_T_NK_removal
TCTGGAACATGCCTAA.49	5	core_retained_singlet	mac_mono_supported	retain_for_current_mac_mono_analysis	core_clean_singlets	11	retain_after_residual_T_NK_removal
TCTTCGGTCTGGCGTG.49	5	core_retained_singlet	mac_mono_supported	retain_for_current_mac_mono_analysis	core_clean_singlets	11	retain_after_residual_T_NK_removal
TCTTTCCTCTGTCTAT.49	5	core_retained_singlet	mac_mono_supported	retain_for_current_mac_mono_analysis	core_clean_singlets	11	retain_after_residual_T_NK_removal
TGACTAGCATGTAAGA.49	5	core_retained_singlet	mac_mono_supported	retain_for_current_mac_mono_analysis	core_clean_singlets	11	retain_after_residual_T_NK_removal
TGACTTTCATGTCTCC.49	1	core_retained_singlet	mac_mono_supported	retain_for_current_mac_mono_analysis	core_clean_singlets	11	retain_after_residual_T_NK_removal
TGAGAGGTCTGCCAGG.49	5	core_retained_singlet	mac_mono_supported	retain_for_current_mac_mono_analysis	core_clean_singlets	11	retain_after_residual_T_NK_removal
TGAGCCGCAGCTCCGA.49	5	core_retained_singlet	mac_mono_supported	retain_for_current_mac_mono_analysis	core_clean_singlets	11	retain_after_residual_T_NK_removal
TGAGCCGGTTAGAACA.49	5	core_retained_singlet	mac_mono_supported	retain_for_current_mac_mono_analysis	core_clean_singlets	11	retain_after_residual_T_NK_removal
TGAGGGATCATTATCC.49	1	core_retained_singlet	mac_mono_supported	retain_for_current_mac_mono_analysis	core_clean_singlets	11	retain_after_residual_T_NK_removal
TGCCAAAGTCGGCACT.49	8	core_retained_singlet	mac_mono_supported	retain_for_current_mac_mono_analysis	core_clean_singlets	11	retain_after_residual_T_NK_removal
TGCCCATTCACCTTAT.49	5	core_retained_singlet	mac_mono_supported	retain_for_current_mac_mono_analysis	core_clean_singlets	11	retain_after_residual_T_NK_removal
TGCTACCCAATGGAAT.49	5	core_retained_singlet	mac_mono_supported	retain_for_current_mac_mono_analysis	core_clean_singlets	11	retain_after_residual_T_NK_removal
TGCTACCTCCAAACTG.49	5	core_retained_singlet	mac_mono_supported	retain_for_current_mac_mono_analysis	core_clean_singlets	11	retain_after_residual_T_NK_removal
TGGTTAGCATGAAGTA.49	5	core_retained_singlet	mac_mono_supported	retain_for_current_mac_mono_analysis	core_clean_singlets	11	retain_after_residual_T_NK_removal
TGGTTAGTCGCCTGTT.49	5	core_retained_singlet	mac_mono_supported	retain_for_current_mac_mono_analysis	core_clean_singlets	11	retain_after_residual_T_NK_removal
TGTCCCATCCGCGCAA.49	5	core_retained_singlet	mac_mono_supported	retain_for_current_mac_mono_analysis	core_clean_singlets	11	retain_after_residual_T_NK_removal
TTAACTCAGCGTGAGT.49	5	core_retained_singlet	mac_mono_supported	retain_for_current_mac_mono_analysis	core_clean_singlets	11	retain_after_residual_T_NK_removal
TTAACTCCATAAGACA.49	1	core_retained_singlet	mac_mono_supported	retain_for_current_mac_mono_analysis	core_clean_singlets	11	retain_after_residual_T_NK_removal
TTAGTTCTCTGTTTGT.49	1	core_retained_singlet	mac_mono_supported	retain_for_current_mac_mono_analysis	core_clean_singlets	11	retain_after_residual_T_NK_removal
TTATGCTGTCTCTTAT.49	5	core_retained_singlet	mac_mono_supported	retain_for_current_mac_mono_analysis	core_clean_singlets	11	retain_after_residual_T_NK_removal
TTCCCAGTCTGATACG.49	5	core_retained_singlet	mac_mono_supported	retain_for_current_mac_mono_analysis	core_clean_singlets	11	retain_after_residual_T_NK_removal
TTTACTGCATTCGACA.49	5	core_retained_singlet	mac_mono_supported	retain_for_current_mac_mono_analysis	core_clean_singlets	11	retain_after_residual_T_NK_removal
TTTATGCAGCAATCTC.49	5	core_retained_singlet	mac_mono_supported	retain_for_current_mac_mono_analysis	core_clean_singlets	11	retain_after_residual_T_NK_removal
TTTATGCAGGCCCGTT.49	1	core_retained_singlet	mac_mono_supported	retain_for_current_mac_mono_analysis	core_clean_singlets	11	retain_after_residual_T_NK_removal
TTTCCTCCAGATCTGT.49	5	core_retained_singlet	mac_mono_supported	retain_for_current_mac_mono_analysis	core_clean_singlets	11	retain_after_residual_T_NK_removal
AACGTTGAGACGACGT.55	5	core_retained_singlet	mac_mono_supported	retain_for_current_mac_mono_analysis	core_clean_singlets	11	retain_after_residual_T_NK_removal
AAGACCTCAGTCCTTC.55	5	core_retained_singlet	mac_mono_supported	retain_for_current_mac_mono_analysis	core_clean_singlets	11	retain_after_residual_T_NK_removal
AAGGCAGTCAGAGGTG.55	5	core_retained_singlet	mac_mono_supported	retain_for_current_mac_mono_analysis	core_clean_singlets	11	retain_after_residual_T_NK_removal
AATCGGTAGTACACCT.55	1	core_retained_singlet	mac_mono_supported	retain_for_current_mac_mono_analysis	core_clean_singlets	11	retain_after_residual_T_NK_removal
ACATCAGGTCGCCATG.55	8	core_retained_singlet	mac_mono_supported	retain_for_current_mac_mono_analysis	core_clean_singlets	11	retain_after_residual_T_NK_removal
ACCAGTAGTTGATTGC.55	1	core_retained_singlet	mac_mono_supported	retain_for_current_mac_mono_analysis	core_clean_singlets	11	retain_after_residual_T_NK_removal
ACCGTAACACCACGTG.55	5	core_retained_singlet	mac_mono_supported	retain_for_current_mac_mono_analysis	core_clean_singlets	11	retain_after_residual_T_NK_removal
ACGCCAGCATTTGCTT.55	1	core_retained_singlet	mac_mono_supported	retain_for_current_mac_mono_analysis	core_clean_singlets	11	retain_after_residual_T_NK_removal
ACGGGTCGTCGCGTGT.55	5	core_retained_singlet	mac_mono_supported	retain_for_current_mac_mono_analysis	core_clean_singlets	11	retain_after_residual_T_NK_removal
ACTGAACCATTCCTGC.55	8	core_retained_singlet	mac_mono_supported	retain_for_current_mac_mono_analysis	core_clean_singlets	11	retain_after_residual_T_NK_removal
ACTGAGTCAGGGATTG.55	1	core_retained_singlet	mac_mono_supported	retain_for_current_mac_mono_analysis	core_clean_singlets	11	retain_after_residual_T_NK_removal
ACTGCTCTCAGCATGT.55	8	core_retained_singlet	mac_mono_supported	retain_for_current_mac_mono_analysis	core_clean_singlets	11	retain_after_residual_T_NK_removal
ACTTGTTCAGTCAGAG.55	5	core_retained_singlet	mac_mono_supported	retain_for_current_mac_mono_analysis	core_clean_singlets	11	retain_after_residual_T_NK_removal
ACTTTCACAACGATGG.55	5	core_retained_singlet	mac_mono_supported	retain_for_current_mac_mono_analysis	core_clean_singlets	11	retain_after_residual_T_NK_removal
AGAATAGGTAGCGCAA.55	5	core_retained_singlet	mac_mono_supported	retain_for_current_mac_mono_analysis	core_clean_singlets	11	retain_after_residual_T_NK_removal
AGACGTTAGCGACGTA.55	5	core_retained_singlet	mac_mono_supported	retain_for_current_mac_mono_analysis	core_clean_singlets	11	retain_after_residual_T_NK_removal
AGACGTTCAAGCCGCT.55	5	core_retained_singlet	mac_mono_supported	retain_for_current_mac_mono_analysis	core_clean_singlets	11	retain_after_residual_T_NK_removal
AGCGTCGCAGGGTTAG.55	8	core_retained_singlet	mac_mono_supported	retain_for_current_mac_mono_analysis	core_clean_singlets	11	retain_after_residual_T_NK_removal
AGCTCTCTCGATCCCT.55	5	core_retained_singlet	mac_mono_supported	retain_for_current_mac_mono_analysis	core_clean_singlets	11	retain_after_residual_T_NK_removal
AGGGTGATCTATCGCC.55	1	core_retained_singlet	mac_mono_supported	retain_for_current_mac_mono_analysis	core_clean_singlets	11	retain_after_residual_T_NK_removal
AGTCTTTAGATCCGAG.55	5	core_retained_singlet	mac_mono_supported	retain_for_current_mac_mono_analysis	core_clean_singlets	11	retain_after_residual_T_NK_removal
AGTGGGACACCACGTG.55	8	core_retained_singlet	mac_mono_supported	retain_for_current_mac_mono_analysis	core_clean_singlets	11	retain_after_residual_T_NK_removal
ATAAGAGAGGGAGTAA.55	5	core_retained_singlet	mac_mono_supported	retain_for_current_mac_mono_analysis	core_clean_singlets	11	retain_after_residual_T_NK_removal
ATAAGAGTCCGTAGGC.55	5	core_retained_singlet	mac_mono_supported	retain_for_current_mac_mono_analysis	core_clean_singlets	11	retain_after_residual_T_NK_removal
ATGAGGGGTCGCGGTT.55	5	core_retained_singlet	mac_mono_supported	retain_for_current_mac_mono_analysis	core_clean_singlets	11	retain_after_residual_T_NK_removal
ATGTGTGCAACACGCC.55	1	core_retained_singlet	mac_mono_supported	retain_for_current_mac_mono_analysis	core_clean_singlets	11	retain_after_residual_T_NK_removal
ATTACTCCATACAGCT.55	5	core_retained_singlet	mac_mono_supported	retain_for_current_mac_mono_analysis	core_clean_singlets	11	retain_after_residual_T_NK_removal
CAACCAACAGTGAGTG.55	5	core_retained_singlet	mac_mono_supported	retain_for_current_mac_mono_analysis	core_clean_singlets	11	retain_after_residual_T_NK_removal
CACAGGCTCAGCATGT.55	8	core_retained_singlet	mac_mono_supported	retain_for_current_mac_mono_analysis	core_clean_singlets	11	retain_after_residual_T_NK_removal
CAGAATCCAAAGTGCG.55	5	core_retained_singlet	mac_mono_supported	retain_for_current_mac_mono_analysis	core_clean_singlets	11	retain_after_residual_T_NK_removal
CAGCAGCTCAGCTGGC.55	5	core_retained_singlet	mac_mono_supported	retain_for_current_mac_mono_analysis	core_clean_singlets	11	retain_after_residual_T_NK_removal
CAGGTGCGTCGACTAT.55	1	core_retained_singlet	mac_mono_supported	retain_for_current_mac_mono_analysis	core_clean_singlets	11	retain_after_residual_T_NK_removal
CAGTAACGTCCCTACT.55	5	core_retained_singlet	mac_mono_supported	retain_for_current_mac_mono_analysis	core_clean_singlets	11	retain_after_residual_T_NK_removal
CATCAAGGTCCGAAGA.55	5	core_retained_singlet	mac_mono_supported	retain_for_current_mac_mono_analysis	core_clean_singlets	11	retain_after_residual_T_NK_removal
CATCAGAGTAGCTAAA.55	1	core_retained_singlet	mac_mono_supported	retain_for_current_mac_mono_analysis	core_clean_singlets	11	retain_after_residual_T_NK_removal
CATCCACTCAAAGTAG.55	5	core_retained_singlet	mac_mono_supported	retain_for_current_mac_mono_analysis	core_clean_singlets	11	retain_after_residual_T_NK_removal
CCACGGAAGTGAACAT.55	5	core_retained_singlet	mac_mono_supported	retain_for_current_mac_mono_analysis	core_clean_singlets	11	retain_after_residual_T_NK_removal
CCACTACGTCTTCGTC.55	5	core_retained_singlet	mac_mono_supported	retain_for_current_mac_mono_analysis	core_clean_singlets	11	retain_after_residual_T_NK_removal
CCAGCGATCCTAGTGA.55	5	core_retained_singlet	mac_mono_supported	retain_for_current_mac_mono_analysis	core_clean_singlets	11	retain_after_residual_T_NK_removal
CCCAATCGTTAAGTAG.55	5	core_retained_singlet	mac_mono_supported	retain_for_current_mac_mono_analysis	core_clean_singlets	11	retain_after_residual_T_NK_removal
CCCAGTTCAATCACAC.55	5	core_retained_singlet	mac_mono_supported	retain_for_current_mac_mono_analysis	core_clean_singlets	11	retain_after_residual_T_NK_removal
CCGTGGAGTTGGAGGT.55	8	core_retained_singlet	mac_mono_supported	retain_for_current_mac_mono_analysis	core_clean_singlets	11	retain_after_residual_T_NK_removal
CCTATTATCCAATGGT.55	1	core_retained_singlet	mac_mono_supported	retain_for_current_mac_mono_analysis	core_clean_singlets	11	retain_after_residual_T_NK_removal
CCTCAGTGTGTTCTTT.55	5	core_retained_singlet	mac_mono_supported	retain_for_current_mac_mono_analysis	core_clean_singlets	11	retain_after_residual_T_NK_removal
CCTTCCCGTTCCACAA.55	5	core_retained_singlet	mac_mono_supported	retain_for_current_mac_mono_analysis	core_clean_singlets	11	retain_after_residual_T_NK_removal
CCTTCGAAGGCTCAGA.55	5	core_retained_singlet	mac_mono_supported	retain_for_current_mac_mono_analysis	core_clean_singlets	11	retain_after_residual_T_NK_removal
CCTTCGAGTCGCTTTC.55	5	core_retained_singlet	mac_mono_supported	retain_for_current_mac_mono_analysis	core_clean_singlets	11	retain_after_residual_T_NK_removal
CGAATGTCACCGATAT.55	5	core_retained_singlet	mac_mono_supported	retain_for_current_mac_mono_analysis	core_clean_singlets	11	retain_after_residual_T_NK_removal
CGACCTTAGAAACGAG.55	1	core_retained_singlet	mac_mono_supported	retain_for_current_mac_mono_analysis	core_clean_singlets	11	retain_after_residual_T_NK_removal
CGACTTCCATTAGGCT.55	5	core_retained_singlet	mac_mono_supported	retain_for_current_mac_mono_analysis	core_clean_singlets	11	retain_after_residual_T_NK_removal
CGCTATCCATCACCCT.55	5	core_retained_singlet	mac_mono_supported	retain_for_current_mac_mono_analysis	core_clean_singlets	11	retain_after_residual_T_NK_removal
CGGACTGCACGGCCAT.55	5	core_retained_singlet	mac_mono_supported	retain_for_current_mac_mono_analysis	core_clean_singlets	11	retain_after_residual_T_NK_removal
CGGAGTCGTGAGGGAG.55	1	core_retained_singlet	mac_mono_supported	retain_for_current_mac_mono_analysis	core_clean_singlets	11	retain_after_residual_T_NK_removal
CGGCTAGAGGTTACCT.55	1	core_retained_singlet	mac_mono_supported	retain_for_current_mac_mono_analysis	core_clean_singlets	11	retain_after_residual_T_NK_removal
CGGCTAGTCGAACTGT.55	1	core_retained_singlet	mac_mono_supported	retain_for_current_mac_mono_analysis	core_clean_singlets	11	retain_after_residual_T_NK_removal
CGTAGCGAGAGAACAG.55	1	core_retained_singlet	mac_mono_supported	retain_for_current_mac_mono_analysis	core_clean_singlets	11	retain_after_residual_T_NK_removal
CGTAGGCGTTCCACGG.55	5	core_retained_singlet	mac_mono_supported	retain_for_current_mac_mono_analysis	core_clean_singlets	11	retain_after_residual_T_NK_removal
CGTCACTGTGAGCGAT.55	1	core_retained_singlet	mac_mono_supported	retain_for_current_mac_mono_analysis	core_clean_singlets	11	retain_after_residual_T_NK_removal
CGTCTACTCTTGAGGT.55	8	core_retained_singlet	mac_mono_supported	retain_for_current_mac_mono_analysis	core_clean_singlets	11	retain_after_residual_T_NK_removal
CTAAGACCATGCTAGT.55	5	core_retained_singlet	mac_mono_supported	retain_for_current_mac_mono_analysis	core_clean_singlets	11	retain_after_residual_T_NK_removal
CTAATGGTCACGGTTA.55	1	core_retained_singlet	mac_mono_supported	retain_for_current_mac_mono_analysis	core_clean_singlets	11	retain_after_residual_T_NK_removal
CTACACCAGATCTGCT.55	5	core_retained_singlet	mac_mono_supported	retain_for_current_mac_mono_analysis	core_clean_singlets	11	retain_after_residual_T_NK_removal
CTACCCATCTACCAGA.55	8	core_retained_singlet	mac_mono_supported	retain_for_current_mac_mono_analysis	core_clean_singlets	11	retain_after_residual_T_NK_removal
CTCGAGGAGTCCAGGA.55	1	core_retained_singlet	mac_mono_supported	retain_for_current_mac_mono_analysis	core_clean_singlets	11	retain_after_residual_T_NK_removal
CTCGAGGCAATGAATG.55	5	core_retained_singlet	mac_mono_supported	retain_for_current_mac_mono_analysis	core_clean_singlets	11	retain_after_residual_T_NK_removal
CTCGGAGGTTTGTGTG.55	5	core_retained_singlet	mac_mono_supported	retain_for_current_mac_mono_analysis	core_clean_singlets	11	retain_after_residual_T_NK_removal
CTCGTCACAAGCCCAC.55	5	core_retained_singlet	mac_mono_supported	retain_for_current_mac_mono_analysis	core_clean_singlets	11	retain_after_residual_T_NK_removal
CTCTGGTGTCTCATCC.55	1	core_retained_singlet	mac_mono_supported	retain_for_current_mac_mono_analysis	core_clean_singlets	11	retain_after_residual_T_NK_removal
CTTAGGAGTGTTTGGT.55	1	core_retained_singlet	mac_mono_supported	retain_for_current_mac_mono_analysis	core_clean_singlets	11	retain_after_residual_T_NK_removal
CTTTGCGTCTAGCACA.55	5	core_retained_singlet	mac_mono_supported	retain_for_current_mac_mono_analysis	core_clean_singlets	11	retain_after_residual_T_NK_removal
GAACATCTCGGAAATA.55	8	core_retained_singlet	mac_mono_supported	retain_for_current_mac_mono_analysis	core_clean_singlets	11	retain_after_residual_T_NK_removal
GAAGCAGGTCTGATCA.55	5	core_retained_singlet	mac_mono_supported	retain_for_current_mac_mono_analysis	core_clean_singlets	11	retain_after_residual_T_NK_removal
GACCAATAGGGTCTCC.55	5	core_retained_singlet	mac_mono_supported	retain_for_current_mac_mono_analysis	core_clean_singlets	11	retain_after_residual_T_NK_removal
GACGGCTGTAAAGTCA.55	8	core_retained_singlet	mac_mono_supported	retain_for_current_mac_mono_analysis	core_clean_singlets	11	retain_after_residual_T_NK_removal
GACGTGCAGCGTGAAC.55	5	core_retained_singlet	mac_mono_supported	retain_for_current_mac_mono_analysis	core_clean_singlets	11	retain_after_residual_T_NK_removal
GACGTTAGTACGCTGC.55	5	core_retained_singlet	mac_mono_supported	retain_for_current_mac_mono_analysis	core_clean_singlets	11	retain_after_residual_T_NK_removal
GACTACAGTAAACACA.55	5	core_retained_singlet	mac_mono_supported	retain_for_current_mac_mono_analysis	core_clean_singlets	11	retain_after_residual_T_NK_removal
GACTGCGCAACAACCT.55	1	core_retained_singlet	mac_mono_supported	retain_for_current_mac_mono_analysis	core_clean_singlets	11	retain_after_residual_T_NK_removal
GATCAGTAGCAGCGTA.55	1	core_retained_singlet	mac_mono_supported	retain_for_current_mac_mono_analysis	core_clean_singlets	11	retain_after_residual_T_NK_removal
GATGAAAGTACAGCAG.55	5	core_retained_singlet	mac_mono_supported	retain_for_current_mac_mono_analysis	core_clean_singlets	11	retain_after_residual_T_NK_removal
GATGCTATCTGAAAGA.55	5	core_retained_singlet	mac_mono_supported	retain_for_current_mac_mono_analysis	core_clean_singlets	11	retain_after_residual_T_NK_removal
GCACATAAGGCTAGGT.55	5	core_retained_singlet	mac_mono_supported	retain_for_current_mac_mono_analysis	core_clean_singlets	11	retain_after_residual_T_NK_removal
GCCAAATTCGACAGCC.55	5	core_retained_singlet	mac_mono_supported	retain_for_current_mac_mono_analysis	core_clean_singlets	11	retain_after_residual_T_NK_removal
GCGAGAAGTGGCGAAT.55	5	core_retained_singlet	mac_mono_supported	retain_for_current_mac_mono_analysis	core_clean_singlets	11	retain_after_residual_T_NK_removal
GCGCAACAGCGAGAAA.55	5	core_retained_singlet	mac_mono_supported	retain_for_current_mac_mono_analysis	core_clean_singlets	11	retain_after_residual_T_NK_removal
GCGCAACCAGGATCGA.55	5	core_retained_singlet	mac_mono_supported	retain_for_current_mac_mono_analysis	core_clean_singlets	11	retain_after_residual_T_NK_removal
GGAAAGCCAGTCGATT.55	8	core_retained_singlet	mac_mono_supported	retain_for_current_mac_mono_analysis	core_clean_singlets	11	retain_after_residual_T_NK_removal
GGACATTCAATACGCT.55	5	core_retained_singlet	mac_mono_supported	retain_for_current_mac_mono_analysis	core_clean_singlets	11	retain_after_residual_T_NK_removal
GGATTACTCGCCTGAG.55	1	core_retained_singlet	mac_mono_supported	retain_for_current_mac_mono_analysis	core_clean_singlets	11	retain_after_residual_T_NK_removal
GGGAGATGTCTAGGTT.55	1	core_retained_singlet	mac_mono_supported	retain_for_current_mac_mono_analysis	core_clean_singlets	11	retain_after_residual_T_NK_removal
GGGAGATGTCTCGTTC.55	5	core_retained_singlet	mac_mono_supported	retain_for_current_mac_mono_analysis	core_clean_singlets	11	retain_after_residual_T_NK_removal
GGGCACTAGCACCGTC.55	8	core_retained_singlet	mac_mono_supported	retain_for_current_mac_mono_analysis	core_clean_singlets	11	retain_after_residual_T_NK_removal
GGGCACTGTAAAGTCA.55	5	core_retained_singlet	mac_mono_supported	retain_for_current_mac_mono_analysis	core_clean_singlets	11	retain_after_residual_T_NK_removal
GGTATTGGTTTGACTG.55	5	core_retained_singlet	mac_mono_supported	retain_for_current_mac_mono_analysis	core_clean_singlets	11	retain_after_residual_T_NK_removal
GGTGAAGGTGTGGTTT.55	1	core_retained_singlet	mac_mono_supported	retain_for_current_mac_mono_analysis	core_clean_singlets	11	retain_after_residual_T_NK_removal
GTATTCTCATGGGACA.55	5	core_retained_singlet	mac_mono_supported	retain_for_current_mac_mono_analysis	core_clean_singlets	11	retain_after_residual_T_NK_removal
GTCAAGTTCTTGTACT.55	5	core_retained_singlet	mac_mono_supported	retain_for_current_mac_mono_analysis	core_clean_singlets	11	retain_after_residual_T_NK_removal
GTGTTAGCAGGTTTCA.55	5	core_retained_singlet	mac_mono_supported	retain_for_current_mac_mono_analysis	core_clean_singlets	11	retain_after_residual_T_NK_removal
GTGTTAGTCGAGGTAG.55	5	core_retained_singlet	mac_mono_supported	retain_for_current_mac_mono_analysis	core_clean_singlets	11	retain_after_residual_T_NK_removal
GTTAAGCCAAATCCGT.55	5	core_retained_singlet	mac_mono_supported	retain_for_current_mac_mono_analysis	core_clean_singlets	11	retain_after_residual_T_NK_removal
GTTCTCGCACCAGGTC.55	5	core_retained_singlet	mac_mono_supported	retain_for_current_mac_mono_analysis	core_clean_singlets	11	retain_after_residual_T_NK_removal
GTTCTCGTCTTAACCT.55	5	core_retained_singlet	mac_mono_supported	retain_for_current_mac_mono_analysis	core_clean_singlets	11	retain_after_residual_T_NK_removal
TAAGAGAGTGATAAGT.55	1	core_retained_singlet	mac_mono_supported	retain_for_current_mac_mono_analysis	core_clean_singlets	11	retain_after_residual_T_NK_removal
TACACGATCTGGTATG.55	5	core_retained_singlet	mac_mono_supported	retain_for_current_mac_mono_analysis	core_clean_singlets	11	retain_after_residual_T_NK_removal
TACGGGCTCAACACCA.55	8	core_retained_singlet	mac_mono_supported	retain_for_current_mac_mono_analysis	core_clean_singlets	11	retain_after_residual_T_NK_removal
TAGCCGGAGTATCTCG.55	5	core_retained_singlet	mac_mono_supported	retain_for_current_mac_mono_analysis	core_clean_singlets	11	retain_after_residual_T_NK_removal
TATCAGGTCAGTTGAC.55	1	core_retained_singlet	mac_mono_supported	retain_for_current_mac_mono_analysis	core_clean_singlets	11	retain_after_residual_T_NK_removal
TATCTCAAGACTTGAA.55	8	core_retained_singlet	mac_mono_supported	retain_for_current_mac_mono_analysis	core_clean_singlets	11	retain_after_residual_T_NK_removal
TATGCCCGTTCGCGAC.55	5	core_retained_singlet	mac_mono_supported	retain_for_current_mac_mono_analysis	core_clean_singlets	11	retain_after_residual_T_NK_removal
TATTACCTCGCCAGCA.55	1	core_retained_singlet	mac_mono_supported	retain_for_current_mac_mono_analysis	core_clean_singlets	11	retain_after_residual_T_NK_removal
TCAATCTGTTGCTCCT.55	5	core_retained_singlet	mac_mono_supported	retain_for_current_mac_mono_analysis	core_clean_singlets	11	retain_after_residual_T_NK_removal
TCACGAACATCGATTG.55	5	core_retained_singlet	mac_mono_supported	retain_for_current_mac_mono_analysis	core_clean_singlets	11	retain_after_residual_T_NK_removal
TCCCGATTCCCAAGTA.55	1	core_retained_singlet	mac_mono_supported	retain_for_current_mac_mono_analysis	core_clean_singlets	11	retain_after_residual_T_NK_removal
TCGAGGCCACGAAATA.55	5	core_retained_singlet	mac_mono_supported	retain_for_current_mac_mono_analysis	core_clean_singlets	11	retain_after_residual_T_NK_removal
TCGCGTTAGGCTAGCA.55	5	core_retained_singlet	mac_mono_supported	retain_for_current_mac_mono_analysis	core_clean_singlets	11	retain_after_residual_T_NK_removal
TCTGAGAGTCGCATCG.55	5	core_retained_singlet	mac_mono_supported	retain_for_current_mac_mono_analysis	core_clean_singlets	11	retain_after_residual_T_NK_removal
TCTTTCCAGCGCTCCA.55	5	core_retained_singlet	mac_mono_supported	retain_for_current_mac_mono_analysis	core_clean_singlets	11	retain_after_residual_T_NK_removal
TGAGAGGGTGGGTCAA.55	5	core_retained_singlet	mac_mono_supported	retain_for_current_mac_mono_analysis	core_clean_singlets	11	retain_after_residual_T_NK_removal
TGAGGGAGTTGTCGCG.55	8	core_retained_singlet	mac_mono_supported	retain_for_current_mac_mono_analysis	core_clean_singlets	11	retain_after_residual_T_NK_removal
TGAGGGAGTTTACTCT.55	5	core_retained_singlet	mac_mono_supported	retain_for_current_mac_mono_analysis	core_clean_singlets	11	retain_after_residual_T_NK_removal
TGCACCTTCATCTGCC.55	5	core_retained_singlet	mac_mono_supported	retain_for_current_mac_mono_analysis	core_clean_singlets	11	retain_after_residual_T_NK_removal
TGGACGCAGATCGATA.55	5	core_retained_singlet	mac_mono_supported	retain_for_current_mac_mono_analysis	core_clean_singlets	11	retain_after_residual_T_NK_removal
TGGCGCAAGCTGCGAA.55	5	core_retained_singlet	mac_mono_supported	retain_for_current_mac_mono_analysis	core_clean_singlets	11	retain_after_residual_T_NK_removal
TGGTTAGTCATTATCC.55	1	core_retained_singlet	mac_mono_supported	retain_for_current_mac_mono_analysis	core_clean_singlets	11	retain_after_residual_T_NK_removal
TGGTTCCAGCAGCCTC.55	5	core_retained_singlet	mac_mono_supported	retain_for_current_mac_mono_analysis	core_clean_singlets	11	retain_after_residual_T_NK_removal
TGGTTCCGTAATCACC.55	5	core_retained_singlet	mac_mono_supported	retain_for_current_mac_mono_analysis	core_clean_singlets	11	retain_after_residual_T_NK_removal
TGTGTTTTCCCTAACC.55	5	core_retained_singlet	mac_mono_supported	retain_for_current_mac_mono_analysis	core_clean_singlets	11	retain_after_residual_T_NK_removal
TGTTCCGAGTCGCCGT.55	1	core_retained_singlet	mac_mono_supported	retain_for_current_mac_mono_analysis	core_clean_singlets	11	retain_after_residual_T_NK_removal
TTCTACAAGGTTACCT.55	5	core_retained_singlet	mac_mono_supported	retain_for_current_mac_mono_analysis	core_clean_singlets	11	retain_after_residual_T_NK_removal
TTCTCCTGTGGTACAG.55	5	core_retained_singlet	mac_mono_supported	retain_for_current_mac_mono_analysis	core_clean_singlets	11	retain_after_residual_T_NK_removal
TTCTTAGCATCCTAGA.55	5	core_retained_singlet	mac_mono_supported	retain_for_current_mac_mono_analysis	core_clean_singlets	11	retain_after_residual_T_NK_removal
TTCTTAGGTCGAACAG.55	5	core_retained_singlet	mac_mono_supported	retain_for_current_mac_mono_analysis	core_clean_singlets	11	retain_after_residual_T_NK_removal
TTGAACGTCTTTACAC.55	5	core_retained_singlet	mac_mono_supported	retain_for_current_mac_mono_analysis	core_clean_singlets	11	retain_after_residual_T_NK_removal
TTGACTTAGGTCGGAT.55	5	core_retained_singlet	mac_mono_supported	retain_for_current_mac_mono_analysis	core_clean_singlets	11	retain_after_residual_T_NK_removal
TTGCCGTTCTGAGTGT.55	5	core_retained_singlet	mac_mono_supported	retain_for_current_mac_mono_analysis	core_clean_singlets	11	retain_after_residual_T_NK_removal
TTTGTCAAGTGAATTG.55	5	core_retained_singlet	mac_mono_supported	retain_for_current_mac_mono_analysis	core_clean_singlets	11	retain_after_residual_T_NK_removal
AAATGCCAGCAGCGTA.60	8	core_retained_singlet	mac_mono_supported	retain_for_current_mac_mono_analysis	core_clean_singlets	11	retain_after_residual_T_NK_removal
AACGTTGTCGGACAAG.60	1	core_retained_singlet	mac_mono_supported	retain_for_current_mac_mono_analysis	core_clean_singlets	11	retain_after_residual_T_NK_removal
AAGACCTCACCCATTC.60	8	core_retained_singlet	mac_mono_supported	retain_for_current_mac_mono_analysis	core_clean_singlets	11	retain_after_residual_T_NK_removal
ACGATACGTTCGCGAC.60	8	core_retained_singlet	mac_mono_supported	retain_for_current_mac_mono_analysis	core_clean_singlets	11	retain_after_residual_T_NK_removal
ACGCAGCGTGTGGTTT.60	8	core_retained_singlet	mac_mono_supported	retain_for_current_mac_mono_analysis	core_clean_singlets	11	retain_after_residual_T_NK_removal
ACGCCAGTCCGCAGTG.60	8	core_retained_singlet	mac_mono_supported	retain_for_current_mac_mono_analysis	core_clean_singlets	11	retain_after_residual_T_NK_removal
ACGCCGAGTTGTACAC.60	8	core_retained_singlet	mac_mono_supported	retain_for_current_mac_mono_analysis	core_clean_singlets	11	retain_after_residual_T_NK_removal
ACGGAGATCTTGAGAC.60	8	core_retained_singlet	mac_mono_supported	retain_for_current_mac_mono_analysis	core_clean_singlets	11	retain_after_residual_T_NK_removal
ACGGGCTAGTTTCCTT.60	5	core_retained_singlet	mac_mono_supported	retain_for_current_mac_mono_analysis	core_clean_singlets	11	retain_after_residual_T_NK_removal
ACGGGTCCATTCTCAT.60	8	core_retained_singlet	mac_mono_supported	retain_for_current_mac_mono_analysis	core_clean_singlets	11	retain_after_residual_T_NK_removal
ACTGAACTCGTTACAG.60	5	core_retained_singlet	mac_mono_supported	retain_for_current_mac_mono_analysis	core_clean_singlets	11	retain_after_residual_T_NK_removal
ACTTTCACACCAACCG.60	8	core_retained_singlet	mac_mono_supported	retain_for_current_mac_mono_analysis	core_clean_singlets	11	retain_after_residual_T_NK_removal
AGCCTAATCCACTCCA.60	8	core_retained_singlet	mac_mono_supported	retain_for_current_mac_mono_analysis	core_clean_singlets	11	retain_after_residual_T_NK_removal
AGCTCCTGTCGCTTTC.60	5	core_retained_singlet	mac_mono_supported	retain_for_current_mac_mono_analysis	core_clean_singlets	11	retain_after_residual_T_NK_removal
AGGCCACCAATGAATG.60	5	core_retained_singlet	mac_mono_supported	retain_for_current_mac_mono_analysis	core_clean_singlets	11	retain_after_residual_T_NK_removal
AGTCTTTTCTGGTTCC.60	8	core_retained_singlet	mac_mono_supported	retain_for_current_mac_mono_analysis	core_clean_singlets	11	retain_after_residual_T_NK_removal
AGTGTCAGTGCAGGTA.60	8	core_retained_singlet	mac_mono_supported	retain_for_current_mac_mono_analysis	core_clean_singlets	11	retain_after_residual_T_NK_removal
AGTTGGTTCATCGATG.60	8	core_retained_singlet	mac_mono_supported	retain_for_current_mac_mono_analysis	core_clean_singlets	11	retain_after_residual_T_NK_removal
ATCACGATCCGCAAGC.60	8	core_retained_singlet	mac_mono_supported	retain_for_current_mac_mono_analysis	core_clean_singlets	11	retain_after_residual_T_NK_removal
ATGGGAGCACTGTGTA.60	5	core_retained_singlet	mac_mono_supported	retain_for_current_mac_mono_analysis	core_clean_singlets	11	retain_after_residual_T_NK_removal
ATTGGACAGTCTCAAC.60	8	core_retained_singlet	mac_mono_supported	retain_for_current_mac_mono_analysis	core_clean_singlets	11	retain_after_residual_T_NK_removal
ATTGGACCATATACCG.60	8	core_retained_singlet	mac_mono_supported	retain_for_current_mac_mono_analysis	core_clean_singlets	11	retain_after_residual_T_NK_removal
ATTTCTGGTTAAGATG.60	8	core_retained_singlet	mac_mono_supported	retain_for_current_mac_mono_analysis	core_clean_singlets	11	retain_after_residual_T_NK_removal
CAACTAGCATCACCCT.60	1	core_retained_singlet	mac_mono_supported	retain_for_current_mac_mono_analysis	core_clean_singlets	11	retain_after_residual_T_NK_removal
CAACTAGGTTGTCTTT.60	8	core_retained_singlet	mac_mono_supported	retain_for_current_mac_mono_analysis	core_clean_singlets	11	retain_after_residual_T_NK_removal
CACACTCAGAGCCTAG.60	8	core_retained_singlet	mac_mono_supported	retain_for_current_mac_mono_analysis	core_clean_singlets	11	retain_after_residual_T_NK_removal
CACAGTACATAGGATA.60	8	core_retained_singlet	mac_mono_supported	retain_for_current_mac_mono_analysis	core_clean_singlets	11	retain_after_residual_T_NK_removal
CACATAGAGTCAATAG.60	8	core_retained_singlet	mac_mono_supported	retain_for_current_mac_mono_analysis	core_clean_singlets	11	retain_after_residual_T_NK_removal
CACCAGGGTGGGTCAA.60	8	core_retained_singlet	mac_mono_supported	retain_for_current_mac_mono_analysis	core_clean_singlets	11	retain_after_residual_T_NK_removal
CACTCCACACCACCAG.60	8	core_retained_singlet	mac_mono_supported	retain_for_current_mac_mono_analysis	core_clean_singlets	11	retain_after_residual_T_NK_removal
CAGAGAGTCCGCGCAA.60	8	core_retained_singlet	mac_mono_supported	retain_for_current_mac_mono_analysis	core_clean_singlets	11	retain_after_residual_T_NK_removal
CAGAGAGTCGATGAGG.60	8	core_retained_singlet	mac_mono_supported	retain_for_current_mac_mono_analysis	core_clean_singlets	11	retain_after_residual_T_NK_removal
CAGATCACAGGTCCAC.60	1	core_retained_singlet	mac_mono_supported	retain_for_current_mac_mono_analysis	core_clean_singlets	11	retain_after_residual_T_NK_removal
CATCAAGAGCTAGTCT.60	8	core_retained_singlet	mac_mono_supported	retain_for_current_mac_mono_analysis	core_clean_singlets	11	retain_after_residual_T_NK_removal
CATCGGGCATTAGGCT.60	8	core_retained_singlet	mac_mono_supported	retain_for_current_mac_mono_analysis	core_clean_singlets	11	retain_after_residual_T_NK_removal
CATGCCTAGCAGGTCA.60	5	core_retained_singlet	mac_mono_supported	retain_for_current_mac_mono_analysis	core_clean_singlets	11	retain_after_residual_T_NK_removal
CATGCCTAGTTCCACA.60	8	core_retained_singlet	mac_mono_supported	retain_for_current_mac_mono_analysis	core_clean_singlets	11	retain_after_residual_T_NK_removal
CCACCTATCAGAAATG.60	8	core_retained_singlet	mac_mono_supported	retain_for_current_mac_mono_analysis	core_clean_singlets	11	retain_after_residual_T_NK_removal
CCACGGACAACGATCT.60	8	core_retained_singlet	mac_mono_supported	retain_for_current_mac_mono_analysis	core_clean_singlets	11	retain_after_residual_T_NK_removal
CCAGCGAAGAGGTACC.60	8	core_retained_singlet	mac_mono_supported	retain_for_current_mac_mono_analysis	core_clean_singlets	11	retain_after_residual_T_NK_removal
CCAGCGAGTTAAGACA.60	1	core_retained_singlet	mac_mono_supported	retain_for_current_mac_mono_analysis	core_clean_singlets	11	retain_after_residual_T_NK_removal
CCGTGGACATATACCG.60	8	core_retained_singlet	mac_mono_supported	retain_for_current_mac_mono_analysis	core_clean_singlets	11	retain_after_residual_T_NK_removal
CCTCAGTAGAATTCCC.60	5	core_retained_singlet	mac_mono_supported	retain_for_current_mac_mono_analysis	core_clean_singlets	11	retain_after_residual_T_NK_removal
CCTCTGATCGGCGGTT.60	8	core_retained_singlet	mac_mono_supported	retain_for_current_mac_mono_analysis	core_clean_singlets	11	retain_after_residual_T_NK_removal
CCTTACGGTCCGAATT.60	8	core_retained_singlet	mac_mono_supported	retain_for_current_mac_mono_analysis	core_clean_singlets	11	retain_after_residual_T_NK_removal
CGAACATTCACCATAG.60	8	core_retained_singlet	mac_mono_supported	retain_for_current_mac_mono_analysis	core_clean_singlets	11	retain_after_residual_T_NK_removal
CGACCTTTCCATGCTC.60	8	core_retained_singlet	mac_mono_supported	retain_for_current_mac_mono_analysis	core_clean_singlets	11	retain_after_residual_T_NK_removal
CGACTTCCAAGTAATG.60	8	core_retained_singlet	mac_mono_supported	retain_for_current_mac_mono_analysis	core_clean_singlets	11	retain_after_residual_T_NK_removal
CGAGAAGAGACTAGGC.60	8	core_retained_singlet	mac_mono_supported	retain_for_current_mac_mono_analysis	core_clean_singlets	11	retain_after_residual_T_NK_removal
CGAGCCAAGTTTGCGT.60	8	core_retained_singlet	mac_mono_supported	retain_for_current_mac_mono_analysis	core_clean_singlets	11	retain_after_residual_T_NK_removal
CGATCGGGTTAGATGA.60	8	core_retained_singlet	mac_mono_supported	retain_for_current_mac_mono_analysis	core_clean_singlets	11	retain_after_residual_T_NK_removal
CGCCAAGCAATACGCT.60	8	core_retained_singlet	mac_mono_supported	retain_for_current_mac_mono_analysis	core_clean_singlets	11	retain_after_residual_T_NK_removal
CGGACACAGCGTTTAC.60	8	core_retained_singlet	mac_mono_supported	retain_for_current_mac_mono_analysis	core_clean_singlets	11	retain_after_residual_T_NK_removal
CGGACTGCACACATGT.60	8	core_retained_singlet	mac_mono_supported	retain_for_current_mac_mono_analysis	core_clean_singlets	11	retain_after_residual_T_NK_removal
CGGCTAGAGTTACCCA.60	8	core_retained_singlet	mac_mono_supported	retain_for_current_mac_mono_analysis	core_clean_singlets	11	retain_after_residual_T_NK_removal
CGTGAGCTCATACGGT.60	8	core_retained_singlet	mac_mono_supported	retain_for_current_mac_mono_analysis	core_clean_singlets	11	retain_after_residual_T_NK_removal
CGTGTAAGTTCGCGAC.60	5	core_retained_singlet	mac_mono_supported	retain_for_current_mac_mono_analysis	core_clean_singlets	11	retain_after_residual_T_NK_removal
CTAATGGGTAGCGTGA.60	5	core_retained_singlet	mac_mono_supported	retain_for_current_mac_mono_analysis	core_clean_singlets	11	retain_after_residual_T_NK_removal
CTGATCCCAGACAGGT.60	8	core_retained_singlet	mac_mono_supported	retain_for_current_mac_mono_analysis	core_clean_singlets	11	retain_after_residual_T_NK_removal
CTGATCCTCCGAGCCA.60	5	core_retained_singlet	mac_mono_supported	retain_for_current_mac_mono_analysis	core_clean_singlets	11	retain_after_residual_T_NK_removal
CTTGGCTCAAGTTCTG.60	8	core_retained_singlet	mac_mono_supported	retain_for_current_mac_mono_analysis	core_clean_singlets	11	retain_after_residual_T_NK_removal
GAAACTCCATGACATC.60	8	core_retained_singlet	mac_mono_supported	retain_for_current_mac_mono_analysis	core_clean_singlets	11	retain_after_residual_T_NK_removal
GAAATGACACAGACAG.60	8	core_retained_singlet	mac_mono_supported	retain_for_current_mac_mono_analysis	core_clean_singlets	11	retain_after_residual_T_NK_removal
GAACATCCAGACGCCT.60	5	core_retained_singlet	mac_mono_supported	retain_for_current_mac_mono_analysis	core_clean_singlets	11	retain_after_residual_T_NK_removal
GAACCTAAGTTCCACA.60	8	core_retained_singlet	mac_mono_supported	retain_for_current_mac_mono_analysis	core_clean_singlets	11	retain_after_residual_T_NK_removal
GAAGCAGCATCCGGGT.60	8	core_retained_singlet	mac_mono_supported	retain_for_current_mac_mono_analysis	core_clean_singlets	11	retain_after_residual_T_NK_removal
GAATGAACACTGCCAG.60	8	core_retained_singlet	mac_mono_supported	retain_for_current_mac_mono_analysis	core_clean_singlets	11	retain_after_residual_T_NK_removal
GACCTGGTCAATAAGG.60	8	core_retained_singlet	mac_mono_supported	retain_for_current_mac_mono_analysis	core_clean_singlets	11	retain_after_residual_T_NK_removal
GACGTTAAGGCATGTG.60	8	core_retained_singlet	mac_mono_supported	retain_for_current_mac_mono_analysis	core_clean_singlets	11	retain_after_residual_T_NK_removal
GACGTTACATCGATGT.60	8	core_retained_singlet	mac_mono_supported	retain_for_current_mac_mono_analysis	core_clean_singlets	11	retain_after_residual_T_NK_removal
GACTGCGCAATGGTCT.60	5	core_retained_singlet	mac_mono_supported	retain_for_current_mac_mono_analysis	core_clean_singlets	11	retain_after_residual_T_NK_removal
GAGCAGATCGCCGTGA.60	8	core_retained_singlet	mac_mono_supported	retain_for_current_mac_mono_analysis	core_clean_singlets	11	retain_after_residual_T_NK_removal
GAGGTGATCAGCGATT.60	8	core_retained_singlet	mac_mono_supported	retain_for_current_mac_mono_analysis	core_clean_singlets	11	retain_after_residual_T_NK_removal
GATCAGTAGTGGGATC.60	8	core_retained_singlet	mac_mono_supported	retain_for_current_mac_mono_analysis	core_clean_singlets	11	retain_after_residual_T_NK_removal
GATGAGGAGTGGAGTC.60	8	core_retained_singlet	mac_mono_supported	retain_for_current_mac_mono_analysis	core_clean_singlets	11	retain_after_residual_T_NK_removal
GATGCTAGTGACCAAG.60	5	core_retained_singlet	mac_mono_supported	retain_for_current_mac_mono_analysis	core_clean_singlets	11	retain_after_residual_T_NK_removal
GCACATAAGAACTGTA.60	8	core_retained_singlet	mac_mono_supported	retain_for_current_mac_mono_analysis	core_clean_singlets	11	retain_after_residual_T_NK_removal
GCATGTAAGCTACCTA.60	8	core_retained_singlet	mac_mono_supported	retain_for_current_mac_mono_analysis	core_clean_singlets	11	retain_after_residual_T_NK_removal
GCATGTACAGTCACTA.60	8	core_retained_singlet	mac_mono_supported	retain_for_current_mac_mono_analysis	core_clean_singlets	11	retain_after_residual_T_NK_removal
GCTCCTACACATCTTT.60	8	core_retained_singlet	mac_mono_supported	retain_for_current_mac_mono_analysis	core_clean_singlets	11	retain_after_residual_T_NK_removal
GCTCCTACACCTCGTT.60	8	core_retained_singlet	mac_mono_supported	retain_for_current_mac_mono_analysis	core_clean_singlets	11	retain_after_residual_T_NK_removal
GCTCCTATCTGTCCGT.60	1	core_retained_singlet	mac_mono_supported	retain_for_current_mac_mono_analysis	core_clean_singlets	11	retain_after_residual_T_NK_removal
GCTCTGTAGTCAATAG.60	5	core_retained_singlet	mac_mono_supported	retain_for_current_mac_mono_analysis	core_clean_singlets	11	retain_after_residual_T_NK_removal
GCTGGGTCACCTATCC.60	8	core_retained_singlet	mac_mono_supported	retain_for_current_mac_mono_analysis	core_clean_singlets	11	retain_after_residual_T_NK_removal
GGCCGATTCACAGGCC.60	8	core_retained_singlet	mac_mono_supported	retain_for_current_mac_mono_analysis	core_clean_singlets	11	retain_after_residual_T_NK_removal
GGGCACTTCATAAAGG.60	8	core_retained_singlet	mac_mono_supported	retain_for_current_mac_mono_analysis	core_clean_singlets	11	retain_after_residual_T_NK_removal
GGGCATCCAGACGCCT.60	5	core_retained_singlet	mac_mono_supported	retain_for_current_mac_mono_analysis	core_clean_singlets	11	retain_after_residual_T_NK_removal
GGGTTGCCAAGCGTAG.60	8	core_retained_singlet	mac_mono_supported	retain_for_current_mac_mono_analysis	core_clean_singlets	11	retain_after_residual_T_NK_removal
GGTGCGTTCAGGCGAA.60	5	core_retained_singlet	mac_mono_supported	retain_for_current_mac_mono_analysis	core_clean_singlets	11	retain_after_residual_T_NK_removal
GTACTTTCAGTCTTCC.60	5	core_retained_singlet	mac_mono_supported	retain_for_current_mac_mono_analysis	core_clean_singlets	11	retain_after_residual_T_NK_removal
GTACTTTTCTAGCACA.60	8	core_retained_singlet	mac_mono_supported	retain_for_current_mac_mono_analysis	core_clean_singlets	11	retain_after_residual_T_NK_removal
GTATTCTTCACAAACC.60	8	core_retained_singlet	mac_mono_supported	retain_for_current_mac_mono_analysis	core_clean_singlets	11	retain_after_residual_T_NK_removal
GTCAAGTAGAGCTGCA.60	8	core_retained_singlet	mac_mono_supported	retain_for_current_mac_mono_analysis	core_clean_singlets	11	retain_after_residual_T_NK_removal
GTCAAGTTCGCGATCG.60	8	core_retained_singlet	mac_mono_supported	retain_for_current_mac_mono_analysis	core_clean_singlets	11	retain_after_residual_T_NK_removal
GTCACGGCAGATTGCT.60	8	core_retained_singlet	mac_mono_supported	retain_for_current_mac_mono_analysis	core_clean_singlets	11	retain_after_residual_T_NK_removal
GTCGGGTCAGGGATTG.60	8	core_retained_singlet	mac_mono_supported	retain_for_current_mac_mono_analysis	core_clean_singlets	11	retain_after_residual_T_NK_removal
GTCGTAAAGTACGCCC.60	8	core_retained_singlet	mac_mono_supported	retain_for_current_mac_mono_analysis	core_clean_singlets	11	retain_after_residual_T_NK_removal
GTCGTAAGTCGTGGCT.60	8	core_retained_singlet	mac_mono_supported	retain_for_current_mac_mono_analysis	core_clean_singlets	11	retain_after_residual_T_NK_removal
GTCGTAAGTTCTGAAC.60	8	core_retained_singlet	mac_mono_supported	retain_for_current_mac_mono_analysis	core_clean_singlets	11	retain_after_residual_T_NK_removal
GTCTCGTGTAACGACG.60	8	core_retained_singlet	mac_mono_supported	retain_for_current_mac_mono_analysis	core_clean_singlets	11	retain_after_residual_T_NK_removal
GTGTGCGCATAACCTG.60	8	core_retained_singlet	mac_mono_supported	retain_for_current_mac_mono_analysis	core_clean_singlets	11	retain_after_residual_T_NK_removal
GTTAAGCGTGAGCGAT.60	8	core_retained_singlet	mac_mono_supported	retain_for_current_mac_mono_analysis	core_clean_singlets	11	retain_after_residual_T_NK_removal
GTTTCTAAGCTAGTGG.60	8	core_retained_singlet	mac_mono_supported	retain_for_current_mac_mono_analysis	core_clean_singlets	11	retain_after_residual_T_NK_removal
TAAGAGAGTTCCGTCT.60	8	core_retained_singlet	mac_mono_supported	retain_for_current_mac_mono_analysis	core_clean_singlets	11	retain_after_residual_T_NK_removal
TACAGTGAGCCCAGCT.60	8	core_retained_singlet	mac_mono_supported	retain_for_current_mac_mono_analysis	core_clean_singlets	11	retain_after_residual_T_NK_removal
TACCTATAGGACAGAA.60	8	core_retained_singlet	mac_mono_supported	retain_for_current_mac_mono_analysis	core_clean_singlets	11	retain_after_residual_T_NK_removal
TACCTATCAAGGACTG.60	8	core_retained_singlet	mac_mono_supported	retain_for_current_mac_mono_analysis	core_clean_singlets	11	retain_after_residual_T_NK_removal
TACCTATTCCCGGATG.60	8	core_retained_singlet	mac_mono_supported	retain_for_current_mac_mono_analysis	core_clean_singlets	11	retain_after_residual_T_NK_removal
TACTTACAGTCTCGGC.60	5	core_retained_singlet	mac_mono_supported	retain_for_current_mac_mono_analysis	core_clean_singlets	11	retain_after_residual_T_NK_removal
TAGTGGTCATTAGCCA.60	8	core_retained_singlet	mac_mono_supported	retain_for_current_mac_mono_analysis	core_clean_singlets	11	retain_after_residual_T_NK_removal
TAGTTGGGTACAGCAG.60	8	core_retained_singlet	mac_mono_supported	retain_for_current_mac_mono_analysis	core_clean_singlets	11	retain_after_residual_T_NK_removal
TATCTCAAGTATTGGA.60	8	core_retained_singlet	mac_mono_supported	retain_for_current_mac_mono_analysis	core_clean_singlets	11	retain_after_residual_T_NK_removal
TATGCCCGTAGCCTCG.60	8	core_retained_singlet	mac_mono_supported	retain_for_current_mac_mono_analysis	core_clean_singlets	11	retain_after_residual_T_NK_removal
TATTACCAGTTTGCGT.60	1	core_retained_singlet	mac_mono_supported	retain_for_current_mac_mono_analysis	core_clean_singlets	11	retain_after_residual_T_NK_removal
TATTACCCACTCAGGC.60	8	core_retained_singlet	mac_mono_supported	retain_for_current_mac_mono_analysis	core_clean_singlets	11	retain_after_residual_T_NK_removal
TCAGCAAGTCTTCTCG.60	8	core_retained_singlet	mac_mono_supported	retain_for_current_mac_mono_analysis	core_clean_singlets	11	retain_after_residual_T_NK_removal
TCAGGATAGAAGGTTT.60	8	core_retained_singlet	mac_mono_supported	retain_for_current_mac_mono_analysis	core_clean_singlets	11	retain_after_residual_T_NK_removal
TCGAGGCCAGGTCTCG.60	8	core_retained_singlet	mac_mono_supported	retain_for_current_mac_mono_analysis	core_clean_singlets	11	retain_after_residual_T_NK_removal
TCGAGGCGTTGCGCAC.60	5	core_retained_singlet	mac_mono_supported	retain_for_current_mac_mono_analysis	core_clean_singlets	11	retain_after_residual_T_NK_removal
TCGTAGACATCGTCGG.60	8	core_retained_singlet	mac_mono_supported	retain_for_current_mac_mono_analysis	core_clean_singlets	11	retain_after_residual_T_NK_removal
TCGTAGAGTGAAATCA.60	8	core_retained_singlet	mac_mono_supported	retain_for_current_mac_mono_analysis	core_clean_singlets	11	retain_after_residual_T_NK_removal
TCGTAGAGTGCTAGCC.60	5	core_retained_singlet	mac_mono_supported	retain_for_current_mac_mono_analysis	core_clean_singlets	11	retain_after_residual_T_NK_removal
TGAAAGAAGCAACGGT.60	8	core_retained_singlet	mac_mono_supported	retain_for_current_mac_mono_analysis	core_clean_singlets	11	retain_after_residual_T_NK_removal
TGAGCATCAAAGAATC.60	8	core_retained_singlet	mac_mono_supported	retain_for_current_mac_mono_analysis	core_clean_singlets	11	retain_after_residual_T_NK_removal
TGCACCTGTGGAAAGA.60	8	core_retained_singlet	mac_mono_supported	retain_for_current_mac_mono_analysis	core_clean_singlets	11	retain_after_residual_T_NK_removal
TGCACCTGTTAGATGA.60	8	core_retained_singlet	mac_mono_supported	retain_for_current_mac_mono_analysis	core_clean_singlets	11	retain_after_residual_T_NK_removal
TGGCTGGTCTGCCAGG.60	8	core_retained_singlet	mac_mono_supported	retain_for_current_mac_mono_analysis	core_clean_singlets	11	retain_after_residual_T_NK_removal
TTATGCTGTTGAGGTG.60	5	core_retained_singlet	mac_mono_supported	retain_for_current_mac_mono_analysis	core_clean_singlets	11	retain_after_residual_T_NK_removal
TTCGAAGAGATCCCAT.60	5	core_retained_singlet	mac_mono_supported	retain_for_current_mac_mono_analysis	core_clean_singlets	11	retain_after_residual_T_NK_removal
TTTGGTTTCGCATGAT.60	8	core_retained_singlet	mac_mono_supported	retain_for_current_mac_mono_analysis	core_clean_singlets	11	retain_after_residual_T_NK_removal
